{"type":"FeatureCollection","features":[{"type":"Feature","id":"ST-WK-WI/WNIOSEK/6717/2026::300501_2.0002.136","geometry":{"type":"Polygon","coordinates":[[[16.4994270325944,52.2402278179008],[16.4996038402317,52.2402346498989],[16.499617316066,52.2401696719328],[16.4996888558907,52.2398335834917],[16.4996860600698,52.2398331695946],[16.4995228948805,52.2398140299882],[16.4994270325944,52.2402278179008]]]},"properties":{"case_id":"ST-WK-WI/WNIOSEK/6717/2026","source_type":"wniosek_decyzja","received_date":"2026-01-28","decision_date":"2026-03-24","status":"decyzja wydana","description":"rozbiórka budynku mieszkalnego jednorodzinnego oraz budynku gospodarczego","address":"Drużyń","city":"Drużyń","office":"Starosta Powiatu Grodzisk Wielkopolski","case_kind":"Budynek mieszkalny jednorodzinny","parcel_ids":["300501_2.0002.136"],"location_quality":"dokładny","gunb_url":"https://wyszukiwarka.gunb.gov.pl/","parcel_count":1,"parcel_shard":"x065-y208","parcel_id":"300501_2.0002.136","location_source":"powiat grodziski (wielkopolski) (wfs)"}},{"type":"Feature","id":"ST-WK-WI/WNIOSEK/1841/2026::300501_2.0002.218","geometry":{"type":"Polygon","coordinates":[[[16.4968352463957,52.2438007836106],[16.496700106946,52.2442440772835],[16.4975217690361,52.2441955859552],[16.4983428606081,52.2441494046896],[16.49987436661,52.2440470321972],[16.4999093040185,52.2440447516999],[16.5000397111938,52.243643064357],[16.4981744315919,52.2437010096635],[16.496846310533,52.2437426442267],[16.4968352463957,52.2438007836106]]]},"properties":{"case_id":"ST-WK-WI/WNIOSEK/1841/2026","source_type":"wniosek_decyzja","received_date":"2025-10-07","decision_date":"2026-02-03","status":"decyzja wydana","description":"Przebudowa budynku obory oraz budynku gospodarczego","address":"Drużyń","city":"Drużyń","office":"Starosta Powiatu Grodzisk Wielkopolski","case_kind":"Obiekt budowlany inny niż budynek mieszkalny jednorodzinny","parcel_ids":["300501_2.0002.218"],"location_quality":"dokładny","gunb_url":"https://wyszukiwarka.gunb.gov.pl/","parcel_count":1,"parcel_shard":"x065-y208","parcel_id":"300501_2.0002.218","location_source":"powiat grodziski (wielkopolski) (wfs)"}},{"type":"Feature","id":"ST-WK-WI/WNIOSEK/10248/2026::300501_2.0007.3/1","geometry":{"type":"Polygon","coordinates":[[[16.4898516295791,52.2255569586325],[16.4873732811447,52.2257048354968],[16.4864068589334,52.2257622872224],[16.4863042269646,52.2257687775939],[16.4862719357697,52.2259735900996],[16.4849366921943,52.228191132932],[16.4856924984456,52.2281624749603],[16.4864130344855,52.2281077404318],[16.4878620719187,52.2280046294137],[16.4884327794703,52.2279605800908],[16.4893268521674,52.2279347389604],[16.4899477677701,52.2278951720896],[16.4900079522127,52.2276860596935],[16.490089849246,52.2267571466844],[16.4901013986163,52.2263982712957],[16.4900458638018,52.2260248726512],[16.4901732083562,52.2258719888299],[16.4902450064051,52.2252230138679],[16.4902673135132,52.2243024930297],[16.4898516295791,52.2255569586325]]]},"properties":{"case_id":"ST-WK-WI/WNIOSEK/10248/2026","source_type":"wniosek_decyzja","received_date":"2026-04-30","decision_date":"2026-05-27","status":"decyzja wydana","description":"Budowa wiaty postojowej wraz z infrastrukturą","address":"Kotowo","city":"Kotowo","office":"Starosta Powiatu Grodzisk Wielkopolski","case_kind":"Obiekt budowlany inny niż budynek mieszkalny jednorodzinny","parcel_ids":["300501_2.0007.3/1"],"location_quality":"dokładny","gunb_url":"https://wyszukiwarka.gunb.gov.pl/","parcel_count":1,"parcel_shard":"x065-y208","parcel_id":"300501_2.0007.3/1","location_source":"powiat grodziski (wielkopolski) (wfs)"}},{"type":"Feature","id":"ST-WK-WI/WNIOSEK/1315/2026::300501_2.0007.7/5","geometry":{"type":"Polygon","coordinates":[[[16.4865389663992,52.2240172715493],[16.4870136170366,52.2240189142167],[16.4870725172692,52.2238980200503],[16.487410787064,52.2238921669075],[16.487451216388,52.2235303496438],[16.48745550932,52.2234832561619],[16.4866239384686,52.2234693708191],[16.4865389663992,52.2240172715493]]]},"properties":{"case_id":"ST-WK-WI/WNIOSEK/1315/2026","source_type":"wniosek_decyzja","received_date":"2025-12-12","decision_date":"2026-01-23","status":"decyzja wydana","description":"Budowa instalacji gazowej wewnętrznej i zewnętrznej do lokalu mieszkalnego w budynku mieszkalnym wielorodzinnym","address":"7, Kotowo","city":"Kotowo","office":"Starosta Powiatu Grodzisk Wielkopolski","case_kind":"Obiekt budowlany inny niż budynek mieszkalny jednorodzinny","parcel_ids":["300501_2.0007.7/5"],"location_quality":"dokładny","gunb_url":"https://wyszukiwarka.gunb.gov.pl/","parcel_count":1,"parcel_shard":"x065-y208","parcel_id":"300501_2.0007.7/5","location_source":"powiat grodziski (wielkopolski) (wfs)"}},{"type":"Feature","id":"ST-WK-WI/WNIOSEK/1126/2026::300502_4.0001.1091/4","geometry":{"type":"Polygon","coordinates":[[[16.3567320155247,52.2278425629986],[16.3566014577023,52.2278824842767],[16.3565859000586,52.2278883753105],[16.356705944143,52.2280726913982],[16.3568339588076,52.2280405833373],[16.3567320155247,52.2278425629986]]]},"properties":{"case_id":"ST-WK-WI/WNIOSEK/1126/2026","source_type":"wniosek_decyzja","received_date":"2025-12-01","decision_date":"2025-12-11","status":"decyzja wydana","description":"Zmiana decyzji BS.6740.347.2024 (nr 514/2024) w zakresie zmiany parametrów obiektu budynku uzdatniania wody i zmiany zagospodarowania terenu (wodny plac zabaw) oraz zmiana przebiegu instalacji zewnętrznych basenowych","address":"Grodzisk Wielkopolski","city":"Grodzisk Wielkopolski","office":"Starosta Powiatu Grodzisk Wielkopolski","case_kind":"Obiekt budowlany inny niż budynek mieszkalny jednorodzinny","parcel_ids":["300502_4.0001.1091/4","300502_4.0001.1091/5"],"location_quality":"dokładny","gunb_url":"https://wyszukiwarka.gunb.gov.pl/","parcel_count":2,"parcel_shard":"x065-y208","parcel_id":"300502_4.0001.1091/4","location_source":"powiat grodziski (wielkopolski) (wfs)"}},{"type":"Feature","id":"ST-WK-WI/WNIOSEK/1126/2026::300502_4.0001.1091/5","geometry":{"type":"Polygon","coordinates":[[[16.3563191167487,52.2281691871247],[16.3562856391716,52.2281010542762],[16.3564522850981,52.228070757424],[16.3564789538232,52.2281288947569],[16.356705944143,52.2280726913982],[16.3565859000586,52.2278883753105],[16.3566014577023,52.2278824842767],[16.3567320155247,52.2278425629986],[16.3566658735443,52.2276947043136],[16.3564633107168,52.2272983069584],[16.3563213166019,52.2270204414398],[16.3552657773651,52.2272416284171],[16.3549083539035,52.2273411646046],[16.354666667088,52.2274881999709],[16.3542616557112,52.2277950634413],[16.3536123175751,52.2281453130792],[16.3540152322391,52.2284731255431],[16.3544523896256,52.2282674760073],[16.3547509713356,52.2285599557742],[16.354835711904,52.2285823845139],[16.3553436717161,52.2284347127929],[16.355735750692,52.22832070645],[16.3558376939692,52.2282910466167],[16.3563191167487,52.2281691871247]]]},"properties":{"case_id":"ST-WK-WI/WNIOSEK/1126/2026","source_type":"wniosek_decyzja","received_date":"2025-12-01","decision_date":"2025-12-11","status":"decyzja wydana","description":"Zmiana decyzji BS.6740.347.2024 (nr 514/2024) w zakresie zmiany parametrów obiektu budynku uzdatniania wody i zmiany zagospodarowania terenu (wodny plac zabaw) oraz zmiana przebiegu instalacji zewnętrznych basenowych","address":"Grodzisk Wielkopolski","city":"Grodzisk Wielkopolski","office":"Starosta Powiatu Grodzisk Wielkopolski","case_kind":"Obiekt budowlany inny niż budynek mieszkalny jednorodzinny","parcel_ids":["300502_4.0001.1091/4","300502_4.0001.1091/5"],"location_quality":"dokładny","gunb_url":"https://wyszukiwarka.gunb.gov.pl/","parcel_count":2,"parcel_shard":"x065-y208","parcel_id":"300502_4.0001.1091/5","location_source":"powiat grodziski (wielkopolski) (wfs)"}},{"type":"Feature","id":"ST-WK-WI/WNIOSEK/10219/2026::300502_4.0001.1270/1","geometry":{"type":"Polygon","coordinates":[[[16.360864067362,52.2257701942927],[16.3609861839748,52.2258898844086],[16.3611178414626,52.2260058242501],[16.3612604642185,52.2259346485595],[16.3611658221848,52.2258630302396],[16.3611540810635,52.2257415624589],[16.3610524402573,52.2257501046814],[16.360864067362,52.2257701942927]]]},"properties":{"case_id":"ST-WK-WI/WNIOSEK/10219/2026","source_type":"wniosek_decyzja","received_date":"2026-03-08","decision_date":"2026-05-29","status":"decyzja wydana","description":"Przebudowa i zmiana sposobu użytkowania budynku handlowo-mieszkalnego na cele usługowo-mieszkalne (w zabudowie wielorodzinnej)","address":"Grodzisk Wielkopolski","city":"Grodzisk Wielkopolski","office":"Starosta Powiatu Grodzisk Wielkopolski","case_kind":"Obiekt budowlany inny niż budynek mieszkalny jednorodzinny","parcel_ids":["300502_4.0001.1270/1"],"location_quality":"dokładny","gunb_url":"https://wyszukiwarka.gunb.gov.pl/","parcel_count":1,"parcel_shard":"x065-y208","parcel_id":"300502_4.0001.1270/1","location_source":"powiat grodziski (wielkopolski) (wfs)"}},{"type":"Feature","id":"ST-WK-WI/WNIOSEK/16173/2026::300502_4.0001.1335","geometry":{"type":"Polygon","coordinates":[[[16.363362414464,52.2256297659127],[16.3632127203596,52.2253700516904],[16.3628535710375,52.2254486642641],[16.3630533995383,52.2256971839208],[16.3630639747393,52.2257130316203],[16.363362414464,52.2256297659127]]]},"properties":{"case_id":"ST-WK-WI/WNIOSEK/16173/2026","source_type":"wniosek_decyzja","received_date":"2026-08-10","decision_date":"2026-08-25","status":"decyzja wydana","description":"Budowa wewnętrznej instalacji gazowej w budynku mieszkalnym wielorodzinnym - lokale 1, 5 i 7 przy ul. Bukowskiej 4","address":"Grodzisk Wielkopolski","city":"Grodzisk Wielkopolski","office":"Starosta Powiatu Grodzisk Wielkopolski","case_kind":"Obiekt budowlany inny niż budynek mieszkalny jednorodzinny","parcel_ids":["300502_4.0001.1335"],"location_quality":"dokładny","gunb_url":"https://wyszukiwarka.gunb.gov.pl/","parcel_count":1,"parcel_shard":"x065-y208","parcel_id":"300502_4.0001.1335","location_source":"powiat grodziski (wielkopolski) (wfs)"}},{"type":"Feature","id":"ST-WK-WI/WNIOSEK/14265/2026::300502_4.0001.1484/1","geometry":{"type":"Polygon","coordinates":[[[16.3672263594082,52.2264527268687],[16.3673910593027,52.2268339108709],[16.3677502967625,52.2267640956087],[16.3677857026576,52.2267450409445],[16.367698319782,52.2265731327752],[16.367887060588,52.2265418887619],[16.3677879578998,52.2263499956614],[16.3675723907488,52.2263894039692],[16.3672263594082,52.2264527268687]]]},"properties":{"case_id":"ST-WK-WI/WNIOSEK/14265/2026","source_type":"wniosek_decyzja","received_date":"2026-05-27","decision_date":"2026-07-27","status":"decyzja wydana","description":"Rozbiórka magazynu zboża i komina","address":"Grodzisk Wielkopolski","city":"Grodzisk Wielkopolski","office":"Starosta Powiatu Grodzisk Wielkopolski","case_kind":"Obiekt budowlany inny niż budynek mieszkalny jednorodzinny","parcel_ids":["300502_4.0001.1484/1"],"location_quality":"dokładny","gunb_url":"https://wyszukiwarka.gunb.gov.pl/","parcel_count":1,"parcel_shard":"x065-y208","parcel_id":"300502_4.0001.1484/1","location_source":"powiat grodziski (wielkopolski) (wfs)"}},{"type":"Feature","id":"ST-WK-WI/WNIOSEK/1108/2026::300502_4.0001.1828","geometry":{"type":"Polygon","coordinates":[[[16.3543538322332,52.2248189148907],[16.3542924127414,52.2248317836768],[16.3545604006306,52.225203731471],[16.3548258400986,52.2251316346963],[16.3545962853899,52.2247680599886],[16.3543538322332,52.2248189148907]]]},"properties":{"case_id":"ST-WK-WI/WNIOSEK/1108/2026","source_type":"wniosek_decyzja","received_date":"2025-10-10","decision_date":"2025-11-21","status":"decyzja wydana","description":"Przebudowa i rozbudowa budynku mieszkalnego jednorodzinnego wraz z niezbędną infrastrukturą techniczną oraz rozbiórkę dwóch budynków gospodarczych i wiatrołapu","address":"Grodzisk Wielkopolski","city":"Grodzisk Wielkopolski","office":"Starosta Powiatu Grodzisk Wielkopolski","case_kind":"Budynek mieszkalny jednorodzinny","parcel_ids":["300502_4.0001.1828"],"location_quality":"dokładny","gunb_url":"https://wyszukiwarka.gunb.gov.pl/","parcel_count":1,"parcel_shard":"x065-y208","parcel_id":"300502_4.0001.1828","location_source":"powiat grodziski (wielkopolski) (wfs)"}},{"type":"Feature","id":"ST-WK-WI/WNIOSEK/9296/2026::300502_4.0001.1962/2","geometry":{"type":"Polygon","coordinates":[[[16.3691351190972,52.2243078248278],[16.3693108696566,52.2242696245309],[16.3692987152832,52.2242057742374],[16.3691072188659,52.224234945486],[16.3691351190972,52.2243078248278]]]},"properties":{"case_id":"ST-WK-WI/WNIOSEK/9296/2026","source_type":"wniosek_decyzja","received_date":"2026-02-04","decision_date":"2026-05-18","status":"decyzja wydana","description":"Budowa zespołu 4 budynków handlowo-usługowych wraz z parkingami, wiatą śmietnikową, 3 boksami stalowymi, podziemnymi zbiornikami retencyjnymi na wody opadowe, pylonem reklamowym oraz infrastrukturą techniczną","address":"Grodzisk Wielkopolski","city":"Grodzisk Wielkopolski","office":"Starosta Powiatu Grodzisk Wielkopolski","case_kind":"Obiekt budowlany inny niż budynek mieszkalny jednorodzinny","parcel_ids":["300502_4.0001.1962/2","300502_4.0001.1965/11","300502_4.0001.1965/16","300502_4.0001.1965/18","300502_4.0001.1965/19","300502_4.0001.1965/20","300502_4.0001.1965/7","300502_4.0001.1965/9","300502_4.0001.1966","300502_4.0001.1967/1","300502_4.0001.4138/7","300502_4.0001.4138/8"],"location_quality":"dokładny","gunb_url":"https://wyszukiwarka.gunb.gov.pl/","parcel_count":12,"parcel_shard":"x065-y208","parcel_id":"300502_4.0001.1962/2","location_source":"powiat grodziski (wielkopolski) (wfs)"}},{"type":"Feature","id":"ST-WK-WI/WNIOSEK/9296/2026::300502_4.0001.1965/11","geometry":{"type":"Polygon","coordinates":[[[16.3694315788466,52.2241678233404],[16.3694682923836,52.2242361409714],[16.369471327607,52.2242418115733],[16.3695652499055,52.2242266816745],[16.3695714050401,52.2242255289229],[16.3695287611546,52.2241467693532],[16.3694315788466,52.2241678233404]]]},"properties":{"case_id":"ST-WK-WI/WNIOSEK/9296/2026","source_type":"wniosek_decyzja","received_date":"2026-02-04","decision_date":"2026-05-18","status":"decyzja wydana","description":"Budowa zespołu 4 budynków handlowo-usługowych wraz z parkingami, wiatą śmietnikową, 3 boksami stalowymi, podziemnymi zbiornikami retencyjnymi na wody opadowe, pylonem reklamowym oraz infrastrukturą techniczną","address":"Grodzisk Wielkopolski","city":"Grodzisk Wielkopolski","office":"Starosta Powiatu Grodzisk Wielkopolski","case_kind":"Obiekt budowlany inny niż budynek mieszkalny jednorodzinny","parcel_ids":["300502_4.0001.1962/2","300502_4.0001.1965/11","300502_4.0001.1965/16","300502_4.0001.1965/18","300502_4.0001.1965/19","300502_4.0001.1965/20","300502_4.0001.1965/7","300502_4.0001.1965/9","300502_4.0001.1966","300502_4.0001.1967/1","300502_4.0001.4138/7","300502_4.0001.4138/8"],"location_quality":"dokładny","gunb_url":"https://wyszukiwarka.gunb.gov.pl/","parcel_count":12,"parcel_shard":"x065-y208","parcel_id":"300502_4.0001.1965/11","location_source":"powiat grodziski (wielkopolski) (wfs)"}},{"type":"Feature","id":"ST-WK-WI/WNIOSEK/9296/2026::300502_4.0001.1965/16","geometry":{"type":"Polygon","coordinates":[[[16.3697175328602,52.2239795254201],[16.3697927495772,52.2240897384938],[16.3698418537595,52.2240790778415],[16.3697867048725,52.2239664892439],[16.3697175328602,52.2239795254201]]]},"properties":{"case_id":"ST-WK-WI/WNIOSEK/9296/2026","source_type":"wniosek_decyzja","received_date":"2026-02-04","decision_date":"2026-05-18","status":"decyzja wydana","description":"Budowa zespołu 4 budynków handlowo-usługowych wraz z parkingami, wiatą śmietnikową, 3 boksami stalowymi, podziemnymi zbiornikami retencyjnymi na wody opadowe, pylonem reklamowym oraz infrastrukturą techniczną","address":"Grodzisk Wielkopolski","city":"Grodzisk Wielkopolski","office":"Starosta Powiatu Grodzisk Wielkopolski","case_kind":"Obiekt budowlany inny niż budynek mieszkalny jednorodzinny","parcel_ids":["300502_4.0001.1962/2","300502_4.0001.1965/11","300502_4.0001.1965/16","300502_4.0001.1965/18","300502_4.0001.1965/19","300502_4.0001.1965/20","300502_4.0001.1965/7","300502_4.0001.1965/9","300502_4.0001.1966","300502_4.0001.1967/1","300502_4.0001.4138/7","300502_4.0001.4138/8"],"location_quality":"dokładny","gunb_url":"https://wyszukiwarka.gunb.gov.pl/","parcel_count":12,"parcel_shard":"x065-y208","parcel_id":"300502_4.0001.1965/16","location_source":"powiat grodziski (wielkopolski) (wfs)"}},{"type":"Feature","id":"ST-WK-WI/WNIOSEK/9296/2026::300502_4.0001.1965/18","geometry":{"type":"Polygon","coordinates":[[[16.3694682923836,52.2242361409714],[16.369343117501,52.2242626062081],[16.369471327607,52.2242418115733],[16.3694682923836,52.2242361409714]]]},"properties":{"case_id":"ST-WK-WI/WNIOSEK/9296/2026","source_type":"wniosek_decyzja","received_date":"2026-02-04","decision_date":"2026-05-18","status":"decyzja wydana","description":"Budowa zespołu 4 budynków handlowo-usługowych wraz z parkingami, wiatą śmietnikową, 3 boksami stalowymi, podziemnymi zbiornikami retencyjnymi na wody opadowe, pylonem reklamowym oraz infrastrukturą techniczną","address":"Grodzisk Wielkopolski","city":"Grodzisk Wielkopolski","office":"Starosta Powiatu Grodzisk Wielkopolski","case_kind":"Obiekt budowlany inny niż budynek mieszkalny jednorodzinny","parcel_ids":["300502_4.0001.1962/2","300502_4.0001.1965/11","300502_4.0001.1965/16","300502_4.0001.1965/18","300502_4.0001.1965/19","300502_4.0001.1965/20","300502_4.0001.1965/7","300502_4.0001.1965/9","300502_4.0001.1966","300502_4.0001.1967/1","300502_4.0001.4138/7","300502_4.0001.4138/8"],"location_quality":"dokładny","gunb_url":"https://wyszukiwarka.gunb.gov.pl/","parcel_count":12,"parcel_shard":"x065-y208","parcel_id":"300502_4.0001.1965/18","location_source":"powiat grodziski (wielkopolski) (wfs)"}},{"type":"Feature","id":"ST-WK-WI/WNIOSEK/9296/2026::300502_4.0001.1965/19","geometry":{"type":"Polygon","coordinates":[[[16.3693078659255,52.2241945619302],[16.369343117501,52.2242626062081],[16.3694682923836,52.2242361409714],[16.3694315788466,52.2241678233404],[16.3693078659255,52.2241945619302]]]},"properties":{"case_id":"ST-WK-WI/WNIOSEK/9296/2026","source_type":"wniosek_decyzja","received_date":"2026-02-04","decision_date":"2026-05-18","status":"decyzja wydana","description":"Budowa zespołu 4 budynków handlowo-usługowych wraz z parkingami, wiatą śmietnikową, 3 boksami stalowymi, podziemnymi zbiornikami retencyjnymi na wody opadowe, pylonem reklamowym oraz infrastrukturą techniczną","address":"Grodzisk Wielkopolski","city":"Grodzisk Wielkopolski","office":"Starosta Powiatu Grodzisk Wielkopolski","case_kind":"Obiekt budowlany inny niż budynek mieszkalny jednorodzinny","parcel_ids":["300502_4.0001.1962/2","300502_4.0001.1965/11","300502_4.0001.1965/16","300502_4.0001.1965/18","300502_4.0001.1965/19","300502_4.0001.1965/20","300502_4.0001.1965/7","300502_4.0001.1965/9","300502_4.0001.1966","300502_4.0001.1967/1","300502_4.0001.4138/7","300502_4.0001.4138/8"],"location_quality":"dokładny","gunb_url":"https://wyszukiwarka.gunb.gov.pl/","parcel_count":12,"parcel_shard":"x065-y208","parcel_id":"300502_4.0001.1965/19","location_source":"powiat grodziski (wielkopolski) (wfs)"}},{"type":"Feature","id":"ST-WK-WI/WNIOSEK/9296/2026::300502_4.0001.1965/20","geometry":{"type":"Polygon","coordinates":[[[16.3693108696566,52.2242696245309],[16.369343117501,52.2242626062081],[16.3693078659255,52.2241945619302],[16.3692899517162,52.2241599098502],[16.3692987152832,52.2242057742374],[16.3693108696566,52.2242696245309]]]},"properties":{"case_id":"ST-WK-WI/WNIOSEK/9296/2026","source_type":"wniosek_decyzja","received_date":"2026-02-04","decision_date":"2026-05-18","status":"decyzja wydana","description":"Budowa zespołu 4 budynków handlowo-usługowych wraz z parkingami, wiatą śmietnikową, 3 boksami stalowymi, podziemnymi zbiornikami retencyjnymi na wody opadowe, pylonem reklamowym oraz infrastrukturą techniczną","address":"Grodzisk Wielkopolski","city":"Grodzisk Wielkopolski","office":"Starosta Powiatu Grodzisk Wielkopolski","case_kind":"Obiekt budowlany inny niż budynek mieszkalny jednorodzinny","parcel_ids":["300502_4.0001.1962/2","300502_4.0001.1965/11","300502_4.0001.1965/16","300502_4.0001.1965/18","300502_4.0001.1965/19","300502_4.0001.1965/20","300502_4.0001.1965/7","300502_4.0001.1965/9","300502_4.0001.1966","300502_4.0001.1967/1","300502_4.0001.4138/7","300502_4.0001.4138/8"],"location_quality":"dokładny","gunb_url":"https://wyszukiwarka.gunb.gov.pl/","parcel_count":12,"parcel_shard":"x065-y208","parcel_id":"300502_4.0001.1965/20","location_source":"powiat grodziski (wielkopolski) (wfs)"}},{"type":"Feature","id":"ST-WK-WI/WNIOSEK/9296/2026::300502_4.0001.1965/7","geometry":{"type":"Polygon","coordinates":[[[16.3697927495772,52.2240897384938],[16.3696622946724,52.2241178983967],[16.3697097352471,52.2242016139275],[16.3697446411711,52.2242775671505],[16.3699238558218,52.2242464757583],[16.3698418537595,52.2240790778415],[16.3697927495772,52.2240897384938]]]},"properties":{"case_id":"ST-WK-WI/WNIOSEK/9296/2026","source_type":"wniosek_decyzja","received_date":"2026-02-04","decision_date":"2026-05-18","status":"decyzja wydana","description":"Budowa zespołu 4 budynków handlowo-usługowych wraz z parkingami, wiatą śmietnikową, 3 boksami stalowymi, podziemnymi zbiornikami retencyjnymi na wody opadowe, pylonem reklamowym oraz infrastrukturą techniczną","address":"Grodzisk Wielkopolski","city":"Grodzisk Wielkopolski","office":"Starosta Powiatu Grodzisk Wielkopolski","case_kind":"Obiekt budowlany inny niż budynek mieszkalny jednorodzinny","parcel_ids":["300502_4.0001.1962/2","300502_4.0001.1965/11","300502_4.0001.1965/16","300502_4.0001.1965/18","300502_4.0001.1965/19","300502_4.0001.1965/20","300502_4.0001.1965/7","300502_4.0001.1965/9","300502_4.0001.1966","300502_4.0001.1967/1","300502_4.0001.4138/7","300502_4.0001.4138/8"],"location_quality":"dokładny","gunb_url":"https://wyszukiwarka.gunb.gov.pl/","parcel_count":12,"parcel_shard":"x065-y208","parcel_id":"300502_4.0001.1965/7","location_source":"powiat grodziski (wielkopolski) (wfs)"}},{"type":"Feature","id":"ST-WK-WI/WNIOSEK/9296/2026::300502_4.0001.1965/9","geometry":{"type":"Polygon","coordinates":[[[16.3697097352471,52.2242016139275],[16.3696622946724,52.2241178983967],[16.3695287611546,52.2241467693532],[16.3695714050401,52.2242255289229],[16.3697097352471,52.2242016139275]]]},"properties":{"case_id":"ST-WK-WI/WNIOSEK/9296/2026","source_type":"wniosek_decyzja","received_date":"2026-02-04","decision_date":"2026-05-18","status":"decyzja wydana","description":"Budowa zespołu 4 budynków handlowo-usługowych wraz z parkingami, wiatą śmietnikową, 3 boksami stalowymi, podziemnymi zbiornikami retencyjnymi na wody opadowe, pylonem reklamowym oraz infrastrukturą techniczną","address":"Grodzisk Wielkopolski","city":"Grodzisk Wielkopolski","office":"Starosta Powiatu Grodzisk Wielkopolski","case_kind":"Obiekt budowlany inny niż budynek mieszkalny jednorodzinny","parcel_ids":["300502_4.0001.1962/2","300502_4.0001.1965/11","300502_4.0001.1965/16","300502_4.0001.1965/18","300502_4.0001.1965/19","300502_4.0001.1965/20","300502_4.0001.1965/7","300502_4.0001.1965/9","300502_4.0001.1966","300502_4.0001.1967/1","300502_4.0001.4138/7","300502_4.0001.4138/8"],"location_quality":"dokładny","gunb_url":"https://wyszukiwarka.gunb.gov.pl/","parcel_count":12,"parcel_shard":"x065-y208","parcel_id":"300502_4.0001.1965/9","location_source":"powiat grodziski (wielkopolski) (wfs)"}},{"type":"Feature","id":"ST-WK-WI/WNIOSEK/9296/2026::300502_4.0001.1966","geometry":{"type":"Polygon","coordinates":[[[16.3713261608882,52.2242283118312],[16.3714487620687,52.2244119572721],[16.3714621054953,52.224431752646],[16.3714504121171,52.2240047658028],[16.3712669050159,52.2240579520582],[16.3712212165913,52.2240714261627],[16.3713054486057,52.2241973629339],[16.3713261608882,52.2242283118312]]]},"properties":{"case_id":"ST-WK-WI/WNIOSEK/9296/2026","source_type":"wniosek_decyzja","received_date":"2026-02-04","decision_date":"2026-05-18","status":"decyzja wydana","description":"Budowa zespołu 4 budynków handlowo-usługowych wraz z parkingami, wiatą śmietnikową, 3 boksami stalowymi, podziemnymi zbiornikami retencyjnymi na wody opadowe, pylonem reklamowym oraz infrastrukturą techniczną","address":"Grodzisk Wielkopolski","city":"Grodzisk Wielkopolski","office":"Starosta Powiatu Grodzisk Wielkopolski","case_kind":"Obiekt budowlany inny niż budynek mieszkalny jednorodzinny","parcel_ids":["300502_4.0001.1962/2","300502_4.0001.1965/11","300502_4.0001.1965/16","300502_4.0001.1965/18","300502_4.0001.1965/19","300502_4.0001.1965/20","300502_4.0001.1965/7","300502_4.0001.1965/9","300502_4.0001.1966","300502_4.0001.1967/1","300502_4.0001.4138/7","300502_4.0001.4138/8"],"location_quality":"dokładny","gunb_url":"https://wyszukiwarka.gunb.gov.pl/","parcel_count":12,"parcel_shard":"x065-y208","parcel_id":"300502_4.0001.1966","location_source":"powiat grodziski (wielkopolski) (wfs)"}},{"type":"Feature","id":"ST-WK-WI/WNIOSEK/9296/2026::300502_4.0001.1967/1","geometry":{"type":"Polygon","coordinates":[[[16.3714504121171,52.2240047658028],[16.3714621054953,52.224431752646],[16.3717415197598,52.2248499726227],[16.3725127808913,52.224592208277],[16.37252345477,52.2245720109779],[16.3725453939785,52.224530719019],[16.3725399714607,52.2245099415998],[16.3720025999212,52.2238091426191],[16.3714504121171,52.2240047658028]]]},"properties":{"case_id":"ST-WK-WI/WNIOSEK/9296/2026","source_type":"wniosek_decyzja","received_date":"2026-02-04","decision_date":"2026-05-18","status":"decyzja wydana","description":"Budowa zespołu 4 budynków handlowo-usługowych wraz z parkingami, wiatą śmietnikową, 3 boksami stalowymi, podziemnymi zbiornikami retencyjnymi na wody opadowe, pylonem reklamowym oraz infrastrukturą techniczną","address":"Grodzisk Wielkopolski","city":"Grodzisk Wielkopolski","office":"Starosta Powiatu Grodzisk Wielkopolski","case_kind":"Obiekt budowlany inny niż budynek mieszkalny jednorodzinny","parcel_ids":["300502_4.0001.1962/2","300502_4.0001.1965/11","300502_4.0001.1965/16","300502_4.0001.1965/18","300502_4.0001.1965/19","300502_4.0001.1965/20","300502_4.0001.1965/7","300502_4.0001.1965/9","300502_4.0001.1966","300502_4.0001.1967/1","300502_4.0001.4138/7","300502_4.0001.4138/8"],"location_quality":"dokładny","gunb_url":"https://wyszukiwarka.gunb.gov.pl/","parcel_count":12,"parcel_shard":"x065-y208","parcel_id":"300502_4.0001.1967/1","location_source":"powiat grodziski (wielkopolski) (wfs)"}},{"type":"Feature","id":"ST-WK-WI/WNIOSEK/9296/2026::300502_4.0001.4138/7","geometry":{"type":"Polygon","coordinates":[[[16.3714487620687,52.2244119572721],[16.3713261608882,52.2242283118312],[16.3713054486057,52.2241973629339],[16.3711931778293,52.2242349803939],[16.3711825451931,52.2242794164998],[16.3713344619195,52.2244502276284],[16.3714487620687,52.2244119572721]]]},"properties":{"case_id":"ST-WK-WI/WNIOSEK/9296/2026","source_type":"wniosek_decyzja","received_date":"2026-02-04","decision_date":"2026-05-18","status":"decyzja wydana","description":"Budowa zespołu 4 budynków handlowo-usługowych wraz z parkingami, wiatą śmietnikową, 3 boksami stalowymi, podziemnymi zbiornikami retencyjnymi na wody opadowe, pylonem reklamowym oraz infrastrukturą techniczną","address":"Grodzisk Wielkopolski","city":"Grodzisk Wielkopolski","office":"Starosta Powiatu Grodzisk Wielkopolski","case_kind":"Obiekt budowlany inny niż budynek mieszkalny jednorodzinny","parcel_ids":["300502_4.0001.1962/2","300502_4.0001.1965/11","300502_4.0001.1965/16","300502_4.0001.1965/18","300502_4.0001.1965/19","300502_4.0001.1965/20","300502_4.0001.1965/7","300502_4.0001.1965/9","300502_4.0001.1966","300502_4.0001.1967/1","300502_4.0001.4138/7","300502_4.0001.4138/8"],"location_quality":"dokładny","gunb_url":"https://wyszukiwarka.gunb.gov.pl/","parcel_count":12,"parcel_shard":"x065-y208","parcel_id":"300502_4.0001.4138/7","location_source":"powiat grodziski (wielkopolski) (wfs)"}},{"type":"Feature","id":"ST-WK-WI/WNIOSEK/9296/2026::300502_4.0001.4138/8","geometry":{"type":"Polygon","coordinates":[[[16.3717415197598,52.2248499726227],[16.3714621054953,52.224431752646],[16.3714487620687,52.2244119572721],[16.3713344619195,52.2244502276284],[16.3711825451931,52.2242794164998],[16.3711931778293,52.2242349803939],[16.3713054486057,52.2241973629339],[16.3712212165913,52.2240714261627],[16.3708978485485,52.2236181253703],[16.3707058538143,52.223671319483],[16.3706103641899,52.2236977756972],[16.3705142919817,52.2237243284868],[16.370454737694,52.2237390419148],[16.3704553505984,52.2237399336372],[16.3703555292383,52.2237635636738],[16.3701923451005,52.2237780421358],[16.3700726650163,52.223812688519],[16.369861756041,52.223864842462],[16.3697490371444,52.2238926664545],[16.3697867048725,52.2239664892439],[16.3698418537595,52.2240790778415],[16.3699238558218,52.2242464757583],[16.3697446411711,52.2242775671505],[16.3697097352471,52.2242016139275],[16.3695714050401,52.2242255289229],[16.3695652499055,52.2242266816745],[16.369471327607,52.2242418115733],[16.369343117501,52.2242626062081],[16.3693108696566,52.2242696245309],[16.3691351190972,52.2243078248278],[16.3691607203139,52.2243744062414],[16.3686520034713,52.2244534583778],[16.3686698932485,52.2246639279634],[16.3686827467175,52.2246893987996],[16.3687136566847,52.2247070060238],[16.3688565571421,52.224764720456],[16.3689462177429,52.2247738493747],[16.3692600911674,52.2247836928775],[16.3692045268942,52.224452397848],[16.3694138642643,52.2244251610657],[16.3696411275813,52.2243811773065],[16.3696939392138,52.2244802451607],[16.3699728776021,52.2244888720146],[16.3699539092716,52.224723778003],[16.3706714529395,52.224745197693],[16.3706873750774,52.2245445725728],[16.3710587461486,52.2245557185939],[16.3710362814766,52.2248384834176],[16.3711575027667,52.224842063891],[16.3717227043028,52.2248568426984],[16.3717415197598,52.2248499726227]]]},"properties":{"case_id":"ST-WK-WI/WNIOSEK/9296/2026","source_type":"wniosek_decyzja","received_date":"2026-02-04","decision_date":"2026-05-18","status":"decyzja wydana","description":"Budowa zespołu 4 budynków handlowo-usługowych wraz z parkingami, wiatą śmietnikową, 3 boksami stalowymi, podziemnymi zbiornikami retencyjnymi na wody opadowe, pylonem reklamowym oraz infrastrukturą techniczną","address":"Grodzisk Wielkopolski","city":"Grodzisk Wielkopolski","office":"Starosta Powiatu Grodzisk Wielkopolski","case_kind":"Obiekt budowlany inny niż budynek mieszkalny jednorodzinny","parcel_ids":["300502_4.0001.1962/2","300502_4.0001.1965/11","300502_4.0001.1965/16","300502_4.0001.1965/18","300502_4.0001.1965/19","300502_4.0001.1965/20","300502_4.0001.1965/7","300502_4.0001.1965/9","300502_4.0001.1966","300502_4.0001.1967/1","300502_4.0001.4138/7","300502_4.0001.4138/8"],"location_quality":"dokładny","gunb_url":"https://wyszukiwarka.gunb.gov.pl/","parcel_count":12,"parcel_shard":"x065-y208","parcel_id":"300502_4.0001.4138/8","location_source":"powiat grodziski (wielkopolski) (wfs)"}},{"type":"Feature","id":"ST-WK-WI/WNIOSEK/2005/2026::300502_4.0001.197/18","geometry":{"type":"Polygon","coordinates":[[[16.3479653186421,52.2363360588426],[16.3483381041199,52.2359944683599],[16.3483286040087,52.2359714797231],[16.3481191244794,52.2354647745921],[16.3480207831138,52.2352276583964],[16.3475196628494,52.2353057828919],[16.3475926260239,52.2354826419433],[16.3478293321832,52.2360326402101],[16.3479653186421,52.2363360588426]]]},"properties":{"case_id":"ST-WK-WI/WNIOSEK/2005/2026","source_type":"wniosek_decyzja","received_date":"2025-09-15","decision_date":"2025-10-22","status":"decyzja wydana","description":"Budowa 53 budynków garażowych w zabudowie szeregowej ETAP 2 - budowa 23 budynków garażowych w zabudowie szeregowej","address":"Grodzisk Wielkopolski","city":"Grodzisk Wielkopolski","office":"Starosta Powiatu Grodzisk Wielkopolski","case_kind":"Obiekt budowlany inny niż budynek mieszkalny jednorodzinny","parcel_ids":["300502_4.0001.197/18"],"location_quality":"dokładny","gunb_url":"https://wyszukiwarka.gunb.gov.pl/","parcel_count":1,"parcel_shard":"x065-y208","parcel_id":"300502_4.0001.197/18","location_source":"powiat grodziski (wielkopolski) (wfs)"}},{"type":"Feature","id":"ST-WK-WI/WNIOSEK/1115/2026::300502_4.0001.197/18","geometry":{"type":"Polygon","coordinates":[[[16.3479653186421,52.2363360588426],[16.3483381041199,52.2359944683599],[16.3483286040087,52.2359714797231],[16.3481191244794,52.2354647745921],[16.3480207831138,52.2352276583964],[16.3475196628494,52.2353057828919],[16.3475926260239,52.2354826419433],[16.3478293321832,52.2360326402101],[16.3479653186421,52.2363360588426]]]},"properties":{"case_id":"ST-WK-WI/WNIOSEK/1115/2026","source_type":"wniosek_decyzja","received_date":"2025-09-15","decision_date":"2025-10-22","status":"decyzja wydana","description":"Budowa 53 budynków garażowych w zabudowie szeregowej ETAP 1 - budowa 23 budynków garażowych w zabudowie szeregowej","address":"Grodzisk Wielkopolski","city":"Grodzisk Wielkopolski","office":"Starosta Powiatu Grodzisk Wielkopolski","case_kind":"Obiekt budowlany inny niż budynek mieszkalny jednorodzinny","parcel_ids":["300502_4.0001.197/18"],"location_quality":"dokładny","gunb_url":"https://wyszukiwarka.gunb.gov.pl/","parcel_count":1,"parcel_shard":"x065-y208","parcel_id":"300502_4.0001.197/18","location_source":"powiat grodziski (wielkopolski) (wfs)"}},{"type":"Feature","id":"ST-WK-WI/WNIOSEK/15763/2026::300502_4.0001.2039/2","geometry":{"type":"Polygon","coordinates":[[[16.3632318821904,52.2237220327789],[16.3633025132073,52.2242602754983],[16.3633317063343,52.224483449729],[16.3633466822942,52.2244978706249],[16.3635924136074,52.2246909583989],[16.3639043393611,52.2246035025136],[16.3636970795765,52.2243500219656],[16.3636103735411,52.2241888994282],[16.3635989040411,52.2241118370096],[16.3635298174137,52.2240486466938],[16.3635236000405,52.223931688604],[16.3635822871979,52.2238688314342],[16.3635947728852,52.2237352034714],[16.3632318821904,52.2237220327789]]]},"properties":{"case_id":"ST-WK-WI/WNIOSEK/15763/2026","source_type":"wniosek_decyzja","received_date":"2025-11-21","decision_date":"2026-08-18","status":"decyzja wydana","description":"Budowa budynku garażowego i wiaty rekreacyjnej","address":"Grodzisk Wielkopolski","city":"Grodzisk Wielkopolski","office":"Starosta Powiatu Grodzisk Wielkopolski","case_kind":"Obiekt budowlany inny niż budynek mieszkalny jednorodzinny","parcel_ids":["300502_4.0001.2039/2","300502_4.0001.2043","300502_4.0001.2046"],"location_quality":"dokładny","gunb_url":"https://wyszukiwarka.gunb.gov.pl/","parcel_count":3,"parcel_shard":"x065-y208","parcel_id":"300502_4.0001.2039/2","location_source":"powiat grodziski (wielkopolski) (wfs)"}},{"type":"Feature","id":"ST-WK-WI/WNIOSEK/15763/2026::300502_4.0001.2043","geometry":{"type":"Polygon","coordinates":[[[16.3637324381452,52.2235958795203],[16.3637370939335,52.223748338178],[16.3639077643554,52.2237468053239],[16.3640715625692,52.2237442656661],[16.3640514658404,52.2235809805132],[16.3640243383529,52.2235882805175],[16.3637324381452,52.2235958795203]]]},"properties":{"case_id":"ST-WK-WI/WNIOSEK/15763/2026","source_type":"wniosek_decyzja","received_date":"2025-11-21","decision_date":"2026-08-18","status":"decyzja wydana","description":"Budowa budynku garażowego i wiaty rekreacyjnej","address":"Grodzisk Wielkopolski","city":"Grodzisk Wielkopolski","office":"Starosta Powiatu Grodzisk Wielkopolski","case_kind":"Obiekt budowlany inny niż budynek mieszkalny jednorodzinny","parcel_ids":["300502_4.0001.2039/2","300502_4.0001.2043","300502_4.0001.2046"],"location_quality":"dokładny","gunb_url":"https://wyszukiwarka.gunb.gov.pl/","parcel_count":3,"parcel_shard":"x065-y208","parcel_id":"300502_4.0001.2043","location_source":"powiat grodziski (wielkopolski) (wfs)"}},{"type":"Feature","id":"ST-WK-WI/WNIOSEK/15763/2026::300502_4.0001.2046","geometry":{"type":"Polygon","coordinates":[[[16.3640715625692,52.2237442656661],[16.3641139960375,52.2237459941019],[16.3643837617689,52.2237433704975],[16.3643154736032,52.2235217139369],[16.3641998182381,52.2235259071932],[16.3640224193019,52.2235269733738],[16.3640243383529,52.2235882805175],[16.3640514658404,52.2235809805132],[16.3640715625692,52.2237442656661]]]},"properties":{"case_id":"ST-WK-WI/WNIOSEK/15763/2026","source_type":"wniosek_decyzja","received_date":"2025-11-21","decision_date":"2026-08-18","status":"decyzja wydana","description":"Budowa budynku garażowego i wiaty rekreacyjnej","address":"Grodzisk Wielkopolski","city":"Grodzisk Wielkopolski","office":"Starosta Powiatu Grodzisk Wielkopolski","case_kind":"Obiekt budowlany inny niż budynek mieszkalny jednorodzinny","parcel_ids":["300502_4.0001.2039/2","300502_4.0001.2043","300502_4.0001.2046"],"location_quality":"dokładny","gunb_url":"https://wyszukiwarka.gunb.gov.pl/","parcel_count":3,"parcel_shard":"x065-y208","parcel_id":"300502_4.0001.2046","location_source":"powiat grodziski (wielkopolski) (wfs)"}},{"type":"Feature","id":"ST-WK-WI/WNIOSEK/12898/2026::300502_4.0001.2101","geometry":{"type":"Polygon","coordinates":[[[16.3659357710634,52.222700412846],[16.3656882378276,52.2227274558247],[16.3657194390614,52.2228089730163],[16.3657531959608,52.2229020022073],[16.3657868977855,52.2229817282299],[16.3658010551532,52.2230302132795],[16.3658421925394,52.2231568789456],[16.3659204144833,52.2231473740834],[16.3659208430842,52.2231489032507],[16.365986612834,52.2231410738998],[16.3659860378792,52.2231395443521],[16.3660668972833,52.223129596809],[16.3660100422785,52.2229470715066],[16.3659357710634,52.222700412846]]]},"properties":{"case_id":"ST-WK-WI/WNIOSEK/12898/2026","source_type":"wniosek_decyzja","received_date":"2026-02-26","decision_date":"2026-04-01","status":"decyzja wydana","description":"Budowa wewnętrznej instalacji gazowej w budynku mieszkalnym wielorodzinnym w m. Grodzisk Wielkopolski","address":"Stary Rynek 13, Grodzisk Wielkopolski","city":"Grodzisk Wielkopolski","office":"Starosta Powiatu Grodzisk Wielkopolski","case_kind":"Obiekt budowlany inny niż budynek mieszkalny jednorodzinny","parcel_ids":["300502_4.0001.2101"],"location_quality":"dokładny","gunb_url":"https://wyszukiwarka.gunb.gov.pl/","parcel_count":1,"parcel_shard":"x065-y208","parcel_id":"300502_4.0001.2101","location_source":"powiat grodziski (wielkopolski) (wfs)"}},{"type":"Feature","id":"ST-WK-WI/WNIOSEK/6760/2026::300502_4.0001.2201","geometry":{"type":"Polygon","coordinates":[[[16.3751729048537,52.2266076903261],[16.3742788338922,52.2270063340717],[16.3737398413438,52.2272536004156],[16.3740364445885,52.2274876922468],[16.3742835875563,52.2276102900031],[16.3757287722146,52.2271014794682],[16.3755997010851,52.2269865514872],[16.3751729048537,52.2266076903261]]]},"properties":{"case_id":"ST-WK-WI/WNIOSEK/6760/2026","source_type":"wniosek_decyzja","received_date":"2026-03-25","decision_date":"2026-05-21","status":"decyzja wydana","description":"Przebudowa dziedzińca przy budynku Szkoły Podstawowej nr 1 im. Polskich Olimpijczyków w Grodzisku Wielkopolskim polegająca na budowie wiaty wielofunkcyjnej oraz budowie siedmiu wiat edykacyjno-rekreacyjnych wraz z niezbędną infrastrukturą techniczną","address":"Grodzisk Wielkopolski","city":"Grodzisk Wielkopolski","office":"Starosta Powiatu Grodzisk Wielkopolski","case_kind":"Obiekt budowlany inny niż budynek mieszkalny jednorodzinny","parcel_ids":["300502_4.0001.2201","300502_4.0001.2202/5"],"location_quality":"dokładny","gunb_url":"https://wyszukiwarka.gunb.gov.pl/","parcel_count":2,"parcel_shard":"x065-y208","parcel_id":"300502_4.0001.2201","location_source":"powiat grodziski (wielkopolski) (wfs)"}},{"type":"Feature","id":"ST-WK-WI/WNIOSEK/6760/2026::300502_4.0001.2202/5","geometry":{"type":"Polygon","coordinates":[[[16.3751729048537,52.2266076903261],[16.3752126908378,52.2265898129987],[16.3749484748214,52.226305828984],[16.3748550225565,52.226337863235],[16.3749387296652,52.2264284988479],[16.3748115288264,52.2264729424175],[16.3747278260892,52.226381677519],[16.3746706083281,52.2264015782178],[16.3744264430638,52.2261405642626],[16.3730360369071,52.2266248677881],[16.3732812920386,52.2268752810418],[16.3733395893605,52.2269348429883],[16.3737398413438,52.2272536004156],[16.3742788338922,52.2270063340717],[16.3751729048537,52.2266076903261]]]},"properties":{"case_id":"ST-WK-WI/WNIOSEK/6760/2026","source_type":"wniosek_decyzja","received_date":"2026-03-25","decision_date":"2026-05-21","status":"decyzja wydana","description":"Przebudowa dziedzińca przy budynku Szkoły Podstawowej nr 1 im. Polskich Olimpijczyków w Grodzisku Wielkopolskim polegająca na budowie wiaty wielofunkcyjnej oraz budowie siedmiu wiat edykacyjno-rekreacyjnych wraz z niezbędną infrastrukturą techniczną","address":"Grodzisk Wielkopolski","city":"Grodzisk Wielkopolski","office":"Starosta Powiatu Grodzisk Wielkopolski","case_kind":"Obiekt budowlany inny niż budynek mieszkalny jednorodzinny","parcel_ids":["300502_4.0001.2201","300502_4.0001.2202/5"],"location_quality":"dokładny","gunb_url":"https://wyszukiwarka.gunb.gov.pl/","parcel_count":2,"parcel_shard":"x065-y208","parcel_id":"300502_4.0001.2202/5","location_source":"powiat grodziski (wielkopolski) (wfs)"}},{"type":"Feature","id":"ST-WK-WI/WNIOSEK/11203/2026::300502_4.0001.2247","geometry":{"type":"Polygon","coordinates":[[[16.378111403039,52.2218771939828],[16.3780702616673,52.2221778020875],[16.3784083749938,52.2221963499132],[16.378450238552,52.2219442446605],[16.3782521815847,52.2219051216043],[16.378111403039,52.2218771939828]]]},"properties":{"case_id":"ST-WK-WI/WNIOSEK/11203/2026","source_type":"wniosek_decyzja","received_date":"2026-02-18","decision_date":"2026-05-12","status":"decyzja wydana","description":"Zmiana pozwolenia na budowę nr 48/2023 z 13.02.2023r. (BS.6740.147.2022) w zakresie budowy zewnętrznej i wewnętrznej instalacji gazowej w budynku mieszkalnym jednorodzinnym","address":"Poznańska, Grodzisk Wielkopolski","city":"Grodzisk Wielkopolski","office":"Starosta Powiatu Grodzisk Wielkopolski","case_kind":"Obiekt budowlany inny niż budynek mieszkalny jednorodzinny","parcel_ids":["300502_4.0001.2247"],"location_quality":"dokładny","gunb_url":"https://wyszukiwarka.gunb.gov.pl/","parcel_count":1,"parcel_shard":"x065-y208","parcel_id":"300502_4.0001.2247","location_source":"powiat grodziski (wielkopolski) (wfs)"}},{"type":"Feature","id":"ST-WK-WI/WNIOSEK/5503/2026::300502_4.0001.231/59","geometry":{"type":"Polygon","coordinates":[[[16.356256670153,52.2355810627475],[16.3563179886435,52.2354062690963],[16.3558633546286,52.2353427173513],[16.3558010465141,52.2355175368798],[16.356256670153,52.2355810627475]]]},"properties":{"case_id":"ST-WK-WI/WNIOSEK/5503/2026","source_type":"wniosek_decyzja","received_date":"2025-12-02","decision_date":"2026-03-24","status":"decyzja wydana","description":"budowa budynku mieszkalnego jednorodzinnego","address":"Grodzisk Wielkopolski","city":"Grodzisk Wielkopolski","office":"Starosta Powiatu Grodzisk Wielkopolski","case_kind":"Budynek mieszkalny jednorodzinny","parcel_ids":["300502_4.0001.231/59"],"location_quality":"dokładny","gunb_url":"https://wyszukiwarka.gunb.gov.pl/","parcel_count":1,"parcel_shard":"x065-y208","parcel_id":"300502_4.0001.231/59","location_source":"powiat grodziski (wielkopolski) (wfs)"}},{"type":"Feature","id":"ST-WK-WI/WNIOSEK/11054/2026::300502_4.0001.231/60","geometry":{"type":"Polygon","coordinates":[[[16.3567076310052,52.2356454160759],[16.3567751868821,52.2354704973244],[16.3563179886435,52.2354062690963],[16.356256670153,52.2355810627475],[16.3567076310052,52.2356454160759]]]},"properties":{"case_id":"ST-WK-WI/WNIOSEK/11054/2026","source_type":"wniosek_decyzja","received_date":"2026-04-20","decision_date":"2026-06-01","status":"decyzja wydana","description":"BUDOWA BUDYNKU Mieszkalnego jednorodzinnego wraz z wewnętrzną instalacją gazową","address":"Grodzisk Wielkopolski","city":"Grodzisk Wielkopolski","office":"Starosta Powiatu Grodzisk Wielkopolski","case_kind":"Budynek mieszkalny jednorodzinny","parcel_ids":["300502_4.0001.231/60"],"location_quality":"dokładny","gunb_url":"https://wyszukiwarka.gunb.gov.pl/","parcel_count":1,"parcel_shard":"x065-y208","parcel_id":"300502_4.0001.231/60","location_source":"powiat grodziski (wielkopolski) (wfs)"}},{"type":"Feature","id":"ST-WK-WI/WNIOSEK/1073/2026::300502_4.0001.2351/6","geometry":{"type":"Polygon","coordinates":[[[16.3638325472333,52.2196306038055],[16.3637364151844,52.2196359392944],[16.3636662876478,52.2196398057299],[16.3628344090055,52.219685998293],[16.3628133609853,52.2198780527354],[16.3635343851229,52.2198628927051],[16.3635313556151,52.2197257654877],[16.3635782703403,52.2196807310676],[16.3638418659891,52.2196624946376],[16.3638325472333,52.2196306038055]]]},"properties":{"case_id":"ST-WK-WI/WNIOSEK/1073/2026","source_type":"wniosek_decyzja","received_date":"2025-10-30","decision_date":"2025-12-02","status":"decyzja wydana","description":"Budowa instalacji gazowej do budynku mieszkalnego jednorodzinnego","address":"Grodzisk Wielkopolski","city":"Grodzisk Wielkopolski","office":"Starosta Powiatu Grodzisk Wielkopolski","case_kind":"Obiekt budowlany inny niż budynek mieszkalny jednorodzinny","parcel_ids":["300502_4.0001.2351/6"],"location_quality":"dokładny","gunb_url":"https://wyszukiwarka.gunb.gov.pl/","parcel_count":1,"parcel_shard":"x065-y208","parcel_id":"300502_4.0001.2351/6","location_source":"powiat grodziski (wielkopolski) (wfs)"}},{"type":"Feature","id":"ST-WK-WI/WNIOSEK/1105/2026::300502_4.0001.2712","geometry":{"type":"Polygon","coordinates":[[[16.3567449397226,52.2239829779904],[16.3569441615305,52.2239595080962],[16.3569964549337,52.2239121872322],[16.3568710749561,52.223510512861],[16.3566072555308,52.2235415409475],[16.3567449397226,52.2239829779904]]]},"properties":{"case_id":"ST-WK-WI/WNIOSEK/1105/2026","source_type":"wniosek_decyzja","received_date":"2025-10-16","decision_date":"2025-10-16","status":"decyzja wydana","description":"Budowa budynku mieszkalnego jednorodzinnego, wolnostojącego wraz z niezbędną infrastrukturą","address":"Grodzisk Wielkopolski","city":"Grodzisk Wielkopolski","office":"Starosta Powiatu Grodzisk Wielkopolski","case_kind":"Budynek mieszkalny jednorodzinny","parcel_ids":["300502_4.0001.2712"],"location_quality":"dokładny","gunb_url":"https://wyszukiwarka.gunb.gov.pl/","parcel_count":1,"parcel_shard":"x065-y208","parcel_id":"300502_4.0001.2712","location_source":"powiat grodziski (wielkopolski) (wfs)"}},{"type":"Feature","id":"ST-WK-WI/WNIOSEK/6700/2026::300502_4.0001.2896/13","geometry":{"type":"Polygon","coordinates":[[[16.3294914478503,52.234845375151],[16.3295519690167,52.2350139430277],[16.3300018244138,52.2349496417185],[16.3299462466048,52.2347946805702],[16.3299425744578,52.2347844752888],[16.3294914478503,52.234845375151]]]},"properties":{"case_id":"ST-WK-WI/WNIOSEK/6700/2026","source_type":"wniosek_decyzja","received_date":"2025-12-08","decision_date":"2026-02-24","status":"decyzja wydana","description":"budowa budynku mieszkalnego jednorodzinnego wolnostojącego wraz ze zbiornikiem bezodpływowym na nieczystości ciekłe","address":"Grodzisk Wielkopolski","city":"Grodzisk Wielkopolski","office":"Starosta Powiatu Grodzisk Wielkopolski","case_kind":"Budynek mieszkalny jednorodzinny","parcel_ids":["300502_4.0001.2896/13"],"location_quality":"dokładny","gunb_url":"https://wyszukiwarka.gunb.gov.pl/","parcel_count":1,"parcel_shard":"x065-y208","parcel_id":"300502_4.0001.2896/13","location_source":"powiat grodziski (wielkopolski) (wfs)"}},{"type":"Feature","id":"ST-WK-WI/WNIOSEK/1120/2026::300502_4.0001.2896/7","geometry":{"type":"Polygon","coordinates":[[[16.3290909246455,52.233728506163],[16.3291725208318,52.2339558001582],[16.3296236335448,52.2338947218528],[16.3295872144353,52.2337929351785],[16.329542330541,52.2336675147432],[16.3290909246455,52.233728506163]]]},"properties":{"case_id":"ST-WK-WI/WNIOSEK/1120/2026","source_type":"wniosek_decyzja","received_date":"2025-10-01","decision_date":"2025-10-20","status":"decyzja wydana","description":"Budowa budynku mieszkalnego jednorodzinnego wraz z niezbędną infrastruktura techniczną","address":"Grodzisk Wielkopolski","city":"Grodzisk Wielkopolski","office":"Starosta Powiatu Grodzisk Wielkopolski","case_kind":"Budynek mieszkalny jednorodzinny","parcel_ids":["300502_4.0001.2896/7"],"location_quality":"dokładny","gunb_url":"https://wyszukiwarka.gunb.gov.pl/","parcel_count":1,"parcel_shard":"x065-y208","parcel_id":"300502_4.0001.2896/7","location_source":"powiat grodziski (wielkopolski) (wfs)"}},{"type":"Feature","id":"ST-WK-WI/WNIOSEK/3483/2026::300502_4.0001.2896/8","geometry":{"type":"Polygon","coordinates":[[[16.3291725208318,52.2339558001582],[16.3292423086158,52.2341504197941],[16.3296934258767,52.2340894310684],[16.3296696255485,52.234022916152],[16.3296236335448,52.2338947218528],[16.3291725208318,52.2339558001582]]]},"properties":{"case_id":"ST-WK-WI/WNIOSEK/3483/2026","source_type":"wniosek_decyzja","received_date":"2025-11-24","decision_date":"2026-01-23","status":"decyzja wydana","description":"Budowa budynku mieszkalnego jednorodzinnego wolnostojącego wraz z niezbędną infrastrukturą techniczną oraz zbiornika na ścieki","address":"Grodzisk Wielkopolski","city":"Grodzisk Wielkopolski","office":"Starosta Powiatu Grodzisk Wielkopolski","case_kind":"Budynek mieszkalny jednorodzinny","parcel_ids":["300502_4.0001.2896/8"],"location_quality":"dokładny","gunb_url":"https://wyszukiwarka.gunb.gov.pl/","parcel_count":1,"parcel_shard":"x065-y208","parcel_id":"300502_4.0001.2896/8","location_source":"powiat grodziski (wielkopolski) (wfs)"}},{"type":"Feature","id":"ST-WK-WI/WNIOSEK/24199/2025::300502_4.0001.2898/22","geometry":{"type":"Polygon","coordinates":[[[16.3300157169082,52.2349883146073],[16.3301072264997,52.2352433599458],[16.3306477552893,52.2351710234216],[16.3305571100932,52.2349156092115],[16.3300157169082,52.2349883146073]]]},"properties":{"case_id":"ST-WK-WI/WNIOSEK/24199/2025","source_type":"wniosek_decyzja","received_date":"2025-10-23","decision_date":"2026-01-07","status":"decyzja wydana","description":"budowa dwóch budynków mieszkalnych jednorodzinnych w zabudowie bliźniaczej (tj. dwóch połączonych ze sobą segmentów a każdy z tych segmentów stanowi odrębny budynek wraz z infrastrukturą","address":"Grodzisk Wielkopolski","city":"Grodzisk Wielkopolski","office":"Starosta Powiatu Grodzisk Wielkopolski","case_kind":"Budynek mieszkalny jednorodzinny","parcel_ids":["300502_4.0001.2898/22"],"location_quality":"dokładny","gunb_url":"https://wyszukiwarka.gunb.gov.pl/","parcel_count":1,"parcel_shard":"x065-y208","parcel_id":"300502_4.0001.2898/22","location_source":"powiat grodziski (wielkopolski) (wfs)"}},{"type":"Feature","id":"ST-WK-WI/WNIOSEK/7739/2026::300502_4.0001.2899/13","geometry":{"type":"Polygon","coordinates":[[[16.3308726517737,52.2341763510909],[16.3308702243756,52.2341695590267],[16.3308289512885,52.2340537123873],[16.3303778172204,52.2341140764671],[16.3304271707549,52.2342534027557],[16.3304425333494,52.2342966919049],[16.330894078397,52.2342363044685],[16.3308726517737,52.2341763510909]]]},"properties":{"case_id":"ST-WK-WI/WNIOSEK/7739/2026","source_type":"wniosek_decyzja","received_date":"2026-01-26","decision_date":"2026-03-24","status":"decyzja wydana","description":"budowa budynku mieszkalnego jednorodzinnego, zbiornika bezodpływowego na nieczystości ciekłe","address":"Grodzisk Wielkopolski","city":"Grodzisk Wielkopolski","office":"Starosta Powiatu Grodzisk Wielkopolski","case_kind":"Budynek mieszkalny jednorodzinny","parcel_ids":["300502_4.0001.2899/13"],"location_quality":"dokładny","gunb_url":"https://wyszukiwarka.gunb.gov.pl/","parcel_count":1,"parcel_shard":"x065-y208","parcel_id":"300502_4.0001.2899/13","location_source":"powiat grodziski (wielkopolski) (wfs)"}},{"type":"Feature","id":"ST-WK-WI/WNIOSEK/7736/2026::300502_4.0001.2899/14","geometry":{"type":"Polygon","coordinates":[[[16.3309437124386,52.2343751838445],[16.330894078397,52.2342363044685],[16.3304425333494,52.2342966919049],[16.3305072871634,52.2344791560958],[16.3309592727672,52.2344187224656],[16.3309437124386,52.2343751838445]]]},"properties":{"case_id":"ST-WK-WI/WNIOSEK/7736/2026","source_type":"wniosek_decyzja","received_date":"2026-01-26","decision_date":"2026-03-24","status":"decyzja wydana","description":"budowa budynku mieszkalnego jednorodzinnego, zbiornika bezodpływowego na nieczystości ciekłe","address":"Grodzisk Wielkopolski","city":"Grodzisk Wielkopolski","office":"Starosta Powiatu Grodzisk Wielkopolski","case_kind":"Budynek mieszkalny jednorodzinny","parcel_ids":["300502_4.0001.2899/14"],"location_quality":"dokładny","gunb_url":"https://wyszukiwarka.gunb.gov.pl/","parcel_count":1,"parcel_shard":"x065-y208","parcel_id":"300502_4.0001.2899/14","location_source":"powiat grodziski (wielkopolski) (wfs)"}},{"type":"Feature","id":"ST-WK-WI/WNIOSEK/3487/2026::300502_4.0001.2899/24","geometry":{"type":"Polygon","coordinates":[[[16.3313506144721,52.2355138205541],[16.3308959647671,52.235574585727],[16.330987469577,52.2358321714734],[16.3314426471627,52.2357713756967],[16.3314403247927,52.2357647417214],[16.3314356383662,52.2357515758827],[16.3313694440579,52.2355663716573],[16.3313506144721,52.2355138205541]]]},"properties":{"case_id":"ST-WK-WI/WNIOSEK/3487/2026","source_type":"wniosek_decyzja","received_date":"2025-10-23","decision_date":"2026-01-07","status":"decyzja wydana","description":"Budowa dwóch budynków mieszkalnych jednorodzinnych w zabudowie bliźniaczej (tj. zespołu budynków, z których każdy składa się z dwóch połączonych ze sobą segmentów, a każdy z tych segmentów stanowi odrębny budynek wraz z infrastrukturą.","address":"Grodzisk Wielkopolski","city":"Grodzisk Wielkopolski","office":"Starosta Powiatu Grodzisk Wielkopolski","case_kind":"Budynek mieszkalny jednorodzinny","parcel_ids":["300502_4.0001.2899/24"],"location_quality":"dokładny","gunb_url":"https://wyszukiwarka.gunb.gov.pl/","parcel_count":1,"parcel_shard":"x065-y208","parcel_id":"300502_4.0001.2899/24","location_source":"powiat grodziski (wielkopolski) (wfs)"}},{"type":"Feature","id":"ST-WK-WI/WNIOSEK/7952/2026::300502_4.0001.2911/1","geometry":{"type":"Polygon","coordinates":[[[16.3356729228751,52.239498199874],[16.3355457857883,52.239524085273],[16.3353149164947,52.2395398779275],[16.3354663294697,52.2399445261437],[16.3358730640229,52.239848784705],[16.3356729228751,52.239498199874]]]},"properties":{"case_id":"ST-WK-WI/WNIOSEK/7952/2026","source_type":"wniosek_decyzja","received_date":"2026-02-23","decision_date":"2026-04-28","status":"decyzja wydana","description":"Budowa wiaty","address":"Grodzisk Wielkopolski","city":"Grodzisk Wielkopolski","office":"Starosta Powiatu Grodzisk Wielkopolski","case_kind":"Obiekt budowlany inny niż budynek mieszkalny jednorodzinny","parcel_ids":["300502_4.0001.2911/1","300502_4.0001.2911/2"],"location_quality":"dokładny","gunb_url":"https://wyszukiwarka.gunb.gov.pl/","parcel_count":2,"parcel_shard":"x065-y208","parcel_id":"300502_4.0001.2911/1","location_source":"powiat grodziski (wielkopolski) (wfs)"}},{"type":"Feature","id":"ST-WK-WI/WNIOSEK/7952/2026::300502_4.0001.2911/2","geometry":{"type":"Polygon","coordinates":[[[16.3362980367706,52.2397612732518],[16.3362924390278,52.2397463362881],[16.3361288165895,52.2393094753047],[16.3360832052578,52.2393282332097],[16.3358780049045,52.2394193976749],[16.3357784491849,52.2394645227474],[16.3356729228751,52.239498199874],[16.3358730640229,52.239848784705],[16.3362980367706,52.2397612732518]]]},"properties":{"case_id":"ST-WK-WI/WNIOSEK/7952/2026","source_type":"wniosek_decyzja","received_date":"2026-02-23","decision_date":"2026-04-28","status":"decyzja wydana","description":"Budowa wiaty","address":"Grodzisk Wielkopolski","city":"Grodzisk Wielkopolski","office":"Starosta Powiatu Grodzisk Wielkopolski","case_kind":"Obiekt budowlany inny niż budynek mieszkalny jednorodzinny","parcel_ids":["300502_4.0001.2911/1","300502_4.0001.2911/2"],"location_quality":"dokładny","gunb_url":"https://wyszukiwarka.gunb.gov.pl/","parcel_count":2,"parcel_shard":"x065-y208","parcel_id":"300502_4.0001.2911/2","location_source":"powiat grodziski (wielkopolski) (wfs)"}},{"type":"Feature","id":"ST-WK-WI/WNIOSEK/7751/2026::300502_4.0001.2935/26","geometry":{"type":"Polygon","coordinates":[[[16.3330279981471,52.2351998017037],[16.3331038369833,52.2354247312144],[16.3335438436289,52.2353688867569],[16.3334621533474,52.2351344061452],[16.3330279981471,52.2351998017037]]]},"properties":{"case_id":"ST-WK-WI/WNIOSEK/7751/2026","source_type":"wniosek_decyzja","received_date":"2026-01-28","decision_date":"2026-03-30","status":"decyzja wydana","description":"zmiana decyzji o pozwoleniu na budowę z dnia 27 maja 2025 r., BS.6740.133.2025 w zakresie budowy zewnętrznej instalacji zbiornikowej na gaz płynny z pojedynczym podzielnym zbiornikeim o poj. 2,7 m 3 oraz wewnętrznej instalacji gazowej w budynku mieszkalnym jednorodzinnym w trakcie budowy.","address":"Grodzisk Wielkopolski","city":"Grodzisk Wielkopolski","office":"Starosta Powiatu Grodzisk Wielkopolski","case_kind":"Obiekt budowlany inny niż budynek mieszkalny jednorodzinny","parcel_ids":["300502_4.0001.2935/26","300502_4.0001.2935/42"],"location_quality":"dokładny","gunb_url":"https://wyszukiwarka.gunb.gov.pl/","parcel_count":1,"parcel_shard":"x065-y208","parcel_id":"300502_4.0001.2935/26","location_source":"powiat grodziski (wielkopolski) (wfs)"}},{"type":"Feature","id":"ST-WK-WI/WNIOSEK/4252/2026::300502_4.0001.2935/40","geometry":{"type":"Polygon","coordinates":[[[16.3332197942673,52.2343769390484],[16.3327294596285,52.2344508524359],[16.3327927777175,52.234609769644],[16.3332397547225,52.2345425223114],[16.3332197942673,52.2343769390484]]]},"properties":{"case_id":"ST-WK-WI/WNIOSEK/4252/2026","source_type":"wniosek_decyzja","received_date":"2025-12-04","decision_date":"2026-03-03","status":"decyzja wydana","description":"Budowa budynku mieszkalnego jednorodzinnego wolnostojącego wraz z niezbędną infrastrukturą techniczną","address":"Grodzisk Wielkopolski","city":"Grodzisk Wielkopolski","office":"Starosta Powiatu Grodzisk Wielkopolski","case_kind":"Budynek mieszkalny jednorodzinny","parcel_ids":["300502_4.0001.2935/40"],"location_quality":"dokładny","gunb_url":"https://wyszukiwarka.gunb.gov.pl/","parcel_count":1,"parcel_shard":"x065-y208","parcel_id":"300502_4.0001.2935/40","location_source":"powiat grodziski (wielkopolski) (wfs)"}},{"type":"Feature","id":"ST-WK-WI/WNIOSEK/1267/2026::300502_4.0001.2935/49","geometry":{"type":"Polygon","coordinates":[[[16.3331801668053,52.2356513628962],[16.3332561697135,52.2358768297431],[16.3337009912962,52.2358203011516],[16.3336226527407,52.2355951306157],[16.3331801668053,52.2356513628962]]]},"properties":{"case_id":"ST-WK-WI/WNIOSEK/1267/2026","source_type":"wniosek_decyzja","received_date":"2025-12-18","decision_date":"2026-01-23","status":"decyzja wydana","description":"budowa dwóch budynków mieszkalnych jednorodzinnych w zabudowie bliźniaczej wraz z niezbędną infrastrukturą","address":"Grodzisk Wielkopolski","city":"Grodzisk Wielkopolski","office":"Starosta Powiatu Grodzisk Wielkopolski","case_kind":"Budynek mieszkalny jednorodzinny","parcel_ids":["300502_4.0001.2935/49"],"location_quality":"dokładny","gunb_url":"https://wyszukiwarka.gunb.gov.pl/","parcel_count":1,"parcel_shard":"x065-y208","parcel_id":"300502_4.0001.2935/49","location_source":"powiat grodziski (wielkopolski) (wfs)"}},{"type":"Feature","id":"PL-WP/WNIOSEK/20611/2025::300502_4.0001.2951/11","geometry":{"type":"Polygon","coordinates":[[[16.3400377686744,52.2313645984904],[16.3402798456299,52.2313150799035],[16.3402561683403,52.2312725644228],[16.3400845668497,52.2312955456542],[16.3400377686744,52.2313645984904]]]},"properties":{"case_id":"PL-WP/WNIOSEK/20611/2025","source_type":"wniosek_decyzja","received_date":"2025-10-07","decision_date":"2025-12-19","status":"decyzja wydana","description":"budowa sieci wodociągowej","address":"Grodzisk Wielkopolski","city":"Grodzisk Wielkopolski","office":"Wojewoda Wielkopolski","case_kind":"Obiekt budowlany inny niż budynek mieszkalny jednorodzinny","parcel_ids":["300502_4.0001.2951/11","300502_4.0001.3026/3","300502_4.0001.3038/1"],"location_quality":"dokładny","gunb_url":"https://wyszukiwarka.gunb.gov.pl/","parcel_count":3,"parcel_shard":"x065-y208","parcel_id":"300502_4.0001.2951/11","location_source":"powiat grodziski (wielkopolski) (wfs)"}},{"type":"Feature","id":"PL-WP/WNIOSEK/20611/2025::300502_4.0001.3026/3","geometry":{"type":"Polygon","coordinates":[[[16.3400845668497,52.2312955456542],[16.3402561683403,52.2312725644228],[16.3405939780988,52.2312273815248],[16.3407084275373,52.2312120596859],[16.3409944803208,52.2311738452827],[16.3411089321824,52.2311586129071],[16.3411601516013,52.2311532670714],[16.3415942663371,52.2310930952908],[16.3420183150596,52.2310372852379],[16.3420577114378,52.2310321001053],[16.3420113852287,52.2309473728079],[16.3420024237622,52.2309304619428],[16.3401956038665,52.2311694893087],[16.3400490043255,52.2311888986512],[16.3400845668497,52.2312955456542]]]},"properties":{"case_id":"PL-WP/WNIOSEK/20611/2025","source_type":"wniosek_decyzja","received_date":"2025-10-07","decision_date":"2025-12-19","status":"decyzja wydana","description":"budowa sieci wodociągowej","address":"Grodzisk Wielkopolski","city":"Grodzisk Wielkopolski","office":"Wojewoda Wielkopolski","case_kind":"Obiekt budowlany inny niż budynek mieszkalny jednorodzinny","parcel_ids":["300502_4.0001.2951/11","300502_4.0001.3026/3","300502_4.0001.3038/1"],"location_quality":"dokładny","gunb_url":"https://wyszukiwarka.gunb.gov.pl/","parcel_count":3,"parcel_shard":"x065-y208","parcel_id":"300502_4.0001.3026/3","location_source":"powiat grodziski (wielkopolski) (wfs)"}},{"type":"Feature","id":"PL-WP/WNIOSEK/20611/2025::300502_4.0001.3038/1","geometry":{"type":"Polygon","coordinates":[[[16.3400490043255,52.2311888986512],[16.3401956038665,52.2311694893087],[16.3401935340096,52.2311550542156],[16.3400399510311,52.2311629596144],[16.3400490043255,52.2311888986512]]]},"properties":{"case_id":"PL-WP/WNIOSEK/20611/2025","source_type":"wniosek_decyzja","received_date":"2025-10-07","decision_date":"2025-12-19","status":"decyzja wydana","description":"budowa sieci wodociągowej","address":"Grodzisk Wielkopolski","city":"Grodzisk Wielkopolski","office":"Wojewoda Wielkopolski","case_kind":"Obiekt budowlany inny niż budynek mieszkalny jednorodzinny","parcel_ids":["300502_4.0001.2951/11","300502_4.0001.3026/3","300502_4.0001.3038/1"],"location_quality":"dokładny","gunb_url":"https://wyszukiwarka.gunb.gov.pl/","parcel_count":3,"parcel_shard":"x065-y208","parcel_id":"300502_4.0001.3038/1","location_source":"powiat grodziski (wielkopolski) (wfs)"}},{"type":"Feature","id":"ST-WK-WI/WNIOSEK/24744/2025::300502_4.0001.2978","geometry":{"type":"Polygon","coordinates":[[[16.3420577114378,52.2310321001053],[16.3421757049293,52.2313612669618],[16.3423391063954,52.2317081321604],[16.3424393492123,52.231921174308],[16.342599862524,52.2322619090218],[16.3427238103416,52.2325581961585],[16.3428070922711,52.232757545242],[16.3428235489904,52.2327969855914],[16.3428844103657,52.2329658301227],[16.342959473693,52.2331736880774],[16.3430532017285,52.2334333771249],[16.3431227844597,52.2336264400642],[16.3433177242671,52.2341675025423],[16.3433234627469,52.2341808681518],[16.3433292384751,52.2341943205539],[16.3438688612878,52.235448020036],[16.344043397472,52.2358030142194],[16.344089766395,52.2357687163348],[16.3440756478236,52.2357375766545],[16.344020413769,52.2356434927278],[16.3439904326307,52.2355795006882],[16.3438604372526,52.2352796401494],[16.3437689404202,52.2350602443319],[16.3437152840493,52.2349310191878],[16.3435740482547,52.2346073972198],[16.3434938207971,52.2344087062201],[16.3433841514421,52.2341725408291],[16.3433750517399,52.2341557967671],[16.3430749346104,52.2333618985979],[16.3429484065006,52.2330104520367],[16.3429428245459,52.2329931783963],[16.3428223102121,52.2326602649328],[16.3427401407212,52.2324677701294],[16.3425979327319,52.2321390207176],[16.3425734719668,52.2321012005039],[16.3425044884246,52.2319669883813],[16.3424389577921,52.2318211905472],[16.3422708843844,52.2314472459283],[16.3421191627761,52.2310201341356],[16.3420808390954,52.2309171078029],[16.3420024237622,52.2309304619428],[16.3420113852287,52.2309473728079],[16.3420577114378,52.2310321001053]]]},"properties":{"case_id":"ST-WK-WI/WNIOSEK/24744/2025","source_type":"wniosek_decyzja","received_date":"2025-09-11","decision_date":"2025-12-05","status":"decyzja wydana","description":"Budowa elektroenergetycznych linii kablowych SN wraz z liniami światłowodowymi dla Farmy Fotowoltaicznej PV UJAZD","address":"Grodzisk Wielkopolski","city":"Grodzisk Wielkopolski","office":"Starosta Powiatu Grodzisk Wielkopolski","case_kind":"Obiekt budowlany inny niż budynek mieszkalny jednorodzinny","parcel_ids":["300502_4.0001.2978","300502_4.0001.3004","300502_4.0001.3006/4","300502_4.0001.3015/3","300502_4.0001.3023","300502_4.0001.3041/1","300502_4.0001.3041/3","300502_4.0001.3136/1","300502_4.0001.3394","300502_4.0001.3495","300502_4.0001.36","300502_4.0001.56","300502_4.0001.57/9","300502_4.0001.58/8","300502_5.0005.5138","300502_5.0009.10","300502_5.0009.11","300502_5.0009.111/2","300502_5.0009.12","300502_5.0009.17","300502_5.0009.5136/1","300502_5.0009.5136/3","300502_5.0009.5136/5","300502_5.0009.5136/6","300502_5.0009.5137/3","300502_5.0009.61/13","300502_5.0009.61/17","300502_5.0017.157","300502_5.0017.167","300502_5.0017.171","300502_5.0017.200","300504_5.0008.52","300504_5.0008.60","300504_5.0008.69","300504_5.0008.70","300504_5.0008.73","300504_5.0008.82/2","300504_5.0008.86","300504_5.0008.91/10"],"location_quality":"dokładny","gunb_url":"https://wyszukiwarka.gunb.gov.pl/","parcel_count":39,"parcel_shard":"x065-y208","parcel_id":"300502_4.0001.2978","location_source":"powiat grodziski (wielkopolski) (wfs)"}},{"type":"Feature","id":"ST-WK-WI/WNIOSEK/24744/2025::300502_4.0001.3004","geometry":{"type":"Polygon","coordinates":[[[16.3410361517405,52.2242312640543],[16.3417404044512,52.2245018194107],[16.3417530722984,52.2240515985983],[16.3416262624648,52.2240199677553],[16.3411007598856,52.2238890440457],[16.3410361517405,52.2242312640543]]]},"properties":{"case_id":"ST-WK-WI/WNIOSEK/24744/2025","source_type":"wniosek_decyzja","received_date":"2025-09-11","decision_date":"2025-12-05","status":"decyzja wydana","description":"Budowa elektroenergetycznych linii kablowych SN wraz z liniami światłowodowymi dla Farmy Fotowoltaicznej PV UJAZD","address":"Grodzisk Wielkopolski","city":"Grodzisk Wielkopolski","office":"Starosta Powiatu Grodzisk Wielkopolski","case_kind":"Obiekt budowlany inny niż budynek mieszkalny jednorodzinny","parcel_ids":["300502_4.0001.2978","300502_4.0001.3004","300502_4.0001.3006/4","300502_4.0001.3015/3","300502_4.0001.3023","300502_4.0001.3041/1","300502_4.0001.3041/3","300502_4.0001.3136/1","300502_4.0001.3394","300502_4.0001.3495","300502_4.0001.36","300502_4.0001.56","300502_4.0001.57/9","300502_4.0001.58/8","300502_5.0005.5138","300502_5.0009.10","300502_5.0009.11","300502_5.0009.111/2","300502_5.0009.12","300502_5.0009.17","300502_5.0009.5136/1","300502_5.0009.5136/3","300502_5.0009.5136/5","300502_5.0009.5136/6","300502_5.0009.5137/3","300502_5.0009.61/13","300502_5.0009.61/17","300502_5.0017.157","300502_5.0017.167","300502_5.0017.171","300502_5.0017.200","300504_5.0008.52","300504_5.0008.60","300504_5.0008.69","300504_5.0008.70","300504_5.0008.73","300504_5.0008.82/2","300504_5.0008.86","300504_5.0008.91/10"],"location_quality":"dokładny","gunb_url":"https://wyszukiwarka.gunb.gov.pl/","parcel_count":39,"parcel_shard":"x065-y208","parcel_id":"300502_4.0001.3004","location_source":"powiat grodziski (wielkopolski) (wfs)"}},{"type":"Feature","id":"ST-WK-WI/WNIOSEK/24744/2025::300502_4.0001.3006/4","geometry":{"type":"Polygon","coordinates":[[[16.3416304500994,52.2239878493766],[16.3409503505885,52.2238229368931],[16.3407605330341,52.2237767524565],[16.340788924789,52.223811325856],[16.3411007598856,52.2238890440457],[16.3416262624648,52.2240199677553],[16.3416304500994,52.2239878493766]]]},"properties":{"case_id":"ST-WK-WI/WNIOSEK/24744/2025","source_type":"wniosek_decyzja","received_date":"2025-09-11","decision_date":"2025-12-05","status":"decyzja wydana","description":"Budowa elektroenergetycznych linii kablowych SN wraz z liniami światłowodowymi dla Farmy Fotowoltaicznej PV UJAZD","address":"Grodzisk Wielkopolski","city":"Grodzisk Wielkopolski","office":"Starosta Powiatu Grodzisk Wielkopolski","case_kind":"Obiekt budowlany inny niż budynek mieszkalny jednorodzinny","parcel_ids":["300502_4.0001.2978","300502_4.0001.3004","300502_4.0001.3006/4","300502_4.0001.3015/3","300502_4.0001.3023","300502_4.0001.3041/1","300502_4.0001.3041/3","300502_4.0001.3136/1","300502_4.0001.3394","300502_4.0001.3495","300502_4.0001.36","300502_4.0001.56","300502_4.0001.57/9","300502_4.0001.58/8","300502_5.0005.5138","300502_5.0009.10","300502_5.0009.11","300502_5.0009.111/2","300502_5.0009.12","300502_5.0009.17","300502_5.0009.5136/1","300502_5.0009.5136/3","300502_5.0009.5136/5","300502_5.0009.5136/6","300502_5.0009.5137/3","300502_5.0009.61/13","300502_5.0009.61/17","300502_5.0017.157","300502_5.0017.167","300502_5.0017.171","300502_5.0017.200","300504_5.0008.52","300504_5.0008.60","300504_5.0008.69","300504_5.0008.70","300504_5.0008.73","300504_5.0008.82/2","300504_5.0008.86","300504_5.0008.91/10"],"location_quality":"dokładny","gunb_url":"https://wyszukiwarka.gunb.gov.pl/","parcel_count":39,"parcel_shard":"x065-y208","parcel_id":"300502_4.0001.3006/4","location_source":"powiat grodziski (wielkopolski) (wfs)"}},{"type":"Feature","id":"ST-WK-WI/WNIOSEK/24744/2025::300502_4.0001.3015/3","geometry":{"type":"Polygon","coordinates":[[[16.342387697024,52.2247467696174],[16.3420541325329,52.2246213930407],[16.3417404044512,52.2245018194107],[16.3410361517405,52.2242312640543],[16.3408338844429,52.2241531216618],[16.3407261559197,52.2241117094376],[16.3405040022824,52.2240261808882],[16.3402558253358,52.2239270459021],[16.3401653615898,52.2238925693713],[16.3400164051677,52.2238354772006],[16.3394186542567,52.2236062296694],[16.3392813986849,52.2235536777025],[16.338757584484,52.2233883036581],[16.3388180700786,52.2235210041838],[16.3388959378939,52.2235163877961],[16.3391555723978,52.2236226743896],[16.3394173110499,52.2237307455036],[16.3399979317314,52.2239597230648],[16.3402449901742,52.2240581288117],[16.3404461280038,52.2241371887046],[16.3405890748231,52.2241934575719],[16.3408191369876,52.2242790434522],[16.3409673230027,52.2243368622136],[16.3410827288914,52.2243818876118],[16.3417623357212,52.2246393919376],[16.3423020230528,52.2248525778483],[16.342387697024,52.2247467696174]]]},"properties":{"case_id":"ST-WK-WI/WNIOSEK/24744/2025","source_type":"wniosek_decyzja","received_date":"2025-09-11","decision_date":"2025-12-05","status":"decyzja wydana","description":"Budowa elektroenergetycznych linii kablowych SN wraz z liniami światłowodowymi dla Farmy Fotowoltaicznej PV UJAZD","address":"Grodzisk Wielkopolski","city":"Grodzisk Wielkopolski","office":"Starosta Powiatu Grodzisk Wielkopolski","case_kind":"Obiekt budowlany inny niż budynek mieszkalny jednorodzinny","parcel_ids":["300502_4.0001.2978","300502_4.0001.3004","300502_4.0001.3006/4","300502_4.0001.3015/3","300502_4.0001.3023","300502_4.0001.3041/1","300502_4.0001.3041/3","300502_4.0001.3136/1","300502_4.0001.3394","300502_4.0001.3495","300502_4.0001.36","300502_4.0001.56","300502_4.0001.57/9","300502_4.0001.58/8","300502_5.0005.5138","300502_5.0009.10","300502_5.0009.11","300502_5.0009.111/2","300502_5.0009.12","300502_5.0009.17","300502_5.0009.5136/1","300502_5.0009.5136/3","300502_5.0009.5136/5","300502_5.0009.5136/6","300502_5.0009.5137/3","300502_5.0009.61/13","300502_5.0009.61/17","300502_5.0017.157","300502_5.0017.167","300502_5.0017.171","300502_5.0017.200","300504_5.0008.52","300504_5.0008.60","300504_5.0008.69","300504_5.0008.70","300504_5.0008.73","300504_5.0008.82/2","300504_5.0008.86","300504_5.0008.91/10"],"location_quality":"dokładny","gunb_url":"https://wyszukiwarka.gunb.gov.pl/","parcel_count":39,"parcel_shard":"x065-y208","parcel_id":"300502_4.0001.3015/3","location_source":"powiat grodziski (wielkopolski) (wfs)"}},{"type":"Feature","id":"ST-WK-WI/WNIOSEK/24744/2025::300502_4.0001.3023","geometry":{"type":"Polygon","coordinates":[[[16.3416304500994,52.2239878493766],[16.3417950007343,52.222708595614],[16.3418622531754,52.22237656446],[16.3421073208195,52.22177700355],[16.3415148058625,52.2216551501851],[16.3413103023778,52.2220316936785],[16.3411652004113,52.2224424709952],[16.3411021422135,52.2227046325703],[16.3409503505885,52.2238229368931],[16.3416304500994,52.2239878493766]]]},"properties":{"case_id":"ST-WK-WI/WNIOSEK/24744/2025","source_type":"wniosek_decyzja","received_date":"2025-09-11","decision_date":"2025-12-05","status":"decyzja wydana","description":"Budowa elektroenergetycznych linii kablowych SN wraz z liniami światłowodowymi dla Farmy Fotowoltaicznej PV UJAZD","address":"Grodzisk Wielkopolski","city":"Grodzisk Wielkopolski","office":"Starosta Powiatu Grodzisk Wielkopolski","case_kind":"Obiekt budowlany inny niż budynek mieszkalny jednorodzinny","parcel_ids":["300502_4.0001.2978","300502_4.0001.3004","300502_4.0001.3006/4","300502_4.0001.3015/3","300502_4.0001.3023","300502_4.0001.3041/1","300502_4.0001.3041/3","300502_4.0001.3136/1","300502_4.0001.3394","300502_4.0001.3495","300502_4.0001.36","300502_4.0001.56","300502_4.0001.57/9","300502_4.0001.58/8","300502_5.0005.5138","300502_5.0009.10","300502_5.0009.11","300502_5.0009.111/2","300502_5.0009.12","300502_5.0009.17","300502_5.0009.5136/1","300502_5.0009.5136/3","300502_5.0009.5136/5","300502_5.0009.5136/6","300502_5.0009.5137/3","300502_5.0009.61/13","300502_5.0009.61/17","300502_5.0017.157","300502_5.0017.167","300502_5.0017.171","300502_5.0017.200","300504_5.0008.52","300504_5.0008.60","300504_5.0008.69","300504_5.0008.70","300504_5.0008.73","300504_5.0008.82/2","300504_5.0008.86","300504_5.0008.91/10"],"location_quality":"dokładny","gunb_url":"https://wyszukiwarka.gunb.gov.pl/","parcel_count":39,"parcel_shard":"x065-y208","parcel_id":"300502_4.0001.3023","location_source":"powiat grodziski (wielkopolski) (wfs)"}},{"type":"Feature","id":"ST-WK-WI/WNIOSEK/24744/2025::300502_4.0001.3041/1","geometry":{"type":"Polygon","coordinates":[[[16.3412662282439,52.2297476182651],[16.3415790075116,52.2302505873509],[16.3417910626018,52.2305906027639],[16.3420024237622,52.2309304619428],[16.3420808390954,52.2309171078029],[16.3420517788631,52.2308679490118],[16.3418217572514,52.2304985949942],[16.341693293337,52.2302923975037],[16.3416490268696,52.2302211741011],[16.3414658816508,52.2299271848463],[16.3413391670392,52.2297239332094],[16.3412059439128,52.2295071402678],[16.3409397632566,52.2290807856612],[16.3408189624114,52.2288884511518],[16.3407501051543,52.2289161230511],[16.3412662282439,52.2297476182651]]]},"properties":{"case_id":"ST-WK-WI/WNIOSEK/24744/2025","source_type":"wniosek_decyzja","received_date":"2025-09-11","decision_date":"2025-12-05","status":"decyzja wydana","description":"Budowa elektroenergetycznych linii kablowych SN wraz z liniami światłowodowymi dla Farmy Fotowoltaicznej PV UJAZD","address":"Grodzisk Wielkopolski","city":"Grodzisk Wielkopolski","office":"Starosta Powiatu Grodzisk Wielkopolski","case_kind":"Obiekt budowlany inny niż budynek mieszkalny jednorodzinny","parcel_ids":["300502_4.0001.2978","300502_4.0001.3004","300502_4.0001.3006/4","300502_4.0001.3015/3","300502_4.0001.3023","300502_4.0001.3041/1","300502_4.0001.3041/3","300502_4.0001.3136/1","300502_4.0001.3394","300502_4.0001.3495","300502_4.0001.36","300502_4.0001.56","300502_4.0001.57/9","300502_4.0001.58/8","300502_5.0005.5138","300502_5.0009.10","300502_5.0009.11","300502_5.0009.111/2","300502_5.0009.12","300502_5.0009.17","300502_5.0009.5136/1","300502_5.0009.5136/3","300502_5.0009.5136/5","300502_5.0009.5136/6","300502_5.0009.5137/3","300502_5.0009.61/13","300502_5.0009.61/17","300502_5.0017.157","300502_5.0017.167","300502_5.0017.171","300502_5.0017.200","300504_5.0008.52","300504_5.0008.60","300504_5.0008.69","300504_5.0008.70","300504_5.0008.73","300504_5.0008.82/2","300504_5.0008.86","300504_5.0008.91/10"],"location_quality":"dokładny","gunb_url":"https://wyszukiwarka.gunb.gov.pl/","parcel_count":39,"parcel_shard":"x065-y208","parcel_id":"300502_4.0001.3041/1","location_source":"powiat grodziski (wielkopolski) (wfs)"}},{"type":"Feature","id":"ST-WK-WI/WNIOSEK/24744/2025::300502_4.0001.3041/3","geometry":{"type":"Polygon","coordinates":[[[16.3404893748671,52.2283481224721],[16.3403155580739,52.2280614384502],[16.3396821990763,52.226902056175],[16.339423147852,52.2263854469719],[16.3392455906006,52.2260207186821],[16.3391293239343,52.2257250835233],[16.3390174377151,52.225324860462],[16.3389203922753,52.2247063408322],[16.3388746367856,52.224347368754],[16.3388959378939,52.2235163877961],[16.3388180700786,52.2235210041838],[16.3388093283714,52.223789944052],[16.3388001213395,52.2240482829625],[16.3387945756039,52.2243310285674],[16.338792886347,52.2243478558935],[16.3388121364717,52.2245012479077],[16.3388277020963,52.224614863449],[16.338840478114,52.2247135900319],[16.3388610958362,52.2248443159539],[16.338906529396,52.2251334041674],[16.3389359512462,52.2253329705899],[16.3389641394404,52.2254331401818],[16.3390482739486,52.2257339234647],[16.3391609386365,52.2260342930456],[16.3396022635685,52.2269154426684],[16.3402363172938,52.2280764554622],[16.3404191449796,52.2283780044293],[16.3404893748671,52.2283481224721]]]},"properties":{"case_id":"ST-WK-WI/WNIOSEK/24744/2025","source_type":"wniosek_decyzja","received_date":"2025-09-11","decision_date":"2025-12-05","status":"decyzja wydana","description":"Budowa elektroenergetycznych linii kablowych SN wraz z liniami światłowodowymi dla Farmy Fotowoltaicznej PV UJAZD","address":"Grodzisk Wielkopolski","city":"Grodzisk Wielkopolski","office":"Starosta Powiatu Grodzisk Wielkopolski","case_kind":"Obiekt budowlany inny niż budynek mieszkalny jednorodzinny","parcel_ids":["300502_4.0001.2978","300502_4.0001.3004","300502_4.0001.3006/4","300502_4.0001.3015/3","300502_4.0001.3023","300502_4.0001.3041/1","300502_4.0001.3041/3","300502_4.0001.3136/1","300502_4.0001.3394","300502_4.0001.3495","300502_4.0001.36","300502_4.0001.56","300502_4.0001.57/9","300502_4.0001.58/8","300502_5.0005.5138","300502_5.0009.10","300502_5.0009.11","300502_5.0009.111/2","300502_5.0009.12","300502_5.0009.17","300502_5.0009.5136/1","300502_5.0009.5136/3","300502_5.0009.5136/5","300502_5.0009.5136/6","300502_5.0009.5137/3","300502_5.0009.61/13","300502_5.0009.61/17","300502_5.0017.157","300502_5.0017.167","300502_5.0017.171","300502_5.0017.200","300504_5.0008.52","300504_5.0008.60","300504_5.0008.69","300504_5.0008.70","300504_5.0008.73","300504_5.0008.82/2","300504_5.0008.86","300504_5.0008.91/10"],"location_quality":"dokładny","gunb_url":"https://wyszukiwarka.gunb.gov.pl/","parcel_count":39,"parcel_shard":"x065-y208","parcel_id":"300502_4.0001.3041/3","location_source":"powiat grodziski (wielkopolski) (wfs)"}},{"type":"Feature","id":"ST-WK-WI/WNIOSEK/24744/2025::300502_4.0001.3136/1","geometry":{"type":"Polygon","coordinates":[[[16.3437870142157,52.2221253152627],[16.3432667433903,52.2220083924939],[16.3427324015954,52.2218882584412],[16.3423530881197,52.2218030696871],[16.3421855650457,52.2217653583464],[16.3417636857244,52.2216785576117],[16.3413100021017,52.2215853237479],[16.3412978294094,52.2216105270833],[16.3415148058625,52.2216551501851],[16.3421073208195,52.22177700355],[16.3426178123144,52.221887063718],[16.3430508213753,52.221974804258],[16.3437846216932,52.2221586801304],[16.3441569705144,52.2222525271567],[16.3445303867111,52.2223484271405],[16.3445438600327,52.2223273411913],[16.3445843292995,52.2223371607944],[16.344593342705,52.222325500543],[16.3437870142157,52.2221253152627]]]},"properties":{"case_id":"ST-WK-WI/WNIOSEK/24744/2025","source_type":"wniosek_decyzja","received_date":"2025-09-11","decision_date":"2025-12-05","status":"decyzja wydana","description":"Budowa elektroenergetycznych linii kablowych SN wraz z liniami światłowodowymi dla Farmy Fotowoltaicznej PV UJAZD","address":"Grodzisk Wielkopolski","city":"Grodzisk Wielkopolski","office":"Starosta Powiatu Grodzisk Wielkopolski","case_kind":"Obiekt budowlany inny niż budynek mieszkalny jednorodzinny","parcel_ids":["300502_4.0001.2978","300502_4.0001.3004","300502_4.0001.3006/4","300502_4.0001.3015/3","300502_4.0001.3023","300502_4.0001.3041/1","300502_4.0001.3041/3","300502_4.0001.3136/1","300502_4.0001.3394","300502_4.0001.3495","300502_4.0001.36","300502_4.0001.56","300502_4.0001.57/9","300502_4.0001.58/8","300502_5.0005.5138","300502_5.0009.10","300502_5.0009.11","300502_5.0009.111/2","300502_5.0009.12","300502_5.0009.17","300502_5.0009.5136/1","300502_5.0009.5136/3","300502_5.0009.5136/5","300502_5.0009.5136/6","300502_5.0009.5137/3","300502_5.0009.61/13","300502_5.0009.61/17","300502_5.0017.157","300502_5.0017.167","300502_5.0017.171","300502_5.0017.200","300504_5.0008.52","300504_5.0008.60","300504_5.0008.69","300504_5.0008.70","300504_5.0008.73","300504_5.0008.82/2","300504_5.0008.86","300504_5.0008.91/10"],"location_quality":"dokładny","gunb_url":"https://wyszukiwarka.gunb.gov.pl/","parcel_count":39,"parcel_shard":"x065-y208","parcel_id":"300502_4.0001.3136/1","location_source":"powiat grodziski (wielkopolski) (wfs)"}},{"type":"Feature","id":"ST-WK-WI/WNIOSEK/24744/2025::300502_4.0001.3394","geometry":{"type":"Polygon","coordinates":[[[16.341185157076,52.220211983591],[16.3407869201112,52.2202555163288],[16.3410178695413,52.2208426590645],[16.3413033001353,52.2215682861542],[16.3413100021017,52.2215853237479],[16.3417636857244,52.2216785576117],[16.3417568067354,52.2216610839193],[16.3414119538503,52.2207850844891],[16.341185157076,52.220211983591]]]},"properties":{"case_id":"ST-WK-WI/WNIOSEK/24744/2025","source_type":"wniosek_decyzja","received_date":"2025-09-11","decision_date":"2025-12-05","status":"decyzja wydana","description":"Budowa elektroenergetycznych linii kablowych SN wraz z liniami światłowodowymi dla Farmy Fotowoltaicznej PV UJAZD","address":"Grodzisk Wielkopolski","city":"Grodzisk Wielkopolski","office":"Starosta Powiatu Grodzisk Wielkopolski","case_kind":"Obiekt budowlany inny niż budynek mieszkalny jednorodzinny","parcel_ids":["300502_4.0001.2978","300502_4.0001.3004","300502_4.0001.3006/4","300502_4.0001.3015/3","300502_4.0001.3023","300502_4.0001.3041/1","300502_4.0001.3041/3","300502_4.0001.3136/1","300502_4.0001.3394","300502_4.0001.3495","300502_4.0001.36","300502_4.0001.56","300502_4.0001.57/9","300502_4.0001.58/8","300502_5.0005.5138","300502_5.0009.10","300502_5.0009.11","300502_5.0009.111/2","300502_5.0009.12","300502_5.0009.17","300502_5.0009.5136/1","300502_5.0009.5136/3","300502_5.0009.5136/5","300502_5.0009.5136/6","300502_5.0009.5137/3","300502_5.0009.61/13","300502_5.0009.61/17","300502_5.0017.157","300502_5.0017.167","300502_5.0017.171","300502_5.0017.200","300504_5.0008.52","300504_5.0008.60","300504_5.0008.69","300504_5.0008.70","300504_5.0008.73","300504_5.0008.82/2","300504_5.0008.86","300504_5.0008.91/10"],"location_quality":"dokładny","gunb_url":"https://wyszukiwarka.gunb.gov.pl/","parcel_count":39,"parcel_shard":"x065-y208","parcel_id":"300502_4.0001.3394","location_source":"powiat grodziski (wielkopolski) (wfs)"}},{"type":"Feature","id":"ST-WK-WI/WNIOSEK/24744/2025::300502_4.0001.3495","geometry":{"type":"Polygon","coordinates":[[[16.3381907299634,52.2204378439906],[16.3382113424209,52.2204906413728],[16.3403807607278,52.2202999135856],[16.3407869201112,52.2202555163288],[16.341185157076,52.220211983591],[16.3416215604797,52.2201642770604],[16.3417078543392,52.2201548282911],[16.34212602409,52.2201091636935],[16.3426016093011,52.2200570954716],[16.3426556744729,52.2200512234331],[16.3430723397017,52.2200140058014],[16.3433600518296,52.219981355945],[16.3434175942135,52.2199748258853],[16.3436362551131,52.2199500114378],[16.3438607420871,52.2199246668914],[16.3443230839151,52.2198842561856],[16.3447591216652,52.2198760240179],[16.3447415492073,52.2198417776221],[16.3442982713537,52.2198496280881],[16.3438481477513,52.219889575318],[16.3436231290134,52.2199148258396],[16.3430605163479,52.2199790035533],[16.3426418987416,52.2200161784394],[16.3426124704649,52.2200194238198],[16.3425620389707,52.2200249854317],[16.3425115178956,52.2200304938809],[16.3421299530296,52.2200725005536],[16.3418509436514,52.220103193295],[16.3416924478683,52.2201206284849],[16.3416097332526,52.2201297199129],[16.3411718773948,52.2201773886441],[16.3407743495077,52.2202206654165],[16.3403681788325,52.2202648815676],[16.3399520644562,52.2202980435501],[16.3398356225327,52.2203072511187],[16.3397190494308,52.2203165085629],[16.3393279206035,52.2203476226564],[16.3388480147052,52.2203856983463],[16.3386440526081,52.220401880074],[16.3381907299634,52.2204378439906]]]},"properties":{"case_id":"ST-WK-WI/WNIOSEK/24744/2025","source_type":"wniosek_decyzja","received_date":"2025-09-11","decision_date":"2025-12-05","status":"decyzja wydana","description":"Budowa elektroenergetycznych linii kablowych SN wraz z liniami światłowodowymi dla Farmy Fotowoltaicznej PV UJAZD","address":"Grodzisk Wielkopolski","city":"Grodzisk Wielkopolski","office":"Starosta Powiatu Grodzisk Wielkopolski","case_kind":"Obiekt budowlany inny niż budynek mieszkalny jednorodzinny","parcel_ids":["300502_4.0001.2978","300502_4.0001.3004","300502_4.0001.3006/4","300502_4.0001.3015/3","300502_4.0001.3023","300502_4.0001.3041/1","300502_4.0001.3041/3","300502_4.0001.3136/1","300502_4.0001.3394","300502_4.0001.3495","300502_4.0001.36","300502_4.0001.56","300502_4.0001.57/9","300502_4.0001.58/8","300502_5.0005.5138","300502_5.0009.10","300502_5.0009.11","300502_5.0009.111/2","300502_5.0009.12","300502_5.0009.17","300502_5.0009.5136/1","300502_5.0009.5136/3","300502_5.0009.5136/5","300502_5.0009.5136/6","300502_5.0009.5137/3","300502_5.0009.61/13","300502_5.0009.61/17","300502_5.0017.157","300502_5.0017.167","300502_5.0017.171","300502_5.0017.200","300504_5.0008.52","300504_5.0008.60","300504_5.0008.69","300504_5.0008.70","300504_5.0008.73","300504_5.0008.82/2","300504_5.0008.86","300504_5.0008.91/10"],"location_quality":"dokładny","gunb_url":"https://wyszukiwarka.gunb.gov.pl/","parcel_count":39,"parcel_shard":"x065-y208","parcel_id":"300502_4.0001.3495","location_source":"powiat grodziski (wielkopolski) (wfs)"}},{"type":"Feature","id":"ST-WK-WI/WNIOSEK/24744/2025::300502_4.0001.36","geometry":{"type":"Polygon","coordinates":[[[16.3476673910471,52.2299697771726],[16.3475184780774,52.2299955260192],[16.3471387089088,52.2300627081545],[16.3464495222327,52.2301846780899],[16.3460313475761,52.2302586721821],[16.3454618998795,52.2303603818983],[16.3448873738734,52.2304556029501],[16.3444276101098,52.2305310941934],[16.3442100684184,52.2305667879314],[16.3439575126571,52.2306082358011],[16.3437333455347,52.2306450338526],[16.3436269852184,52.2306630297519],[16.3433960760406,52.2307043215701],[16.3431451013741,52.2307336464031],[16.342684235559,52.2308189251214],[16.342378947567,52.2308685012402],[16.3421318349077,52.2309098793197],[16.3420808390954,52.2309171078029],[16.3421191627761,52.2310201341356],[16.3424549362341,52.2309656998825],[16.3427486631997,52.2309157318519],[16.3430455987563,52.2308673000405],[16.3432621233,52.2308349948629],[16.3435138579751,52.2307918379539],[16.3438343828748,52.2307403235448],[16.3440344352381,52.2307082494074],[16.3442459216836,52.2306739594348],[16.3449384534635,52.2305566860864],[16.3449806649353,52.230549521932],[16.3454518788233,52.2304695657604],[16.3455506653212,52.2304527598646],[16.345875607608,52.2303971171513],[16.3460655595504,52.2303646520934],[16.3460828542635,52.2303617334662],[16.3464574757785,52.2302984057637],[16.3468304920272,52.2302342634535],[16.3471872360432,52.2301732213054],[16.3473700096089,52.2301412737065],[16.3475806195335,52.2301060762969],[16.347640263297,52.2300970713296],[16.3476676941946,52.2301295054273],[16.3480696287498,52.2300538429925],[16.3484183417169,52.2299896290341],[16.3487988619415,52.2299194784743],[16.3491798175954,52.2298496873857],[16.3494584629414,52.2297984026055],[16.3498517339547,52.2297256765962],[16.3502486699752,52.2296538400859],[16.3505892311884,52.2295603125724],[16.350635250678,52.2295526173621],[16.3507526695798,52.2295294756504],[16.3510359519056,52.2294231894451],[16.3512845938463,52.2293298422364],[16.351339482264,52.2293101260445],[16.3515230804435,52.2292440174429],[16.3517068244548,52.229177908946],[16.3518921723094,52.2291126134736],[16.352083557851,52.229042210528],[16.3522766929017,52.2289727108449],[16.3524577935267,52.2289074929122],[16.3524708449368,52.2289042023422],[16.3526015822485,52.2288810048216],[16.3527339409265,52.2288766875757],[16.3527979796818,52.2288872869203],[16.3524851646959,52.2287646481239],[16.3521530604439,52.2288827607939],[16.3519616917946,52.2289509167489],[16.3517820818242,52.2290122728573],[16.3516067060122,52.2290750783172],[16.3514162146662,52.2291431458773],[16.3512646092922,52.2291979254312],[16.3512133920709,52.2292160335721],[16.3508450358038,52.2293465385363],[16.3504716253964,52.2294671411648],[16.3502165839542,52.2295138184357],[16.3498329951993,52.2295839653233],[16.3494278588709,52.2296580072361],[16.3490974752485,52.2297184091258],[16.3490079167274,52.2297347938088],[16.3487247497973,52.2297838179876],[16.348354667935,52.2298478845834],[16.3480610929489,52.2298987662942],[16.3478638128009,52.2299329224393],[16.3477030085871,52.2299634029262],[16.3476858591851,52.229966501975],[16.3476673910471,52.2299697771726]]]},"properties":{"case_id":"ST-WK-WI/WNIOSEK/24744/2025","source_type":"wniosek_decyzja","received_date":"2025-09-11","decision_date":"2025-12-05","status":"decyzja wydana","description":"Budowa elektroenergetycznych linii kablowych SN wraz z liniami światłowodowymi dla Farmy Fotowoltaicznej PV UJAZD","address":"Grodzisk Wielkopolski","city":"Grodzisk Wielkopolski","office":"Starosta Powiatu Grodzisk Wielkopolski","case_kind":"Obiekt budowlany inny niż budynek mieszkalny jednorodzinny","parcel_ids":["300502_4.0001.2978","300502_4.0001.3004","300502_4.0001.3006/4","300502_4.0001.3015/3","300502_4.0001.3023","300502_4.0001.3041/1","300502_4.0001.3041/3","300502_4.0001.3136/1","300502_4.0001.3394","300502_4.0001.3495","300502_4.0001.36","300502_4.0001.56","300502_4.0001.57/9","300502_4.0001.58/8","300502_5.0005.5138","300502_5.0009.10","300502_5.0009.11","300502_5.0009.111/2","300502_5.0009.12","300502_5.0009.17","300502_5.0009.5136/1","300502_5.0009.5136/3","300502_5.0009.5136/5","300502_5.0009.5136/6","300502_5.0009.5137/3","300502_5.0009.61/13","300502_5.0009.61/17","300502_5.0017.157","300502_5.0017.167","300502_5.0017.171","300502_5.0017.200","300504_5.0008.52","300504_5.0008.60","300504_5.0008.69","300504_5.0008.70","300504_5.0008.73","300504_5.0008.82/2","300504_5.0008.86","300504_5.0008.91/10"],"location_quality":"dokładny","gunb_url":"https://wyszukiwarka.gunb.gov.pl/","parcel_count":39,"parcel_shard":"x065-y208","parcel_id":"300502_4.0001.36","location_source":"powiat grodziski (wielkopolski) (wfs)"}},{"type":"Feature","id":"ST-WK-WI/WNIOSEK/24744/2025::300502_4.0001.56","geometry":{"type":"Polygon","coordinates":[[[16.3460301738851,52.2333839133096],[16.3462323879754,52.2338790202346],[16.3462961355477,52.2340326363762],[16.3463654603566,52.2342023521268],[16.3468510249623,52.2338657151495],[16.3464403194282,52.2329915234986],[16.346430083082,52.2329699227037],[16.3462730004814,52.233030433363],[16.345900404244,52.2331740342791],[16.3459345039725,52.2331878007518],[16.3460301738851,52.2333839133096]]]},"properties":{"case_id":"ST-WK-WI/WNIOSEK/24744/2025","source_type":"wniosek_decyzja","received_date":"2025-09-11","decision_date":"2025-12-05","status":"decyzja wydana","description":"Budowa elektroenergetycznych linii kablowych SN wraz z liniami światłowodowymi dla Farmy Fotowoltaicznej PV UJAZD","address":"Grodzisk Wielkopolski","city":"Grodzisk Wielkopolski","office":"Starosta Powiatu Grodzisk Wielkopolski","case_kind":"Obiekt budowlany inny niż budynek mieszkalny jednorodzinny","parcel_ids":["300502_4.0001.2978","300502_4.0001.3004","300502_4.0001.3006/4","300502_4.0001.3015/3","300502_4.0001.3023","300502_4.0001.3041/1","300502_4.0001.3041/3","300502_4.0001.3136/1","300502_4.0001.3394","300502_4.0001.3495","300502_4.0001.36","300502_4.0001.56","300502_4.0001.57/9","300502_4.0001.58/8","300502_5.0005.5138","300502_5.0009.10","300502_5.0009.11","300502_5.0009.111/2","300502_5.0009.12","300502_5.0009.17","300502_5.0009.5136/1","300502_5.0009.5136/3","300502_5.0009.5136/5","300502_5.0009.5136/6","300502_5.0009.5137/3","300502_5.0009.61/13","300502_5.0009.61/17","300502_5.0017.157","300502_5.0017.167","300502_5.0017.171","300502_5.0017.200","300504_5.0008.52","300504_5.0008.60","300504_5.0008.69","300504_5.0008.70","300504_5.0008.73","300504_5.0008.82/2","300504_5.0008.86","300504_5.0008.91/10"],"location_quality":"dokładny","gunb_url":"https://wyszukiwarka.gunb.gov.pl/","parcel_count":39,"parcel_shard":"x065-y208","parcel_id":"300502_4.0001.56","location_source":"powiat grodziski (wielkopolski) (wfs)"}},{"type":"Feature","id":"ST-WK-WI/WNIOSEK/24744/2025::300502_4.0001.57/9","geometry":{"type":"Polygon","coordinates":[[[16.3459652363175,52.2318944156051],[16.3459319496664,52.2318019211027],[16.3454348968031,52.2318702127024],[16.3453921078048,52.2318761170196],[16.3455401101121,52.2323160679095],[16.3456497495242,52.2325770559753],[16.345900404244,52.2331740342791],[16.3462730004814,52.233030433363],[16.3461555289842,52.2326983407826],[16.3460505363438,52.2324016975436],[16.3461180884119,52.2323927151253],[16.3462112840404,52.2323802976881],[16.3461699162434,52.2322716914122],[16.3461043121887,52.2322805623658],[16.3460695465044,52.2321840459214],[16.3460348250965,52.2320875026276],[16.3459999574379,52.2319909589181],[16.3459652363175,52.2318944156051]]]},"properties":{"case_id":"ST-WK-WI/WNIOSEK/24744/2025","source_type":"wniosek_decyzja","received_date":"2025-09-11","decision_date":"2025-12-05","status":"decyzja wydana","description":"Budowa elektroenergetycznych linii kablowych SN wraz z liniami światłowodowymi dla Farmy Fotowoltaicznej PV UJAZD","address":"Grodzisk Wielkopolski","city":"Grodzisk Wielkopolski","office":"Starosta Powiatu Grodzisk Wielkopolski","case_kind":"Obiekt budowlany inny niż budynek mieszkalny jednorodzinny","parcel_ids":["300502_4.0001.2978","300502_4.0001.3004","300502_4.0001.3006/4","300502_4.0001.3015/3","300502_4.0001.3023","300502_4.0001.3041/1","300502_4.0001.3041/3","300502_4.0001.3136/1","300502_4.0001.3394","300502_4.0001.3495","300502_4.0001.36","300502_4.0001.56","300502_4.0001.57/9","300502_4.0001.58/8","300502_5.0005.5138","300502_5.0009.10","300502_5.0009.11","300502_5.0009.111/2","300502_5.0009.12","300502_5.0009.17","300502_5.0009.5136/1","300502_5.0009.5136/3","300502_5.0009.5136/5","300502_5.0009.5136/6","300502_5.0009.5137/3","300502_5.0009.61/13","300502_5.0009.61/17","300502_5.0017.157","300502_5.0017.167","300502_5.0017.171","300502_5.0017.200","300504_5.0008.52","300504_5.0008.60","300504_5.0008.69","300504_5.0008.70","300504_5.0008.73","300504_5.0008.82/2","300504_5.0008.86","300504_5.0008.91/10"],"location_quality":"dokładny","gunb_url":"https://wyszukiwarka.gunb.gov.pl/","parcel_count":39,"parcel_shard":"x065-y208","parcel_id":"300502_4.0001.57/9","location_source":"powiat grodziski (wielkopolski) (wfs)"}},{"type":"Feature","id":"ST-WK-WI/WNIOSEK/24744/2025::300502_4.0001.58/8","geometry":{"type":"Polygon","coordinates":[[[16.3449806649353,52.230549521932],[16.3454348968031,52.2318702127024],[16.3459319496664,52.2318019211027],[16.3459305153555,52.2317978722828],[16.3458956481436,52.2317013285446],[16.3458609274691,52.2316047852031],[16.34582606056,52.2315082414459],[16.3457913401877,52.2314116980854],[16.3457564735668,52.231315154309],[16.3457217534966,52.2312186109296],[16.3456870335554,52.2311220675403],[16.3456521673813,52.2310255237352],[16.3456174477423,52.230928980327],[16.3455825812092,52.2308325263821],[16.3455478618723,52.230735982955],[16.3454909313829,52.2305740311351],[16.3454518788233,52.2304695657604],[16.3449806649353,52.230549521932]]]},"properties":{"case_id":"ST-WK-WI/WNIOSEK/24744/2025","source_type":"wniosek_decyzja","received_date":"2025-09-11","decision_date":"2025-12-05","status":"decyzja wydana","description":"Budowa elektroenergetycznych linii kablowych SN wraz z liniami światłowodowymi dla Farmy Fotowoltaicznej PV UJAZD","address":"Grodzisk Wielkopolski","city":"Grodzisk Wielkopolski","office":"Starosta Powiatu Grodzisk Wielkopolski","case_kind":"Obiekt budowlany inny niż budynek mieszkalny jednorodzinny","parcel_ids":["300502_4.0001.2978","300502_4.0001.3004","300502_4.0001.3006/4","300502_4.0001.3015/3","300502_4.0001.3023","300502_4.0001.3041/1","300502_4.0001.3041/3","300502_4.0001.3136/1","300502_4.0001.3394","300502_4.0001.3495","300502_4.0001.36","300502_4.0001.56","300502_4.0001.57/9","300502_4.0001.58/8","300502_5.0005.5138","300502_5.0009.10","300502_5.0009.11","300502_5.0009.111/2","300502_5.0009.12","300502_5.0009.17","300502_5.0009.5136/1","300502_5.0009.5136/3","300502_5.0009.5136/5","300502_5.0009.5136/6","300502_5.0009.5137/3","300502_5.0009.61/13","300502_5.0009.61/17","300502_5.0017.157","300502_5.0017.167","300502_5.0017.171","300502_5.0017.200","300504_5.0008.52","300504_5.0008.60","300504_5.0008.69","300504_5.0008.70","300504_5.0008.73","300504_5.0008.82/2","300504_5.0008.86","300504_5.0008.91/10"],"location_quality":"dokładny","gunb_url":"https://wyszukiwarka.gunb.gov.pl/","parcel_count":39,"parcel_shard":"x065-y208","parcel_id":"300502_4.0001.58/8","location_source":"powiat grodziski (wielkopolski) (wfs)"}},{"type":"Feature","id":"ST-WK-WI/WNIOSEK/24744/2025::300502_5.0005.5138","geometry":{"type":"Polygon","coordinates":[[[16.3078595208085,52.2143553696552],[16.3129227790544,52.2152831122432],[16.3136905255917,52.2137390045914],[16.3137044062195,52.2137085594455],[16.314170375403,52.2126846354447],[16.3141926317913,52.2126355810286],[16.3158007140152,52.2090110078394],[16.3151822406252,52.2092382065597],[16.3127055004684,52.209308030729],[16.3121473467598,52.2099444096702],[16.3114012117709,52.2102495883757],[16.3108465814131,52.2104499884898],[16.3095303890459,52.2109096139542],[16.3078595208085,52.2143553696552]]]},"properties":{"case_id":"ST-WK-WI/WNIOSEK/24744/2025","source_type":"wniosek_decyzja","received_date":"2025-09-11","decision_date":"2025-12-05","status":"decyzja wydana","description":"Budowa elektroenergetycznych linii kablowych SN wraz z liniami światłowodowymi dla Farmy Fotowoltaicznej PV UJAZD","address":"Grodzisk Wielkopolski","city":"Grodzisk Wielkopolski","office":"Starosta Powiatu Grodzisk Wielkopolski","case_kind":"Obiekt budowlany inny niż budynek mieszkalny jednorodzinny","parcel_ids":["300502_4.0001.2978","300502_4.0001.3004","300502_4.0001.3006/4","300502_4.0001.3015/3","300502_4.0001.3023","300502_4.0001.3041/1","300502_4.0001.3041/3","300502_4.0001.3136/1","300502_4.0001.3394","300502_4.0001.3495","300502_4.0001.36","300502_4.0001.56","300502_4.0001.57/9","300502_4.0001.58/8","300502_5.0005.5138","300502_5.0009.10","300502_5.0009.11","300502_5.0009.111/2","300502_5.0009.12","300502_5.0009.17","300502_5.0009.5136/1","300502_5.0009.5136/3","300502_5.0009.5136/5","300502_5.0009.5136/6","300502_5.0009.5137/3","300502_5.0009.61/13","300502_5.0009.61/17","300502_5.0017.157","300502_5.0017.167","300502_5.0017.171","300502_5.0017.200","300504_5.0008.52","300504_5.0008.60","300504_5.0008.69","300504_5.0008.70","300504_5.0008.73","300504_5.0008.82/2","300504_5.0008.86","300504_5.0008.91/10"],"location_quality":"dokładny","gunb_url":"https://wyszukiwarka.gunb.gov.pl/","parcel_count":39,"parcel_shard":"x065-y208","parcel_id":"300502_5.0005.5138","location_source":"powiat grodziski (wielkopolski) (wfs)"}},{"type":"Feature","id":"ST-WK-WI/WNIOSEK/24744/2025::300502_5.0009.10","geometry":{"type":"Polygon","coordinates":[[[16.3226640491174,52.2096007716519],[16.3249515827924,52.2092613506452],[16.3265513080055,52.2090238948114],[16.3266537137014,52.2090085645055],[16.3269131573264,52.2089701031954],[16.3269021668512,52.2089343861874],[16.3256970416924,52.2091134244404],[16.324940593119,52.209225723346],[16.3226502756054,52.2095658550128],[16.3225155069186,52.2095858612564],[16.3226640491174,52.2096007716519]]]},"properties":{"case_id":"ST-WK-WI/WNIOSEK/24744/2025","source_type":"wniosek_decyzja","received_date":"2025-09-11","decision_date":"2025-12-05","status":"decyzja wydana","description":"Budowa elektroenergetycznych linii kablowych SN wraz z liniami światłowodowymi dla Farmy Fotowoltaicznej PV UJAZD","address":"Grodzisk Wielkopolski","city":"Grodzisk Wielkopolski","office":"Starosta Powiatu Grodzisk Wielkopolski","case_kind":"Obiekt budowlany inny niż budynek mieszkalny jednorodzinny","parcel_ids":["300502_4.0001.2978","300502_4.0001.3004","300502_4.0001.3006/4","300502_4.0001.3015/3","300502_4.0001.3023","300502_4.0001.3041/1","300502_4.0001.3041/3","300502_4.0001.3136/1","300502_4.0001.3394","300502_4.0001.3495","300502_4.0001.36","300502_4.0001.56","300502_4.0001.57/9","300502_4.0001.58/8","300502_5.0005.5138","300502_5.0009.10","300502_5.0009.11","300502_5.0009.111/2","300502_5.0009.12","300502_5.0009.17","300502_5.0009.5136/1","300502_5.0009.5136/3","300502_5.0009.5136/5","300502_5.0009.5136/6","300502_5.0009.5137/3","300502_5.0009.61/13","300502_5.0009.61/17","300502_5.0017.157","300502_5.0017.167","300502_5.0017.171","300502_5.0017.200","300504_5.0008.52","300504_5.0008.60","300504_5.0008.69","300504_5.0008.70","300504_5.0008.73","300504_5.0008.82/2","300504_5.0008.86","300504_5.0008.91/10"],"location_quality":"dokładny","gunb_url":"https://wyszukiwarka.gunb.gov.pl/","parcel_count":39,"parcel_shard":"x065-y208","parcel_id":"300502_5.0009.10","location_source":"powiat grodziski (wielkopolski) (wfs)"}},{"type":"Feature","id":"ST-WK-WI/WNIOSEK/24744/2025::300502_5.0009.11","geometry":{"type":"Polygon","coordinates":[[[16.3198391516584,52.2099831341608],[16.3222252853789,52.2096326435024],[16.3225155069186,52.2095858612564],[16.3226502756054,52.2095658550128],[16.321836102131,52.2079681418129],[16.3205804955793,52.2081310355543],[16.3190420549106,52.2084210475752],[16.3195562790257,52.2094314671871],[16.3198391516584,52.2099831341608]]]},"properties":{"case_id":"ST-WK-WI/WNIOSEK/24744/2025","source_type":"wniosek_decyzja","received_date":"2025-09-11","decision_date":"2025-12-05","status":"decyzja wydana","description":"Budowa elektroenergetycznych linii kablowych SN wraz z liniami światłowodowymi dla Farmy Fotowoltaicznej PV UJAZD","address":"Grodzisk Wielkopolski","city":"Grodzisk Wielkopolski","office":"Starosta Powiatu Grodzisk Wielkopolski","case_kind":"Obiekt budowlany inny niż budynek mieszkalny jednorodzinny","parcel_ids":["300502_4.0001.2978","300502_4.0001.3004","300502_4.0001.3006/4","300502_4.0001.3015/3","300502_4.0001.3023","300502_4.0001.3041/1","300502_4.0001.3041/3","300502_4.0001.3136/1","300502_4.0001.3394","300502_4.0001.3495","300502_4.0001.36","300502_4.0001.56","300502_4.0001.57/9","300502_4.0001.58/8","300502_5.0005.5138","300502_5.0009.10","300502_5.0009.11","300502_5.0009.111/2","300502_5.0009.12","300502_5.0009.17","300502_5.0009.5136/1","300502_5.0009.5136/3","300502_5.0009.5136/5","300502_5.0009.5136/6","300502_5.0009.5137/3","300502_5.0009.61/13","300502_5.0009.61/17","300502_5.0017.157","300502_5.0017.167","300502_5.0017.171","300502_5.0017.200","300504_5.0008.52","300504_5.0008.60","300504_5.0008.69","300504_5.0008.70","300504_5.0008.73","300504_5.0008.82/2","300504_5.0008.86","300504_5.0008.91/10"],"location_quality":"dokładny","gunb_url":"https://wyszukiwarka.gunb.gov.pl/","parcel_count":39,"parcel_shard":"x065-y208","parcel_id":"300502_5.0009.11","location_source":"powiat grodziski (wielkopolski) (wfs)"}},{"type":"Feature","id":"ST-WK-WI/WNIOSEK/24744/2025::300502_5.0009.111/2","geometry":{"type":"Polygon","coordinates":[[[16.3286087288864,52.2148080569514],[16.3286124177623,52.2148188912951],[16.3287679757479,52.2148535424813],[16.3302031990692,52.2151677835357],[16.3305823413152,52.2152507740521],[16.3306783812345,52.2152717960132],[16.3310576541873,52.2153548132104],[16.3314185274847,52.2154337942676],[16.3315148597206,52.2154549085036],[16.3319396620329,52.2155479074533],[16.3344289112807,52.2160995318847],[16.3347371742266,52.2161675513401],[16.3348462355314,52.2161916162658],[16.3349552970107,52.2162156828924],[16.3353429614036,52.2163012267769],[16.3356860252989,52.2163762617238],[16.3359027240063,52.2164236645011],[16.3362454772831,52.2164986409482],[16.3365358097959,52.2165621362872],[16.3365056466496,52.2164884140688],[16.3328417117495,52.2156818952159],[16.3327537370074,52.2156662604307],[16.3326187232508,52.2156435167227],[16.332466596707,52.2156112586928],[16.3323019529993,52.2155763554149],[16.3318659843609,52.2154838673076],[16.3318151407588,52.2154731145065],[16.331611195626,52.2154282138062],[16.33030381343,52.2151417518598],[16.3297010409629,52.2150096748298],[16.3288880517149,52.2148314120103],[16.3286938985988,52.214788870989],[16.3286087288864,52.2148080569514]]]},"properties":{"case_id":"ST-WK-WI/WNIOSEK/24744/2025","source_type":"wniosek_decyzja","received_date":"2025-09-11","decision_date":"2025-12-05","status":"decyzja wydana","description":"Budowa elektroenergetycznych linii kablowych SN wraz z liniami światłowodowymi dla Farmy Fotowoltaicznej PV UJAZD","address":"Grodzisk Wielkopolski","city":"Grodzisk Wielkopolski","office":"Starosta Powiatu Grodzisk Wielkopolski","case_kind":"Obiekt budowlany inny niż budynek mieszkalny jednorodzinny","parcel_ids":["300502_4.0001.2978","300502_4.0001.3004","300502_4.0001.3006/4","300502_4.0001.3015/3","300502_4.0001.3023","300502_4.0001.3041/1","300502_4.0001.3041/3","300502_4.0001.3136/1","300502_4.0001.3394","300502_4.0001.3495","300502_4.0001.36","300502_4.0001.56","300502_4.0001.57/9","300502_4.0001.58/8","300502_5.0005.5138","300502_5.0009.10","300502_5.0009.11","300502_5.0009.111/2","300502_5.0009.12","300502_5.0009.17","300502_5.0009.5136/1","300502_5.0009.5136/3","300502_5.0009.5136/5","300502_5.0009.5136/6","300502_5.0009.5137/3","300502_5.0009.61/13","300502_5.0009.61/17","300502_5.0017.157","300502_5.0017.167","300502_5.0017.171","300502_5.0017.200","300504_5.0008.52","300504_5.0008.60","300504_5.0008.69","300504_5.0008.70","300504_5.0008.73","300504_5.0008.82/2","300504_5.0008.86","300504_5.0008.91/10"],"location_quality":"dokładny","gunb_url":"https://wyszukiwarka.gunb.gov.pl/","parcel_count":39,"parcel_shard":"x065-y208","parcel_id":"300502_5.0009.111/2","location_source":"powiat grodziski (wielkopolski) (wfs)"}},{"type":"Feature","id":"ST-WK-WI/WNIOSEK/24744/2025::300502_5.0009.12","geometry":{"type":"Polygon","coordinates":[[[16.3226502756054,52.2095658550128],[16.324940593119,52.209225723346],[16.3256970416924,52.2091134244404],[16.3253160297757,52.2077939428357],[16.3251464757968,52.2078477373411],[16.3247342761045,52.2079280552758],[16.3244599078297,52.2079322832796],[16.3236773649895,52.2078843196178],[16.3229552042572,52.2077861025729],[16.3226955872922,52.2078124821088],[16.3221447945043,52.2079341790351],[16.321836102131,52.2079681418129],[16.3226502756054,52.2095658550128]]]},"properties":{"case_id":"ST-WK-WI/WNIOSEK/24744/2025","source_type":"wniosek_decyzja","received_date":"2025-09-11","decision_date":"2025-12-05","status":"decyzja wydana","description":"Budowa elektroenergetycznych linii kablowych SN wraz z liniami światłowodowymi dla Farmy Fotowoltaicznej PV UJAZD","address":"Grodzisk Wielkopolski","city":"Grodzisk Wielkopolski","office":"Starosta Powiatu Grodzisk Wielkopolski","case_kind":"Obiekt budowlany inny niż budynek mieszkalny jednorodzinny","parcel_ids":["300502_4.0001.2978","300502_4.0001.3004","300502_4.0001.3006/4","300502_4.0001.3015/3","300502_4.0001.3023","300502_4.0001.3041/1","300502_4.0001.3041/3","300502_4.0001.3136/1","300502_4.0001.3394","300502_4.0001.3495","300502_4.0001.36","300502_4.0001.56","300502_4.0001.57/9","300502_4.0001.58/8","300502_5.0005.5138","300502_5.0009.10","300502_5.0009.11","300502_5.0009.111/2","300502_5.0009.12","300502_5.0009.17","300502_5.0009.5136/1","300502_5.0009.5136/3","300502_5.0009.5136/5","300502_5.0009.5136/6","300502_5.0009.5137/3","300502_5.0009.61/13","300502_5.0009.61/17","300502_5.0017.157","300502_5.0017.167","300502_5.0017.171","300502_5.0017.200","300504_5.0008.52","300504_5.0008.60","300504_5.0008.69","300504_5.0008.70","300504_5.0008.73","300504_5.0008.82/2","300504_5.0008.86","300504_5.0008.91/10"],"location_quality":"dokładny","gunb_url":"https://wyszukiwarka.gunb.gov.pl/","parcel_count":39,"parcel_shard":"x065-y208","parcel_id":"300502_5.0009.12","location_source":"powiat grodziski (wielkopolski) (wfs)"}},{"type":"Feature","id":"ST-WK-WI/WNIOSEK/24744/2025::300502_5.0009.17","geometry":{"type":"Polygon","coordinates":[[[16.3275060637895,52.2109964345253],[16.3276415340949,52.2110375474691],[16.3276152511196,52.2109491343727],[16.3274985387425,52.2105581068337],[16.3271540113686,52.2094037887828],[16.327018943317,52.208951175985],[16.3270092459884,52.2089185189003],[16.326770634404,52.2081193608953],[16.32654672533,52.2073688738122],[16.3265368823989,52.2073362162534],[16.3263144068926,52.2065905866634],[16.3262867653337,52.206456844575],[16.3262236266062,52.2064977621612],[16.3262340539366,52.2066612326536],[16.3262676901466,52.2068232563363],[16.3263001493985,52.206930319543],[16.3264259396684,52.2073439311405],[16.3264359104053,52.2073763703197],[16.3266605110121,52.2081318033932],[16.3269021668512,52.2089343861874],[16.3269131573264,52.2089701031954],[16.3270552036248,52.2094473653665],[16.327338491599,52.2104213970919],[16.3273513562865,52.210465205312],[16.3275060637895,52.2109964345253]]]},"properties":{"case_id":"ST-WK-WI/WNIOSEK/24744/2025","source_type":"wniosek_decyzja","received_date":"2025-09-11","decision_date":"2025-12-05","status":"decyzja wydana","description":"Budowa elektroenergetycznych linii kablowych SN wraz z liniami światłowodowymi dla Farmy Fotowoltaicznej PV UJAZD","address":"Grodzisk Wielkopolski","city":"Grodzisk Wielkopolski","office":"Starosta Powiatu Grodzisk Wielkopolski","case_kind":"Obiekt budowlany inny niż budynek mieszkalny jednorodzinny","parcel_ids":["300502_4.0001.2978","300502_4.0001.3004","300502_4.0001.3006/4","300502_4.0001.3015/3","300502_4.0001.3023","300502_4.0001.3041/1","300502_4.0001.3041/3","300502_4.0001.3136/1","300502_4.0001.3394","300502_4.0001.3495","300502_4.0001.36","300502_4.0001.56","300502_4.0001.57/9","300502_4.0001.58/8","300502_5.0005.5138","300502_5.0009.10","300502_5.0009.11","300502_5.0009.111/2","300502_5.0009.12","300502_5.0009.17","300502_5.0009.5136/1","300502_5.0009.5136/3","300502_5.0009.5136/5","300502_5.0009.5136/6","300502_5.0009.5137/3","300502_5.0009.61/13","300502_5.0009.61/17","300502_5.0017.157","300502_5.0017.167","300502_5.0017.171","300502_5.0017.200","300504_5.0008.52","300504_5.0008.60","300504_5.0008.69","300504_5.0008.70","300504_5.0008.73","300504_5.0008.82/2","300504_5.0008.86","300504_5.0008.91/10"],"location_quality":"dokładny","gunb_url":"https://wyszukiwarka.gunb.gov.pl/","parcel_count":39,"parcel_shard":"x065-y208","parcel_id":"300502_5.0009.17","location_source":"powiat grodziski (wielkopolski) (wfs)"}},{"type":"Feature","id":"ST-WK-WI/WNIOSEK/24744/2025::300502_5.0009.5136/1","geometry":{"type":"Polygon","coordinates":[[[16.3188454843392,52.2162601617042],[16.3227422145434,52.2169349834066],[16.3232273579603,52.2167590360435],[16.3233396646895,52.2167219132869],[16.3234686339302,52.2166792105644],[16.3235542464652,52.2165760531897],[16.3246959914708,52.2161937321023],[16.3255686969455,52.2159912225746],[16.3258403451149,52.2159635428164],[16.3262192587963,52.2158623009768],[16.3266900950169,52.215879838824],[16.3269287489216,52.2159873523128],[16.3281572553629,52.2157384871794],[16.3281945901688,52.2153271208054],[16.3288029756493,52.2153594607045],[16.3286476007074,52.2149243007199],[16.3286124177623,52.2148188912951],[16.3286087288864,52.2148080569514],[16.3285080080316,52.214782705949],[16.3279630342108,52.2146455363671],[16.3283905830658,52.2142793043161],[16.3284332298504,52.2142427732913],[16.3284199537476,52.2140091201781],[16.3284073057596,52.2137859252735],[16.3283987556738,52.213636185981],[16.3282319661595,52.2135927622927],[16.3280476333165,52.2131230397177],[16.327689608496,52.2131387533569],[16.3268391655469,52.2132759531548],[16.3221601946113,52.2134399265291],[16.3217190064473,52.2132174644566],[16.3212610310464,52.2132180990663],[16.3208536317705,52.2134932083946],[16.3204266224285,52.2136993256481],[16.3201008774214,52.213718250348],[16.3188454843392,52.2162601617042]]]},"properties":{"case_id":"ST-WK-WI/WNIOSEK/24744/2025","source_type":"wniosek_decyzja","received_date":"2025-09-11","decision_date":"2025-12-05","status":"decyzja wydana","description":"Budowa elektroenergetycznych linii kablowych SN wraz z liniami światłowodowymi dla Farmy Fotowoltaicznej PV UJAZD","address":"Grodzisk Wielkopolski","city":"Grodzisk Wielkopolski","office":"Starosta Powiatu Grodzisk Wielkopolski","case_kind":"Obiekt budowlany inny niż budynek mieszkalny jednorodzinny","parcel_ids":["300502_4.0001.2978","300502_4.0001.3004","300502_4.0001.3006/4","300502_4.0001.3015/3","300502_4.0001.3023","300502_4.0001.3041/1","300502_4.0001.3041/3","300502_4.0001.3136/1","300502_4.0001.3394","300502_4.0001.3495","300502_4.0001.36","300502_4.0001.56","300502_4.0001.57/9","300502_4.0001.58/8","300502_5.0005.5138","300502_5.0009.10","300502_5.0009.11","300502_5.0009.111/2","300502_5.0009.12","300502_5.0009.17","300502_5.0009.5136/1","300502_5.0009.5136/3","300502_5.0009.5136/5","300502_5.0009.5136/6","300502_5.0009.5137/3","300502_5.0009.61/13","300502_5.0009.61/17","300502_5.0017.157","300502_5.0017.167","300502_5.0017.171","300502_5.0017.200","300504_5.0008.52","300504_5.0008.60","300504_5.0008.69","300504_5.0008.70","300504_5.0008.73","300504_5.0008.82/2","300504_5.0008.86","300504_5.0008.91/10"],"location_quality":"dokładny","gunb_url":"https://wyszukiwarka.gunb.gov.pl/","parcel_count":39,"parcel_shard":"x065-y208","parcel_id":"300502_5.0009.5136/1","location_source":"powiat grodziski (wielkopolski) (wfs)"}},{"type":"Feature","id":"ST-WK-WI/WNIOSEK/24744/2025::300502_5.0009.5136/3","geometry":{"type":"Polygon","coordinates":[[[16.3201056895531,52.213683142069],[16.3201008774214,52.213718250348],[16.3204266224285,52.2136993256481],[16.3208536317705,52.2134932083946],[16.3212610310464,52.2132180990663],[16.3217190064473,52.2132174644566],[16.3221601946113,52.2134399265291],[16.3268391655469,52.2132759531548],[16.327689608496,52.2131387533569],[16.3280476333165,52.2131230397177],[16.3282319661595,52.2135927622927],[16.3283987556738,52.213636185981],[16.3283870320336,52.2136012634789],[16.3282745428928,52.213568104453],[16.3280906045083,52.2130919957851],[16.327669547891,52.2131039245893],[16.3268249565416,52.2132410584502],[16.3227864643808,52.213390662743],[16.3221842610954,52.2134126919122],[16.3217395167209,52.2131837981698],[16.321246719764,52.2131796095284],[16.3208211378377,52.2134632814708],[16.320395431797,52.2136689346104],[16.3201056895531,52.213683142069]]]},"properties":{"case_id":"ST-WK-WI/WNIOSEK/24744/2025","source_type":"wniosek_decyzja","received_date":"2025-09-11","decision_date":"2025-12-05","status":"decyzja wydana","description":"Budowa elektroenergetycznych linii kablowych SN wraz z liniami światłowodowymi dla Farmy Fotowoltaicznej PV UJAZD","address":"Grodzisk Wielkopolski","city":"Grodzisk Wielkopolski","office":"Starosta Powiatu Grodzisk Wielkopolski","case_kind":"Obiekt budowlany inny niż budynek mieszkalny jednorodzinny","parcel_ids":["300502_4.0001.2978","300502_4.0001.3004","300502_4.0001.3006/4","300502_4.0001.3015/3","300502_4.0001.3023","300502_4.0001.3041/1","300502_4.0001.3041/3","300502_4.0001.3136/1","300502_4.0001.3394","300502_4.0001.3495","300502_4.0001.36","300502_4.0001.56","300502_4.0001.57/9","300502_4.0001.58/8","300502_5.0005.5138","300502_5.0009.10","300502_5.0009.11","300502_5.0009.111/2","300502_5.0009.12","300502_5.0009.17","300502_5.0009.5136/1","300502_5.0009.5136/3","300502_5.0009.5136/5","300502_5.0009.5136/6","300502_5.0009.5137/3","300502_5.0009.61/13","300502_5.0009.61/17","300502_5.0017.157","300502_5.0017.167","300502_5.0017.171","300502_5.0017.200","300504_5.0008.52","300504_5.0008.60","300504_5.0008.69","300504_5.0008.70","300504_5.0008.73","300504_5.0008.82/2","300504_5.0008.86","300504_5.0008.91/10"],"location_quality":"dokładny","gunb_url":"https://wyszukiwarka.gunb.gov.pl/","parcel_count":39,"parcel_shard":"x065-y208","parcel_id":"300502_5.0009.5136/3","location_source":"powiat grodziski (wielkopolski) (wfs)"}},{"type":"Feature","id":"ST-WK-WI/WNIOSEK/24744/2025::300502_5.0009.5136/5","geometry":{"type":"Polygon","coordinates":[[[16.3201056895531,52.213683142069],[16.320395431797,52.2136689346104],[16.3208211378377,52.2134632814708],[16.321246719764,52.2131796095284],[16.3217395167209,52.2131837981698],[16.3221842610954,52.2134126919122],[16.3227864643808,52.213390662743],[16.3268249565416,52.2132410584502],[16.327669547891,52.2131039245893],[16.3280906045083,52.2130919957851],[16.3282745428928,52.213568104453],[16.3283870320336,52.2136012634789],[16.3275060637895,52.2109964345253],[16.3264967723208,52.2108398755242],[16.326397959713,52.2108431891241],[16.3254483939955,52.2108753707586],[16.3246547227384,52.2109157395254],[16.3238188534639,52.2114327367591],[16.3226985046516,52.2115570734204],[16.3216391365876,52.2118345668942],[16.3208898746188,52.2120306355078],[16.3201056895531,52.213683142069]]]},"properties":{"case_id":"ST-WK-WI/WNIOSEK/24744/2025","source_type":"wniosek_decyzja","received_date":"2025-09-11","decision_date":"2025-12-05","status":"decyzja wydana","description":"Budowa elektroenergetycznych linii kablowych SN wraz z liniami światłowodowymi dla Farmy Fotowoltaicznej PV UJAZD","address":"Grodzisk Wielkopolski","city":"Grodzisk Wielkopolski","office":"Starosta Powiatu Grodzisk Wielkopolski","case_kind":"Obiekt budowlany inny niż budynek mieszkalny jednorodzinny","parcel_ids":["300502_4.0001.2978","300502_4.0001.3004","300502_4.0001.3006/4","300502_4.0001.3015/3","300502_4.0001.3023","300502_4.0001.3041/1","300502_4.0001.3041/3","300502_4.0001.3136/1","300502_4.0001.3394","300502_4.0001.3495","300502_4.0001.36","300502_4.0001.56","300502_4.0001.57/9","300502_4.0001.58/8","300502_5.0005.5138","300502_5.0009.10","300502_5.0009.11","300502_5.0009.111/2","300502_5.0009.12","300502_5.0009.17","300502_5.0009.5136/1","300502_5.0009.5136/3","300502_5.0009.5136/5","300502_5.0009.5136/6","300502_5.0009.5137/3","300502_5.0009.61/13","300502_5.0009.61/17","300502_5.0017.157","300502_5.0017.167","300502_5.0017.171","300502_5.0017.200","300504_5.0008.52","300504_5.0008.60","300504_5.0008.69","300504_5.0008.70","300504_5.0008.73","300504_5.0008.82/2","300504_5.0008.86","300504_5.0008.91/10"],"location_quality":"dokładny","gunb_url":"https://wyszukiwarka.gunb.gov.pl/","parcel_count":39,"parcel_shard":"x065-y208","parcel_id":"300502_5.0009.5136/5","location_source":"powiat grodziski (wielkopolski) (wfs)"}},{"type":"Feature","id":"ST-WK-WI/WNIOSEK/24744/2025::300502_5.0009.5136/6","geometry":{"type":"Polygon","coordinates":[[[16.32839891728,52.2136047495499],[16.3283999202187,52.2131662631395],[16.3276415340949,52.2110375474691],[16.3275060637895,52.2109964345253],[16.3283870320336,52.2136012634789],[16.3283987556738,52.213636185981],[16.3283988170914,52.2136177827883],[16.32839891728,52.2136047495499]]]},"properties":{"case_id":"ST-WK-WI/WNIOSEK/24744/2025","source_type":"wniosek_decyzja","received_date":"2025-09-11","decision_date":"2025-12-05","status":"decyzja wydana","description":"Budowa elektroenergetycznych linii kablowych SN wraz z liniami światłowodowymi dla Farmy Fotowoltaicznej PV UJAZD","address":"Grodzisk Wielkopolski","city":"Grodzisk Wielkopolski","office":"Starosta Powiatu Grodzisk Wielkopolski","case_kind":"Obiekt budowlany inny niż budynek mieszkalny jednorodzinny","parcel_ids":["300502_4.0001.2978","300502_4.0001.3004","300502_4.0001.3006/4","300502_4.0001.3015/3","300502_4.0001.3023","300502_4.0001.3041/1","300502_4.0001.3041/3","300502_4.0001.3136/1","300502_4.0001.3394","300502_4.0001.3495","300502_4.0001.36","300502_4.0001.56","300502_4.0001.57/9","300502_4.0001.58/8","300502_5.0005.5138","300502_5.0009.10","300502_5.0009.11","300502_5.0009.111/2","300502_5.0009.12","300502_5.0009.17","300502_5.0009.5136/1","300502_5.0009.5136/3","300502_5.0009.5136/5","300502_5.0009.5136/6","300502_5.0009.5137/3","300502_5.0009.61/13","300502_5.0009.61/17","300502_5.0017.157","300502_5.0017.167","300502_5.0017.171","300502_5.0017.200","300504_5.0008.52","300504_5.0008.60","300504_5.0008.69","300504_5.0008.70","300504_5.0008.73","300504_5.0008.82/2","300504_5.0008.86","300504_5.0008.91/10"],"location_quality":"dokładny","gunb_url":"https://wyszukiwarka.gunb.gov.pl/","parcel_count":39,"parcel_shard":"x065-y208","parcel_id":"300502_5.0009.5136/6","location_source":"powiat grodziski (wielkopolski) (wfs)"}},{"type":"Feature","id":"ST-WK-WI/WNIOSEK/24744/2025::300502_5.0009.5137/3","geometry":{"type":"Polygon","coordinates":[[[16.3141926317913,52.2126355810286],[16.3148600824329,52.2125489586855],[16.3157122757483,52.2124702498676],[16.3166631093468,52.2123131347551],[16.3179264265331,52.2122828529625],[16.3191391800024,52.2120769518088],[16.3208733025427,52.2119981373157],[16.3202233455656,52.2107315935878],[16.3198391516584,52.2099831341608],[16.3195562790257,52.2094314671871],[16.3190420549106,52.2084210475752],[16.3190261719731,52.2083903061088],[16.3181317475767,52.208469204288],[16.3159939224974,52.2089691248304],[16.3158007140152,52.2090110078394],[16.3141926317913,52.2126355810286]]]},"properties":{"case_id":"ST-WK-WI/WNIOSEK/24744/2025","source_type":"wniosek_decyzja","received_date":"2025-09-11","decision_date":"2025-12-05","status":"decyzja wydana","description":"Budowa elektroenergetycznych linii kablowych SN wraz z liniami światłowodowymi dla Farmy Fotowoltaicznej PV UJAZD","address":"Grodzisk Wielkopolski","city":"Grodzisk Wielkopolski","office":"Starosta Powiatu Grodzisk Wielkopolski","case_kind":"Obiekt budowlany inny niż budynek mieszkalny jednorodzinny","parcel_ids":["300502_4.0001.2978","300502_4.0001.3004","300502_4.0001.3006/4","300502_4.0001.3015/3","300502_4.0001.3023","300502_4.0001.3041/1","300502_4.0001.3041/3","300502_4.0001.3136/1","300502_4.0001.3394","300502_4.0001.3495","300502_4.0001.36","300502_4.0001.56","300502_4.0001.57/9","300502_4.0001.58/8","300502_5.0005.5138","300502_5.0009.10","300502_5.0009.11","300502_5.0009.111/2","300502_5.0009.12","300502_5.0009.17","300502_5.0009.5136/1","300502_5.0009.5136/3","300502_5.0009.5136/5","300502_5.0009.5136/6","300502_5.0009.5137/3","300502_5.0009.61/13","300502_5.0009.61/17","300502_5.0017.157","300502_5.0017.167","300502_5.0017.171","300502_5.0017.200","300504_5.0008.52","300504_5.0008.60","300504_5.0008.69","300504_5.0008.70","300504_5.0008.73","300504_5.0008.82/2","300504_5.0008.86","300504_5.0008.91/10"],"location_quality":"dokładny","gunb_url":"https://wyszukiwarka.gunb.gov.pl/","parcel_count":39,"parcel_shard":"x065-y208","parcel_id":"300502_5.0009.5137/3","location_source":"powiat grodziski (wielkopolski) (wfs)"}},{"type":"Feature","id":"ST-WK-WI/WNIOSEK/24744/2025::300502_5.0009.61/13","geometry":{"type":"Polygon","coordinates":[[[16.3297010409629,52.2150096748298],[16.33030381343,52.2151417518598],[16.3302502298375,52.2150823208147],[16.3296999644577,52.2149618699697],[16.3295239394576,52.214766472472],[16.3293874023797,52.2146149473076],[16.3291135111572,52.2143109866034],[16.3290814646784,52.2143218670338],[16.3297010409629,52.2150096748298]]]},"properties":{"case_id":"ST-WK-WI/WNIOSEK/24744/2025","source_type":"wniosek_decyzja","received_date":"2025-09-11","decision_date":"2025-12-05","status":"decyzja wydana","description":"Budowa elektroenergetycznych linii kablowych SN wraz z liniami światłowodowymi dla Farmy Fotowoltaicznej PV UJAZD","address":"Grodzisk Wielkopolski","city":"Grodzisk Wielkopolski","office":"Starosta Powiatu Grodzisk Wielkopolski","case_kind":"Obiekt budowlany inny niż budynek mieszkalny jednorodzinny","parcel_ids":["300502_4.0001.2978","300502_4.0001.3004","300502_4.0001.3006/4","300502_4.0001.3015/3","300502_4.0001.3023","300502_4.0001.3041/1","300502_4.0001.3041/3","300502_4.0001.3136/1","300502_4.0001.3394","300502_4.0001.3495","300502_4.0001.36","300502_4.0001.56","300502_4.0001.57/9","300502_4.0001.58/8","300502_5.0005.5138","300502_5.0009.10","300502_5.0009.11","300502_5.0009.111/2","300502_5.0009.12","300502_5.0009.17","300502_5.0009.5136/1","300502_5.0009.5136/3","300502_5.0009.5136/5","300502_5.0009.5136/6","300502_5.0009.5137/3","300502_5.0009.61/13","300502_5.0009.61/17","300502_5.0017.157","300502_5.0017.167","300502_5.0017.171","300502_5.0017.200","300504_5.0008.52","300504_5.0008.60","300504_5.0008.69","300504_5.0008.70","300504_5.0008.73","300504_5.0008.82/2","300504_5.0008.86","300504_5.0008.91/10"],"location_quality":"dokładny","gunb_url":"https://wyszukiwarka.gunb.gov.pl/","parcel_count":39,"parcel_shard":"x065-y208","parcel_id":"300502_5.0009.61/13","location_source":"powiat grodziski (wielkopolski) (wfs)"}},{"type":"Feature","id":"ST-WK-WI/WNIOSEK/24744/2025::300502_5.0009.61/17","geometry":{"type":"Polygon","coordinates":[[[16.3290814646784,52.2143218670338],[16.3291135111572,52.2143109866034],[16.3289279273159,52.2141049111109],[16.328742413013,52.2138989105821],[16.3283987556738,52.213636185981],[16.3284073057596,52.2137859252735],[16.3286142089387,52.2139424491536],[16.3287100165907,52.2139095589177],[16.3290814646784,52.2143218670338]]]},"properties":{"case_id":"ST-WK-WI/WNIOSEK/24744/2025","source_type":"wniosek_decyzja","received_date":"2025-09-11","decision_date":"2025-12-05","status":"decyzja wydana","description":"Budowa elektroenergetycznych linii kablowych SN wraz z liniami światłowodowymi dla Farmy Fotowoltaicznej PV UJAZD","address":"Grodzisk Wielkopolski","city":"Grodzisk Wielkopolski","office":"Starosta Powiatu Grodzisk Wielkopolski","case_kind":"Obiekt budowlany inny niż budynek mieszkalny jednorodzinny","parcel_ids":["300502_4.0001.2978","300502_4.0001.3004","300502_4.0001.3006/4","300502_4.0001.3015/3","300502_4.0001.3023","300502_4.0001.3041/1","300502_4.0001.3041/3","300502_4.0001.3136/1","300502_4.0001.3394","300502_4.0001.3495","300502_4.0001.36","300502_4.0001.56","300502_4.0001.57/9","300502_4.0001.58/8","300502_5.0005.5138","300502_5.0009.10","300502_5.0009.11","300502_5.0009.111/2","300502_5.0009.12","300502_5.0009.17","300502_5.0009.5136/1","300502_5.0009.5136/3","300502_5.0009.5136/5","300502_5.0009.5136/6","300502_5.0009.5137/3","300502_5.0009.61/13","300502_5.0009.61/17","300502_5.0017.157","300502_5.0017.167","300502_5.0017.171","300502_5.0017.200","300504_5.0008.52","300504_5.0008.60","300504_5.0008.69","300504_5.0008.70","300504_5.0008.73","300504_5.0008.82/2","300504_5.0008.86","300504_5.0008.91/10"],"location_quality":"dokładny","gunb_url":"https://wyszukiwarka.gunb.gov.pl/","parcel_count":39,"parcel_shard":"x065-y208","parcel_id":"300502_5.0009.61/17","location_source":"powiat grodziski (wielkopolski) (wfs)"}},{"type":"Feature","id":"ST-WK-WI/WNIOSEK/24744/2025::300502_5.0017.157","geometry":{"type":"Polygon","coordinates":[[[16.3315576741696,52.2218942990818],[16.3319013564445,52.2217938065591],[16.3322922693831,52.2216795163874],[16.3334313728921,52.2213034525653],[16.3336919133995,52.2212313881979],[16.3340801358601,52.2211273196126],[16.3348348041045,52.2209415469363],[16.3350356930033,52.220890884361],[16.3352322248225,52.2208357147345],[16.3353583040531,52.2208073100791],[16.3357315972618,52.22074353309],[16.3367044851696,52.2206398475741],[16.3382113424209,52.2204906413728],[16.3381907299634,52.2204378439906],[16.3378222172681,52.2204813910767],[16.3376205319808,52.2205051594099],[16.3373282866408,52.2205396610773],[16.3364017510091,52.2206206151666],[16.335763826353,52.2207251017565],[16.3356027945368,52.2207440392344],[16.3354060944978,52.2207671709998],[16.3350524093366,52.2208612357574],[16.334778863319,52.2209338097905],[16.334587494637,52.2209845110727],[16.3337896408211,52.2211960381998],[16.3334508832127,52.2212854352349],[16.3334135664213,52.2212952946258],[16.3332632551397,52.2213389683555],[16.3329267911294,52.2214366072214],[16.3325936690613,52.2215334883232],[16.3322688056549,52.2216279443284],[16.3315342487231,52.2218423307551],[16.3315576741696,52.2218942990818]]]},"properties":{"case_id":"ST-WK-WI/WNIOSEK/24744/2025","source_type":"wniosek_decyzja","received_date":"2025-09-11","decision_date":"2025-12-05","status":"decyzja wydana","description":"Budowa elektroenergetycznych linii kablowych SN wraz z liniami światłowodowymi dla Farmy Fotowoltaicznej PV UJAZD","address":"Grodzisk Wielkopolski","city":"Grodzisk Wielkopolski","office":"Starosta Powiatu Grodzisk Wielkopolski","case_kind":"Obiekt budowlany inny niż budynek mieszkalny jednorodzinny","parcel_ids":["300502_4.0001.2978","300502_4.0001.3004","300502_4.0001.3006/4","300502_4.0001.3015/3","300502_4.0001.3023","300502_4.0001.3041/1","300502_4.0001.3041/3","300502_4.0001.3136/1","300502_4.0001.3394","300502_4.0001.3495","300502_4.0001.36","300502_4.0001.56","300502_4.0001.57/9","300502_4.0001.58/8","300502_5.0005.5138","300502_5.0009.10","300502_5.0009.11","300502_5.0009.111/2","300502_5.0009.12","300502_5.0009.17","300502_5.0009.5136/1","300502_5.0009.5136/3","300502_5.0009.5136/5","300502_5.0009.5136/6","300502_5.0009.5137/3","300502_5.0009.61/13","300502_5.0009.61/17","300502_5.0017.157","300502_5.0017.167","300502_5.0017.171","300502_5.0017.200","300504_5.0008.52","300504_5.0008.60","300504_5.0008.69","300504_5.0008.70","300504_5.0008.73","300504_5.0008.82/2","300504_5.0008.86","300504_5.0008.91/10"],"location_quality":"dokładny","gunb_url":"https://wyszukiwarka.gunb.gov.pl/","parcel_count":39,"parcel_shard":"x065-y208","parcel_id":"300502_5.0017.157","location_source":"powiat grodziski (wielkopolski) (wfs)"}},{"type":"Feature","id":"ST-WK-WI/WNIOSEK/24744/2025::300502_5.0017.167","geometry":{"type":"Polygon","coordinates":[[[16.335763826353,52.2207251017565],[16.3364017510091,52.2206206151666],[16.3358600895818,52.2192815723642],[16.3353383366345,52.2180302738407],[16.3349726836197,52.2182076021054],[16.3347531313681,52.2182794893081],[16.3352675881932,52.2195259227777],[16.335763826353,52.2207251017565]]]},"properties":{"case_id":"ST-WK-WI/WNIOSEK/24744/2025","source_type":"wniosek_decyzja","received_date":"2025-09-11","decision_date":"2025-12-05","status":"decyzja wydana","description":"Budowa elektroenergetycznych linii kablowych SN wraz z liniami światłowodowymi dla Farmy Fotowoltaicznej PV UJAZD","address":"Grodzisk Wielkopolski","city":"Grodzisk Wielkopolski","office":"Starosta Powiatu Grodzisk Wielkopolski","case_kind":"Obiekt budowlany inny niż budynek mieszkalny jednorodzinny","parcel_ids":["300502_4.0001.2978","300502_4.0001.3004","300502_4.0001.3006/4","300502_4.0001.3015/3","300502_4.0001.3023","300502_4.0001.3041/1","300502_4.0001.3041/3","300502_4.0001.3136/1","300502_4.0001.3394","300502_4.0001.3495","300502_4.0001.36","300502_4.0001.56","300502_4.0001.57/9","300502_4.0001.58/8","300502_5.0005.5138","300502_5.0009.10","300502_5.0009.11","300502_5.0009.111/2","300502_5.0009.12","300502_5.0009.17","300502_5.0009.5136/1","300502_5.0009.5136/3","300502_5.0009.5136/5","300502_5.0009.5136/6","300502_5.0009.5137/3","300502_5.0009.61/13","300502_5.0009.61/17","300502_5.0017.157","300502_5.0017.167","300502_5.0017.171","300502_5.0017.200","300504_5.0008.52","300504_5.0008.60","300504_5.0008.69","300504_5.0008.70","300504_5.0008.73","300504_5.0008.82/2","300504_5.0008.86","300504_5.0008.91/10"],"location_quality":"dokładny","gunb_url":"https://wyszukiwarka.gunb.gov.pl/","parcel_count":39,"parcel_shard":"x065-y208","parcel_id":"300502_5.0017.167","location_source":"powiat grodziski (wielkopolski) (wfs)"}},{"type":"Feature","id":"ST-WK-WI/WNIOSEK/24744/2025::300502_5.0017.171","geometry":{"type":"Polygon","coordinates":[[[16.3303622891972,52.2197239683755],[16.330402959216,52.2196686260577],[16.3313137632108,52.2193783336443],[16.3319627533901,52.2191713236995],[16.3322928285943,52.2190660856403],[16.332477217489,52.2190072874752],[16.3328074348665,52.2189019903625],[16.3329745514178,52.2188484828616],[16.3333443403368,52.2187300906752],[16.3336380135755,52.2186360799872],[16.3337845729889,52.2185892263728],[16.3340917138362,52.2184909136505],[16.3343681315306,52.2184025565034],[16.3346082186129,52.2183258116496],[16.3347531313681,52.2182794893081],[16.3349726836197,52.2182076021054],[16.3353383366345,52.2180302738407],[16.3361412721522,52.2176407758421],[16.3363892384177,52.2175195252712],[16.3365239379302,52.2174535534592],[16.3368857815386,52.2172764293938],[16.3368533652521,52.2172544156981],[16.3368069362281,52.2172238420441],[16.3367547274199,52.2172493311363],[16.3366018170097,52.2173238447193],[16.3363484389246,52.2174473616132],[16.3361793997983,52.2175296314009],[16.3359262788049,52.2176530306623],[16.3356446493559,52.2177893015448],[16.3355634093914,52.2178286146048],[16.3354822810735,52.2178684603504],[16.3352543061809,52.21798044063],[16.3349143524307,52.218146166469],[16.3302991061168,52.2196230234048],[16.3303622891972,52.2197239683755]]]},"properties":{"case_id":"ST-WK-WI/WNIOSEK/24744/2025","source_type":"wniosek_decyzja","received_date":"2025-09-11","decision_date":"2025-12-05","status":"decyzja wydana","description":"Budowa elektroenergetycznych linii kablowych SN wraz z liniami światłowodowymi dla Farmy Fotowoltaicznej PV UJAZD","address":"Grodzisk Wielkopolski","city":"Grodzisk Wielkopolski","office":"Starosta Powiatu Grodzisk Wielkopolski","case_kind":"Obiekt budowlany inny niż budynek mieszkalny jednorodzinny","parcel_ids":["300502_4.0001.2978","300502_4.0001.3004","300502_4.0001.3006/4","300502_4.0001.3015/3","300502_4.0001.3023","300502_4.0001.3041/1","300502_4.0001.3041/3","300502_4.0001.3136/1","300502_4.0001.3394","300502_4.0001.3495","300502_4.0001.36","300502_4.0001.56","300502_4.0001.57/9","300502_4.0001.58/8","300502_5.0005.5138","300502_5.0009.10","300502_5.0009.11","300502_5.0009.111/2","300502_5.0009.12","300502_5.0009.17","300502_5.0009.5136/1","300502_5.0009.5136/3","300502_5.0009.5136/5","300502_5.0009.5136/6","300502_5.0009.5137/3","300502_5.0009.61/13","300502_5.0009.61/17","300502_5.0017.157","300502_5.0017.167","300502_5.0017.171","300502_5.0017.200","300504_5.0008.52","300504_5.0008.60","300504_5.0008.69","300504_5.0008.70","300504_5.0008.73","300504_5.0008.82/2","300504_5.0008.86","300504_5.0008.91/10"],"location_quality":"dokładny","gunb_url":"https://wyszukiwarka.gunb.gov.pl/","parcel_count":39,"parcel_shard":"x065-y208","parcel_id":"300502_5.0017.171","location_source":"powiat grodziski (wielkopolski) (wfs)"}},{"type":"Feature","id":"ST-WK-WI/WNIOSEK/24744/2025::300502_5.0017.200","geometry":{"type":"Polygon","coordinates":[[[16.3327819312075,52.2181233172535],[16.3347016521939,52.2178390141068],[16.3349143524307,52.218146166469],[16.3352543061809,52.21798044063],[16.3351632644523,52.217772941557],[16.3351069067865,52.2176445247922],[16.3350508627577,52.2175167965457],[16.3350015571953,52.2174044160163],[16.334952252422,52.2172920534356],[16.3349029473685,52.2171796728596],[16.3348608786457,52.2170838059077],[16.3348536431047,52.2170673102234],[16.3348043385608,52.2169549295917],[16.3347550348053,52.2168425669178],[16.3347057161295,52.2167301864035],[16.3346761242519,52.2166627311292],[16.3346564126162,52.2166178146902],[16.3346070643312,52.216505400749],[16.3345572834986,52.216391990669],[16.3344289112807,52.2160995318847],[16.3319396620329,52.2155479074533],[16.3320202737957,52.2157967831565],[16.3321007240732,52.2160451213181],[16.3322641938237,52.2165493186505],[16.3325719993696,52.2174852130836],[16.3327819312075,52.2181233172535]]]},"properties":{"case_id":"ST-WK-WI/WNIOSEK/24744/2025","source_type":"wniosek_decyzja","received_date":"2025-09-11","decision_date":"2025-12-05","status":"decyzja wydana","description":"Budowa elektroenergetycznych linii kablowych SN wraz z liniami światłowodowymi dla Farmy Fotowoltaicznej PV UJAZD","address":"Grodzisk Wielkopolski","city":"Grodzisk Wielkopolski","office":"Starosta Powiatu Grodzisk Wielkopolski","case_kind":"Obiekt budowlany inny niż budynek mieszkalny jednorodzinny","parcel_ids":["300502_4.0001.2978","300502_4.0001.3004","300502_4.0001.3006/4","300502_4.0001.3015/3","300502_4.0001.3023","300502_4.0001.3041/1","300502_4.0001.3041/3","300502_4.0001.3136/1","300502_4.0001.3394","300502_4.0001.3495","300502_4.0001.36","300502_4.0001.56","300502_4.0001.57/9","300502_4.0001.58/8","300502_5.0005.5138","300502_5.0009.10","300502_5.0009.11","300502_5.0009.111/2","300502_5.0009.12","300502_5.0009.17","300502_5.0009.5136/1","300502_5.0009.5136/3","300502_5.0009.5136/5","300502_5.0009.5136/6","300502_5.0009.5137/3","300502_5.0009.61/13","300502_5.0009.61/17","300502_5.0017.157","300502_5.0017.167","300502_5.0017.171","300502_5.0017.200","300504_5.0008.52","300504_5.0008.60","300504_5.0008.69","300504_5.0008.70","300504_5.0008.73","300504_5.0008.82/2","300504_5.0008.86","300504_5.0008.91/10"],"location_quality":"dokładny","gunb_url":"https://wyszukiwarka.gunb.gov.pl/","parcel_count":39,"parcel_shard":"x065-y208","parcel_id":"300502_5.0017.200","location_source":"powiat grodziski (wielkopolski) (wfs)"}},{"type":"Feature","id":"ST-WK-WI/WNIOSEK/24744/2025::300504_5.0008.52","geometry":{"type":"Polygon","coordinates":[[[16.3058419082594,52.2096873623533],[16.3060389025436,52.2100036380484],[16.3062378960013,52.2103231270746],[16.3110586463267,52.2081508477838],[16.3107882688247,52.2078575067266],[16.3105222791516,52.2075689700118],[16.3058419082594,52.2096873623533]]]},"properties":{"case_id":"ST-WK-WI/WNIOSEK/24744/2025","source_type":"wniosek_decyzja","received_date":"2025-09-11","decision_date":"2025-12-05","status":"decyzja wydana","description":"Budowa elektroenergetycznych linii kablowych SN wraz z liniami światłowodowymi dla Farmy Fotowoltaicznej PV UJAZD","address":"Grodzisk Wielkopolski","city":"Grodzisk Wielkopolski","office":"Starosta Powiatu Grodzisk Wielkopolski","case_kind":"Obiekt budowlany inny niż budynek mieszkalny jednorodzinny","parcel_ids":["300502_4.0001.2978","300502_4.0001.3004","300502_4.0001.3006/4","300502_4.0001.3015/3","300502_4.0001.3023","300502_4.0001.3041/1","300502_4.0001.3041/3","300502_4.0001.3136/1","300502_4.0001.3394","300502_4.0001.3495","300502_4.0001.36","300502_4.0001.56","300502_4.0001.57/9","300502_4.0001.58/8","300502_5.0005.5138","300502_5.0009.10","300502_5.0009.11","300502_5.0009.111/2","300502_5.0009.12","300502_5.0009.17","300502_5.0009.5136/1","300502_5.0009.5136/3","300502_5.0009.5136/5","300502_5.0009.5136/6","300502_5.0009.5137/3","300502_5.0009.61/13","300502_5.0009.61/17","300502_5.0017.157","300502_5.0017.167","300502_5.0017.171","300502_5.0017.200","300504_5.0008.52","300504_5.0008.60","300504_5.0008.69","300504_5.0008.70","300504_5.0008.73","300504_5.0008.82/2","300504_5.0008.86","300504_5.0008.91/10"],"location_quality":"dokładny","gunb_url":"https://wyszukiwarka.gunb.gov.pl/","parcel_count":39,"parcel_shard":"x065-y208","parcel_id":"300504_5.0008.52","location_source":"powiat grodziski (wielkopolski) (wfs)"}},{"type":"Feature","id":"ST-WK-WI/WNIOSEK/24744/2025::300504_5.0008.60","geometry":{"type":"Polygon","coordinates":[[[16.3032639512851,52.2071197690779],[16.3035015996426,52.2075564029121],[16.3043471684088,52.2073004464357],[16.3044073698034,52.2073963785448],[16.3086809087831,52.205493690107],[16.3081932886131,52.2049056883596],[16.3032639512851,52.2071197690779]]]},"properties":{"case_id":"ST-WK-WI/WNIOSEK/24744/2025","source_type":"wniosek_decyzja","received_date":"2025-09-11","decision_date":"2025-12-05","status":"decyzja wydana","description":"Budowa elektroenergetycznych linii kablowych SN wraz z liniami światłowodowymi dla Farmy Fotowoltaicznej PV UJAZD","address":"Grodzisk Wielkopolski","city":"Grodzisk Wielkopolski","office":"Starosta Powiatu Grodzisk Wielkopolski","case_kind":"Obiekt budowlany inny niż budynek mieszkalny jednorodzinny","parcel_ids":["300502_4.0001.2978","300502_4.0001.3004","300502_4.0001.3006/4","300502_4.0001.3015/3","300502_4.0001.3023","300502_4.0001.3041/1","300502_4.0001.3041/3","300502_4.0001.3136/1","300502_4.0001.3394","300502_4.0001.3495","300502_4.0001.36","300502_4.0001.56","300502_4.0001.57/9","300502_4.0001.58/8","300502_5.0005.5138","300502_5.0009.10","300502_5.0009.11","300502_5.0009.111/2","300502_5.0009.12","300502_5.0009.17","300502_5.0009.5136/1","300502_5.0009.5136/3","300502_5.0009.5136/5","300502_5.0009.5136/6","300502_5.0009.5137/3","300502_5.0009.61/13","300502_5.0009.61/17","300502_5.0017.157","300502_5.0017.167","300502_5.0017.171","300502_5.0017.200","300504_5.0008.52","300504_5.0008.60","300504_5.0008.69","300504_5.0008.70","300504_5.0008.73","300504_5.0008.82/2","300504_5.0008.86","300504_5.0008.91/10"],"location_quality":"dokładny","gunb_url":"https://wyszukiwarka.gunb.gov.pl/","parcel_count":39,"parcel_shard":"x065-y208","parcel_id":"300504_5.0008.60","location_source":"powiat grodziski (wielkopolski) (wfs)"}},{"type":"Feature","id":"ST-WK-WI/WNIOSEK/24744/2025::300504_5.0008.69","geometry":{"type":"Polygon","coordinates":[[[16.3082545670662,52.2048801112975],[16.3080164505066,52.2045631264554],[16.3077640364758,52.2042374011604],[16.3075556505383,52.2039262878126],[16.3073490006723,52.2036393334338],[16.3072100978037,52.2034325230731],[16.3069326095501,52.2030196173982],[16.3065137953996,52.2023966909165],[16.3060679658569,52.2016452592883],[16.3058529818041,52.2012828926069],[16.3056851844806,52.2008933080482],[16.3056200142545,52.2009207245319],[16.3057911297963,52.2013087444483],[16.3060061161176,52.2016712010928],[16.306450868494,52.2024208472088],[16.3068522421867,52.2030427087065],[16.3072871357653,52.2036648266489],[16.307495590406,52.203953468902],[16.3077027586057,52.2042629779594],[16.3079480205012,52.2045842885092],[16.3081932886131,52.2049056883596],[16.3086809087831,52.205493690107],[16.308940001182,52.2058050712304],[16.3090771738308,52.2059567713653],[16.3094571836557,52.2063948757281],[16.3097068025797,52.2066844054949],[16.3099836608888,52.2069846879619],[16.310252663829,52.2072764282132],[16.3105222791516,52.2075689700118],[16.3107882688247,52.2078575067266],[16.3110586463267,52.2081508477838],[16.3113305350017,52.2084456994338],[16.3118011739872,52.2089561280651],[16.3118629456437,52.2089273078925],[16.3113918886375,52.2084176032183],[16.3111204702608,52.2081238250719],[16.3105824858577,52.2075416958919],[16.31031243947,52.207249428668],[16.3100431517134,52.2069579613594],[16.3097660086106,52.2066579518382],[16.3095162431956,52.2063684238216],[16.3091363496751,52.2059303464046],[16.3089991769296,52.2057786463369],[16.3087404037122,52.205467143872],[16.3082545670662,52.2048801112975]]]},"properties":{"case_id":"ST-WK-WI/WNIOSEK/24744/2025","source_type":"wniosek_decyzja","received_date":"2025-09-11","decision_date":"2025-12-05","status":"decyzja wydana","description":"Budowa elektroenergetycznych linii kablowych SN wraz z liniami światłowodowymi dla Farmy Fotowoltaicznej PV UJAZD","address":"Grodzisk Wielkopolski","city":"Grodzisk Wielkopolski","office":"Starosta Powiatu Grodzisk Wielkopolski","case_kind":"Obiekt budowlany inny niż budynek mieszkalny jednorodzinny","parcel_ids":["300502_4.0001.2978","300502_4.0001.3004","300502_4.0001.3006/4","300502_4.0001.3015/3","300502_4.0001.3023","300502_4.0001.3041/1","300502_4.0001.3041/3","300502_4.0001.3136/1","300502_4.0001.3394","300502_4.0001.3495","300502_4.0001.36","300502_4.0001.56","300502_4.0001.57/9","300502_4.0001.58/8","300502_5.0005.5138","300502_5.0009.10","300502_5.0009.11","300502_5.0009.111/2","300502_5.0009.12","300502_5.0009.17","300502_5.0009.5136/1","300502_5.0009.5136/3","300502_5.0009.5136/5","300502_5.0009.5136/6","300502_5.0009.5137/3","300502_5.0009.61/13","300502_5.0009.61/17","300502_5.0017.157","300502_5.0017.167","300502_5.0017.171","300502_5.0017.200","300504_5.0008.52","300504_5.0008.60","300504_5.0008.69","300504_5.0008.70","300504_5.0008.73","300504_5.0008.82/2","300504_5.0008.86","300504_5.0008.91/10"],"location_quality":"dokładny","gunb_url":"https://wyszukiwarka.gunb.gov.pl/","parcel_count":39,"parcel_shard":"x065-y208","parcel_id":"300504_5.0008.69","location_source":"powiat grodziski (wielkopolski) (wfs)"}},{"type":"Feature","id":"ST-WK-WI/WNIOSEK/24744/2025::300504_5.0008.70","geometry":{"type":"Polygon","coordinates":[[[16.3158007140152,52.2090110078394],[16.3156856665115,52.2089202502588],[16.3148310740449,52.2075875663088],[16.3148086751714,52.2075526226808],[16.3118629456437,52.2089273078925],[16.3118011739872,52.2089561280651],[16.3095979088024,52.2100213584662],[16.3105283087019,52.2097775124846],[16.3108465814131,52.2104499884898],[16.3114012117709,52.2102495883757],[16.3121473467598,52.2099444096702],[16.3127055004684,52.209308030729],[16.3151822406252,52.2092382065597],[16.3158007140152,52.2090110078394]]]},"properties":{"case_id":"ST-WK-WI/WNIOSEK/24744/2025","source_type":"wniosek_decyzja","received_date":"2025-09-11","decision_date":"2025-12-05","status":"decyzja wydana","description":"Budowa elektroenergetycznych linii kablowych SN wraz z liniami światłowodowymi dla Farmy Fotowoltaicznej PV UJAZD","address":"Grodzisk Wielkopolski","city":"Grodzisk Wielkopolski","office":"Starosta Powiatu Grodzisk Wielkopolski","case_kind":"Obiekt budowlany inny niż budynek mieszkalny jednorodzinny","parcel_ids":["300502_4.0001.2978","300502_4.0001.3004","300502_4.0001.3006/4","300502_4.0001.3015/3","300502_4.0001.3023","300502_4.0001.3041/1","300502_4.0001.3041/3","300502_4.0001.3136/1","300502_4.0001.3394","300502_4.0001.3495","300502_4.0001.36","300502_4.0001.56","300502_4.0001.57/9","300502_4.0001.58/8","300502_5.0005.5138","300502_5.0009.10","300502_5.0009.11","300502_5.0009.111/2","300502_5.0009.12","300502_5.0009.17","300502_5.0009.5136/1","300502_5.0009.5136/3","300502_5.0009.5136/5","300502_5.0009.5136/6","300502_5.0009.5137/3","300502_5.0009.61/13","300502_5.0009.61/17","300502_5.0017.157","300502_5.0017.167","300502_5.0017.171","300502_5.0017.200","300504_5.0008.52","300504_5.0008.60","300504_5.0008.69","300504_5.0008.70","300504_5.0008.73","300504_5.0008.82/2","300504_5.0008.86","300504_5.0008.91/10"],"location_quality":"dokładny","gunb_url":"https://wyszukiwarka.gunb.gov.pl/","parcel_count":39,"parcel_shard":"x065-y208","parcel_id":"300504_5.0008.70","location_source":"powiat grodziski (wielkopolski) (wfs)"}},{"type":"Feature","id":"ST-WK-WI/WNIOSEK/24744/2025::300504_5.0008.73","geometry":{"type":"Polygon","coordinates":[[[16.3105824858577,52.2075416958919],[16.3111204702608,52.2081238250719],[16.314269947635,52.2067132149509],[16.314061896488,52.2063906041802],[16.3138786358753,52.2061030859155],[16.3138525643846,52.2060641423278],[16.3105824858577,52.2075416958919]]]},"properties":{"case_id":"ST-WK-WI/WNIOSEK/24744/2025","source_type":"wniosek_decyzja","received_date":"2025-09-11","decision_date":"2025-12-05","status":"decyzja wydana","description":"Budowa elektroenergetycznych linii kablowych SN wraz z liniami światłowodowymi dla Farmy Fotowoltaicznej PV UJAZD","address":"Grodzisk Wielkopolski","city":"Grodzisk Wielkopolski","office":"Starosta Powiatu Grodzisk Wielkopolski","case_kind":"Obiekt budowlany inny niż budynek mieszkalny jednorodzinny","parcel_ids":["300502_4.0001.2978","300502_4.0001.3004","300502_4.0001.3006/4","300502_4.0001.3015/3","300502_4.0001.3023","300502_4.0001.3041/1","300502_4.0001.3041/3","300502_4.0001.3136/1","300502_4.0001.3394","300502_4.0001.3495","300502_4.0001.36","300502_4.0001.56","300502_4.0001.57/9","300502_4.0001.58/8","300502_5.0005.5138","300502_5.0009.10","300502_5.0009.11","300502_5.0009.111/2","300502_5.0009.12","300502_5.0009.17","300502_5.0009.5136/1","300502_5.0009.5136/3","300502_5.0009.5136/5","300502_5.0009.5136/6","300502_5.0009.5137/3","300502_5.0009.61/13","300502_5.0009.61/17","300502_5.0017.157","300502_5.0017.167","300502_5.0017.171","300502_5.0017.200","300504_5.0008.52","300504_5.0008.60","300504_5.0008.69","300504_5.0008.70","300504_5.0008.73","300504_5.0008.82/2","300504_5.0008.86","300504_5.0008.91/10"],"location_quality":"dokładny","gunb_url":"https://wyszukiwarka.gunb.gov.pl/","parcel_count":39,"parcel_shard":"x065-y208","parcel_id":"300504_5.0008.73","location_source":"powiat grodziski (wielkopolski) (wfs)"}},{"type":"Feature","id":"ST-WK-WI/WNIOSEK/24744/2025::300504_5.0008.82/2","geometry":{"type":"Polygon","coordinates":[[[16.3077640364758,52.2042374011604],[16.3080164505066,52.2045631264554],[16.3096750751095,52.2038690759199],[16.3118497343454,52.2029406025254],[16.3116450960234,52.202633319549],[16.3077640364758,52.2042374011604]]]},"properties":{"case_id":"ST-WK-WI/WNIOSEK/24744/2025","source_type":"wniosek_decyzja","received_date":"2025-09-11","decision_date":"2025-12-05","status":"decyzja wydana","description":"Budowa elektroenergetycznych linii kablowych SN wraz z liniami światłowodowymi dla Farmy Fotowoltaicznej PV UJAZD","address":"Grodzisk Wielkopolski","city":"Grodzisk Wielkopolski","office":"Starosta Powiatu Grodzisk Wielkopolski","case_kind":"Obiekt budowlany inny niż budynek mieszkalny jednorodzinny","parcel_ids":["300502_4.0001.2978","300502_4.0001.3004","300502_4.0001.3006/4","300502_4.0001.3015/3","300502_4.0001.3023","300502_4.0001.3041/1","300502_4.0001.3041/3","300502_4.0001.3136/1","300502_4.0001.3394","300502_4.0001.3495","300502_4.0001.36","300502_4.0001.56","300502_4.0001.57/9","300502_4.0001.58/8","300502_5.0005.5138","300502_5.0009.10","300502_5.0009.11","300502_5.0009.111/2","300502_5.0009.12","300502_5.0009.17","300502_5.0009.5136/1","300502_5.0009.5136/3","300502_5.0009.5136/5","300502_5.0009.5136/6","300502_5.0009.5137/3","300502_5.0009.61/13","300502_5.0009.61/17","300502_5.0017.157","300502_5.0017.167","300502_5.0017.171","300502_5.0017.200","300504_5.0008.52","300504_5.0008.60","300504_5.0008.69","300504_5.0008.70","300504_5.0008.73","300504_5.0008.82/2","300504_5.0008.86","300504_5.0008.91/10"],"location_quality":"dokładny","gunb_url":"https://wyszukiwarka.gunb.gov.pl/","parcel_count":39,"parcel_shard":"x065-y208","parcel_id":"300504_5.0008.82/2","location_source":"powiat grodziski (wielkopolski) (wfs)"}},{"type":"Feature","id":"ST-WK-WI/WNIOSEK/24744/2025::300504_5.0008.86","geometry":{"type":"Polygon","coordinates":[[[16.3111436118641,52.2018180790962],[16.3106088004927,52.2009483778872],[16.3104668765086,52.2007236281366],[16.3065137953996,52.2023966909165],[16.3069326095501,52.2030196173982],[16.3072100978037,52.2034325230731],[16.3111436118641,52.2018180790962]]]},"properties":{"case_id":"ST-WK-WI/WNIOSEK/24744/2025","source_type":"wniosek_decyzja","received_date":"2025-09-11","decision_date":"2025-12-05","status":"decyzja wydana","description":"Budowa elektroenergetycznych linii kablowych SN wraz z liniami światłowodowymi dla Farmy Fotowoltaicznej PV UJAZD","address":"Grodzisk Wielkopolski","city":"Grodzisk Wielkopolski","office":"Starosta Powiatu Grodzisk Wielkopolski","case_kind":"Obiekt budowlany inny niż budynek mieszkalny jednorodzinny","parcel_ids":["300502_4.0001.2978","300502_4.0001.3004","300502_4.0001.3006/4","300502_4.0001.3015/3","300502_4.0001.3023","300502_4.0001.3041/1","300502_4.0001.3041/3","300502_4.0001.3136/1","300502_4.0001.3394","300502_4.0001.3495","300502_4.0001.36","300502_4.0001.56","300502_4.0001.57/9","300502_4.0001.58/8","300502_5.0005.5138","300502_5.0009.10","300502_5.0009.11","300502_5.0009.111/2","300502_5.0009.12","300502_5.0009.17","300502_5.0009.5136/1","300502_5.0009.5136/3","300502_5.0009.5136/5","300502_5.0009.5136/6","300502_5.0009.5137/3","300502_5.0009.61/13","300502_5.0009.61/17","300502_5.0017.157","300502_5.0017.167","300502_5.0017.171","300502_5.0017.200","300504_5.0008.52","300504_5.0008.60","300504_5.0008.69","300504_5.0008.70","300504_5.0008.73","300504_5.0008.82/2","300504_5.0008.86","300504_5.0008.91/10"],"location_quality":"dokładny","gunb_url":"https://wyszukiwarka.gunb.gov.pl/","parcel_count":39,"parcel_shard":"x065-y208","parcel_id":"300504_5.0008.86","location_source":"powiat grodziski (wielkopolski) (wfs)"}},{"type":"Feature","id":"ST-WK-WI/WNIOSEK/24744/2025::300504_5.0008.91/10","geometry":{"type":"Polygon","coordinates":[[[16.3095517110872,52.1992748932098],[16.3097775477709,52.1996325488406],[16.3100066043362,52.1999951118607],[16.3104668765086,52.2007236281366],[16.3106088004927,52.2009483778872],[16.3111436118641,52.2018180790962],[16.3112697493848,52.2020231392654],[16.316293907932,52.1998028064459],[16.3154279188575,52.1992871860201],[16.3145719906605,52.1987846600289],[16.314152029487,52.1985366762192],[16.3137612929156,52.1987041659052],[16.3128648549277,52.199094350643],[16.3122347616534,52.1993648979927],[16.3110133837793,52.19863082604],[16.3095517110872,52.1992748932098]]]},"properties":{"case_id":"ST-WK-WI/WNIOSEK/24744/2025","source_type":"wniosek_decyzja","received_date":"2025-09-11","decision_date":"2025-12-05","status":"decyzja wydana","description":"Budowa elektroenergetycznych linii kablowych SN wraz z liniami światłowodowymi dla Farmy Fotowoltaicznej PV UJAZD","address":"Grodzisk Wielkopolski","city":"Grodzisk Wielkopolski","office":"Starosta Powiatu Grodzisk Wielkopolski","case_kind":"Obiekt budowlany inny niż budynek mieszkalny jednorodzinny","parcel_ids":["300502_4.0001.2978","300502_4.0001.3004","300502_4.0001.3006/4","300502_4.0001.3015/3","300502_4.0001.3023","300502_4.0001.3041/1","300502_4.0001.3041/3","300502_4.0001.3136/1","300502_4.0001.3394","300502_4.0001.3495","300502_4.0001.36","300502_4.0001.56","300502_4.0001.57/9","300502_4.0001.58/8","300502_5.0005.5138","300502_5.0009.10","300502_5.0009.11","300502_5.0009.111/2","300502_5.0009.12","300502_5.0009.17","300502_5.0009.5136/1","300502_5.0009.5136/3","300502_5.0009.5136/5","300502_5.0009.5136/6","300502_5.0009.5137/3","300502_5.0009.61/13","300502_5.0009.61/17","300502_5.0017.157","300502_5.0017.167","300502_5.0017.171","300502_5.0017.200","300504_5.0008.52","300504_5.0008.60","300504_5.0008.69","300504_5.0008.70","300504_5.0008.73","300504_5.0008.82/2","300504_5.0008.86","300504_5.0008.91/10"],"location_quality":"dokładny","gunb_url":"https://wyszukiwarka.gunb.gov.pl/","parcel_count":39,"parcel_shard":"x065-y208","parcel_id":"300504_5.0008.91/10","location_source":"powiat grodziski (wielkopolski) (wfs)"}},{"type":"Feature","id":"ST-WK-WI/WNIOSEK/2009/2026::300502_4.0001.303/2","geometry":{"type":"Polygon","coordinates":[[[16.3656736849114,52.2315620695949],[16.3662132070292,52.2314867040533],[16.3661779203699,52.2313809068092],[16.3660556006735,52.2310090015614],[16.3660362593758,52.2310116480842],[16.3658230706507,52.231040039312],[16.3655054114674,52.2310823612507],[16.3656347762075,52.2314509595226],[16.3656736849114,52.2315620695949]]]},"properties":{"case_id":"ST-WK-WI/WNIOSEK/2009/2026","source_type":"wniosek_decyzja","received_date":"2025-10-03","decision_date":"2025-11-18","status":"decyzja wydana","description":"Przebudowa i rozbudowa wewnętrznej instalacji gazowej w budynku mieszkalnym wielorodzinnym","address":"Grodzisk Wielkopolski","city":"Grodzisk Wielkopolski","office":"Starosta Powiatu Grodzisk Wielkopolski","case_kind":"Obiekt budowlany inny niż budynek mieszkalny jednorodzinny","parcel_ids":["300502_4.0001.303/2"],"location_quality":"dokładny","gunb_url":"https://wyszukiwarka.gunb.gov.pl/","parcel_count":1,"parcel_shard":"x065-y208","parcel_id":"300502_4.0001.303/2","location_source":"powiat grodziski (wielkopolski) (wfs)"}},{"type":"Feature","id":"ST-WK-WI/WNIOSEK/3711/2026::300502_4.0001.3038/2","geometry":{"type":"Polygon","coordinates":[[[16.3420024237622,52.2309304619428],[16.3417910626018,52.2305906027639],[16.3407026402788,52.2307347625226],[16.3399270248364,52.2308374923383],[16.3400399510311,52.2311629596144],[16.3401935340096,52.2311550542156],[16.3401956038665,52.2311694893087],[16.3420024237622,52.2309304619428]]]},"properties":{"case_id":"ST-WK-WI/WNIOSEK/3711/2026","source_type":"wniosek_decyzja","received_date":"2026-01-05","decision_date":"2026-03-02","status":"decyzja wydana","description":"Budowa sieci wodociągowej ul. Europejska - etap I - część 2","address":"Grodzisk Wielkopolski","city":"Grodzisk Wielkopolski","office":"Starosta Powiatu Grodzisk Wielkopolski","case_kind":"Obiekt budowlany inny niż budynek mieszkalny jednorodzinny","parcel_ids":["300502_4.0001.3038/2","300502_4.0001.3040/4","300502_4.0001.3040/5","300502_4.0001.3041/1"],"location_quality":"dokładny","gunb_url":"https://wyszukiwarka.gunb.gov.pl/","parcel_count":4,"parcel_shard":"x065-y208","parcel_id":"300502_4.0001.3038/2","location_source":"powiat grodziski (wielkopolski) (wfs)"}},{"type":"Feature","id":"ST-WK-WI/WNIOSEK/3711/2026::300502_4.0001.3040/4","geometry":{"type":"Polygon","coordinates":[[[16.3399270248364,52.2308374923383],[16.3407026402788,52.2307347625226],[16.3405791829969,52.2303833046915],[16.3398872589469,52.2304751457138],[16.3398642958671,52.2306568883553],[16.3399270248364,52.2308374923383]]]},"properties":{"case_id":"ST-WK-WI/WNIOSEK/3711/2026","source_type":"wniosek_decyzja","received_date":"2026-01-05","decision_date":"2026-03-02","status":"decyzja wydana","description":"Budowa sieci wodociągowej ul. Europejska - etap I - część 2","address":"Grodzisk Wielkopolski","city":"Grodzisk Wielkopolski","office":"Starosta Powiatu Grodzisk Wielkopolski","case_kind":"Obiekt budowlany inny niż budynek mieszkalny jednorodzinny","parcel_ids":["300502_4.0001.3038/2","300502_4.0001.3040/4","300502_4.0001.3040/5","300502_4.0001.3041/1"],"location_quality":"dokładny","gunb_url":"https://wyszukiwarka.gunb.gov.pl/","parcel_count":4,"parcel_shard":"x065-y208","parcel_id":"300502_4.0001.3040/4","location_source":"powiat grodziski (wielkopolski) (wfs)"}},{"type":"Feature","id":"ST-WK-WI/WNIOSEK/3711/2026::300502_4.0001.3040/5","geometry":{"type":"Polygon","coordinates":[[[16.3415790075116,52.2302505873509],[16.3412662282439,52.2297476182651],[16.3407501051543,52.2289161230511],[16.3406811014581,52.2289437944879],[16.3402360924442,52.2296353885512],[16.3399790970674,52.2300813110266],[16.3399080509397,52.2302651981158],[16.3398902715615,52.2304513021073],[16.3398872589469,52.2304751457138],[16.3405791829969,52.2303833046915],[16.3415790075116,52.2302505873509]]]},"properties":{"case_id":"ST-WK-WI/WNIOSEK/3711/2026","source_type":"wniosek_decyzja","received_date":"2026-01-05","decision_date":"2026-03-02","status":"decyzja wydana","description":"Budowa sieci wodociągowej ul. Europejska - etap I - część 2","address":"Grodzisk Wielkopolski","city":"Grodzisk Wielkopolski","office":"Starosta Powiatu Grodzisk Wielkopolski","case_kind":"Obiekt budowlany inny niż budynek mieszkalny jednorodzinny","parcel_ids":["300502_4.0001.3038/2","300502_4.0001.3040/4","300502_4.0001.3040/5","300502_4.0001.3041/1"],"location_quality":"dokładny","gunb_url":"https://wyszukiwarka.gunb.gov.pl/","parcel_count":4,"parcel_shard":"x065-y208","parcel_id":"300502_4.0001.3040/5","location_source":"powiat grodziski (wielkopolski) (wfs)"}},{"type":"Feature","id":"ST-WK-WI/WNIOSEK/3711/2026::300502_4.0001.3041/1","geometry":{"type":"Polygon","coordinates":[[[16.3412662282439,52.2297476182651],[16.3415790075116,52.2302505873509],[16.3417910626018,52.2305906027639],[16.3420024237622,52.2309304619428],[16.3420808390954,52.2309171078029],[16.3420517788631,52.2308679490118],[16.3418217572514,52.2304985949942],[16.341693293337,52.2302923975037],[16.3416490268696,52.2302211741011],[16.3414658816508,52.2299271848463],[16.3413391670392,52.2297239332094],[16.3412059439128,52.2295071402678],[16.3409397632566,52.2290807856612],[16.3408189624114,52.2288884511518],[16.3407501051543,52.2289161230511],[16.3412662282439,52.2297476182651]]]},"properties":{"case_id":"ST-WK-WI/WNIOSEK/3711/2026","source_type":"wniosek_decyzja","received_date":"2026-01-05","decision_date":"2026-03-02","status":"decyzja wydana","description":"Budowa sieci wodociągowej ul. Europejska - etap I - część 2","address":"Grodzisk Wielkopolski","city":"Grodzisk Wielkopolski","office":"Starosta Powiatu Grodzisk Wielkopolski","case_kind":"Obiekt budowlany inny niż budynek mieszkalny jednorodzinny","parcel_ids":["300502_4.0001.3038/2","300502_4.0001.3040/4","300502_4.0001.3040/5","300502_4.0001.3041/1"],"location_quality":"dokładny","gunb_url":"https://wyszukiwarka.gunb.gov.pl/","parcel_count":4,"parcel_shard":"x065-y208","parcel_id":"300502_4.0001.3041/1","location_source":"powiat grodziski (wielkopolski) (wfs)"}},{"type":"Feature","id":"ST-WK-WI/WNIOSEK/644/2026::300502_4.0001.304/3","geometry":{"type":"Polygon","coordinates":[[[16.365621479879,52.2304239778866],[16.3655265655923,52.2301338496445],[16.3651938333059,52.2301764014628],[16.3652934347351,52.2304658229832],[16.365621479879,52.2304239778866]]]},"properties":{"case_id":"ST-WK-WI/WNIOSEK/644/2026","source_type":"wniosek_decyzja","received_date":"2025-11-27","decision_date":"2026-01-14","status":"decyzja wydana","description":"Rozbudowa wewnętrznej instalacji gazowej w budynku mieszkalnym wielorodzinnym w m. Grodzisk Wielkopolski","address":"Nowy Świat 2, Grodzisk Wielkopolski","city":"Grodzisk Wielkopolski","office":"Starosta Powiatu Grodzisk Wielkopolski","case_kind":"Obiekt budowlany inny niż budynek mieszkalny jednorodzinny","parcel_ids":["300502_4.0001.304/3"],"location_quality":"dokładny","gunb_url":"https://wyszukiwarka.gunb.gov.pl/","parcel_count":1,"parcel_shard":"x065-y208","parcel_id":"300502_4.0001.304/3","location_source":"powiat grodziski (wielkopolski) (wfs)"}},{"type":"Feature","id":"ST-WK-WI/ZGŁOSZENIE/1102/2026::300502_4.0001.3100/21","geometry":{"type":"Polygon","coordinates":[[[16.3465874654352,52.2380121991387],[16.3466518922614,52.2382446207816],[16.3466550946288,52.2382585161248],[16.3466783300346,52.2383586504112],[16.3467015655518,52.2384587846932],[16.346717558497,52.2385276324073],[16.3467224055859,52.2385620023218],[16.3467371068596,52.2386655596443],[16.3467762039919,52.2389414140888],[16.3468065252872,52.2389471188515],[16.3467465979111,52.2385256317685],[16.3466807915126,52.2382419081378],[16.3466112655944,52.2379907381434],[16.3465874654352,52.2380121991387]]]},"properties":{"case_id":"ST-WK-WI/ZGŁOSZENIE/1102/2026","source_type":"zgloszenie","received_date":"2026-03-19","decision_date":null,"status":"Brak sprzeciwu","description":"Budowa linii kablowej nn- 0,4kV ze złączami","address":"Grodzisk Wielkopolski","city":"Grodzisk Wielkopolski","office":"Starosta Powiatu Grodzisk Wielkopolski","case_kind":"budowa nowego/nowych obiektów budowlanych","parcel_ids":["300502_4.0001.3100/21","300502_4.0001.3100/22","300502_4.0001.3100/23","300502_4.0001.3100/24","300502_4.0001.3100/25","300502_4.0001.3100/26","300502_4.0001.3100/27","300502_4.0001.3108/2"],"location_quality":"dokładny","gunb_url":"https://wyszukiwarka.gunb.gov.pl/","parcel_count":8,"parcel_shard":"x065-y208","parcel_id":"300502_4.0001.3100/21","location_source":"powiat grodziski (wielkopolski) (wfs)"}},{"type":"Feature","id":"ST-WK-WI/ZGŁOSZENIE/1102/2026::300502_4.0001.3100/22","geometry":{"type":"Polygon","coordinates":[[[16.3463544349208,52.2386861942131],[16.3463819186066,52.2388680205948],[16.3467762039919,52.2389414140888],[16.3467371068596,52.2386655596443],[16.3463544349208,52.2386861942131]]]},"properties":{"case_id":"ST-WK-WI/ZGŁOSZENIE/1102/2026","source_type":"zgloszenie","received_date":"2026-03-19","decision_date":null,"status":"Brak sprzeciwu","description":"Budowa linii kablowej nn- 0,4kV ze złączami","address":"Grodzisk Wielkopolski","city":"Grodzisk Wielkopolski","office":"Starosta Powiatu Grodzisk Wielkopolski","case_kind":"budowa nowego/nowych obiektów budowlanych","parcel_ids":["300502_4.0001.3100/21","300502_4.0001.3100/22","300502_4.0001.3100/23","300502_4.0001.3100/24","300502_4.0001.3100/25","300502_4.0001.3100/26","300502_4.0001.3100/27","300502_4.0001.3108/2"],"location_quality":"dokładny","gunb_url":"https://wyszukiwarka.gunb.gov.pl/","parcel_count":8,"parcel_shard":"x065-y208","parcel_id":"300502_4.0001.3100/22","location_source":"powiat grodziski (wielkopolski) (wfs)"}},{"type":"Feature","id":"ST-WK-WI/ZGŁOSZENIE/1102/2026::300502_4.0001.3100/23","geometry":{"type":"Polygon","coordinates":[[[16.3463397730884,52.2385887484475],[16.3463544349208,52.2386861942131],[16.3467371068596,52.2386655596443],[16.3467224055859,52.2385620023218],[16.3463397730884,52.2385887484475]]]},"properties":{"case_id":"ST-WK-WI/ZGŁOSZENIE/1102/2026","source_type":"zgloszenie","received_date":"2026-03-19","decision_date":null,"status":"Brak sprzeciwu","description":"Budowa linii kablowej nn- 0,4kV ze złączami","address":"Grodzisk Wielkopolski","city":"Grodzisk Wielkopolski","office":"Starosta Powiatu Grodzisk Wielkopolski","case_kind":"budowa nowego/nowych obiektów budowlanych","parcel_ids":["300502_4.0001.3100/21","300502_4.0001.3100/22","300502_4.0001.3100/23","300502_4.0001.3100/24","300502_4.0001.3100/25","300502_4.0001.3100/26","300502_4.0001.3100/27","300502_4.0001.3108/2"],"location_quality":"dokładny","gunb_url":"https://wyszukiwarka.gunb.gov.pl/","parcel_count":8,"parcel_shard":"x065-y208","parcel_id":"300502_4.0001.3100/23","location_source":"powiat grodziski (wielkopolski) (wfs)"}},{"type":"Feature","id":"ST-WK-WI/ZGŁOSZENIE/1102/2026::300502_4.0001.3100/24","geometry":{"type":"Polygon","coordinates":[[[16.346324959512,52.2384911246492],[16.3463397730884,52.2385887484475],[16.3467224055859,52.2385620023218],[16.346717558497,52.2385276324073],[16.3467015655518,52.2384587846932],[16.346324959512,52.2384911246492]]]},"properties":{"case_id":"ST-WK-WI/ZGŁOSZENIE/1102/2026","source_type":"zgloszenie","received_date":"2026-03-19","decision_date":null,"status":"Brak sprzeciwu","description":"Budowa linii kablowej nn- 0,4kV ze złączami","address":"Grodzisk Wielkopolski","city":"Grodzisk Wielkopolski","office":"Starosta Powiatu Grodzisk Wielkopolski","case_kind":"budowa nowego/nowych obiektów budowlanych","parcel_ids":["300502_4.0001.3100/21","300502_4.0001.3100/22","300502_4.0001.3100/23","300502_4.0001.3100/24","300502_4.0001.3100/25","300502_4.0001.3100/26","300502_4.0001.3100/27","300502_4.0001.3108/2"],"location_quality":"dokładny","gunb_url":"https://wyszukiwarka.gunb.gov.pl/","parcel_count":8,"parcel_shard":"x065-y208","parcel_id":"300502_4.0001.3100/24","location_source":"powiat grodziski (wielkopolski) (wfs)"}},{"type":"Feature","id":"ST-WK-WI/ZGŁOSZENIE/1102/2026::300502_4.0001.3100/25","geometry":{"type":"Polygon","coordinates":[[[16.346324959512,52.2384911246492],[16.3467015655518,52.2384587846932],[16.3466783300346,52.2383586504112],[16.3463017629023,52.2383922482113],[16.3463192803363,52.2384534385333],[16.346324959512,52.2384911246492]]]},"properties":{"case_id":"ST-WK-WI/ZGŁOSZENIE/1102/2026","source_type":"zgloszenie","received_date":"2026-03-19","decision_date":null,"status":"Brak sprzeciwu","description":"Budowa linii kablowej nn- 0,4kV ze złączami","address":"Grodzisk Wielkopolski","city":"Grodzisk Wielkopolski","office":"Starosta Powiatu Grodzisk Wielkopolski","case_kind":"budowa nowego/nowych obiektów budowlanych","parcel_ids":["300502_4.0001.3100/21","300502_4.0001.3100/22","300502_4.0001.3100/23","300502_4.0001.3100/24","300502_4.0001.3100/25","300502_4.0001.3100/26","300502_4.0001.3100/27","300502_4.0001.3108/2"],"location_quality":"dokładny","gunb_url":"https://wyszukiwarka.gunb.gov.pl/","parcel_count":8,"parcel_shard":"x065-y208","parcel_id":"300502_4.0001.3100/25","location_source":"powiat grodziski (wielkopolski) (wfs)"}},{"type":"Feature","id":"ST-WK-WI/ZGŁOSZENIE/1102/2026::300502_4.0001.3100/26","geometry":{"type":"Polygon","coordinates":[[[16.346273912892,52.2382944135694],[16.3463017629023,52.2383922482113],[16.3466783300346,52.2383586504112],[16.3466550946288,52.2382585161248],[16.346273912892,52.2382944135694]]]},"properties":{"case_id":"ST-WK-WI/ZGŁOSZENIE/1102/2026","source_type":"zgloszenie","received_date":"2026-03-19","decision_date":null,"status":"Brak sprzeciwu","description":"Budowa linii kablowej nn- 0,4kV ze złączami","address":"Grodzisk Wielkopolski","city":"Grodzisk Wielkopolski","office":"Starosta Powiatu Grodzisk Wielkopolski","case_kind":"budowa nowego/nowych obiektów budowlanych","parcel_ids":["300502_4.0001.3100/21","300502_4.0001.3100/22","300502_4.0001.3100/23","300502_4.0001.3100/24","300502_4.0001.3100/25","300502_4.0001.3100/26","300502_4.0001.3100/27","300502_4.0001.3108/2"],"location_quality":"dokładny","gunb_url":"https://wyszukiwarka.gunb.gov.pl/","parcel_count":8,"parcel_shard":"x065-y208","parcel_id":"300502_4.0001.3100/26","location_source":"powiat grodziski (wielkopolski) (wfs)"}},{"type":"Feature","id":"ST-WK-WI/ZGŁOSZENIE/1102/2026::300502_4.0001.3100/27","geometry":{"type":"Polygon","coordinates":[[[16.346273912892,52.2382944135694],[16.3466550946288,52.2382585161248],[16.3466518922614,52.2382446207816],[16.3465874654352,52.2380121991387],[16.3464359824553,52.2381492013412],[16.3462546357836,52.238226701333],[16.346273912892,52.2382944135694]]]},"properties":{"case_id":"ST-WK-WI/ZGŁOSZENIE/1102/2026","source_type":"zgloszenie","received_date":"2026-03-19","decision_date":null,"status":"Brak sprzeciwu","description":"Budowa linii kablowej nn- 0,4kV ze złączami","address":"Grodzisk Wielkopolski","city":"Grodzisk Wielkopolski","office":"Starosta Powiatu Grodzisk Wielkopolski","case_kind":"budowa nowego/nowych obiektów budowlanych","parcel_ids":["300502_4.0001.3100/21","300502_4.0001.3100/22","300502_4.0001.3100/23","300502_4.0001.3100/24","300502_4.0001.3100/25","300502_4.0001.3100/26","300502_4.0001.3100/27","300502_4.0001.3108/2"],"location_quality":"dokładny","gunb_url":"https://wyszukiwarka.gunb.gov.pl/","parcel_count":8,"parcel_shard":"x065-y208","parcel_id":"300502_4.0001.3100/27","location_source":"powiat grodziski (wielkopolski) (wfs)"}},{"type":"Feature","id":"ST-WK-WI/ZGŁOSZENIE/1102/2026::300502_4.0001.3108/2","geometry":{"type":"Polygon","coordinates":[[[16.3454701988828,52.2385888403221],[16.3459387391147,52.2383594578295],[16.3462546357836,52.238226701333],[16.3464359824553,52.2381492013412],[16.3465874654352,52.2380121991387],[16.3466112655944,52.2379907381434],[16.3466944006411,52.2379182976208],[16.3468165348451,52.2378118742895],[16.3469685028597,52.2376621609369],[16.3472089673073,52.2373791609653],[16.347333656109,52.2372325764618],[16.3473535897613,52.2372091590782],[16.3475322736093,52.2369988600167],[16.3475560224807,52.2369709048753],[16.3475844621277,52.236938312137],[16.3476698216762,52.2368464252423],[16.3479125705267,52.2365835440859],[16.3479205265948,52.2365765540659],[16.3479871039037,52.2365211867212],[16.3480298275109,52.23648454025],[16.348296974584,52.2362610849321],[16.3485618885187,52.2359963856734],[16.3486129820116,52.2359457841582],[16.3486638733921,52.235885046547],[16.3487332298402,52.2358017412892],[16.3488799545703,52.2356642838453],[16.348898992511,52.2356388662514],[16.3491725331415,52.2353823913489],[16.3495265931505,52.2351711053401],[16.3496986240757,52.2350684444205],[16.3498432977864,52.2349821085662],[16.3505195922331,52.2345745057692],[16.3504576231549,52.2345513431918],[16.3503922659076,52.2345891710507],[16.3501170649443,52.2347476792673],[16.3499107673611,52.234867426369],[16.3498582810735,52.2348986768267],[16.349751151264,52.2349624606967],[16.3495728475462,52.2350688540016],[16.3492727648783,52.2352629270909],[16.3489619841569,52.2355145201715],[16.3486746711871,52.2357871693323],[16.3483787699467,52.2360928723394],[16.3480073849493,52.2364299180172],[16.3479423927632,52.2364887952653],[16.3475123213565,52.2369426203683],[16.3472507743036,52.2372331338989],[16.3470002605435,52.2375159469161],[16.3468363337245,52.237689785738],[16.3466724056221,52.2378636243104],[16.3464060872818,52.2380902195454],[16.345696744417,52.2384424115288],[16.3454271848811,52.2385445876602],[16.3454701988828,52.2385888403221]]]},"properties":{"case_id":"ST-WK-WI/ZGŁOSZENIE/1102/2026","source_type":"zgloszenie","received_date":"2026-03-19","decision_date":null,"status":"Brak sprzeciwu","description":"Budowa linii kablowej nn- 0,4kV ze złączami","address":"Grodzisk Wielkopolski","city":"Grodzisk Wielkopolski","office":"Starosta Powiatu Grodzisk Wielkopolski","case_kind":"budowa nowego/nowych obiektów budowlanych","parcel_ids":["300502_4.0001.3100/21","300502_4.0001.3100/22","300502_4.0001.3100/23","300502_4.0001.3100/24","300502_4.0001.3100/25","300502_4.0001.3100/26","300502_4.0001.3100/27","300502_4.0001.3108/2"],"location_quality":"dokładny","gunb_url":"https://wyszukiwarka.gunb.gov.pl/","parcel_count":8,"parcel_shard":"x065-y208","parcel_id":"300502_4.0001.3108/2","location_source":"powiat grodziski (wielkopolski) (wfs)"}},{"type":"Feature","id":"ST-WK-WI/WNIOSEK/1474/2026::300502_4.0001.3114/7","geometry":{"type":"Polygon","coordinates":[[[16.3499239805945,52.2393171455322],[16.3500114679809,52.2396429672472],[16.3504506129337,52.2397383612801],[16.3503178873623,52.2392580896623],[16.3502538381257,52.238950397973],[16.3498708453364,52.2374454616489],[16.3497743504567,52.2371602874855],[16.3496638876419,52.2368339409505],[16.3495278738459,52.2364321007681],[16.3493918327757,52.236030172388],[16.3493390609647,52.2358742579122],[16.3491906032533,52.2354356330191],[16.349005649108,52.2355980087808],[16.3494755504584,52.2371171447473],[16.3494370767629,52.2371857160404],[16.3495957011101,52.237699561776],[16.3498834708002,52.2389423203883],[16.349951050578,52.2391960065135],[16.350015953952,52.2392167462291],[16.3500395829354,52.2393054602291],[16.3499239805945,52.2393171455322]]]},"properties":{"case_id":"ST-WK-WI/WNIOSEK/1474/2026","source_type":"wniosek_decyzja","received_date":"2025-11-25","decision_date":"2026-01-28","status":"decyzja wydana","description":"Budowa ośmiu budynków mieszkalnych jednorodzinnych wolnostojących wraz z niezbędną infrastrukturą techniczną","address":"Grodzisk Wielkopolski","city":"Grodzisk Wielkopolski","office":"Starosta Powiatu Grodzisk Wielkopolski","case_kind":"Budynek mieszkalny jednorodzinny","parcel_ids":["300502_4.0001.3114/7"],"location_quality":"dokładny","gunb_url":"https://wyszukiwarka.gunb.gov.pl/","parcel_count":1,"parcel_shard":"x065-y208","parcel_id":"300502_4.0001.3114/7","location_source":"powiat grodziski (wielkopolski) (wfs)"}},{"type":"Feature","id":"ST-WK-WI/WNIOSEK/282/2026::300502_4.0001.3114/7","geometry":{"type":"Polygon","coordinates":[[[16.3499239805945,52.2393171455322],[16.3500114679809,52.2396429672472],[16.3504506129337,52.2397383612801],[16.3503178873623,52.2392580896623],[16.3502538381257,52.238950397973],[16.3498708453364,52.2374454616489],[16.3497743504567,52.2371602874855],[16.3496638876419,52.2368339409505],[16.3495278738459,52.2364321007681],[16.3493918327757,52.236030172388],[16.3493390609647,52.2358742579122],[16.3491906032533,52.2354356330191],[16.349005649108,52.2355980087808],[16.3494755504584,52.2371171447473],[16.3494370767629,52.2371857160404],[16.3495957011101,52.237699561776],[16.3498834708002,52.2389423203883],[16.349951050578,52.2391960065135],[16.350015953952,52.2392167462291],[16.3500395829354,52.2393054602291],[16.3499239805945,52.2393171455322]]]},"properties":{"case_id":"ST-WK-WI/WNIOSEK/282/2026","source_type":"wniosek_decyzja","received_date":"2025-11-05","decision_date":"2026-01-08","status":"decyzja wydana","description":"Budowa 18 budynków mieszkalnych jednorodzinnych w zabudowie bliźniaczej","address":"Grodzisk Wielkopolski","city":"Grodzisk Wielkopolski","office":"Starosta Powiatu Grodzisk Wielkopolski","case_kind":"Budynek mieszkalny jednorodzinny","parcel_ids":["300502_4.0001.3114/7"],"location_quality":"dokładny","gunb_url":"https://wyszukiwarka.gunb.gov.pl/","parcel_count":1,"parcel_shard":"x065-y208","parcel_id":"300502_4.0001.3114/7","location_source":"powiat grodziski (wielkopolski) (wfs)"}},{"type":"Feature","id":"ST-WK-WI/WNIOSEK/10547/2026::300502_4.0001.3120/10","geometry":{"type":"Polygon","coordinates":[[[16.3497743504567,52.2371602874855],[16.3504263927705,52.2370770573933],[16.3503160206247,52.2367509748414],[16.3496638876419,52.2368339409505],[16.3497743504567,52.2371602874855]]]},"properties":{"case_id":"ST-WK-WI/WNIOSEK/10547/2026","source_type":"wniosek_decyzja","received_date":"2026-04-03","decision_date":"2026-06-03","status":"decyzja wydana","description":"Budowa dwóch budynków mieszkalnych wielorodzinnych z lokalami usługowymi w parterze budynków \"D4\" i \"D5","address":"Grodzisk Wielkopolski","city":"Grodzisk Wielkopolski","office":"Starosta Powiatu Grodzisk Wielkopolski","case_kind":"Obiekt budowlany inny niż budynek mieszkalny jednorodzinny","parcel_ids":["300502_4.0001.3120/10","300502_4.0001.3120/11","300502_4.0001.3120/12","300502_4.0001.3120/13","300502_4.0001.3120/14","300502_4.0001.3120/5"],"location_quality":"dokładny","gunb_url":"https://wyszukiwarka.gunb.gov.pl/","parcel_count":6,"parcel_shard":"x065-y208","parcel_id":"300502_4.0001.3120/10","location_source":"powiat grodziski (wielkopolski) (wfs)"}},{"type":"Feature","id":"ST-WK-WI/WNIOSEK/10547/2026::300502_4.0001.3120/11","geometry":{"type":"Polygon","coordinates":[[[16.3496638876419,52.2368339409505],[16.3503160206247,52.2367509748414],[16.3501799786517,52.236349046685],[16.3495278738459,52.2364321007681],[16.3496638876419,52.2368339409505]]]},"properties":{"case_id":"ST-WK-WI/WNIOSEK/10547/2026","source_type":"wniosek_decyzja","received_date":"2026-04-03","decision_date":"2026-06-03","status":"decyzja wydana","description":"Budowa dwóch budynków mieszkalnych wielorodzinnych z lokalami usługowymi w parterze budynków \"D4\" i \"D5","address":"Grodzisk Wielkopolski","city":"Grodzisk Wielkopolski","office":"Starosta Powiatu Grodzisk Wielkopolski","case_kind":"Obiekt budowlany inny niż budynek mieszkalny jednorodzinny","parcel_ids":["300502_4.0001.3120/10","300502_4.0001.3120/11","300502_4.0001.3120/12","300502_4.0001.3120/13","300502_4.0001.3120/14","300502_4.0001.3120/5"],"location_quality":"dokładny","gunb_url":"https://wyszukiwarka.gunb.gov.pl/","parcel_count":6,"parcel_shard":"x065-y208","parcel_id":"300502_4.0001.3120/11","location_source":"powiat grodziski (wielkopolski) (wfs)"}},{"type":"Feature","id":"ST-WK-WI/WNIOSEK/10547/2026::300502_4.0001.3120/12","geometry":{"type":"Polygon","coordinates":[[[16.3495278738459,52.2364321007681],[16.3501799786517,52.236349046685],[16.3500439392079,52.2359471183217],[16.3493918327757,52.236030172388],[16.3495278738459,52.2364321007681]]]},"properties":{"case_id":"ST-WK-WI/WNIOSEK/10547/2026","source_type":"wniosek_decyzja","received_date":"2026-04-03","decision_date":"2026-06-03","status":"decyzja wydana","description":"Budowa dwóch budynków mieszkalnych wielorodzinnych z lokalami usługowymi w parterze budynków \"D4\" i \"D5","address":"Grodzisk Wielkopolski","city":"Grodzisk Wielkopolski","office":"Starosta Powiatu Grodzisk Wielkopolski","case_kind":"Obiekt budowlany inny niż budynek mieszkalny jednorodzinny","parcel_ids":["300502_4.0001.3120/10","300502_4.0001.3120/11","300502_4.0001.3120/12","300502_4.0001.3120/13","300502_4.0001.3120/14","300502_4.0001.3120/5"],"location_quality":"dokładny","gunb_url":"https://wyszukiwarka.gunb.gov.pl/","parcel_count":6,"parcel_shard":"x065-y208","parcel_id":"300502_4.0001.3120/12","location_source":"powiat grodziski (wielkopolski) (wfs)"}},{"type":"Feature","id":"ST-WK-WI/WNIOSEK/10547/2026::300502_4.0001.3120/13","geometry":{"type":"Polygon","coordinates":[[[16.3493918327757,52.236030172388],[16.3500439392079,52.2359471183217],[16.3500325409573,52.2359134418535],[16.3504121711536,52.2356535610944],[16.3499959727692,52.2354244479834],[16.3493390609647,52.2358742579122],[16.3493918327757,52.236030172388]]]},"properties":{"case_id":"ST-WK-WI/WNIOSEK/10547/2026","source_type":"wniosek_decyzja","received_date":"2026-04-03","decision_date":"2026-06-03","status":"decyzja wydana","description":"Budowa dwóch budynków mieszkalnych wielorodzinnych z lokalami usługowymi w parterze budynków \"D4\" i \"D5","address":"Grodzisk Wielkopolski","city":"Grodzisk Wielkopolski","office":"Starosta Powiatu Grodzisk Wielkopolski","case_kind":"Obiekt budowlany inny niż budynek mieszkalny jednorodzinny","parcel_ids":["300502_4.0001.3120/10","300502_4.0001.3120/11","300502_4.0001.3120/12","300502_4.0001.3120/13","300502_4.0001.3120/14","300502_4.0001.3120/5"],"location_quality":"dokładny","gunb_url":"https://wyszukiwarka.gunb.gov.pl/","parcel_count":6,"parcel_shard":"x065-y208","parcel_id":"300502_4.0001.3120/13","location_source":"powiat grodziski (wielkopolski) (wfs)"}},{"type":"Feature","id":"ST-WK-WI/WNIOSEK/10547/2026::300502_4.0001.3120/14","geometry":{"type":"Polygon","coordinates":[[[16.3493390609647,52.2358742579122],[16.3499959727692,52.2354244479834],[16.3495860112065,52.2351987643925],[16.3491906032533,52.2354356330191],[16.3493390609647,52.2358742579122]]]},"properties":{"case_id":"ST-WK-WI/WNIOSEK/10547/2026","source_type":"wniosek_decyzja","received_date":"2026-04-03","decision_date":"2026-06-03","status":"decyzja wydana","description":"Budowa dwóch budynków mieszkalnych wielorodzinnych z lokalami usługowymi w parterze budynków \"D4\" i \"D5","address":"Grodzisk Wielkopolski","city":"Grodzisk Wielkopolski","office":"Starosta Powiatu Grodzisk Wielkopolski","case_kind":"Obiekt budowlany inny niż budynek mieszkalny jednorodzinny","parcel_ids":["300502_4.0001.3120/10","300502_4.0001.3120/11","300502_4.0001.3120/12","300502_4.0001.3120/13","300502_4.0001.3120/14","300502_4.0001.3120/5"],"location_quality":"dokładny","gunb_url":"https://wyszukiwarka.gunb.gov.pl/","parcel_count":6,"parcel_shard":"x065-y208","parcel_id":"300502_4.0001.3120/14","location_source":"powiat grodziski (wielkopolski) (wfs)"}},{"type":"Feature","id":"ST-WK-WI/WNIOSEK/10547/2026::300502_4.0001.3120/5","geometry":{"type":"Polygon","coordinates":[[[16.3504263927705,52.2370770573933],[16.3504979979942,52.237067878962],[16.3503225371445,52.2365494631689],[16.3501117017065,52.2359265581267],[16.3504665152776,52.235683499569],[16.3504121711536,52.2356535610944],[16.3500325409573,52.2359134418535],[16.3500439392079,52.2359471183217],[16.3501799786517,52.236349046685],[16.3503160206247,52.2367509748414],[16.3504263927705,52.2370770573933]]]},"properties":{"case_id":"ST-WK-WI/WNIOSEK/10547/2026","source_type":"wniosek_decyzja","received_date":"2026-04-03","decision_date":"2026-06-03","status":"decyzja wydana","description":"Budowa dwóch budynków mieszkalnych wielorodzinnych z lokalami usługowymi w parterze budynków \"D4\" i \"D5","address":"Grodzisk Wielkopolski","city":"Grodzisk Wielkopolski","office":"Starosta Powiatu Grodzisk Wielkopolski","case_kind":"Obiekt budowlany inny niż budynek mieszkalny jednorodzinny","parcel_ids":["300502_4.0001.3120/10","300502_4.0001.3120/11","300502_4.0001.3120/12","300502_4.0001.3120/13","300502_4.0001.3120/14","300502_4.0001.3120/5"],"location_quality":"dokładny","gunb_url":"https://wyszukiwarka.gunb.gov.pl/","parcel_count":6,"parcel_shard":"x065-y208","parcel_id":"300502_4.0001.3120/5","location_source":"powiat grodziski (wielkopolski) (wfs)"}},{"type":"Feature","id":"ST-WK-WI/WNIOSEK/10228/2026::300502_4.0001.3139/6","geometry":{"type":"Polygon","coordinates":[[[16.3699816890756,52.24967732662],[16.3697347943675,52.2494495338049],[16.3690927877946,52.2497112612163],[16.3693447774824,52.2499372671485],[16.3699816890756,52.24967732662]]]},"properties":{"case_id":"ST-WK-WI/WNIOSEK/10228/2026","source_type":"wniosek_decyzja","received_date":"2026-03-25","decision_date":"2026-05-29","status":"decyzja wydana","description":"Zmiana decyzji z dnia 21.02.2020r. nr 120/2020, znak AB.6740.72.2020","address":"Grodzisk Wielkopolski","city":"Grodzisk Wielkopolski","office":"Starosta Powiatu Grodzisk Wielkopolski","case_kind":"Obiekt budowlany inny niż budynek mieszkalny jednorodzinny","parcel_ids":["300502_4.0001.3139/6","300502_4.0001.3139/7"],"location_quality":"dokładny","gunb_url":"https://wyszukiwarka.gunb.gov.pl/","parcel_count":2,"parcel_shard":"x065-y208","parcel_id":"300502_4.0001.3139/6","location_source":"powiat grodziski (wielkopolski) (wfs)"}},{"type":"Feature","id":"ST-WK-WI/WNIOSEK/10228/2026::300502_4.0001.3139/7","geometry":{"type":"Polygon","coordinates":[[[16.3697347943675,52.2494495338049],[16.3692900989457,52.2490389901405],[16.3689977090017,52.248663239178],[16.3689390709953,52.2486505050835],[16.3688857457191,52.2485800564453],[16.3685308925087,52.2487124343189],[16.3681590090931,52.248848244303],[16.3681377901436,52.2488556377478],[16.3690264431116,52.249651732863],[16.3690927877946,52.2497112612163],[16.3697347943675,52.2494495338049]]]},"properties":{"case_id":"ST-WK-WI/WNIOSEK/10228/2026","source_type":"wniosek_decyzja","received_date":"2026-03-25","decision_date":"2026-05-29","status":"decyzja wydana","description":"Zmiana decyzji z dnia 21.02.2020r. nr 120/2020, znak AB.6740.72.2020","address":"Grodzisk Wielkopolski","city":"Grodzisk Wielkopolski","office":"Starosta Powiatu Grodzisk Wielkopolski","case_kind":"Obiekt budowlany inny niż budynek mieszkalny jednorodzinny","parcel_ids":["300502_4.0001.3139/6","300502_4.0001.3139/7"],"location_quality":"dokładny","gunb_url":"https://wyszukiwarka.gunb.gov.pl/","parcel_count":2,"parcel_shard":"x065-y208","parcel_id":"300502_4.0001.3139/7","location_source":"powiat grodziski (wielkopolski) (wfs)"}},{"type":"Feature","id":"ST-WK-WI/WNIOSEK/25857/2025::300502_4.0001.3153","geometry":{"type":"Polygon","coordinates":[[[16.3619704712011,52.2479142893889],[16.3632771417523,52.2472979773423],[16.363143102054,52.2471539129632],[16.364267027564,52.2462797717676],[16.3642106080831,52.2462167524867],[16.3611625781933,52.2472448113682],[16.3612048344411,52.247280996376],[16.3619704712011,52.2479142893889]]]},"properties":{"case_id":"ST-WK-WI/WNIOSEK/25857/2025","source_type":"wniosek_decyzja","received_date":"2025-10-22","decision_date":"2025-12-22","status":"decyzja wydana","description":"Budowa hali łukowej na płody rolne","address":"Grodzisk Wielkopolski","city":"Grodzisk Wielkopolski","office":"Starosta Powiatu Grodzisk Wielkopolski","case_kind":"Obiekt budowlany inny niż budynek mieszkalny jednorodzinny","parcel_ids":["300502_4.0001.3153"],"location_quality":"dokładny","gunb_url":"https://wyszukiwarka.gunb.gov.pl/","parcel_count":1,"parcel_shard":"x065-y208","parcel_id":"300502_4.0001.3153","location_source":"powiat grodziski (wielkopolski) (wfs)"}},{"type":"Feature","id":"ST-WK-WI/WNIOSEK/4782/2026::300502_4.0001.3180/3","geometry":{"type":"Polygon","coordinates":[[[16.360033421333,52.2411591677687],[16.3603934991662,52.2410407766803],[16.3596629460888,52.2402141799721],[16.3595775187529,52.2401927831212],[16.3592751166683,52.2403010698263],[16.3592890707185,52.2403169083324],[16.3594745469153,52.2405267166682],[16.3596630620035,52.2407400850237],[16.359856582005,52.2409590580651],[16.360033421333,52.2411591677687]]]},"properties":{"case_id":"ST-WK-WI/WNIOSEK/4782/2026","source_type":"wniosek_decyzja","received_date":"2026-02-06","decision_date":"2026-04-01","status":"decyzja wydana","description":"Budowa czterech budynków mieszkalnych jednorodzinnych w zabudowie bliźniaczej wraz z niezbędną infrastrukturą techniczną","address":"Grodzisk Wielkopolski","city":"Grodzisk Wielkopolski","office":"Starosta Powiatu Grodzisk Wielkopolski","case_kind":"Budynek mieszkalny jednorodzinny","parcel_ids":["300502_4.0001.3180/3"],"location_quality":"dokładny","gunb_url":"https://wyszukiwarka.gunb.gov.pl/","parcel_count":1,"parcel_shard":"x065-y208","parcel_id":"300502_4.0001.3180/3","location_source":"powiat grodziski (wielkopolski) (wfs)"}},{"type":"Feature","id":"ST-WK-WI/WNIOSEK/4781/2026::300502_4.0001.3180/5","geometry":{"type":"Polygon","coordinates":[[[16.3597771351251,52.240117947879],[16.3597572075101,52.2401701299311],[16.3603706793693,52.2408643293988],[16.3604584859223,52.2408868667388],[16.3605483131975,52.2409898261504],[16.3608540295671,52.2408893178285],[16.3600944648013,52.2400191053583],[16.3600227932923,52.2400118417458],[16.3597771351251,52.240117947879]]]},"properties":{"case_id":"ST-WK-WI/WNIOSEK/4781/2026","source_type":"wniosek_decyzja","received_date":"2026-02-06","decision_date":"2026-04-01","status":"decyzja wydana","description":"Budowa czterech budynków mieszkalnych jednorodzinnych w zabudowie bliźniaczej wraz z niezbędną infrastrukturą","address":"Albertowsko","city":"Albertowsko","office":"Starosta Powiatu Grodzisk Wielkopolski","case_kind":"Budynek mieszkalny jednorodzinny","parcel_ids":["300502_4.0001.3180/5"],"location_quality":"dokładny","gunb_url":"https://wyszukiwarka.gunb.gov.pl/","parcel_count":1,"parcel_shard":"x065-y208","parcel_id":"300502_4.0001.3180/5","location_source":"powiat grodziski (wielkopolski) (wfs)"}},{"type":"Feature","id":"ST-WK-WI/WNIOSEK/3510/2026::300502_4.0001.3208/1","geometry":{"type":"Polygon","coordinates":[[[16.35801621203,52.2384494785522],[16.3560008058237,52.2387043360058],[16.3556457401373,52.2396340878909],[16.3575633262667,52.2393911691067],[16.3587334765284,52.2392429154365],[16.3586152834247,52.2388937549206],[16.3581851746531,52.2389486144492],[16.35801621203,52.2384494785522]]]},"properties":{"case_id":"ST-WK-WI/WNIOSEK/3510/2026","source_type":"wniosek_decyzja","received_date":"2025-11-06","decision_date":"2026-02-04","status":"decyzja wydana","description":"Rozbudowa wewnętrznej instalacji gazowej w halach magazynowych","address":"Grodzisk Wielkopolski","city":"Grodzisk Wielkopolski","office":"Starosta Powiatu Grodzisk Wielkopolski","case_kind":"Obiekt budowlany inny niż budynek mieszkalny jednorodzinny","parcel_ids":["300502_4.0001.3208/1","300502_4.0001.3208/2","300502_4.0001.4108","300502_4.0001.4110"],"location_quality":"dokładny","gunb_url":"https://wyszukiwarka.gunb.gov.pl/","parcel_count":4,"parcel_shard":"x065-y208","parcel_id":"300502_4.0001.3208/1","location_source":"powiat grodziski (wielkopolski) (wfs)"}},{"type":"Feature","id":"ST-WK-WI/WNIOSEK/3510/2026::300502_4.0001.3208/2","geometry":{"type":"Polygon","coordinates":[[[16.360081485054,52.2381859654453],[16.3596948789907,52.2382323503343],[16.35801621203,52.2384494785522],[16.3581851746531,52.2389486144492],[16.3586152834247,52.2388937549206],[16.3587334765284,52.2392429154365],[16.3592758747345,52.2391741961794],[16.3599620839457,52.239222915756],[16.3601784491674,52.2391996430048],[16.360203390216,52.2392609026412],[16.3603385492333,52.2392821793849],[16.3604638018351,52.2393077492633],[16.3605791170671,52.2393215009671],[16.3608811056554,52.2394171864541],[16.3611343438424,52.2393007078577],[16.360869684003,52.2392143050523],[16.360604882587,52.2390562261119],[16.3603673996562,52.2388383688756],[16.3601109310224,52.2382531565478],[16.360081485054,52.2381859654453]]]},"properties":{"case_id":"ST-WK-WI/WNIOSEK/3510/2026","source_type":"wniosek_decyzja","received_date":"2025-11-06","decision_date":"2026-02-04","status":"decyzja wydana","description":"Rozbudowa wewnętrznej instalacji gazowej w halach magazynowych","address":"Grodzisk Wielkopolski","city":"Grodzisk Wielkopolski","office":"Starosta Powiatu Grodzisk Wielkopolski","case_kind":"Obiekt budowlany inny niż budynek mieszkalny jednorodzinny","parcel_ids":["300502_4.0001.3208/1","300502_4.0001.3208/2","300502_4.0001.4108","300502_4.0001.4110"],"location_quality":"dokładny","gunb_url":"https://wyszukiwarka.gunb.gov.pl/","parcel_count":4,"parcel_shard":"x065-y208","parcel_id":"300502_4.0001.3208/2","location_source":"powiat grodziski (wielkopolski) (wfs)"}},{"type":"Feature","id":"ST-WK-WI/WNIOSEK/3510/2026::300502_4.0001.4108","geometry":{"type":"Polygon","coordinates":[[[16.3567079200209,52.23796672857],[16.3573131264714,52.2380573261585],[16.3573248840709,52.2380925028858],[16.3578719220408,52.2380233053035],[16.35801621203,52.2384494785522],[16.3596948789907,52.2382323503343],[16.3595443028457,52.2377817133973],[16.3594905245368,52.2376210347705],[16.3578035908744,52.2378301384428],[16.3567079200209,52.23796672857]]]},"properties":{"case_id":"ST-WK-WI/WNIOSEK/3510/2026","source_type":"wniosek_decyzja","received_date":"2025-11-06","decision_date":"2026-02-04","status":"decyzja wydana","description":"Rozbudowa wewnętrznej instalacji gazowej w halach magazynowych","address":"Grodzisk Wielkopolski","city":"Grodzisk Wielkopolski","office":"Starosta Powiatu Grodzisk Wielkopolski","case_kind":"Obiekt budowlany inny niż budynek mieszkalny jednorodzinny","parcel_ids":["300502_4.0001.3208/1","300502_4.0001.3208/2","300502_4.0001.4108","300502_4.0001.4110"],"location_quality":"dokładny","gunb_url":"https://wyszukiwarka.gunb.gov.pl/","parcel_count":4,"parcel_shard":"x065-y208","parcel_id":"300502_4.0001.4108","location_source":"powiat grodziski (wielkopolski) (wfs)"}},{"type":"Feature","id":"ST-WK-WI/WNIOSEK/3510/2026::300502_4.0001.4110","geometry":{"type":"Polygon","coordinates":[[[16.3565125843671,52.2373489600548],[16.3563025002666,52.2379060536447],[16.3567079200209,52.23796672857],[16.3578035908744,52.2378301384428],[16.3594905245368,52.2376210347705],[16.3592850453101,52.2370038727845],[16.3575959298671,52.237214136512],[16.3565125843671,52.2373489600548]]]},"properties":{"case_id":"ST-WK-WI/WNIOSEK/3510/2026","source_type":"wniosek_decyzja","received_date":"2025-11-06","decision_date":"2026-02-04","status":"decyzja wydana","description":"Rozbudowa wewnętrznej instalacji gazowej w halach magazynowych","address":"Grodzisk Wielkopolski","city":"Grodzisk Wielkopolski","office":"Starosta Powiatu Grodzisk Wielkopolski","case_kind":"Obiekt budowlany inny niż budynek mieszkalny jednorodzinny","parcel_ids":["300502_4.0001.3208/1","300502_4.0001.3208/2","300502_4.0001.4108","300502_4.0001.4110"],"location_quality":"dokładny","gunb_url":"https://wyszukiwarka.gunb.gov.pl/","parcel_count":4,"parcel_shard":"x065-y208","parcel_id":"300502_4.0001.4110","location_source":"powiat grodziski (wielkopolski) (wfs)"}},{"type":"Feature","id":"ST-WK-WI/WNIOSEK/1171/2026::300502_4.0001.3264","geometry":{"type":"Polygon","coordinates":[[[16.3712040317894,52.2395533620355],[16.3712478937256,52.2396126942332],[16.3717612809541,52.2402887042151],[16.3719468985922,52.2405330218956],[16.3722214213928,52.2408929830058],[16.3726958371249,52.2415150213319],[16.3727771755508,52.2416881921985],[16.3728476741209,52.2417773573576],[16.3730347873365,52.2419236250564],[16.3731846963685,52.2421594708474],[16.3733241452664,52.2421138955001],[16.373173291817,52.2419038856353],[16.3730904466163,52.2417482727626],[16.372994530973,52.2416470345939],[16.372822057602,52.2414924445577],[16.3723613484587,52.2409002557603],[16.3721067993424,52.2405709155167],[16.3720257912909,52.2404651657537],[16.3718499278457,52.2402356268449],[16.3717214720389,52.2400686527472],[16.3715921338253,52.2399023953649],[16.3715295022109,52.2398211675195],[16.3713336235331,52.239567363815],[16.371078334387,52.2392328792205],[16.3710533709759,52.2392002770969],[16.3708875599516,52.2389853355741],[16.3706667046846,52.2386965707288],[16.3705448038818,52.2385387717427],[16.3704150638115,52.2383710151632],[16.3694135561848,52.2370587009978],[16.3693346709863,52.2370761168869],[16.3693777982724,52.2371344041601],[16.3712040317894,52.2395533620355]]]},"properties":{"case_id":"ST-WK-WI/WNIOSEK/1171/2026","source_type":"wniosek_decyzja","received_date":"2025-12-08","decision_date":"2026-01-22","status":"decyzja wydana","description":"Budowa sieci wodociągowej wraz z przyłączem","address":"Grodzisk Wielkopolski","city":"Grodzisk Wielkopolski","office":"Starosta Powiatu Grodzisk Wielkopolski","case_kind":"Obiekt budowlany inny niż budynek mieszkalny jednorodzinny","parcel_ids":["300502_4.0001.3264","300502_4.0001.3267/3"],"location_quality":"dokładny","gunb_url":"https://wyszukiwarka.gunb.gov.pl/","parcel_count":2,"parcel_shard":"x065-y208","parcel_id":"300502_4.0001.3264","location_source":"powiat grodziski (wielkopolski) (wfs)"}},{"type":"Feature","id":"ST-WK-WI/WNIOSEK/1171/2026::300502_4.0001.3267/3","geometry":{"type":"Polygon","coordinates":[[[16.3737853079253,52.2398980292004],[16.3736689156927,52.2399361461344],[16.3736449417842,52.2399847823714],[16.373419117954,52.240058867532],[16.3730640014518,52.2401753533177],[16.3727088830844,52.2402918380426],[16.3721214121196,52.2404845475744],[16.3720257912909,52.2404651657537],[16.3721067993424,52.2405709155167],[16.3738680406624,52.2399931514714],[16.3737853079253,52.2398980292004]]]},"properties":{"case_id":"ST-WK-WI/WNIOSEK/1171/2026","source_type":"wniosek_decyzja","received_date":"2025-12-08","decision_date":"2026-01-22","status":"decyzja wydana","description":"Budowa sieci wodociągowej wraz z przyłączem","address":"Grodzisk Wielkopolski","city":"Grodzisk Wielkopolski","office":"Starosta Powiatu Grodzisk Wielkopolski","case_kind":"Obiekt budowlany inny niż budynek mieszkalny jednorodzinny","parcel_ids":["300502_4.0001.3264","300502_4.0001.3267/3"],"location_quality":"dokładny","gunb_url":"https://wyszukiwarka.gunb.gov.pl/","parcel_count":2,"parcel_shard":"x065-y208","parcel_id":"300502_4.0001.3267/3","location_source":"powiat grodziski (wielkopolski) (wfs)"}},{"type":"Feature","id":"ST-WK-WI/WNIOSEK/20256/2025::300502_4.0001.3267/6","geometry":{"type":"Polygon","coordinates":[[[16.3728344872722,52.2399116988785],[16.372821732374,52.2399158919812],[16.3725725763357,52.2399977970924],[16.3724796686386,52.2400283592005],[16.3727088830844,52.2402918380426],[16.3730640014518,52.2401753533177],[16.3728344872722,52.2399116988785]]]},"properties":{"case_id":"ST-WK-WI/WNIOSEK/20256/2025","source_type":"wniosek_decyzja","received_date":"2025-09-18","decision_date":"2025-10-07","status":"decyzja wydana","description":"Zmiana pozwolenia na budowę nr 300/2025 z dnia 23.07.2025r. (BS.6740.246.2025) w zakresie budowy instalacji zbiornikowej na gaz płynny ze zbiornikiem naziemnym o pojemności 2,70 m3 wraz z gazową instalacją wewnętrzną w budynku mieszkalnym jednorodzinnym w trakcie budowy","address":"Grodzisk Wielkopolski","city":"Grodzisk Wielkopolski","office":"Starosta Powiatu Grodzisk Wielkopolski","case_kind":"Obiekt budowlany inny niż budynek mieszkalny jednorodzinny","parcel_ids":["300502_4.0001.3267/6"],"location_quality":"dokładny","gunb_url":"https://wyszukiwarka.gunb.gov.pl/","parcel_count":1,"parcel_shard":"x065-y208","parcel_id":"300502_4.0001.3267/6","location_source":"powiat grodziski (wielkopolski) (wfs)"}},{"type":"Feature","id":"ST-WK-WI/WNIOSEK/22497/2025::300502_4.0001.3275","geometry":{"type":"Polygon","coordinates":[[[16.3708875599516,52.2389853355741],[16.3710533709759,52.2392002770969],[16.3724907142012,52.238720967573],[16.372735196392,52.2386394752844],[16.3727915322573,52.2386206969584],[16.3748750329201,52.2379254159435],[16.374760148931,52.2378791414154],[16.3745366889909,52.2377685523333],[16.3724470843312,52.238465342127],[16.3708875599516,52.2389853355741]]]},"properties":{"case_id":"ST-WK-WI/WNIOSEK/22497/2025","source_type":"wniosek_decyzja","received_date":"2025-10-27","decision_date":"2025-11-03","status":"decyzja wydana","description":"Zmiana pozwolenia na budowę nr 325/2021 z 14.05.2021r. (AB.6740.236.2021) w zakresie budowy wewnętrznej i zewnętrznej instalacji gazowej","address":"Sosnowa, Grodzisk Wielkopolski","city":"Grodzisk Wielkopolski","office":"Starosta Powiatu Grodzisk Wielkopolski","case_kind":"Obiekt budowlany inny niż budynek mieszkalny jednorodzinny","parcel_ids":["300502_4.0001.3275"],"location_quality":"dokładny","gunb_url":"https://wyszukiwarka.gunb.gov.pl/","parcel_count":1,"parcel_shard":"x065-y208","parcel_id":"300502_4.0001.3275","location_source":"powiat grodziski (wielkopolski) (wfs)"}},{"type":"Feature","id":"ST-WK-WI/WNIOSEK/4511/2026::300502_4.0001.3374/104","geometry":{"type":"Polygon","coordinates":[[[16.3889693109313,52.2332945393791],[16.3887854642505,52.2334521186709],[16.3889936477886,52.2335437594466],[16.3892018326745,52.2336353100274],[16.3893856785339,52.2334777301232],[16.3889693109313,52.2332945393791]]]},"properties":{"case_id":"ST-WK-WI/WNIOSEK/4511/2026","source_type":"wniosek_decyzja","received_date":"2026-01-30","decision_date":"2026-05-12","status":"decyzja wydana","description":"budowa budynku mieszkalnego jednorodzinnego wraz z niezbędną infrastrukturą techniczną","address":"Grodzisk Wielkopolski","city":"Grodzisk Wielkopolski","office":"Starosta Powiatu Grodzisk Wielkopolski","case_kind":"Budynek mieszkalny jednorodzinny","parcel_ids":["300502_4.0001.3374/104"],"location_quality":"dokładny","gunb_url":"https://wyszukiwarka.gunb.gov.pl/","parcel_count":1,"parcel_shard":"x065-y208","parcel_id":"300502_4.0001.3374/104","location_source":"powiat grodziski (wielkopolski) (wfs)"}},{"type":"Feature","id":"ST-WK-WI/WNIOSEK/10172/2026::300502_4.0001.3374/113","geometry":{"type":"Polygon","coordinates":[[[16.3901974885916,52.2329362178365],[16.3900785059082,52.232883891275],[16.389937204874,52.2330049896957],[16.3897533645965,52.2331625699655],[16.389569522498,52.2333201501053],[16.3893856785339,52.2334777301232],[16.3892018326745,52.2336353100274],[16.3889205402512,52.2338764304263],[16.3890395245029,52.2339287580651],[16.3892264638978,52.2337685788391],[16.3894225277455,52.233600511358],[16.3896185888394,52.2334325336443],[16.3898146483274,52.2332644659098],[16.3900105593232,52.2330963976944],[16.3901974885916,52.2329362178365]]]},"properties":{"case_id":"ST-WK-WI/WNIOSEK/10172/2026","source_type":"wniosek_decyzja","received_date":"2026-05-15","decision_date":"2026-05-28","status":"decyzja wydana","description":"Zmiana decyzji pozwolenia na budowę nr 135/2025 z dnia 26.03.2025r., znak BS.6740.668.2024.","address":"Grodzisk Wielkopolski","city":"Grodzisk Wielkopolski","office":"Starosta Powiatu Grodzisk Wielkopolski","case_kind":"Obiekt budowlany inny niż budynek mieszkalny jednorodzinny","parcel_ids":["300502_4.0001.3374/113","300502_4.0001.3374/17","300502_4.0001.3374/52","300502_4.0001.3374/53","300502_4.0001.3374/78","300502_4.0001.3374/8","300502_4.0001.3374/98","300502_4.0001.3998"],"location_quality":"dokładny","gunb_url":"https://wyszukiwarka.gunb.gov.pl/","parcel_count":8,"parcel_shard":"x065-y208","parcel_id":"300502_4.0001.3374/113","location_source":"powiat grodziski (wielkopolski) (wfs)"}},{"type":"Feature","id":"ST-WK-WI/WNIOSEK/10172/2026::300502_4.0001.3374/17","geometry":{"type":"Polygon","coordinates":[[[16.3897172254523,52.2321133451149],[16.3894597054942,52.2319998355092],[16.3892010989465,52.232221054942],[16.3894589115072,52.2323347454827],[16.3897172254523,52.2321133451149]]]},"properties":{"case_id":"ST-WK-WI/WNIOSEK/10172/2026","source_type":"wniosek_decyzja","received_date":"2026-05-15","decision_date":"2026-05-28","status":"decyzja wydana","description":"Zmiana decyzji pozwolenia na budowę nr 135/2025 z dnia 26.03.2025r., znak BS.6740.668.2024.","address":"Grodzisk Wielkopolski","city":"Grodzisk Wielkopolski","office":"Starosta Powiatu Grodzisk Wielkopolski","case_kind":"Obiekt budowlany inny niż budynek mieszkalny jednorodzinny","parcel_ids":["300502_4.0001.3374/113","300502_4.0001.3374/17","300502_4.0001.3374/52","300502_4.0001.3374/53","300502_4.0001.3374/78","300502_4.0001.3374/8","300502_4.0001.3374/98","300502_4.0001.3998"],"location_quality":"dokładny","gunb_url":"https://wyszukiwarka.gunb.gov.pl/","parcel_count":8,"parcel_shard":"x065-y208","parcel_id":"300502_4.0001.3374/17","location_source":"powiat grodziski (wielkopolski) (wfs)"}},{"type":"Feature","id":"ST-WK-WI/WNIOSEK/10172/2026::300502_4.0001.3374/52","geometry":{"type":"Polygon","coordinates":[[[16.385769967672,52.232536945371],[16.3860073306386,52.2326423247187],[16.3859908968321,52.2325795450181],[16.3862698352356,52.2323414819549],[16.3864541195521,52.2321848962329],[16.3866384018019,52.2320284001686],[16.3868225367179,52.2318718136356],[16.3870068165574,52.2317152272356],[16.3871503222045,52.231593597873],[16.3870314940697,52.2315411786608],[16.3868881357699,52.2316626284797],[16.3867040020805,52.2318192150561],[16.3865197211014,52.231975711174],[16.3863354380703,52.2321322969497],[16.38615129992,52.2322888828492],[16.3858722153997,52.2325268553834],[16.385769967672,52.232536945371]]]},"properties":{"case_id":"ST-WK-WI/WNIOSEK/10172/2026","source_type":"wniosek_decyzja","received_date":"2026-05-15","decision_date":"2026-05-28","status":"decyzja wydana","description":"Zmiana decyzji pozwolenia na budowę nr 135/2025 z dnia 26.03.2025r., znak BS.6740.668.2024.","address":"Grodzisk Wielkopolski","city":"Grodzisk Wielkopolski","office":"Starosta Powiatu Grodzisk Wielkopolski","case_kind":"Obiekt budowlany inny niż budynek mieszkalny jednorodzinny","parcel_ids":["300502_4.0001.3374/113","300502_4.0001.3374/17","300502_4.0001.3374/52","300502_4.0001.3374/53","300502_4.0001.3374/78","300502_4.0001.3374/8","300502_4.0001.3374/98","300502_4.0001.3998"],"location_quality":"dokładny","gunb_url":"https://wyszukiwarka.gunb.gov.pl/","parcel_count":8,"parcel_shard":"x065-y208","parcel_id":"300502_4.0001.3374/52","location_source":"powiat grodziski (wielkopolski) (wfs)"}},{"type":"Feature","id":"ST-WK-WI/WNIOSEK/10172/2026::300502_4.0001.3374/53","geometry":{"type":"Polygon","coordinates":[[[16.3867192816672,52.2329583693421],[16.3869616135523,52.2330659157569],[16.3869400680326,52.2330009666983],[16.3874589222807,52.2325593478871],[16.3875959563997,52.2324427359544],[16.3876560090804,52.2323917352864],[16.3877201839593,52.2323370591965],[16.3877843580725,52.2322824729671],[16.3878486789422,52.2322277971725],[16.3879128532538,52.2321731210131],[16.3879771737596,52.2321184451693],[16.3880413476789,52.2320637689512],[16.3881012527516,52.2320127677809],[16.3879824220453,52.2319603496103],[16.3878372966887,52.2320836838229],[16.3876530191778,52.2322401815424],[16.3874688859267,52.2323967692816],[16.3872846052784,52.2325532665879],[16.3871003219124,52.2327099434576],[16.3868203620698,52.2329478262366],[16.3867192816672,52.2329583693421]]]},"properties":{"case_id":"ST-WK-WI/WNIOSEK/10172/2026","source_type":"wniosek_decyzja","received_date":"2026-05-15","decision_date":"2026-05-28","status":"decyzja wydana","description":"Zmiana decyzji pozwolenia na budowę nr 135/2025 z dnia 26.03.2025r., znak BS.6740.668.2024.","address":"Grodzisk Wielkopolski","city":"Grodzisk Wielkopolski","office":"Starosta Powiatu Grodzisk Wielkopolski","case_kind":"Obiekt budowlany inny niż budynek mieszkalny jednorodzinny","parcel_ids":["300502_4.0001.3374/113","300502_4.0001.3374/17","300502_4.0001.3374/52","300502_4.0001.3374/53","300502_4.0001.3374/78","300502_4.0001.3374/8","300502_4.0001.3374/98","300502_4.0001.3998"],"location_quality":"dokładny","gunb_url":"https://wyszukiwarka.gunb.gov.pl/","parcel_count":8,"parcel_shard":"x065-y208","parcel_id":"300502_4.0001.3374/53","location_source":"powiat grodziski (wielkopolski) (wfs)"}},{"type":"Feature","id":"ST-WK-WI/WNIOSEK/10172/2026::300502_4.0001.3374/78","geometry":{"type":"Polygon","coordinates":[[[16.3864295968269,52.2310548584149],[16.3863012473615,52.2311639604287],[16.3866579917253,52.2313211392568],[16.3870146198861,52.2314783981098],[16.3870314940697,52.2315411786608],[16.3871503222045,52.231593597873],[16.3872524224179,52.2315832368017],[16.3876090554276,52.2317404936778],[16.3879658377188,52.231897749732],[16.3879824220453,52.2319603496103],[16.3881012527516,52.2320127677809],[16.3882034989994,52.2320025859943],[16.3885515270683,52.2321559541216],[16.3886229140711,52.2321874048923],[16.3889709447486,52.2323408616128],[16.3889876767455,52.2324035515162],[16.3892457817187,52.2325174229097],[16.3893477365613,52.2325071495917],[16.3894786354726,52.2325647221902],[16.3897046796375,52.2326642208443],[16.3900616256329,52.2328212012066],[16.3900785059082,52.232883891275],[16.3901974885916,52.2329362178365],[16.3902995908511,52.2329258542596],[16.3906250058296,52.2330690057596],[16.3907439893647,52.2331213318758],[16.3909572842134,52.233215139064],[16.391106097329,52.2330394972604],[16.3909142221103,52.2330318510491],[16.3907358211329,52.2329532274003],[16.3904718702024,52.2328369181439],[16.3902079209371,52.2327205185067],[16.3899439728545,52.2326041183626],[16.389680025471,52.2324878075761],[16.3894754967669,52.2323976147109],[16.3894589115072,52.2323347454827],[16.3892010989465,52.232221054942],[16.3890989983948,52.2322313277726],[16.3889286320074,52.2321563162419],[16.3886989967335,52.2320550960705],[16.3884695089844,52.2319538757835],[16.3882398760107,52.2318526546753],[16.3880102441945,52.2317514330986],[16.3877807599616,52.2316502113906],[16.3875511305202,52.2315489888518],[16.3873809157819,52.2314740651881],[16.3873644785326,52.2314115554033],[16.3872456506908,52.2313591363922],[16.3871431136167,52.2313692267326],[16.3869476470358,52.231283006003],[16.3866929139268,52.2311706653217],[16.3864295968269,52.2310548584149]]]},"properties":{"case_id":"ST-WK-WI/WNIOSEK/10172/2026","source_type":"wniosek_decyzja","received_date":"2026-05-15","decision_date":"2026-05-28","status":"decyzja wydana","description":"Zmiana decyzji pozwolenia na budowę nr 135/2025 z dnia 26.03.2025r., znak BS.6740.668.2024.","address":"Grodzisk Wielkopolski","city":"Grodzisk Wielkopolski","office":"Starosta Powiatu Grodzisk Wielkopolski","case_kind":"Obiekt budowlany inny niż budynek mieszkalny jednorodzinny","parcel_ids":["300502_4.0001.3374/113","300502_4.0001.3374/17","300502_4.0001.3374/52","300502_4.0001.3374/53","300502_4.0001.3374/78","300502_4.0001.3374/8","300502_4.0001.3374/98","300502_4.0001.3998"],"location_quality":"dokładny","gunb_url":"https://wyszukiwarka.gunb.gov.pl/","parcel_count":8,"parcel_shard":"x065-y208","parcel_id":"300502_4.0001.3374/78","location_source":"powiat grodziski (wielkopolski) (wfs)"}},{"type":"Feature","id":"ST-WK-WI/WNIOSEK/10172/2026::300502_4.0001.3374/8","geometry":{"type":"Polygon","coordinates":[[[16.3876241132581,52.2311907913222],[16.3875052858005,52.2311383725503],[16.3872456506908,52.2313591363922],[16.3873644785326,52.2314115554033],[16.3876241132581,52.2311907913222]]]},"properties":{"case_id":"ST-WK-WI/WNIOSEK/10172/2026","source_type":"wniosek_decyzja","received_date":"2026-05-15","decision_date":"2026-05-28","status":"decyzja wydana","description":"Zmiana decyzji pozwolenia na budowę nr 135/2025 z dnia 26.03.2025r., znak BS.6740.668.2024.","address":"Grodzisk Wielkopolski","city":"Grodzisk Wielkopolski","office":"Starosta Powiatu Grodzisk Wielkopolski","case_kind":"Obiekt budowlany inny niż budynek mieszkalny jednorodzinny","parcel_ids":["300502_4.0001.3374/113","300502_4.0001.3374/17","300502_4.0001.3374/52","300502_4.0001.3374/53","300502_4.0001.3374/78","300502_4.0001.3374/8","300502_4.0001.3374/98","300502_4.0001.3998"],"location_quality":"dokładny","gunb_url":"https://wyszukiwarka.gunb.gov.pl/","parcel_count":8,"parcel_shard":"x065-y208","parcel_id":"300502_4.0001.3374/8","location_source":"powiat grodziski (wielkopolski) (wfs)"}},{"type":"Feature","id":"ST-WK-WI/WNIOSEK/10172/2026::300502_4.0001.3374/98","geometry":{"type":"Polygon","coordinates":[[[16.3878280233411,52.2333951223941],[16.3880877009931,52.2335100117046],[16.388368952672,52.2332689256078],[16.3885529465451,52.2331113472904],[16.3887367928304,52.2329536785921],[16.3889206368089,52.2327960996194],[16.3891044790709,52.2326385204829],[16.3892457817187,52.2325174229097],[16.3889876767455,52.2324035515162],[16.3889279181931,52.232454643316],[16.3888638908136,52.2325094101867],[16.3887998632443,52.2325641770465],[16.3887358354571,52.2326189438766],[16.388671808056,52.2326736207971],[16.388607779876,52.2327283875869],[16.3885437514926,52.2327831543474],[16.3884839916277,52.2328342460164],[16.3883473969195,52.2329510397278],[16.3882412706026,52.2330417496582],[16.3882370344921,52.2330454692066],[16.388138823539,52.2331293223674],[16.3880874601936,52.2331733350859],[16.38803637592,52.2332168950228],[16.3879378878523,52.2333012906275],[16.3879339272127,52.2333045575149],[16.3878280233411,52.2333951223941]]]},"properties":{"case_id":"ST-WK-WI/WNIOSEK/10172/2026","source_type":"wniosek_decyzja","received_date":"2026-05-15","decision_date":"2026-05-28","status":"decyzja wydana","description":"Zmiana decyzji pozwolenia na budowę nr 135/2025 z dnia 26.03.2025r., znak BS.6740.668.2024.","address":"Grodzisk Wielkopolski","city":"Grodzisk Wielkopolski","office":"Starosta Powiatu Grodzisk Wielkopolski","case_kind":"Obiekt budowlany inny niż budynek mieszkalny jednorodzinny","parcel_ids":["300502_4.0001.3374/113","300502_4.0001.3374/17","300502_4.0001.3374/52","300502_4.0001.3374/53","300502_4.0001.3374/78","300502_4.0001.3374/8","300502_4.0001.3374/98","300502_4.0001.3998"],"location_quality":"dokładny","gunb_url":"https://wyszukiwarka.gunb.gov.pl/","parcel_count":8,"parcel_shard":"x065-y208","parcel_id":"300502_4.0001.3374/98","location_source":"powiat grodziski (wielkopolski) (wfs)"}},{"type":"Feature","id":"ST-WK-WI/WNIOSEK/10172/2026::300502_4.0001.3998","geometry":{"type":"Polygon","coordinates":[[[16.3850577756623,52.2322206831827],[16.3850412074914,52.2321580078343],[16.385320831732,52.2319204139013],[16.3855049707858,52.2317639191566],[16.3856892553743,52.2316073346488],[16.3858735385204,52.2314507498919],[16.3860576732786,52.2312942544199],[16.386199162779,52.2311739751521],[16.3863012473615,52.2311639604287],[16.3864295968269,52.2310548584149],[16.3861838935622,52.2309456236954],[16.3859300466339,52.2308327440244],[16.3856762017195,52.2307197738818],[16.3854819012015,52.2306329864645],[16.3854650717164,52.2305705898034],[16.385722003945,52.2303523223343],[16.3855436396057,52.230273696291],[16.385369618879,52.2304215539602],[16.385195682692,52.2305693385539],[16.385022002462,52.230716904401],[16.3848482353011,52.2308645428619],[16.3846745526264,52.2310121082473],[16.3845007830055,52.2311597462368],[16.3843270121608,52.2313073840044],[16.384152725697,52.2314554585485],[16.3839795524837,52.2316025860105],[16.3838700755186,52.2316955966708],[16.3837967717441,52.2316953734207],[16.3837949694958,52.2316967622631],[16.3837049441124,52.2317640473204],[16.3836129755349,52.2318328892653],[16.3838057864337,52.2318300681465],[16.3840401508957,52.2319342017703],[16.3842773631503,52.2320395996484],[16.384514576702,52.2321449970034],[16.3847515543444,52.2322502884188],[16.3849888891244,52.2323557374007],[16.3852259879783,52.2324610804612],[16.3854632067645,52.2325664756712],[16.3857004268923,52.2326718703501],[16.3859375297101,52.2327772118168],[16.3861747524619,52.2328826054323],[16.3864119765407,52.2329879985163],[16.3866490833078,52.2330933383888],[16.3868861914008,52.2331986777302],[16.3871235379783,52.23330412196],[16.3873606486038,52.2334094602902],[16.3875978790769,52.2335148508018],[16.3876144988944,52.2335776990722],[16.3873670659065,52.2337892988794],[16.3870981684191,52.2340190853089],[16.3868344876299,52.2342446385748],[16.3870950721445,52.2343607677576],[16.3876282949652,52.2339047878513],[16.3878745850355,52.2336926718442],[16.3879767145491,52.2336823120245],[16.3881045840566,52.2335727158793],[16.3880877009931,52.2335100117046],[16.3878280233411,52.2333951223941],[16.3877260055932,52.2334052842042],[16.3874037987973,52.2332622987621],[16.3873445294925,52.2332359099704],[16.3872851133091,52.233209610685],[16.38722584416,52.2331832218447],[16.3871075080853,52.2331306567106],[16.3869616135523,52.2330659157569],[16.3867192816672,52.2329583693421],[16.3865709639218,52.232892485919],[16.3863633781445,52.2328003028574],[16.3861556469991,52.232708119034],[16.3860073306386,52.2326423247187],[16.385769967672,52.232536945371],[16.3856216532376,52.232471060618],[16.3854140720968,52.2323788756953],[16.3852064919576,52.2322866903664],[16.3850577756623,52.2322206831827]],[[16.3841092532896,52.2317990464928],[16.384092722147,52.2317363726249],[16.3843711736351,52.2314998402361],[16.3845556352689,52.2313431463141],[16.3847402668859,52.2311863065615],[16.3849246400565,52.2310296849068],[16.3851091832092,52.2308729174213],[16.3852508024374,52.2307526124015],[16.3853531580358,52.2307423615315],[16.3857086114988,52.2309004526278],[16.3860640678237,52.2310585425277],[16.3860807440467,52.231121085912],[16.3859391882688,52.2312413673493],[16.3857547018015,52.231398126144],[16.3855700425175,52.2315550303263],[16.3853855531865,52.23171178864],[16.3852009767456,52.2318686195139],[16.3849225669191,52.2321051759321],[16.3848205542349,52.2321152764175],[16.3846723408908,52.2320493845954],[16.3844648430222,52.231957135695],[16.384257464742,52.231864939106],[16.3841092532896,52.2317990464928]]]},"properties":{"case_id":"ST-WK-WI/WNIOSEK/10172/2026","source_type":"wniosek_decyzja","received_date":"2026-05-15","decision_date":"2026-05-28","status":"decyzja wydana","description":"Zmiana decyzji pozwolenia na budowę nr 135/2025 z dnia 26.03.2025r., znak BS.6740.668.2024.","address":"Grodzisk Wielkopolski","city":"Grodzisk Wielkopolski","office":"Starosta Powiatu Grodzisk Wielkopolski","case_kind":"Obiekt budowlany inny niż budynek mieszkalny jednorodzinny","parcel_ids":["300502_4.0001.3374/113","300502_4.0001.3374/17","300502_4.0001.3374/52","300502_4.0001.3374/53","300502_4.0001.3374/78","300502_4.0001.3374/8","300502_4.0001.3374/98","300502_4.0001.3998"],"location_quality":"dokładny","gunb_url":"https://wyszukiwarka.gunb.gov.pl/","parcel_count":8,"parcel_shard":"x065-y208","parcel_id":"300502_4.0001.3998","location_source":"powiat grodziski (wielkopolski) (wfs)"}},{"type":"Feature","id":"ST-WK-WI/WNIOSEK/11304/2026::300502_4.0001.3374/113","geometry":{"type":"Polygon","coordinates":[[[16.3901974885916,52.2329362178365],[16.3900785059082,52.232883891275],[16.389937204874,52.2330049896957],[16.3897533645965,52.2331625699655],[16.389569522498,52.2333201501053],[16.3893856785339,52.2334777301232],[16.3892018326745,52.2336353100274],[16.3889205402512,52.2338764304263],[16.3890395245029,52.2339287580651],[16.3892264638978,52.2337685788391],[16.3894225277455,52.233600511358],[16.3896185888394,52.2334325336443],[16.3898146483274,52.2332644659098],[16.3900105593232,52.2330963976944],[16.3901974885916,52.2329362178365]]]},"properties":{"case_id":"ST-WK-WI/WNIOSEK/11304/2026","source_type":"wniosek_decyzja","received_date":"2026-05-15","decision_date":"2026-05-28","status":"decyzja wydana","description":"zmiana decyzji o pozwoleniu na budowę- budowa dróg gminnych, z dnia 12 sierpnia 2022 r., znak AB.6740.317.2022, nr 355/2022","address":"Grodzisk Wielkopolski","city":"Grodzisk Wielkopolski","office":"Starosta Powiatu Grodzisk Wielkopolski","case_kind":"Obiekt budowlany inny niż budynek mieszkalny jednorodzinny","parcel_ids":["300502_4.0001.3374/113","300502_4.0001.3374/140","300502_4.0001.3374/141","300502_4.0001.3374/142","300502_4.0001.3374/52","300502_4.0001.3374/53","300502_4.0001.3374/78","300502_4.0001.3374/85","300502_4.0001.3374/98","300502_4.0001.3998","300502_4.0001.452/4","300502_4.0001.452/6"],"location_quality":"dokładny","gunb_url":"https://wyszukiwarka.gunb.gov.pl/","parcel_count":12,"parcel_shard":"x065-y208","parcel_id":"300502_4.0001.3374/113","location_source":"powiat grodziski (wielkopolski) (wfs)"}},{"type":"Feature","id":"ST-WK-WI/WNIOSEK/11304/2026::300502_4.0001.3374/140","geometry":{"type":"Polygon","coordinates":[[[16.389063889898,52.2345394426756],[16.3885272140069,52.2349990616813],[16.3892021301619,52.2352993639859],[16.3893032261019,52.2352641000734],[16.3889077237816,52.2350900361706],[16.3888926620504,52.2349949907939],[16.3891735263828,52.2347540477986],[16.389301297659,52.2346444221893],[16.3894905737025,52.2345783578834],[16.3897705243336,52.2344806897673],[16.3900504735921,52.234382931306],[16.3903302744697,52.2342851720553],[16.3906102196864,52.2341874127341],[16.3907975945285,52.2340268729621],[16.3909849677433,52.2338662432324],[16.3911723382923,52.2337057033084],[16.3912157236705,52.2336507065726],[16.3913544003592,52.2333639422182],[16.3915919153192,52.2333306185392],[16.3922612485565,52.2334216389311],[16.3923324894812,52.2332659465792],[16.3915654484055,52.2329278706772],[16.3913038326943,52.2328125571763],[16.3912431465879,52.2329421173426],[16.391106097329,52.2330394972604],[16.3909572842134,52.233215139064],[16.39104891884,52.2333566559491],[16.3909725036695,52.233519526256],[16.3909343683708,52.2336010514847],[16.3908141157924,52.2337040441123],[16.3906607437823,52.2338355415602],[16.3906182049811,52.2338721137134],[16.3905755202471,52.2339085956359],[16.3904221460247,52.2340400929941],[16.3901081221272,52.2341560175922],[16.3898690829661,52.2342438961093],[16.3896186253958,52.234238715553],[16.3895323428028,52.2342007580818],[16.389313417568,52.2343255367634],[16.389063889898,52.2345394426756]]]},"properties":{"case_id":"ST-WK-WI/WNIOSEK/11304/2026","source_type":"wniosek_decyzja","received_date":"2026-05-15","decision_date":"2026-05-28","status":"decyzja wydana","description":"zmiana decyzji o pozwoleniu na budowę- budowa dróg gminnych, z dnia 12 sierpnia 2022 r., znak AB.6740.317.2022, nr 355/2022","address":"Grodzisk Wielkopolski","city":"Grodzisk Wielkopolski","office":"Starosta Powiatu Grodzisk Wielkopolski","case_kind":"Obiekt budowlany inny niż budynek mieszkalny jednorodzinny","parcel_ids":["300502_4.0001.3374/113","300502_4.0001.3374/140","300502_4.0001.3374/141","300502_4.0001.3374/142","300502_4.0001.3374/52","300502_4.0001.3374/53","300502_4.0001.3374/78","300502_4.0001.3374/85","300502_4.0001.3374/98","300502_4.0001.3998","300502_4.0001.452/4","300502_4.0001.452/6"],"location_quality":"dokładny","gunb_url":"https://wyszukiwarka.gunb.gov.pl/","parcel_count":12,"parcel_shard":"x065-y208","parcel_id":"300502_4.0001.3374/140","location_source":"powiat grodziski (wielkopolski) (wfs)"}},{"type":"Feature","id":"ST-WK-WI/WNIOSEK/11304/2026::300502_4.0001.3374/141","geometry":{"type":"Polygon","coordinates":[[[16.3900783392779,52.2341429133467],[16.3898825264577,52.2342015021463],[16.3895323428028,52.2342007580818],[16.3896186253958,52.234238715553],[16.3898690829661,52.2342438961093],[16.3901081221272,52.2341560175922],[16.3900783392779,52.2341429133467]]]},"properties":{"case_id":"ST-WK-WI/WNIOSEK/11304/2026","source_type":"wniosek_decyzja","received_date":"2026-05-15","decision_date":"2026-05-28","status":"decyzja wydana","description":"zmiana decyzji o pozwoleniu na budowę- budowa dróg gminnych, z dnia 12 sierpnia 2022 r., znak AB.6740.317.2022, nr 355/2022","address":"Grodzisk Wielkopolski","city":"Grodzisk Wielkopolski","office":"Starosta Powiatu Grodzisk Wielkopolski","case_kind":"Obiekt budowlany inny niż budynek mieszkalny jednorodzinny","parcel_ids":["300502_4.0001.3374/113","300502_4.0001.3374/140","300502_4.0001.3374/141","300502_4.0001.3374/142","300502_4.0001.3374/52","300502_4.0001.3374/53","300502_4.0001.3374/78","300502_4.0001.3374/85","300502_4.0001.3374/98","300502_4.0001.3998","300502_4.0001.452/4","300502_4.0001.452/6"],"location_quality":"dokładny","gunb_url":"https://wyszukiwarka.gunb.gov.pl/","parcel_count":12,"parcel_shard":"x065-y208","parcel_id":"300502_4.0001.3374/141","location_source":"powiat grodziski (wielkopolski) (wfs)"}},{"type":"Feature","id":"ST-WK-WI/WNIOSEK/11304/2026::300502_4.0001.3374/142","geometry":{"type":"Polygon","coordinates":[[[16.3904221460247,52.2340400929941],[16.3900783392779,52.2341429133467],[16.3901081221272,52.2341560175922],[16.3904221460247,52.2340400929941]]]},"properties":{"case_id":"ST-WK-WI/WNIOSEK/11304/2026","source_type":"wniosek_decyzja","received_date":"2026-05-15","decision_date":"2026-05-28","status":"decyzja wydana","description":"zmiana decyzji o pozwoleniu na budowę- budowa dróg gminnych, z dnia 12 sierpnia 2022 r., znak AB.6740.317.2022, nr 355/2022","address":"Grodzisk Wielkopolski","city":"Grodzisk Wielkopolski","office":"Starosta Powiatu Grodzisk Wielkopolski","case_kind":"Obiekt budowlany inny niż budynek mieszkalny jednorodzinny","parcel_ids":["300502_4.0001.3374/113","300502_4.0001.3374/140","300502_4.0001.3374/141","300502_4.0001.3374/142","300502_4.0001.3374/52","300502_4.0001.3374/53","300502_4.0001.3374/78","300502_4.0001.3374/85","300502_4.0001.3374/98","300502_4.0001.3998","300502_4.0001.452/4","300502_4.0001.452/6"],"location_quality":"dokładny","gunb_url":"https://wyszukiwarka.gunb.gov.pl/","parcel_count":12,"parcel_shard":"x065-y208","parcel_id":"300502_4.0001.3374/142","location_source":"powiat grodziski (wielkopolski) (wfs)"}},{"type":"Feature","id":"ST-WK-WI/WNIOSEK/11304/2026::300502_4.0001.3374/52","geometry":{"type":"Polygon","coordinates":[[[16.385769967672,52.232536945371],[16.3860073306386,52.2326423247187],[16.3859908968321,52.2325795450181],[16.3862698352356,52.2323414819549],[16.3864541195521,52.2321848962329],[16.3866384018019,52.2320284001686],[16.3868225367179,52.2318718136356],[16.3870068165574,52.2317152272356],[16.3871503222045,52.231593597873],[16.3870314940697,52.2315411786608],[16.3868881357699,52.2316626284797],[16.3867040020805,52.2318192150561],[16.3865197211014,52.231975711174],[16.3863354380703,52.2321322969497],[16.38615129992,52.2322888828492],[16.3858722153997,52.2325268553834],[16.385769967672,52.232536945371]]]},"properties":{"case_id":"ST-WK-WI/WNIOSEK/11304/2026","source_type":"wniosek_decyzja","received_date":"2026-05-15","decision_date":"2026-05-28","status":"decyzja wydana","description":"zmiana decyzji o pozwoleniu na budowę- budowa dróg gminnych, z dnia 12 sierpnia 2022 r., znak AB.6740.317.2022, nr 355/2022","address":"Grodzisk Wielkopolski","city":"Grodzisk Wielkopolski","office":"Starosta Powiatu Grodzisk Wielkopolski","case_kind":"Obiekt budowlany inny niż budynek mieszkalny jednorodzinny","parcel_ids":["300502_4.0001.3374/113","300502_4.0001.3374/140","300502_4.0001.3374/141","300502_4.0001.3374/142","300502_4.0001.3374/52","300502_4.0001.3374/53","300502_4.0001.3374/78","300502_4.0001.3374/85","300502_4.0001.3374/98","300502_4.0001.3998","300502_4.0001.452/4","300502_4.0001.452/6"],"location_quality":"dokładny","gunb_url":"https://wyszukiwarka.gunb.gov.pl/","parcel_count":12,"parcel_shard":"x065-y208","parcel_id":"300502_4.0001.3374/52","location_source":"powiat grodziski (wielkopolski) (wfs)"}},{"type":"Feature","id":"ST-WK-WI/WNIOSEK/11304/2026::300502_4.0001.3374/53","geometry":{"type":"Polygon","coordinates":[[[16.3867192816672,52.2329583693421],[16.3869616135523,52.2330659157569],[16.3869400680326,52.2330009666983],[16.3874589222807,52.2325593478871],[16.3875959563997,52.2324427359544],[16.3876560090804,52.2323917352864],[16.3877201839593,52.2323370591965],[16.3877843580725,52.2322824729671],[16.3878486789422,52.2322277971725],[16.3879128532538,52.2321731210131],[16.3879771737596,52.2321184451693],[16.3880413476789,52.2320637689512],[16.3881012527516,52.2320127677809],[16.3879824220453,52.2319603496103],[16.3878372966887,52.2320836838229],[16.3876530191778,52.2322401815424],[16.3874688859267,52.2323967692816],[16.3872846052784,52.2325532665879],[16.3871003219124,52.2327099434576],[16.3868203620698,52.2329478262366],[16.3867192816672,52.2329583693421]]]},"properties":{"case_id":"ST-WK-WI/WNIOSEK/11304/2026","source_type":"wniosek_decyzja","received_date":"2026-05-15","decision_date":"2026-05-28","status":"decyzja wydana","description":"zmiana decyzji o pozwoleniu na budowę- budowa dróg gminnych, z dnia 12 sierpnia 2022 r., znak AB.6740.317.2022, nr 355/2022","address":"Grodzisk Wielkopolski","city":"Grodzisk Wielkopolski","office":"Starosta Powiatu Grodzisk Wielkopolski","case_kind":"Obiekt budowlany inny niż budynek mieszkalny jednorodzinny","parcel_ids":["300502_4.0001.3374/113","300502_4.0001.3374/140","300502_4.0001.3374/141","300502_4.0001.3374/142","300502_4.0001.3374/52","300502_4.0001.3374/53","300502_4.0001.3374/78","300502_4.0001.3374/85","300502_4.0001.3374/98","300502_4.0001.3998","300502_4.0001.452/4","300502_4.0001.452/6"],"location_quality":"dokładny","gunb_url":"https://wyszukiwarka.gunb.gov.pl/","parcel_count":12,"parcel_shard":"x065-y208","parcel_id":"300502_4.0001.3374/53","location_source":"powiat grodziski (wielkopolski) (wfs)"}},{"type":"Feature","id":"ST-WK-WI/WNIOSEK/11304/2026::300502_4.0001.3374/78","geometry":{"type":"Polygon","coordinates":[[[16.3864295968269,52.2310548584149],[16.3863012473615,52.2311639604287],[16.3866579917253,52.2313211392568],[16.3870146198861,52.2314783981098],[16.3870314940697,52.2315411786608],[16.3871503222045,52.231593597873],[16.3872524224179,52.2315832368017],[16.3876090554276,52.2317404936778],[16.3879658377188,52.231897749732],[16.3879824220453,52.2319603496103],[16.3881012527516,52.2320127677809],[16.3882034989994,52.2320025859943],[16.3885515270683,52.2321559541216],[16.3886229140711,52.2321874048923],[16.3889709447486,52.2323408616128],[16.3889876767455,52.2324035515162],[16.3892457817187,52.2325174229097],[16.3893477365613,52.2325071495917],[16.3894786354726,52.2325647221902],[16.3897046796375,52.2326642208443],[16.3900616256329,52.2328212012066],[16.3900785059082,52.232883891275],[16.3901974885916,52.2329362178365],[16.3902995908511,52.2329258542596],[16.3906250058296,52.2330690057596],[16.3907439893647,52.2331213318758],[16.3909572842134,52.233215139064],[16.391106097329,52.2330394972604],[16.3909142221103,52.2330318510491],[16.3907358211329,52.2329532274003],[16.3904718702024,52.2328369181439],[16.3902079209371,52.2327205185067],[16.3899439728545,52.2326041183626],[16.389680025471,52.2324878075761],[16.3894754967669,52.2323976147109],[16.3894589115072,52.2323347454827],[16.3892010989465,52.232221054942],[16.3890989983948,52.2322313277726],[16.3889286320074,52.2321563162419],[16.3886989967335,52.2320550960705],[16.3884695089844,52.2319538757835],[16.3882398760107,52.2318526546753],[16.3880102441945,52.2317514330986],[16.3877807599616,52.2316502113906],[16.3875511305202,52.2315489888518],[16.3873809157819,52.2314740651881],[16.3873644785326,52.2314115554033],[16.3872456506908,52.2313591363922],[16.3871431136167,52.2313692267326],[16.3869476470358,52.231283006003],[16.3866929139268,52.2311706653217],[16.3864295968269,52.2310548584149]]]},"properties":{"case_id":"ST-WK-WI/WNIOSEK/11304/2026","source_type":"wniosek_decyzja","received_date":"2026-05-15","decision_date":"2026-05-28","status":"decyzja wydana","description":"zmiana decyzji o pozwoleniu na budowę- budowa dróg gminnych, z dnia 12 sierpnia 2022 r., znak AB.6740.317.2022, nr 355/2022","address":"Grodzisk Wielkopolski","city":"Grodzisk Wielkopolski","office":"Starosta Powiatu Grodzisk Wielkopolski","case_kind":"Obiekt budowlany inny niż budynek mieszkalny jednorodzinny","parcel_ids":["300502_4.0001.3374/113","300502_4.0001.3374/140","300502_4.0001.3374/141","300502_4.0001.3374/142","300502_4.0001.3374/52","300502_4.0001.3374/53","300502_4.0001.3374/78","300502_4.0001.3374/85","300502_4.0001.3374/98","300502_4.0001.3998","300502_4.0001.452/4","300502_4.0001.452/6"],"location_quality":"dokładny","gunb_url":"https://wyszukiwarka.gunb.gov.pl/","parcel_count":12,"parcel_shard":"x065-y208","parcel_id":"300502_4.0001.3374/78","location_source":"powiat grodziski (wielkopolski) (wfs)"}},{"type":"Feature","id":"ST-WK-WI/WNIOSEK/11304/2026::300502_4.0001.3374/85","geometry":{"type":"Polygon","coordinates":[[[16.3881045840566,52.2335727158793],[16.3879767145491,52.2336823120245],[16.38815764805,52.2337619805846],[16.388397220479,52.2338673601049],[16.3886369397762,52.2339728294105],[16.3888766606439,52.2340782084125],[16.3891163818438,52.2341836768879],[16.3892965388713,52.2342628462771],[16.389313417568,52.2343255367634],[16.3895323428028,52.2342007580818],[16.3893951084262,52.2341403875172],[16.3890564030242,52.2339914484926],[16.3890395245029,52.2339287580651],[16.3889205402512,52.2338764304263],[16.3888184344322,52.2338867931194],[16.3886696680813,52.2338213607438],[16.3884614833319,52.2337298092803],[16.3882531535752,52.2336381672332],[16.3881045840566,52.2335727158793]]]},"properties":{"case_id":"ST-WK-WI/WNIOSEK/11304/2026","source_type":"wniosek_decyzja","received_date":"2026-05-15","decision_date":"2026-05-28","status":"decyzja wydana","description":"zmiana decyzji o pozwoleniu na budowę- budowa dróg gminnych, z dnia 12 sierpnia 2022 r., znak AB.6740.317.2022, nr 355/2022","address":"Grodzisk Wielkopolski","city":"Grodzisk Wielkopolski","office":"Starosta Powiatu Grodzisk Wielkopolski","case_kind":"Obiekt budowlany inny niż budynek mieszkalny jednorodzinny","parcel_ids":["300502_4.0001.3374/113","300502_4.0001.3374/140","300502_4.0001.3374/141","300502_4.0001.3374/142","300502_4.0001.3374/52","300502_4.0001.3374/53","300502_4.0001.3374/78","300502_4.0001.3374/85","300502_4.0001.3374/98","300502_4.0001.3998","300502_4.0001.452/4","300502_4.0001.452/6"],"location_quality":"dokładny","gunb_url":"https://wyszukiwarka.gunb.gov.pl/","parcel_count":12,"parcel_shard":"x065-y208","parcel_id":"300502_4.0001.3374/85","location_source":"powiat grodziski (wielkopolski) (wfs)"}},{"type":"Feature","id":"ST-WK-WI/WNIOSEK/11304/2026::300502_4.0001.3374/98","geometry":{"type":"Polygon","coordinates":[[[16.3878280233411,52.2333951223941],[16.3880877009931,52.2335100117046],[16.388368952672,52.2332689256078],[16.3885529465451,52.2331113472904],[16.3887367928304,52.2329536785921],[16.3889206368089,52.2327960996194],[16.3891044790709,52.2326385204829],[16.3892457817187,52.2325174229097],[16.3889876767455,52.2324035515162],[16.3889279181931,52.232454643316],[16.3888638908136,52.2325094101867],[16.3887998632443,52.2325641770465],[16.3887358354571,52.2326189438766],[16.388671808056,52.2326736207971],[16.388607779876,52.2327283875869],[16.3885437514926,52.2327831543474],[16.3884839916277,52.2328342460164],[16.3883473969195,52.2329510397278],[16.3882412706026,52.2330417496582],[16.3882370344921,52.2330454692066],[16.388138823539,52.2331293223674],[16.3880874601936,52.2331733350859],[16.38803637592,52.2332168950228],[16.3879378878523,52.2333012906275],[16.3879339272127,52.2333045575149],[16.3878280233411,52.2333951223941]]]},"properties":{"case_id":"ST-WK-WI/WNIOSEK/11304/2026","source_type":"wniosek_decyzja","received_date":"2026-05-15","decision_date":"2026-05-28","status":"decyzja wydana","description":"zmiana decyzji o pozwoleniu na budowę- budowa dróg gminnych, z dnia 12 sierpnia 2022 r., znak AB.6740.317.2022, nr 355/2022","address":"Grodzisk Wielkopolski","city":"Grodzisk Wielkopolski","office":"Starosta Powiatu Grodzisk Wielkopolski","case_kind":"Obiekt budowlany inny niż budynek mieszkalny jednorodzinny","parcel_ids":["300502_4.0001.3374/113","300502_4.0001.3374/140","300502_4.0001.3374/141","300502_4.0001.3374/142","300502_4.0001.3374/52","300502_4.0001.3374/53","300502_4.0001.3374/78","300502_4.0001.3374/85","300502_4.0001.3374/98","300502_4.0001.3998","300502_4.0001.452/4","300502_4.0001.452/6"],"location_quality":"dokładny","gunb_url":"https://wyszukiwarka.gunb.gov.pl/","parcel_count":12,"parcel_shard":"x065-y208","parcel_id":"300502_4.0001.3374/98","location_source":"powiat grodziski (wielkopolski) (wfs)"}},{"type":"Feature","id":"ST-WK-WI/WNIOSEK/11304/2026::300502_4.0001.3998","geometry":{"type":"Polygon","coordinates":[[[16.3850577756623,52.2322206831827],[16.3850412074914,52.2321580078343],[16.385320831732,52.2319204139013],[16.3855049707858,52.2317639191566],[16.3856892553743,52.2316073346488],[16.3858735385204,52.2314507498919],[16.3860576732786,52.2312942544199],[16.386199162779,52.2311739751521],[16.3863012473615,52.2311639604287],[16.3864295968269,52.2310548584149],[16.3861838935622,52.2309456236954],[16.3859300466339,52.2308327440244],[16.3856762017195,52.2307197738818],[16.3854819012015,52.2306329864645],[16.3854650717164,52.2305705898034],[16.385722003945,52.2303523223343],[16.3855436396057,52.230273696291],[16.385369618879,52.2304215539602],[16.385195682692,52.2305693385539],[16.385022002462,52.230716904401],[16.3848482353011,52.2308645428619],[16.3846745526264,52.2310121082473],[16.3845007830055,52.2311597462368],[16.3843270121608,52.2313073840044],[16.384152725697,52.2314554585485],[16.3839795524837,52.2316025860105],[16.3838700755186,52.2316955966708],[16.3837967717441,52.2316953734207],[16.3837949694958,52.2316967622631],[16.3837049441124,52.2317640473204],[16.3836129755349,52.2318328892653],[16.3838057864337,52.2318300681465],[16.3840401508957,52.2319342017703],[16.3842773631503,52.2320395996484],[16.384514576702,52.2321449970034],[16.3847515543444,52.2322502884188],[16.3849888891244,52.2323557374007],[16.3852259879783,52.2324610804612],[16.3854632067645,52.2325664756712],[16.3857004268923,52.2326718703501],[16.3859375297101,52.2327772118168],[16.3861747524619,52.2328826054323],[16.3864119765407,52.2329879985163],[16.3866490833078,52.2330933383888],[16.3868861914008,52.2331986777302],[16.3871235379783,52.23330412196],[16.3873606486038,52.2334094602902],[16.3875978790769,52.2335148508018],[16.3876144988944,52.2335776990722],[16.3873670659065,52.2337892988794],[16.3870981684191,52.2340190853089],[16.3868344876299,52.2342446385748],[16.3870950721445,52.2343607677576],[16.3876282949652,52.2339047878513],[16.3878745850355,52.2336926718442],[16.3879767145491,52.2336823120245],[16.3881045840566,52.2335727158793],[16.3880877009931,52.2335100117046],[16.3878280233411,52.2333951223941],[16.3877260055932,52.2334052842042],[16.3874037987973,52.2332622987621],[16.3873445294925,52.2332359099704],[16.3872851133091,52.233209610685],[16.38722584416,52.2331832218447],[16.3871075080853,52.2331306567106],[16.3869616135523,52.2330659157569],[16.3867192816672,52.2329583693421],[16.3865709639218,52.232892485919],[16.3863633781445,52.2328003028574],[16.3861556469991,52.232708119034],[16.3860073306386,52.2326423247187],[16.385769967672,52.232536945371],[16.3856216532376,52.232471060618],[16.3854140720968,52.2323788756953],[16.3852064919576,52.2322866903664],[16.3850577756623,52.2322206831827]],[[16.3841092532896,52.2317990464928],[16.384092722147,52.2317363726249],[16.3843711736351,52.2314998402361],[16.3845556352689,52.2313431463141],[16.3847402668859,52.2311863065615],[16.3849246400565,52.2310296849068],[16.3851091832092,52.2308729174213],[16.3852508024374,52.2307526124015],[16.3853531580358,52.2307423615315],[16.3857086114988,52.2309004526278],[16.3860640678237,52.2310585425277],[16.3860807440467,52.231121085912],[16.3859391882688,52.2312413673493],[16.3857547018015,52.231398126144],[16.3855700425175,52.2315550303263],[16.3853855531865,52.23171178864],[16.3852009767456,52.2318686195139],[16.3849225669191,52.2321051759321],[16.3848205542349,52.2321152764175],[16.3846723408908,52.2320493845954],[16.3844648430222,52.231957135695],[16.384257464742,52.231864939106],[16.3841092532896,52.2317990464928]]]},"properties":{"case_id":"ST-WK-WI/WNIOSEK/11304/2026","source_type":"wniosek_decyzja","received_date":"2026-05-15","decision_date":"2026-05-28","status":"decyzja wydana","description":"zmiana decyzji o pozwoleniu na budowę- budowa dróg gminnych, z dnia 12 sierpnia 2022 r., znak AB.6740.317.2022, nr 355/2022","address":"Grodzisk Wielkopolski","city":"Grodzisk Wielkopolski","office":"Starosta Powiatu Grodzisk Wielkopolski","case_kind":"Obiekt budowlany inny niż budynek mieszkalny jednorodzinny","parcel_ids":["300502_4.0001.3374/113","300502_4.0001.3374/140","300502_4.0001.3374/141","300502_4.0001.3374/142","300502_4.0001.3374/52","300502_4.0001.3374/53","300502_4.0001.3374/78","300502_4.0001.3374/85","300502_4.0001.3374/98","300502_4.0001.3998","300502_4.0001.452/4","300502_4.0001.452/6"],"location_quality":"dokładny","gunb_url":"https://wyszukiwarka.gunb.gov.pl/","parcel_count":12,"parcel_shard":"x065-y208","parcel_id":"300502_4.0001.3998","location_source":"powiat grodziski (wielkopolski) (wfs)"}},{"type":"Feature","id":"ST-WK-WI/WNIOSEK/11304/2026::300502_4.0001.452/4","geometry":{"type":"Polygon","coordinates":[[[16.3837049441124,52.2317640473204],[16.3835599886612,52.2317004149953],[16.3832762152385,52.2315750523201],[16.3827620931351,52.2313489040796],[16.3827386508923,52.231261567842],[16.3825314028008,52.2314362486757],[16.3826749562383,52.2314221278449],[16.3830975508319,52.2316082339273],[16.3834464314828,52.2317618898761],[16.3836112384119,52.2318344693485],[16.3836129755349,52.2318328892653],[16.3837049441124,52.2317640473204]]]},"properties":{"case_id":"ST-WK-WI/WNIOSEK/11304/2026","source_type":"wniosek_decyzja","received_date":"2026-05-15","decision_date":"2026-05-28","status":"decyzja wydana","description":"zmiana decyzji o pozwoleniu na budowę- budowa dróg gminnych, z dnia 12 sierpnia 2022 r., znak AB.6740.317.2022, nr 355/2022","address":"Grodzisk Wielkopolski","city":"Grodzisk Wielkopolski","office":"Starosta Powiatu Grodzisk Wielkopolski","case_kind":"Obiekt budowlany inny niż budynek mieszkalny jednorodzinny","parcel_ids":["300502_4.0001.3374/113","300502_4.0001.3374/140","300502_4.0001.3374/141","300502_4.0001.3374/142","300502_4.0001.3374/52","300502_4.0001.3374/53","300502_4.0001.3374/78","300502_4.0001.3374/85","300502_4.0001.3374/98","300502_4.0001.3998","300502_4.0001.452/4","300502_4.0001.452/6"],"location_quality":"dokładny","gunb_url":"https://wyszukiwarka.gunb.gov.pl/","parcel_count":12,"parcel_shard":"x065-y208","parcel_id":"300502_4.0001.452/4","location_source":"powiat grodziski (wielkopolski) (wfs)"}},{"type":"Feature","id":"ST-WK-WI/WNIOSEK/11304/2026::300502_4.0001.452/6","geometry":{"type":"Polygon","coordinates":[[[16.3837949694958,52.2316967622631],[16.3835599886612,52.2317004149953],[16.3837049441124,52.2317640473204],[16.3837949694958,52.2316967622631]]]},"properties":{"case_id":"ST-WK-WI/WNIOSEK/11304/2026","source_type":"wniosek_decyzja","received_date":"2026-05-15","decision_date":"2026-05-28","status":"decyzja wydana","description":"zmiana decyzji o pozwoleniu na budowę- budowa dróg gminnych, z dnia 12 sierpnia 2022 r., znak AB.6740.317.2022, nr 355/2022","address":"Grodzisk Wielkopolski","city":"Grodzisk Wielkopolski","office":"Starosta Powiatu Grodzisk Wielkopolski","case_kind":"Obiekt budowlany inny niż budynek mieszkalny jednorodzinny","parcel_ids":["300502_4.0001.3374/113","300502_4.0001.3374/140","300502_4.0001.3374/141","300502_4.0001.3374/142","300502_4.0001.3374/52","300502_4.0001.3374/53","300502_4.0001.3374/78","300502_4.0001.3374/85","300502_4.0001.3374/98","300502_4.0001.3998","300502_4.0001.452/4","300502_4.0001.452/6"],"location_quality":"dokładny","gunb_url":"https://wyszukiwarka.gunb.gov.pl/","parcel_count":12,"parcel_shard":"x065-y208","parcel_id":"300502_4.0001.452/6","location_source":"powiat grodziski (wielkopolski) (wfs)"}},{"type":"Feature","id":"ST-WK-WI/WNIOSEK/23957/2025::300502_4.0001.3374/140","geometry":{"type":"Polygon","coordinates":[[[16.389063889898,52.2345394426756],[16.3885272140069,52.2349990616813],[16.3892021301619,52.2352993639859],[16.3893032261019,52.2352641000734],[16.3889077237816,52.2350900361706],[16.3888926620504,52.2349949907939],[16.3891735263828,52.2347540477986],[16.389301297659,52.2346444221893],[16.3894905737025,52.2345783578834],[16.3897705243336,52.2344806897673],[16.3900504735921,52.234382931306],[16.3903302744697,52.2342851720553],[16.3906102196864,52.2341874127341],[16.3907975945285,52.2340268729621],[16.3909849677433,52.2338662432324],[16.3911723382923,52.2337057033084],[16.3912157236705,52.2336507065726],[16.3913544003592,52.2333639422182],[16.3915919153192,52.2333306185392],[16.3922612485565,52.2334216389311],[16.3923324894812,52.2332659465792],[16.3915654484055,52.2329278706772],[16.3913038326943,52.2328125571763],[16.3912431465879,52.2329421173426],[16.391106097329,52.2330394972604],[16.3909572842134,52.233215139064],[16.39104891884,52.2333566559491],[16.3909725036695,52.233519526256],[16.3909343683708,52.2336010514847],[16.3908141157924,52.2337040441123],[16.3906607437823,52.2338355415602],[16.3906182049811,52.2338721137134],[16.3905755202471,52.2339085956359],[16.3904221460247,52.2340400929941],[16.3901081221272,52.2341560175922],[16.3898690829661,52.2342438961093],[16.3896186253958,52.234238715553],[16.3895323428028,52.2342007580818],[16.389313417568,52.2343255367634],[16.389063889898,52.2345394426756]]]},"properties":{"case_id":"ST-WK-WI/WNIOSEK/23957/2025","source_type":"wniosek_decyzja","received_date":"2025-11-06","decision_date":"2025-12-30","status":"decyzja wydana","description":"Przebudowa gazociągu n/c","address":"Grodzisk Wielkopolski","city":"Grodzisk Wielkopolski","office":"Starosta Powiatu Grodzisk Wielkopolski","case_kind":"Obiekt budowlany inny niż budynek mieszkalny jednorodzinny","parcel_ids":["300502_4.0001.3374/140","300502_4.0001.3374/78","300502_4.0001.3374/85","300502_4.0001.3374/98","300502_4.0001.3998"],"location_quality":"dokładny","gunb_url":"https://wyszukiwarka.gunb.gov.pl/","parcel_count":5,"parcel_shard":"x065-y208","parcel_id":"300502_4.0001.3374/140","location_source":"powiat grodziski (wielkopolski) (wfs)"}},{"type":"Feature","id":"ST-WK-WI/WNIOSEK/23957/2025::300502_4.0001.3374/78","geometry":{"type":"Polygon","coordinates":[[[16.3864295968269,52.2310548584149],[16.3863012473615,52.2311639604287],[16.3866579917253,52.2313211392568],[16.3870146198861,52.2314783981098],[16.3870314940697,52.2315411786608],[16.3871503222045,52.231593597873],[16.3872524224179,52.2315832368017],[16.3876090554276,52.2317404936778],[16.3879658377188,52.231897749732],[16.3879824220453,52.2319603496103],[16.3881012527516,52.2320127677809],[16.3882034989994,52.2320025859943],[16.3885515270683,52.2321559541216],[16.3886229140711,52.2321874048923],[16.3889709447486,52.2323408616128],[16.3889876767455,52.2324035515162],[16.3892457817187,52.2325174229097],[16.3893477365613,52.2325071495917],[16.3894786354726,52.2325647221902],[16.3897046796375,52.2326642208443],[16.3900616256329,52.2328212012066],[16.3900785059082,52.232883891275],[16.3901974885916,52.2329362178365],[16.3902995908511,52.2329258542596],[16.3906250058296,52.2330690057596],[16.3907439893647,52.2331213318758],[16.3909572842134,52.233215139064],[16.391106097329,52.2330394972604],[16.3909142221103,52.2330318510491],[16.3907358211329,52.2329532274003],[16.3904718702024,52.2328369181439],[16.3902079209371,52.2327205185067],[16.3899439728545,52.2326041183626],[16.389680025471,52.2324878075761],[16.3894754967669,52.2323976147109],[16.3894589115072,52.2323347454827],[16.3892010989465,52.232221054942],[16.3890989983948,52.2322313277726],[16.3889286320074,52.2321563162419],[16.3886989967335,52.2320550960705],[16.3884695089844,52.2319538757835],[16.3882398760107,52.2318526546753],[16.3880102441945,52.2317514330986],[16.3877807599616,52.2316502113906],[16.3875511305202,52.2315489888518],[16.3873809157819,52.2314740651881],[16.3873644785326,52.2314115554033],[16.3872456506908,52.2313591363922],[16.3871431136167,52.2313692267326],[16.3869476470358,52.231283006003],[16.3866929139268,52.2311706653217],[16.3864295968269,52.2310548584149]]]},"properties":{"case_id":"ST-WK-WI/WNIOSEK/23957/2025","source_type":"wniosek_decyzja","received_date":"2025-11-06","decision_date":"2025-12-30","status":"decyzja wydana","description":"Przebudowa gazociągu n/c","address":"Grodzisk Wielkopolski","city":"Grodzisk Wielkopolski","office":"Starosta Powiatu Grodzisk Wielkopolski","case_kind":"Obiekt budowlany inny niż budynek mieszkalny jednorodzinny","parcel_ids":["300502_4.0001.3374/140","300502_4.0001.3374/78","300502_4.0001.3374/85","300502_4.0001.3374/98","300502_4.0001.3998"],"location_quality":"dokładny","gunb_url":"https://wyszukiwarka.gunb.gov.pl/","parcel_count":5,"parcel_shard":"x065-y208","parcel_id":"300502_4.0001.3374/78","location_source":"powiat grodziski (wielkopolski) (wfs)"}},{"type":"Feature","id":"ST-WK-WI/WNIOSEK/23957/2025::300502_4.0001.3374/85","geometry":{"type":"Polygon","coordinates":[[[16.3881045840566,52.2335727158793],[16.3879767145491,52.2336823120245],[16.38815764805,52.2337619805846],[16.388397220479,52.2338673601049],[16.3886369397762,52.2339728294105],[16.3888766606439,52.2340782084125],[16.3891163818438,52.2341836768879],[16.3892965388713,52.2342628462771],[16.389313417568,52.2343255367634],[16.3895323428028,52.2342007580818],[16.3893951084262,52.2341403875172],[16.3890564030242,52.2339914484926],[16.3890395245029,52.2339287580651],[16.3889205402512,52.2338764304263],[16.3888184344322,52.2338867931194],[16.3886696680813,52.2338213607438],[16.3884614833319,52.2337298092803],[16.3882531535752,52.2336381672332],[16.3881045840566,52.2335727158793]]]},"properties":{"case_id":"ST-WK-WI/WNIOSEK/23957/2025","source_type":"wniosek_decyzja","received_date":"2025-11-06","decision_date":"2025-12-30","status":"decyzja wydana","description":"Przebudowa gazociągu n/c","address":"Grodzisk Wielkopolski","city":"Grodzisk Wielkopolski","office":"Starosta Powiatu Grodzisk Wielkopolski","case_kind":"Obiekt budowlany inny niż budynek mieszkalny jednorodzinny","parcel_ids":["300502_4.0001.3374/140","300502_4.0001.3374/78","300502_4.0001.3374/85","300502_4.0001.3374/98","300502_4.0001.3998"],"location_quality":"dokładny","gunb_url":"https://wyszukiwarka.gunb.gov.pl/","parcel_count":5,"parcel_shard":"x065-y208","parcel_id":"300502_4.0001.3374/85","location_source":"powiat grodziski (wielkopolski) (wfs)"}},{"type":"Feature","id":"ST-WK-WI/WNIOSEK/23957/2025::300502_4.0001.3374/98","geometry":{"type":"Polygon","coordinates":[[[16.3878280233411,52.2333951223941],[16.3880877009931,52.2335100117046],[16.388368952672,52.2332689256078],[16.3885529465451,52.2331113472904],[16.3887367928304,52.2329536785921],[16.3889206368089,52.2327960996194],[16.3891044790709,52.2326385204829],[16.3892457817187,52.2325174229097],[16.3889876767455,52.2324035515162],[16.3889279181931,52.232454643316],[16.3888638908136,52.2325094101867],[16.3887998632443,52.2325641770465],[16.3887358354571,52.2326189438766],[16.388671808056,52.2326736207971],[16.388607779876,52.2327283875869],[16.3885437514926,52.2327831543474],[16.3884839916277,52.2328342460164],[16.3883473969195,52.2329510397278],[16.3882412706026,52.2330417496582],[16.3882370344921,52.2330454692066],[16.388138823539,52.2331293223674],[16.3880874601936,52.2331733350859],[16.38803637592,52.2332168950228],[16.3879378878523,52.2333012906275],[16.3879339272127,52.2333045575149],[16.3878280233411,52.2333951223941]]]},"properties":{"case_id":"ST-WK-WI/WNIOSEK/23957/2025","source_type":"wniosek_decyzja","received_date":"2025-11-06","decision_date":"2025-12-30","status":"decyzja wydana","description":"Przebudowa gazociągu n/c","address":"Grodzisk Wielkopolski","city":"Grodzisk Wielkopolski","office":"Starosta Powiatu Grodzisk Wielkopolski","case_kind":"Obiekt budowlany inny niż budynek mieszkalny jednorodzinny","parcel_ids":["300502_4.0001.3374/140","300502_4.0001.3374/78","300502_4.0001.3374/85","300502_4.0001.3374/98","300502_4.0001.3998"],"location_quality":"dokładny","gunb_url":"https://wyszukiwarka.gunb.gov.pl/","parcel_count":5,"parcel_shard":"x065-y208","parcel_id":"300502_4.0001.3374/98","location_source":"powiat grodziski (wielkopolski) (wfs)"}},{"type":"Feature","id":"ST-WK-WI/WNIOSEK/23957/2025::300502_4.0001.3998","geometry":{"type":"Polygon","coordinates":[[[16.3850577756623,52.2322206831827],[16.3850412074914,52.2321580078343],[16.385320831732,52.2319204139013],[16.3855049707858,52.2317639191566],[16.3856892553743,52.2316073346488],[16.3858735385204,52.2314507498919],[16.3860576732786,52.2312942544199],[16.386199162779,52.2311739751521],[16.3863012473615,52.2311639604287],[16.3864295968269,52.2310548584149],[16.3861838935622,52.2309456236954],[16.3859300466339,52.2308327440244],[16.3856762017195,52.2307197738818],[16.3854819012015,52.2306329864645],[16.3854650717164,52.2305705898034],[16.385722003945,52.2303523223343],[16.3855436396057,52.230273696291],[16.385369618879,52.2304215539602],[16.385195682692,52.2305693385539],[16.385022002462,52.230716904401],[16.3848482353011,52.2308645428619],[16.3846745526264,52.2310121082473],[16.3845007830055,52.2311597462368],[16.3843270121608,52.2313073840044],[16.384152725697,52.2314554585485],[16.3839795524837,52.2316025860105],[16.3838700755186,52.2316955966708],[16.3837967717441,52.2316953734207],[16.3837949694958,52.2316967622631],[16.3837049441124,52.2317640473204],[16.3836129755349,52.2318328892653],[16.3838057864337,52.2318300681465],[16.3840401508957,52.2319342017703],[16.3842773631503,52.2320395996484],[16.384514576702,52.2321449970034],[16.3847515543444,52.2322502884188],[16.3849888891244,52.2323557374007],[16.3852259879783,52.2324610804612],[16.3854632067645,52.2325664756712],[16.3857004268923,52.2326718703501],[16.3859375297101,52.2327772118168],[16.3861747524619,52.2328826054323],[16.3864119765407,52.2329879985163],[16.3866490833078,52.2330933383888],[16.3868861914008,52.2331986777302],[16.3871235379783,52.23330412196],[16.3873606486038,52.2334094602902],[16.3875978790769,52.2335148508018],[16.3876144988944,52.2335776990722],[16.3873670659065,52.2337892988794],[16.3870981684191,52.2340190853089],[16.3868344876299,52.2342446385748],[16.3870950721445,52.2343607677576],[16.3876282949652,52.2339047878513],[16.3878745850355,52.2336926718442],[16.3879767145491,52.2336823120245],[16.3881045840566,52.2335727158793],[16.3880877009931,52.2335100117046],[16.3878280233411,52.2333951223941],[16.3877260055932,52.2334052842042],[16.3874037987973,52.2332622987621],[16.3873445294925,52.2332359099704],[16.3872851133091,52.233209610685],[16.38722584416,52.2331832218447],[16.3871075080853,52.2331306567106],[16.3869616135523,52.2330659157569],[16.3867192816672,52.2329583693421],[16.3865709639218,52.232892485919],[16.3863633781445,52.2328003028574],[16.3861556469991,52.232708119034],[16.3860073306386,52.2326423247187],[16.385769967672,52.232536945371],[16.3856216532376,52.232471060618],[16.3854140720968,52.2323788756953],[16.3852064919576,52.2322866903664],[16.3850577756623,52.2322206831827]],[[16.3841092532896,52.2317990464928],[16.384092722147,52.2317363726249],[16.3843711736351,52.2314998402361],[16.3845556352689,52.2313431463141],[16.3847402668859,52.2311863065615],[16.3849246400565,52.2310296849068],[16.3851091832092,52.2308729174213],[16.3852508024374,52.2307526124015],[16.3853531580358,52.2307423615315],[16.3857086114988,52.2309004526278],[16.3860640678237,52.2310585425277],[16.3860807440467,52.231121085912],[16.3859391882688,52.2312413673493],[16.3857547018015,52.231398126144],[16.3855700425175,52.2315550303263],[16.3853855531865,52.23171178864],[16.3852009767456,52.2318686195139],[16.3849225669191,52.2321051759321],[16.3848205542349,52.2321152764175],[16.3846723408908,52.2320493845954],[16.3844648430222,52.231957135695],[16.384257464742,52.231864939106],[16.3841092532896,52.2317990464928]]]},"properties":{"case_id":"ST-WK-WI/WNIOSEK/23957/2025","source_type":"wniosek_decyzja","received_date":"2025-11-06","decision_date":"2025-12-30","status":"decyzja wydana","description":"Przebudowa gazociągu n/c","address":"Grodzisk Wielkopolski","city":"Grodzisk Wielkopolski","office":"Starosta Powiatu Grodzisk Wielkopolski","case_kind":"Obiekt budowlany inny niż budynek mieszkalny jednorodzinny","parcel_ids":["300502_4.0001.3374/140","300502_4.0001.3374/78","300502_4.0001.3374/85","300502_4.0001.3374/98","300502_4.0001.3998"],"location_quality":"dokładny","gunb_url":"https://wyszukiwarka.gunb.gov.pl/","parcel_count":5,"parcel_shard":"x065-y208","parcel_id":"300502_4.0001.3998","location_source":"powiat grodziski (wielkopolski) (wfs)"}},{"type":"Feature","id":"ST-WK-WI/WNIOSEK/3798/2026::300502_4.0001.3374/77","geometry":{"type":"Polygon","coordinates":[[[16.3889876767455,52.2324035515162],[16.3889709447486,52.2323408616128],[16.3886229140711,52.2321874048923],[16.3885204704654,52.232274977699],[16.3889279181931,52.232454643316],[16.3889876767455,52.2324035515162]]]},"properties":{"case_id":"ST-WK-WI/WNIOSEK/3798/2026","source_type":"wniosek_decyzja","received_date":"2025-12-31","decision_date":"2026-03-03","status":"decyzja wydana","description":"Rozbudowa wewnętrznej instalacji gazowej dla istniejącego budynku mieszkalnego jednorodzinnego","address":"Łyżwiarska 26, Grodzisk Wielkopolski","city":"Grodzisk Wielkopolski","office":"Starosta Powiatu Grodzisk Wielkopolski","case_kind":"Obiekt budowlany inny niż budynek mieszkalny jednorodzinny","parcel_ids":["300502_4.0001.3374/77"],"location_quality":"dokładny","gunb_url":"https://wyszukiwarka.gunb.gov.pl/","parcel_count":1,"parcel_shard":"x065-y208","parcel_id":"300502_4.0001.3374/77","location_source":"powiat grodziski (wielkopolski) (wfs)"}},{"type":"Feature","id":"PL-WP/WNIOSEK/5819/2026::300502_4.0001.3408/2","geometry":{"type":"Polygon","coordinates":[[[16.3468123474554,52.2208902928048],[16.3463715973896,52.2206803660123],[16.346371874463,52.2207828369231],[16.3462515654728,52.2208438981881],[16.3463623320712,52.2211279732253],[16.3464951648074,52.2210555307511],[16.3466503763976,52.2209848574452],[16.3468334158804,52.2209514731977],[16.3468123474554,52.2208902928048]]]},"properties":{"case_id":"PL-WP/WNIOSEK/5819/2026","source_type":"wniosek_decyzja","received_date":"2026-03-23","decision_date":"2026-04-24","status":"decyzja wydana","description":"Budowa sieci wodociągowej rozdzielczej ul. Europejska w Grodzisku Wielkopolskim etap 2","address":"Grodzisk Wielkopolski","city":"Grodzisk Wielkopolski","office":"Wojewoda Wielkopolski","case_kind":"Obiekt budowlany inny niż budynek mieszkalny jednorodzinny","parcel_ids":["300502_4.0001.3408/2"],"location_quality":"dokładny","gunb_url":"https://wyszukiwarka.gunb.gov.pl/","parcel_count":1,"parcel_shard":"x065-y208","parcel_id":"300502_4.0001.3408/2","location_source":"powiat grodziski (wielkopolski) (wfs)"}},{"type":"Feature","id":"ST-WK-WI/WNIOSEK/16054/2026::300502_4.0001.3408/3","geometry":{"type":"Polygon","coordinates":[[[16.3463715973896,52.2206803660123],[16.34614611944,52.2205729610234],[16.3462515654728,52.2208438981881],[16.346371874463,52.2207828369231],[16.3463715973896,52.2206803660123]]]},"properties":{"case_id":"ST-WK-WI/WNIOSEK/16054/2026","source_type":"wniosek_decyzja","received_date":"2025-12-22","decision_date":"2026-08-21","status":"decyzja wydana","description":"Budowa sieci wodociągowej ul. Europejska - etap 3","address":"Grodzisk Wielkopolski","city":"Grodzisk Wielkopolski","office":"Starosta Powiatu Grodzisk Wielkopolski","case_kind":"Obiekt budowlany inny niż budynek mieszkalny jednorodzinny","parcel_ids":["300502_4.0001.3408/3","300502_4.0001.3494/3","300502_4.0001.3545/4","300502_4.0001.3546/3","300502_4.0001.3547/4","300502_4.0001.3550/9","300502_4.0001.3555/25","300502_4.0001.3558/6","300502_4.0001.3559/4","300502_4.0001.3569/3","300502_4.0001.3588/3"],"location_quality":"dokładny","gunb_url":"https://wyszukiwarka.gunb.gov.pl/","parcel_count":11,"parcel_shard":"x065-y208","parcel_id":"300502_4.0001.3408/3","location_source":"powiat grodziski (wielkopolski) (wfs)"}},{"type":"Feature","id":"ST-WK-WI/WNIOSEK/16054/2026::300502_4.0001.3494/3","geometry":{"type":"Polygon","coordinates":[[[16.3386730314797,52.216828899076],[16.338519212423,52.2168239092514],[16.3386456152349,52.2168793272588],[16.3391186881775,52.2170866433399],[16.3396455531064,52.2173489565571],[16.3398309986276,52.2174411191865],[16.3401600238619,52.2176046363943],[16.3408333112067,52.2179383075618],[16.3408471024473,52.2179451708391],[16.3410912992717,52.2180647064329],[16.3415173299895,52.2182732478732],[16.3419921513986,52.2185056636496],[16.3420549589755,52.2185364064057],[16.3421517779094,52.2185837888246],[16.3421609383291,52.2185882718404],[16.342673679886,52.218843151767],[16.3433476086152,52.2191676971245],[16.3436354509058,52.2193070339919],[16.344196641944,52.2195757316606],[16.3447415492073,52.2198417776221],[16.3447591216652,52.2198760240179],[16.3452419067052,52.2201193307751],[16.345663311645,52.2203313657869],[16.3460772831605,52.2205397833725],[16.34614611944,52.2205729610234],[16.3463715973896,52.2206803660123],[16.3464541863426,52.2206339422342],[16.3462586156537,52.2205395632819],[16.3460552667163,52.2204333582299],[16.3456107514488,52.2202149058228],[16.3451879328479,52.2200071165968],[16.3446991863588,52.2197665862562],[16.3441720225641,52.2195152643106],[16.3436130513831,52.2192458310483],[16.3433247737662,52.2191067136344],[16.3431879200605,52.2190406420063],[16.342651557779,52.2187818258383],[16.3421688578038,52.2185528449985],[16.3421461282958,52.218542089213],[16.3421058454675,52.21852234608],[16.342043083098,52.2184916097854],[16.3417942634015,52.2183696981564],[16.3415463641391,52.2182483877506],[16.3414568140988,52.2182044955489],[16.3406364774315,52.2178026269982],[16.3403949033986,52.2176828934056],[16.3401439256804,52.2175584194899],[16.3395774401437,52.217277549873],[16.339100823478,52.217041233562],[16.3386730314797,52.216828899076]]]},"properties":{"case_id":"ST-WK-WI/WNIOSEK/16054/2026","source_type":"wniosek_decyzja","received_date":"2025-12-22","decision_date":"2026-08-21","status":"decyzja wydana","description":"Budowa sieci wodociągowej ul. Europejska - etap 3","address":"Grodzisk Wielkopolski","city":"Grodzisk Wielkopolski","office":"Starosta Powiatu Grodzisk Wielkopolski","case_kind":"Obiekt budowlany inny niż budynek mieszkalny jednorodzinny","parcel_ids":["300502_4.0001.3408/3","300502_4.0001.3494/3","300502_4.0001.3545/4","300502_4.0001.3546/3","300502_4.0001.3547/4","300502_4.0001.3550/9","300502_4.0001.3555/25","300502_4.0001.3558/6","300502_4.0001.3559/4","300502_4.0001.3569/3","300502_4.0001.3588/3"],"location_quality":"dokładny","gunb_url":"https://wyszukiwarka.gunb.gov.pl/","parcel_count":11,"parcel_shard":"x065-y208","parcel_id":"300502_4.0001.3494/3","location_source":"powiat grodziski (wielkopolski) (wfs)"}},{"type":"Feature","id":"ST-WK-WI/WNIOSEK/16054/2026::300502_4.0001.3545/4","geometry":{"type":"Polygon","coordinates":[[[16.3462586156537,52.2205395632819],[16.3464541863426,52.2206339422342],[16.3466522787765,52.220643475311],[16.3470268286587,52.2204982592138],[16.3474328503809,52.2203518698009],[16.3474154629627,52.2203076880588],[16.3467833860881,52.2205263543689],[16.3466841521861,52.220507205681],[16.3465100747828,52.2204959409508],[16.3462586156537,52.2205395632819]]]},"properties":{"case_id":"ST-WK-WI/WNIOSEK/16054/2026","source_type":"wniosek_decyzja","received_date":"2025-12-22","decision_date":"2026-08-21","status":"decyzja wydana","description":"Budowa sieci wodociągowej ul. Europejska - etap 3","address":"Grodzisk Wielkopolski","city":"Grodzisk Wielkopolski","office":"Starosta Powiatu Grodzisk Wielkopolski","case_kind":"Obiekt budowlany inny niż budynek mieszkalny jednorodzinny","parcel_ids":["300502_4.0001.3408/3","300502_4.0001.3494/3","300502_4.0001.3545/4","300502_4.0001.3546/3","300502_4.0001.3547/4","300502_4.0001.3550/9","300502_4.0001.3555/25","300502_4.0001.3558/6","300502_4.0001.3559/4","300502_4.0001.3569/3","300502_4.0001.3588/3"],"location_quality":"dokładny","gunb_url":"https://wyszukiwarka.gunb.gov.pl/","parcel_count":11,"parcel_shard":"x065-y208","parcel_id":"300502_4.0001.3545/4","location_source":"powiat grodziski (wielkopolski) (wfs)"}},{"type":"Feature","id":"ST-WK-WI/WNIOSEK/16054/2026::300502_4.0001.3546/3","geometry":{"type":"Polygon","coordinates":[[[16.3477012615531,52.2202710785677],[16.3476840163249,52.2202274365781],[16.3475142157209,52.2202522038453],[16.3474002322651,52.2202688155149],[16.3474154629627,52.2203076880588],[16.3474328503809,52.2203518698009],[16.3477012615531,52.2202710785677]]]},"properties":{"case_id":"ST-WK-WI/WNIOSEK/16054/2026","source_type":"wniosek_decyzja","received_date":"2025-12-22","decision_date":"2026-08-21","status":"decyzja wydana","description":"Budowa sieci wodociągowej ul. Europejska - etap 3","address":"Grodzisk Wielkopolski","city":"Grodzisk Wielkopolski","office":"Starosta Powiatu Grodzisk Wielkopolski","case_kind":"Obiekt budowlany inny niż budynek mieszkalny jednorodzinny","parcel_ids":["300502_4.0001.3408/3","300502_4.0001.3494/3","300502_4.0001.3545/4","300502_4.0001.3546/3","300502_4.0001.3547/4","300502_4.0001.3550/9","300502_4.0001.3555/25","300502_4.0001.3558/6","300502_4.0001.3559/4","300502_4.0001.3569/3","300502_4.0001.3588/3"],"location_quality":"dokładny","gunb_url":"https://wyszukiwarka.gunb.gov.pl/","parcel_count":11,"parcel_shard":"x065-y208","parcel_id":"300502_4.0001.3546/3","location_source":"powiat grodziski (wielkopolski) (wfs)"}},{"type":"Feature","id":"ST-WK-WI/WNIOSEK/16054/2026::300502_4.0001.3547/4","geometry":{"type":"Polygon","coordinates":[[[16.3479804435363,52.2201983160653],[16.3479629158024,52.2201532351618],[16.3476840163249,52.2202274365781],[16.3477012615531,52.2202710785677],[16.3479804435363,52.2201983160653]]]},"properties":{"case_id":"ST-WK-WI/WNIOSEK/16054/2026","source_type":"wniosek_decyzja","received_date":"2025-12-22","decision_date":"2026-08-21","status":"decyzja wydana","description":"Budowa sieci wodociągowej ul. Europejska - etap 3","address":"Grodzisk Wielkopolski","city":"Grodzisk Wielkopolski","office":"Starosta Powiatu Grodzisk Wielkopolski","case_kind":"Obiekt budowlany inny niż budynek mieszkalny jednorodzinny","parcel_ids":["300502_4.0001.3408/3","300502_4.0001.3494/3","300502_4.0001.3545/4","300502_4.0001.3546/3","300502_4.0001.3547/4","300502_4.0001.3550/9","300502_4.0001.3555/25","300502_4.0001.3558/6","300502_4.0001.3559/4","300502_4.0001.3569/3","300502_4.0001.3588/3"],"location_quality":"dokładny","gunb_url":"https://wyszukiwarka.gunb.gov.pl/","parcel_count":11,"parcel_shard":"x065-y208","parcel_id":"300502_4.0001.3547/4","location_source":"powiat grodziski (wielkopolski) (wfs)"}},{"type":"Feature","id":"ST-WK-WI/WNIOSEK/16054/2026::300502_4.0001.3550/9","geometry":{"type":"Polygon","coordinates":[[[16.3475032483519,52.218971311531],[16.3475372123081,52.2190587397413],[16.3479284528977,52.2190028582321],[16.3479952976408,52.2190210600832],[16.3483729444117,52.2200141813322],[16.3483224230943,52.2200711154414],[16.3479629158024,52.2201532351618],[16.3479804435363,52.2201983160653],[16.3485166976763,52.2200741215869],[16.3484388198861,52.2198698848965],[16.3483556829175,52.2196520587456],[16.3482723732614,52.2194333356708],[16.3481889154183,52.2192145243349],[16.3481054611484,52.2189958027838],[16.3480654037252,52.2188908271957],[16.3480135996095,52.2187551052433],[16.3479976851295,52.2187132721497],[16.3479313598684,52.2185382178911],[16.3478650351655,52.2183631635809],[16.3477985619652,52.2181880210467],[16.3476657689076,52.2178379138678],[16.3476557557514,52.2178116923841],[16.347579422897,52.2176105062534],[16.3475064211565,52.217417820947],[16.3474331875754,52.2172247309875],[16.3473942731017,52.2171223337554],[16.3471507678489,52.2171259006053],[16.3472185085741,52.2173044396164],[16.3473573940662,52.21734348124],[16.3479420316702,52.2188810010487],[16.3478950706751,52.2189153335994],[16.3475032483519,52.218971311531]]]},"properties":{"case_id":"ST-WK-WI/WNIOSEK/16054/2026","source_type":"wniosek_decyzja","received_date":"2025-12-22","decision_date":"2026-08-21","status":"decyzja wydana","description":"Budowa sieci wodociągowej ul. Europejska - etap 3","address":"Grodzisk Wielkopolski","city":"Grodzisk Wielkopolski","office":"Starosta Powiatu Grodzisk Wielkopolski","case_kind":"Obiekt budowlany inny niż budynek mieszkalny jednorodzinny","parcel_ids":["300502_4.0001.3408/3","300502_4.0001.3494/3","300502_4.0001.3545/4","300502_4.0001.3546/3","300502_4.0001.3547/4","300502_4.0001.3550/9","300502_4.0001.3555/25","300502_4.0001.3558/6","300502_4.0001.3559/4","300502_4.0001.3569/3","300502_4.0001.3588/3"],"location_quality":"dokładny","gunb_url":"https://wyszukiwarka.gunb.gov.pl/","parcel_count":11,"parcel_shard":"x065-y208","parcel_id":"300502_4.0001.3550/9","location_source":"powiat grodziski (wielkopolski) (wfs)"}},{"type":"Feature","id":"ST-WK-WI/WNIOSEK/16054/2026::300502_4.0001.3555/25","geometry":{"type":"Polygon","coordinates":[[[16.3484388198861,52.2198698848965],[16.3485166976763,52.2200741215869],[16.3490030755661,52.2199656984758],[16.3489223673466,52.2197546110356],[16.3488678044721,52.2198085355451],[16.3484388198861,52.2198698848965]]]},"properties":{"case_id":"ST-WK-WI/WNIOSEK/16054/2026","source_type":"wniosek_decyzja","received_date":"2025-12-22","decision_date":"2026-08-21","status":"decyzja wydana","description":"Budowa sieci wodociągowej ul. Europejska - etap 3","address":"Grodzisk Wielkopolski","city":"Grodzisk Wielkopolski","office":"Starosta Powiatu Grodzisk Wielkopolski","case_kind":"Obiekt budowlany inny niż budynek mieszkalny jednorodzinny","parcel_ids":["300502_4.0001.3408/3","300502_4.0001.3494/3","300502_4.0001.3545/4","300502_4.0001.3546/3","300502_4.0001.3547/4","300502_4.0001.3550/9","300502_4.0001.3555/25","300502_4.0001.3558/6","300502_4.0001.3559/4","300502_4.0001.3569/3","300502_4.0001.3588/3"],"location_quality":"dokładny","gunb_url":"https://wyszukiwarka.gunb.gov.pl/","parcel_count":11,"parcel_shard":"x065-y208","parcel_id":"300502_4.0001.3555/25","location_source":"powiat grodziski (wielkopolski) (wfs)"}},{"type":"Feature","id":"ST-WK-WI/WNIOSEK/16054/2026::300502_4.0001.3558/6","geometry":{"type":"Polygon","coordinates":[[[16.3485644683677,52.2188195102063],[16.3486212132429,52.2189680681315],[16.3486881188839,52.2191428457237],[16.3486894576931,52.2191461079088],[16.3487718661721,52.2193614736447],[16.3488554679907,52.2195801031613],[16.3489223673466,52.2197546110356],[16.3490030755661,52.2199656984758],[16.3491689560345,52.2199364884603],[16.3491063211524,52.2197743961326],[16.3490151016506,52.2195383276869],[16.3489909275118,52.2194757665552],[16.3489349084286,52.219328753998],[16.3488549549262,52.2191188275737],[16.3487716520301,52.218900374396],[16.3487317448632,52.2187955770758],[16.3485644683677,52.2188195102063]]]},"properties":{"case_id":"ST-WK-WI/WNIOSEK/16054/2026","source_type":"wniosek_decyzja","received_date":"2025-12-22","decision_date":"2026-08-21","status":"decyzja wydana","description":"Budowa sieci wodociągowej ul. Europejska - etap 3","address":"Grodzisk Wielkopolski","city":"Grodzisk Wielkopolski","office":"Starosta Powiatu Grodzisk Wielkopolski","case_kind":"Obiekt budowlany inny niż budynek mieszkalny jednorodzinny","parcel_ids":["300502_4.0001.3408/3","300502_4.0001.3494/3","300502_4.0001.3545/4","300502_4.0001.3546/3","300502_4.0001.3547/4","300502_4.0001.3550/9","300502_4.0001.3555/25","300502_4.0001.3558/6","300502_4.0001.3559/4","300502_4.0001.3569/3","300502_4.0001.3588/3"],"location_quality":"dokładny","gunb_url":"https://wyszukiwarka.gunb.gov.pl/","parcel_count":11,"parcel_shard":"x065-y208","parcel_id":"300502_4.0001.3558/6","location_source":"powiat grodziski (wielkopolski) (wfs)"}},{"type":"Feature","id":"ST-WK-WI/WNIOSEK/16054/2026::300502_4.0001.3559/4","geometry":{"type":"Polygon","coordinates":[[[16.3495049663182,52.2198772703468],[16.3494937615222,52.2198481167351],[16.3494472171093,52.2197256995442],[16.3491063211524,52.2197743961326],[16.3491689560345,52.2199364884603],[16.3495049663182,52.2198772703468]]]},"properties":{"case_id":"ST-WK-WI/WNIOSEK/16054/2026","source_type":"wniosek_decyzja","received_date":"2025-12-22","decision_date":"2026-08-21","status":"decyzja wydana","description":"Budowa sieci wodociągowej ul. Europejska - etap 3","address":"Grodzisk Wielkopolski","city":"Grodzisk Wielkopolski","office":"Starosta Powiatu Grodzisk Wielkopolski","case_kind":"Obiekt budowlany inny niż budynek mieszkalny jednorodzinny","parcel_ids":["300502_4.0001.3408/3","300502_4.0001.3494/3","300502_4.0001.3545/4","300502_4.0001.3546/3","300502_4.0001.3547/4","300502_4.0001.3550/9","300502_4.0001.3555/25","300502_4.0001.3558/6","300502_4.0001.3559/4","300502_4.0001.3569/3","300502_4.0001.3588/3"],"location_quality":"dokładny","gunb_url":"https://wyszukiwarka.gunb.gov.pl/","parcel_count":11,"parcel_shard":"x065-y208","parcel_id":"300502_4.0001.3559/4","location_source":"powiat grodziski (wielkopolski) (wfs)"}},{"type":"Feature","id":"ST-WK-WI/WNIOSEK/16054/2026::300502_4.0001.3569/3","geometry":{"type":"Polygon","coordinates":[[[16.3499196655975,52.2198042431238],[16.3499134607332,52.2197876787463],[16.3498278952281,52.2198000005751],[16.3494937615222,52.2198481167351],[16.3495049663182,52.2198772703468],[16.3499196655975,52.2198042431238]]]},"properties":{"case_id":"ST-WK-WI/WNIOSEK/16054/2026","source_type":"wniosek_decyzja","received_date":"2025-12-22","decision_date":"2026-08-21","status":"decyzja wydana","description":"Budowa sieci wodociągowej ul. Europejska - etap 3","address":"Grodzisk Wielkopolski","city":"Grodzisk Wielkopolski","office":"Starosta Powiatu Grodzisk Wielkopolski","case_kind":"Obiekt budowlany inny niż budynek mieszkalny jednorodzinny","parcel_ids":["300502_4.0001.3408/3","300502_4.0001.3494/3","300502_4.0001.3545/4","300502_4.0001.3546/3","300502_4.0001.3547/4","300502_4.0001.3550/9","300502_4.0001.3555/25","300502_4.0001.3558/6","300502_4.0001.3559/4","300502_4.0001.3569/3","300502_4.0001.3588/3"],"location_quality":"dokładny","gunb_url":"https://wyszukiwarka.gunb.gov.pl/","parcel_count":11,"parcel_shard":"x065-y208","parcel_id":"300502_4.0001.3569/3","location_source":"powiat grodziski (wielkopolski) (wfs)"}},{"type":"Feature","id":"ST-WK-WI/WNIOSEK/16054/2026::300502_4.0001.3588/3","geometry":{"type":"Polygon","coordinates":[[[16.3500276631325,52.2197852113435],[16.3497410750026,52.2190193212135],[16.3489638618462,52.2169703153888],[16.3488699215036,52.2167261078182],[16.3488468042402,52.2166648065124],[16.3487362513722,52.2166649411959],[16.3487954393738,52.2168223951403],[16.3488546277614,52.2169798490476],[16.3489138165642,52.2171373029184],[16.3489730057686,52.2172947567344],[16.3490321953736,52.2174522105136],[16.3490913853943,52.2176096642473],[16.3491012931153,52.2176359380348],[16.3491670526477,52.2178110358729],[16.3492328126748,52.2179861336676],[16.3492985732125,52.2181612314014],[16.349364334246,52.2183363290739],[16.3494300957889,52.2185114267033],[16.3494427357321,52.2185444493544],[16.3494962988101,52.2186862558179],[16.3499134607332,52.2197876787463],[16.3499196655975,52.2198042431238],[16.3500276631325,52.2197852113435]]]},"properties":{"case_id":"ST-WK-WI/WNIOSEK/16054/2026","source_type":"wniosek_decyzja","received_date":"2025-12-22","decision_date":"2026-08-21","status":"decyzja wydana","description":"Budowa sieci wodociągowej ul. Europejska - etap 3","address":"Grodzisk Wielkopolski","city":"Grodzisk Wielkopolski","office":"Starosta Powiatu Grodzisk Wielkopolski","case_kind":"Obiekt budowlany inny niż budynek mieszkalny jednorodzinny","parcel_ids":["300502_4.0001.3408/3","300502_4.0001.3494/3","300502_4.0001.3545/4","300502_4.0001.3546/3","300502_4.0001.3547/4","300502_4.0001.3550/9","300502_4.0001.3555/25","300502_4.0001.3558/6","300502_4.0001.3559/4","300502_4.0001.3569/3","300502_4.0001.3588/3"],"location_quality":"dokładny","gunb_url":"https://wyszukiwarka.gunb.gov.pl/","parcel_count":11,"parcel_shard":"x065-y208","parcel_id":"300502_4.0001.3588/3","location_source":"powiat grodziski (wielkopolski) (wfs)"}},{"type":"Feature","id":"ST-WK-WI/WNIOSEK/26178/2025::300502_4.0001.3496/42","geometry":{"type":"Polygon","coordinates":[[[16.3393279206035,52.2203476226564],[16.3397190494308,52.2203165085629],[16.3397636642389,52.2202769028446],[16.3396541010871,52.2199916886611],[16.3392080793173,52.2200563437039],[16.3393279206035,52.2203476226564]]]},"properties":{"case_id":"ST-WK-WI/WNIOSEK/26178/2025","source_type":"wniosek_decyzja","received_date":"2025-10-14","decision_date":"2025-12-16","status":"decyzja wydana","description":"Budowa 8 budynków mieszkalnych jednorodzinnych wolnostojących wraz z niezbędną infrastrukturą techniczną - Etap I - budynek nr 1","address":"Kobylnicka, Grodzisk Wielkopolski","city":"Grodzisk Wielkopolski","office":"Starosta Powiatu Grodzisk Wielkopolski","case_kind":"Budynek mieszkalny jednorodzinny","parcel_ids":["300502_4.0001.3496/42"],"location_quality":"dokładny","gunb_url":"https://wyszukiwarka.gunb.gov.pl/","parcel_count":1,"parcel_shard":"x065-y208","parcel_id":"300502_4.0001.3496/42","location_source":"powiat grodziski (wielkopolski) (wfs)"}},{"type":"Feature","id":"ST-WK-WI/WNIOSEK/26193/2025::300502_4.0001.3496/43","geometry":{"type":"Polygon","coordinates":[[[16.3392080793173,52.2200563437039],[16.3396541010871,52.2199916886611],[16.3395650256994,52.2197599021315],[16.3391131786066,52.2198254319047],[16.3392080793173,52.2200563437039]]]},"properties":{"case_id":"ST-WK-WI/WNIOSEK/26193/2025","source_type":"wniosek_decyzja","received_date":"2025-10-14","decision_date":"2025-12-16","status":"decyzja wydana","description":"Budowa 8 budynków mieszkalnych jednorodzinnych wolnostojących wraz z niezbędną infrastrukturą techniczną - Etap II - budynek nr 2","address":"Kobylnicka, Grodzisk Wielkopolski","city":"Grodzisk Wielkopolski","office":"Starosta Powiatu Grodzisk Wielkopolski","case_kind":"Budynek mieszkalny jednorodzinny","parcel_ids":["300502_4.0001.3496/43"],"location_quality":"dokładny","gunb_url":"https://wyszukiwarka.gunb.gov.pl/","parcel_count":1,"parcel_shard":"x065-y208","parcel_id":"300502_4.0001.3496/43","location_source":"powiat grodziski (wielkopolski) (wfs)"}},{"type":"Feature","id":"ST-WK-WI/WNIOSEK/26177/2025::300502_4.0001.3496/44","geometry":{"type":"Polygon","coordinates":[[[16.3391131786066,52.2198254319047],[16.3395650256994,52.2197599021315],[16.3394760975596,52.2195281138659],[16.3390181325844,52.2195945216733],[16.3391131786066,52.2198254319047]]]},"properties":{"case_id":"ST-WK-WI/WNIOSEK/26177/2025","source_type":"wniosek_decyzja","received_date":"2025-10-14","decision_date":"2025-12-16","status":"decyzja wydana","description":"Budowa 8 budynków mieszkalnych jednorodzinnych wolnostojących wraz z niezbędną infrastrukturą techniczną - Etap III - budynek nr 3","address":"Kobylnicka, Grodzisk Wielkopolski","city":"Grodzisk Wielkopolski","office":"Starosta Powiatu Grodzisk Wielkopolski","case_kind":"Budynek mieszkalny jednorodzinny","parcel_ids":["300502_4.0001.3496/44"],"location_quality":"dokładny","gunb_url":"https://wyszukiwarka.gunb.gov.pl/","parcel_count":1,"parcel_shard":"x065-y208","parcel_id":"300502_4.0001.3496/44","location_source":"powiat grodziski (wielkopolski) (wfs)"}},{"type":"Feature","id":"ST-WK-WI/WNIOSEK/26179/2025::300502_4.0001.3496/45","geometry":{"type":"Polygon","coordinates":[[[16.3390181325844,52.2195945216733],[16.3394760975596,52.2195281138659],[16.3393870240653,52.2192963271683],[16.3389230848868,52.219363521498],[16.3390181325844,52.2195945216733]]]},"properties":{"case_id":"ST-WK-WI/WNIOSEK/26179/2025","source_type":"wniosek_decyzja","received_date":"2025-10-14","decision_date":"2025-12-16","status":"decyzja wydana","description":"Budowa 8 budynków mieszkalnych jednorodzinnych wolnostojących wraz z niezbędną infrastrukturą techniczną - Etap IV - budynek nr 4","address":"Kobylnicka, Grodzisk Wielkopolski","city":"Grodzisk Wielkopolski","office":"Starosta Powiatu Grodzisk Wielkopolski","case_kind":"Budynek mieszkalny jednorodzinny","parcel_ids":["300502_4.0001.3496/45"],"location_quality":"dokładny","gunb_url":"https://wyszukiwarka.gunb.gov.pl/","parcel_count":1,"parcel_shard":"x065-y208","parcel_id":"300502_4.0001.3496/45","location_source":"powiat grodziski (wielkopolski) (wfs)"}},{"type":"Feature","id":"ST-WK-WI/WNIOSEK/26171/2025::300502_4.0001.3496/46","geometry":{"type":"Polygon","coordinates":[[[16.3389230848868,52.219363521498],[16.3393870240653,52.2192963271683],[16.3394736224784,52.2192464477452],[16.3393969631449,52.2190527205365],[16.3388300832176,52.2191372618376],[16.3389230848868,52.219363521498]]]},"properties":{"case_id":"ST-WK-WI/WNIOSEK/26171/2025","source_type":"wniosek_decyzja","received_date":"2025-10-14","decision_date":"2025-12-16","status":"decyzja wydana","description":"Budowa 8 budynków mieszkalnych jednorodzinnych wolnostojących wraz z niezbędną infrastrukturą techniczną - Etap V - budynek nr 5","address":"Kobylnicka, Grodzisk Wielkopolski","city":"Grodzisk Wielkopolski","office":"Starosta Powiatu Grodzisk Wielkopolski","case_kind":"Budynek mieszkalny jednorodzinny","parcel_ids":["300502_4.0001.3496/46"],"location_quality":"dokładny","gunb_url":"https://wyszukiwarka.gunb.gov.pl/","parcel_count":1,"parcel_shard":"x065-y208","parcel_id":"300502_4.0001.3496/46","location_source":"powiat grodziski (wielkopolski) (wfs)"}},{"type":"Feature","id":"ST-WK-WI/WNIOSEK/26190/2025::300502_4.0001.3496/47","geometry":{"type":"Polygon","coordinates":[[[16.3388300832176,52.2191372618376],[16.3393969631449,52.2190527205365],[16.3393063629444,52.2188236475989],[16.3387361345119,52.2189086758769],[16.3388300832176,52.2191372618376]]]},"properties":{"case_id":"ST-WK-WI/WNIOSEK/26190/2025","source_type":"wniosek_decyzja","received_date":"2025-10-14","decision_date":"2025-12-16","status":"decyzja wydana","description":"Budowa 8 budynków mieszkalnych jednorodzinnych wolnostojących wraz z niezbędną infrastrukturą techniczną - Etap VI - budynek nr 6","address":"Kobylnicka, Grodzisk Wielkopolski","city":"Grodzisk Wielkopolski","office":"Starosta Powiatu Grodzisk Wielkopolski","case_kind":"Budynek mieszkalny jednorodzinny","parcel_ids":["300502_4.0001.3496/47"],"location_quality":"dokładny","gunb_url":"https://wyszukiwarka.gunb.gov.pl/","parcel_count":1,"parcel_shard":"x065-y208","parcel_id":"300502_4.0001.3496/47","location_source":"powiat grodziski (wielkopolski) (wfs)"}},{"type":"Feature","id":"ST-WK-WI/WNIOSEK/26186/2025::300502_4.0001.3496/48","geometry":{"type":"Polygon","coordinates":[[[16.3387361345119,52.2189086758769],[16.3393063629444,52.2188236475989],[16.3392157636825,52.2185945745705],[16.3386420432034,52.2186801813419],[16.3387361345119,52.2189086758769]]]},"properties":{"case_id":"ST-WK-WI/WNIOSEK/26186/2025","source_type":"wniosek_decyzja","received_date":"2025-10-14","decision_date":"2025-12-16","status":"decyzja wydana","description":"Budowa 8 budynków mieszkalnych jednorodzinnych wolnostojących wraz z niezbędną infrastrukturą techniczną - Etap VII - budynek nr 7","address":"Kobylnicka, Grodzisk Wielkopolski","city":"Grodzisk Wielkopolski","office":"Starosta Powiatu Grodzisk Wielkopolski","case_kind":"Budynek mieszkalny jednorodzinny","parcel_ids":["300502_4.0001.3496/48"],"location_quality":"dokładny","gunb_url":"https://wyszukiwarka.gunb.gov.pl/","parcel_count":1,"parcel_shard":"x065-y208","parcel_id":"300502_4.0001.3496/48","location_source":"powiat grodziski (wielkopolski) (wfs)"}},{"type":"Feature","id":"ST-WK-WI/WNIOSEK/26183/2025::300502_4.0001.3496/49","geometry":{"type":"Polygon","coordinates":[[[16.3386420432034,52.2186801813419],[16.3392157636825,52.2185945745705],[16.3391251680989,52.2183655913174],[16.3385768356524,52.2184388653238],[16.3385446805915,52.2184431575606],[16.3386420432034,52.2186801813419]]]},"properties":{"case_id":"ST-WK-WI/WNIOSEK/26183/2025","source_type":"wniosek_decyzja","received_date":"2025-10-14","decision_date":"2025-12-16","status":"decyzja wydana","description":"Budowa 8 budynków mieszkalnych jednorodzinnych wolnostojących wraz z niezbędną infrastrukturą techniczną - Etap VIII - budynek nr 8","address":"Kobylnicka, Grodzisk Wielkopolski","city":"Grodzisk Wielkopolski","office":"Starosta Powiatu Grodzisk Wielkopolski","case_kind":"Budynek mieszkalny jednorodzinny","parcel_ids":["300502_4.0001.3496/49"],"location_quality":"dokładny","gunb_url":"https://wyszukiwarka.gunb.gov.pl/","parcel_count":1,"parcel_shard":"x065-y208","parcel_id":"300502_4.0001.3496/49","location_source":"powiat grodziski (wielkopolski) (wfs)"}},{"type":"Feature","id":"ST-WK-WI/ZGŁOSZENIE/1252/2026::300502_4.0001.3529","geometry":{"type":"Polygon","coordinates":[[[16.3365056466496,52.2164884140688],[16.3365358097959,52.2165621362872],[16.3372742614346,52.216724368774],[16.3375977277582,52.2167933157929],[16.3378774155614,52.2168282738756],[16.3379295023982,52.2168254081886],[16.3380445997847,52.2168198358193],[16.3381449846514,52.2168149416022],[16.338365589428,52.2168190168822],[16.338481550933,52.2168226859576],[16.338519212423,52.2168239092514],[16.3386730314797,52.216828899076],[16.3390146391132,52.2168223541137],[16.3394374515855,52.2168158654911],[16.3398485596212,52.2168095549799],[16.3400714447879,52.2168061598789],[16.3402927316194,52.2168027352935],[16.3404868458566,52.2167997340914],[16.340781284498,52.2167952205709],[16.3409762904407,52.2167922065983],[16.3414611378633,52.2167847077558],[16.3415132723597,52.2167839092672],[16.3415512179866,52.2167834036454],[16.3415652832295,52.2167831786845],[16.3419665783649,52.2167767595818],[16.3424731374502,52.2167672475353],[16.3426998258508,52.2167626547066],[16.3430873236431,52.2167557409608],[16.343385941994,52.2167500215526],[16.3435030197678,52.2167477263635],[16.3438814637286,52.2167483607361],[16.3442099544803,52.2167338794034],[16.3445537758937,52.2167244940203],[16.3446696998354,52.2167213989439],[16.3452785006535,52.2167131377813],[16.3456228229964,52.2167084640818],[16.3459972017681,52.2167033812616],[16.346308812843,52.2166986241171],[16.3466197106279,52.2166943266059],[16.3468013315903,52.2166911634216],[16.3469236138693,52.2166890111874],[16.347227517123,52.2166836950131],[16.347672768745,52.2166778905784],[16.3477453593994,52.2166773216375],[16.34792382482,52.216675124653],[16.348283624594,52.2166706401532],[16.3487362513722,52.2166649411959],[16.3488468042402,52.2166648065124],[16.3489472076812,52.2166628591136],[16.3491658706762,52.2166586018387],[16.3494877066842,52.2166525182016],[16.349761048639,52.2166480158389],[16.3499998186838,52.2166445141552],[16.3500510432313,52.2166437546328],[16.3501022703543,52.2166426355602],[16.3503698228736,52.2166367113028],[16.3506909687906,52.2166301880954],[16.3509889670809,52.2166237464178],[16.3512521647375,52.2166180563955],[16.3515153623478,52.2166123657848],[16.3517567546877,52.216607149225],[16.3523615765218,52.2166016222042],[16.3529462850132,52.2165963143943],[16.3529997006081,52.2165873111279],[16.3533048051373,52.216586164126],[16.353488447869,52.2165851107568],[16.3537394018642,52.2165836708437],[16.3539392860856,52.2165827503918],[16.3538241029354,52.2164640994966],[16.3536855308369,52.2164616779769],[16.3530301692666,52.2164689921005],[16.3526209604635,52.2164749895988],[16.3522187770619,52.2164808249018],[16.3512822536847,52.2164941108858],[16.3510438661105,52.2164931788939],[16.3507079511124,52.216499463133],[16.3504498217012,52.2165044847555],[16.3503883985757,52.2165057269705],[16.3502741716307,52.2165082948669],[16.3499153635083,52.2165162054502],[16.3495517183179,52.2165238355394],[16.3494434445752,52.2165260832449],[16.3491868335928,52.2165320992283],[16.3487121668843,52.2165441069003],[16.3486085395545,52.2165467001741],[16.3481464609107,52.2165582905477],[16.3478663795812,52.2165646899726],[16.3478001620332,52.2165664210742],[16.3476638671564,52.2165665350383],[16.3474230428342,52.2165666459787],[16.3469796305461,52.2165670472331],[16.3452533600571,52.2165981027228],[16.3449482689142,52.2166035886559],[16.3447047538317,52.2166079668119],[16.344399660954,52.2166133857259],[16.3433036187832,52.2166331480231],[16.3430077268668,52.2166379540299],[16.3425468493224,52.2166454453927],[16.3424182860896,52.2166476270471],[16.3419520092872,52.2166556269235],[16.3414270866087,52.2166641193576],[16.3413318632571,52.2166674882773],[16.3408783463885,52.2166744538838],[16.3407893985702,52.2166758198363],[16.3403673033078,52.2166828177311],[16.339811849529,52.2166920093219],[16.3395414311137,52.2166964832009],[16.3390992601709,52.2167037972467],[16.3390847382494,52.2166881722536],[16.3388783222214,52.2166937889211],[16.3384059357697,52.216702011309],[16.3380010423809,52.2167184293842],[16.3377258641584,52.2167295868189],[16.3374868926471,52.2167050609369],[16.3372928635462,52.2166567454929],[16.3370805805595,52.216611353443],[16.3365056466496,52.2164884140688]]]},"properties":{"case_id":"ST-WK-WI/ZGŁOSZENIE/1252/2026","source_type":"zgloszenie","received_date":"2026-04-01","decision_date":null,"status":"Brak sprzeciwu","description":"Budowa sieci wodociągowej","address":"Grodzisk Wielkopolski","city":"Grodzisk Wielkopolski","office":"Starosta Powiatu Grodzisk Wielkopolski","case_kind":"budowa nowego/nowych obiektów budowlanych","parcel_ids":["300502_4.0001.3529","300502_4.0001.3667/9"],"location_quality":"dokładny","gunb_url":"https://wyszukiwarka.gunb.gov.pl/","parcel_count":2,"parcel_shard":"x065-y208","parcel_id":"300502_4.0001.3529","location_source":"powiat grodziski (wielkopolski) (wfs)"}},{"type":"Feature","id":"ST-WK-WI/ZGŁOSZENIE/1252/2026::300502_4.0001.3667/9","geometry":{"type":"Polygon","coordinates":[[[16.3466488539318,52.2139093100429],[16.3465843465276,52.2139343988357],[16.3464684810879,52.2139877034723],[16.3465835418331,52.2141303538881],[16.3466620328761,52.2141565130744],[16.3467267846927,52.214236399536],[16.3469552289729,52.214517823788],[16.3471838224431,52.2147992458876],[16.3474122752746,52.2150807590423],[16.3476407282976,52.2153621818634],[16.3478693359423,52.215643782235],[16.3481143798142,52.2159457082362],[16.3481242907607,52.2159426888677],[16.3483054293934,52.2161686191096],[16.3486085395545,52.2165467001741],[16.3487121668843,52.2165441069003],[16.3483910763061,52.2161430559468],[16.3482090527266,52.2159170120174],[16.3482189192141,52.215914030449],[16.3479776814262,52.2156167481067],[16.3477492249512,52.2153353259736],[16.3475209149534,52.2150538118404],[16.3472924615874,52.2147722989063],[16.3470640111264,52.2144907854951],[16.3468355608724,52.2142091817598],[16.3467667099423,52.214124398552],[16.3467799940372,52.2140701371137],[16.3466488539318,52.2139093100429]]]},"properties":{"case_id":"ST-WK-WI/ZGŁOSZENIE/1252/2026","source_type":"zgloszenie","received_date":"2026-04-01","decision_date":null,"status":"Brak sprzeciwu","description":"Budowa sieci wodociągowej","address":"Grodzisk Wielkopolski","city":"Grodzisk Wielkopolski","office":"Starosta Powiatu Grodzisk Wielkopolski","case_kind":"budowa nowego/nowych obiektów budowlanych","parcel_ids":["300502_4.0001.3529","300502_4.0001.3667/9"],"location_quality":"dokładny","gunb_url":"https://wyszukiwarka.gunb.gov.pl/","parcel_count":2,"parcel_shard":"x065-y208","parcel_id":"300502_4.0001.3667/9","location_source":"powiat grodziski (wielkopolski) (wfs)"}},{"type":"Feature","id":"ST-WK-WI/WNIOSEK/24349/2025::300502_4.0001.3536/2","geometry":{"type":"Polygon","coordinates":[[[16.3427904284146,52.2188030785014],[16.343224091793,52.219012366454],[16.3433046193021,52.2190512446695],[16.3430973862667,52.2184894292878],[16.3427003230876,52.2185391016748],[16.3427904284146,52.2188030785014]]]},"properties":{"case_id":"ST-WK-WI/WNIOSEK/24349/2025","source_type":"wniosek_decyzja","received_date":"2025-10-28","decision_date":"2025-12-17","status":"decyzja wydana","description":"rozbudowa i przebudowa budynku mieszkalnego jednorodzinnego","address":"Kobylnicka, Grodzisk Wielkopolski","city":"Grodzisk Wielkopolski","office":"Starosta Powiatu Grodzisk Wielkopolski","case_kind":"Budynek mieszkalny jednorodzinny","parcel_ids":["300502_4.0001.3536/2"],"location_quality":"dokładny","gunb_url":"https://wyszukiwarka.gunb.gov.pl/","parcel_count":1,"parcel_shard":"x065-y208","parcel_id":"300502_4.0001.3536/2","location_source":"powiat grodziski (wielkopolski) (wfs)"}},{"type":"Feature","id":"ST-WK-WI/WNIOSEK/23180/2025::300502_4.0001.37/1","geometry":{"type":"Polygon","coordinates":[[[16.3426242019078,52.2313962757199],[16.3424549362341,52.2309656998825],[16.3421191627761,52.2310201341356],[16.3422708843844,52.2314472459283],[16.3426242019078,52.2313962757199]]]},"properties":{"case_id":"ST-WK-WI/WNIOSEK/23180/2025","source_type":"wniosek_decyzja","received_date":"2025-10-27","decision_date":"2025-11-17","status":"decyzja wydana","description":"Budowa wewnętrznej instalacji gazowej w budynku usługowo-produkcyjnym w m. Grodzisk Wielkopolski","address":"Kąkolewska 42, Grodzisk Wielkopolski","city":"Grodzisk Wielkopolski","office":"Starosta Powiatu Grodzisk Wielkopolski","case_kind":"Obiekt budowlany inny niż budynek mieszkalny jednorodzinny","parcel_ids":["300502_4.0001.37/1"],"location_quality":"dokładny","gunb_url":"https://wyszukiwarka.gunb.gov.pl/","parcel_count":1,"parcel_shard":"x065-y208","parcel_id":"300502_4.0001.37/1","location_source":"powiat grodziski (wielkopolski) (wfs)"}},{"type":"Feature","id":"ST-WK-WI/WNIOSEK/11218/2026::300502_4.0001.37/19","geometry":{"type":"Polygon","coordinates":[[[16.3433279314223,52.2339544110938],[16.3434007276332,52.2341481378487],[16.3436847298494,52.2340780212978],[16.3436349177027,52.2339576844254],[16.3436175124203,52.2339134178671],[16.3433279314223,52.2339544110938]]]},"properties":{"case_id":"ST-WK-WI/WNIOSEK/11218/2026","source_type":"wniosek_decyzja","received_date":"2026-03-30","decision_date":"2026-05-07","status":"decyzja wydana","description":"Budowa instalacji gazowej wewnętrznej do budynku mieszkalnego jednorodzinnego","address":"Śliwkowa 14, Grodzisk Wielkopolski","city":"Grodzisk Wielkopolski","office":"Starosta Powiatu Grodzisk Wielkopolski","case_kind":"Obiekt budowlany inny niż budynek mieszkalny jednorodzinny","parcel_ids":["300502_4.0001.37/19"],"location_quality":"dokładny","gunb_url":"https://wyszukiwarka.gunb.gov.pl/","parcel_count":1,"parcel_shard":"x065-y208","parcel_id":"300502_4.0001.37/19","location_source":"powiat grodziski (wielkopolski) (wfs)"}},{"type":"Feature","id":"ST-WK-WI/WNIOSEK/9653/2026::300502_4.0001.3740","geometry":{"type":"Polygon","coordinates":[[[16.3564344257356,52.2163536049019],[16.357139343662,52.2162576065201],[16.3571014262896,52.2160068021422],[16.3568899430505,52.2160040142866],[16.3568681409555,52.2160036865679],[16.3567589422655,52.2160079799188],[16.356605515304,52.2160170990396],[16.3563433344294,52.2160325394171],[16.3564344257356,52.2163536049019]]]},"properties":{"case_id":"ST-WK-WI/WNIOSEK/9653/2026","source_type":"wniosek_decyzja","received_date":"2026-01-13","decision_date":"2026-02-27","status":"decyzja wydana","description":"Zmiana pozwolenia na budowę nr 609/2024 z 12.11.2024r. (BS.6740.470.2024) w zakresie budowy wewnętrznej instalacji gazowej do budynku mieszkalnego jednorodzinnego w budowie","address":"Środkowa, Grodzisk Wielkopolski","city":"Grodzisk Wielkopolski","office":"Starosta Powiatu Grodzisk Wielkopolski","case_kind":"Obiekt budowlany inny niż budynek mieszkalny jednorodzinny","parcel_ids":["300502_4.0001.3740"],"location_quality":"dokładny","gunb_url":"https://wyszukiwarka.gunb.gov.pl/","parcel_count":1,"parcel_shard":"x065-y208","parcel_id":"300502_4.0001.3740","location_source":"powiat grodziski (wielkopolski) (wfs)"}},{"type":"Feature","id":"ST-WK-WI/WNIOSEK/10545/2026::300502_4.0001.3856/6","geometry":{"type":"Polygon","coordinates":[[[16.3616772570431,52.2169301756454],[16.361356351506,52.2165274540705],[16.3612764661647,52.2162546547647],[16.3610557260145,52.2162832947559],[16.3608123675367,52.2163148688628],[16.3605670045866,52.2163467024768],[16.3603236454182,52.2163782756008],[16.3600801427573,52.21640986681],[16.3598354945363,52.2164416060775],[16.3595907028027,52.2164733634507],[16.3593473422551,52.2165049346024],[16.3596075860117,52.2172532367312],[16.3613379741051,52.2170024524161],[16.3614006858627,52.2169702581505],[16.3616772570431,52.2169301756454]]]},"properties":{"case_id":"ST-WK-WI/WNIOSEK/10545/2026","source_type":"wniosek_decyzja","received_date":"2026-02-24","decision_date":"2026-06-03","status":"decyzja wydana","description":"Budowa budynku handlowo - magazynowo - produkcyjnego z zapleczem socjalno-biurowym wraz z infrastrukturą","address":"Grodzisk Wielkopolski","city":"Grodzisk Wielkopolski","office":"Starosta Powiatu Grodzisk Wielkopolski","case_kind":"Obiekt budowlany inny niż budynek mieszkalny jednorodzinny","parcel_ids":["300502_4.0001.3856/6","300502_4.0001.3867/1"],"location_quality":"dokładny","gunb_url":"https://wyszukiwarka.gunb.gov.pl/","parcel_count":2,"parcel_shard":"x065-y208","parcel_id":"300502_4.0001.3856/6","location_source":"powiat grodziski (wielkopolski) (wfs)"}},{"type":"Feature","id":"ST-WK-WI/WNIOSEK/10545/2026::300502_4.0001.3867/1","geometry":{"type":"Polygon","coordinates":[[[16.3596075860117,52.2172532367312],[16.3593473422551,52.2165049346024],[16.3592186615036,52.2165221736867],[16.3594489801681,52.2171930699912],[16.3596075860117,52.2172532367312]]]},"properties":{"case_id":"ST-WK-WI/WNIOSEK/10545/2026","source_type":"wniosek_decyzja","received_date":"2026-02-24","decision_date":"2026-06-03","status":"decyzja wydana","description":"Budowa budynku handlowo - magazynowo - produkcyjnego z zapleczem socjalno-biurowym wraz z infrastrukturą","address":"Grodzisk Wielkopolski","city":"Grodzisk Wielkopolski","office":"Starosta Powiatu Grodzisk Wielkopolski","case_kind":"Obiekt budowlany inny niż budynek mieszkalny jednorodzinny","parcel_ids":["300502_4.0001.3856/6","300502_4.0001.3867/1"],"location_quality":"dokładny","gunb_url":"https://wyszukiwarka.gunb.gov.pl/","parcel_count":2,"parcel_shard":"x065-y208","parcel_id":"300502_4.0001.3867/1","location_source":"powiat grodziski (wielkopolski) (wfs)"}},{"type":"Feature","id":"ST-WK-WI/WNIOSEK/15807/2026::300502_4.0001.3887","geometry":{"type":"Polygon","coordinates":[[[16.3666637043706,52.2177639570008],[16.3660948793491,52.2171159398076],[16.3646990829216,52.2175331232115],[16.3644771712198,52.2175994471854],[16.3646243583042,52.2177590549108],[16.364789331349,52.2182416251862],[16.3652002214694,52.2182400287444],[16.3666637043706,52.2177639570008]]]},"properties":{"case_id":"ST-WK-WI/WNIOSEK/15807/2026","source_type":"wniosek_decyzja","received_date":"2026-04-30","decision_date":"2026-08-19","status":"decyzja wydana","description":"Przebudowa, rozbudowa i nadbudowa budynków socjalno-garażowych, budowę budynku garażowo-magazynowego z częścią biurowo-socjalną i salą szkoleniową wraz z niezbędną infrastrukturą techniczną oraz budowa instalacji fotowoltaicznej na dachu budynku o mocy 30 kWp oraz budowa wiaty gospodarczej","address":"Grodzisk Wielkopolski","city":"Grodzisk Wielkopolski","office":"Starosta Powiatu Grodzisk Wielkopolski","case_kind":"Obiekt budowlany inny niż budynek mieszkalny jednorodzinny","parcel_ids":["300502_4.0001.3887","300502_4.0001.3891"],"location_quality":"dokładny","gunb_url":"https://wyszukiwarka.gunb.gov.pl/","parcel_count":2,"parcel_shard":"x065-y208","parcel_id":"300502_4.0001.3887","location_source":"powiat grodziski (wielkopolski) (wfs)"}},{"type":"Feature","id":"ST-WK-WI/WNIOSEK/15807/2026::300502_4.0001.3891","geometry":{"type":"Polygon","coordinates":[[[16.364152518719,52.2176956473055],[16.3641583214514,52.2182440742122],[16.364789331349,52.2182416251862],[16.3646243583042,52.2177590549108],[16.3644771712198,52.2175994471854],[16.364152518719,52.2176956473055]]]},"properties":{"case_id":"ST-WK-WI/WNIOSEK/15807/2026","source_type":"wniosek_decyzja","received_date":"2026-04-30","decision_date":"2026-08-19","status":"decyzja wydana","description":"Przebudowa, rozbudowa i nadbudowa budynków socjalno-garażowych, budowę budynku garażowo-magazynowego z częścią biurowo-socjalną i salą szkoleniową wraz z niezbędną infrastrukturą techniczną oraz budowa instalacji fotowoltaicznej na dachu budynku o mocy 30 kWp oraz budowa wiaty gospodarczej","address":"Grodzisk Wielkopolski","city":"Grodzisk Wielkopolski","office":"Starosta Powiatu Grodzisk Wielkopolski","case_kind":"Obiekt budowlany inny niż budynek mieszkalny jednorodzinny","parcel_ids":["300502_4.0001.3887","300502_4.0001.3891"],"location_quality":"dokładny","gunb_url":"https://wyszukiwarka.gunb.gov.pl/","parcel_count":2,"parcel_shard":"x065-y208","parcel_id":"300502_4.0001.3891","location_source":"powiat grodziski (wielkopolski) (wfs)"}},{"type":"Feature","id":"ST-WK-WI/WNIOSEK/9147/2026::300502_4.0001.3927","geometry":{"type":"Polygon","coordinates":[[[16.3697951592681,52.2144635498067],[16.3690135806942,52.2143848554209],[16.3689152255595,52.2148521011032],[16.3686030332783,52.2148512541934],[16.3682937655281,52.2148504144194],[16.3682784118239,52.2148503727114],[16.3689836994607,52.2164087833985],[16.3691028356962,52.2163885092099],[16.3702593085847,52.2161916742801],[16.3712491024562,52.2160232412948],[16.3722557480483,52.2158519072534],[16.3726578402501,52.2157834672286],[16.3724414683401,52.2152631350629],[16.3717899694748,52.2153532642355],[16.3702186682766,52.2154761858037],[16.3698169201178,52.2145155825333],[16.3697951592681,52.2144635498067]]]},"properties":{"case_id":"ST-WK-WI/WNIOSEK/9147/2026","source_type":"wniosek_decyzja","received_date":"2026-03-10","decision_date":"2026-05-14","status":"decyzja wydana","description":"Budowa naziemnego zbiornika na azot w postaci ciekłej o pojemności do 80m3 wraz z fundamentem i infrastrukturą","address":"Grodzisk Wielkopolski","city":"Grodzisk Wielkopolski","office":"Starosta Powiatu Grodzisk Wielkopolski","case_kind":"Obiekt budowlany inny niż budynek mieszkalny jednorodzinny","parcel_ids":["300502_4.0001.3927","300502_4.0001.3928"],"location_quality":"dokładny","gunb_url":"https://wyszukiwarka.gunb.gov.pl/","parcel_count":2,"parcel_shard":"x065-y208","parcel_id":"300502_4.0001.3927","location_source":"powiat grodziski (wielkopolski) (wfs)"}},{"type":"Feature","id":"ST-WK-WI/WNIOSEK/9147/2026::300502_4.0001.3928","geometry":{"type":"Polygon","coordinates":[[[16.3719864323355,52.2141754277249],[16.3698169201178,52.2145155825333],[16.3702186682766,52.2154761858037],[16.3717899694748,52.2153532642355],[16.3724414683401,52.2152631350629],[16.3719864323355,52.2141754277249]]]},"properties":{"case_id":"ST-WK-WI/WNIOSEK/9147/2026","source_type":"wniosek_decyzja","received_date":"2026-03-10","decision_date":"2026-05-14","status":"decyzja wydana","description":"Budowa naziemnego zbiornika na azot w postaci ciekłej o pojemności do 80m3 wraz z fundamentem i infrastrukturą","address":"Grodzisk Wielkopolski","city":"Grodzisk Wielkopolski","office":"Starosta Powiatu Grodzisk Wielkopolski","case_kind":"Obiekt budowlany inny niż budynek mieszkalny jednorodzinny","parcel_ids":["300502_4.0001.3927","300502_4.0001.3928"],"location_quality":"dokładny","gunb_url":"https://wyszukiwarka.gunb.gov.pl/","parcel_count":2,"parcel_shard":"x065-y208","parcel_id":"300502_4.0001.3928","location_source":"powiat grodziski (wielkopolski) (wfs)"}},{"type":"Feature","id":"ST-WK-WI/WNIOSEK/12336/2026::300502_4.0001.3994","geometry":{"type":"Polygon","coordinates":[[[16.3843270121608,52.2313073840044],[16.3845007830055,52.2311597462368],[16.3840187859243,52.230945143851],[16.3839627689856,52.2309925488416],[16.3838448065333,52.2310923755558],[16.3843270121608,52.2313073840044]]]},"properties":{"case_id":"ST-WK-WI/WNIOSEK/12336/2026","source_type":"wniosek_decyzja","received_date":"2026-04-13","decision_date":"2026-06-02","status":"decyzja wydana","description":"Budowa budynku mieszkalnego jednorodzinnego wolnostojącego wraz z niezbędną infrastrukturą techniczną (wewnętrzna instalacja gazowa)","address":"Grodzisk Wielkopolski","city":"Grodzisk Wielkopolski","office":"Starosta Powiatu Grodzisk Wielkopolski","case_kind":"Budynek mieszkalny jednorodzinny","parcel_ids":["300502_4.0001.3994"],"location_quality":"dokładny","gunb_url":"https://wyszukiwarka.gunb.gov.pl/","parcel_count":1,"parcel_shard":"x065-y208","parcel_id":"300502_4.0001.3994","location_source":"powiat grodziski (wielkopolski) (wfs)"}},{"type":"Feature","id":"ST-WK-WI/WNIOSEK/225/2026::300502_4.0001.4106","geometry":{"type":"Polygon","coordinates":[[[16.3688904607185,52.2232637101073],[16.3689651922249,52.2232508685191],[16.3690545778723,52.2232353679139],[16.3690803724052,52.2232302207206],[16.3691693079314,52.2232163368124],[16.3691029212492,52.2230562595252],[16.3691767632384,52.2230450334605],[16.369121688395,52.2229003557451],[16.3689001764151,52.2229320562416],[16.3688366224531,52.2227645256894],[16.3689854690992,52.2227431554587],[16.3689436214527,52.2226552296405],[16.3686410786298,52.2227009235664],[16.3686554595701,52.2227600154617],[16.3687424666716,52.2231161868298],[16.3687812727018,52.223264058889],[16.3687957615005,52.2232857586094],[16.3688763931841,52.2232661907952],[16.3688904607185,52.2232637101073]]]},"properties":{"case_id":"ST-WK-WI/WNIOSEK/225/2026","source_type":"wniosek_decyzja","received_date":"2025-10-01","decision_date":"2026-01-07","status":"decyzja wydana","description":"Rozbiórka dawnego śrutownika/suszarni wytłoków Browaru w Grodzisku Wielkopolskim","address":"Grodzisk Wielkopolski","city":"Grodzisk Wielkopolski","office":"Starosta Powiatu Grodzisk Wielkopolski","case_kind":"Obiekt budowlany inny niż budynek mieszkalny jednorodzinny","parcel_ids":["300502_4.0001.4106"],"location_quality":"dokładny","gunb_url":"https://wyszukiwarka.gunb.gov.pl/","parcel_count":1,"parcel_shard":"x065-y208","parcel_id":"300502_4.0001.4106","location_source":"powiat grodziski (wielkopolski) (wfs)"}},{"type":"Feature","id":"ST-WK-WI/WNIOSEK/12864/2026::300502_4.0001.4130/41","geometry":{"type":"Polygon","coordinates":[[[16.3414380132547,52.2181493096781],[16.341378438543,52.2179739953344],[16.3413331618477,52.217840943366],[16.3410598273037,52.2178758686141],[16.341084559179,52.2179487525767],[16.3411635242449,52.2180148182262],[16.3414380132547,52.2181493096781]]]},"properties":{"case_id":"ST-WK-WI/WNIOSEK/12864/2026","source_type":"wniosek_decyzja","received_date":"2026-01-30","decision_date":"2026-03-09","status":"decyzja wydana","description":"Budowa wewnętrznej instalacji gazowej w dwóch budynkach mieszkalnych jednorodzinnych w zabudowie bliźniaczej","address":"Grodzisk Wielkopolski","city":"Grodzisk Wielkopolski","office":"Starosta Powiatu Grodzisk Wielkopolski","case_kind":"Obiekt budowlany inny niż budynek mieszkalny jednorodzinny","parcel_ids":["300502_4.0001.4130/41","300502_4.0001.4130/42"],"location_quality":"dokładny","gunb_url":"https://wyszukiwarka.gunb.gov.pl/","parcel_count":2,"parcel_shard":"x065-y208","parcel_id":"300502_4.0001.4130/41","location_source":"powiat grodziski (wielkopolski) (wfs)"}},{"type":"Feature","id":"ST-WK-WI/WNIOSEK/12864/2026::300502_4.0001.4130/42","geometry":{"type":"Polygon","coordinates":[[[16.341020167098,52.2177592013494],[16.3410598273037,52.2178758686141],[16.3413331618477,52.217840943366],[16.3413052196019,52.217758658198],[16.341293341134,52.2177238285962],[16.341020167098,52.2177592013494]]]},"properties":{"case_id":"ST-WK-WI/WNIOSEK/12864/2026","source_type":"wniosek_decyzja","received_date":"2026-01-30","decision_date":"2026-03-09","status":"decyzja wydana","description":"Budowa wewnętrznej instalacji gazowej w dwóch budynkach mieszkalnych jednorodzinnych w zabudowie bliźniaczej","address":"Grodzisk Wielkopolski","city":"Grodzisk Wielkopolski","office":"Starosta Powiatu Grodzisk Wielkopolski","case_kind":"Obiekt budowlany inny niż budynek mieszkalny jednorodzinny","parcel_ids":["300502_4.0001.4130/41","300502_4.0001.4130/42"],"location_quality":"dokładny","gunb_url":"https://wyszukiwarka.gunb.gov.pl/","parcel_count":2,"parcel_shard":"x065-y208","parcel_id":"300502_4.0001.4130/42","location_source":"powiat grodziski (wielkopolski) (wfs)"}},{"type":"Feature","id":"ST-WK-WI/WNIOSEK/12869/2026::300502_4.0001.4130/48","geometry":{"type":"Polygon","coordinates":[[[16.3404601938636,52.2172899908486],[16.3407297326612,52.2172554696325],[16.3406910192664,52.2171410385845],[16.3404208986791,52.2171756562004],[16.3404258637343,52.2171898912513],[16.3404601938636,52.2172899908486]]]},"properties":{"case_id":"ST-WK-WI/WNIOSEK/12869/2026","source_type":"wniosek_decyzja","received_date":"2026-01-30","decision_date":"2026-03-09","status":"decyzja wydana","description":"Budowa wewnętrznej instalacji gazowej w dwóch budynkach mieszkalnych jednorodzinnych dwulokalowych w zabudowie bliźniaczej","address":"Środkowa, Grodzisk Wielkopolski","city":"Grodzisk Wielkopolski","office":"Starosta Powiatu Grodzisk Wielkopolski","case_kind":"Obiekt budowlany inny niż budynek mieszkalny jednorodzinny","parcel_ids":["300502_4.0001.4130/48","300502_4.0001.4130/49"],"location_quality":"dokładny","gunb_url":"https://wyszukiwarka.gunb.gov.pl/","parcel_count":2,"parcel_shard":"x065-y208","parcel_id":"300502_4.0001.4130/48","location_source":"powiat grodziski (wielkopolski) (wfs)"}},{"type":"Feature","id":"ST-WK-WI/WNIOSEK/12869/2026::300502_4.0001.4130/49","geometry":{"type":"Polygon","coordinates":[[[16.3403817608202,52.2170616792905],[16.3404208986791,52.2171756562004],[16.3406910192664,52.2171410385845],[16.340652319604,52.2170270567711],[16.3403817608202,52.2170616792905]]]},"properties":{"case_id":"ST-WK-WI/WNIOSEK/12869/2026","source_type":"wniosek_decyzja","received_date":"2026-01-30","decision_date":"2026-03-09","status":"decyzja wydana","description":"Budowa wewnętrznej instalacji gazowej w dwóch budynkach mieszkalnych jednorodzinnych dwulokalowych w zabudowie bliźniaczej","address":"Środkowa, Grodzisk Wielkopolski","city":"Grodzisk Wielkopolski","office":"Starosta Powiatu Grodzisk Wielkopolski","case_kind":"Obiekt budowlany inny niż budynek mieszkalny jednorodzinny","parcel_ids":["300502_4.0001.4130/48","300502_4.0001.4130/49"],"location_quality":"dokładny","gunb_url":"https://wyszukiwarka.gunb.gov.pl/","parcel_count":2,"parcel_shard":"x065-y208","parcel_id":"300502_4.0001.4130/49","location_source":"powiat grodziski (wielkopolski) (wfs)"}},{"type":"Feature","id":"ST-WK-WI/WNIOSEK/9938/2026::300502_4.0001.4130/53","geometry":{"type":"Polygon","coordinates":[[[16.3409013286198,52.2174090180831],[16.3411742215811,52.2173740982033],[16.3411345615325,52.2172574309715],[16.3408618155576,52.2172923490841],[16.3409013286198,52.2174090180831]]]},"properties":{"case_id":"ST-WK-WI/WNIOSEK/9938/2026","source_type":"wniosek_decyzja","received_date":"2026-03-06","decision_date":"2026-05-08","status":"decyzja wydana","description":"budowa budynku mieszkalnego jednorodzinnego w zabudowie bliźniaczej, bud. nr 3","address":"Grodzisk Wielkopolski","city":"Grodzisk Wielkopolski","office":"Starosta Powiatu Grodzisk Wielkopolski","case_kind":"Budynek mieszkalny jednorodzinny","parcel_ids":["300502_4.0001.4130/53"],"location_quality":"dokładny","gunb_url":"https://wyszukiwarka.gunb.gov.pl/","parcel_count":1,"parcel_shard":"x065-y208","parcel_id":"300502_4.0001.4130/53","location_source":"powiat grodziski (wielkopolski) (wfs)"}},{"type":"Feature","id":"ST-WK-WI/WNIOSEK/9933/2026::300502_4.0001.4130/54","geometry":{"type":"Polygon","coordinates":[[[16.3408618155576,52.2172923490841],[16.3411345615325,52.2172574309715],[16.3411125202602,52.2171927008416],[16.3410947554326,52.2171407653777],[16.3408221564134,52.2171756817312],[16.3408618155576,52.2172923490841]]]},"properties":{"case_id":"ST-WK-WI/WNIOSEK/9933/2026","source_type":"wniosek_decyzja","received_date":"2026-03-06","decision_date":"2026-05-08","status":"decyzja wydana","description":"budowa budynku mieszkalnego jednorodzinnego w zabudowie bliźniaczej, bud. nr 2","address":"Grodzisk Wielkopolski","city":"Grodzisk Wielkopolski","office":"Starosta Powiatu Grodzisk Wielkopolski","case_kind":"Budynek mieszkalny jednorodzinny","parcel_ids":["300502_4.0001.4130/54"],"location_quality":"dokładny","gunb_url":"https://wyszukiwarka.gunb.gov.pl/","parcel_count":1,"parcel_shard":"x065-y208","parcel_id":"300502_4.0001.4130/54","location_source":"powiat grodziski (wielkopolski) (wfs)"}},{"type":"Feature","id":"ST-WK-WI/WNIOSEK/9931/2026::300502_4.0001.4130/55","geometry":{"type":"Polygon","coordinates":[[[16.3408221564134,52.2171756817312],[16.3410947554326,52.2171407653777],[16.3410586226725,52.2170343047253],[16.3410550958096,52.2170240981033],[16.3407826437742,52.2170590127079],[16.3408221564134,52.2171756817312]]]},"properties":{"case_id":"ST-WK-WI/WNIOSEK/9931/2026","source_type":"wniosek_decyzja","received_date":"2026-03-06","decision_date":"2026-05-08","status":"decyzja wydana","description":"budowa budynku mieszkalnego jednorodzinnego w zabudowie bliźniaczej - budynek nr 1","address":"Grodzisk Wielkopolski","city":"Grodzisk Wielkopolski","office":"Starosta Powiatu Grodzisk Wielkopolski","case_kind":"Budynek mieszkalny jednorodzinny","parcel_ids":["300502_4.0001.4130/55"],"location_quality":"dokładny","gunb_url":"https://wyszukiwarka.gunb.gov.pl/","parcel_count":1,"parcel_shard":"x065-y208","parcel_id":"300502_4.0001.4130/55","location_source":"powiat grodziski (wielkopolski) (wfs)"}},{"type":"Feature","id":"ST-WK-WI/WNIOSEK/4506/2026::300502_4.0001.4147/9","geometry":{"type":"Polygon","coordinates":[[[16.3698873623503,52.245735948488],[16.3697685136014,52.2455799681938],[16.3694091209453,52.2451083606786],[16.3690333360931,52.245216265234],[16.3695106868271,52.2458435952277],[16.3698873623503,52.245735948488]]]},"properties":{"case_id":"ST-WK-WI/WNIOSEK/4506/2026","source_type":"wniosek_decyzja","received_date":"2026-02-25","decision_date":"2026-04-23","status":"decyzja wydana","description":"Budowa trzech budynków mieszkalnych jednorodzinnych wolnostojących - etap I pierwszy budynek","address":"Grodzisk Wielkopolski","city":"Grodzisk Wielkopolski","office":"Starosta Powiatu Grodzisk Wielkopolski","case_kind":"Budynek mieszkalny jednorodzinny","parcel_ids":["300502_4.0001.4147/9"],"location_quality":"dokładny","gunb_url":"https://wyszukiwarka.gunb.gov.pl/","parcel_count":1,"parcel_shard":"x065-y208","parcel_id":"300502_4.0001.4147/9","location_source":"powiat grodziski (wielkopolski) (wfs)"}},{"type":"Feature","id":"ST-WK-WI/WNIOSEK/9930/2026::300502_4.0001.4156/1","geometry":{"type":"Polygon","coordinates":[[[16.3309806691965,52.2405840680611],[16.3314145629466,52.2405025910635],[16.3313049042586,52.2402826261506],[16.3308710277844,52.2403640094926],[16.3309806691965,52.2405840680611]]]},"properties":{"case_id":"ST-WK-WI/WNIOSEK/9930/2026","source_type":"wniosek_decyzja","received_date":"2026-04-15","decision_date":"2026-05-12","status":"decyzja wydana","description":"budowa budynku mieszkalnego jednorodzinnego wolnostojacego oraz zbiornika bezodpływowego na ścieki","address":"Grodzisk Wielkopolski","city":"Grodzisk Wielkopolski","office":"Starosta Powiatu Grodzisk Wielkopolski","case_kind":"Budynek mieszkalny jednorodzinny","parcel_ids":["300502_4.0001.4156/1"],"location_quality":"dokładny","gunb_url":"https://wyszukiwarka.gunb.gov.pl/","parcel_count":1,"parcel_shard":"x065-y208","parcel_id":"300502_4.0001.4156/1","location_source":"powiat grodziski (wielkopolski) (wfs)"}},{"type":"Feature","id":"ST-WK-WI/WNIOSEK/7961/2026::300502_4.0001.4162","geometry":{"type":"Polygon","coordinates":[[[16.3454327645525,52.2384382902522],[16.3456535854717,52.23833942484],[16.3455087742854,52.2379937609724],[16.3452828974148,52.2374548612629],[16.3452481168321,52.2373722245547],[16.3450749672281,52.2369595546606],[16.3447868331929,52.2370002859074],[16.3449616518778,52.237417374764],[16.3452223083382,52.2380390016808],[16.3453998090125,52.2384620355059],[16.3454327645525,52.2384382902522]]]},"properties":{"case_id":"ST-WK-WI/WNIOSEK/7961/2026","source_type":"wniosek_decyzja","received_date":"2026-02-25","decision_date":"2026-04-28","status":"decyzja wydana","description":"Budowa sześciu budynków mieszkalnych jednorodzinnych w zabudowie bliźniaczej wraz z niezbędną infrastrukturą techniczną","address":"Grodzisk Wielkopolski","city":"Grodzisk Wielkopolski","office":"Starosta Powiatu Grodzisk Wielkopolski","case_kind":"Budynek mieszkalny jednorodzinny","parcel_ids":["300502_4.0001.4162"],"location_quality":"dokładny","gunb_url":"https://wyszukiwarka.gunb.gov.pl/","parcel_count":1,"parcel_shard":"x065-y208","parcel_id":"300502_4.0001.4162","location_source":"powiat grodziski (wielkopolski) (wfs)"}},{"type":"Feature","id":"ST-WK-WI/WNIOSEK/9874/2026::300502_4.0001.465","geometry":{"type":"Polygon","coordinates":[[[16.3848184654748,52.2326643487194],[16.384691362046,52.2326083832496],[16.3845806621065,52.2325596847836],[16.3840511952126,52.2330076478979],[16.3842884087677,52.233113120488],[16.3848184654748,52.2326643487194]]]},"properties":{"case_id":"ST-WK-WI/WNIOSEK/9874/2026","source_type":"wniosek_decyzja","received_date":"2026-04-02","decision_date":"2026-04-29","status":"decyzja wydana","description":"budowa dwóch budynków mieszkalnych jednorodzinnych wolnostojących","address":"Grodzisk Wielkopolski","city":"Grodzisk Wielkopolski","office":"Starosta Powiatu Grodzisk Wielkopolski","case_kind":"Budynek mieszkalny jednorodzinny","parcel_ids":["300502_4.0001.465","300502_4.0001.466"],"location_quality":"dokładny","gunb_url":"https://wyszukiwarka.gunb.gov.pl/","parcel_count":2,"parcel_shard":"x065-y208","parcel_id":"300502_4.0001.465","location_source":"powiat grodziski (wielkopolski) (wfs)"}},{"type":"Feature","id":"ST-WK-WI/WNIOSEK/9874/2026::300502_4.0001.466","geometry":{"type":"Polygon","coordinates":[[[16.3850571467698,52.2327692838992],[16.3849292380591,52.2327130348579],[16.3848184654748,52.2326643487194],[16.3842884087677,52.233113120488],[16.3845254778028,52.2332185023252],[16.3850571467698,52.2327692838992]]]},"properties":{"case_id":"ST-WK-WI/WNIOSEK/9874/2026","source_type":"wniosek_decyzja","received_date":"2026-04-02","decision_date":"2026-04-29","status":"decyzja wydana","description":"budowa dwóch budynków mieszkalnych jednorodzinnych wolnostojących","address":"Grodzisk Wielkopolski","city":"Grodzisk Wielkopolski","office":"Starosta Powiatu Grodzisk Wielkopolski","case_kind":"Budynek mieszkalny jednorodzinny","parcel_ids":["300502_4.0001.465","300502_4.0001.466"],"location_quality":"dokładny","gunb_url":"https://wyszukiwarka.gunb.gov.pl/","parcel_count":2,"parcel_shard":"x065-y208","parcel_id":"300502_4.0001.466","location_source":"powiat grodziski (wielkopolski) (wfs)"}},{"type":"Feature","id":"ST-WK-WI/WNIOSEK/4505/2026::300502_4.0001.466","geometry":{"type":"Polygon","coordinates":[[[16.3850571467698,52.2327692838992],[16.3849292380591,52.2327130348579],[16.3848184654748,52.2326643487194],[16.3842884087677,52.233113120488],[16.3845254778028,52.2332185023252],[16.3850571467698,52.2327692838992]]]},"properties":{"case_id":"ST-WK-WI/WNIOSEK/4505/2026","source_type":"wniosek_decyzja","received_date":"2026-02-25","decision_date":"2026-04-22","status":"decyzja wydana","description":"Nadbudowa, przebudowa, rozbudowa budynku mieszkalnego jednorodzinnego","address":"Grodzisk Wielkopolski","city":"Grodzisk Wielkopolski","office":"Starosta Powiatu Grodzisk Wielkopolski","case_kind":"Budynek mieszkalny jednorodzinny","parcel_ids":["300502_4.0001.466"],"location_quality":"dokładny","gunb_url":"https://wyszukiwarka.gunb.gov.pl/","parcel_count":1,"parcel_shard":"x065-y208","parcel_id":"300502_4.0001.466","location_source":"powiat grodziski (wielkopolski) (wfs)"}},{"type":"Feature","id":"ST-WK-WI/WNIOSEK/26187/2025::300502_4.0001.488/2","geometry":{"type":"Polygon","coordinates":[[[16.3622787445379,52.2299416584094],[16.3621241787012,52.2302554935831],[16.3618395358078,52.230202433758],[16.3620438884188,52.2298022595555],[16.3618998867656,52.229838645229],[16.361754709458,52.2298756568458],[16.3615933861961,52.2299189178924],[16.3614508246868,52.2302109413662],[16.3613429310438,52.2301910629175],[16.3612762249927,52.2303526816627],[16.3612488022435,52.2304227203439],[16.3612146726061,52.2305099095432],[16.3611164627668,52.230570773585],[16.3609378509962,52.2305947527919],[16.360764807293,52.2306179374558],[16.3602666269347,52.2306848488361],[16.3608525044555,52.2321070369616],[16.3608787489001,52.2322692606646],[16.3609487619521,52.232696178193],[16.3610970135169,52.2325222353208],[16.3613448342585,52.2322308463244],[16.3614705129755,52.2320938304856],[16.3615975634734,52.231948908257],[16.3617694567169,52.2317549360848],[16.3622291994105,52.2312375004346],[16.3624615636968,52.2309776202974],[16.3627712996579,52.2308748827827],[16.362758263356,52.2308337708859],[16.362713704164,52.2306942415032],[16.3626637970304,52.23054490061],[16.3624400489238,52.2304073290532],[16.3622787445379,52.2299416584094]]]},"properties":{"case_id":"ST-WK-WI/WNIOSEK/26187/2025","source_type":"wniosek_decyzja","received_date":"2025-09-22","decision_date":"2025-12-29","status":"decyzja wydana","description":"Przebudowa istniejącego budynku magazynowego (kotłowni) na potrzeby budowy instalacji wytwarzania energii elektrycznej i cieplnej","address":"Grodzisk Wielkopolski","city":"Grodzisk Wielkopolski","office":"Starosta Powiatu Grodzisk Wielkopolski","case_kind":"Obiekt budowlany inny niż budynek mieszkalny jednorodzinny","parcel_ids":["300502_4.0001.488/2"],"location_quality":"dokładny","gunb_url":"https://wyszukiwarka.gunb.gov.pl/","parcel_count":1,"parcel_shard":"x065-y208","parcel_id":"300502_4.0001.488/2","location_source":"powiat grodziski (wielkopolski) (wfs)"}},{"type":"Feature","id":"ST-WK-WI/WNIOSEK/1200/2026::300502_4.0001.561/4","geometry":{"type":"Polygon","coordinates":[[[16.3611456888356,52.2299478536524],[16.3612300879164,52.2299150874454],[16.3615715997453,52.2298312222528],[16.3613567293013,52.2292397499653],[16.361292240661,52.229062236102],[16.3608714485576,52.229117488582],[16.3610120802096,52.2295431971706],[16.3611456888356,52.2299478536524]]]},"properties":{"case_id":"ST-WK-WI/WNIOSEK/1200/2026","source_type":"wniosek_decyzja","received_date":"2025-12-01","decision_date":"2026-01-12","status":"decyzja wydana","description":"Budowa kontenera usługowego (sala dydaktyczno-terapeutyczna)","address":"Grodzisk Wielkopolski","city":"Grodzisk Wielkopolski","office":"Starosta Powiatu Grodzisk Wielkopolski","case_kind":"Obiekt budowlany inny niż budynek mieszkalny jednorodzinny","parcel_ids":["300502_4.0001.561/4"],"location_quality":"dokładny","gunb_url":"https://wyszukiwarka.gunb.gov.pl/","parcel_count":1,"parcel_shard":"x065-y208","parcel_id":"300502_4.0001.561/4","location_source":"powiat grodziski (wielkopolski) (wfs)"}},{"type":"Feature","id":"ST-WK-WI/WNIOSEK/10260/2026::300502_4.0001.775/3","geometry":{"type":"Polygon","coordinates":[[[16.3741878690449,52.2290124500654],[16.3742246887083,52.2289825092574],[16.374398186968,52.2288415668801],[16.3741321606487,52.2287179332242],[16.373897560828,52.2289080802215],[16.3737808289074,52.2288523263004],[16.3737315245639,52.2288703589478],[16.3738251225338,52.2290365244685],[16.3738656281798,52.229108535352],[16.3741394669553,52.2290268897167],[16.3741878690449,52.2290124500654]]]},"properties":{"case_id":"ST-WK-WI/WNIOSEK/10260/2026","source_type":"wniosek_decyzja","received_date":"2026-04-13","decision_date":"2026-05-15","status":"decyzja wydana","description":"Budowa budynku mieszkalnego jednorodzinnego wraz z niezbędną infrastrukturą techniczną (wewnętrzna instalacja gazowa) oraz rozbiórka budynku gospodarczego","address":"Grodzisk Wielkopolski","city":"Grodzisk Wielkopolski","office":"Starosta Powiatu Grodzisk Wielkopolski","case_kind":"Budynek mieszkalny jednorodzinny","parcel_ids":["300502_4.0001.775/3"],"location_quality":"dokładny","gunb_url":"https://wyszukiwarka.gunb.gov.pl/","parcel_count":1,"parcel_shard":"x065-y208","parcel_id":"300502_4.0001.775/3","location_source":"powiat grodziski (wielkopolski) (wfs)"}},{"type":"Feature","id":"ST-WK-WI/WNIOSEK/25222/2025::300502_4.0001.783/1","geometry":{"type":"Polygon","coordinates":[[[16.3731606778693,52.2291708450355],[16.3733249285131,52.2295192085822],[16.373328869766,52.2295274251314],[16.3733328669253,52.2295360373131],[16.3735431762063,52.229498636282],[16.3735349770034,52.229481393437],[16.3734665096371,52.22933979404],[16.3733781780301,52.2291961130293],[16.3733425549628,52.2291383162736],[16.3731606778693,52.2291708450355]]]},"properties":{"case_id":"ST-WK-WI/WNIOSEK/25222/2025","source_type":"wniosek_decyzja","received_date":"2025-10-20","decision_date":"2025-12-15","status":"decyzja wydana","description":"Rozbiórka części budynku gospodarczego","address":"Grodzisk Wielkopolski","city":"Grodzisk Wielkopolski","office":"Starosta Powiatu Grodzisk Wielkopolski","case_kind":"Obiekt budowlany inny niż budynek mieszkalny jednorodzinny","parcel_ids":["300502_4.0001.783/1"],"location_quality":"dokładny","gunb_url":"https://wyszukiwarka.gunb.gov.pl/","parcel_count":1,"parcel_shard":"x065-y208","parcel_id":"300502_4.0001.783/1","location_source":"powiat grodziski (wielkopolski) (wfs)"}},{"type":"Feature","id":"ST-WK-WI/WNIOSEK/26456/2025::300502_4.0001.792","geometry":{"type":"Polygon","coordinates":[[[16.3717818696858,52.2294163373136],[16.3719544789003,52.2297827912372],[16.3722263470932,52.229734133204],[16.3720544507726,52.2293701983326],[16.3717818696858,52.2294163373136]]]},"properties":{"case_id":"ST-WK-WI/WNIOSEK/26456/2025","source_type":"wniosek_decyzja","received_date":"2025-10-29","decision_date":"2025-12-31","status":"decyzja wydana","description":"Budowa budynku garażowego","address":"Grodzisk Wielkopolski","city":"Grodzisk Wielkopolski","office":"Starosta Powiatu Grodzisk Wielkopolski","case_kind":"Obiekt budowlany inny niż budynek mieszkalny jednorodzinny","parcel_ids":["300502_4.0001.792"],"location_quality":"dokładny","gunb_url":"https://wyszukiwarka.gunb.gov.pl/","parcel_count":1,"parcel_shard":"x065-y208","parcel_id":"300502_4.0001.792","location_source":"powiat grodziski (wielkopolski) (wfs)"}},{"type":"Feature","id":"ST-WK-WI/WNIOSEK/8802/2026::300502_4.0001.797","geometry":{"type":"Polygon","coordinates":[[[16.3710576152352,52.2291058277825],[16.3712397645823,52.2294913360658],[16.371515748656,52.2294638853098],[16.3713428190386,52.2290979241894],[16.3710576152352,52.2291058277825]]]},"properties":{"case_id":"ST-WK-WI/WNIOSEK/8802/2026","source_type":"wniosek_decyzja","received_date":"2026-04-10","decision_date":"2026-05-07","status":"decyzja wydana","description":"Rozbudowa budynku mieszkalnego jednorodzinnego","address":"Grodzisk Wielkopolski","city":"Grodzisk Wielkopolski","office":"Starosta Powiatu Grodzisk Wielkopolski","case_kind":"Budynek mieszkalny jednorodzinny","parcel_ids":["300502_4.0001.797"],"location_quality":"dokładny","gunb_url":"https://wyszukiwarka.gunb.gov.pl/","parcel_count":1,"parcel_shard":"x065-y208","parcel_id":"300502_4.0001.797","location_source":"powiat grodziski (wielkopolski) (wfs)"}},{"type":"Feature","id":"ST-WK-WI/WNIOSEK/1527/2026::300502_4.0001.850/12","geometry":{"type":"Polygon","coordinates":[[[16.3661286235923,52.2295819807353],[16.3662010053099,52.2295506179623],[16.3660676500407,52.2294653306655],[16.3660043032148,52.2295026492253],[16.3661286235923,52.2295819807353]]]},"properties":{"case_id":"ST-WK-WI/WNIOSEK/1527/2026","source_type":"wniosek_decyzja","received_date":"2025-12-30","decision_date":"2026-01-28","status":"decyzja wydana","description":"Budowa wewnętrznej instalacji gazowej w budynku handlowo-usługowym w m. Grodzisk Wielkopolski","address":"Sienkiewicza, Grodzisk Wielkopolski","city":"Grodzisk Wielkopolski","office":"Starosta Powiatu Grodzisk Wielkopolski","case_kind":"Obiekt budowlany inny niż budynek mieszkalny jednorodzinny","parcel_ids":["300502_4.0001.850/12","300502_4.0001.850/13"],"location_quality":"dokładny","gunb_url":"https://wyszukiwarka.gunb.gov.pl/","parcel_count":2,"parcel_shard":"x065-y208","parcel_id":"300502_4.0001.850/12","location_source":"powiat grodziski (wielkopolski) (wfs)"}},{"type":"Feature","id":"ST-WK-WI/WNIOSEK/1527/2026::300502_4.0001.850/13","geometry":{"type":"Polygon","coordinates":[[[16.3662010053099,52.2295506179623],[16.366275737025,52.2295180926958],[16.3661330559293,52.2294265792229],[16.3660676500407,52.2294653306655],[16.3662010053099,52.2295506179623]]]},"properties":{"case_id":"ST-WK-WI/WNIOSEK/1527/2026","source_type":"wniosek_decyzja","received_date":"2025-12-30","decision_date":"2026-01-28","status":"decyzja wydana","description":"Budowa wewnętrznej instalacji gazowej w budynku handlowo-usługowym w m. Grodzisk Wielkopolski","address":"Sienkiewicza, Grodzisk Wielkopolski","city":"Grodzisk Wielkopolski","office":"Starosta Powiatu Grodzisk Wielkopolski","case_kind":"Obiekt budowlany inny niż budynek mieszkalny jednorodzinny","parcel_ids":["300502_4.0001.850/12","300502_4.0001.850/13"],"location_quality":"dokładny","gunb_url":"https://wyszukiwarka.gunb.gov.pl/","parcel_count":2,"parcel_shard":"x065-y208","parcel_id":"300502_4.0001.850/13","location_source":"powiat grodziski (wielkopolski) (wfs)"}},{"type":"Feature","id":"ST-WK-WI/WNIOSEK/21885/2025::300502_4.0001.906","geometry":{"type":"Polygon","coordinates":[[[16.3770217611037,52.2300381371735],[16.3768271990668,52.2299521705192],[16.3766059254797,52.2301422662884],[16.3767518839671,52.2302067192039],[16.3768004879092,52.2302282333109],[16.3770217611037,52.2300381371735]]]},"properties":{"case_id":"ST-WK-WI/WNIOSEK/21885/2025","source_type":"wniosek_decyzja","received_date":"2025-09-25","decision_date":"2025-10-27","status":"decyzja wydana","description":"Rozbudowa, nadbudowa i przebudowa budynku mieszkalnego jednorodzinnego","address":"Grodzisk Wielkopolski","city":"Grodzisk Wielkopolski","office":"Starosta Powiatu Grodzisk Wielkopolski","case_kind":"Budynek mieszkalny jednorodzinny","parcel_ids":["300502_4.0001.906"],"location_quality":"dokładny","gunb_url":"https://wyszukiwarka.gunb.gov.pl/","parcel_count":1,"parcel_shard":"x065-y208","parcel_id":"300502_4.0001.906","location_source":"powiat grodziski (wielkopolski) (wfs)"}},{"type":"Feature","id":"ST-WK-WI/WNIOSEK/4819/2026::300502_4.0001.928/4","geometry":{"type":"Polygon","coordinates":[[[16.3765757032075,52.2296752566406],[16.3766507361324,52.2296118225313],[16.3766652817769,52.2296183042382],[16.3767891053909,52.2295327288571],[16.3767564957475,52.2295148629208],[16.3768030285646,52.2294812429559],[16.3767579663832,52.2294583090543],[16.3771731331714,52.22916628741],[16.3770604664852,52.2291062116553],[16.377221142405,52.2289959372524],[16.3771864510743,52.2289770171286],[16.3769303730355,52.2288377195306],[16.376844735928,52.2288422240959],[16.3760087325848,52.2294229141623],[16.3765757032075,52.2296752566406]]]},"properties":{"case_id":"ST-WK-WI/WNIOSEK/4819/2026","source_type":"wniosek_decyzja","received_date":"2025-10-28","decision_date":"2025-12-16","status":"decyzja wydana","description":"Rozbudowa, przebudowa i nadbudowa budynku usługowego wraz z budową niezbędnej infrastruktury technicznej","address":"Grodzisk Wielkopolski","city":"Grodzisk Wielkopolski","office":"Starosta Powiatu Grodzisk Wielkopolski","case_kind":"Obiekt budowlany inny niż budynek mieszkalny jednorodzinny","parcel_ids":["300502_4.0001.928/4","300502_4.0001.928/5"],"location_quality":"dokładny","gunb_url":"https://wyszukiwarka.gunb.gov.pl/","parcel_count":2,"parcel_shard":"x065-y208","parcel_id":"300502_4.0001.928/4","location_source":"powiat grodziski (wielkopolski) (wfs)"}},{"type":"Feature","id":"ST-WK-WI/WNIOSEK/4819/2026::300502_4.0001.928/5","geometry":{"type":"Polygon","coordinates":[[[16.3760087325848,52.2294229141623],[16.376844735928,52.2288422240959],[16.3769303730355,52.2288377195306],[16.3771864510743,52.2289770171286],[16.377434663061,52.2288148468537],[16.3772179130637,52.2286882138434],[16.3772278643585,52.2286692221869],[16.3771788065213,52.2286401331048],[16.3766553317079,52.2288700548417],[16.375951572202,52.2293718366979],[16.3759325800877,52.2293882382993],[16.3759906634233,52.2294148999783],[16.3760087325848,52.2294229141623]]]},"properties":{"case_id":"ST-WK-WI/WNIOSEK/4819/2026","source_type":"wniosek_decyzja","received_date":"2025-10-28","decision_date":"2025-12-16","status":"decyzja wydana","description":"Rozbudowa, przebudowa i nadbudowa budynku usługowego wraz z budową niezbędnej infrastruktury technicznej","address":"Grodzisk Wielkopolski","city":"Grodzisk Wielkopolski","office":"Starosta Powiatu Grodzisk Wielkopolski","case_kind":"Obiekt budowlany inny niż budynek mieszkalny jednorodzinny","parcel_ids":["300502_4.0001.928/4","300502_4.0001.928/5"],"location_quality":"dokładny","gunb_url":"https://wyszukiwarka.gunb.gov.pl/","parcel_count":2,"parcel_shard":"x065-y208","parcel_id":"300502_4.0001.928/5","location_source":"powiat grodziski (wielkopolski) (wfs)"}},{"type":"Feature","id":"ST-WK-WI/WNIOSEK/8552/2026::300502_4.0001.980/3","geometry":{"type":"Polygon","coordinates":[[[16.381397413475,52.2281658602463],[16.3812060781554,52.2282924086209],[16.3817034984535,52.2285765503554],[16.381746519114,52.2285478232487],[16.381744422303,52.2285180064546],[16.3818711929576,52.2284334697688],[16.381397413475,52.2281658602463]]]},"properties":{"case_id":"ST-WK-WI/WNIOSEK/8552/2026","source_type":"wniosek_decyzja","received_date":"2025-12-29","decision_date":"2026-02-26","status":"decyzja wydana","description":"Zmiana pozwolenia na budowę nr 175/2022 z dnia 11.04.2022 (AB.6740.118.2022)  w zakresie budowy instalacji gazowej wewnętrznej i zewnętrznej do budynku mieszkalnego w budowie","address":"Sportowa, Grodzisk Wielkopolski","city":"Grodzisk Wielkopolski","office":"Starosta Powiatu Grodzisk Wielkopolski","case_kind":"Obiekt budowlany inny niż budynek mieszkalny jednorodzinny","parcel_ids":["300502_4.0001.980/3","300502_4.0001.980/4"],"location_quality":"dokładny","gunb_url":"https://wyszukiwarka.gunb.gov.pl/","parcel_count":2,"parcel_shard":"x065-y208","parcel_id":"300502_4.0001.980/3","location_source":"powiat grodziski (wielkopolski) (wfs)"}},{"type":"Feature","id":"ST-WK-WI/WNIOSEK/8552/2026::300502_4.0001.980/4","geometry":{"type":"Polygon","coordinates":[[[16.3819392465159,52.2287112220108],[16.3821833935661,52.2285365954336],[16.3814572243582,52.2281263304417],[16.381397413475,52.2281658602463],[16.3818711929576,52.2284334697688],[16.381744422303,52.2285180064546],[16.381746519114,52.2285478232487],[16.3817034984535,52.2285765503554],[16.3819392465159,52.2287112220108]]]},"properties":{"case_id":"ST-WK-WI/WNIOSEK/8552/2026","source_type":"wniosek_decyzja","received_date":"2025-12-29","decision_date":"2026-02-26","status":"decyzja wydana","description":"Zmiana pozwolenia na budowę nr 175/2022 z dnia 11.04.2022 (AB.6740.118.2022)  w zakresie budowy instalacji gazowej wewnętrznej i zewnętrznej do budynku mieszkalnego w budowie","address":"Sportowa, Grodzisk Wielkopolski","city":"Grodzisk Wielkopolski","office":"Starosta Powiatu Grodzisk Wielkopolski","case_kind":"Obiekt budowlany inny niż budynek mieszkalny jednorodzinny","parcel_ids":["300502_4.0001.980/3","300502_4.0001.980/4"],"location_quality":"dokładny","gunb_url":"https://wyszukiwarka.gunb.gov.pl/","parcel_count":2,"parcel_shard":"x065-y208","parcel_id":"300502_4.0001.980/4","location_source":"powiat grodziski (wielkopolski) (wfs)"}},{"type":"Feature","id":"ST-WK-WI/WNIOSEK/23184/2025::300502_5.0003.21","geometry":{"type":"Polygon","coordinates":[[[16.4402997077165,52.2055407192214],[16.4424300446591,52.2052984331765],[16.4441788566741,52.2040875097089],[16.4445909977001,52.2036958711668],[16.4449982397296,52.2032661800786],[16.4455269772743,52.2027082618917],[16.445477416275,52.2022584738087],[16.4426926923541,52.2024380022341],[16.4398915560774,52.2026185113958],[16.4402997077165,52.2055407192214]]]},"properties":{"case_id":"ST-WK-WI/WNIOSEK/23184/2025","source_type":"wniosek_decyzja","received_date":"2025-11-05","decision_date":"2025-11-17","status":"decyzja wydana","description":"Rozbudowa instalacji gazowej wewnętrznej w budynku mieszkalnym jednorodzinnym","address":"53, Borzysław","city":"Borzysław","office":"Starosta Powiatu Grodzisk Wielkopolski","case_kind":"Obiekt budowlany inny niż budynek mieszkalny jednorodzinny","parcel_ids":["300502_5.0003.21"],"location_quality":"dokładny","gunb_url":"https://wyszukiwarka.gunb.gov.pl/","parcel_count":1,"parcel_shard":"x065-y208","parcel_id":"300502_5.0003.21","location_source":"powiat grodziski (wielkopolski) (wfs)"}},{"type":"Feature","id":"ST-WK-WI/WNIOSEK/281/2026::300502_5.0003.211/2","geometry":{"type":"Polygon","coordinates":[[[16.4461739361533,52.19508039897],[16.4464446734554,52.1950238379268],[16.4466288853328,52.194983111141],[16.4470814447318,52.1948952550841],[16.447409016397,52.194843027031],[16.4472960614589,52.1920321009206],[16.4467451634185,52.1920786768155],[16.4460451488136,52.1921453245526],[16.4459421200603,52.1921433514981],[16.4459128457891,52.192138137433],[16.4458821261644,52.1921424688482],[16.4460687113686,52.1940218741516],[16.4461739361533,52.19508039897]]]},"properties":{"case_id":"ST-WK-WI/WNIOSEK/281/2026","source_type":"wniosek_decyzja","received_date":"2025-11-14","decision_date":"2026-01-08","status":"decyzja wydana","description":"Rozbiórka budynku mieszkalnego jednorodzinnego","address":"Borzysław","city":"Borzysław","office":"Starosta Powiatu Grodzisk Wielkopolski","case_kind":"Budynek mieszkalny jednorodzinny","parcel_ids":["300502_5.0003.211/2"],"location_quality":"dokładny","gunb_url":"https://wyszukiwarka.gunb.gov.pl/","parcel_count":1,"parcel_shard":"x065-y208","parcel_id":"300502_5.0003.211/2","location_source":"powiat grodziski (wielkopolski) (wfs)"}},{"type":"Feature","id":"ST-WK-WI/WNIOSEK/5230/2026::300502_5.0003.222","geometry":{"type":"Polygon","coordinates":[[[16.4480054276693,52.1956197724182],[16.4485602446708,52.1955979509172],[16.448580414691,52.1948192121824],[16.4485835997752,52.1946659267766],[16.4479926310635,52.1947919079154],[16.4479920715564,52.1949432846252],[16.4480054276693,52.1956197724182]]]},"properties":{"case_id":"ST-WK-WI/WNIOSEK/5230/2026","source_type":"wniosek_decyzja","received_date":"2026-03-18","decision_date":"2026-06-02","status":"decyzja wydana","description":"Budowa budynku mieszkalnego jednorodzinnego wolnostojącego wraz z niezbędną infrastrukturą","address":"Borzysław","city":"Borzysław","office":"Starosta Powiatu Grodzisk Wielkopolski","case_kind":"Budynek mieszkalny jednorodzinny","parcel_ids":["300502_5.0003.222"],"location_quality":"dokładny","gunb_url":"https://wyszukiwarka.gunb.gov.pl/","parcel_count":1,"parcel_shard":"x065-y208","parcel_id":"300502_5.0003.222","location_source":"powiat grodziski (wielkopolski) (wfs)"}},{"type":"Feature","id":"ST-WK-WI/WNIOSEK/1110/2026::300502_5.0006.181","geometry":{"type":"Polygon","coordinates":[[[16.38907220162,52.2398739109635],[16.3888358344031,52.2399586354496],[16.3888958134694,52.2400193919738],[16.3889394614224,52.2400516222037],[16.3890832050991,52.2401774056954],[16.3891698683391,52.2402532402943],[16.3892370969527,52.2403217828606],[16.3896554455963,52.240676810585],[16.3913479118962,52.2420686441591],[16.3914543856647,52.2419780267436],[16.38943066715,52.2402461789667],[16.3892767565244,52.2401013193944],[16.38907220162,52.2398739109635]]]},"properties":{"case_id":"ST-WK-WI/WNIOSEK/1110/2026","source_type":"wniosek_decyzja","received_date":"2025-09-17","decision_date":"2025-11-18","status":"decyzja wydana","description":"Budowa budynku mieszkalnego jednorodzinnego wraz z niezbędną infrastrukturą techniczną oraz rozbiórka budynków gospodarczych w zabudowie zagrodowej","address":"Grąblewo","city":"Grąblewo","office":"Starosta Powiatu Grodzisk Wielkopolski","case_kind":"Budynek mieszkalny jednorodzinny","parcel_ids":["300502_5.0006.181"],"location_quality":"dokładny","gunb_url":"https://wyszukiwarka.gunb.gov.pl/","parcel_count":1,"parcel_shard":"x065-y208","parcel_id":"300502_5.0006.181","location_source":"powiat grodziski (wielkopolski) (wfs)"}},{"type":"Feature","id":"ST-WK-WI/WNIOSEK/7779/2026::300502_5.0009.42/4","geometry":{"type":"Polygon","coordinates":[[[16.3361787190678,52.2101100395546],[16.3359720436797,52.2098196294962],[16.3356137303384,52.2098979294247],[16.3358204064721,52.2101884299658],[16.3361787190678,52.2101100395546]]]},"properties":{"case_id":"ST-WK-WI/WNIOSEK/7779/2026","source_type":"wniosek_decyzja","received_date":"2025-10-14","decision_date":"2026-02-27","status":"decyzja wydana","description":"budowa budynku mieszkalnego jednorodzinnego wraz z niezbędną infrastrukturą techniczną","address":"Grodzisk Wielkopolski","city":"Grodzisk Wielkopolski","office":"Starosta Powiatu Grodzisk Wielkopolski","case_kind":"Budynek mieszkalny jednorodzinny","parcel_ids":["300502_5.0009.42/4"],"location_quality":"dokładny","gunb_url":"https://wyszukiwarka.gunb.gov.pl/","parcel_count":1,"parcel_shard":"x065-y208","parcel_id":"300502_5.0009.42/4","location_source":"powiat grodziski (wielkopolski) (wfs)"}},{"type":"Feature","id":"ST-WK-WI/WNIOSEK/19707/2025::300502_5.0009.81/26","geometry":{"type":"Polygon","coordinates":[[[16.3376954685754,52.2143980883504],[16.3377003337376,52.2144236499514],[16.3378391874089,52.2145547436183],[16.3383427098891,52.2143553353681],[16.3381833566957,52.2142043408902],[16.3376954685754,52.2143980883504]]]},"properties":{"case_id":"ST-WK-WI/WNIOSEK/19707/2025","source_type":"wniosek_decyzja","received_date":"2025-09-05","decision_date":"2025-10-02","status":"decyzja wydana","description":"budowa budynku mieszkalnego jednorodzinnego, wolnostojącego wraz z przydomową oczyszczalnią ścieków","address":"Kobylniki","city":"Kobylniki","office":"Starosta Powiatu Grodzisk Wielkopolski","case_kind":"Budynek mieszkalny jednorodzinny","parcel_ids":["300502_5.0009.81/26"],"location_quality":"dokładny","gunb_url":"https://wyszukiwarka.gunb.gov.pl/","parcel_count":1,"parcel_shard":"x065-y208","parcel_id":"300502_5.0009.81/26","location_source":"powiat grodziski (wielkopolski) (wfs)"}},{"type":"Feature","id":"ST-WK-WI/WNIOSEK/5689/2026::300502_5.0011.159/1","geometry":{"type":"Polygon","coordinates":[[[16.4348717838198,52.2232257290576],[16.4347174952505,52.2230156667029],[16.4332034114384,52.2234373405917],[16.4333668906669,52.2236378844692],[16.433937073506,52.2234817335081],[16.4348717838198,52.2232257290576]]]},"properties":{"case_id":"ST-WK-WI/WNIOSEK/5689/2026","source_type":"wniosek_decyzja","received_date":"2026-02-19","decision_date":"2026-03-26","status":"decyzja wydana","description":"Budowa wewnętrznej instalacji gazowej w budynku mieszkalnym jednorodzinnym w m. Ptaszkowo","address":"68, Ptaszkowo","city":"Ptaszkowo","office":"Starosta Powiatu Grodzisk Wielkopolski","case_kind":"Obiekt budowlany inny niż budynek mieszkalny jednorodzinny","parcel_ids":["300502_5.0011.159/1"],"location_quality":"dokładny","gunb_url":"https://wyszukiwarka.gunb.gov.pl/","parcel_count":1,"parcel_shard":"x065-y208","parcel_id":"300502_5.0011.159/1","location_source":"powiat grodziski (wielkopolski) (wfs)"}},{"type":"Feature","id":"ST-WK-WI/WNIOSEK/5717/2026::300502_5.0011.235/2","geometry":{"type":"Polygon","coordinates":[[[16.4393234649216,52.2242160355278],[16.4396950774405,52.2244422896833],[16.4398145690935,52.224374930202],[16.439911030202,52.2244299499212],[16.4400992020576,52.2245247890801],[16.4403358727364,52.2243269932245],[16.4409420063849,52.2238682946455],[16.4409556738584,52.223857535045],[16.4404704371911,52.2235271543683],[16.440456052344,52.2235351260531],[16.4393234649216,52.2242160355278]]]},"properties":{"case_id":"ST-WK-WI/WNIOSEK/5717/2026","source_type":"wniosek_decyzja","received_date":"2026-02-09","decision_date":"2026-03-26","status":"decyzja wydana","description":"Budowa obiektu sportowego typu ORLIK przy Szkole Podstawowej w Ptaszkowie wraz z infrastrukturą","address":"Ptaszkowo","city":"Ptaszkowo","office":"Starosta Powiatu Grodzisk Wielkopolski","case_kind":"Obiekt budowlany inny niż budynek mieszkalny jednorodzinny","parcel_ids":["300502_5.0011.235/2","300502_5.0011.236","300502_5.0011.237"],"location_quality":"dokładny","gunb_url":"https://wyszukiwarka.gunb.gov.pl/","parcel_count":3,"parcel_shard":"x065-y208","parcel_id":"300502_5.0011.235/2","location_source":"powiat grodziski (wielkopolski) (wfs)"}},{"type":"Feature","id":"ST-WK-WI/WNIOSEK/5717/2026::300502_5.0011.236","geometry":{"type":"Polygon","coordinates":[[[16.436798128339,52.2252237507359],[16.4368291752947,52.2252424281622],[16.437111323154,52.2250763639057],[16.4372042648617,52.2250209990539],[16.4373290592806,52.224948259485],[16.4375453306862,52.2248211733436],[16.4377636652127,52.2246926328162],[16.4379659747609,52.2245713490316],[16.4383801872265,52.2243269396457],[16.4384340467684,52.2242951832518],[16.4385964853326,52.2241993641159],[16.438761753059,52.2241053097245],[16.4390857557044,52.2243588456116],[16.4393234649216,52.2242160355278],[16.440456052344,52.2235351260531],[16.4404704371911,52.2235271543683],[16.4404322235327,52.2234999643156],[16.4390902267059,52.2243188849481],[16.4387803641822,52.2240763093692],[16.4387346381029,52.2240831604415],[16.436798128339,52.2252237507359]]]},"properties":{"case_id":"ST-WK-WI/WNIOSEK/5717/2026","source_type":"wniosek_decyzja","received_date":"2026-02-09","decision_date":"2026-03-26","status":"decyzja wydana","description":"Budowa obiektu sportowego typu ORLIK przy Szkole Podstawowej w Ptaszkowie wraz z infrastrukturą","address":"Ptaszkowo","city":"Ptaszkowo","office":"Starosta Powiatu Grodzisk Wielkopolski","case_kind":"Obiekt budowlany inny niż budynek mieszkalny jednorodzinny","parcel_ids":["300502_5.0011.235/2","300502_5.0011.236","300502_5.0011.237"],"location_quality":"dokładny","gunb_url":"https://wyszukiwarka.gunb.gov.pl/","parcel_count":3,"parcel_shard":"x065-y208","parcel_id":"300502_5.0011.236","location_source":"powiat grodziski (wielkopolski) (wfs)"}},{"type":"Feature","id":"ST-WK-WI/WNIOSEK/5717/2026::300502_5.0011.237","geometry":{"type":"Polygon","coordinates":[[[16.4396464656057,52.2229408659733],[16.4394798089098,52.2230281881367],[16.4386201000589,52.2234854859188],[16.4382519074202,52.2236888295643],[16.4387346381029,52.2240831604415],[16.4387803641822,52.2240763093692],[16.4390902267059,52.2243188849481],[16.4404322235327,52.2234999643156],[16.4396464656057,52.2229408659733]]]},"properties":{"case_id":"ST-WK-WI/WNIOSEK/5717/2026","source_type":"wniosek_decyzja","received_date":"2026-02-09","decision_date":"2026-03-26","status":"decyzja wydana","description":"Budowa obiektu sportowego typu ORLIK przy Szkole Podstawowej w Ptaszkowie wraz z infrastrukturą","address":"Ptaszkowo","city":"Ptaszkowo","office":"Starosta Powiatu Grodzisk Wielkopolski","case_kind":"Obiekt budowlany inny niż budynek mieszkalny jednorodzinny","parcel_ids":["300502_5.0011.235/2","300502_5.0011.236","300502_5.0011.237"],"location_quality":"dokładny","gunb_url":"https://wyszukiwarka.gunb.gov.pl/","parcel_count":3,"parcel_shard":"x065-y208","parcel_id":"300502_5.0011.237","location_source":"powiat grodziski (wielkopolski) (wfs)"}},{"type":"Feature","id":"ST-WK-WI/WNIOSEK/15931/2026::300502_5.0011.256/10","geometry":{"type":"Polygon","coordinates":[[[16.4363290022738,52.2208780800341],[16.4367006784493,52.2207720763363],[16.4365236740015,52.2205387346273],[16.4361521514269,52.2206449156726],[16.4363290022738,52.2208780800341]]]},"properties":{"case_id":"ST-WK-WI/WNIOSEK/15931/2026","source_type":"wniosek_decyzja","received_date":"2026-04-16","decision_date":"2026-08-20","status":"decyzja wydana","description":"Budowa budynku mieszkalnego jednorodzinnego - I etap na dz. nr 256/6","address":"Ptaszkowo","city":"Ptaszkowo","office":"Starosta Powiatu Grodzisk Wielkopolski","case_kind":"Budynek mieszkalny jednorodzinny","parcel_ids":["300502_5.0011.256/10","300502_5.0011.256/11","300502_5.0011.256/12","300502_5.0011.256/6","300502_5.0011.256/7","300502_5.0011.256/8","300502_5.0011.256/9"],"location_quality":"dokładny","gunb_url":"https://wyszukiwarka.gunb.gov.pl/","parcel_count":7,"parcel_shard":"x065-y208","parcel_id":"300502_5.0011.256/10","location_source":"powiat grodziski (wielkopolski) (wfs)"}},{"type":"Feature","id":"ST-WK-WI/WNIOSEK/15931/2026::300502_5.0011.256/11","geometry":{"type":"Polygon","coordinates":[[[16.4367006784493,52.2207720763363],[16.4371200625343,52.220652457271],[16.4369429042973,52.2204189382754],[16.4365236740015,52.2205387346273],[16.4367006784493,52.2207720763363]]]},"properties":{"case_id":"ST-WK-WI/WNIOSEK/15931/2026","source_type":"wniosek_decyzja","received_date":"2026-04-16","decision_date":"2026-08-20","status":"decyzja wydana","description":"Budowa budynku mieszkalnego jednorodzinnego - I etap na dz. nr 256/6","address":"Ptaszkowo","city":"Ptaszkowo","office":"Starosta Powiatu Grodzisk Wielkopolski","case_kind":"Budynek mieszkalny jednorodzinny","parcel_ids":["300502_5.0011.256/10","300502_5.0011.256/11","300502_5.0011.256/12","300502_5.0011.256/6","300502_5.0011.256/7","300502_5.0011.256/8","300502_5.0011.256/9"],"location_quality":"dokładny","gunb_url":"https://wyszukiwarka.gunb.gov.pl/","parcel_count":7,"parcel_shard":"x065-y208","parcel_id":"300502_5.0011.256/11","location_source":"powiat grodziski (wielkopolski) (wfs)"}},{"type":"Feature","id":"ST-WK-WI/WNIOSEK/15931/2026::300502_5.0011.256/12","geometry":{"type":"Polygon","coordinates":[[[16.4371200625343,52.220652457271],[16.437362236014,52.2205833530024],[16.4374249780924,52.2204959404091],[16.4375376489667,52.2204636477622],[16.4374036032193,52.2202872200103],[16.4369429042973,52.2204189382754],[16.4371200625343,52.220652457271]]]},"properties":{"case_id":"ST-WK-WI/WNIOSEK/15931/2026","source_type":"wniosek_decyzja","received_date":"2026-04-16","decision_date":"2026-08-20","status":"decyzja wydana","description":"Budowa budynku mieszkalnego jednorodzinnego - I etap na dz. nr 256/6","address":"Ptaszkowo","city":"Ptaszkowo","office":"Starosta Powiatu Grodzisk Wielkopolski","case_kind":"Budynek mieszkalny jednorodzinny","parcel_ids":["300502_5.0011.256/10","300502_5.0011.256/11","300502_5.0011.256/12","300502_5.0011.256/6","300502_5.0011.256/7","300502_5.0011.256/8","300502_5.0011.256/9"],"location_quality":"dokładny","gunb_url":"https://wyszukiwarka.gunb.gov.pl/","parcel_count":7,"parcel_shard":"x065-y208","parcel_id":"300502_5.0011.256/12","location_source":"powiat grodziski (wielkopolski) (wfs)"}},{"type":"Feature","id":"ST-WK-WI/WNIOSEK/15931/2026::300502_5.0011.256/6","geometry":{"type":"Polygon","coordinates":[[[16.43474991227,52.2213287333627],[16.4352144048187,52.2211961686729],[16.4350380060418,52.2209632668253],[16.4345736674624,52.2210960087332],[16.43474991227,52.2213287333627]]]},"properties":{"case_id":"ST-WK-WI/WNIOSEK/15931/2026","source_type":"wniosek_decyzja","received_date":"2026-04-16","decision_date":"2026-08-20","status":"decyzja wydana","description":"Budowa budynku mieszkalnego jednorodzinnego - I etap na dz. nr 256/6","address":"Ptaszkowo","city":"Ptaszkowo","office":"Starosta Powiatu Grodzisk Wielkopolski","case_kind":"Budynek mieszkalny jednorodzinny","parcel_ids":["300502_5.0011.256/10","300502_5.0011.256/11","300502_5.0011.256/12","300502_5.0011.256/6","300502_5.0011.256/7","300502_5.0011.256/8","300502_5.0011.256/9"],"location_quality":"dokładny","gunb_url":"https://wyszukiwarka.gunb.gov.pl/","parcel_count":7,"parcel_shard":"x065-y208","parcel_id":"300502_5.0011.256/6","location_source":"powiat grodziski (wielkopolski) (wfs)"}},{"type":"Feature","id":"ST-WK-WI/WNIOSEK/15931/2026::300502_5.0011.256/7","geometry":{"type":"Polygon","coordinates":[[[16.4352144048187,52.2211961686729],[16.4355859371514,52.2210900803853],[16.4354095339919,52.2208570892506],[16.4350380060418,52.2209632668253],[16.4352144048187,52.2211961686729]]]},"properties":{"case_id":"ST-WK-WI/WNIOSEK/15931/2026","source_type":"wniosek_decyzja","received_date":"2026-04-16","decision_date":"2026-08-20","status":"decyzja wydana","description":"Budowa budynku mieszkalnego jednorodzinnego - I etap na dz. nr 256/6","address":"Ptaszkowo","city":"Ptaszkowo","office":"Starosta Powiatu Grodzisk Wielkopolski","case_kind":"Budynek mieszkalny jednorodzinny","parcel_ids":["300502_5.0011.256/10","300502_5.0011.256/11","300502_5.0011.256/12","300502_5.0011.256/6","300502_5.0011.256/7","300502_5.0011.256/8","300502_5.0011.256/9"],"location_quality":"dokładny","gunb_url":"https://wyszukiwarka.gunb.gov.pl/","parcel_count":7,"parcel_shard":"x065-y208","parcel_id":"300502_5.0011.256/7","location_source":"powiat grodziski (wielkopolski) (wfs)"}},{"type":"Feature","id":"ST-WK-WI/WNIOSEK/15931/2026::300502_5.0011.256/8","geometry":{"type":"Polygon","coordinates":[[[16.4355859371514,52.2210900803853],[16.4357106518708,52.2210544970346],[16.4359574706052,52.2209840807853],[16.4357806270501,52.2207510955574],[16.4355351172736,52.2208212258712],[16.4354095339919,52.2208570892506],[16.4355859371514,52.2210900803853]]]},"properties":{"case_id":"ST-WK-WI/WNIOSEK/15931/2026","source_type":"wniosek_decyzja","received_date":"2026-04-16","decision_date":"2026-08-20","status":"decyzja wydana","description":"Budowa budynku mieszkalnego jednorodzinnego - I etap na dz. nr 256/6","address":"Ptaszkowo","city":"Ptaszkowo","office":"Starosta Powiatu Grodzisk Wielkopolski","case_kind":"Budynek mieszkalny jednorodzinny","parcel_ids":["300502_5.0011.256/10","300502_5.0011.256/11","300502_5.0011.256/12","300502_5.0011.256/6","300502_5.0011.256/7","300502_5.0011.256/8","300502_5.0011.256/9"],"location_quality":"dokładny","gunb_url":"https://wyszukiwarka.gunb.gov.pl/","parcel_count":7,"parcel_shard":"x065-y208","parcel_id":"300502_5.0011.256/8","location_source":"powiat grodziski (wielkopolski) (wfs)"}},{"type":"Feature","id":"ST-WK-WI/WNIOSEK/15931/2026::300502_5.0011.256/9","geometry":{"type":"Polygon","coordinates":[[[16.4359574706052,52.2209840807853],[16.4363290022738,52.2208780800341],[16.4361521514269,52.2206449156726],[16.4357806270501,52.2207510955574],[16.4359574706052,52.2209840807853]]]},"properties":{"case_id":"ST-WK-WI/WNIOSEK/15931/2026","source_type":"wniosek_decyzja","received_date":"2026-04-16","decision_date":"2026-08-20","status":"decyzja wydana","description":"Budowa budynku mieszkalnego jednorodzinnego - I etap na dz. nr 256/6","address":"Ptaszkowo","city":"Ptaszkowo","office":"Starosta Powiatu Grodzisk Wielkopolski","case_kind":"Budynek mieszkalny jednorodzinny","parcel_ids":["300502_5.0011.256/10","300502_5.0011.256/11","300502_5.0011.256/12","300502_5.0011.256/6","300502_5.0011.256/7","300502_5.0011.256/8","300502_5.0011.256/9"],"location_quality":"dokładny","gunb_url":"https://wyszukiwarka.gunb.gov.pl/","parcel_count":7,"parcel_shard":"x065-y208","parcel_id":"300502_5.0011.256/9","location_source":"powiat grodziski (wielkopolski) (wfs)"}},{"type":"Feature","id":"ST-WK-WI/WNIOSEK/26146/2025::300502_5.0011.294/14","geometry":{"type":"Polygon","coordinates":[[[16.4469952765639,52.2243351497459],[16.4464048240278,52.2241680060475],[16.4461110751134,52.2243937664902],[16.4465012469765,52.224578871594],[16.4467064560639,52.2246420696547],[16.4467389684737,52.2246199050058],[16.4469952765639,52.2243351497459]]]},"properties":{"case_id":"ST-WK-WI/WNIOSEK/26146/2025","source_type":"wniosek_decyzja","received_date":"2025-10-10","decision_date":"2025-12-18","status":"decyzja wydana","description":"Budowa wewnętrznej instalacji gazowej w budynku mieszkalnym wielorodzinnym w m. Ptaszkowo dla lokalu nr 3","address":"5, Ptaszkowo","city":"Ptaszkowo","office":"Starosta Powiatu Grodzisk Wielkopolski","case_kind":"Obiekt budowlany inny niż budynek mieszkalny jednorodzinny","parcel_ids":["300502_5.0011.294/14"],"location_quality":"dokładny","gunb_url":"https://wyszukiwarka.gunb.gov.pl/","parcel_count":1,"parcel_shard":"x065-y208","parcel_id":"300502_5.0011.294/14","location_source":"powiat grodziski (wielkopolski) (wfs)"}},{"type":"Feature","id":"ST-WK-WI/WNIOSEK/25224/2025::300502_5.0011.80","geometry":{"type":"Polygon","coordinates":[[[16.4362727589099,52.2256707578663],[16.436022905747,52.2256569901167],[16.4366155812638,52.2261053637363],[16.4369734458245,52.2263390493932],[16.4370627587258,52.226288080017],[16.4371742838963,52.2262214523778],[16.4370999152416,52.2261737168564],[16.4370904835453,52.2261793645025],[16.4368877676291,52.2260942415456],[16.4368407703847,52.2261268592552],[16.4367137292646,52.2260632525953],[16.4367335703295,52.226048966104],[16.4362727589099,52.2256707578663]]]},"properties":{"case_id":"ST-WK-WI/WNIOSEK/25224/2025","source_type":"wniosek_decyzja","received_date":"2025-10-20","decision_date":"2025-12-15","status":"decyzja wydana","description":"Rozbiórka trzech budynków gospodarczych","address":"Ptaszkowo","city":"Ptaszkowo","office":"Starosta Powiatu Grodzisk Wielkopolski","case_kind":"Obiekt budowlany inny niż budynek mieszkalny jednorodzinny","parcel_ids":["300502_5.0011.80"],"location_quality":"dokładny","gunb_url":"https://wyszukiwarka.gunb.gov.pl/","parcel_count":1,"parcel_shard":"x065-y208","parcel_id":"300502_5.0011.80","location_source":"powiat grodziski (wielkopolski) (wfs)"}},{"type":"Feature","id":"ST-WK-WI/WNIOSEK/11679/2026::300502_5.0012.81/9","geometry":{"type":"Polygon","coordinates":[[[16.2753115748091,52.2488329262193],[16.2761861868087,52.2486312156069],[16.2760299723492,52.2484130522827],[16.2753787020439,52.2474818093961],[16.2750488583098,52.2475764235069],[16.2746356507705,52.2477060684275],[16.2746889030104,52.2477700526179],[16.2746495361188,52.2478628767152],[16.2752226171437,52.2486875589122],[16.2753115748091,52.2488329262193]]]},"properties":{"case_id":"ST-WK-WI/WNIOSEK/11679/2026","source_type":"wniosek_decyzja","received_date":"2026-02-18","decision_date":"2026-06-03","status":"decyzja wydana","description":"budowa dwóch budynków mieszkalnych jednorodzinnych, wolnostojących, Etap I wraz z niezbędną infrastrukturą techniczną","address":"Rojewo","city":"Rojewo","office":"Starosta Powiatu Grodzisk Wielkopolski","case_kind":"Budynek mieszkalny jednorodzinny","parcel_ids":["300502_5.0012.81/9"],"location_quality":"dokładny","gunb_url":"https://wyszukiwarka.gunb.gov.pl/","parcel_count":1,"parcel_shard":"x065-y208","parcel_id":"300502_5.0012.81/9","location_source":"powiat grodziski (wielkopolski) (wfs)"}},{"type":"Feature","id":"ST-WK-WI/WNIOSEK/12146/2026::300502_5.0016.68","geometry":{"type":"Polygon","coordinates":[[[16.4649189382925,52.2471394889597],[16.4650730683704,52.2472808782727],[16.4663070066763,52.2464488974615],[16.4663855777702,52.2463996871769],[16.4664357952635,52.2463384728301],[16.4666284916581,52.246214586393],[16.4666816590769,52.2461804324844],[16.4670037465804,52.2459734464817],[16.4671811647468,52.2458595098729],[16.4676247071746,52.2455744424471],[16.4680159596504,52.2453229900562],[16.4685617084111,52.2449722094068],[16.4691820534605,52.244573555417],[16.4693564753536,52.244278761211],[16.4671812517245,52.2456812677627],[16.4666224066129,52.2460415469431],[16.4656114693974,52.2466930719458],[16.4649189382925,52.2471394889597]]]},"properties":{"case_id":"ST-WK-WI/WNIOSEK/12146/2026","source_type":"wniosek_decyzja","received_date":"2026-04-29","decision_date":"2026-06-26","status":"decyzja wydana","description":"Budowa drogi gminnej w miejscowości Woźniki gmina Grodzisk Wielkopolski","address":"Woźniki","city":"Woźniki","office":"Starosta Powiatu Grodzisk Wielkopolski","case_kind":"Obiekt budowlany inny niż budynek mieszkalny jednorodzinny","parcel_ids":["300502_5.0016.68","300502_5.0016.71/1","300502_5.0016.71/2","300502_5.0016.76"],"location_quality":"dokładny","gunb_url":"https://wyszukiwarka.gunb.gov.pl/","parcel_count":4,"parcel_shard":"x065-y208","parcel_id":"300502_5.0016.68","location_source":"powiat grodziski (wielkopolski) (wfs)"}},{"type":"Feature","id":"ST-WK-WI/WNIOSEK/12146/2026::300502_5.0016.71/1","geometry":{"type":"Polygon","coordinates":[[[16.4691820534605,52.244573555417],[16.4688152799764,52.245047339966],[16.4684940156645,52.2454622368983],[16.46827526883,52.2457449086677],[16.4680074671142,52.2460906846213],[16.4677186257311,52.246009918558],[16.467653938997,52.2460974448091],[16.4681037931779,52.2462250492733],[16.4682207372435,52.2460726053238],[16.4682436103609,52.2460394077907],[16.4684241916341,52.2458082418819],[16.4686880316311,52.2454642784432],[16.4688692183542,52.2452289108535],[16.4690241848427,52.2450272048976],[16.4691739900576,52.2448331301009],[16.4693958355098,52.2445430013528],[16.4694799415921,52.2444342944075],[16.4696462361493,52.2442842010746],[16.4691820534605,52.244573555417]]]},"properties":{"case_id":"ST-WK-WI/WNIOSEK/12146/2026","source_type":"wniosek_decyzja","received_date":"2026-04-29","decision_date":"2026-06-26","status":"decyzja wydana","description":"Budowa drogi gminnej w miejscowości Woźniki gmina Grodzisk Wielkopolski","address":"Woźniki","city":"Woźniki","office":"Starosta Powiatu Grodzisk Wielkopolski","case_kind":"Obiekt budowlany inny niż budynek mieszkalny jednorodzinny","parcel_ids":["300502_5.0016.68","300502_5.0016.71/1","300502_5.0016.71/2","300502_5.0016.76"],"location_quality":"dokładny","gunb_url":"https://wyszukiwarka.gunb.gov.pl/","parcel_count":4,"parcel_shard":"x065-y208","parcel_id":"300502_5.0016.71/1","location_source":"powiat grodziski (wielkopolski) (wfs)"}},{"type":"Feature","id":"ST-WK-WI/WNIOSEK/12146/2026::300502_5.0016.71/2","geometry":{"type":"Polygon","coordinates":[[[16.4685617084111,52.2449722094068],[16.4688152799764,52.245047339966],[16.4691820534605,52.244573555417],[16.4685617084111,52.2449722094068]]]},"properties":{"case_id":"ST-WK-WI/WNIOSEK/12146/2026","source_type":"wniosek_decyzja","received_date":"2026-04-29","decision_date":"2026-06-26","status":"decyzja wydana","description":"Budowa drogi gminnej w miejscowości Woźniki gmina Grodzisk Wielkopolski","address":"Woźniki","city":"Woźniki","office":"Starosta Powiatu Grodzisk Wielkopolski","case_kind":"Obiekt budowlany inny niż budynek mieszkalny jednorodzinny","parcel_ids":["300502_5.0016.68","300502_5.0016.71/1","300502_5.0016.71/2","300502_5.0016.76"],"location_quality":"dokładny","gunb_url":"https://wyszukiwarka.gunb.gov.pl/","parcel_count":4,"parcel_shard":"x065-y208","parcel_id":"300502_5.0016.71/2","location_source":"powiat grodziski (wielkopolski) (wfs)"}},{"type":"Feature","id":"ST-WK-WI/WNIOSEK/12146/2026::300502_5.0016.76","geometry":{"type":"Polygon","coordinates":[[[16.4701018009148,52.243956449139],[16.4703027229012,52.2438662788837],[16.4747345090664,52.2410153103205],[16.4796857186394,52.2367737285822],[16.4795670811375,52.2367105890436],[16.4794146014542,52.2368594418677],[16.4778411309134,52.2381816907755],[16.476326045023,52.2394571845626],[16.4746441847831,52.2408792529347],[16.4744685022394,52.2410068664936],[16.4735649888747,52.241589788448],[16.4717189059266,52.2427636348047],[16.4700242552622,52.2438458477431],[16.4698525673018,52.2439588996975],[16.4693564753536,52.244278761211],[16.4691820534605,52.244573555417],[16.4696462361493,52.2442842010746],[16.469904507833,52.2440973218766],[16.4701018009148,52.243956449139]]]},"properties":{"case_id":"ST-WK-WI/WNIOSEK/12146/2026","source_type":"wniosek_decyzja","received_date":"2026-04-29","decision_date":"2026-06-26","status":"decyzja wydana","description":"Budowa drogi gminnej w miejscowości Woźniki gmina Grodzisk Wielkopolski","address":"Woźniki","city":"Woźniki","office":"Starosta Powiatu Grodzisk Wielkopolski","case_kind":"Obiekt budowlany inny niż budynek mieszkalny jednorodzinny","parcel_ids":["300502_5.0016.68","300502_5.0016.71/1","300502_5.0016.71/2","300502_5.0016.76"],"location_quality":"dokładny","gunb_url":"https://wyszukiwarka.gunb.gov.pl/","parcel_count":4,"parcel_shard":"x065-y208","parcel_id":"300502_5.0016.76","location_source":"powiat grodziski (wielkopolski) (wfs)"}},{"type":"Feature","id":"ST-WK-WI/WNIOSEK/22493/2025::300502_5.0017.159/14","geometry":{"type":"Polygon","coordinates":[[[16.3269440804189,52.2206560535706],[16.3275082821126,52.2204654313734],[16.3273601309964,52.2203000587498],[16.3267959306978,52.2204906802872],[16.3269440804189,52.2206560535706]]]},"properties":{"case_id":"ST-WK-WI/WNIOSEK/22493/2025","source_type":"wniosek_decyzja","received_date":"2025-10-22","decision_date":"2025-11-03","status":"decyzja wydana","description":"Budowa instalacji gazowej wewnętrznej i zewnętrznej do budynku mieszkalnego jednorodzinnego","address":"26Z, Zdrój","city":"Zdrój","office":"Starosta Powiatu Grodzisk Wielkopolski","case_kind":"Obiekt budowlany inny niż budynek mieszkalny jednorodzinny","parcel_ids":["300502_5.0017.159/14","300502_5.0017.159/15"],"location_quality":"dokładny","gunb_url":"https://wyszukiwarka.gunb.gov.pl/","parcel_count":2,"parcel_shard":"x065-y208","parcel_id":"300502_5.0017.159/14","location_source":"powiat grodziski (wielkopolski) (wfs)"}},{"type":"Feature","id":"ST-WK-WI/WNIOSEK/22493/2025::300502_5.0017.159/15","geometry":{"type":"Polygon","coordinates":[[[16.3269440804189,52.2206560535706],[16.3270922312277,52.2208214266517],[16.3276564336194,52.2206308936736],[16.3275082821126,52.2204654313734],[16.3269440804189,52.2206560535706]]]},"properties":{"case_id":"ST-WK-WI/WNIOSEK/22493/2025","source_type":"wniosek_decyzja","received_date":"2025-10-22","decision_date":"2025-11-03","status":"decyzja wydana","description":"Budowa instalacji gazowej wewnętrznej i zewnętrznej do budynku mieszkalnego jednorodzinnego","address":"26Z, Zdrój","city":"Zdrój","office":"Starosta Powiatu Grodzisk Wielkopolski","case_kind":"Obiekt budowlany inny niż budynek mieszkalny jednorodzinny","parcel_ids":["300502_5.0017.159/14","300502_5.0017.159/15"],"location_quality":"dokładny","gunb_url":"https://wyszukiwarka.gunb.gov.pl/","parcel_count":2,"parcel_shard":"x065-y208","parcel_id":"300502_5.0017.159/15","location_source":"powiat grodziski (wielkopolski) (wfs)"}},{"type":"Feature","id":"ST-WK-WI/WNIOSEK/11193/2026::300502_5.0017.159/20","geometry":{"type":"Polygon","coordinates":[[[16.3281299689755,52.2214950877898],[16.3283914220144,52.2214873083188],[16.3283622013643,52.2211192298534],[16.3281008967018,52.221127009678],[16.3281299689755,52.2214950877898]]]},"properties":{"case_id":"ST-WK-WI/WNIOSEK/11193/2026","source_type":"wniosek_decyzja","received_date":"2026-02-19","decision_date":"2026-03-24","status":"decyzja wydana","description":"Budowa wewnętrznej instalacji gazowej w budynku mieszkalnym jednorodzinnym w m. Zdrój","address":"26T, Zdrój","city":"Zdrój","office":"Starosta Powiatu Grodzisk Wielkopolski","case_kind":"Obiekt budowlany inny niż budynek mieszkalny jednorodzinny","parcel_ids":["300502_5.0017.159/20"],"location_quality":"dokładny","gunb_url":"https://wyszukiwarka.gunb.gov.pl/","parcel_count":1,"parcel_shard":"x065-y208","parcel_id":"300502_5.0017.159/20","location_source":"powiat grodziski (wielkopolski) (wfs)"}},{"type":"Feature","id":"ST-WK-WI/WNIOSEK/11051/2026::300502_5.0017.165/1","geometry":{"type":"Polygon","coordinates":[[[16.3342240306768,52.2188179370653],[16.3340917138362,52.2184909136505],[16.3337845729889,52.2185892263728],[16.333897397711,52.218867833491],[16.3342240306768,52.2188179370653]]]},"properties":{"case_id":"ST-WK-WI/WNIOSEK/11051/2026","source_type":"wniosek_decyzja","received_date":"2026-03-16","decision_date":"2026-04-22","status":"decyzja wydana","description":"Budowa zewnętrznej instalacji zbiornikowej na gaz płynny z pojedynczym naziemnym zbiornikiem o pojemności 2,7 m3 oraz wewnętrznej instalacji gazowej w budynku mieszkalnym jednorodzinnym w trakcie budowy","address":"Zdrój","city":"Zdrój","office":"Starosta Powiatu Grodzisk Wielkopolski","case_kind":"Obiekt budowlany inny niż budynek mieszkalny jednorodzinny","parcel_ids":["300502_5.0017.165/1"],"location_quality":"dokładny","gunb_url":"https://wyszukiwarka.gunb.gov.pl/","parcel_count":1,"parcel_shard":"x065-y208","parcel_id":"300502_5.0017.165/1","location_source":"powiat grodziski (wielkopolski) (wfs)"}},{"type":"Feature","id":"ST-WK-WI/WNIOSEK/5226/2026::300502_5.0017.165/7","geometry":{"type":"Polygon","coordinates":[[[16.3334393352871,52.2189652304612],[16.3333443403368,52.2187300906752],[16.3329745514178,52.2188484828616],[16.3330713092497,52.2190883039142],[16.3334647860242,52.2190283105544],[16.3334393352871,52.2189652304612]]]},"properties":{"case_id":"ST-WK-WI/WNIOSEK/5226/2026","source_type":"wniosek_decyzja","received_date":"2026-03-16","decision_date":"2026-05-28","status":"decyzja wydana","description":"Budowa dwóch budynków mieszkalnych jednorodzinnych w zabudowie bliźniaczej wraz z niezbędną infrastrukturą techniczną oraz dwóch zbiorników na gaz skroplony","address":"Zdrój","city":"Zdrój","office":"Starosta Powiatu Grodzisk Wielkopolski","case_kind":"Budynek mieszkalny jednorodzinny","parcel_ids":["300502_5.0017.165/7"],"location_quality":"dokładny","gunb_url":"https://wyszukiwarka.gunb.gov.pl/","parcel_count":1,"parcel_shard":"x065-y208","parcel_id":"300502_5.0017.165/7","location_source":"powiat grodziski (wielkopolski) (wfs)"}},{"type":"Feature","id":"ST-WK-WI/WNIOSEK/591/2026::300502_5.0017.189","geometry":{"type":"Polygon","coordinates":[[[16.3232575961063,52.2183967277207],[16.3243657298249,52.218014337633],[16.3237392668862,52.2173209969381],[16.3226329227228,52.2177139673986],[16.3232575961063,52.2183967277207]]]},"properties":{"case_id":"ST-WK-WI/WNIOSEK/591/2026","source_type":"wniosek_decyzja","received_date":"2025-10-06","decision_date":"2025-12-18","status":"decyzja wydana","description":"Budowa budynku mieszkalnego jednorodzinnego według projektu WESTA - wersja podstawowa, wraz z wewnętrznymi instalacjami","address":"Zdrój","city":"Zdrój","office":"Starosta Powiatu Grodzisk Wielkopolski","case_kind":"Budynek mieszkalny jednorodzinny","parcel_ids":["300502_5.0017.189"],"location_quality":"dokładny","gunb_url":"https://wyszukiwarka.gunb.gov.pl/","parcel_count":1,"parcel_shard":"x065-y208","parcel_id":"300502_5.0017.189","location_source":"powiat grodziski (wielkopolski) (wfs)"}},{"type":"Feature","id":"ST-WK-WI/WNIOSEK/856/2026::300502_5.0017.193/19","geometry":{"type":"Polygon","coordinates":[[[16.3291069817978,52.2179599541622],[16.328735640486,52.2180946463591],[16.3289881573082,52.2183571380465],[16.3293593563982,52.2182225365416],[16.3291069817978,52.2179599541622]]]},"properties":{"case_id":"ST-WK-WI/WNIOSEK/856/2026","source_type":"wniosek_decyzja","received_date":"2025-12-03","decision_date":"2026-01-20","status":"decyzja wydana","description":"zmiana pozwolenia na budowę z dnia 20 października 2023r., znak: BS.6740.385.2023, nr 478/2023","address":"Zdrój","city":"Zdrój","office":"Starosta Powiatu Grodzisk Wielkopolski","case_kind":"Obiekt budowlany inny niż budynek mieszkalny jednorodzinny","parcel_ids":["300502_5.0017.193/19"],"location_quality":"dokładny","gunb_url":"https://wyszukiwarka.gunb.gov.pl/","parcel_count":1,"parcel_shard":"x065-y208","parcel_id":"300502_5.0017.193/19","location_source":"powiat grodziski (wielkopolski) (wfs)"}},{"type":"Feature","id":"ST-WK-WI/WNIOSEK/5796/2026::300502_5.0017.193/22","geometry":{"type":"Polygon","coordinates":[[[16.328037399003,52.218347977307],[16.3276882007757,52.218474597141],[16.3279405646697,52.2187370028734],[16.3282897642208,52.2186103822869],[16.328037399003,52.218347977307]]]},"properties":{"case_id":"ST-WK-WI/WNIOSEK/5796/2026","source_type":"wniosek_decyzja","received_date":"2026-02-24","decision_date":"2026-05-08","status":"decyzja wydana","description":"budowa budynku mieszkalnego jednorodzinnego wraz z infrastrukturą","address":"Zdrój","city":"Zdrój","office":"Starosta Powiatu Grodzisk Wielkopolski","case_kind":"Budynek mieszkalny jednorodzinny","parcel_ids":["300502_5.0017.193/22"],"location_quality":"dokładny","gunb_url":"https://wyszukiwarka.gunb.gov.pl/","parcel_count":1,"parcel_shard":"x065-y208","parcel_id":"300502_5.0017.193/22","location_source":"powiat grodziski (wielkopolski) (wfs)"}},{"type":"Feature","id":"ST-WK-WI/WNIOSEK/844/2026::300502_5.0017.198/2","geometry":{"type":"Polygon","coordinates":[[[16.3307782988468,52.2155895032043],[16.331157243513,52.2156725110293],[16.3310576541873,52.2153548132104],[16.3306783812345,52.2152717960132],[16.3307782988468,52.2155895032043]]]},"properties":{"case_id":"ST-WK-WI/WNIOSEK/844/2026","source_type":"wniosek_decyzja","received_date":"2025-12-05","decision_date":"2026-01-20","status":"decyzja wydana","description":"budowa budynku mieszkalnego jednorodzinnego wolnostojącego wraz z niezbędną infrastrukturą techniczną","address":"Zdrój","city":"Zdrój","office":"Starosta Powiatu Grodzisk Wielkopolski","case_kind":"Budynek mieszkalny jednorodzinny","parcel_ids":["300502_5.0017.198/2","300502_5.0017.198/8"],"location_quality":"dokładny","gunb_url":"https://wyszukiwarka.gunb.gov.pl/","parcel_count":2,"parcel_shard":"x065-y208","parcel_id":"300502_5.0017.198/2","location_source":"powiat grodziski (wielkopolski) (wfs)"}},{"type":"Feature","id":"ST-WK-WI/WNIOSEK/844/2026::300502_5.0017.198/8","geometry":{"type":"Polygon","coordinates":[[[16.3309361768543,52.2159023140624],[16.3312568295826,52.2159901936411],[16.3312228131605,52.2158817333925],[16.331157243513,52.2156725110293],[16.3307782988468,52.2155895032043],[16.3308483135872,52.2158120735008],[16.3309167721489,52.2158406033572],[16.3309361768543,52.2159023140624]]]},"properties":{"case_id":"ST-WK-WI/WNIOSEK/844/2026","source_type":"wniosek_decyzja","received_date":"2025-12-05","decision_date":"2026-01-20","status":"decyzja wydana","description":"budowa budynku mieszkalnego jednorodzinnego wolnostojącego wraz z niezbędną infrastrukturą techniczną","address":"Zdrój","city":"Zdrój","office":"Starosta Powiatu Grodzisk Wielkopolski","case_kind":"Budynek mieszkalny jednorodzinny","parcel_ids":["300502_5.0017.198/2","300502_5.0017.198/8"],"location_quality":"dokładny","gunb_url":"https://wyszukiwarka.gunb.gov.pl/","parcel_count":2,"parcel_shard":"x065-y208","parcel_id":"300502_5.0017.198/8","location_source":"powiat grodziski (wielkopolski) (wfs)"}},{"type":"Feature","id":"ST-WK-WI/WNIOSEK/20068/2025::300502_5.0017.203/33","geometry":{"type":"Polygon","coordinates":[[[16.3361903262467,52.2171774370731],[16.3365155146407,52.2171242266134],[16.3364751263569,52.2170303908373],[16.3361498669073,52.2170836128623],[16.3361903262467,52.2171774370731]]]},"properties":{"case_id":"ST-WK-WI/WNIOSEK/20068/2025","source_type":"wniosek_decyzja","received_date":"2025-09-11","decision_date":"2025-10-03","status":"decyzja wydana","description":"Budowa wewnętrznej instalacji gazowej w budynku mieszkalnym jednorodzinnym dwulokalowym","address":"Zdrój","city":"Zdrój","office":"Starosta Powiatu Grodzisk Wielkopolski","case_kind":"Obiekt budowlany inny niż budynek mieszkalny jednorodzinny","parcel_ids":["300502_5.0017.203/33","300502_5.0017.203/34","300502_5.0017.203/35"],"location_quality":"dokładny","gunb_url":"https://wyszukiwarka.gunb.gov.pl/","parcel_count":3,"parcel_shard":"x065-y208","parcel_id":"300502_5.0017.203/33","location_source":"powiat grodziski (wielkopolski) (wfs)"}},{"type":"Feature","id":"ST-WK-WI/WNIOSEK/20068/2025::300502_5.0017.203/34","geometry":{"type":"Polygon","coordinates":[[[16.3361498669073,52.2170836128623],[16.3364751263569,52.2170303908373],[16.3364601454438,52.2169956914128],[16.3361348208436,52.2170487212943],[16.3361498669073,52.2170836128623]]]},"properties":{"case_id":"ST-WK-WI/WNIOSEK/20068/2025","source_type":"wniosek_decyzja","received_date":"2025-09-11","decision_date":"2025-10-03","status":"decyzja wydana","description":"Budowa wewnętrznej instalacji gazowej w budynku mieszkalnym jednorodzinnym dwulokalowym","address":"Zdrój","city":"Zdrój","office":"Starosta Powiatu Grodzisk Wielkopolski","case_kind":"Obiekt budowlany inny niż budynek mieszkalny jednorodzinny","parcel_ids":["300502_5.0017.203/33","300502_5.0017.203/34","300502_5.0017.203/35"],"location_quality":"dokładny","gunb_url":"https://wyszukiwarka.gunb.gov.pl/","parcel_count":3,"parcel_shard":"x065-y208","parcel_id":"300502_5.0017.203/34","location_source":"powiat grodziski (wielkopolski) (wfs)"}},{"type":"Feature","id":"ST-WK-WI/WNIOSEK/20068/2025::300502_5.0017.203/35","geometry":{"type":"Polygon","coordinates":[[[16.3361348208436,52.2170487212943],[16.3364601454438,52.2169956914128],[16.3364346640795,52.2169365671371],[16.336109345268,52.2169897766487],[16.3361348208436,52.2170487212943]]]},"properties":{"case_id":"ST-WK-WI/WNIOSEK/20068/2025","source_type":"wniosek_decyzja","received_date":"2025-09-11","decision_date":"2025-10-03","status":"decyzja wydana","description":"Budowa wewnętrznej instalacji gazowej w budynku mieszkalnym jednorodzinnym dwulokalowym","address":"Zdrój","city":"Zdrój","office":"Starosta Powiatu Grodzisk Wielkopolski","case_kind":"Obiekt budowlany inny niż budynek mieszkalny jednorodzinny","parcel_ids":["300502_5.0017.203/33","300502_5.0017.203/34","300502_5.0017.203/35"],"location_quality":"dokładny","gunb_url":"https://wyszukiwarka.gunb.gov.pl/","parcel_count":3,"parcel_shard":"x065-y208","parcel_id":"300502_5.0017.203/35","location_source":"powiat grodziski (wielkopolski) (wfs)"}},{"type":"Feature","id":"ST-WK-WI/WNIOSEK/21923/2025::300502_5.0017.50","geometry":{"type":"Polygon","coordinates":[[[16.3358069896286,52.2244841085186],[16.3364143320116,52.224494102301],[16.336382815166,52.2240915041838],[16.3363566173786,52.2237602904803],[16.3363203361817,52.2234465759007],[16.3358406313772,52.2234565395665],[16.3358270162561,52.223573622109],[16.3357575985111,52.2236763441171],[16.3358069896286,52.2244841085186]]]},"properties":{"case_id":"ST-WK-WI/WNIOSEK/21923/2025","source_type":"wniosek_decyzja","received_date":"2025-09-02","decision_date":"2025-09-05","status":"decyzja wydana","description":"budowa wewnętrznej instalacji gazowej w budynku mieszkalnym jednorodzinnym w m. Zdrój","address":"Grodzisk Wielkopolski","city":"Grodzisk Wielkopolski","office":"Starosta Powiatu Grodzisk Wielkopolski","case_kind":"Obiekt budowlany inny niż budynek mieszkalny jednorodzinny","parcel_ids":["300502_5.0017.50"],"location_quality":"dokładny","gunb_url":"https://wyszukiwarka.gunb.gov.pl/","parcel_count":1,"parcel_shard":"x065-y208","parcel_id":"300502_5.0017.50","location_source":"powiat grodziski (wielkopolski) (wfs)"}},{"type":"Feature","id":"ST-WK-WI/WNIOSEK/1529/2026::300502_5.0017.6/3","geometry":{"type":"Polygon","coordinates":[[[16.3162348681179,52.2337795505895],[16.3161892102229,52.2337405113028],[16.3096098667568,52.2339369285194],[16.3095680977942,52.2339651657687],[16.3096088095472,52.2344779448195],[16.3096548001218,52.2345035903956],[16.3151174904917,52.2343402019731],[16.3157080454304,52.2344888478411],[16.3157994139243,52.2344647293736],[16.3162348681179,52.2337795505895]]]},"properties":{"case_id":"ST-WK-WI/WNIOSEK/1529/2026","source_type":"wniosek_decyzja","received_date":"2026-01-16","decision_date":"2026-01-27","status":"decyzja wydana","description":"Budowa wewnętrznej instalacji gazowej w budynku mieszkalnym jednorodzinnym w m. Zdrój","address":"Zdrój","city":"Zdrój","office":"Starosta Powiatu Grodzisk Wielkopolski","case_kind":"Obiekt budowlany inny niż budynek mieszkalny jednorodzinny","parcel_ids":["300502_5.0017.6/3"],"location_quality":"dokładny","gunb_url":"https://wyszukiwarka.gunb.gov.pl/","parcel_count":1,"parcel_shard":"x065-y208","parcel_id":"300502_5.0017.6/3","location_source":"powiat grodziski (wielkopolski) (wfs)"}},{"type":"Feature","id":"ST-WK-WI/WNIOSEK/5843/2026::300503_2.0007.16/11","geometry":{"type":"Polygon","coordinates":[[[16.453156550771,52.1604704744348],[16.4538132061036,52.1604567192306],[16.4538019516214,52.1602548858735],[16.4531456968085,52.1602718719678],[16.453156550771,52.1604704744348]]]},"properties":{"case_id":"ST-WK-WI/WNIOSEK/5843/2026","source_type":"wniosek_decyzja","received_date":"2025-12-16","decision_date":"2026-03-30","status":"decyzja wydana","description":"Budowa budynku mieszkalnego jednorodzinnego wraz z wewnętrzną instalacją gazu","address":"Kamieniec","city":"Kamieniec","office":"Starosta Powiatu Grodzisk Wielkopolski","case_kind":"Budynek mieszkalny jednorodzinny","parcel_ids":["300503_2.0007.16/11"],"location_quality":"dokładny","gunb_url":"https://wyszukiwarka.gunb.gov.pl/","parcel_count":1,"parcel_shard":"x065-y208","parcel_id":"300503_2.0007.16/11","location_source":"powiat grodziski (wielkopolski) (wfs)"}},{"type":"Feature","id":"ST-WK-WI/WNIOSEK/18980/2025::300503_2.0007.17/10","geometry":{"type":"Polygon","coordinates":[[[16.4531356212092,52.1600926751062],[16.4531456968085,52.1602718719678],[16.4538019516214,52.1602548858735],[16.4537922709987,52.1600789200627],[16.4531356212092,52.1600926751062]]]},"properties":{"case_id":"ST-WK-WI/WNIOSEK/18980/2025","source_type":"wniosek_decyzja","received_date":"2025-08-26","decision_date":"2025-09-04","status":"decyzja wydana","description":"Zmiana pozwolenia na budowę nr 452/2024 z 03.09.2024r. (BS.6740.388.2024) w zakresie instalacji gazowej","address":"Kamieniec","city":"Kamieniec","office":"Starosta Powiatu Grodzisk Wielkopolski","case_kind":"Obiekt budowlany inny niż budynek mieszkalny jednorodzinny","parcel_ids":["300503_2.0007.17/10"],"location_quality":"dokładny","gunb_url":"https://wyszukiwarka.gunb.gov.pl/","parcel_count":1,"parcel_shard":"x065-y208","parcel_id":"300503_2.0007.17/10","location_source":"powiat grodziski (wielkopolski) (wfs)"}},{"type":"Feature","id":"ST-WK-WI/WNIOSEK/11027/2026::300503_2.0007.400/3","geometry":{"type":"Polygon","coordinates":[[[16.4617763183411,52.1614465269944],[16.4620668437027,52.161455043469],[16.4620928884133,52.1611674514134],[16.4619663321007,52.161163810807],[16.4618009029526,52.1611590222836],[16.4617763183411,52.1614465269944]]]},"properties":{"case_id":"ST-WK-WI/WNIOSEK/11027/2026","source_type":"wniosek_decyzja","received_date":"2026-04-07","decision_date":"2026-05-27","status":"decyzja wydana","description":"BUDOWA BUDYNKU MIESZKALNEGO JEDNORODZINNEGO WOLNOSTOJĄCEGO WRAZ Z NIEZBĘDNĄ INFRASTRUKTURĄ TECHNICZNĄ","address":"Kamieniec","city":"Kamieniec","office":"Starosta Powiatu Grodzisk Wielkopolski","case_kind":"Budynek mieszkalny jednorodzinny","parcel_ids":["300503_2.0007.400/3"],"location_quality":"dokładny","gunb_url":"https://wyszukiwarka.gunb.gov.pl/","parcel_count":1,"parcel_shard":"x065-y208","parcel_id":"300503_2.0007.400/3","location_source":"powiat grodziski (wielkopolski) (wfs)"}},{"type":"Feature","id":"ST-WK-WI/WNIOSEK/11195/2026::300503_2.0008.468/3","geometry":{"type":"Polygon","coordinates":[[[16.4750531467769,52.170784272488],[16.4752471643217,52.170780677529],[16.4752273951374,52.1704835842661],[16.4750328686881,52.1704894326984],[16.4750531467769,52.170784272488]]]},"properties":{"case_id":"ST-WK-WI/WNIOSEK/11195/2026","source_type":"wniosek_decyzja","received_date":"2026-01-27","decision_date":"2026-03-24","status":"decyzja wydana","description":"Budowa wewnętrznej instalacji gazowej w budynku mieszkalnym wielorodzinnym w m. Płastowo","address":"1, Płastowo","city":"Płastowo","office":"Starosta Powiatu Grodzisk Wielkopolski","case_kind":"Obiekt budowlany inny niż budynek mieszkalny jednorodzinny","parcel_ids":["300503_2.0008.468/3"],"location_quality":"dokładny","gunb_url":"https://wyszukiwarka.gunb.gov.pl/","parcel_count":1,"parcel_shard":"x065-y208","parcel_id":"300503_2.0008.468/3","location_source":"powiat grodziski (wielkopolski) (wfs)"}},{"type":"Feature","id":"ST-WK-WI/WNIOSEK/11081/2026::300503_2.0008.468/3","geometry":{"type":"Polygon","coordinates":[[[16.4750531467769,52.170784272488],[16.4752471643217,52.170780677529],[16.4752273951374,52.1704835842661],[16.4750328686881,52.1704894326984],[16.4750531467769,52.170784272488]]]},"properties":{"case_id":"ST-WK-WI/WNIOSEK/11081/2026","source_type":"wniosek_decyzja","received_date":"2026-01-27","decision_date":"2026-03-24","status":"decyzja wydana","description":"Budowa wewnętrznej instalacji gazowej w budynku mieszkalnym wielorodzinnym w m. Płastowo","address":"1, Płastowo","city":"Płastowo","office":"Starosta Powiatu Grodzisk Wielkopolski","case_kind":"Obiekt budowlany inny niż budynek mieszkalny jednorodzinny","parcel_ids":["300503_2.0008.468/3"],"location_quality":"dokładny","gunb_url":"https://wyszukiwarka.gunb.gov.pl/","parcel_count":1,"parcel_shard":"x065-y208","parcel_id":"300503_2.0008.468/3","location_source":"powiat grodziski (wielkopolski) (wfs)"}},{"type":"Feature","id":"ST-WK-WI/WNIOSEK/10254/2026::300503_2.0012.107/3","geometry":{"type":"Polygon","coordinates":[[[16.4082334362125,52.1451239414781],[16.4085276968712,52.1450780014668],[16.4082676261453,52.1445497972382],[16.4080423206529,52.1446696077573],[16.4082334362125,52.1451239414781]]]},"properties":{"case_id":"ST-WK-WI/WNIOSEK/10254/2026","source_type":"wniosek_decyzja","received_date":"2026-04-23","decision_date":"2026-05-15","status":"decyzja wydana","description":"Rozbiórka budynku mieszkalnego","address":"Lubiechowo","city":"Lubiechowo","office":"Starosta Powiatu Grodzisk Wielkopolski","case_kind":"Budynek mieszkalny jednorodzinny","parcel_ids":["300503_2.0012.107/3"],"location_quality":"dokładny","gunb_url":"https://wyszukiwarka.gunb.gov.pl/","parcel_count":1,"parcel_shard":"x065-y208","parcel_id":"300503_2.0012.107/3","location_source":"powiat grodziski (wielkopolski) (wfs)"}},{"type":"Feature","id":"ST-WK-WI/WNIOSEK/26412/2025::300503_2.0012.111/3","geometry":{"type":"Polygon","coordinates":[[[16.4084237223642,52.1444220940412],[16.4084365556769,52.1444445019099],[16.4085214323265,52.1445924276225],[16.408705566443,52.144913364768],[16.4090953220317,52.144828710618],[16.4088663354756,52.1444800860287],[16.4088412568898,52.1444863180496],[16.4084237223642,52.1444220940412]]]},"properties":{"case_id":"ST-WK-WI/WNIOSEK/26412/2025","source_type":"wniosek_decyzja","received_date":"2025-10-31","decision_date":"2025-12-30","status":"decyzja wydana","description":"Zmiana decyzji pozwolenia na budowę nr 779/2021 z dnia 15.11.2021r. w zakresie budowy przydomowej oczyszczalni ścieków","address":"Lubiechowo","city":"Lubiechowo","office":"Starosta Powiatu Grodzisk Wielkopolski","case_kind":"Obiekt budowlany inny niż budynek mieszkalny jednorodzinny","parcel_ids":["300503_2.0012.111/3"],"location_quality":"dokładny","gunb_url":"https://wyszukiwarka.gunb.gov.pl/","parcel_count":1,"parcel_shard":"x065-y208","parcel_id":"300503_2.0012.111/3","location_source":"powiat grodziski (wielkopolski) (wfs)"}},{"type":"Feature","id":"ST-WK-WI/WNIOSEK/11481/2026::300503_2.0012.113/2","geometry":{"type":"Polygon","coordinates":[[[16.4092785802615,52.145107860826],[16.4090687963756,52.1451593549624],[16.4095015489319,52.1459041838346],[16.4097948517004,52.1458462974236],[16.409447969449,52.1453178751608],[16.4094208600124,52.1453245809972],[16.4092785802615,52.145107860826]]]},"properties":{"case_id":"ST-WK-WI/WNIOSEK/11481/2026","source_type":"wniosek_decyzja","received_date":"2026-05-15","decision_date":"2026-06-16","status":"decyzja wydana","description":"budowa budynku mieszkalnego jednorodzinnego w zabudowie wolnostojącej typ DOM W LUCERNIE 5","address":"Lubiechowo","city":"Lubiechowo","office":"Starosta Powiatu Grodzisk Wielkopolski","case_kind":"Budynek mieszkalny jednorodzinny","parcel_ids":["300503_2.0012.113/2"],"location_quality":"dokładny","gunb_url":"https://wyszukiwarka.gunb.gov.pl/","parcel_count":1,"parcel_shard":"x065-y208","parcel_id":"300503_2.0012.113/2","location_source":"powiat grodziski (wielkopolski) (wfs)"}},{"type":"Feature","id":"ST-WK-WI/WNIOSEK/3512/2026::300503_2.0012.348/2","geometry":{"type":"Polygon","coordinates":[[[16.4012010112106,52.1431194127604],[16.4013896664882,52.1434140610014],[16.4023633670106,52.1432503106039],[16.4022292142801,52.1429468362799],[16.4012010112106,52.1431194127604]]]},"properties":{"case_id":"ST-WK-WI/WNIOSEK/3512/2026","source_type":"wniosek_decyzja","received_date":"2025-12-03","decision_date":"2026-02-04","status":"decyzja wydana","description":"Budowa budynku mieszkalnego jednorodzinnego i zbiornika bezodpływowego","address":"Lubiechowo","city":"Lubiechowo","office":"Starosta Powiatu Grodzisk Wielkopolski","case_kind":"Budynek mieszkalny jednorodzinny","parcel_ids":["300503_2.0012.348/2"],"location_quality":"dokładny","gunb_url":"https://wyszukiwarka.gunb.gov.pl/","parcel_count":1,"parcel_shard":"x065-y208","parcel_id":"300503_2.0012.348/2","location_source":"powiat grodziski (wielkopolski) (wfs)"}},{"type":"Feature","id":"ST-WK-WI/WNIOSEK/1843/2026::300503_2.0012.373/4","geometry":{"type":"Polygon","coordinates":[[[16.4033131926335,52.1417231910704],[16.4029161661789,52.1418316423698],[16.404760680693,52.144035775934],[16.4048282487881,52.1440240949426],[16.4047067136708,52.1438854120165],[16.4048326333653,52.143843104242],[16.4049689062675,52.1439997682244],[16.4051024442191,52.1439766946712],[16.4051791676106,52.1439634662413],[16.4033131926335,52.1417231910704]]]},"properties":{"case_id":"ST-WK-WI/WNIOSEK/1843/2026","source_type":"wniosek_decyzja","received_date":"2025-10-28","decision_date":"2026-02-03","status":"decyzja wydana","description":"Budowa magazynu płodów rolnych","address":"Lubiechowo","city":"Lubiechowo","office":"Starosta Powiatu Grodzisk Wielkopolski","case_kind":"Obiekt budowlany inny niż budynek mieszkalny jednorodzinny","parcel_ids":["300503_2.0012.373/4"],"location_quality":"dokładny","gunb_url":"https://wyszukiwarka.gunb.gov.pl/","parcel_count":1,"parcel_shard":"x065-y208","parcel_id":"300503_2.0012.373/4","location_source":"powiat grodziski (wielkopolski) (wfs)"}},{"type":"Feature","id":"ST-WK-WI/WNIOSEK/12540/2026::300503_2.0012.70","geometry":{"type":"Polygon","coordinates":[[[16.4070972489583,52.1464323867899],[16.406737708606,52.1465074156591],[16.4070879490745,52.1469159889679],[16.4085792179588,52.1486549878423],[16.4087157513878,52.1485968193568],[16.4088521355857,52.1485385626148],[16.4070972489583,52.1464323867899]]]},"properties":{"case_id":"ST-WK-WI/WNIOSEK/12540/2026","source_type":"wniosek_decyzja","received_date":"2026-04-01","decision_date":"2026-04-29","status":"decyzja wydana","description":"Zmiana pozwolenia na budowę nr 327/2025 z dnia 07.08.2025r. (BS.6740.254.2025) w zakresie budowy zewnętrznej i wewnętrznej instalacji gazowej w budynku rozbudowanej i przebudowanej obory w trakcie realizacji","address":"Lubiechowo","city":"Lubiechowo","office":"Starosta Powiatu Grodzisk Wielkopolski","case_kind":"Obiekt budowlany inny niż budynek mieszkalny jednorodzinny","parcel_ids":["300503_2.0012.70","300503_2.0012.72","300503_2.0012.74","300503_2.0012.75","300503_2.0012.76"],"location_quality":"dokładny","gunb_url":"https://wyszukiwarka.gunb.gov.pl/","parcel_count":5,"parcel_shard":"x065-y208","parcel_id":"300503_2.0012.70","location_source":"powiat grodziski (wielkopolski) (wfs)"}},{"type":"Feature","id":"ST-WK-WI/WNIOSEK/12540/2026::300503_2.0012.72","geometry":{"type":"Polygon","coordinates":[[[16.4077673925177,52.146908059915],[16.4073198111873,52.1463873952005],[16.4070972489583,52.1464323867899],[16.4088521355857,52.1485385626148],[16.4105074230483,52.1504146297132],[16.4108633152314,52.150509965132],[16.4103555883282,52.1499193818542],[16.4101837198236,52.1497194656386],[16.4094577264213,52.148874776835],[16.4092217000864,52.1486001226218],[16.4088274733397,52.148141475848],[16.4077673925177,52.146908059915]]]},"properties":{"case_id":"ST-WK-WI/WNIOSEK/12540/2026","source_type":"wniosek_decyzja","received_date":"2026-04-01","decision_date":"2026-04-29","status":"decyzja wydana","description":"Zmiana pozwolenia na budowę nr 327/2025 z dnia 07.08.2025r. (BS.6740.254.2025) w zakresie budowy zewnętrznej i wewnętrznej instalacji gazowej w budynku rozbudowanej i przebudowanej obory w trakcie realizacji","address":"Lubiechowo","city":"Lubiechowo","office":"Starosta Powiatu Grodzisk Wielkopolski","case_kind":"Obiekt budowlany inny niż budynek mieszkalny jednorodzinny","parcel_ids":["300503_2.0012.70","300503_2.0012.72","300503_2.0012.74","300503_2.0012.75","300503_2.0012.76"],"location_quality":"dokładny","gunb_url":"https://wyszukiwarka.gunb.gov.pl/","parcel_count":5,"parcel_shard":"x065-y208","parcel_id":"300503_2.0012.72","location_source":"powiat grodziski (wielkopolski) (wfs)"}},{"type":"Feature","id":"ST-WK-WI/WNIOSEK/12540/2026::300503_2.0012.74","geometry":{"type":"Polygon","coordinates":[[[16.4100337225635,52.1489630795737],[16.4092182545722,52.1480143835069],[16.4088274733397,52.148141475848],[16.4092217000864,52.1486001226218],[16.4094577264213,52.148874776835],[16.4101837198236,52.1497194656386],[16.4103555883282,52.1499193818542],[16.4108633152314,52.150509965132],[16.4112133122464,52.150626762637],[16.4113158151698,52.1505458979543],[16.411372388748,52.1505189745218],[16.4100337225635,52.1489630795737]]]},"properties":{"case_id":"ST-WK-WI/WNIOSEK/12540/2026","source_type":"wniosek_decyzja","received_date":"2026-04-01","decision_date":"2026-04-29","status":"decyzja wydana","description":"Zmiana pozwolenia na budowę nr 327/2025 z dnia 07.08.2025r. (BS.6740.254.2025) w zakresie budowy zewnętrznej i wewnętrznej instalacji gazowej w budynku rozbudowanej i przebudowanej obory w trakcie realizacji","address":"Lubiechowo","city":"Lubiechowo","office":"Starosta Powiatu Grodzisk Wielkopolski","case_kind":"Obiekt budowlany inny niż budynek mieszkalny jednorodzinny","parcel_ids":["300503_2.0012.70","300503_2.0012.72","300503_2.0012.74","300503_2.0012.75","300503_2.0012.76"],"location_quality":"dokładny","gunb_url":"https://wyszukiwarka.gunb.gov.pl/","parcel_count":5,"parcel_shard":"x065-y208","parcel_id":"300503_2.0012.74","location_source":"powiat grodziski (wielkopolski) (wfs)"}},{"type":"Feature","id":"ST-WK-WI/WNIOSEK/12540/2026::300503_2.0012.75","geometry":{"type":"Polygon","coordinates":[[[16.4079860173945,52.1465158884424],[16.4078868788809,52.1464068730596],[16.4077005736228,52.1464386692642],[16.4076085811355,52.1463292088232],[16.4073719318784,52.1463768858559],[16.4088500141531,52.1480964438629],[16.4091939975693,52.1479865393777],[16.4092273776143,52.1479701409786],[16.4087323886562,52.1473880274517],[16.4083971415638,52.1469968074725],[16.4079860173945,52.1465158884424]]]},"properties":{"case_id":"ST-WK-WI/WNIOSEK/12540/2026","source_type":"wniosek_decyzja","received_date":"2026-04-01","decision_date":"2026-04-29","status":"decyzja wydana","description":"Zmiana pozwolenia na budowę nr 327/2025 z dnia 07.08.2025r. (BS.6740.254.2025) w zakresie budowy zewnętrznej i wewnętrznej instalacji gazowej w budynku rozbudowanej i przebudowanej obory w trakcie realizacji","address":"Lubiechowo","city":"Lubiechowo","office":"Starosta Powiatu Grodzisk Wielkopolski","case_kind":"Obiekt budowlany inny niż budynek mieszkalny jednorodzinny","parcel_ids":["300503_2.0012.70","300503_2.0012.72","300503_2.0012.74","300503_2.0012.75","300503_2.0012.76"],"location_quality":"dokładny","gunb_url":"https://wyszukiwarka.gunb.gov.pl/","parcel_count":5,"parcel_shard":"x065-y208","parcel_id":"300503_2.0012.75","location_source":"powiat grodziski (wielkopolski) (wfs)"}},{"type":"Feature","id":"ST-WK-WI/WNIOSEK/12540/2026::300503_2.0012.76","geometry":{"type":"Polygon","coordinates":[[[16.4103908869122,52.1487985437397],[16.4095844742533,52.1478545057795],[16.4092273776143,52.1479701409786],[16.4091939975693,52.1479865393777],[16.4088500141531,52.1480964438629],[16.4073719318784,52.1463768858559],[16.4073198111873,52.1463873952005],[16.4077673925177,52.146908059915],[16.4088274733397,52.148141475848],[16.4092182545722,52.1480143835069],[16.4100337225635,52.1489630795737],[16.411372388748,52.1505189745218],[16.4115288615749,52.150444384885],[16.4117419191733,52.1503755894135],[16.4103908869122,52.1487985437397]]]},"properties":{"case_id":"ST-WK-WI/WNIOSEK/12540/2026","source_type":"wniosek_decyzja","received_date":"2026-04-01","decision_date":"2026-04-29","status":"decyzja wydana","description":"Zmiana pozwolenia na budowę nr 327/2025 z dnia 07.08.2025r. (BS.6740.254.2025) w zakresie budowy zewnętrznej i wewnętrznej instalacji gazowej w budynku rozbudowanej i przebudowanej obory w trakcie realizacji","address":"Lubiechowo","city":"Lubiechowo","office":"Starosta Powiatu Grodzisk Wielkopolski","case_kind":"Obiekt budowlany inny niż budynek mieszkalny jednorodzinny","parcel_ids":["300503_2.0012.70","300503_2.0012.72","300503_2.0012.74","300503_2.0012.75","300503_2.0012.76"],"location_quality":"dokładny","gunb_url":"https://wyszukiwarka.gunb.gov.pl/","parcel_count":5,"parcel_shard":"x065-y208","parcel_id":"300503_2.0012.76","location_source":"powiat grodziski (wielkopolski) (wfs)"}},{"type":"Feature","id":"ST-WK-WI/WNIOSEK/5840/2026::300503_2.0012.92/3","geometry":{"type":"Polygon","coordinates":[[[16.4043172240925,52.1457199289725],[16.4042173311805,52.1455076417139],[16.4040998845093,52.1455733078883],[16.4040336640095,52.1456093312161],[16.4036742940136,52.1458058731744],[16.4036537517271,52.1458216677795],[16.4036387224905,52.1458318806458],[16.4038366156092,52.1462831879171],[16.4046177529457,52.1467756295807],[16.4046465679472,52.1467792556211],[16.4046772559459,52.1467794294115],[16.4047451916922,52.146775475414],[16.4046336287195,52.1465027438969],[16.4045942908907,52.1463994852097],[16.4043172240925,52.1457199289725]]]},"properties":{"case_id":"ST-WK-WI/WNIOSEK/5840/2026","source_type":"wniosek_decyzja","received_date":"2026-02-10","decision_date":"2026-03-30","status":"decyzja wydana","description":"Rozbiórka budynku gospodarczego, garażowego, stodoły, części wiaty","address":"Lubiechowo","city":"Lubiechowo","office":"Starosta Powiatu Grodzisk Wielkopolski","case_kind":"Obiekt budowlany inny niż budynek mieszkalny jednorodzinny","parcel_ids":["300503_2.0012.92/3"],"location_quality":"dokładny","gunb_url":"https://wyszukiwarka.gunb.gov.pl/","parcel_count":1,"parcel_shard":"x065-y208","parcel_id":"300503_2.0012.92/3","location_source":"powiat grodziski (wielkopolski) (wfs)"}},{"type":"Feature","id":"ST-WK-WI/WNIOSEK/1077/2026::300503_2.0015.1/1","geometry":{"type":"Polygon","coordinates":[[[16.4356155306082,52.1437359166451],[16.4350582522429,52.1436658477086],[16.4349902817887,52.1442282780106],[16.4352421140223,52.1442587404898],[16.4352853290006,52.1440896796409],[16.43548129774,52.1441094060916],[16.4355428578422,52.1441155778863],[16.4356155306082,52.1437359166451]]]},"properties":{"case_id":"ST-WK-WI/WNIOSEK/1077/2026","source_type":"wniosek_decyzja","received_date":"2025-09-15","decision_date":"2025-11-12","status":"decyzja wydana","description":"Rozbudowa budynku mieszkalnego","address":"Parzęczewo","city":"Parzęczewo","office":"Starosta Powiatu Grodzisk Wielkopolski","case_kind":"Budynek mieszkalny jednorodzinny","parcel_ids":["300503_2.0015.1/1"],"location_quality":"dokładny","gunb_url":"https://wyszukiwarka.gunb.gov.pl/","parcel_count":1,"parcel_shard":"x065-y208","parcel_id":"300503_2.0015.1/1","location_source":"powiat grodziski (wielkopolski) (wfs)"}},{"type":"Feature","id":"ST-WK-WI/WNIOSEK/1165/2026::300503_2.0015.134","geometry":{"type":"Polygon","coordinates":[[[16.4311339072462,52.1385159228421],[16.430397840667,52.1390549973296],[16.4303727187824,52.1390733690134],[16.4349860267761,52.141605477192],[16.4349766971374,52.1414788524414],[16.4349241859414,52.1411905101639],[16.434876882744,52.1410232698917],[16.4347824105079,52.1408201999637],[16.4345314835928,52.1403944998431],[16.4311339072462,52.1385159228421]]]},"properties":{"case_id":"ST-WK-WI/WNIOSEK/1165/2026","source_type":"wniosek_decyzja","received_date":"2025-10-14","decision_date":"2026-01-22","status":"decyzja wydana","description":"Zmiana decyzji pozwolenia na budowę z dnia 08.08.2021r. nr 507/2021, znak AB.6740.419.2021","address":"Parzęczewo","city":"Parzęczewo","office":"Starosta Powiatu Grodzisk Wielkopolski","case_kind":"Obiekt budowlany inny niż budynek mieszkalny jednorodzinny","parcel_ids":["300503_2.0015.134","300503_2.0015.135"],"location_quality":"dokładny","gunb_url":"https://wyszukiwarka.gunb.gov.pl/","parcel_count":2,"parcel_shard":"x065-y208","parcel_id":"300503_2.0015.134","location_source":"powiat grodziski (wielkopolski) (wfs)"}},{"type":"Feature","id":"ST-WK-WI/WNIOSEK/1165/2026::300503_2.0015.135","geometry":{"type":"Polygon","coordinates":[[[16.4333490447396,52.1382010253292],[16.432834763497,52.1372699511732],[16.4326052657244,52.1374380387419],[16.4318696640317,52.1379768473814],[16.4311339072462,52.1385159228421],[16.4345314835928,52.1403944998431],[16.4341213728118,52.1396336652808],[16.4333490447396,52.1382010253292]]]},"properties":{"case_id":"ST-WK-WI/WNIOSEK/1165/2026","source_type":"wniosek_decyzja","received_date":"2025-10-14","decision_date":"2026-01-22","status":"decyzja wydana","description":"Zmiana decyzji pozwolenia na budowę z dnia 08.08.2021r. nr 507/2021, znak AB.6740.419.2021","address":"Parzęczewo","city":"Parzęczewo","office":"Starosta Powiatu Grodzisk Wielkopolski","case_kind":"Obiekt budowlany inny niż budynek mieszkalny jednorodzinny","parcel_ids":["300503_2.0015.134","300503_2.0015.135"],"location_quality":"dokładny","gunb_url":"https://wyszukiwarka.gunb.gov.pl/","parcel_count":2,"parcel_shard":"x065-y208","parcel_id":"300503_2.0015.135","location_source":"powiat grodziski (wielkopolski) (wfs)"}},{"type":"Feature","id":"ST-WK-WI/WNIOSEK/24159/2025::300503_2.0015.171/3","geometry":{"type":"Polygon","coordinates":[[[16.4228718338524,52.1414616718606],[16.42195508643,52.1410937739441],[16.4219783008855,52.1412217601718],[16.4221125883413,52.1419656484585],[16.4229312678488,52.1420429612781],[16.4228718338524,52.1414616718606]]]},"properties":{"case_id":"ST-WK-WI/WNIOSEK/24159/2025","source_type":"wniosek_decyzja","received_date":"2025-09-04","decision_date":"2025-11-28","status":"decyzja wydana","description":"Budowa warsztatu samochodowego","address":"Parzęczewo","city":"Parzęczewo","office":"Starosta Powiatu Grodzisk Wielkopolski","case_kind":"Obiekt budowlany inny niż budynek mieszkalny jednorodzinny","parcel_ids":["300503_2.0015.171/3","300503_2.0015.174/3","300503_2.0015.175/3"],"location_quality":"dokładny","gunb_url":"https://wyszukiwarka.gunb.gov.pl/","parcel_count":3,"parcel_shard":"x065-y208","parcel_id":"300503_2.0015.171/3","location_source":"powiat grodziski (wielkopolski) (wfs)"}},{"type":"Feature","id":"ST-WK-WI/WNIOSEK/24159/2025::300503_2.0015.174/3","geometry":{"type":"Polygon","coordinates":[[[16.4214694572074,52.1419049101259],[16.4221125883413,52.1419656484585],[16.4219783008855,52.1412217601718],[16.4219333371541,52.1412089993576],[16.4219477229037,52.1413900344153],[16.4214033103572,52.1413324198275],[16.4214694572074,52.1419049101259]]]},"properties":{"case_id":"ST-WK-WI/WNIOSEK/24159/2025","source_type":"wniosek_decyzja","received_date":"2025-09-04","decision_date":"2025-11-28","status":"decyzja wydana","description":"Budowa warsztatu samochodowego","address":"Parzęczewo","city":"Parzęczewo","office":"Starosta Powiatu Grodzisk Wielkopolski","case_kind":"Obiekt budowlany inny niż budynek mieszkalny jednorodzinny","parcel_ids":["300503_2.0015.171/3","300503_2.0015.174/3","300503_2.0015.175/3"],"location_quality":"dokładny","gunb_url":"https://wyszukiwarka.gunb.gov.pl/","parcel_count":3,"parcel_shard":"x065-y208","parcel_id":"300503_2.0015.174/3","location_source":"powiat grodziski (wielkopolski) (wfs)"}},{"type":"Feature","id":"ST-WK-WI/WNIOSEK/24159/2025::300503_2.0015.175/3","geometry":{"type":"Polygon","coordinates":[[[16.4214033103572,52.1413324198275],[16.4211369659679,52.1413041701393],[16.4209482410856,52.1418556427761],[16.4214694572074,52.1419049101259],[16.4214033103572,52.1413324198275]]]},"properties":{"case_id":"ST-WK-WI/WNIOSEK/24159/2025","source_type":"wniosek_decyzja","received_date":"2025-09-04","decision_date":"2025-11-28","status":"decyzja wydana","description":"Budowa warsztatu samochodowego","address":"Parzęczewo","city":"Parzęczewo","office":"Starosta Powiatu Grodzisk Wielkopolski","case_kind":"Obiekt budowlany inny niż budynek mieszkalny jednorodzinny","parcel_ids":["300503_2.0015.171/3","300503_2.0015.174/3","300503_2.0015.175/3"],"location_quality":"dokładny","gunb_url":"https://wyszukiwarka.gunb.gov.pl/","parcel_count":3,"parcel_shard":"x065-y208","parcel_id":"300503_2.0015.175/3","location_source":"powiat grodziski (wielkopolski) (wfs)"}},{"type":"Feature","id":"ST-WK-WI/WNIOSEK/19948/2025::300503_2.0015.329/6","geometry":{"type":"Polygon","coordinates":[[[16.4328500934599,52.1484979624388],[16.4321425039689,52.1483853024227],[16.4320534194042,52.1486189171814],[16.4327619944306,52.1487303073781],[16.4328500934599,52.1484979624388]]]},"properties":{"case_id":"ST-WK-WI/WNIOSEK/19948/2025","source_type":"wniosek_decyzja","received_date":"2025-09-03","decision_date":"2025-10-02","status":"decyzja wydana","description":"Budowa instalacji gazowej wewnętrznej i zewnętrznej do budynku mieszkalnego jednorodzinnego dwulokalowego","address":"76, Parzęczewo","city":"Parzęczewo","office":"Starosta Powiatu Grodzisk Wielkopolski","case_kind":"Obiekt budowlany inny niż budynek mieszkalny jednorodzinny","parcel_ids":["300503_2.0015.329/6"],"location_quality":"dokładny","gunb_url":"https://wyszukiwarka.gunb.gov.pl/","parcel_count":1,"parcel_shard":"x065-y208","parcel_id":"300503_2.0015.329/6","location_source":"powiat grodziski (wielkopolski) (wfs)"}},{"type":"Feature","id":"ST-WK-WI/WNIOSEK/11041/2026::300503_2.0015.332/6","geometry":{"type":"Polygon","coordinates":[[[16.4321012595473,52.1509931020907],[16.4328134614199,52.1510933922031],[16.4329125782693,52.1508308918281],[16.4322002314414,52.1507305142006],[16.4321012595473,52.1509931020907]]]},"properties":{"case_id":"ST-WK-WI/WNIOSEK/11041/2026","source_type":"wniosek_decyzja","received_date":"2026-03-17","decision_date":"2026-05-12","status":"decyzja wydana","description":"BUDOWA BUDYNKU MIESZKALEGO JEDNORODZINNEGO ORAZ PRZYDOMOWEJ OCZYSZCZALNI ŚCIEKÓWW WRAZ Z WEWNĘTRZNĄ INSTALACJĄ GAZOWĄ I INFRASTRUKTURĄ TOWARZYSZĄCĄ","address":"Parzęczewo","city":"Parzęczewo","office":"Starosta Powiatu Grodzisk Wielkopolski","case_kind":"Budynek mieszkalny jednorodzinny","parcel_ids":["300503_2.0015.332/6"],"location_quality":"dokładny","gunb_url":"https://wyszukiwarka.gunb.gov.pl/","parcel_count":1,"parcel_shard":"x065-y208","parcel_id":"300503_2.0015.332/6","location_source":"powiat grodziski (wielkopolski) (wfs)"}},{"type":"Feature","id":"ST-WK-WI/WNIOSEK/4776/2026::300503_2.0015.4/1","geometry":{"type":"Polygon","coordinates":[[[16.4400060407294,52.1432325088246],[16.4397209126632,52.1431978788855],[16.4392344168034,52.1431934806322],[16.4392099923856,52.143682035771],[16.4402805473901,52.1435537323519],[16.440384777561,52.1434968202651],[16.4404834759563,52.1434133696004],[16.4400060407294,52.1432325088246]]]},"properties":{"case_id":"ST-WK-WI/WNIOSEK/4776/2026","source_type":"wniosek_decyzja","received_date":"2026-02-09","decision_date":"2026-03-27","status":"decyzja wydana","description":"Zmiana decyzji nr 629/2024 z dnia 21.11.2024 (BS.6740.578.2024)","address":"Parzęczewo","city":"Parzęczewo","office":"Starosta Powiatu Grodzisk Wielkopolski","case_kind":"Obiekt budowlany inny niż budynek mieszkalny jednorodzinny","parcel_ids":["300503_2.0015.4/1"],"location_quality":"dokładny","gunb_url":"https://wyszukiwarka.gunb.gov.pl/","parcel_count":1,"parcel_shard":"x065-y208","parcel_id":"300503_2.0015.4/1","location_source":"powiat grodziski (wielkopolski) (wfs)"}},{"type":"Feature","id":"ST-WK-WI/WNIOSEK/7165/2026::300503_2.0020.220","geometry":{"type":"Polygon","coordinates":[[[16.4154088210666,52.1988264676974],[16.4153892004447,52.1982319386982],[16.4145672819051,52.1983243097454],[16.4115864716764,52.1981446477992],[16.4117614344711,52.199331453452],[16.4117656537097,52.1993630422206],[16.4126009599936,52.1991339064651],[16.4145522157793,52.1992548825966],[16.415845164153,52.1993970310398],[16.4159484121851,52.1994238358959],[16.4159596943126,52.1994014091916],[16.4161067482598,52.1991082393988],[16.4161756702556,52.1989709677878],[16.4160114459518,52.1989402209859],[16.4154088210666,52.1988264676974]]]},"properties":{"case_id":"ST-WK-WI/WNIOSEK/7165/2026","source_type":"wniosek_decyzja","received_date":"2026-02-19","decision_date":"2026-04-16","status":"decyzja wydana","description":"Rozbiórka budynku inwentarskiego - obory oraz budynku zaplecza udojowo-socjalno-gospodarczego","address":"Ujazd","city":"Ujazd","office":"Starosta Powiatu Grodzisk Wielkopolski","case_kind":"Obiekt budowlany inny niż budynek mieszkalny jednorodzinny","parcel_ids":["300503_2.0020.220"],"location_quality":"dokładny","gunb_url":"https://wyszukiwarka.gunb.gov.pl/","parcel_count":1,"parcel_shard":"x065-y208","parcel_id":"300503_2.0020.220","location_source":"powiat grodziski (wielkopolski) (wfs)"}},{"type":"Feature","id":"ST-WK-WI/WNIOSEK/806/2026::300503_2.0020.45/2","geometry":{"type":"Polygon","coordinates":[[[16.4163916545734,52.197491935447],[16.4159481559032,52.1974920455533],[16.4160483106678,52.198061339254],[16.4163519966669,52.1980434922745],[16.4163916545734,52.197491935447]]]},"properties":{"case_id":"ST-WK-WI/WNIOSEK/806/2026","source_type":"wniosek_decyzja","received_date":"2025-12-04","decision_date":"2026-01-15","status":"decyzja wydana","description":"Budowa instalacji gazowej wewnętrznej do lokalu mieszkalnego w budynku mieszkalnym wielorodzinnym","address":"3, Ujazd","city":"Ujazd","office":"Starosta Powiatu Grodzisk Wielkopolski","case_kind":"Obiekt budowlany inny niż budynek mieszkalny jednorodzinny","parcel_ids":["300503_2.0020.45/2"],"location_quality":"dokładny","gunb_url":"https://wyszukiwarka.gunb.gov.pl/","parcel_count":1,"parcel_shard":"x065-y208","parcel_id":"300503_2.0020.45/2","location_source":"powiat grodziski (wielkopolski) (wfs)"}},{"type":"Feature","id":"ST-WK-WI/WNIOSEK/17907/2025::300503_2.0021.186/18","geometry":{"type":"Polygon","coordinates":[[[16.4310195601935,52.1546988025315],[16.4310188125121,52.1546982722889],[16.4307781099456,52.1545518036821],[16.4307742341668,52.1545494238074],[16.4307008080392,52.154743297824],[16.4308728733512,52.1548364885359],[16.430987565919,52.1549041287066],[16.430982270552,52.1549076085962],[16.4310050814769,52.1549217134268],[16.4310395256446,52.1549431375589],[16.4310692046563,52.154925339727],[16.4312135745306,52.1548338825221],[16.4311277711885,52.1547830600612],[16.4311442472851,52.1547727930013],[16.4310195601935,52.1546988025315]]]},"properties":{"case_id":"ST-WK-WI/WNIOSEK/17907/2025","source_type":"wniosek_decyzja","received_date":"2025-08-26","decision_date":"2025-09-03","status":"decyzja wydana","description":"Budowa instalacji gazowej wewnętrznej w budynku mieszkalnym jednorodzinnym","address":"7, Wąbiewo","city":"Wąbiewo","office":"Starosta Powiatu Grodzisk Wielkopolski","case_kind":"Obiekt budowlany inny niż budynek mieszkalny jednorodzinny","parcel_ids":["300503_2.0021.186/18"],"location_quality":"dokładny","gunb_url":"https://wyszukiwarka.gunb.gov.pl/","parcel_count":1,"parcel_shard":"x065-y208","parcel_id":"300503_2.0021.186/18","location_source":"powiat grodziski (wielkopolski) (wfs)"}},{"type":"Feature","id":"ST-WK-WI/WNIOSEK/1106/2026::300503_2.0021.78/2","geometry":{"type":"Polygon","coordinates":[[[16.4215924475435,52.1569130643564],[16.4230619981412,52.1559770769409],[16.4234209723685,52.1557499200661],[16.4234271305873,52.1557459806931],[16.4233551836236,52.1557124230666],[16.4229575612522,52.1559741124488],[16.422783786275,52.1558727513477],[16.4161922969105,52.1600911047168],[16.4164442370434,52.1602192213017],[16.4215924475435,52.1569130643564]]]},"properties":{"case_id":"ST-WK-WI/WNIOSEK/1106/2026","source_type":"wniosek_decyzja","received_date":"2025-09-01","decision_date":"2025-11-20","status":"decyzja wydana","description":"Budowa hali namiotowej","address":"Wąbiewo","city":"Wąbiewo","office":"Starosta Powiatu Grodzisk Wielkopolski","case_kind":"Obiekt budowlany inny niż budynek mieszkalny jednorodzinny","parcel_ids":["300503_2.0021.78/2"],"location_quality":"dokładny","gunb_url":"https://wyszukiwarka.gunb.gov.pl/","parcel_count":1,"parcel_shard":"x065-y208","parcel_id":"300503_2.0021.78/2","location_source":"powiat grodziski (wielkopolski) (wfs)"}},{"type":"Feature","id":"ST-WK-WI/WNIOSEK/1113/2026::300503_2.0021.81/1","geometry":{"type":"Polygon","coordinates":[[[16.4230619981412,52.1559770769409],[16.423312055735,52.1561287514905],[16.4236965992923,52.1558831284484],[16.4234271305873,52.1557459806931],[16.4234209723685,52.1557499200661],[16.4230619981412,52.1559770769409]]]},"properties":{"case_id":"ST-WK-WI/WNIOSEK/1113/2026","source_type":"wniosek_decyzja","received_date":"2025-10-10","decision_date":"2025-10-30","status":"decyzja wydana","description":"Zmiana decyzji AB.6740.467.2019 (nr 555/2019) w zakresie wewnętrznej instalacji gazowej","address":"Wąbiewo","city":"Wąbiewo","office":"Starosta Powiatu Grodzisk Wielkopolski","case_kind":"Budynek mieszkalny jednorodzinny","parcel_ids":["300503_2.0021.81/1"],"location_quality":"dokładny","gunb_url":"https://wyszukiwarka.gunb.gov.pl/","parcel_count":1,"parcel_shard":"x065-y208","parcel_id":"300503_2.0021.81/1","location_source":"powiat grodziski (wielkopolski) (wfs)"}},{"type":"Feature","id":"ST-WK-WI/ZGŁOSZENIE/1424/2026::300504_4.0001.1043","geometry":{"type":"Polygon","coordinates":[[[16.2831285803849,52.1508574307797],[16.2831828646491,52.1508404555828],[16.2831346889396,52.1506830014265],[16.2830941353773,52.1505504557659],[16.2831523905669,52.1504979886516],[16.283378526787,52.150471804715],[16.2833514904648,52.1503835008838],[16.2831253546361,52.1504096847828],[16.2830400637922,52.1503738479995],[16.2829995104198,52.1502413921514],[16.2829455861931,52.1500646947335],[16.282905033438,52.1499322388476],[16.2829632881448,52.1498797717987],[16.2831894215521,52.149853588123],[16.2831806499823,52.1498248130032],[16.2831580006956,52.1497658153683],[16.2829340603708,52.1497917334361],[16.2828462912172,52.1497550831073],[16.2828024786323,52.1496321475467],[16.2827429559683,52.149465415416],[16.2826991439827,52.1493424798299],[16.2827549195348,52.1492890196776],[16.2829854570611,52.1492579015176],[16.2829578380355,52.1491695965232],[16.282723646484,52.1492011572416],[16.2826365972339,52.1491669346594],[16.2825927858778,52.149043999056],[16.2825332648484,52.1488772668837],[16.2825019921079,52.1487894942808],[16.2824922715946,52.1487158714646],[16.2827555576873,52.1485594435451],[16.2827668130088,52.1485581163108],[16.2827391948999,52.1484698113151],[16.2826851096785,52.1484764515188],[16.2824014582658,52.1486449741992],[16.2823883303697,52.1486428002259],[16.2827495129304,52.1496186585944],[16.2831285803849,52.1508574307797]]]},"properties":{"case_id":"ST-WK-WI/ZGŁOSZENIE/1424/2026","source_type":"zgloszenie","received_date":"2026-04-10","decision_date":null,"status":"Brak sprzeciwu","description":"Budowa sieci wodociągowej orz sieci kanalizacji sanitarnej","address":"Rakoniewice","city":"Rakoniewice","office":"Starosta Powiatu Grodzisk Wielkopolski","case_kind":"budowa nowego/nowych obiektów budowlanych","parcel_ids":["300504_4.0001.1043","300504_4.0001.1052","300504_4.0001.1053","300504_4.0001.1102","300504_4.0001.27/5","300504_4.0001.27/6","300504_4.0001.32/33","300504_4.0001.33/46","300504_4.0001.35/10","300504_4.0001.35/24","300504_5.0015.259/16","300504_5.0015.259/21","300504_5.0015.259/31"],"location_quality":"dokładny","gunb_url":"https://wyszukiwarka.gunb.gov.pl/","parcel_count":11,"parcel_shard":"x065-y208","parcel_id":"300504_4.0001.1043","location_source":"powiat grodziski (wielkopolski) (wfs)"}},{"type":"Feature","id":"ST-WK-WI/ZGŁOSZENIE/1424/2026::300504_4.0001.1052","geometry":{"type":"Polygon","coordinates":[[[16.2830426236766,52.1508681462252],[16.2831285803849,52.1508574307797],[16.2827495129304,52.1496186585944],[16.2823883303697,52.1486428002259],[16.2823191305793,52.1486313407767],[16.2822227197373,52.1485699593938],[16.282075482535,52.1484762197099],[16.2819232947971,52.1483792353057],[16.2818217878319,52.148314608826],[16.281771565395,52.1481888751306],[16.2816024985256,52.1483726839548],[16.2817167368189,52.1483769641054],[16.2819602366361,52.1485321753796],[16.282213933056,52.1486937860563],[16.2823771852415,52.1488587335796],[16.2824581774608,52.1490859891806],[16.2825453668323,52.1493307811984],[16.282619732812,52.1495391514346],[16.2827036108769,52.149774320994],[16.2827614887641,52.1499488689191],[16.2828181449236,52.1501343788807],[16.2828722152971,52.1503109867464],[16.2829262861628,52.1504875945725],[16.2829829438479,52.1506731044373],[16.2830370156885,52.1508497121826],[16.2830426236766,52.1508681462252]]]},"properties":{"case_id":"ST-WK-WI/ZGŁOSZENIE/1424/2026","source_type":"zgloszenie","received_date":"2026-04-10","decision_date":null,"status":"Brak sprzeciwu","description":"Budowa sieci wodociągowej orz sieci kanalizacji sanitarnej","address":"Rakoniewice","city":"Rakoniewice","office":"Starosta Powiatu Grodzisk Wielkopolski","case_kind":"budowa nowego/nowych obiektów budowlanych","parcel_ids":["300504_4.0001.1043","300504_4.0001.1052","300504_4.0001.1053","300504_4.0001.1102","300504_4.0001.27/5","300504_4.0001.27/6","300504_4.0001.32/33","300504_4.0001.33/46","300504_4.0001.35/10","300504_4.0001.35/24","300504_5.0015.259/16","300504_5.0015.259/21","300504_5.0015.259/31"],"location_quality":"dokładny","gunb_url":"https://wyszukiwarka.gunb.gov.pl/","parcel_count":11,"parcel_shard":"x065-y208","parcel_id":"300504_4.0001.1052","location_source":"powiat grodziski (wielkopolski) (wfs)"}},{"type":"Feature","id":"ST-WK-WI/ZGŁOSZENIE/1424/2026::300504_4.0001.1053","geometry":{"type":"Polygon","coordinates":[[[16.2821112866041,52.1497673635941],[16.2822393048318,52.1496918176888],[16.282527235366,52.1495218625468],[16.282619732812,52.1495391514346],[16.2825453668323,52.1493307811984],[16.2825084773658,52.1494058454431],[16.2824818714447,52.1494228724829],[16.2823244338842,52.1495169669777],[16.2821244592493,52.1496359001804],[16.2820777662952,52.1496635526916],[16.2821112866041,52.1497673635941]]]},"properties":{"case_id":"ST-WK-WI/ZGŁOSZENIE/1424/2026","source_type":"zgloszenie","received_date":"2026-04-10","decision_date":null,"status":"Brak sprzeciwu","description":"Budowa sieci wodociągowej orz sieci kanalizacji sanitarnej","address":"Rakoniewice","city":"Rakoniewice","office":"Starosta Powiatu Grodzisk Wielkopolski","case_kind":"budowa nowego/nowych obiektów budowlanych","parcel_ids":["300504_4.0001.1043","300504_4.0001.1052","300504_4.0001.1053","300504_4.0001.1102","300504_4.0001.27/5","300504_4.0001.27/6","300504_4.0001.32/33","300504_4.0001.33/46","300504_4.0001.35/10","300504_4.0001.35/24","300504_5.0015.259/16","300504_5.0015.259/21","300504_5.0015.259/31"],"location_quality":"dokładny","gunb_url":"https://wyszukiwarka.gunb.gov.pl/","parcel_count":11,"parcel_shard":"x065-y208","parcel_id":"300504_4.0001.1053","location_source":"powiat grodziski (wielkopolski) (wfs)"}},{"type":"Feature","id":"ST-WK-WI/ZGŁOSZENIE/1424/2026::300504_4.0001.1102","geometry":{"type":"Polygon","coordinates":[[[16.2816024985256,52.1483726839548],[16.281771565395,52.1481888751306],[16.2818202613618,52.1480298931128],[16.2818499550603,52.1479327073604],[16.2818452395669,52.1477919598928],[16.2817439177942,52.1476898573634],[16.2817241150139,52.1476766094425],[16.281566131466,52.1475706268474],[16.2815706788118,52.1475072759556],[16.2813336564883,52.147640743249],[16.28143692568,52.1476435417691],[16.2816048108118,52.1477561035605],[16.2816670330905,52.1478476185483],[16.2816695052387,52.1479392920281],[16.2816424843185,52.1480275854295],[16.2816156094126,52.1481158791066],[16.2815429167718,52.1482160347624],[16.2816024985256,52.1483726839548]]]},"properties":{"case_id":"ST-WK-WI/ZGŁOSZENIE/1424/2026","source_type":"zgloszenie","received_date":"2026-04-10","decision_date":null,"status":"Brak sprzeciwu","description":"Budowa sieci wodociągowej orz sieci kanalizacji sanitarnej","address":"Rakoniewice","city":"Rakoniewice","office":"Starosta Powiatu Grodzisk Wielkopolski","case_kind":"budowa nowego/nowych obiektów budowlanych","parcel_ids":["300504_4.0001.1043","300504_4.0001.1052","300504_4.0001.1053","300504_4.0001.1102","300504_4.0001.27/5","300504_4.0001.27/6","300504_4.0001.32/33","300504_4.0001.33/46","300504_4.0001.35/10","300504_4.0001.35/24","300504_5.0015.259/16","300504_5.0015.259/21","300504_5.0015.259/31"],"location_quality":"dokładny","gunb_url":"https://wyszukiwarka.gunb.gov.pl/","parcel_count":11,"parcel_shard":"x065-y208","parcel_id":"300504_4.0001.1102","location_source":"powiat grodziski (wielkopolski) (wfs)"}},{"type":"Feature","id":"ST-WK-WI/ZGŁOSZENIE/1424/2026::300504_4.0001.27/5","geometry":{"type":"Polygon","coordinates":[[[16.2804917392439,52.1496500433731],[16.2807156564832,52.1496219052215],[16.2807813274307,52.1496140013583],[16.2807776558196,52.1496031652976],[16.2807519158964,52.1495259650076],[16.2804608701338,52.1495621126708],[16.2804917392439,52.1496500433731]]]},"properties":{"case_id":"ST-WK-WI/ZGŁOSZENIE/1424/2026","source_type":"zgloszenie","received_date":"2026-04-10","decision_date":null,"status":"Brak sprzeciwu","description":"Budowa sieci wodociągowej orz sieci kanalizacji sanitarnej","address":"Rakoniewice","city":"Rakoniewice","office":"Starosta Powiatu Grodzisk Wielkopolski","case_kind":"budowa nowego/nowych obiektów budowlanych","parcel_ids":["300504_4.0001.1043","300504_4.0001.1052","300504_4.0001.1053","300504_4.0001.1102","300504_4.0001.27/5","300504_4.0001.27/6","300504_4.0001.32/33","300504_4.0001.33/46","300504_4.0001.35/10","300504_4.0001.35/24","300504_5.0015.259/16","300504_5.0015.259/21","300504_5.0015.259/31"],"location_quality":"dokładny","gunb_url":"https://wyszukiwarka.gunb.gov.pl/","parcel_count":11,"parcel_shard":"x065-y208","parcel_id":"300504_4.0001.27/5","location_source":"powiat grodziski (wielkopolski) (wfs)"}},{"type":"Feature","id":"ST-WK-WI/ZGŁOSZENIE/1424/2026::300504_4.0001.32/33","geometry":{"type":"Polygon","coordinates":[[[16.2814260433353,52.1500027562935],[16.2809384212276,52.1500627028165],[16.2809716339341,52.1501507877079],[16.281297422159,52.1501133625191],[16.2814589322602,52.1500947994523],[16.2814260433353,52.1500027562935]]]},"properties":{"case_id":"ST-WK-WI/ZGŁOSZENIE/1424/2026","source_type":"zgloszenie","received_date":"2026-04-10","decision_date":null,"status":"Brak sprzeciwu","description":"Budowa sieci wodociągowej orz sieci kanalizacji sanitarnej","address":"Rakoniewice","city":"Rakoniewice","office":"Starosta Powiatu Grodzisk Wielkopolski","case_kind":"budowa nowego/nowych obiektów budowlanych","parcel_ids":["300504_4.0001.1043","300504_4.0001.1052","300504_4.0001.1053","300504_4.0001.1102","300504_4.0001.27/5","300504_4.0001.27/6","300504_4.0001.32/33","300504_4.0001.33/46","300504_4.0001.35/10","300504_4.0001.35/24","300504_5.0015.259/16","300504_5.0015.259/21","300504_5.0015.259/31"],"location_quality":"dokładny","gunb_url":"https://wyszukiwarka.gunb.gov.pl/","parcel_count":11,"parcel_shard":"x065-y208","parcel_id":"300504_4.0001.32/33","location_source":"powiat grodziski (wielkopolski) (wfs)"}},{"type":"Feature","id":"ST-WK-WI/ZGŁOSZENIE/1424/2026::300504_4.0001.35/10","geometry":{"type":"Polygon","coordinates":[[[16.2813439357842,52.1483796281344],[16.2813913815712,52.1485003658761],[16.2814636425538,52.1484574252169],[16.2816024985256,52.1483726839548],[16.2815429167718,52.1482160347624],[16.2814534211894,52.148315160349],[16.2813439357842,52.1483796281344]]]},"properties":{"case_id":"ST-WK-WI/ZGŁOSZENIE/1424/2026","source_type":"zgloszenie","received_date":"2026-04-10","decision_date":null,"status":"Brak sprzeciwu","description":"Budowa sieci wodociągowej orz sieci kanalizacji sanitarnej","address":"Rakoniewice","city":"Rakoniewice","office":"Starosta Powiatu Grodzisk Wielkopolski","case_kind":"budowa nowego/nowych obiektów budowlanych","parcel_ids":["300504_4.0001.1043","300504_4.0001.1052","300504_4.0001.1053","300504_4.0001.1102","300504_4.0001.27/5","300504_4.0001.27/6","300504_4.0001.32/33","300504_4.0001.33/46","300504_4.0001.35/10","300504_4.0001.35/24","300504_5.0015.259/16","300504_5.0015.259/21","300504_5.0015.259/31"],"location_quality":"dokładny","gunb_url":"https://wyszukiwarka.gunb.gov.pl/","parcel_count":11,"parcel_shard":"x065-y208","parcel_id":"300504_4.0001.35/10","location_source":"powiat grodziski (wielkopolski) (wfs)"}},{"type":"Feature","id":"ST-WK-WI/ZGŁOSZENIE/1424/2026::300504_4.0001.35/24","geometry":{"type":"Polygon","coordinates":[[[16.2818586624543,52.1497931199048],[16.2818917647906,52.1498976544818],[16.2821112866041,52.1497673635941],[16.2820777662952,52.1496635526916],[16.2819019093779,52.1497675722663],[16.2818586624543,52.1497931199048]]]},"properties":{"case_id":"ST-WK-WI/ZGŁOSZENIE/1424/2026","source_type":"zgloszenie","received_date":"2026-04-10","decision_date":null,"status":"Brak sprzeciwu","description":"Budowa sieci wodociągowej orz sieci kanalizacji sanitarnej","address":"Rakoniewice","city":"Rakoniewice","office":"Starosta Powiatu Grodzisk Wielkopolski","case_kind":"budowa nowego/nowych obiektów budowlanych","parcel_ids":["300504_4.0001.1043","300504_4.0001.1052","300504_4.0001.1053","300504_4.0001.1102","300504_4.0001.27/5","300504_4.0001.27/6","300504_4.0001.32/33","300504_4.0001.33/46","300504_4.0001.35/10","300504_4.0001.35/24","300504_5.0015.259/16","300504_5.0015.259/21","300504_5.0015.259/31"],"location_quality":"dokładny","gunb_url":"https://wyszukiwarka.gunb.gov.pl/","parcel_count":11,"parcel_shard":"x065-y208","parcel_id":"300504_4.0001.35/24","location_source":"powiat grodziski (wielkopolski) (wfs)"}},{"type":"Feature","id":"ST-WK-WI/ZGŁOSZENIE/1424/2026::300504_5.0015.259/16","geometry":{"type":"Polygon","coordinates":[[[16.2824855311417,52.1509129080524],[16.2825100844228,52.1509956321465],[16.2828509898729,52.1509455187404],[16.2831918936176,52.1508954942649],[16.2835326510797,52.1508453784743],[16.2838791093794,52.1507949208946],[16.2838624093445,52.1507323939692],[16.283607099244,52.1507698476102],[16.283234661767,52.1508241947409],[16.2831828646491,52.1508404555828],[16.2831285803849,52.1508574307797],[16.2830426236766,52.1508681462252],[16.282866762921,52.1508901088747],[16.2826076667884,52.1509039185077],[16.282524077606,52.1509084368924],[16.2824855311417,52.1509129080524]]]},"properties":{"case_id":"ST-WK-WI/ZGŁOSZENIE/1424/2026","source_type":"zgloszenie","received_date":"2026-04-10","decision_date":null,"status":"Brak sprzeciwu","description":"Budowa sieci wodociągowej orz sieci kanalizacji sanitarnej","address":"Rakoniewice","city":"Rakoniewice","office":"Starosta Powiatu Grodzisk Wielkopolski","case_kind":"budowa nowego/nowych obiektów budowlanych","parcel_ids":["300504_4.0001.1043","300504_4.0001.1052","300504_4.0001.1053","300504_4.0001.1102","300504_4.0001.27/5","300504_4.0001.27/6","300504_4.0001.32/33","300504_4.0001.33/46","300504_4.0001.35/10","300504_4.0001.35/24","300504_5.0015.259/16","300504_5.0015.259/21","300504_5.0015.259/31"],"location_quality":"dokładny","gunb_url":"https://wyszukiwarka.gunb.gov.pl/","parcel_count":11,"parcel_shard":"x065-y208","parcel_id":"300504_5.0015.259/16","location_source":"powiat grodziski (wielkopolski) (wfs)"}},{"type":"Feature","id":"ST-WK-WI/ZGŁOSZENIE/1424/2026::300504_5.0015.259/21","geometry":{"type":"Polygon","coordinates":[[[16.2838624093445,52.1507323939692],[16.2838791093794,52.1507949208946],[16.2842865831953,52.1507348647155],[16.2845658860319,52.1506939826828],[16.284615100537,52.1507141890023],[16.2846982538436,52.1510506423055],[16.2847479975804,52.1510435243844],[16.2845660465707,52.1503080013066],[16.2845168904477,52.1503180762907],[16.2845865865191,52.1505984097854],[16.2845500618651,52.1506314587055],[16.2843055800136,52.1506673313194],[16.2840183764018,52.1507093553764],[16.283947415959,52.1507198190964],[16.2838624093445,52.1507323939692]]]},"properties":{"case_id":"ST-WK-WI/ZGŁOSZENIE/1424/2026","source_type":"zgloszenie","received_date":"2026-04-10","decision_date":null,"status":"Brak sprzeciwu","description":"Budowa sieci wodociągowej orz sieci kanalizacji sanitarnej","address":"Rakoniewice","city":"Rakoniewice","office":"Starosta Powiatu Grodzisk Wielkopolski","case_kind":"budowa nowego/nowych obiektów budowlanych","parcel_ids":["300504_4.0001.1043","300504_4.0001.1052","300504_4.0001.1053","300504_4.0001.1102","300504_4.0001.27/5","300504_4.0001.27/6","300504_4.0001.32/33","300504_4.0001.33/46","300504_4.0001.35/10","300504_4.0001.35/24","300504_5.0015.259/16","300504_5.0015.259/21","300504_5.0015.259/31"],"location_quality":"dokładny","gunb_url":"https://wyszukiwarka.gunb.gov.pl/","parcel_count":11,"parcel_shard":"x065-y208","parcel_id":"300504_5.0015.259/21","location_source":"powiat grodziski (wielkopolski) (wfs)"}},{"type":"Feature","id":"ST-WK-WI/ZGŁOSZENIE/1424/2026::300504_5.0015.259/31","geometry":{"type":"Polygon","coordinates":[[[16.2845660465707,52.1503080013066],[16.2847479975804,52.1510435243844],[16.2847907189892,52.1510373721986],[16.2847978881903,52.1510363170328],[16.2847158798123,52.1507025641728],[16.2847526717238,52.150672392487],[16.2850341558687,52.1506494941132],[16.2850823608714,52.1506681688447],[16.2851709731415,52.1506609982092],[16.2851579912664,52.1506076521741],[16.2851448633109,52.1505543056599],[16.2850594681543,52.1505612171492],[16.2850208143528,52.1505870682131],[16.2847372833386,52.1506101396283],[16.2846875101211,52.150586965221],[16.2846180675776,52.1503041300015],[16.2845660465707,52.1503080013066]]]},"properties":{"case_id":"ST-WK-WI/ZGŁOSZENIE/1424/2026","source_type":"zgloszenie","received_date":"2026-04-10","decision_date":null,"status":"Brak sprzeciwu","description":"Budowa sieci wodociągowej orz sieci kanalizacji sanitarnej","address":"Rakoniewice","city":"Rakoniewice","office":"Starosta Powiatu Grodzisk Wielkopolski","case_kind":"budowa nowego/nowych obiektów budowlanych","parcel_ids":["300504_4.0001.1043","300504_4.0001.1052","300504_4.0001.1053","300504_4.0001.1102","300504_4.0001.27/5","300504_4.0001.27/6","300504_4.0001.32/33","300504_4.0001.33/46","300504_4.0001.35/10","300504_4.0001.35/24","300504_5.0015.259/16","300504_5.0015.259/21","300504_5.0015.259/31"],"location_quality":"dokładny","gunb_url":"https://wyszukiwarka.gunb.gov.pl/","parcel_count":11,"parcel_shard":"x065-y208","parcel_id":"300504_5.0015.259/31","location_source":"powiat grodziski (wielkopolski) (wfs)"}},{"type":"Feature","id":"ST-WK-WI/WNIOSEK/16381/2026::300504_4.0001.107/38","geometry":{"type":"Polygon","coordinates":[[[16.2732769884768,52.1433590917223],[16.2734289184718,52.1432951545825],[16.2735164629132,52.1433738309978],[16.2737214930568,52.1432837661558],[16.2739698121809,52.1431612273306],[16.2738148171429,52.1430437803963],[16.2738036059265,52.1430394279786],[16.273202780676,52.1432923245589],[16.2732769884768,52.1433590917223]]]},"properties":{"case_id":"ST-WK-WI/WNIOSEK/16381/2026","source_type":"wniosek_decyzja","received_date":"2026-06-24","decision_date":"2026-08-28","status":"decyzja wydana","description":"Budowa obiektu budowlanego (kontenera) z przeznaczeniem na kwiaciarnię","address":"Rakoniewice","city":"Rakoniewice","office":"Starosta Powiatu Grodzisk Wielkopolski","case_kind":"Obiekt budowlany inny niż budynek mieszkalny jednorodzinny","parcel_ids":["300504_4.0001.107/38","300504_4.0001.108/18"],"location_quality":"dokładny","gunb_url":"https://wyszukiwarka.gunb.gov.pl/","parcel_count":2,"parcel_shard":"x065-y208","parcel_id":"300504_4.0001.107/38","location_source":"powiat grodziski (wielkopolski) (wfs)"}},{"type":"Feature","id":"ST-WK-WI/WNIOSEK/16381/2026::300504_4.0001.108/18","geometry":{"type":"Polygon","coordinates":[[[16.2741312642599,52.1431920812535],[16.2739698121809,52.1431612273306],[16.2737214930568,52.1432837661558],[16.2735164629132,52.1433738309978],[16.2737359018959,52.1435712449186],[16.2739734536032,52.1434643528302],[16.2740695813255,52.1434090377738],[16.2741429985207,52.1433587215722],[16.2742083148781,52.1432847485949],[16.2742656267514,52.143214196138],[16.2742811063215,52.1431806046808],[16.2741312642599,52.1431920812535]]]},"properties":{"case_id":"ST-WK-WI/WNIOSEK/16381/2026","source_type":"wniosek_decyzja","received_date":"2026-06-24","decision_date":"2026-08-28","status":"decyzja wydana","description":"Budowa obiektu budowlanego (kontenera) z przeznaczeniem na kwiaciarnię","address":"Rakoniewice","city":"Rakoniewice","office":"Starosta Powiatu Grodzisk Wielkopolski","case_kind":"Obiekt budowlany inny niż budynek mieszkalny jednorodzinny","parcel_ids":["300504_4.0001.107/38","300504_4.0001.108/18"],"location_quality":"dokładny","gunb_url":"https://wyszukiwarka.gunb.gov.pl/","parcel_count":2,"parcel_shard":"x065-y208","parcel_id":"300504_4.0001.108/18","location_source":"powiat grodziski (wielkopolski) (wfs)"}},{"type":"Feature","id":"ST-WK-WI/WNIOSEK/20066/2025::300504_4.0001.118/7","geometry":{"type":"Polygon","coordinates":[[[16.2731392127624,52.1419759109886],[16.2734429868785,52.141849759909],[16.2733186065267,52.1416811279104],[16.2731919462781,52.1415711504651],[16.2731454598281,52.1415239076837],[16.2726909132465,52.1417214351039],[16.2727225969355,52.1417515637813],[16.272924954926,52.141947124094],[16.273003060177,52.1419145382558],[16.2730362537334,52.1419463720941],[16.2730849198344,52.1419265217144],[16.2731392127624,52.1419759109886]]]},"properties":{"case_id":"ST-WK-WI/WNIOSEK/20066/2025","source_type":"wniosek_decyzja","received_date":"2025-09-04","decision_date":"2025-10-03","status":"decyzja wydana","description":"Budowa wewnętrznej instalacji gazowej w lokalu mieszkalnym","address":"Nowotomyska 2, Rakoniewice","city":"Rakoniewice","office":"Starosta Powiatu Grodzisk Wielkopolski","case_kind":"Obiekt budowlany inny niż budynek mieszkalny jednorodzinny","parcel_ids":["300504_4.0001.118/7"],"location_quality":"dokładny","gunb_url":"https://wyszukiwarka.gunb.gov.pl/","parcel_count":1,"parcel_shard":"x065-y208","parcel_id":"300504_4.0001.118/7","location_source":"powiat grodziski (wielkopolski) (wfs)"}},{"type":"Feature","id":"ST-WK-WI/WNIOSEK/20260/2025::300504_4.0001.12/7","geometry":{"type":"Polygon","coordinates":[[[16.2727188268889,52.1474034196848],[16.2729570334539,52.1473863540665],[16.2730989784555,52.1474250028222],[16.2730991952343,52.1471236634182],[16.2726931517018,52.1471380686478],[16.2727188268889,52.1474034196848]]]},"properties":{"case_id":"ST-WK-WI/WNIOSEK/20260/2025","source_type":"wniosek_decyzja","received_date":"2025-09-18","decision_date":"2025-10-07","status":"decyzja wydana","description":"Zmiana pozwolenia na budowę nr 339/2023 z 24.08.2023r. (BS.6740.134.2023) w zakresie budowy instalacji gazowej wewnętrznej i zewnętrznej do budynku mieszkalnego w budowie","address":"Czereśniowa, Rakoniewice","city":"Rakoniewice","office":"Starosta Powiatu Grodzisk Wielkopolski","case_kind":"Obiekt budowlany inny niż budynek mieszkalny jednorodzinny","parcel_ids":["300504_4.0001.12/7"],"location_quality":"dokładny","gunb_url":"https://wyszukiwarka.gunb.gov.pl/","parcel_count":1,"parcel_shard":"x065-y208","parcel_id":"300504_4.0001.12/7","location_source":"powiat grodziski (wielkopolski) (wfs)"}},{"type":"Feature","id":"ST-WK-WI/WNIOSEK/18360/2025::300504_4.0001.12/9","geometry":{"type":"Polygon","coordinates":[[[16.2726931517018,52.1471380686478],[16.2730991952343,52.1471236634182],[16.2730994065735,52.1469383484446],[16.2730994717697,52.1467530332518],[16.2730994947156,52.146691021887],[16.2727794345357,52.1466891461992],[16.2726920713553,52.1466901458485],[16.2726907202204,52.1467260020444],[16.2726799763848,52.1470000001959],[16.2726837175428,52.1470399104805],[16.2726931517018,52.1471380686478]]]},"properties":{"case_id":"ST-WK-WI/WNIOSEK/18360/2025","source_type":"wniosek_decyzja","received_date":"2025-08-28","decision_date":"2025-09-10","status":"decyzja wydana","description":"Budowa instalacji gazowej wewnętrznej i zewnętrznej do budynku mieszkalnego jednorodzinnego","address":"4, Rakoniewice","city":"Rakoniewice","office":"Starosta Powiatu Grodzisk Wielkopolski","case_kind":"Obiekt budowlany inny niż budynek mieszkalny jednorodzinny","parcel_ids":["300504_4.0001.12/9"],"location_quality":"dokładny","gunb_url":"https://wyszukiwarka.gunb.gov.pl/","parcel_count":1,"parcel_shard":"x065-y208","parcel_id":"300504_4.0001.12/9","location_source":"powiat grodziski (wielkopolski) (wfs)"}},{"type":"Feature","id":"ST-WK-WI/WNIOSEK/26133/2025::300504_4.0001.176/8","geometry":{"type":"Polygon","coordinates":[[[16.2731418986778,52.1396499040738],[16.2730315923005,52.139684996872],[16.2732085521707,52.1398994646542],[16.2733191504929,52.1398646392976],[16.2731445113544,52.1396531438913],[16.2731418986778,52.1396499040738]]]},"properties":{"case_id":"ST-WK-WI/WNIOSEK/26133/2025","source_type":"wniosek_decyzja","received_date":"2025-11-18","decision_date":"2025-12-18","status":"decyzja wydana","description":"Rozbudowa instalacji gazowej wewnętrznej w lokalu mieszkalnym nr 6 w budynku mieszkalnym wielorodzinnym","address":"Powstańców Wielkopolskich 4, Rakoniewice","city":"Rakoniewice","office":"Starosta Powiatu Grodzisk Wielkopolski","case_kind":"Obiekt budowlany inny niż budynek mieszkalny jednorodzinny","parcel_ids":["300504_4.0001.176/8"],"location_quality":"dokładny","gunb_url":"https://wyszukiwarka.gunb.gov.pl/","parcel_count":1,"parcel_shard":"x065-y208","parcel_id":"300504_4.0001.176/8","location_source":"powiat grodziski (wielkopolski) (wfs)"}},{"type":"Feature","id":"ST-WK-WI/WNIOSEK/4341/2026::300504_4.0001.188","geometry":{"type":"Polygon","coordinates":[[[16.2745566161454,52.1402622101782],[16.2744879000506,52.1401888433768],[16.2744854124517,52.140189737234],[16.2737892161971,52.1404316484594],[16.2738184303561,52.1404600110428],[16.2738611362487,52.1405064618911],[16.2745566161454,52.1402622101782]]]},"properties":{"case_id":"ST-WK-WI/WNIOSEK/4341/2026","source_type":"wniosek_decyzja","received_date":"2025-09-24","decision_date":"2025-11-05","status":"decyzja wydana","description":"Przebudowa i remont elewacji oraz wymiana stolarki okiennej i drzwiowej","address":"Rakoniewice","city":"Rakoniewice","office":"Starosta Powiatu Grodzisk Wielkopolski","case_kind":"Budynek mieszkalny jednorodzinny","parcel_ids":["300504_4.0001.188"],"location_quality":"dokładny","gunb_url":"https://wyszukiwarka.gunb.gov.pl/","parcel_count":1,"parcel_shard":"x065-y208","parcel_id":"300504_4.0001.188","location_source":"powiat grodziski (wielkopolski) (wfs)"}},{"type":"Feature","id":"ST-WK-WI/WNIOSEK/26128/2025::300504_4.0001.216/3","geometry":{"type":"Polygon","coordinates":[[[16.2744549708446,52.1392179515752],[16.2739925230408,52.139366530383],[16.2739798463978,52.1393894199628],[16.2740332800434,52.1394522395874],[16.2742383850272,52.1393872968251],[16.274523797778,52.1392985042941],[16.2744549708446,52.1392179515752]]]},"properties":{"case_id":"ST-WK-WI/WNIOSEK/26128/2025","source_type":"wniosek_decyzja","received_date":"2025-11-05","decision_date":"2025-12-16","status":"decyzja wydana","description":"Rozbudowa instalacji gazowej wewnętrznej w lokalu mieszkalnym w budynku mieszkalnym wielorodzinnym","address":"Grodziska 36, Rakoniewice","city":"Rakoniewice","office":"Starosta Powiatu Grodzisk Wielkopolski","case_kind":"Obiekt budowlany inny niż budynek mieszkalny jednorodzinny","parcel_ids":["300504_4.0001.216/3"],"location_quality":"dokładny","gunb_url":"https://wyszukiwarka.gunb.gov.pl/","parcel_count":1,"parcel_shard":"x065-y208","parcel_id":"300504_4.0001.216/3","location_source":"powiat grodziski (wielkopolski) (wfs)"}},{"type":"Feature","id":"ST-WK-WI/WNIOSEK/26397/2025::300504_4.0001.216/4","geometry":{"type":"Polygon","coordinates":[[[16.2746190519861,52.1392650712577],[16.2745513817631,52.1391868564043],[16.2744549708446,52.1392179515752],[16.274523797778,52.1392985042941],[16.2745344750742,52.1392955585309],[16.2746190519861,52.1392650712577]]]},"properties":{"case_id":"ST-WK-WI/WNIOSEK/26397/2025","source_type":"wniosek_decyzja","received_date":"2025-10-28","decision_date":"2025-12-30","status":"decyzja wydana","description":"Rozbiórka szaletów","address":"Rakoniewice","city":"Rakoniewice","office":"Starosta Powiatu Grodzisk Wielkopolski","case_kind":"Obiekt budowlany inny niż budynek mieszkalny jednorodzinny","parcel_ids":["300504_4.0001.216/4"],"location_quality":"dokładny","gunb_url":"https://wyszukiwarka.gunb.gov.pl/","parcel_count":1,"parcel_shard":"x065-y208","parcel_id":"300504_4.0001.216/4","location_source":"powiat grodziski (wielkopolski) (wfs)"}},{"type":"Feature","id":"ST-WK-WI/WNIOSEK/5693/2026::300504_4.0001.253","geometry":{"type":"Polygon","coordinates":[[[16.2754822182354,52.1394498925585],[16.275571923645,52.1395613108852],[16.2765725588762,52.1392462983333],[16.2764911572181,52.1391389340651],[16.2756728310059,52.1393911139807],[16.2755932504724,52.1394156797388],[16.2754822182354,52.1394498925585]]]},"properties":{"case_id":"ST-WK-WI/WNIOSEK/5693/2026","source_type":"wniosek_decyzja","received_date":"2026-03-02","decision_date":"2026-03-26","status":"decyzja wydana","description":"Budowa instalacji gazowej wewnętrznej do lokalu mieszkalnego w budynku mieszkalnym wielorodzinnym","address":"Krystyny 14, Rakoniewice","city":"Rakoniewice","office":"Starosta Powiatu Grodzisk Wielkopolski","case_kind":"Obiekt budowlany inny niż budynek mieszkalny jednorodzinny","parcel_ids":["300504_4.0001.253"],"location_quality":"dokładny","gunb_url":"https://wyszukiwarka.gunb.gov.pl/","parcel_count":1,"parcel_shard":"x065-y208","parcel_id":"300504_4.0001.253","location_source":"powiat grodziski (wielkopolski) (wfs)"}},{"type":"Feature","id":"ST-WK-WI/WNIOSEK/985/2026::300504_4.0001.32/37","geometry":{"type":"Polygon","coordinates":[[[16.2814316727831,52.150555030902],[16.2816157585231,52.1505338853546],[16.2815374180312,52.1503143416467],[16.2813645471356,52.1503341967372],[16.2814316727831,52.150555030902]]]},"properties":{"case_id":"ST-WK-WI/WNIOSEK/985/2026","source_type":"wniosek_decyzja","received_date":"2025-11-24","decision_date":"2026-01-16","status":"decyzja wydana","description":"zmiana decyzji z dnia 19.11.2024 znak BS.6740.602.2024 (nr 626/2024) w zakresie instalacji gazowej","address":"Rakoniewice","city":"Rakoniewice","office":"Starosta Powiatu Grodzisk Wielkopolski","case_kind":"Obiekt budowlany inny niż budynek mieszkalny jednorodzinny","parcel_ids":["300504_4.0001.32/37","300504_4.0001.33/38"],"location_quality":"dokładny","gunb_url":"https://wyszukiwarka.gunb.gov.pl/","parcel_count":2,"parcel_shard":"x065-y208","parcel_id":"300504_4.0001.32/37","location_source":"powiat grodziski (wielkopolski) (wfs)"}},{"type":"Feature","id":"ST-WK-WI/WNIOSEK/985/2026::300504_4.0001.33/38","geometry":{"type":"Polygon","coordinates":[[[16.2815374180312,52.1503143416467],[16.2816157585231,52.1505338853546],[16.2818624667016,52.1505054973707],[16.2817953389893,52.1502846634662],[16.2815374180312,52.1503143416467]]]},"properties":{"case_id":"ST-WK-WI/WNIOSEK/985/2026","source_type":"wniosek_decyzja","received_date":"2025-11-24","decision_date":"2026-01-16","status":"decyzja wydana","description":"zmiana decyzji z dnia 19.11.2024 znak BS.6740.602.2024 (nr 626/2024) w zakresie instalacji gazowej","address":"Rakoniewice","city":"Rakoniewice","office":"Starosta Powiatu Grodzisk Wielkopolski","case_kind":"Obiekt budowlany inny niż budynek mieszkalny jednorodzinny","parcel_ids":["300504_4.0001.32/37","300504_4.0001.33/38"],"location_quality":"dokładny","gunb_url":"https://wyszukiwarka.gunb.gov.pl/","parcel_count":2,"parcel_shard":"x065-y208","parcel_id":"300504_4.0001.33/38","location_source":"powiat grodziski (wielkopolski) (wfs)"}},{"type":"Feature","id":"ST-WK-WI/ZGŁOSZENIE/1786/2026::300504_4.0001.322/12","geometry":{"type":"Polygon","coordinates":[[[16.2831002476123,52.1449205885914],[16.2832900364827,52.145032586151],[16.2832879179814,52.1449690613083],[16.2834587703934,52.1448594312706],[16.2832486167557,52.1445726516922],[16.2830685721837,52.1443268907392],[16.2828485377971,52.1440265555901],[16.2826803792454,52.1439807462538],[16.2825013964567,52.1437971725314],[16.2823248216262,52.1436159992098],[16.2821482508107,52.143434915478],[16.2820480711419,52.143471958151],[16.2822260026076,52.1436546451521],[16.2824061933963,52.1438396442968],[16.2825990231665,52.1440373591004],[16.2827605527519,52.1440812632177],[16.2828925441358,52.144261482744],[16.2830666538179,52.1444990392159],[16.2833198466173,52.1448447640179],[16.283203502456,52.1449192853588],[16.2831002476123,52.1449205885914]]]},"properties":{"case_id":"ST-WK-WI/ZGŁOSZENIE/1786/2026","source_type":"zgloszenie","received_date":"2026-05-15","decision_date":null,"status":"Brak sprzeciwu","description":"Budowa sieci wodociągowej","address":"Rakoniewice","city":"Rakoniewice","office":"Starosta Powiatu Grodzisk Wielkopolski","case_kind":"budowa nowego/nowych obiektów budowlanych","parcel_ids":["300504_4.0001.322/12"],"location_quality":"dokładny","gunb_url":"https://wyszukiwarka.gunb.gov.pl/","parcel_count":1,"parcel_shard":"x065-y208","parcel_id":"300504_4.0001.322/12","location_source":"powiat grodziski (wielkopolski) (wfs)"}},{"type":"Feature","id":"ST-WK-WI/WNIOSEK/9896/2026::300504_4.0001.33/27","geometry":{"type":"Polygon","coordinates":[[[16.2813241570063,52.1489121348507],[16.2816273797979,52.1491068540609],[16.281508052367,52.1488031750465],[16.2813241570063,52.1489121348507]]]},"properties":{"case_id":"ST-WK-WI/WNIOSEK/9896/2026","source_type":"wniosek_decyzja","received_date":"2026-01-15","decision_date":"2026-04-15","status":"decyzja wydana","description":"budowa budynku mieszkalnego jednorodzinnego (typowy TEBE 5)","address":"Rakoniewice","city":"Rakoniewice","office":"Starosta Powiatu Grodzisk Wielkopolski","case_kind":"Budynek mieszkalny jednorodzinny","parcel_ids":["300504_4.0001.33/27","300504_4.0001.35/14"],"location_quality":"dokładny","gunb_url":"https://wyszukiwarka.gunb.gov.pl/","parcel_count":2,"parcel_shard":"x065-y208","parcel_id":"300504_4.0001.33/27","location_source":"powiat grodziski (wielkopolski) (wfs)"}},{"type":"Feature","id":"ST-WK-WI/WNIOSEK/9896/2026::300504_4.0001.35/14","geometry":{"type":"Polygon","coordinates":[[[16.281508052367,52.1488031750465],[16.2816273797979,52.1491068540609],[16.2818461604556,52.1489763020347],[16.2818310592629,52.1489388947415],[16.2815642174519,52.1487695773795],[16.2815616321203,52.1487711334924],[16.281508052367,52.1488031750465]]]},"properties":{"case_id":"ST-WK-WI/WNIOSEK/9896/2026","source_type":"wniosek_decyzja","received_date":"2026-01-15","decision_date":"2026-04-15","status":"decyzja wydana","description":"budowa budynku mieszkalnego jednorodzinnego (typowy TEBE 5)","address":"Rakoniewice","city":"Rakoniewice","office":"Starosta Powiatu Grodzisk Wielkopolski","case_kind":"Budynek mieszkalny jednorodzinny","parcel_ids":["300504_4.0001.33/27","300504_4.0001.35/14"],"location_quality":"dokładny","gunb_url":"https://wyszukiwarka.gunb.gov.pl/","parcel_count":2,"parcel_shard":"x065-y208","parcel_id":"300504_4.0001.35/14","location_source":"powiat grodziski (wielkopolski) (wfs)"}},{"type":"Feature","id":"ST-WK-WI/WNIOSEK/11111/2026::300504_4.0001.33/41","geometry":{"type":"Polygon","coordinates":[[[16.2820842130481,52.1510374460053],[16.2818041696879,52.1510612596289],[16.2818546850688,52.1512926940919],[16.2822080239595,52.1512628767519],[16.2821664121931,52.1510758316081],[16.2820842130481,52.1510374460053]]]},"properties":{"case_id":"ST-WK-WI/WNIOSEK/11111/2026","source_type":"wniosek_decyzja","received_date":"2026-03-16","decision_date":"2026-05-14","status":"decyzja wydana","description":"Zmiana pozwolenia na budowę nr 309/2021 z 12.05.2021r., AB.6740.235.2021, w zakresie budowy zewnętrznej instalacji zbiornikowej na gaz płynny z pojedynczym podziemnym zbiornikiem o pojemności 2,7m3 oraz wewnętrznej instalacji gazowej w budynku mieszkalnym jednorodzinnym","address":"Rakoniewice","city":"Rakoniewice","office":"Starosta Powiatu Grodzisk Wielkopolski","case_kind":"Obiekt budowlany inny niż budynek mieszkalny jednorodzinny","parcel_ids":["300504_4.0001.33/41"],"location_quality":"dokładny","gunb_url":"https://wyszukiwarka.gunb.gov.pl/","parcel_count":1,"parcel_shard":"x065-y208","parcel_id":"300504_4.0001.33/41","location_source":"powiat grodziski (wielkopolski) (wfs)"}},{"type":"Feature","id":"ST-WK-WI/WNIOSEK/7845/2026::300504_4.0001.354/1","geometry":{"type":"Polygon","coordinates":[[[16.28037593453,52.1387217838909],[16.280042339163,52.1382343695411],[16.2796770749215,52.138344037345],[16.2786445681873,52.1386541911734],[16.2787631132127,52.1389628254868],[16.2788582938972,52.1391136072551],[16.2792672161009,52.1396810133586],[16.279385152819,52.1398254357287],[16.2795293252762,52.1399830559073],[16.2796022842541,52.1400617216293],[16.2796658179825,52.1401428265689],[16.2798437975415,52.1403891544428],[16.2799922846486,52.140590141154],[16.2804549643366,52.1404484947189],[16.2794294528177,52.1389703388638],[16.28037593453,52.1387217838909]]]},"properties":{"case_id":"ST-WK-WI/WNIOSEK/7845/2026","source_type":"wniosek_decyzja","received_date":"2025-12-09","decision_date":"2026-04-27","status":"decyzja wydana","description":"Budowa tymczasowego obiektu budowlanego - wiaty namiotowej magazynowej na płody rolne","address":"Rakoniewice","city":"Rakoniewice","office":"Starosta Powiatu Grodzisk Wielkopolski","case_kind":"Obiekt budowlany inny niż budynek mieszkalny jednorodzinny","parcel_ids":["300504_4.0001.354/1"],"location_quality":"dokładny","gunb_url":"https://wyszukiwarka.gunb.gov.pl/","parcel_count":1,"parcel_shard":"x065-y208","parcel_id":"300504_4.0001.354/1","location_source":"powiat grodziski (wielkopolski) (wfs)"}},{"type":"Feature","id":"ST-WK-WI/WNIOSEK/26153/2025::300504_4.0001.370/2","geometry":{"type":"Polygon","coordinates":[[[16.2801478303927,52.136981860126],[16.2803952133558,52.1369057206924],[16.2800813923061,52.1365709037983],[16.2798623428154,52.1366485233413],[16.2799417691743,52.1367338599749],[16.2799813978714,52.1367761247144],[16.2800129201289,52.1367649066015],[16.280023171989,52.1367760308093],[16.2800208587318,52.1367768648796],[16.2800502433986,52.1368082749422],[16.2800210317992,52.1368185691554],[16.2800902701734,52.1369204650483],[16.280120254555,52.1369524078901],[16.2801478303927,52.136981860126]]]},"properties":{"case_id":"ST-WK-WI/WNIOSEK/26153/2025","source_type":"wniosek_decyzja","received_date":"2025-10-22","decision_date":"2025-12-17","status":"decyzja wydana","description":"Budowa wewnętrznej instalacji gazu w budynku mieszkalnym jednorodzinnym","address":"Wielichowska, Rakoniewice","city":"Rakoniewice","office":"Starosta Powiatu Grodzisk Wielkopolski","case_kind":"Obiekt budowlany inny niż budynek mieszkalny jednorodzinny","parcel_ids":["300504_4.0001.370/2","300504_4.0001.370/5","300504_4.0001.370/6"],"location_quality":"dokładny","gunb_url":"https://wyszukiwarka.gunb.gov.pl/","parcel_count":3,"parcel_shard":"x065-y208","parcel_id":"300504_4.0001.370/2","location_source":"powiat grodziski (wielkopolski) (wfs)"}},{"type":"Feature","id":"ST-WK-WI/WNIOSEK/26153/2025::300504_4.0001.370/5","geometry":{"type":"Polygon","coordinates":[[[16.279576649383,52.1367513050493],[16.2798456327472,52.1370745748651],[16.2800432963715,52.137013931472],[16.2799521048999,52.1369058755682],[16.2800375649387,52.1368755558837],[16.2799937185354,52.1368288427453],[16.2799528854988,52.1367853327127],[16.2799245448963,52.136795437669],[16.2798852134511,52.1367533494523],[16.279806119116,52.1366687491061],[16.279576649383,52.1367513050493]]]},"properties":{"case_id":"ST-WK-WI/WNIOSEK/26153/2025","source_type":"wniosek_decyzja","received_date":"2025-10-22","decision_date":"2025-12-17","status":"decyzja wydana","description":"Budowa wewnętrznej instalacji gazu w budynku mieszkalnym jednorodzinnym","address":"Wielichowska, Rakoniewice","city":"Rakoniewice","office":"Starosta Powiatu Grodzisk Wielkopolski","case_kind":"Obiekt budowlany inny niż budynek mieszkalny jednorodzinny","parcel_ids":["300504_4.0001.370/2","300504_4.0001.370/5","300504_4.0001.370/6"],"location_quality":"dokładny","gunb_url":"https://wyszukiwarka.gunb.gov.pl/","parcel_count":3,"parcel_shard":"x065-y208","parcel_id":"300504_4.0001.370/5","location_source":"powiat grodziski (wielkopolski) (wfs)"}},{"type":"Feature","id":"ST-WK-WI/WNIOSEK/26153/2025::300504_4.0001.370/6","geometry":{"type":"Polygon","coordinates":[[[16.2800432963715,52.137013931472],[16.2801478303927,52.136981860126],[16.280120254555,52.1369524078901],[16.2800902701734,52.1369204650483],[16.2800210317992,52.1368185691554],[16.2800502433986,52.1368082749422],[16.2800208587318,52.1367768648796],[16.280023171989,52.1367760308093],[16.2800129201289,52.1367649066015],[16.2799813978714,52.1367761247144],[16.2799417691743,52.1367338599749],[16.2798623428154,52.1366485233413],[16.279806119116,52.1366687491061],[16.2798852134511,52.1367533494523],[16.2799245448963,52.136795437669],[16.2799528854988,52.1367853327127],[16.2799937185354,52.1368288427453],[16.2800375649387,52.1368755558837],[16.2799521048999,52.1369058755682],[16.2800432963715,52.137013931472]]]},"properties":{"case_id":"ST-WK-WI/WNIOSEK/26153/2025","source_type":"wniosek_decyzja","received_date":"2025-10-22","decision_date":"2025-12-17","status":"decyzja wydana","description":"Budowa wewnętrznej instalacji gazu w budynku mieszkalnym jednorodzinnym","address":"Wielichowska, Rakoniewice","city":"Rakoniewice","office":"Starosta Powiatu Grodzisk Wielkopolski","case_kind":"Obiekt budowlany inny niż budynek mieszkalny jednorodzinny","parcel_ids":["300504_4.0001.370/2","300504_4.0001.370/5","300504_4.0001.370/6"],"location_quality":"dokładny","gunb_url":"https://wyszukiwarka.gunb.gov.pl/","parcel_count":3,"parcel_shard":"x065-y208","parcel_id":"300504_4.0001.370/6","location_source":"powiat grodziski (wielkopolski) (wfs)"}},{"type":"Feature","id":"ST-WK-WI/WNIOSEK/11049/2026::300504_4.0001.423","geometry":{"type":"Polygon","coordinates":[[[16.2695478753356,52.1363010941604],[16.2697025922204,52.1362062275622],[16.2692919107686,52.1359494624796],[16.2691374866157,52.1360441496836],[16.2695478753356,52.1363010941604]]]},"properties":{"case_id":"ST-WK-WI/WNIOSEK/11049/2026","source_type":"wniosek_decyzja","received_date":"2026-04-13","decision_date":"2026-05-14","status":"decyzja wydana","description":"Rozbudowa wewnętrznej instalacji gazowej w istniejącym budynku mieszkalnym jednorodzinnym, dwulokalowym","address":"Drzymały 9, Rakoniewice","city":"Rakoniewice","office":"Starosta Powiatu Grodzisk Wielkopolski","case_kind":"Obiekt budowlany inny niż budynek mieszkalny jednorodzinny","parcel_ids":["300504_4.0001.423"],"location_quality":"dokładny","gunb_url":"https://wyszukiwarka.gunb.gov.pl/","parcel_count":1,"parcel_shard":"x065-y208","parcel_id":"300504_4.0001.423","location_source":"powiat grodziski (wielkopolski) (wfs)"}},{"type":"Feature","id":"ST-WK-WI/WNIOSEK/18599/2025::300504_4.0001.535/1","geometry":{"type":"Polygon","coordinates":[[[16.2724523970053,52.1375518078561],[16.2725225035666,52.1376371544152],[16.2729596532552,52.1374914224435],[16.2730818147458,52.1374507660246],[16.2730800722251,52.1374487852153],[16.2730061603084,52.1373647810828],[16.2730044177938,52.1373628002814],[16.2728872356221,52.137400859424],[16.2726477487509,52.1374790326923],[16.272567829536,52.1375132087797],[16.2724523970053,52.1375518078561]]]},"properties":{"case_id":"ST-WK-WI/WNIOSEK/18599/2025","source_type":"wniosek_decyzja","received_date":"2025-08-25","decision_date":"2025-09-12","status":"decyzja wydana","description":"Rozbudowa wewnętrznej instalacji gazowej w lokalu mieszkalnym w budynku mieszkalnym wielorodzinnym","address":"Pocztowa 7, Rakoniewice","city":"Rakoniewice","office":"Starosta Powiatu Grodzisk Wielkopolski","case_kind":"Obiekt budowlany inny niż budynek mieszkalny jednorodzinny","parcel_ids":["300504_4.0001.535/1"],"location_quality":"dokładny","gunb_url":"https://wyszukiwarka.gunb.gov.pl/","parcel_count":1,"parcel_shard":"x065-y208","parcel_id":"300504_4.0001.535/1","location_source":"powiat grodziski (wielkopolski) (wfs)"}},{"type":"Feature","id":"ST-WK-WI/WNIOSEK/22245/2025::300504_4.0001.546","geometry":{"type":"Polygon","coordinates":[[[16.2731291398337,52.1383647087305],[16.2731593322172,52.1384013508017],[16.2731580076423,52.1384033256226],[16.2732073262455,52.138412770554],[16.2732083550523,52.1384115142062],[16.2732762390285,52.1383891765163],[16.2732755137917,52.1383881863838],[16.273408771464,52.1383488971285],[16.2733598712325,52.1382860629953],[16.2732795657803,52.1383097257172],[16.273284354361,52.1383158471988],[16.2731291398337,52.1383647087305]]]},"properties":{"case_id":"ST-WK-WI/WNIOSEK/22245/2025","source_type":"wniosek_decyzja","received_date":"2025-10-08","decision_date":"2025-10-30","status":"decyzja wydana","description":"Rozbudowa instalacji gazowej wewnętrznej w lokalu mieszkalnym w budynku mieszkalnym wielorodzinnym","address":"Pocztowa 1, Rakoniewice","city":"Rakoniewice","office":"Starosta Powiatu Grodzisk Wielkopolski","case_kind":"Obiekt budowlany inny niż budynek mieszkalny jednorodzinny","parcel_ids":["300504_4.0001.546"],"location_quality":"dokładny","gunb_url":"https://wyszukiwarka.gunb.gov.pl/","parcel_count":1,"parcel_shard":"x065-y208","parcel_id":"300504_4.0001.546","location_source":"powiat grodziski (wielkopolski) (wfs)"}},{"type":"Feature","id":"ST-WK-WI/WNIOSEK/2122/2026::300504_4.0001.570","geometry":{"type":"Polygon","coordinates":[[[16.2745527554614,52.1383657029633],[16.2755677723485,52.1380059169013],[16.2750358139544,52.1373741616176],[16.2742225010169,52.1376500800332],[16.2739670465388,52.1377372284874],[16.2741517535873,52.1379487144395],[16.2744354286215,52.1382299471933],[16.2745527554614,52.1383657029633]]]},"properties":{"case_id":"ST-WK-WI/WNIOSEK/2122/2026","source_type":"wniosek_decyzja","received_date":"2025-12-19","decision_date":"2026-02-05","status":"decyzja wydana","description":"Rozbiórka istniejącej i budowa nowej wolnostojącej kapliczki przy kościele pw. Św. Marcina i Stanisława Bpa w Rakoniewicach","address":"Rakoniewice","city":"Rakoniewice","office":"Starosta Powiatu Grodzisk Wielkopolski","case_kind":"Obiekt budowlany inny niż budynek mieszkalny jednorodzinny","parcel_ids":["300504_4.0001.570"],"location_quality":"dokładny","gunb_url":"https://wyszukiwarka.gunb.gov.pl/","parcel_count":1,"parcel_shard":"x065-y208","parcel_id":"300504_4.0001.570","location_source":"powiat grodziski (wielkopolski) (wfs)"}},{"type":"Feature","id":"ST-WK-WI/WNIOSEK/23588/2025::300504_4.0001.61/6","geometry":{"type":"Polygon","coordinates":[[[16.2639082870908,52.1384993595527],[16.2634643674839,52.1383345957748],[16.2634037661874,52.1383353349364],[16.2632776243206,52.1383945714673],[16.2632640200132,52.1383835716163],[16.2626018932296,52.1386898858659],[16.2629350265509,52.1389570428891],[16.2630889122253,52.1388847310028],[16.2633789624073,52.1387483388645],[16.2636691536453,52.1386118559673],[16.2639082870908,52.1384993595527]]]},"properties":{"case_id":"ST-WK-WI/WNIOSEK/23588/2025","source_type":"wniosek_decyzja","received_date":"2025-10-10","decision_date":"2025-12-02","status":"decyzja wydana","description":"budowa budynku gospodarczo-garażowego","address":"5b, Rakoniewice","city":"Rakoniewice","office":"Starosta Powiatu Grodzisk Wielkopolski","case_kind":"Obiekt budowlany inny niż budynek mieszkalny jednorodzinny","parcel_ids":["300504_4.0001.61/6","300504_4.0001.63/3","300504_4.0001.63/4"],"location_quality":"dokładny","gunb_url":"https://wyszukiwarka.gunb.gov.pl/","parcel_count":3,"parcel_shard":"x065-y208","parcel_id":"300504_4.0001.61/6","location_source":"powiat grodziski (wielkopolski) (wfs)"}},{"type":"Feature","id":"ST-WK-WI/WNIOSEK/23588/2025::300504_4.0001.63/3","geometry":{"type":"Polygon","coordinates":[[[16.2636643015359,52.1389783444017],[16.2633789624073,52.1387483388645],[16.2630889122253,52.1388847310028],[16.2633799283901,52.1391190636365],[16.2636643015359,52.1389783444017]]]},"properties":{"case_id":"ST-WK-WI/WNIOSEK/23588/2025","source_type":"wniosek_decyzja","received_date":"2025-10-10","decision_date":"2025-12-02","status":"decyzja wydana","description":"budowa budynku gospodarczo-garażowego","address":"5b, Rakoniewice","city":"Rakoniewice","office":"Starosta Powiatu Grodzisk Wielkopolski","case_kind":"Obiekt budowlany inny niż budynek mieszkalny jednorodzinny","parcel_ids":["300504_4.0001.61/6","300504_4.0001.63/3","300504_4.0001.63/4"],"location_quality":"dokładny","gunb_url":"https://wyszukiwarka.gunb.gov.pl/","parcel_count":3,"parcel_shard":"x065-y208","parcel_id":"300504_4.0001.63/3","location_source":"powiat grodziski (wielkopolski) (wfs)"}},{"type":"Feature","id":"ST-WK-WI/WNIOSEK/23588/2025::300504_4.0001.63/4","geometry":{"type":"Polygon","coordinates":[[[16.2630735835415,52.1393532951968],[16.2631805173546,52.1393045164933],[16.2631828234293,52.1393034131809],[16.263250593089,52.1392724008219],[16.2633891063845,52.1392059265672],[16.2633914119185,52.1392048228423],[16.2634509028579,52.1391762734418],[16.2633799283901,52.1391190636365],[16.2630889122253,52.1388847310028],[16.2629350265509,52.1389570428891],[16.2627268162561,52.1390550397161],[16.2630735835415,52.1393532951968]]]},"properties":{"case_id":"ST-WK-WI/WNIOSEK/23588/2025","source_type":"wniosek_decyzja","received_date":"2025-10-10","decision_date":"2025-12-02","status":"decyzja wydana","description":"budowa budynku gospodarczo-garażowego","address":"5b, Rakoniewice","city":"Rakoniewice","office":"Starosta Powiatu Grodzisk Wielkopolski","case_kind":"Obiekt budowlany inny niż budynek mieszkalny jednorodzinny","parcel_ids":["300504_4.0001.61/6","300504_4.0001.63/3","300504_4.0001.63/4"],"location_quality":"dokładny","gunb_url":"https://wyszukiwarka.gunb.gov.pl/","parcel_count":3,"parcel_shard":"x065-y208","parcel_id":"300504_4.0001.63/4","location_source":"powiat grodziski (wielkopolski) (wfs)"}},{"type":"Feature","id":"ST-WK-WI/WNIOSEK/16106/2026::300504_4.0001.653/28","geometry":{"type":"Polygon","coordinates":[[[16.2664121234576,52.135806965494],[16.2661741850657,52.1359232318512],[16.2664143176151,52.1361136926289],[16.2666693047229,52.1360050091924],[16.2664121234576,52.135806965494]]]},"properties":{"case_id":"ST-WK-WI/WNIOSEK/16106/2026","source_type":"wniosek_decyzja","received_date":"2026-04-10","decision_date":"2026-08-25","status":"decyzja wydana","description":"Przebudowa i zmiana sposobu użytkowania hotelu z mieszkaniami na budynek mieszkalny wielorodzinny","address":"Rakoniewice","city":"Rakoniewice","office":"Starosta Powiatu Grodzisk Wielkopolski","case_kind":"Obiekt budowlany inny niż budynek mieszkalny jednorodzinny","parcel_ids":["300504_4.0001.653/28","300504_4.0001.653/29"],"location_quality":"dokładny","gunb_url":"https://wyszukiwarka.gunb.gov.pl/","parcel_count":2,"parcel_shard":"x065-y208","parcel_id":"300504_4.0001.653/28","location_source":"powiat grodziski (wielkopolski) (wfs)"}},{"type":"Feature","id":"ST-WK-WI/WNIOSEK/16106/2026::300504_4.0001.653/29","geometry":{"type":"Polygon","coordinates":[[[16.2667323922863,52.13597817396],[16.2667008278326,52.1359535769342],[16.2664737677921,52.1357768022318],[16.2664121234576,52.135806965494],[16.2666693047229,52.1360050091924],[16.2667323922863,52.13597817396]]]},"properties":{"case_id":"ST-WK-WI/WNIOSEK/16106/2026","source_type":"wniosek_decyzja","received_date":"2026-04-10","decision_date":"2026-08-25","status":"decyzja wydana","description":"Przebudowa i zmiana sposobu użytkowania hotelu z mieszkaniami na budynek mieszkalny wielorodzinny","address":"Rakoniewice","city":"Rakoniewice","office":"Starosta Powiatu Grodzisk Wielkopolski","case_kind":"Obiekt budowlany inny niż budynek mieszkalny jednorodzinny","parcel_ids":["300504_4.0001.653/28","300504_4.0001.653/29"],"location_quality":"dokładny","gunb_url":"https://wyszukiwarka.gunb.gov.pl/","parcel_count":2,"parcel_shard":"x065-y208","parcel_id":"300504_4.0001.653/29","location_source":"powiat grodziski (wielkopolski) (wfs)"}},{"type":"Feature","id":"ST-WK-WI/WNIOSEK/9781/2026::300504_4.0001.69","geometry":{"type":"Polygon","coordinates":[[[16.2626786122588,52.140819061686],[16.2631681933082,52.1406048803235],[16.2627736849365,52.1402715624564],[16.2622720569263,52.1404722376475],[16.2626786122588,52.140819061686]]]},"properties":{"case_id":"ST-WK-WI/WNIOSEK/9781/2026","source_type":"wniosek_decyzja","received_date":"2025-12-30","decision_date":"2026-02-26","status":"decyzja wydana","description":"Zmiana pozwolenia na budowę nr 167/2024 z dnia 17.04.2024r. (BS.6740.102.2024) w zakresie rezygnacji z budowy zbiornika bezodpływowego i budowy przydomowej oczyszczalni ścieków","address":"Słoneczna, Rakoniewice","city":"Rakoniewice","office":"Starosta Powiatu Grodzisk Wielkopolski","case_kind":"Obiekt budowlany inny niż budynek mieszkalny jednorodzinny","parcel_ids":["300504_4.0001.69"],"location_quality":"dokładny","gunb_url":"https://wyszukiwarka.gunb.gov.pl/","parcel_count":1,"parcel_shard":"x065-y208","parcel_id":"300504_4.0001.69","location_source":"powiat grodziski (wielkopolski) (wfs)"}},{"type":"Feature","id":"ST-WK-WI/WNIOSEK/11092/2026::300504_4.0001.723/1","geometry":{"type":"Polygon","coordinates":[[[16.2712334831628,52.1355209200327],[16.2713801603232,52.1355119509271],[16.2713793116427,52.1355065569287],[16.2715172705776,52.1354888528967],[16.2715869894252,52.1354782047842],[16.2715272942723,52.1352161248731],[16.2712651648542,52.1352731809386],[16.2711822320196,52.1352785978375],[16.2712334831628,52.1355209200327]]]},"properties":{"case_id":"ST-WK-WI/WNIOSEK/11092/2026","source_type":"wniosek_decyzja","received_date":"2026-01-21","decision_date":"2026-03-27","status":"decyzja wydana","description":"Rozbudowa instalacji gazowej wewnętrznej w lokalu mieszkalnym w budynku mieszkalnym wielorodzinnym","address":"Zamkowa 5, Rakoniewice","city":"Rakoniewice","office":"Starosta Powiatu Grodzisk Wielkopolski","case_kind":"Obiekt budowlany inny niż budynek mieszkalny jednorodzinny","parcel_ids":["300504_4.0001.723/1"],"location_quality":"dokładny","gunb_url":"https://wyszukiwarka.gunb.gov.pl/","parcel_count":1,"parcel_shard":"x065-y208","parcel_id":"300504_4.0001.723/1","location_source":"powiat grodziski (wielkopolski) (wfs)"}},{"type":"Feature","id":"ST-WK-WI/WNIOSEK/22389/2025::300504_4.0001.742/5","geometry":{"type":"Polygon","coordinates":[[[16.2761309151565,52.1316035082912],[16.2764155826904,52.131470814466],[16.2763482359943,52.1313987374115],[16.2760494368352,52.1315377859997],[16.2761309151565,52.1316035082912]]]},"properties":{"case_id":"ST-WK-WI/WNIOSEK/22389/2025","source_type":"wniosek_decyzja","received_date":"2025-10-13","decision_date":"2025-10-31","status":"decyzja wydana","description":"Zmiana pozwolenia na budowę nr 388/2023 z 12.09.2023 (BS.6740.111.2023) w zakresie budowy instalacji gazowej wewnętrznej i zewnętrznej","address":"Dębowa, Rakoniewice","city":"Rakoniewice","office":"Starosta Powiatu Grodzisk Wielkopolski","case_kind":"Obiekt budowlany inny niż budynek mieszkalny jednorodzinny","parcel_ids":["300504_4.0001.742/5","300504_4.0001.746/1"],"location_quality":"dokładny","gunb_url":"https://wyszukiwarka.gunb.gov.pl/","parcel_count":2,"parcel_shard":"x065-y208","parcel_id":"300504_4.0001.742/5","location_source":"powiat grodziski (wielkopolski) (wfs)"}},{"type":"Feature","id":"ST-WK-WI/WNIOSEK/22389/2025::300504_4.0001.746/1","geometry":{"type":"Polygon","coordinates":[[[16.2760554596848,52.1310789528728],[16.2756915150833,52.1312484571313],[16.2760494368352,52.1315377859997],[16.2763482359943,52.1313987374115],[16.2760554596848,52.1310789528728]]]},"properties":{"case_id":"ST-WK-WI/WNIOSEK/22389/2025","source_type":"wniosek_decyzja","received_date":"2025-10-13","decision_date":"2025-10-31","status":"decyzja wydana","description":"Zmiana pozwolenia na budowę nr 388/2023 z 12.09.2023 (BS.6740.111.2023) w zakresie budowy instalacji gazowej wewnętrznej i zewnętrznej","address":"Dębowa, Rakoniewice","city":"Rakoniewice","office":"Starosta Powiatu Grodzisk Wielkopolski","case_kind":"Obiekt budowlany inny niż budynek mieszkalny jednorodzinny","parcel_ids":["300504_4.0001.742/5","300504_4.0001.746/1"],"location_quality":"dokładny","gunb_url":"https://wyszukiwarka.gunb.gov.pl/","parcel_count":2,"parcel_shard":"x065-y208","parcel_id":"300504_4.0001.746/1","location_source":"powiat grodziski (wielkopolski) (wfs)"}},{"type":"Feature","id":"ST-WK-WI/WNIOSEK/20900/2025::300504_4.0001.810","geometry":{"type":"Polygon","coordinates":[[[16.2737207545729,52.1458624357548],[16.2742169205142,52.1458774098684],[16.2742231614639,52.145798874503],[16.2741675387783,52.1457631786622],[16.2737866806982,52.1457674788935],[16.2737254326561,52.1458041183195],[16.2737207545729,52.1458624357548]]]},"properties":{"case_id":"ST-WK-WI/WNIOSEK/20900/2025","source_type":"wniosek_decyzja","received_date":"2025-10-09","decision_date":"2025-10-14","status":"decyzja wydana","description":"Budowa instalacji gazowej wewnętrznej i zewnętrznej do budynku mieszkalnego jednorodzinnego","address":"Czereśniowa 20, Rakoniewice","city":"Rakoniewice","office":"Starosta Powiatu Grodzisk Wielkopolski","case_kind":"Obiekt budowlany inny niż budynek mieszkalny jednorodzinny","parcel_ids":["300504_4.0001.810"],"location_quality":"dokładny","gunb_url":"https://wyszukiwarka.gunb.gov.pl/","parcel_count":1,"parcel_shard":"x065-y208","parcel_id":"300504_4.0001.810","location_source":"powiat grodziski (wielkopolski) (wfs)"}},{"type":"Feature","id":"ST-WK-WI/WNIOSEK/11121/2026::300504_4.0001.826","geometry":{"type":"Polygon","coordinates":[[[16.2737733919674,52.1456512498348],[16.2741768947941,52.14564645409],[16.2742435453438,52.1456102742765],[16.2742607222796,52.1455357143314],[16.2737046139943,52.1455595386295],[16.2737109047419,52.145615360762],[16.2737733919674,52.1456512498348]]]},"properties":{"case_id":"ST-WK-WI/WNIOSEK/11121/2026","source_type":"wniosek_decyzja","received_date":"2026-04-09","decision_date":"2026-05-14","status":"decyzja wydana","description":"Budowa instalacji gazowej wewnętrznej w budynku mieszkalnym jednorodzinnym","address":"Czereśniowa 18, Rakoniewice","city":"Rakoniewice","office":"Starosta Powiatu Grodzisk Wielkopolski","case_kind":"Obiekt budowlany inny niż budynek mieszkalny jednorodzinny","parcel_ids":["300504_4.0001.826"],"location_quality":"dokładny","gunb_url":"https://wyszukiwarka.gunb.gov.pl/","parcel_count":1,"parcel_shard":"x065-y208","parcel_id":"300504_4.0001.826","location_source":"powiat grodziski (wielkopolski) (wfs)"}},{"type":"Feature","id":"ST-WK-WI/ZGŁOSZENIE/1427/2026::300504_4.0001.84/9","geometry":{"type":"Polygon","coordinates":[[[16.2640425138664,52.1417978093312],[16.2640815330243,52.1417942920895],[16.2642164374668,52.1416408762878],[16.2642214038545,52.1416132948601],[16.2640425138664,52.1417978093312]]]},"properties":{"case_id":"ST-WK-WI/ZGŁOSZENIE/1427/2026","source_type":"zgloszenie","received_date":"2026-04-16","decision_date":null,"status":"Brak sprzeciwu","description":"Budowa sieci elektroenergetycznej obejmujacej napięcie znamionowe nie większe niż 15 kV","address":"Rakoniewice","city":"Rakoniewice","office":"Starosta Powiatu Grodzisk Wielkopolski","case_kind":"budowa nowego/nowych obiektów budowlanych","parcel_ids":["300504_4.0001.84/9","300504_4.0001.92/1"],"location_quality":"dokładny","gunb_url":"https://wyszukiwarka.gunb.gov.pl/","parcel_count":2,"parcel_shard":"x065-y208","parcel_id":"300504_4.0001.84/9","location_source":"powiat grodziski (wielkopolski) (wfs)"}},{"type":"Feature","id":"ST-WK-WI/ZGŁOSZENIE/1427/2026::300504_4.0001.92/1","geometry":{"type":"Polygon","coordinates":[[[16.2614985077694,52.1454268482616],[16.2617996666626,52.144990300031],[16.2620518066813,52.1446051613208],[16.2622428237684,52.1443133669796],[16.2623622631602,52.1441309840778],[16.2624009913912,52.1441001452168],[16.2624301567183,52.1440546379324],[16.2625805641869,52.1438282075141],[16.2625868365327,52.1438187647724],[16.2626003996556,52.1437954248753],[16.2628917536953,52.1434230333895],[16.2629544070702,52.1433429017216],[16.2630879752323,52.1431744636973],[16.2632294064069,52.1429960904381],[16.2632704236631,52.1429465622024],[16.2633078936224,52.1429048458602],[16.2634429330406,52.1427543077087],[16.2635334874975,52.1426461009463],[16.2638344083051,52.1422854092328],[16.2639203656629,52.1423001401303],[16.2643807387182,52.1417010594109],[16.2645453422421,52.1415386249995],[16.2646403449773,52.141444895449],[16.2647332171187,52.1413777618888],[16.2651244432878,52.1410840498916],[16.265986854096,52.1406586329289],[16.2665144175944,52.1404229533021],[16.2667131221059,52.140331669564],[16.2667881243379,52.1402916416003],[16.2668605869135,52.1402623037101],[16.2672829735977,52.1400273780985],[16.2672346165907,52.1398354905215],[16.2669659943521,52.1400175875668],[16.2669129687126,52.1400535330113],[16.2667287981703,52.1401513121129],[16.2667068591235,52.1401629598612],[16.2665590628643,52.1402398739234],[16.2665328653288,52.1402217576465],[16.2664545875364,52.140257717112],[16.2661967462871,52.1403761641698],[16.266108371965,52.1404167612798],[16.2659394140608,52.140495104306],[16.2656825572934,52.1406141250989],[16.2656096362578,52.1406479234519],[16.2655550071734,52.1406754069513],[16.2653886492786,52.1407622176956],[16.2652427267819,52.1408383605327],[16.2650551249485,52.1409371144847],[16.2649445010618,52.140995319142],[16.2646823443008,52.1411541458453],[16.2645608278217,52.1412125166748],[16.2641007786326,52.141433619388],[16.2640328775228,52.1414662452272],[16.2642025705667,52.1414735931678],[16.264213709703,52.1414940167463],[16.264235846668,52.1415339648642],[16.2642214038545,52.1416132948601],[16.2642164374668,52.1416408762878],[16.2640815330243,52.1417942920895],[16.2640425138664,52.1417978093312],[16.2637836482243,52.1420514566361],[16.2635822409642,52.1421571958996],[16.2635592627819,52.1422757833113],[16.2635618378149,52.1423410367018],[16.2635012752075,52.1424129046546],[16.2634493572847,52.1424797568878],[16.2633441611,52.142621996534],[16.2632982564973,52.1426841872555],[16.2631788750104,52.1428293642133],[16.2631017667999,52.1429084786233],[16.2630351181182,52.1429983986751],[16.2629889111806,52.143062386113],[16.2628055502994,52.143316990441],[16.2626260147896,52.1435661197764],[16.2624832299973,52.1437987855641],[16.2623486954483,52.1440180764445],[16.2623267398661,52.1440538019989],[16.2617456860922,52.1448680550485],[16.261688046601,52.1449602653972],[16.2614154775912,52.1453994137543],[16.2614985077694,52.1454268482616]]]},"properties":{"case_id":"ST-WK-WI/ZGŁOSZENIE/1427/2026","source_type":"zgloszenie","received_date":"2026-04-16","decision_date":null,"status":"Brak sprzeciwu","description":"Budowa sieci elektroenergetycznej obejmujacej napięcie znamionowe nie większe niż 15 kV","address":"Rakoniewice","city":"Rakoniewice","office":"Starosta Powiatu Grodzisk Wielkopolski","case_kind":"budowa nowego/nowych obiektów budowlanych","parcel_ids":["300504_4.0001.84/9","300504_4.0001.92/1"],"location_quality":"dokładny","gunb_url":"https://wyszukiwarka.gunb.gov.pl/","parcel_count":2,"parcel_shard":"x065-y208","parcel_id":"300504_4.0001.92/1","location_source":"powiat grodziski (wielkopolski) (wfs)"}},{"type":"Feature","id":"ST-WK-WI/WNIOSEK/11033/2026::300504_4.0001.904","geometry":{"type":"Polygon","coordinates":[[[16.278740812119,52.1469564625518],[16.2789255119102,52.1468583110877],[16.2790028487799,52.1468171157073],[16.2787139511156,52.1466296402643],[16.2786282491099,52.1466785486317],[16.2785622256997,52.1467066438801],[16.278740812119,52.1469564625518]]]},"properties":{"case_id":"ST-WK-WI/WNIOSEK/11033/2026","source_type":"wniosek_decyzja","received_date":"2026-04-01","decision_date":"2026-05-27","status":"decyzja wydana","description":"dokończenie budowy, przebudowa, rozbudowa budynku mieszkalnego jednorodzinnego w zabudowie bliźniaczej, dwulokalowego","address":"Rakoniewice","city":"Rakoniewice","office":"Starosta Powiatu Grodzisk Wielkopolski","case_kind":"Budynek mieszkalny jednorodzinny","parcel_ids":["300504_4.0001.904"],"location_quality":"dokładny","gunb_url":"https://wyszukiwarka.gunb.gov.pl/","parcel_count":1,"parcel_shard":"x065-y208","parcel_id":"300504_4.0001.904","location_source":"powiat grodziski (wielkopolski) (wfs)"}},{"type":"Feature","id":"ST-WK-WI/WNIOSEK/20903/2025::300504_4.0001.912","geometry":{"type":"Polygon","coordinates":[[[16.279188842911,52.1465462338495],[16.2795070536351,52.1463607977081],[16.2794065806149,52.1462955425144],[16.2793028728344,52.1462934606041],[16.279239292813,52.1463298289361],[16.2790350755719,52.1464463677224],[16.279188842911,52.1465462338495]]]},"properties":{"case_id":"ST-WK-WI/WNIOSEK/20903/2025","source_type":"wniosek_decyzja","received_date":"2025-10-10","decision_date":"2025-10-14","status":"decyzja wydana","description":"Rozbudowa wewnętrznej instalacji gazowej na potrzeby istniejącego budynku mieszkalnego jednorodzinnego","address":"Rzemieślnicza 17, Rakoniewice","city":"Rakoniewice","office":"Starosta Powiatu Grodzisk Wielkopolski","case_kind":"Obiekt budowlany inny niż budynek mieszkalny jednorodzinny","parcel_ids":["300504_4.0001.912"],"location_quality":"dokładny","gunb_url":"https://wyszukiwarka.gunb.gov.pl/","parcel_count":1,"parcel_shard":"x065-y208","parcel_id":"300504_4.0001.912","location_source":"powiat grodziski (wielkopolski) (wfs)"}},{"type":"Feature","id":"ST-WK-WI/WNIOSEK/15927/2026::300504_4.0001.96/2","geometry":{"type":"Polygon","coordinates":[[[16.2655056137369,52.1417859970487],[16.2666927871551,52.1412164213754],[16.2666708217331,52.141199129972],[16.265986854096,52.1406586329289],[16.2651244432878,52.1410840498916],[16.2647332171187,52.1413777618888],[16.2655056137369,52.1417859970487]]]},"properties":{"case_id":"ST-WK-WI/WNIOSEK/15927/2026","source_type":"wniosek_decyzja","received_date":"2026-02-27","decision_date":"2026-08-20","status":"decyzja wydana","description":"Budowa czterech budynków mieszkalnych wielorodzinnych dwukondygnacyjnych wraz z infrastrukturą towarzyszącą, taką jak: wodna, kanalizacji sanitarnej i deszczowej wraz z 4 szczelnymi zbiornikami na deszczówkę (o pojemności 10m3) oraz 2 wiatami śmietnikowymi, 3 wiatami rowerowymi, utwardzeniami, oraz ogrodzeniem z murem oporowym","address":"Rakoniewice","city":"Rakoniewice","office":"Starosta Powiatu Grodzisk Wielkopolski","case_kind":"Obiekt budowlany inny niż budynek mieszkalny jednorodzinny","parcel_ids":["300504_4.0001.96/2"],"location_quality":"dokładny","gunb_url":"https://wyszukiwarka.gunb.gov.pl/","parcel_count":1,"parcel_shard":"x065-y208","parcel_id":"300504_4.0001.96/2","location_source":"powiat grodziski (wielkopolski) (wfs)"}},{"type":"Feature","id":"ST-WK-WI/WNIOSEK/4777/2026::300504_5.0005.101/11","geometry":{"type":"Polygon","coordinates":[[[16.2959864360446,52.1519471156212],[16.2962784566431,52.1518890771694],[16.2961391435194,52.1516355178592],[16.2958527926096,52.1516925049553],[16.2959864360446,52.1519471156212]]]},"properties":{"case_id":"ST-WK-WI/WNIOSEK/4777/2026","source_type":"wniosek_decyzja","received_date":"2026-02-09","decision_date":"2026-03-24","status":"decyzja wydana","description":"Budowa budynku mieszkalnego jednorodzinnego wraz z infrastrukturą towarzyszącą","address":"Drzymałowo","city":"Drzymałowo","office":"Starosta Powiatu Grodzisk Wielkopolski","case_kind":"Budynek mieszkalny jednorodzinny","parcel_ids":["300504_5.0005.101/11"],"location_quality":"dokładny","gunb_url":"https://wyszukiwarka.gunb.gov.pl/","parcel_count":1,"parcel_shard":"x065-y208","parcel_id":"300504_5.0005.101/11","location_source":"powiat grodziski (wielkopolski) (wfs)"}},{"type":"Feature","id":"ST-WK-WI/WNIOSEK/11077/2026::300504_5.0005.101/13","geometry":{"type":"Polygon","coordinates":[[[16.2957190020413,52.1514378058633],[16.2959998346039,52.1513820482187],[16.2958412375247,52.1510932862013],[16.2955853643239,52.1511832847052],[16.2957190020413,52.1514378058633]]]},"properties":{"case_id":"ST-WK-WI/WNIOSEK/11077/2026","source_type":"wniosek_decyzja","received_date":"2026-04-01","decision_date":"2026-05-14","status":"decyzja wydana","description":"Zmiana pozwolenia na budowę nr 642/2024 z dnia 27.11.2024r. (BS.6740.592.2024) w zakresie budowy instalacji gazowej","address":"Drzymałowo","city":"Drzymałowo","office":"Starosta Powiatu Grodzisk Wielkopolski","case_kind":"Obiekt budowlany inny niż budynek mieszkalny jednorodzinny","parcel_ids":["300504_5.0005.101/13"],"location_quality":"dokładny","gunb_url":"https://wyszukiwarka.gunb.gov.pl/","parcel_count":1,"parcel_shard":"x065-y208","parcel_id":"300504_5.0005.101/13","location_source":"powiat grodziski (wielkopolski) (wfs)"}},{"type":"Feature","id":"ST-WK-WI/WNIOSEK/19658/2025::300504_5.0005.101/5","geometry":{"type":"Polygon","coordinates":[[[16.2967886212835,52.1534747727984],[16.2971143639081,52.153410249438],[16.2969748924578,52.1531566029901],[16.2966548224869,52.1532201647692],[16.2967886212835,52.1534747727984]]]},"properties":{"case_id":"ST-WK-WI/WNIOSEK/19658/2025","source_type":"wniosek_decyzja","received_date":"2025-09-09","decision_date":"2025-10-02","status":"decyzja wydana","description":"budowa budynku mieszkalnego jednorodzinnego w zabudowie wolnostojącej typ. : \"MOKKA 19\", zbiornik bezodpływowy na ścieki, studnia","address":"Drzymałowo","city":"Drzymałowo","office":"Starosta Powiatu Grodzisk Wielkopolski","case_kind":"Obiekt budowlany inny niż budynek mieszkalny jednorodzinny","parcel_ids":["300504_5.0005.101/5"],"location_quality":"dokładny","gunb_url":"https://wyszukiwarka.gunb.gov.pl/","parcel_count":1,"parcel_shard":"x065-y208","parcel_id":"300504_5.0005.101/5","location_source":"powiat grodziski (wielkopolski) (wfs)"}},{"type":"Feature","id":"ST-WK-WI/WNIOSEK/7164/2026::300504_5.0005.103/4","geometry":{"type":"Polygon","coordinates":[[[16.2948089236934,52.1554728425246],[16.2949463956017,52.155565595905],[16.2953890347986,52.1558825132918],[16.2969993367716,52.1550647133149],[16.2971233502674,52.1550018258771],[16.296811516248,52.1544545879447],[16.2948089236934,52.1554728425246]]]},"properties":{"case_id":"ST-WK-WI/WNIOSEK/7164/2026","source_type":"wniosek_decyzja","received_date":"2026-02-24","decision_date":"2026-04-16","status":"decyzja wydana","description":"Rozbudowa (przedłużenie) obiektu hali namiotowej wraz z wykonaniem niezbędnej infrastruktury technicznej","address":"Drzymałowo","city":"Drzymałowo","office":"Starosta Powiatu Grodzisk Wielkopolski","case_kind":"Obiekt budowlany inny niż budynek mieszkalny jednorodzinny","parcel_ids":["300504_5.0005.103/4"],"location_quality":"dokładny","gunb_url":"https://wyszukiwarka.gunb.gov.pl/","parcel_count":1,"parcel_shard":"x065-y208","parcel_id":"300504_5.0005.103/4","location_source":"powiat grodziski (wielkopolski) (wfs)"}},{"type":"Feature","id":"ST-WK-WI/WNIOSEK/26461/2025::300504_5.0005.103/4","geometry":{"type":"Polygon","coordinates":[[[16.2948089236934,52.1554728425246],[16.2949463956017,52.155565595905],[16.2953890347986,52.1558825132918],[16.2969993367716,52.1550647133149],[16.2971233502674,52.1550018258771],[16.296811516248,52.1544545879447],[16.2948089236934,52.1554728425246]]]},"properties":{"case_id":"ST-WK-WI/WNIOSEK/26461/2025","source_type":"wniosek_decyzja","received_date":"2025-11-03","decision_date":"2025-12-31","status":"decyzja wydana","description":"Rozbudowa i częściowa przebudowa budynku handlowego","address":"Drzymałowo","city":"Drzymałowo","office":"Starosta Powiatu Grodzisk Wielkopolski","case_kind":"Obiekt budowlany inny niż budynek mieszkalny jednorodzinny","parcel_ids":["300504_5.0005.103/4"],"location_quality":"dokładny","gunb_url":"https://wyszukiwarka.gunb.gov.pl/","parcel_count":1,"parcel_shard":"x065-y208","parcel_id":"300504_5.0005.103/4","location_source":"powiat grodziski (wielkopolski) (wfs)"}},{"type":"Feature","id":"ST-WK-WI/ZGŁOSZENIE/1106/2026::300504_5.0005.167/13","geometry":{"type":"Polygon","coordinates":[[[16.2922765994348,52.1454763784613],[16.2923675469674,52.145502648123],[16.2925398658024,52.1458223041211],[16.292677955512,52.1460782091623],[16.2926315935096,52.1461350493887],[16.2923750188263,52.1461873496685],[16.2920492126574,52.1462538985739],[16.292086036025,52.1463220621901],[16.2924118423069,52.1462556030691],[16.2926684176688,52.1462032128168],[16.292760663783,52.1462317339296],[16.2928757384928,52.1464449579573],[16.293013684559,52.1467008623709],[16.292967322332,52.1467577027307],[16.2927108891415,52.1468100039671],[16.2923850789548,52.1468765538217],[16.2924217136674,52.1469448263596],[16.292747504129,52.1468783368403],[16.2930095301479,52.1468248596459],[16.2931918141795,52.1467876264612],[16.2924569989891,52.1454336706189],[16.2922765994348,52.1454763784613]]]},"properties":{"case_id":"ST-WK-WI/ZGŁOSZENIE/1106/2026","source_type":"zgloszenie","received_date":"2026-03-16","decision_date":null,"status":"Brak sprzeciwu","description":"Rozbudowa sieci wodociągowej i kanalizacji sanitarnej","address":"Drzymałowo","city":"Drzymałowo","office":"Starosta Powiatu Grodzisk Wielkopolski","case_kind":"rozbudowa istniejącego/istniejących obiektów budowlanych","parcel_ids":["300504_5.0005.167/13","300504_5.0005.167/23","300504_5.0005.433"],"location_quality":"dokładny","gunb_url":"https://wyszukiwarka.gunb.gov.pl/","parcel_count":3,"parcel_shard":"x065-y208","parcel_id":"300504_5.0005.167/13","location_source":"powiat grodziski (wielkopolski) (wfs)"}},{"type":"Feature","id":"ST-WK-WI/ZGŁOSZENIE/1106/2026::300504_5.0005.167/23","geometry":{"type":"Polygon","coordinates":[[[16.2909551238435,52.145794103665],[16.2916593046652,52.1471004089353],[16.2918394130718,52.1470636510888],[16.2920959222336,52.1470113149814],[16.2924217136674,52.1469448263596],[16.2923850789548,52.1468765538217],[16.292059268119,52.1469430128902],[16.2918026877822,52.1469954018398],[16.291710442135,52.1469668799811],[16.2915723580324,52.146710973795],[16.2914574349192,52.1464977486598],[16.2915036508928,52.1464409976887],[16.2917602284321,52.1463886103019],[16.292086036025,52.1463220621901],[16.2920492126574,52.1462538985739],[16.2917234058251,52.1463203567018],[16.2914669747574,52.1463727451046],[16.2913745845124,52.1463442227654],[16.2912366489468,52.1460883163494],[16.2910869180865,52.1458106189016],[16.2911319846413,52.1457516173805],[16.2909551238435,52.145794103665]]]},"properties":{"case_id":"ST-WK-WI/ZGŁOSZENIE/1106/2026","source_type":"zgloszenie","received_date":"2026-03-16","decision_date":null,"status":"Brak sprzeciwu","description":"Rozbudowa sieci wodociągowej i kanalizacji sanitarnej","address":"Drzymałowo","city":"Drzymałowo","office":"Starosta Powiatu Grodzisk Wielkopolski","case_kind":"rozbudowa istniejącego/istniejących obiektów budowlanych","parcel_ids":["300504_5.0005.167/13","300504_5.0005.167/23","300504_5.0005.433"],"location_quality":"dokładny","gunb_url":"https://wyszukiwarka.gunb.gov.pl/","parcel_count":3,"parcel_shard":"x065-y208","parcel_id":"300504_5.0005.167/23","location_source":"powiat grodziski (wielkopolski) (wfs)"}},{"type":"Feature","id":"ST-WK-WI/ZGŁOSZENIE/1106/2026::300504_5.0005.433","geometry":{"type":"Polygon","coordinates":[[[16.2904681819814,52.1458582409602],[16.2904870791277,52.1458922588957],[16.2909551238435,52.145794103665],[16.2911319846413,52.1457516173805],[16.2913840992628,52.1456910363922],[16.291704292549,52.1456141336986],[16.2920244854979,52.145537051243],[16.2922765994348,52.1454763784613],[16.2924569989891,52.1454336706189],[16.2927429100071,52.1453375069807],[16.2923640322045,52.1454017919265],[16.292321464485,52.1454100783011],[16.2920753770795,52.1454536719213],[16.2914796536505,52.1456179435453],[16.2910478978765,52.1457231611767],[16.290711934952,52.1458014422734],[16.2904681819814,52.1458582409602]]]},"properties":{"case_id":"ST-WK-WI/ZGŁOSZENIE/1106/2026","source_type":"zgloszenie","received_date":"2026-03-16","decision_date":null,"status":"Brak sprzeciwu","description":"Rozbudowa sieci wodociągowej i kanalizacji sanitarnej","address":"Drzymałowo","city":"Drzymałowo","office":"Starosta Powiatu Grodzisk Wielkopolski","case_kind":"rozbudowa istniejącego/istniejących obiektów budowlanych","parcel_ids":["300504_5.0005.167/13","300504_5.0005.167/23","300504_5.0005.433"],"location_quality":"dokładny","gunb_url":"https://wyszukiwarka.gunb.gov.pl/","parcel_count":3,"parcel_shard":"x065-y208","parcel_id":"300504_5.0005.433","location_source":"powiat grodziski (wielkopolski) (wfs)"}},{"type":"Feature","id":"ST-WK-WI/WNIOSEK/6774/2026::300504_5.0005.225","geometry":{"type":"Polygon","coordinates":[[[16.3022787956545,52.1468554463867],[16.3020475245628,52.1468960209208],[16.3025580632777,52.1478687704739],[16.3027881175632,52.1483232407359],[16.3028278851005,52.1483103689863],[16.3030041682283,52.1482563329298],[16.3028831918223,52.1479605566553],[16.3028005217152,52.1478327473072],[16.3022787956545,52.1468554463867]]]},"properties":{"case_id":"ST-WK-WI/WNIOSEK/6774/2026","source_type":"wniosek_decyzja","received_date":"2026-04-09","decision_date":"2026-05-26","status":"decyzja wydana","description":"Rozbudowa wiaty na maszyny rolnicze o magazyn pasz z kuchnią paszową wraz z niezbędną infrastrukturą towarzyszącą w zabudowie zagrodowej","address":"Drzymałowo","city":"Drzymałowo","office":"Starosta Powiatu Grodzisk Wielkopolski","case_kind":"Obiekt budowlany inny niż budynek mieszkalny jednorodzinny","parcel_ids":["300504_5.0005.225","300504_5.0005.230/2","300504_5.0005.232/1","300504_5.0005.232/2"],"location_quality":"dokładny","gunb_url":"https://wyszukiwarka.gunb.gov.pl/","parcel_count":4,"parcel_shard":"x065-y208","parcel_id":"300504_5.0005.225","location_source":"powiat grodziski (wielkopolski) (wfs)"}},{"type":"Feature","id":"ST-WK-WI/WNIOSEK/6774/2026::300504_5.0005.230/2","geometry":{"type":"Polygon","coordinates":[[[16.3022787956545,52.1468554463867],[16.3028005217152,52.1478327473072],[16.3029847347079,52.147802041515],[16.3030487992447,52.1479181072033],[16.3031961286282,52.1482007197286],[16.3032580632743,52.1481886641708],[16.3030178737434,52.1477327917703],[16.30306187401,52.1477095032585],[16.3029565668311,52.1475105849783],[16.3028607918356,52.1474279610899],[16.3028302254427,52.1473768851145],[16.3028187522223,52.1473792589577],[16.3026875354059,52.1471306218265],[16.3025097568375,52.1467937520797],[16.3022787956545,52.1468554463867]]]},"properties":{"case_id":"ST-WK-WI/WNIOSEK/6774/2026","source_type":"wniosek_decyzja","received_date":"2026-04-09","decision_date":"2026-05-26","status":"decyzja wydana","description":"Rozbudowa wiaty na maszyny rolnicze o magazyn pasz z kuchnią paszową wraz z niezbędną infrastrukturą towarzyszącą w zabudowie zagrodowej","address":"Drzymałowo","city":"Drzymałowo","office":"Starosta Powiatu Grodzisk Wielkopolski","case_kind":"Obiekt budowlany inny niż budynek mieszkalny jednorodzinny","parcel_ids":["300504_5.0005.225","300504_5.0005.230/2","300504_5.0005.232/1","300504_5.0005.232/2"],"location_quality":"dokładny","gunb_url":"https://wyszukiwarka.gunb.gov.pl/","parcel_count":4,"parcel_shard":"x065-y208","parcel_id":"300504_5.0005.230/2","location_source":"powiat grodziski (wielkopolski) (wfs)"}},{"type":"Feature","id":"ST-WK-WI/WNIOSEK/6774/2026::300504_5.0005.232/1","geometry":{"type":"Polygon","coordinates":[[[16.3028187522223,52.1473792589577],[16.3028302254427,52.1473768851145],[16.3028607918356,52.1474279610899],[16.3028824929221,52.1474235956672],[16.302722833929,52.147123510964],[16.3026875354059,52.1471306218265],[16.3028187522223,52.1473792589577]]]},"properties":{"case_id":"ST-WK-WI/WNIOSEK/6774/2026","source_type":"wniosek_decyzja","received_date":"2026-04-09","decision_date":"2026-05-26","status":"decyzja wydana","description":"Rozbudowa wiaty na maszyny rolnicze o magazyn pasz z kuchnią paszową wraz z niezbędną infrastrukturą towarzyszącą w zabudowie zagrodowej","address":"Drzymałowo","city":"Drzymałowo","office":"Starosta Powiatu Grodzisk Wielkopolski","case_kind":"Obiekt budowlany inny niż budynek mieszkalny jednorodzinny","parcel_ids":["300504_5.0005.225","300504_5.0005.230/2","300504_5.0005.232/1","300504_5.0005.232/2"],"location_quality":"dokładny","gunb_url":"https://wyszukiwarka.gunb.gov.pl/","parcel_count":4,"parcel_shard":"x065-y208","parcel_id":"300504_5.0005.232/1","location_source":"powiat grodziski (wielkopolski) (wfs)"}},{"type":"Feature","id":"ST-WK-WI/WNIOSEK/6774/2026::300504_5.0005.232/2","geometry":{"type":"Polygon","coordinates":[[[16.3025097568375,52.1467937520797],[16.3026875354059,52.1471306218265],[16.302722833929,52.147123510964],[16.3028824929221,52.1474235956672],[16.3028607918356,52.1474279610899],[16.3029565668311,52.1475105849783],[16.30306187401,52.1477095032585],[16.3030178737434,52.1477327917703],[16.3032580632743,52.1481886641708],[16.3037413270959,52.1480862480393],[16.3034877215274,52.1476424177467],[16.3032530947609,52.1472829580225],[16.3029267789168,52.1467404283984],[16.3025097568375,52.1467937520797]]]},"properties":{"case_id":"ST-WK-WI/WNIOSEK/6774/2026","source_type":"wniosek_decyzja","received_date":"2026-04-09","decision_date":"2026-05-26","status":"decyzja wydana","description":"Rozbudowa wiaty na maszyny rolnicze o magazyn pasz z kuchnią paszową wraz z niezbędną infrastrukturą towarzyszącą w zabudowie zagrodowej","address":"Drzymałowo","city":"Drzymałowo","office":"Starosta Powiatu Grodzisk Wielkopolski","case_kind":"Obiekt budowlany inny niż budynek mieszkalny jednorodzinny","parcel_ids":["300504_5.0005.225","300504_5.0005.230/2","300504_5.0005.232/1","300504_5.0005.232/2"],"location_quality":"dokładny","gunb_url":"https://wyszukiwarka.gunb.gov.pl/","parcel_count":4,"parcel_shard":"x065-y208","parcel_id":"300504_5.0005.232/2","location_source":"powiat grodziski (wielkopolski) (wfs)"}},{"type":"Feature","id":"ST-WK-WI/WNIOSEK/11364/2026::300504_5.0005.230/2","geometry":{"type":"Polygon","coordinates":[[[16.3022787956545,52.1468554463867],[16.3028005217152,52.1478327473072],[16.3029847347079,52.147802041515],[16.3030487992447,52.1479181072033],[16.3031961286282,52.1482007197286],[16.3032580632743,52.1481886641708],[16.3030178737434,52.1477327917703],[16.30306187401,52.1477095032585],[16.3029565668311,52.1475105849783],[16.3028607918356,52.1474279610899],[16.3028302254427,52.1473768851145],[16.3028187522223,52.1473792589577],[16.3026875354059,52.1471306218265],[16.3025097568375,52.1467937520797],[16.3022787956545,52.1468554463867]]]},"properties":{"case_id":"ST-WK-WI/WNIOSEK/11364/2026","source_type":"wniosek_decyzja","received_date":"2026-04-16","decision_date":"2026-06-16","status":"decyzja wydana","description":"Rozbiórka budynku gospodarczego","address":"Drzymałowo","city":"Drzymałowo","office":"Starosta Powiatu Grodzisk Wielkopolski","case_kind":"Obiekt budowlany inny niż budynek mieszkalny jednorodzinny","parcel_ids":["300504_5.0005.230/2"],"location_quality":"dokładny","gunb_url":"https://wyszukiwarka.gunb.gov.pl/","parcel_count":1,"parcel_shard":"x065-y208","parcel_id":"300504_5.0005.230/2","location_source":"powiat grodziski (wielkopolski) (wfs)"}},{"type":"Feature","id":"ST-WK-WI/WNIOSEK/1076/2026::300504_5.0006.117/6","geometry":{"type":"Polygon","coordinates":[[[16.2764342718605,52.1712532970007],[16.27683003141,52.1713175416742],[16.2769034705331,52.1711463715641],[16.2769390398111,52.171066828432],[16.2765423506178,52.171003665139],[16.2764342718605,52.1712532970007]]]},"properties":{"case_id":"ST-WK-WI/WNIOSEK/1076/2026","source_type":"wniosek_decyzja","received_date":"2025-10-21","decision_date":"2025-12-05","status":"decyzja wydana","description":"Budowa budynku mieszkalnego jednorodzinnego w zabudowie wolnostojącej i zbiornika bezodpływowego","address":"Elżbieciny","city":"Elżbieciny","office":"Starosta Powiatu Grodzisk Wielkopolski","case_kind":"Budynek mieszkalny jednorodzinny","parcel_ids":["300504_5.0006.117/6"],"location_quality":"dokładny","gunb_url":"https://wyszukiwarka.gunb.gov.pl/","parcel_count":1,"parcel_shard":"x065-y208","parcel_id":"300504_5.0006.117/6","location_source":"powiat grodziski (wielkopolski) (wfs)"}},{"type":"Feature","id":"ST-WK-WI/WNIOSEK/9895/2026::300504_5.0009.280/1","geometry":{"type":"Polygon","coordinates":[[[16.255540242777,52.1655260721496],[16.2553009271946,52.1660821005044],[16.2588442231434,52.1663209996289],[16.2590314147573,52.1657574757529],[16.255540242777,52.1655260721496]]]},"properties":{"case_id":"ST-WK-WI/WNIOSEK/9895/2026","source_type":"wniosek_decyzja","received_date":"2026-03-02","decision_date":"2026-05-26","status":"decyzja wydana","description":"Budowa elektrowni fotowoltaicznej","address":"Gola","city":"Gola","office":"Starosta Powiatu Grodzisk Wielkopolski","case_kind":"Obiekt budowlany inny niż budynek mieszkalny jednorodzinny","parcel_ids":["300504_5.0009.280/1","300504_5.0009.280/2"],"location_quality":"dokładny","gunb_url":"https://wyszukiwarka.gunb.gov.pl/","parcel_count":2,"parcel_shard":"x065-y208","parcel_id":"300504_5.0009.280/1","location_source":"powiat grodziski (wielkopolski) (wfs)"}},{"type":"Feature","id":"ST-WK-WI/WNIOSEK/9895/2026::300504_5.0009.280/2","geometry":{"type":"Polygon","coordinates":[[[16.2569452641036,52.1649872542718],[16.2556998705024,52.1651551835853],[16.255540242777,52.1655260721496],[16.2590314147573,52.1657574757529],[16.2592423507834,52.1651224544083],[16.2569452641036,52.1649872542718]]]},"properties":{"case_id":"ST-WK-WI/WNIOSEK/9895/2026","source_type":"wniosek_decyzja","received_date":"2026-03-02","decision_date":"2026-05-26","status":"decyzja wydana","description":"Budowa elektrowni fotowoltaicznej","address":"Gola","city":"Gola","office":"Starosta Powiatu Grodzisk Wielkopolski","case_kind":"Obiekt budowlany inny niż budynek mieszkalny jednorodzinny","parcel_ids":["300504_5.0009.280/1","300504_5.0009.280/2"],"location_quality":"dokładny","gunb_url":"https://wyszukiwarka.gunb.gov.pl/","parcel_count":2,"parcel_shard":"x065-y208","parcel_id":"300504_5.0009.280/2","location_source":"powiat grodziski (wielkopolski) (wfs)"}},{"type":"Feature","id":"ST-WK-WI/ZGŁOSZENIE/1138/2026::300504_5.0010.162","geometry":{"type":"Polygon","coordinates":[[[16.2914844996289,52.1668413113118],[16.2916795809777,52.1664038915675],[16.2917236060897,52.1663229662053],[16.2917499756992,52.1662947236159],[16.2918955762745,52.1661640561124],[16.2921630446479,52.1659564612951],[16.2922018445554,52.1659284419709],[16.2923924067438,52.1657908096386],[16.2925828216258,52.1656531786068],[16.2928438535303,52.165511177914],[16.2932510112753,52.16537791121],[16.293676730567,52.1651993179042],[16.2927019343876,52.1647539808069],[16.2925872457994,52.1648049906238],[16.2935181569882,52.1651998885114],[16.2931145573282,52.1653499253953],[16.2927794139651,52.1654715264488],[16.2924851846267,52.1656350478749],[16.2922085136117,52.1658374306125],[16.291927343324,52.1660446123609],[16.2916058436878,52.1663247051892],[16.291512969268,52.1665448584168],[16.2914187987863,52.1667758117803],[16.2913032040794,52.1670392678173],[16.2911854456476,52.1672936691614],[16.290982991616,52.1678316113927],[16.2908860723522,52.1680962807086],[16.2907591832788,52.1683535678803],[16.2906168860863,52.1686138997612],[16.2904459923294,52.1688633067232],[16.2902460208395,52.1691191998285],[16.2899994058357,52.1693962596543],[16.2901321698129,52.1694070986108],[16.2903522619421,52.1690923688573],[16.2905232455168,52.1688584189143],[16.2906927815573,52.1685997665511],[16.290802767682,52.1683947969248],[16.291022632635,52.1679560058677],[16.2910860001608,52.1677732020008],[16.2911177430983,52.1676816288103],[16.291302402045,52.1672286613667],[16.2913839398722,52.1670764737366],[16.2914844996289,52.1668413113118]]]},"properties":{"case_id":"ST-WK-WI/ZGŁOSZENIE/1138/2026","source_type":"zgloszenie","received_date":"2026-03-23","decision_date":null,"status":"Brak sprzeciwu","description":"Budowa sieci elektroenergetycznej 0,4kV","address":"Goździn","city":"Goździn","office":"Starosta Powiatu Grodzisk Wielkopolski","case_kind":"budowa nowego/nowych obiektów budowlanych","parcel_ids":["300504_5.0010.162"],"location_quality":"dokładny","gunb_url":"https://wyszukiwarka.gunb.gov.pl/","parcel_count":1,"parcel_shard":"x065-y208","parcel_id":"300504_5.0010.162","location_source":"powiat grodziski (wielkopolski) (wfs)"}},{"type":"Feature","id":"ST-WK-WI/WNIOSEK/11037/2026::300504_5.0010.334/7","geometry":{"type":"Polygon","coordinates":[[[16.2911002540342,52.164254737313],[16.2913742775849,52.164369754759],[16.291621274943,52.1641470150984],[16.2913474008758,52.1640320864651],[16.2911002540342,52.164254737313]]]},"properties":{"case_id":"ST-WK-WI/WNIOSEK/11037/2026","source_type":"wniosek_decyzja","received_date":"2026-04-01","decision_date":"2026-05-21","status":"decyzja wydana","description":"budowa budynku mieszkalnego jednorodzinnego w zabudowie wolnostojącej typ MOKKA 2. zbiornika bezodpływowego na ścieki","address":"Goździn","city":"Goździn","office":"Starosta Powiatu Grodzisk Wielkopolski","case_kind":"Budynek mieszkalny jednorodzinny","parcel_ids":["300504_5.0010.334/7"],"location_quality":"dokładny","gunb_url":"https://wyszukiwarka.gunb.gov.pl/","parcel_count":1,"parcel_shard":"x065-y208","parcel_id":"300504_5.0010.334/7","location_source":"powiat grodziski (wielkopolski) (wfs)"}},{"type":"Feature","id":"ST-WK-WI/WNIOSEK/11108/2026::300504_5.0010.50","geometry":{"type":"Polygon","coordinates":[[[16.2877817529485,52.1668917072085],[16.2887463757656,52.1672259116075],[16.2889617887604,52.1669937404558],[16.2880009785497,52.1666577734605],[16.2877817529485,52.1668917072085]]]},"properties":{"case_id":"ST-WK-WI/WNIOSEK/11108/2026","source_type":"wniosek_decyzja","received_date":"2026-03-16","decision_date":"2026-04-20","status":"decyzja wydana","description":"Rozbudowa instalacji gazowej wewnętrznej w budynku mieszkalnym jednorodzinnym","address":"14, Goździn","city":"Goździn","office":"Starosta Powiatu Grodzisk Wielkopolski","case_kind":"Obiekt budowlany inny niż budynek mieszkalny jednorodzinny","parcel_ids":["300504_5.0010.50"],"location_quality":"dokładny","gunb_url":"https://wyszukiwarka.gunb.gov.pl/","parcel_count":1,"parcel_shard":"x065-y208","parcel_id":"300504_5.0010.50","location_source":"powiat grodziski (wielkopolski) (wfs)"}},{"type":"Feature","id":"ST-WK-WI/WNIOSEK/2125/2026::300504_5.0015.153/1","geometry":{"type":"Polygon","coordinates":[[[16.2723578984054,52.1313113008158],[16.2722886746028,52.1312310619138],[16.2720946115014,52.131013636345],[16.2720083613677,52.1308951308837],[16.2709289834657,52.1313003340971],[16.2710230413339,52.1315876680218],[16.2712280541587,52.1322382448202],[16.2712886709436,52.1322217165051],[16.2728040760865,52.131808498451],[16.2723578984054,52.1313113008158]]]},"properties":{"case_id":"ST-WK-WI/WNIOSEK/2125/2026","source_type":"wniosek_decyzja","received_date":"2025-12-19","decision_date":"2026-02-05","status":"decyzja wydana","description":"Rozbiórka stacji paliw oraz budynku portierni i ogrodzenia","address":"Rakoniewice","city":"Rakoniewice","office":"Starosta Powiatu Grodzisk Wielkopolski","case_kind":"Obiekt budowlany inny niż budynek mieszkalny jednorodzinny","parcel_ids":["300504_5.0015.153/1"],"location_quality":"dokładny","gunb_url":"https://wyszukiwarka.gunb.gov.pl/","parcel_count":1,"parcel_shard":"x065-y208","parcel_id":"300504_5.0015.153/1","location_source":"powiat grodziski (wielkopolski) (wfs)"}},{"type":"Feature","id":"ST-WK-WI/ZGŁOSZENIE/1425/2026::300504_5.0015.225/1","geometry":{"type":"Polygon","coordinates":[[[16.2608813321454,52.155668751892],[16.2610121595472,52.1555382418677],[16.2612347290168,52.1553160967971],[16.2613363517008,52.1552146979728],[16.2614037624858,52.1550989785005],[16.2614233613442,52.1550654289146],[16.2614969535467,52.1548495077411],[16.2615836132222,52.1545949798016],[16.2616767271392,52.1543218685344],[16.2617573818947,52.1540847584894],[16.2618592055927,52.1537859697125],[16.2619536743574,52.1535083689635],[16.2620505452711,52.1532235852962],[16.2621582294696,52.1529070198334],[16.2623076778168,52.1524661065117],[16.2622488387979,52.1524604192439],[16.2621340142281,52.1528068023899],[16.2619765319604,52.1532470585495],[16.2618220162501,52.1536822914077],[16.2616702096537,52.1541246348314],[16.2616016345148,52.1543354501779],[16.2615352096117,52.154566677275],[16.2614907020448,52.1547346105324],[16.2614277267704,52.1549084121875],[16.2613583171213,52.1550667310113],[16.2612490540607,52.1552362370878],[16.261137913047,52.1553714897887],[16.2610720042445,52.1554349903384],[16.2609161814578,52.155581952626],[16.2608813321454,52.155668751892]]]},"properties":{"case_id":"ST-WK-WI/ZGŁOSZENIE/1425/2026","source_type":"zgloszenie","received_date":"2026-04-16","decision_date":null,"status":"Brak sprzeciwu","description":"bUDOWA SIECI ELEKTROENERGETYCZNEJ OBEJMUJĄCEJ NAPIĘCIE ZNAMIONOWE NIE WIĘKSZE NIŻ 15 KV","address":"Terespol","city":"Terespol","office":"Starosta Powiatu Grodzisk Wielkopolski","case_kind":"budowa nowego/nowych obiektów budowlanych","parcel_ids":["300504_5.0015.225/1","300504_5.0015.226/10","300504_5.0015.226/6","300504_5.0015.226/8"],"location_quality":"dokładny","gunb_url":"https://wyszukiwarka.gunb.gov.pl/","parcel_count":4,"parcel_shard":"x065-y208","parcel_id":"300504_5.0015.225/1","location_source":"powiat grodziski (wielkopolski) (wfs)"}},{"type":"Feature","id":"ST-WK-WI/ZGŁOSZENIE/1425/2026::300504_5.0015.226/10","geometry":{"type":"Polygon","coordinates":[[[16.2631087336694,52.1505394658456],[16.2631669586711,52.1505500105532],[16.2632899938456,52.1503041096021],[16.2634067293648,52.1500708348778],[16.2636465086336,52.1495915714805],[16.2635853835803,52.1495805734552],[16.263486761971,52.1497875149073],[16.2632664740577,52.1502121024028],[16.2631087336694,52.1505394658456]]]},"properties":{"case_id":"ST-WK-WI/ZGŁOSZENIE/1425/2026","source_type":"zgloszenie","received_date":"2026-04-16","decision_date":null,"status":"Brak sprzeciwu","description":"bUDOWA SIECI ELEKTROENERGETYCZNEJ OBEJMUJĄCEJ NAPIĘCIE ZNAMIONOWE NIE WIĘKSZE NIŻ 15 KV","address":"Terespol","city":"Terespol","office":"Starosta Powiatu Grodzisk Wielkopolski","case_kind":"budowa nowego/nowych obiektów budowlanych","parcel_ids":["300504_5.0015.225/1","300504_5.0015.226/10","300504_5.0015.226/6","300504_5.0015.226/8"],"location_quality":"dokładny","gunb_url":"https://wyszukiwarka.gunb.gov.pl/","parcel_count":4,"parcel_shard":"x065-y208","parcel_id":"300504_5.0015.226/10","location_source":"powiat grodziski (wielkopolski) (wfs)"}},{"type":"Feature","id":"ST-WK-WI/ZGŁOSZENIE/1425/2026::300504_5.0015.226/6","geometry":{"type":"Polygon","coordinates":[[[16.2622488387979,52.1524604192439],[16.2623076778168,52.1524661065117],[16.2624507936341,52.1520462043286],[16.262530600485,52.1518369558133],[16.2625386932224,52.1518149616947],[16.2626157342878,52.1516522646284],[16.262680785679,52.1515221546779],[16.2626151367573,52.1515102416929],[16.2625150377461,52.1517174426024],[16.2624340422925,52.1519288443482],[16.2622838747841,52.1523687668225],[16.2622488387979,52.1524604192439]]]},"properties":{"case_id":"ST-WK-WI/ZGŁOSZENIE/1425/2026","source_type":"zgloszenie","received_date":"2026-04-16","decision_date":null,"status":"Brak sprzeciwu","description":"bUDOWA SIECI ELEKTROENERGETYCZNEJ OBEJMUJĄCEJ NAPIĘCIE ZNAMIONOWE NIE WIĘKSZE NIŻ 15 KV","address":"Terespol","city":"Terespol","office":"Starosta Powiatu Grodzisk Wielkopolski","case_kind":"budowa nowego/nowych obiektów budowlanych","parcel_ids":["300504_5.0015.225/1","300504_5.0015.226/10","300504_5.0015.226/6","300504_5.0015.226/8"],"location_quality":"dokładny","gunb_url":"https://wyszukiwarka.gunb.gov.pl/","parcel_count":4,"parcel_shard":"x065-y208","parcel_id":"300504_5.0015.226/6","location_source":"powiat grodziski (wielkopolski) (wfs)"}},{"type":"Feature","id":"ST-WK-WI/ZGŁOSZENIE/1425/2026::300504_5.0015.226/8","geometry":{"type":"Polygon","coordinates":[[[16.2626151367573,52.1515102416929],[16.262680785679,52.1515221546779],[16.2629599435924,52.1509642540472],[16.2630099429335,52.1508642045617],[16.2630634582682,52.1507571190069],[16.26311696003,52.1506500601014],[16.2631669586711,52.1505500105532],[16.2631087336694,52.1505394658456],[16.2630589816212,52.1506428436635],[16.2628316454589,52.1510696485247],[16.2626201997628,52.1514999222924],[16.2626151367573,52.1515102416929]]]},"properties":{"case_id":"ST-WK-WI/ZGŁOSZENIE/1425/2026","source_type":"zgloszenie","received_date":"2026-04-16","decision_date":null,"status":"Brak sprzeciwu","description":"bUDOWA SIECI ELEKTROENERGETYCZNEJ OBEJMUJĄCEJ NAPIĘCIE ZNAMIONOWE NIE WIĘKSZE NIŻ 15 KV","address":"Terespol","city":"Terespol","office":"Starosta Powiatu Grodzisk Wielkopolski","case_kind":"budowa nowego/nowych obiektów budowlanych","parcel_ids":["300504_5.0015.225/1","300504_5.0015.226/10","300504_5.0015.226/6","300504_5.0015.226/8"],"location_quality":"dokładny","gunb_url":"https://wyszukiwarka.gunb.gov.pl/","parcel_count":4,"parcel_shard":"x065-y208","parcel_id":"300504_5.0015.226/8","location_source":"powiat grodziski (wielkopolski) (wfs)"}},{"type":"Feature","id":"ST-WK-WI/WNIOSEK/6734/2026::300504_5.0015.226/27","geometry":{"type":"Polygon","coordinates":[[[16.26311696003,52.1506500601014],[16.263214734991,52.1506685946194],[16.2633313763166,52.150690625088],[16.2634291494541,52.1507091587812],[16.2634811266416,52.1506073166922],[16.2631669586711,52.1505500105532],[16.26311696003,52.1506500601014]]]},"properties":{"case_id":"ST-WK-WI/WNIOSEK/6734/2026","source_type":"wniosek_decyzja","received_date":"2025-10-01","decision_date":"2026-02-23","status":"decyzja wydana","description":"zmiana decyzji z dnia 04 maja 2018 r., znak: AB.6740.152.2018, decyzja nr 246/2018- zmiana polegająca na budowie instalacji gazu oraz instalacji gazu- rezerwa techniczna.","address":"Rakoniewice","city":"Rakoniewice","office":"Starosta Powiatu Grodzisk Wielkopolski","case_kind":"Budynek mieszkalny jednorodzinny","parcel_ids":["300504_5.0015.226/27"],"location_quality":"dokładny","gunb_url":"https://wyszukiwarka.gunb.gov.pl/","parcel_count":1,"parcel_shard":"x065-y208","parcel_id":"300504_5.0015.226/27","location_source":"powiat grodziski (wielkopolski) (wfs)"}},{"type":"Feature","id":"ST-WK-WI/WNIOSEK/974/2026::300504_5.0018.15/1","geometry":{"type":"Polygon","coordinates":[[[16.3263506278928,52.1825598127366],[16.3264114515467,52.1825989473452],[16.3268818854939,52.182305310097],[16.3271936906917,52.1821157433213],[16.3284733352271,52.1813376852548],[16.3284217684436,52.181309685463],[16.3263754909707,52.182545241681],[16.3263506278928,52.1825598127366]]]},"properties":{"case_id":"ST-WK-WI/WNIOSEK/974/2026","source_type":"wniosek_decyzja","received_date":"2025-11-18","decision_date":"2026-01-20","status":"decyzja wydana","description":"Budowa zaplecza paszowego gospodarstwa rolnego","address":"Ruchocice","city":"Ruchocice","office":"Starosta Powiatu Grodzisk Wielkopolski","case_kind":"Obiekt budowlany inny niż budynek mieszkalny jednorodzinny","parcel_ids":["300504_5.0018.15/1","300504_5.0018.20","300504_5.0018.21/3","300504_5.0018.22/3","300504_5.0018.25/2","300504_5.0018.507/9"],"location_quality":"dokładny","gunb_url":"https://wyszukiwarka.gunb.gov.pl/","parcel_count":6,"parcel_shard":"x065-y208","parcel_id":"300504_5.0018.15/1","location_source":"powiat grodziski (wielkopolski) (wfs)"}},{"type":"Feature","id":"ST-WK-WI/WNIOSEK/974/2026::300504_5.0018.20","geometry":{"type":"Polygon","coordinates":[[[16.3268818854939,52.182305310097],[16.3287867152383,52.183526359109],[16.3289598360012,52.1834131062886],[16.3271936906917,52.1821157433213],[16.3268818854939,52.182305310097]]]},"properties":{"case_id":"ST-WK-WI/WNIOSEK/974/2026","source_type":"wniosek_decyzja","received_date":"2025-11-18","decision_date":"2026-01-20","status":"decyzja wydana","description":"Budowa zaplecza paszowego gospodarstwa rolnego","address":"Ruchocice","city":"Ruchocice","office":"Starosta Powiatu Grodzisk Wielkopolski","case_kind":"Obiekt budowlany inny niż budynek mieszkalny jednorodzinny","parcel_ids":["300504_5.0018.15/1","300504_5.0018.20","300504_5.0018.21/3","300504_5.0018.22/3","300504_5.0018.25/2","300504_5.0018.507/9"],"location_quality":"dokładny","gunb_url":"https://wyszukiwarka.gunb.gov.pl/","parcel_count":6,"parcel_shard":"x065-y208","parcel_id":"300504_5.0018.20","location_source":"powiat grodziski (wielkopolski) (wfs)"}},{"type":"Feature","id":"ST-WK-WI/WNIOSEK/974/2026::300504_5.0018.21/3","geometry":{"type":"Polygon","coordinates":[[[16.3271936906917,52.1821157433213],[16.3289598360012,52.1834131062886],[16.3298052068149,52.1828598315583],[16.3303524098177,52.1824757979658],[16.3298480468947,52.1821915544597],[16.329249244649,52.18179063122],[16.3284733352271,52.1813376852548],[16.3271936906917,52.1821157433213]]]},"properties":{"case_id":"ST-WK-WI/WNIOSEK/974/2026","source_type":"wniosek_decyzja","received_date":"2025-11-18","decision_date":"2026-01-20","status":"decyzja wydana","description":"Budowa zaplecza paszowego gospodarstwa rolnego","address":"Ruchocice","city":"Ruchocice","office":"Starosta Powiatu Grodzisk Wielkopolski","case_kind":"Obiekt budowlany inny niż budynek mieszkalny jednorodzinny","parcel_ids":["300504_5.0018.15/1","300504_5.0018.20","300504_5.0018.21/3","300504_5.0018.22/3","300504_5.0018.25/2","300504_5.0018.507/9"],"location_quality":"dokładny","gunb_url":"https://wyszukiwarka.gunb.gov.pl/","parcel_count":6,"parcel_shard":"x065-y208","parcel_id":"300504_5.0018.21/3","location_source":"powiat grodziski (wielkopolski) (wfs)"}},{"type":"Feature","id":"ST-WK-WI/WNIOSEK/974/2026::300504_5.0018.22/3","geometry":{"type":"Polygon","coordinates":[[[16.3251607850259,52.1817720509306],[16.3263754909707,52.182545241681],[16.3284217684436,52.181309685463],[16.3281336219052,52.1810807601898],[16.3280887748979,52.1809103961106],[16.3279589923815,52.1807847615298],[16.3277043822012,52.1805279532678],[16.3275943401947,52.1804170168063],[16.3251633208717,52.1817393047824],[16.3251607850259,52.1817720509306]]]},"properties":{"case_id":"ST-WK-WI/WNIOSEK/974/2026","source_type":"wniosek_decyzja","received_date":"2025-11-18","decision_date":"2026-01-20","status":"decyzja wydana","description":"Budowa zaplecza paszowego gospodarstwa rolnego","address":"Ruchocice","city":"Ruchocice","office":"Starosta Powiatu Grodzisk Wielkopolski","case_kind":"Obiekt budowlany inny niż budynek mieszkalny jednorodzinny","parcel_ids":["300504_5.0018.15/1","300504_5.0018.20","300504_5.0018.21/3","300504_5.0018.22/3","300504_5.0018.25/2","300504_5.0018.507/9"],"location_quality":"dokładny","gunb_url":"https://wyszukiwarka.gunb.gov.pl/","parcel_count":6,"parcel_shard":"x065-y208","parcel_id":"300504_5.0018.22/3","location_source":"powiat grodziski (wielkopolski) (wfs)"}},{"type":"Feature","id":"ST-WK-WI/WNIOSEK/974/2026::300504_5.0018.25/2","geometry":{"type":"Polygon","coordinates":[[[16.3277043822012,52.1805279532678],[16.3279589923815,52.1807847615298],[16.3280887748979,52.1809103961106],[16.3281336219052,52.1810807601898],[16.3284217684436,52.181309685463],[16.3284733352271,52.1813376852548],[16.329249244649,52.18179063122],[16.3298480468947,52.1821915544597],[16.3303524098177,52.1824757979658],[16.3304016501834,52.1824425920899],[16.3298997614496,52.1821598840299],[16.3293009598492,52.1817588711713],[16.3284733847222,52.181274135168],[16.3281850331471,52.1810453432257],[16.3281562527634,52.1808898445998],[16.3280599987955,52.1807808011909],[16.327801817936,52.1804881405557],[16.3277043822012,52.1805279532678]]]},"properties":{"case_id":"ST-WK-WI/WNIOSEK/974/2026","source_type":"wniosek_decyzja","received_date":"2025-11-18","decision_date":"2026-01-20","status":"decyzja wydana","description":"Budowa zaplecza paszowego gospodarstwa rolnego","address":"Ruchocice","city":"Ruchocice","office":"Starosta Powiatu Grodzisk Wielkopolski","case_kind":"Obiekt budowlany inny niż budynek mieszkalny jednorodzinny","parcel_ids":["300504_5.0018.15/1","300504_5.0018.20","300504_5.0018.21/3","300504_5.0018.22/3","300504_5.0018.25/2","300504_5.0018.507/9"],"location_quality":"dokładny","gunb_url":"https://wyszukiwarka.gunb.gov.pl/","parcel_count":6,"parcel_shard":"x065-y208","parcel_id":"300504_5.0018.25/2","location_source":"powiat grodziski (wielkopolski) (wfs)"}},{"type":"Feature","id":"ST-WK-WI/WNIOSEK/974/2026::300504_5.0018.507/9","geometry":{"type":"Polygon","coordinates":[[[16.3280599987955,52.1807808011909],[16.3281562527634,52.1808898445998],[16.3281850331471,52.1810453432257],[16.3284733847222,52.181274135168],[16.3293009598492,52.1817588711713],[16.3298997614496,52.1821598840299],[16.3304016501834,52.1824425920899],[16.331140523453,52.181946569621],[16.3313719685029,52.1816820693526],[16.3313709064704,52.1816487181403],[16.3312219173886,52.181531525355],[16.3311701894749,52.1815267920151],[16.3308935827883,52.1816540836264],[16.3307368246011,52.1815395644424],[16.3303363602131,52.1812460948069],[16.3299075506642,52.1809877896446],[16.3297295098204,52.1808572181116],[16.3294954268825,52.18068602127],[16.3289833289752,52.1803117629892],[16.3280599987955,52.1807808011909]]]},"properties":{"case_id":"ST-WK-WI/WNIOSEK/974/2026","source_type":"wniosek_decyzja","received_date":"2025-11-18","decision_date":"2026-01-20","status":"decyzja wydana","description":"Budowa zaplecza paszowego gospodarstwa rolnego","address":"Ruchocice","city":"Ruchocice","office":"Starosta Powiatu Grodzisk Wielkopolski","case_kind":"Obiekt budowlany inny niż budynek mieszkalny jednorodzinny","parcel_ids":["300504_5.0018.15/1","300504_5.0018.20","300504_5.0018.21/3","300504_5.0018.22/3","300504_5.0018.25/2","300504_5.0018.507/9"],"location_quality":"dokładny","gunb_url":"https://wyszukiwarka.gunb.gov.pl/","parcel_count":6,"parcel_shard":"x065-y208","parcel_id":"300504_5.0018.507/9","location_source":"powiat grodziski (wielkopolski) (wfs)"}},{"type":"Feature","id":"ST-WK-WI/WNIOSEK/6845/2026::300504_5.0018.168/6","geometry":{"type":"Polygon","coordinates":[[[16.3367723117308,52.1764124124574],[16.3369852842899,52.1766546627563],[16.3370366733633,52.176637541673],[16.3376266947157,52.176440658383],[16.3374088595495,52.1761923522449],[16.3367723117308,52.1764124124574]]]},"properties":{"case_id":"ST-WK-WI/WNIOSEK/6845/2026","source_type":"wniosek_decyzja","received_date":"2026-02-18","decision_date":"2026-04-13","status":"decyzja wydana","description":"Budowa budynku mieszkalnego jednorodzinnego z wewnętrzną instalacją gazową oraz zbiornika bezodpływowego na ścieki","address":"Ruchocice","city":"Ruchocice","office":"Starosta Powiatu Grodzisk Wielkopolski","case_kind":"Budynek mieszkalny jednorodzinny","parcel_ids":["300504_5.0018.168/6"],"location_quality":"dokładny","gunb_url":"https://wyszukiwarka.gunb.gov.pl/","parcel_count":1,"parcel_shard":"x065-y208","parcel_id":"300504_5.0018.168/6","location_source":"powiat grodziski (wielkopolski) (wfs)"}},{"type":"Feature","id":"ST-WK-WI/WNIOSEK/9151/2026::300504_5.0018.23/25","geometry":{"type":"Polygon","coordinates":[[[16.328964948232,52.1791259100663],[16.3291319356247,52.1793157866814],[16.3296068233451,52.179128759081],[16.3294530903707,52.1789835954565],[16.3294349251245,52.1789689811124],[16.328964948232,52.1791259100663]]]},"properties":{"case_id":"ST-WK-WI/WNIOSEK/9151/2026","source_type":"wniosek_decyzja","received_date":"2026-03-10","decision_date":"2026-05-14","status":"decyzja wydana","description":"Budowa budynku gospodarczo-garażowego","address":"Ruchocice","city":"Ruchocice","office":"Starosta Powiatu Grodzisk Wielkopolski","case_kind":"Obiekt budowlany inny niż budynek mieszkalny jednorodzinny","parcel_ids":["300504_5.0018.23/25"],"location_quality":"dokładny","gunb_url":"https://wyszukiwarka.gunb.gov.pl/","parcel_count":1,"parcel_shard":"x065-y208","parcel_id":"300504_5.0018.23/25","location_source":"powiat grodziski (wielkopolski) (wfs)"}},{"type":"Feature","id":"PL-WP/WNIOSEK/20895/2025::300504_5.0018.301","geometry":{"type":"Polygon","coordinates":[[[16.344820592551,52.191463665116],[16.3439226826106,52.1904095380471],[16.343831357768,52.1901354896377],[16.3435969450236,52.1898549358168],[16.3433903049338,52.1896077716981],[16.3431666757691,52.1893403071459],[16.3426974288257,52.188779111308],[16.3422372927582,52.1882286858911],[16.3405963448908,52.1862657666248],[16.3405437369146,52.1862669936132],[16.3437111862603,52.1901398175005],[16.3438126084688,52.1904449032882],[16.3447105089118,52.1914990757121],[16.3500286412652,52.1977191462938],[16.3500868568076,52.197624488012],[16.3480465798354,52.1952502115357],[16.3463601755903,52.1931619861787],[16.3463097232529,52.1930992837708],[16.344820592551,52.191463665116]]]},"properties":{"case_id":"PL-WP/WNIOSEK/20895/2025","source_type":"wniosek_decyzja","received_date":"2025-10-03","decision_date":"2025-12-04","status":"decyzja wydana","description":"budowa sieci elektroenergetyczne SN 15 kV","address":"Ruchocice","city":"Ruchocice","office":"Wojewoda Wielkopolski","case_kind":"Obiekt budowlany inny niż budynek mieszkalny jednorodzinny","parcel_ids":["300504_5.0018.301","300504_5.0018.302"],"location_quality":"dokładny","gunb_url":"https://wyszukiwarka.gunb.gov.pl/","parcel_count":2,"parcel_shard":"x065-y208","parcel_id":"300504_5.0018.301","location_source":"powiat grodziski (wielkopolski) (wfs)"}},{"type":"Feature","id":"PL-WP/WNIOSEK/20895/2025::300504_5.0018.302","geometry":{"type":"Polygon","coordinates":[[[16.3437111862603,52.1901398175005],[16.3405437369146,52.1862669936132],[16.3404275348384,52.1861278256345],[16.3403318193721,52.1860182661984],[16.3400305788327,52.1856633217042],[16.3394397874178,52.1851716253784],[16.3393535856654,52.1851060001876],[16.3390713798905,52.1849315035425],[16.3390366956105,52.184915987803],[16.3389612896594,52.1848932941226],[16.3378821359752,52.1845796277689],[16.3374609596522,52.1844819300609],[16.3368533219683,52.1843691852961],[16.3367658876273,52.1843477239164],[16.3364530649786,52.1842340276273],[16.3362514041638,52.1840199725342],[16.336266061008,52.1840155198001],[16.3360989286106,52.1838189108233],[16.3359422666759,52.1836497470438],[16.3357686377007,52.1835177726212],[16.3356850818076,52.1834815966859],[16.3353799099038,52.1832132429911],[16.3353383622995,52.1831881862993],[16.3353311231598,52.18311249622],[16.3351315883516,52.1830023100325],[16.3350476069055,52.1829469932274],[16.3350069724001,52.1828889387421],[16.3349266210964,52.1827741675959],[16.3348216606773,52.182624268001],[16.3347507820119,52.1825410099999],[16.3347365778822,52.1825242504522],[16.3346530917666,52.1824258553658],[16.3345119464404,52.182281442455],[16.3342171856588,52.1819801182981],[16.3341877383332,52.1819487533968],[16.3338411732857,52.1815467683684],[16.3337545323789,52.1814268542751],[16.3337004332111,52.1814269266112],[16.3336497278718,52.1814035907631],[16.3336072720185,52.1813334220772],[16.3336454331757,52.1812942507573],[16.3335308997419,52.1811852581102],[16.3336850520914,52.1810252301035],[16.3334193061536,52.1810422985192],[16.3330948350871,52.1811639299242],[16.3331764335939,52.181360223466],[16.3333843466222,52.1814869467367],[16.333558304129,52.1816223227968],[16.3338414527559,52.1819030645047],[16.333976875975,52.1820546988183],[16.3341168141105,52.1822052867272],[16.3343586623927,52.1824190106733],[16.3343893707844,52.1824461478316],[16.3345065092624,52.1825784799587],[16.3347444184448,52.1828276427468],[16.3348526583848,52.1829459634517],[16.3349832619417,52.183059087383],[16.3351558667914,52.1832221606159],[16.3354514045173,52.1834923155846],[16.3355546849388,52.1835867246412],[16.335628096335,52.1836538299892],[16.3357633104635,52.1837889223863],[16.3359575832518,52.1839819500468],[16.3362026547549,52.1842304895001],[16.3362623257779,52.1842844629502],[16.3363537203918,52.1843776870981],[16.3365907889818,52.1844454899379],[16.3369716263952,52.1845263034374],[16.3370932533871,52.1845494632428],[16.3372290351444,52.1845765072544],[16.3375020274045,52.18463920744],[16.3377178280975,52.1847062407608],[16.3381955565927,52.1848180311313],[16.338620895032,52.1849576488268],[16.3388210669351,52.1850397781884],[16.3388771770454,52.1850626909509],[16.3389441015496,52.1850902447827],[16.3391279379954,52.185198086018],[16.3392215606027,52.1852527511954],[16.3393054026942,52.1853079767495],[16.3394004536796,52.1853809618596],[16.3395105715759,52.1854686965184],[16.3396347626235,52.1855770344264],[16.3397994237359,52.1857522355451],[16.3401198521486,52.1861812066533],[16.3414160470361,52.1877153525232],[16.3414947979193,52.1878003859452],[16.3459737082425,52.1931844624271],[16.3460291370909,52.1932521416854],[16.3497626518064,52.1977942762551],[16.3500286412652,52.1977191462938],[16.3447105089118,52.1914990757121],[16.3438126084688,52.1904449032882],[16.3437111862603,52.1901398175005]]]},"properties":{"case_id":"PL-WP/WNIOSEK/20895/2025","source_type":"wniosek_decyzja","received_date":"2025-10-03","decision_date":"2025-12-04","status":"decyzja wydana","description":"budowa sieci elektroenergetyczne SN 15 kV","address":"Ruchocice","city":"Ruchocice","office":"Wojewoda Wielkopolski","case_kind":"Obiekt budowlany inny niż budynek mieszkalny jednorodzinny","parcel_ids":["300504_5.0018.301","300504_5.0018.302"],"location_quality":"dokładny","gunb_url":"https://wyszukiwarka.gunb.gov.pl/","parcel_count":2,"parcel_shard":"x065-y208","parcel_id":"300504_5.0018.302","location_source":"powiat grodziski (wielkopolski) (wfs)"}},{"type":"Feature","id":"ST-WK-WI/WNIOSEK/24058/2025::300504_5.0018.97","geometry":{"type":"Polygon","coordinates":[[[16.3327299494745,52.1763688970975],[16.3327063183768,52.1763770764865],[16.3324794963251,52.1764616102562],[16.3332534997271,52.1772299519008],[16.3335041908681,52.1771379816487],[16.3327299494745,52.1763688970975]]]},"properties":{"case_id":"ST-WK-WI/WNIOSEK/24058/2025","source_type":"wniosek_decyzja","received_date":"2025-11-19","decision_date":"2025-11-27","status":"decyzja wydana","description":"Rozbudowa instalacji gazowej wewnętrznej w budynku mieszkalnym jednorodzinnym","address":"Lipowa 14, Ruchocice","city":"Ruchocice","office":"Starosta Powiatu Grodzisk Wielkopolski","case_kind":"Obiekt budowlany inny niż budynek mieszkalny jednorodzinny","parcel_ids":["300504_5.0018.97"],"location_quality":"dokładny","gunb_url":"https://wyszukiwarka.gunb.gov.pl/","parcel_count":1,"parcel_shard":"x065-y208","parcel_id":"300504_5.0018.97","location_source":"powiat grodziski (wielkopolski) (wfs)"}},{"type":"Feature","id":"ST-WK-WI/WNIOSEK/7756/2026::300504_5.0020.233/3","geometry":{"type":"Polygon","coordinates":[[[16.2674818130396,52.0994904911487],[16.2674911712782,52.0997568626489],[16.2682189393521,52.099457125993],[16.2680161717045,52.0992703702292],[16.2674818130396,52.0994904911487]]]},"properties":{"case_id":"ST-WK-WI/WNIOSEK/7756/2026","source_type":"wniosek_decyzja","received_date":"2025-12-18","decision_date":"2026-03-10","status":"decyzja wydana","description":"budowa budynku gospodarczo-garażowego","address":"Tarnowa","city":"Tarnowa","office":"Starosta Powiatu Grodzisk Wielkopolski","case_kind":"Obiekt budowlany inny niż budynek mieszkalny jednorodzinny","parcel_ids":["300504_5.0020.233/3"],"location_quality":"dokładny","gunb_url":"https://wyszukiwarka.gunb.gov.pl/","parcel_count":1,"parcel_shard":"x065-y208","parcel_id":"300504_5.0020.233/3","location_source":"powiat grodziski (wielkopolski) (wfs)"}},{"type":"Feature","id":"ST-WK-WI/WNIOSEK/7167/2026::300504_5.0020.337/3","geometry":{"type":"Polygon","coordinates":[[[16.293492302563,52.0998133288505],[16.2935305133032,52.0998274708719],[16.2942052905016,52.0996221386849],[16.2948167558912,52.0994533620017],[16.2953128627381,52.0993331290734],[16.2957961555325,52.0992492583998],[16.295881108195,52.0992344823177],[16.296162821302,52.0976042930913],[16.2937815212046,52.0969514640845],[16.293492302563,52.0998133288505]]]},"properties":{"case_id":"ST-WK-WI/WNIOSEK/7167/2026","source_type":"wniosek_decyzja","received_date":"2026-02-20","decision_date":"2026-04-16","status":"decyzja wydana","description":"Budowa elektrowni fotowoltaicznej o mocy 175,82,kW wraz z niezbędną infrastrukturą techniczną","address":"Tarnowa","city":"Tarnowa","office":"Starosta Powiatu Grodzisk Wielkopolski","case_kind":"Obiekt budowlany inny niż budynek mieszkalny jednorodzinny","parcel_ids":["300504_5.0020.337/3","300504_5.0020.338/3","300504_5.0020.339/4"],"location_quality":"dokładny","gunb_url":"https://wyszukiwarka.gunb.gov.pl/","parcel_count":3,"parcel_shard":"x065-y208","parcel_id":"300504_5.0020.337/3","location_source":"powiat grodziski (wielkopolski) (wfs)"}},{"type":"Feature","id":"ST-WK-WI/WNIOSEK/7167/2026::300504_5.0020.338/3","geometry":{"type":"Polygon","coordinates":[[[16.2935305133032,52.0998274708719],[16.2935972270972,52.0998531648856],[16.2942352303189,52.0996631569069],[16.2948504558493,52.0994931702636],[16.2953388899921,52.0993750888532],[16.2957872755323,52.0993004104929],[16.2957961555325,52.0992492583998],[16.2953128627381,52.0993331290734],[16.2948167558912,52.0994533620017],[16.2942052905016,52.0996221386849],[16.2935305133032,52.0998274708719]]]},"properties":{"case_id":"ST-WK-WI/WNIOSEK/7167/2026","source_type":"wniosek_decyzja","received_date":"2026-02-20","decision_date":"2026-04-16","status":"decyzja wydana","description":"Budowa elektrowni fotowoltaicznej o mocy 175,82,kW wraz z niezbędną infrastrukturą techniczną","address":"Tarnowa","city":"Tarnowa","office":"Starosta Powiatu Grodzisk Wielkopolski","case_kind":"Obiekt budowlany inny niż budynek mieszkalny jednorodzinny","parcel_ids":["300504_5.0020.337/3","300504_5.0020.338/3","300504_5.0020.339/4"],"location_quality":"dokładny","gunb_url":"https://wyszukiwarka.gunb.gov.pl/","parcel_count":3,"parcel_shard":"x065-y208","parcel_id":"300504_5.0020.338/3","location_source":"powiat grodziski (wielkopolski) (wfs)"}},{"type":"Feature","id":"ST-WK-WI/WNIOSEK/7167/2026::300504_5.0020.339/4","geometry":{"type":"Polygon","coordinates":[[[16.2935972270972,52.0998531648856],[16.2955615121697,52.1005805119988],[16.2957872755323,52.0993004104929],[16.2953388899921,52.0993750888532],[16.2948504558493,52.0994931702636],[16.2942352303189,52.0996631569069],[16.2935972270972,52.0998531648856]]]},"properties":{"case_id":"ST-WK-WI/WNIOSEK/7167/2026","source_type":"wniosek_decyzja","received_date":"2026-02-20","decision_date":"2026-04-16","status":"decyzja wydana","description":"Budowa elektrowni fotowoltaicznej o mocy 175,82,kW wraz z niezbędną infrastrukturą techniczną","address":"Tarnowa","city":"Tarnowa","office":"Starosta Powiatu Grodzisk Wielkopolski","case_kind":"Obiekt budowlany inny niż budynek mieszkalny jednorodzinny","parcel_ids":["300504_5.0020.337/3","300504_5.0020.338/3","300504_5.0020.339/4"],"location_quality":"dokładny","gunb_url":"https://wyszukiwarka.gunb.gov.pl/","parcel_count":3,"parcel_shard":"x065-y208","parcel_id":"300504_5.0020.339/4","location_source":"powiat grodziski (wielkopolski) (wfs)"}},{"type":"Feature","id":"ST-WK-WI/WNIOSEK/18602/2025::300504_5.0020.669/2","geometry":{"type":"Polygon","coordinates":[[[16.2680458947951,52.0955566085377],[16.2683376978153,52.0958415674234],[16.2683886603948,52.0958223255113],[16.2687515445517,52.0956856749409],[16.2684536234506,52.0954154380623],[16.2684491365591,52.09541128781],[16.2680458947951,52.0955566085377]]]},"properties":{"case_id":"ST-WK-WI/WNIOSEK/18602/2025","source_type":"wniosek_decyzja","received_date":"2025-08-29","decision_date":"2025-09-12","status":"decyzja wydana","description":"Rozbudowa wewnętrznej instalacji gazu w budynku mieszkalnym jednorodzinnym","address":"73, Tarnowa","city":"Tarnowa","office":"Starosta Powiatu Grodzisk Wielkopolski","case_kind":"Obiekt budowlany inny niż budynek mieszkalny jednorodzinny","parcel_ids":["300504_5.0020.669/2"],"location_quality":"dokładny","gunb_url":"https://wyszukiwarka.gunb.gov.pl/","parcel_count":1,"parcel_shard":"x065-y208","parcel_id":"300504_5.0020.669/2","location_source":"powiat grodziski (wielkopolski) (wfs)"}},{"type":"Feature","id":"ST-WK-WI/WNIOSEK/1122/2026::300504_5.0020.785/1","geometry":{"type":"Polygon","coordinates":[[[16.2617872825818,52.0993776548336],[16.2628966121538,52.1004663536331],[16.263886085713,52.1014113690446],[16.2646227861376,52.1011206033179],[16.2636631350959,52.1001534944272],[16.2626133472536,52.0990567315289],[16.2617872825818,52.0993776548336]]]},"properties":{"case_id":"ST-WK-WI/WNIOSEK/1122/2026","source_type":"wniosek_decyzja","received_date":"2025-11-03","decision_date":"2025-12-04","status":"decyzja wydana","description":"Budowa budynku mieszkalnego jednorodzinnego w zabudowie wolnostojącej","address":"Tarnowa","city":"Tarnowa","office":"Starosta Powiatu Grodzisk Wielkopolski","case_kind":"Budynek mieszkalny jednorodzinny","parcel_ids":["300504_5.0020.785/1"],"location_quality":"dokładny","gunb_url":"https://wyszukiwarka.gunb.gov.pl/","parcel_count":1,"parcel_shard":"x065-y208","parcel_id":"300504_5.0020.785/1","location_source":"powiat grodziski (wielkopolski) (wfs)"}},{"type":"Feature","id":"ST-WK-WI/WNIOSEK/9788/2026::300504_5.0021.141","geometry":{"type":"Polygon","coordinates":[[[16.2891387625632,52.0862145579697],[16.2897777088624,52.0862848539866],[16.2900199885279,52.0856441864722],[16.2892886252509,52.0855641538663],[16.2891387625632,52.0862145579697]]]},"properties":{"case_id":"ST-WK-WI/WNIOSEK/9788/2026","source_type":"wniosek_decyzja","received_date":"2025-12-23","decision_date":"2026-03-12","status":"decyzja wydana","description":"Zmiana pozwolenia na budowę nr 33/2020 z dnia 16.01.2020r. (AB.6740.858.2019) w zakresie budowy zewnętrznej (doziemnej) i wewnętrznej instalacji gazowej do budynku mieszkalnego jednorodzinnego w trakcie budowy","address":"Terespol","city":"Terespol","office":"Starosta Powiatu Grodzisk Wielkopolski","case_kind":"Obiekt budowlany inny niż budynek mieszkalny jednorodzinny","parcel_ids":["300504_5.0021.141"],"location_quality":"dokładny","gunb_url":"https://wyszukiwarka.gunb.gov.pl/","parcel_count":1,"parcel_shard":"x065-y208","parcel_id":"300504_5.0021.141","location_source":"powiat grodziski (wielkopolski) (wfs)"}},{"type":"Feature","id":"ST-WK-WI/WNIOSEK/22390/2025::300504_5.0021.738/3","geometry":{"type":"Polygon","coordinates":[[[16.2854226518243,52.0751741318906],[16.2855567140862,52.0752809809587],[16.286078150597,52.0750319519782],[16.285824691904,52.0748296897128],[16.2856688350869,52.0747104269275],[16.2854226518243,52.0751741318906]]]},"properties":{"case_id":"ST-WK-WI/WNIOSEK/22390/2025","source_type":"wniosek_decyzja","received_date":"2025-10-17","decision_date":"2025-10-31","status":"decyzja wydana","description":"Zmiana pozwolenia na budowę nr 467/2022 z 03.11.2022 (BS.6740.65.2022) w zakresie budowy instalacji gazowej wewnętrznej i zewnętrznej","address":"Terespol","city":"Terespol","office":"Starosta Powiatu Grodzisk Wielkopolski","case_kind":"Obiekt budowlany inny niż budynek mieszkalny jednorodzinny","parcel_ids":["300504_5.0021.738/3","300504_5.0021.738/4"],"location_quality":"dokładny","gunb_url":"https://wyszukiwarka.gunb.gov.pl/","parcel_count":2,"parcel_shard":"x065-y208","parcel_id":"300504_5.0021.738/3","location_source":"powiat grodziski (wielkopolski) (wfs)"}},{"type":"Feature","id":"ST-WK-WI/WNIOSEK/22390/2025::300504_5.0021.738/4","geometry":{"type":"Polygon","coordinates":[[[16.2855567140862,52.0752809809587],[16.2857522878543,52.0754369550739],[16.2862741777014,52.0751885509514],[16.286078150597,52.0750319519782],[16.2855567140862,52.0752809809587]]]},"properties":{"case_id":"ST-WK-WI/WNIOSEK/22390/2025","source_type":"wniosek_decyzja","received_date":"2025-10-17","decision_date":"2025-10-31","status":"decyzja wydana","description":"Zmiana pozwolenia na budowę nr 467/2022 z 03.11.2022 (BS.6740.65.2022) w zakresie budowy instalacji gazowej wewnętrznej i zewnętrznej","address":"Terespol","city":"Terespol","office":"Starosta Powiatu Grodzisk Wielkopolski","case_kind":"Obiekt budowlany inny niż budynek mieszkalny jednorodzinny","parcel_ids":["300504_5.0021.738/3","300504_5.0021.738/4"],"location_quality":"dokładny","gunb_url":"https://wyszukiwarka.gunb.gov.pl/","parcel_count":2,"parcel_shard":"x065-y208","parcel_id":"300504_5.0021.738/4","location_source":"powiat grodziski (wielkopolski) (wfs)"}},{"type":"Feature","id":"ST-WK-WI/WNIOSEK/25704/2025::300505_4.0001.161/2","geometry":{"type":"Polygon","coordinates":[[[16.3505527622208,52.1167674783031],[16.3499499016711,52.1167480094991],[16.3497829109485,52.116742581319],[16.3497940249091,52.1168234812127],[16.3499573701971,52.1168277363493],[16.350049478023,52.1168307310316],[16.3505463760699,52.1168433228599],[16.3505466773979,52.1168405371825],[16.3505527622208,52.1167674783031]]]},"properties":{"case_id":"ST-WK-WI/WNIOSEK/25704/2025","source_type":"wniosek_decyzja","received_date":"2025-11-04","decision_date":"2025-12-18","status":"decyzja wydana","description":"Budowa wewnętrznej instalacji gazowej na potrzeby istniejącego budynku mieszkalnego jednorodzinnego","address":"Lipowa 8, Wielichowo","city":"Wielichowo","office":"Starosta Powiatu Grodzisk Wielkopolski","case_kind":"Obiekt budowlany inny niż budynek mieszkalny jednorodzinny","parcel_ids":["300505_4.0001.161/2"],"location_quality":"dokładny","gunb_url":"https://wyszukiwarka.gunb.gov.pl/","parcel_count":1,"parcel_shard":"x065-y208","parcel_id":"300505_4.0001.161/2","location_source":"powiat grodziski (wielkopolski) (wfs)"}},{"type":"Feature","id":"ST-WK-WI/WNIOSEK/1177/2026::300505_4.0001.328","geometry":{"type":"Polygon","coordinates":[[[16.3559105167496,52.1226884681896],[16.355989555073,52.1227001536811],[16.3560434264652,52.1225206560411],[16.3561295416585,52.1223482978237],[16.3562198000401,52.1222039846233],[16.3558936209555,52.122160088288],[16.355843891846,52.1221871685725],[16.3559105167496,52.1226884681896]]]},"properties":{"case_id":"ST-WK-WI/WNIOSEK/1177/2026","source_type":"wniosek_decyzja","received_date":"2026-01-14","decision_date":"2026-02-04","status":"decyzja wydana","description":"Budowa drogi ul. Słonecznej w Wielichowie i odcinka ul. Działkowej w Wielichowie Wsi","address":"Wielichowo","city":"Wielichowo","office":"Starosta Powiatu Grodzisk Wielkopolski","case_kind":"Obiekt budowlany inny niż budynek mieszkalny jednorodzinny","parcel_ids":["300505_4.0001.328","300505_4.0001.329","300505_4.0001.330","300505_4.0001.333","300505_4.0001.334","300505_4.0001.334/1","300505_4.0001.334/2","300505_4.0001.334/3","300505_4.0001.335/1","300505_4.0001.335/2","300505_4.0001.336/1","300505_4.0001.336/2","300505_4.0001.343","300505_4.0001.345","300505_4.0001.363","300505_4.0001.364","300505_5.0010.11","300505_5.0010.12","300505_5.0010.19"],"location_quality":"dokładny","gunb_url":"https://wyszukiwarka.gunb.gov.pl/","parcel_count":18,"parcel_shard":"x065-y208","parcel_id":"300505_4.0001.328","location_source":"powiat grodziski (wielkopolski) (wfs)"}},{"type":"Feature","id":"ST-WK-WI/WNIOSEK/1177/2026::300505_4.0001.329","geometry":{"type":"Polygon","coordinates":[[[16.3562198000401,52.1222039846233],[16.3564791320196,52.1217871181549],[16.3562193454807,52.1219826309614],[16.3558936209555,52.122160088288],[16.3562198000401,52.1222039846233]]]},"properties":{"case_id":"ST-WK-WI/WNIOSEK/1177/2026","source_type":"wniosek_decyzja","received_date":"2026-01-14","decision_date":"2026-02-04","status":"decyzja wydana","description":"Budowa drogi ul. Słonecznej w Wielichowie i odcinka ul. Działkowej w Wielichowie Wsi","address":"Wielichowo","city":"Wielichowo","office":"Starosta Powiatu Grodzisk Wielkopolski","case_kind":"Obiekt budowlany inny niż budynek mieszkalny jednorodzinny","parcel_ids":["300505_4.0001.328","300505_4.0001.329","300505_4.0001.330","300505_4.0001.333","300505_4.0001.334","300505_4.0001.334/1","300505_4.0001.334/2","300505_4.0001.334/3","300505_4.0001.335/1","300505_4.0001.335/2","300505_4.0001.336/1","300505_4.0001.336/2","300505_4.0001.343","300505_4.0001.345","300505_4.0001.363","300505_4.0001.364","300505_5.0010.11","300505_5.0010.12","300505_5.0010.19"],"location_quality":"dokładny","gunb_url":"https://wyszukiwarka.gunb.gov.pl/","parcel_count":18,"parcel_shard":"x065-y208","parcel_id":"300505_4.0001.329","location_source":"powiat grodziski (wielkopolski) (wfs)"}},{"type":"Feature","id":"ST-WK-WI/WNIOSEK/1177/2026::300505_4.0001.330","geometry":{"type":"Polygon","coordinates":[[[16.3562198000401,52.1222039846233],[16.3563477948676,52.1222199581461],[16.3566361721419,52.1217602580011],[16.3565068674066,52.1217433846449],[16.3564791320196,52.1217871181549],[16.3562198000401,52.1222039846233]]]},"properties":{"case_id":"ST-WK-WI/WNIOSEK/1177/2026","source_type":"wniosek_decyzja","received_date":"2026-01-14","decision_date":"2026-02-04","status":"decyzja wydana","description":"Budowa drogi ul. Słonecznej w Wielichowie i odcinka ul. Działkowej w Wielichowie Wsi","address":"Wielichowo","city":"Wielichowo","office":"Starosta Powiatu Grodzisk Wielkopolski","case_kind":"Obiekt budowlany inny niż budynek mieszkalny jednorodzinny","parcel_ids":["300505_4.0001.328","300505_4.0001.329","300505_4.0001.330","300505_4.0001.333","300505_4.0001.334","300505_4.0001.334/1","300505_4.0001.334/2","300505_4.0001.334/3","300505_4.0001.335/1","300505_4.0001.335/2","300505_4.0001.336/1","300505_4.0001.336/2","300505_4.0001.343","300505_4.0001.345","300505_4.0001.363","300505_4.0001.364","300505_5.0010.11","300505_5.0010.12","300505_5.0010.19"],"location_quality":"dokładny","gunb_url":"https://wyszukiwarka.gunb.gov.pl/","parcel_count":18,"parcel_shard":"x065-y208","parcel_id":"300505_4.0001.330","location_source":"powiat grodziski (wielkopolski) (wfs)"}},{"type":"Feature","id":"ST-WK-WI/WNIOSEK/1177/2026::300505_4.0001.333","geometry":{"type":"Polygon","coordinates":[[[16.3567468247601,52.1215840651985],[16.3593375818767,52.1218898394963],[16.3593602171812,52.1217876234999],[16.3567999509286,52.1214990217323],[16.3567468247601,52.1215840651985]]]},"properties":{"case_id":"ST-WK-WI/WNIOSEK/1177/2026","source_type":"wniosek_decyzja","received_date":"2026-01-14","decision_date":"2026-02-04","status":"decyzja wydana","description":"Budowa drogi ul. Słonecznej w Wielichowie i odcinka ul. Działkowej w Wielichowie Wsi","address":"Wielichowo","city":"Wielichowo","office":"Starosta Powiatu Grodzisk Wielkopolski","case_kind":"Obiekt budowlany inny niż budynek mieszkalny jednorodzinny","parcel_ids":["300505_4.0001.328","300505_4.0001.329","300505_4.0001.330","300505_4.0001.333","300505_4.0001.334","300505_4.0001.334/1","300505_4.0001.334/2","300505_4.0001.334/3","300505_4.0001.335/1","300505_4.0001.335/2","300505_4.0001.336/1","300505_4.0001.336/2","300505_4.0001.343","300505_4.0001.345","300505_4.0001.363","300505_4.0001.364","300505_5.0010.11","300505_5.0010.12","300505_5.0010.19"],"location_quality":"dokładny","gunb_url":"https://wyszukiwarka.gunb.gov.pl/","parcel_count":18,"parcel_shard":"x065-y208","parcel_id":"300505_4.0001.333","location_source":"powiat grodziski (wielkopolski) (wfs)"}},{"type":"Feature","id":"ST-WK-WI/WNIOSEK/1177/2026::300505_4.0001.334/1","geometry":{"type":"Polygon","coordinates":[[[16.3567999509286,52.1214990217323],[16.3593602171812,52.1217876234999],[16.3594033665885,52.1216043257383],[16.3569057618294,52.1213298329576],[16.3567999509286,52.1214990217323]]]},"properties":{"case_id":"ST-WK-WI/WNIOSEK/1177/2026","source_type":"wniosek_decyzja","received_date":"2026-01-14","decision_date":"2026-02-04","status":"decyzja wydana","description":"Budowa drogi ul. Słonecznej w Wielichowie i odcinka ul. Działkowej w Wielichowie Wsi","address":"Wielichowo","city":"Wielichowo","office":"Starosta Powiatu Grodzisk Wielkopolski","case_kind":"Obiekt budowlany inny niż budynek mieszkalny jednorodzinny","parcel_ids":["300505_4.0001.328","300505_4.0001.329","300505_4.0001.330","300505_4.0001.333","300505_4.0001.334","300505_4.0001.334/1","300505_4.0001.334/2","300505_4.0001.334/3","300505_4.0001.335/1","300505_4.0001.335/2","300505_4.0001.336/1","300505_4.0001.336/2","300505_4.0001.343","300505_4.0001.345","300505_4.0001.363","300505_4.0001.364","300505_5.0010.11","300505_5.0010.12","300505_5.0010.19"],"location_quality":"dokładny","gunb_url":"https://wyszukiwarka.gunb.gov.pl/","parcel_count":18,"parcel_shard":"x065-y208","parcel_id":"300505_4.0001.334/1","location_source":"powiat grodziski (wielkopolski) (wfs)"}},{"type":"Feature","id":"ST-WK-WI/WNIOSEK/1177/2026::300505_4.0001.334/2","geometry":{"type":"Polygon","coordinates":[[[16.3594033665885,52.1216043257383],[16.3594470034217,52.1214211765266],[16.3570118651474,52.1211602850053],[16.3569057618294,52.1213298329576],[16.3594033665885,52.1216043257383]]]},"properties":{"case_id":"ST-WK-WI/WNIOSEK/1177/2026","source_type":"wniosek_decyzja","received_date":"2026-01-14","decision_date":"2026-02-04","status":"decyzja wydana","description":"Budowa drogi ul. Słonecznej w Wielichowie i odcinka ul. Działkowej w Wielichowie Wsi","address":"Wielichowo","city":"Wielichowo","office":"Starosta Powiatu Grodzisk Wielkopolski","case_kind":"Obiekt budowlany inny niż budynek mieszkalny jednorodzinny","parcel_ids":["300505_4.0001.328","300505_4.0001.329","300505_4.0001.330","300505_4.0001.333","300505_4.0001.334","300505_4.0001.334/1","300505_4.0001.334/2","300505_4.0001.334/3","300505_4.0001.335/1","300505_4.0001.335/2","300505_4.0001.336/1","300505_4.0001.336/2","300505_4.0001.343","300505_4.0001.345","300505_4.0001.363","300505_4.0001.364","300505_5.0010.11","300505_5.0010.12","300505_5.0010.19"],"location_quality":"dokładny","gunb_url":"https://wyszukiwarka.gunb.gov.pl/","parcel_count":18,"parcel_shard":"x065-y208","parcel_id":"300505_4.0001.334/2","location_source":"powiat grodziski (wielkopolski) (wfs)"}},{"type":"Feature","id":"ST-WK-WI/WNIOSEK/1177/2026::300505_4.0001.334/3","geometry":{"type":"Polygon","coordinates":[[[16.3594470034217,52.1214211765266],[16.3594927748175,52.1212362049773],[16.3571179680179,52.1209906471003],[16.3570118651474,52.1211602850053],[16.3594470034217,52.1214211765266]]]},"properties":{"case_id":"ST-WK-WI/WNIOSEK/1177/2026","source_type":"wniosek_decyzja","received_date":"2026-01-14","decision_date":"2026-02-04","status":"decyzja wydana","description":"Budowa drogi ul. Słonecznej w Wielichowie i odcinka ul. Działkowej w Wielichowie Wsi","address":"Wielichowo","city":"Wielichowo","office":"Starosta Powiatu Grodzisk Wielkopolski","case_kind":"Obiekt budowlany inny niż budynek mieszkalny jednorodzinny","parcel_ids":["300505_4.0001.328","300505_4.0001.329","300505_4.0001.330","300505_4.0001.333","300505_4.0001.334","300505_4.0001.334/1","300505_4.0001.334/2","300505_4.0001.334/3","300505_4.0001.335/1","300505_4.0001.335/2","300505_4.0001.336/1","300505_4.0001.336/2","300505_4.0001.343","300505_4.0001.345","300505_4.0001.363","300505_4.0001.364","300505_5.0010.11","300505_5.0010.12","300505_5.0010.19"],"location_quality":"dokładny","gunb_url":"https://wyszukiwarka.gunb.gov.pl/","parcel_count":18,"parcel_shard":"x065-y208","parcel_id":"300505_4.0001.334/3","location_source":"powiat grodziski (wielkopolski) (wfs)"}},{"type":"Feature","id":"ST-WK-WI/WNIOSEK/1177/2026::300505_4.0001.335/1","geometry":{"type":"Polygon","coordinates":[[[16.3572782180743,52.1207355173768],[16.3595465344605,52.1210066482816],[16.359579439315,52.1208643406053],[16.3573630410652,52.1205996450269],[16.3572782180743,52.1207355173768]]]},"properties":{"case_id":"ST-WK-WI/WNIOSEK/1177/2026","source_type":"wniosek_decyzja","received_date":"2026-01-14","decision_date":"2026-02-04","status":"decyzja wydana","description":"Budowa drogi ul. Słonecznej w Wielichowie i odcinka ul. Działkowej w Wielichowie Wsi","address":"Wielichowo","city":"Wielichowo","office":"Starosta Powiatu Grodzisk Wielkopolski","case_kind":"Obiekt budowlany inny niż budynek mieszkalny jednorodzinny","parcel_ids":["300505_4.0001.328","300505_4.0001.329","300505_4.0001.330","300505_4.0001.333","300505_4.0001.334","300505_4.0001.334/1","300505_4.0001.334/2","300505_4.0001.334/3","300505_4.0001.335/1","300505_4.0001.335/2","300505_4.0001.336/1","300505_4.0001.336/2","300505_4.0001.343","300505_4.0001.345","300505_4.0001.363","300505_4.0001.364","300505_5.0010.11","300505_5.0010.12","300505_5.0010.19"],"location_quality":"dokładny","gunb_url":"https://wyszukiwarka.gunb.gov.pl/","parcel_count":18,"parcel_shard":"x065-y208","parcel_id":"300505_4.0001.335/1","location_source":"powiat grodziski (wielkopolski) (wfs)"}},{"type":"Feature","id":"ST-WK-WI/WNIOSEK/1177/2026::300505_4.0001.335/2","geometry":{"type":"Polygon","coordinates":[[[16.3571179680179,52.1209906471003],[16.3594927748175,52.1212362049773],[16.3595465344605,52.1210066482816],[16.3572782180743,52.1207355173768],[16.3571179680179,52.1209906471003]]]},"properties":{"case_id":"ST-WK-WI/WNIOSEK/1177/2026","source_type":"wniosek_decyzja","received_date":"2026-01-14","decision_date":"2026-02-04","status":"decyzja wydana","description":"Budowa drogi ul. Słonecznej w Wielichowie i odcinka ul. Działkowej w Wielichowie Wsi","address":"Wielichowo","city":"Wielichowo","office":"Starosta Powiatu Grodzisk Wielkopolski","case_kind":"Obiekt budowlany inny niż budynek mieszkalny jednorodzinny","parcel_ids":["300505_4.0001.328","300505_4.0001.329","300505_4.0001.330","300505_4.0001.333","300505_4.0001.334","300505_4.0001.334/1","300505_4.0001.334/2","300505_4.0001.334/3","300505_4.0001.335/1","300505_4.0001.335/2","300505_4.0001.336/1","300505_4.0001.336/2","300505_4.0001.343","300505_4.0001.345","300505_4.0001.363","300505_4.0001.364","300505_5.0010.11","300505_5.0010.12","300505_5.0010.19"],"location_quality":"dokładny","gunb_url":"https://wyszukiwarka.gunb.gov.pl/","parcel_count":18,"parcel_shard":"x065-y208","parcel_id":"300505_4.0001.335/2","location_source":"powiat grodziski (wielkopolski) (wfs)"}},{"type":"Feature","id":"ST-WK-WI/WNIOSEK/1177/2026::300505_4.0001.336/1","geometry":{"type":"Polygon","coordinates":[[[16.3573630410652,52.1205996450269],[16.359579439315,52.1208643406053],[16.3596242843917,52.1206776598651],[16.357478385944,52.1204154588274],[16.3573630410652,52.1205996450269]]]},"properties":{"case_id":"ST-WK-WI/WNIOSEK/1177/2026","source_type":"wniosek_decyzja","received_date":"2026-01-14","decision_date":"2026-02-04","status":"decyzja wydana","description":"Budowa drogi ul. Słonecznej w Wielichowie i odcinka ul. Działkowej w Wielichowie Wsi","address":"Wielichowo","city":"Wielichowo","office":"Starosta Powiatu Grodzisk Wielkopolski","case_kind":"Obiekt budowlany inny niż budynek mieszkalny jednorodzinny","parcel_ids":["300505_4.0001.328","300505_4.0001.329","300505_4.0001.330","300505_4.0001.333","300505_4.0001.334","300505_4.0001.334/1","300505_4.0001.334/2","300505_4.0001.334/3","300505_4.0001.335/1","300505_4.0001.335/2","300505_4.0001.336/1","300505_4.0001.336/2","300505_4.0001.343","300505_4.0001.345","300505_4.0001.363","300505_4.0001.364","300505_5.0010.11","300505_5.0010.12","300505_5.0010.19"],"location_quality":"dokładny","gunb_url":"https://wyszukiwarka.gunb.gov.pl/","parcel_count":18,"parcel_shard":"x065-y208","parcel_id":"300505_4.0001.336/1","location_source":"powiat grodziski (wielkopolski) (wfs)"}},{"type":"Feature","id":"ST-WK-WI/WNIOSEK/1177/2026::300505_4.0001.336/2","geometry":{"type":"Polygon","coordinates":[[[16.357478385944,52.1204154588274],[16.3596242843917,52.1206776598651],[16.3596707890645,52.1204823401658],[16.3596654905409,52.1204819666683],[16.3575982765696,52.1202248072117],[16.357478385944,52.1204154588274]]]},"properties":{"case_id":"ST-WK-WI/WNIOSEK/1177/2026","source_type":"wniosek_decyzja","received_date":"2026-01-14","decision_date":"2026-02-04","status":"decyzja wydana","description":"Budowa drogi ul. Słonecznej w Wielichowie i odcinka ul. Działkowej w Wielichowie Wsi","address":"Wielichowo","city":"Wielichowo","office":"Starosta Powiatu Grodzisk Wielkopolski","case_kind":"Obiekt budowlany inny niż budynek mieszkalny jednorodzinny","parcel_ids":["300505_4.0001.328","300505_4.0001.329","300505_4.0001.330","300505_4.0001.333","300505_4.0001.334","300505_4.0001.334/1","300505_4.0001.334/2","300505_4.0001.334/3","300505_4.0001.335/1","300505_4.0001.335/2","300505_4.0001.336/1","300505_4.0001.336/2","300505_4.0001.343","300505_4.0001.345","300505_4.0001.363","300505_4.0001.364","300505_5.0010.11","300505_5.0010.12","300505_5.0010.19"],"location_quality":"dokładny","gunb_url":"https://wyszukiwarka.gunb.gov.pl/","parcel_count":18,"parcel_shard":"x065-y208","parcel_id":"300505_4.0001.336/2","location_source":"powiat grodziski (wielkopolski) (wfs)"}},{"type":"Feature","id":"ST-WK-WI/WNIOSEK/1177/2026::300505_4.0001.343","geometry":{"type":"Polygon","coordinates":[[[16.3558324792772,52.1221042932523],[16.355843891846,52.1221871685725],[16.3558936209555,52.122160088288],[16.3562193454807,52.1219826309614],[16.3564791320196,52.1217871181549],[16.3565068674066,52.1217433846449],[16.3566361721419,52.1217602580011],[16.3567468247601,52.1215840651985],[16.3567999509286,52.1214990217323],[16.3569057618294,52.1213298329576],[16.3570118651474,52.1211602850053],[16.3571179680179,52.1209906471003],[16.3572782180743,52.1207355173768],[16.3573630410652,52.1205996450269],[16.357478385944,52.1204154588274],[16.3575982765696,52.1202248072117],[16.3577103879048,52.120046817834],[16.3578156342742,52.1198695389817],[16.3579765274853,52.1196393027597],[16.3580589252355,52.1195302081829],[16.358127019088,52.1194198381705],[16.3582445413249,52.1192276418453],[16.3583399670152,52.1190715724971],[16.3583578438372,52.1190353310935],[16.358453551341,52.1188418174547],[16.3584942765789,52.1187062502107],[16.3585058056355,52.1186479301512],[16.3585119333715,52.1186170289978],[16.3585225552718,52.1184444885338],[16.3583742888018,52.1184249892877],[16.3583564723695,52.1186101929793],[16.3583339986483,52.1186990489166],[16.3582950680474,52.1188210476491],[16.3582556276657,52.1189196791747],[16.3582110120639,52.1189929607622],[16.357970282954,52.1193999686189],[16.3579058934579,52.1195099161692],[16.3578332148623,52.1196216711614],[16.3577483176405,52.1197590042475],[16.3576906997411,52.1198522491966],[16.3575844497042,52.1200286921504],[16.3574735055922,52.120206772618],[16.3573505384415,52.1204005658177],[16.3573417301978,52.1204156535044],[16.3572360739607,52.1205832250881],[16.3569911467468,52.1209739573166],[16.3567566562154,52.1213415150227],[16.3566672896997,52.1214818749644],[16.356600444009,52.1215653738492],[16.3564220727605,52.1217330360874],[16.3561443052363,52.1219355367043],[16.3558324792772,52.1221042932523]]]},"properties":{"case_id":"ST-WK-WI/WNIOSEK/1177/2026","source_type":"wniosek_decyzja","received_date":"2026-01-14","decision_date":"2026-02-04","status":"decyzja wydana","description":"Budowa drogi ul. Słonecznej w Wielichowie i odcinka ul. Działkowej w Wielichowie Wsi","address":"Wielichowo","city":"Wielichowo","office":"Starosta Powiatu Grodzisk Wielkopolski","case_kind":"Obiekt budowlany inny niż budynek mieszkalny jednorodzinny","parcel_ids":["300505_4.0001.328","300505_4.0001.329","300505_4.0001.330","300505_4.0001.333","300505_4.0001.334","300505_4.0001.334/1","300505_4.0001.334/2","300505_4.0001.334/3","300505_4.0001.335/1","300505_4.0001.335/2","300505_4.0001.336/1","300505_4.0001.336/2","300505_4.0001.343","300505_4.0001.345","300505_4.0001.363","300505_4.0001.364","300505_5.0010.11","300505_5.0010.12","300505_5.0010.19"],"location_quality":"dokładny","gunb_url":"https://wyszukiwarka.gunb.gov.pl/","parcel_count":18,"parcel_shard":"x065-y208","parcel_id":"300505_4.0001.343","location_source":"powiat grodziski (wielkopolski) (wfs)"}},{"type":"Feature","id":"ST-WK-WI/WNIOSEK/1177/2026::300505_4.0001.345","geometry":{"type":"Polygon","coordinates":[[[16.3582110120639,52.1189929607622],[16.3582556276657,52.1189196791747],[16.3582950680474,52.1188210476491],[16.3583339986483,52.1186990489166],[16.3583564723695,52.1186101929793],[16.3583742888018,52.1184249892877],[16.358343637334,52.1184227957848],[16.3582110120639,52.1189929607622]]]},"properties":{"case_id":"ST-WK-WI/WNIOSEK/1177/2026","source_type":"wniosek_decyzja","received_date":"2026-01-14","decision_date":"2026-02-04","status":"decyzja wydana","description":"Budowa drogi ul. Słonecznej w Wielichowie i odcinka ul. Działkowej w Wielichowie Wsi","address":"Wielichowo","city":"Wielichowo","office":"Starosta Powiatu Grodzisk Wielkopolski","case_kind":"Obiekt budowlany inny niż budynek mieszkalny jednorodzinny","parcel_ids":["300505_4.0001.328","300505_4.0001.329","300505_4.0001.330","300505_4.0001.333","300505_4.0001.334","300505_4.0001.334/1","300505_4.0001.334/2","300505_4.0001.334/3","300505_4.0001.335/1","300505_4.0001.335/2","300505_4.0001.336/1","300505_4.0001.336/2","300505_4.0001.343","300505_4.0001.345","300505_4.0001.363","300505_4.0001.364","300505_5.0010.11","300505_5.0010.12","300505_5.0010.19"],"location_quality":"dokładny","gunb_url":"https://wyszukiwarka.gunb.gov.pl/","parcel_count":18,"parcel_shard":"x065-y208","parcel_id":"300505_4.0001.345","location_source":"powiat grodziski (wielkopolski) (wfs)"}},{"type":"Feature","id":"ST-WK-WI/WNIOSEK/1177/2026::300505_4.0001.363","geometry":{"type":"Polygon","coordinates":[[[16.3557672036484,52.1216563854406],[16.3558324792772,52.1221042932523],[16.3561443052363,52.1219355367043],[16.3564220727605,52.1217330360874],[16.3557672036484,52.1216563854406]]]},"properties":{"case_id":"ST-WK-WI/WNIOSEK/1177/2026","source_type":"wniosek_decyzja","received_date":"2026-01-14","decision_date":"2026-02-04","status":"decyzja wydana","description":"Budowa drogi ul. Słonecznej w Wielichowie i odcinka ul. Działkowej w Wielichowie Wsi","address":"Wielichowo","city":"Wielichowo","office":"Starosta Powiatu Grodzisk Wielkopolski","case_kind":"Obiekt budowlany inny niż budynek mieszkalny jednorodzinny","parcel_ids":["300505_4.0001.328","300505_4.0001.329","300505_4.0001.330","300505_4.0001.333","300505_4.0001.334","300505_4.0001.334/1","300505_4.0001.334/2","300505_4.0001.334/3","300505_4.0001.335/1","300505_4.0001.335/2","300505_4.0001.336/1","300505_4.0001.336/2","300505_4.0001.343","300505_4.0001.345","300505_4.0001.363","300505_4.0001.364","300505_5.0010.11","300505_5.0010.12","300505_5.0010.19"],"location_quality":"dokładny","gunb_url":"https://wyszukiwarka.gunb.gov.pl/","parcel_count":18,"parcel_shard":"x065-y208","parcel_id":"300505_4.0001.363","location_source":"powiat grodziski (wielkopolski) (wfs)"}},{"type":"Feature","id":"ST-WK-WI/WNIOSEK/1177/2026::300505_4.0001.364","geometry":{"type":"Polygon","coordinates":[[[16.3557448805656,52.1226901479475],[16.3559105167496,52.1226884681896],[16.355843891846,52.1221871685725],[16.3558324792772,52.1221042932523],[16.3557672036484,52.1216563854406],[16.3557388999036,52.1214694192142],[16.355724318856,52.1213732395386],[16.3556402650284,52.1208188142678],[16.3555743694134,52.1203835809022],[16.3555472098407,52.1202046158332],[16.3555136202889,52.1199825951294],[16.3554827383409,52.1197811581321],[16.3554534358626,52.1195879911565],[16.3554152900204,52.1193371427593],[16.3553974540651,52.1192160931005],[16.3553799856137,52.1190978387623],[16.355345959361,52.118876086943],[16.3552967945658,52.1185508752788],[16.3552333358482,52.1181320895927],[16.3552201868183,52.1180453479539],[16.3550393509177,52.1180308381798],[16.3550619251415,52.1181820288432],[16.3550842145793,52.118331061996],[16.3551265104933,52.1186130380119],[16.3551515105851,52.1187816656392],[16.3551790847249,52.1189669222351],[16.355219556686,52.1192266070003],[16.3552421315493,52.119378065945],[16.3552700295813,52.1195537963132],[16.3553074874854,52.1197979295749],[16.3553287885321,52.1199372544472],[16.3553392084489,52.1200105114302],[16.355444446473,52.1206936546995],[16.3555172126175,52.1211660268539],[16.3555461143738,52.1213534295367],[16.355569850794,52.1215077668541],[16.3555941606801,52.1216654302558],[16.3556204717752,52.1218363972123],[16.3556689499287,52.1221507361761],[16.3556739559843,52.1221829162372],[16.3556822166624,52.1222470944912],[16.3557448805656,52.1226901479475]]]},"properties":{"case_id":"ST-WK-WI/WNIOSEK/1177/2026","source_type":"wniosek_decyzja","received_date":"2026-01-14","decision_date":"2026-02-04","status":"decyzja wydana","description":"Budowa drogi ul. Słonecznej w Wielichowie i odcinka ul. Działkowej w Wielichowie Wsi","address":"Wielichowo","city":"Wielichowo","office":"Starosta Powiatu Grodzisk Wielkopolski","case_kind":"Obiekt budowlany inny niż budynek mieszkalny jednorodzinny","parcel_ids":["300505_4.0001.328","300505_4.0001.329","300505_4.0001.330","300505_4.0001.333","300505_4.0001.334","300505_4.0001.334/1","300505_4.0001.334/2","300505_4.0001.334/3","300505_4.0001.335/1","300505_4.0001.335/2","300505_4.0001.336/1","300505_4.0001.336/2","300505_4.0001.343","300505_4.0001.345","300505_4.0001.363","300505_4.0001.364","300505_5.0010.11","300505_5.0010.12","300505_5.0010.19"],"location_quality":"dokładny","gunb_url":"https://wyszukiwarka.gunb.gov.pl/","parcel_count":18,"parcel_shard":"x065-y208","parcel_id":"300505_4.0001.364","location_source":"powiat grodziski (wielkopolski) (wfs)"}},{"type":"Feature","id":"ST-WK-WI/WNIOSEK/1177/2026::300505_5.0010.11","geometry":{"type":"Polygon","coordinates":[[[16.3584735194521,52.1156411117055],[16.3584545779462,52.1154983229882],[16.3584678241155,52.1146805767026],[16.3584557343589,52.1143261197806],[16.35844818045,52.1140488217735],[16.3584390730296,52.1138404834375],[16.3584804446237,52.1137077859129],[16.3583540581636,52.1138150367962],[16.3584022622709,52.118325537476],[16.3584800423147,52.118352865169],[16.3585142046388,52.116743980687],[16.3584735194521,52.1156411117055]]]},"properties":{"case_id":"ST-WK-WI/WNIOSEK/1177/2026","source_type":"wniosek_decyzja","received_date":"2026-01-14","decision_date":"2026-02-04","status":"decyzja wydana","description":"Budowa drogi ul. Słonecznej w Wielichowie i odcinka ul. Działkowej w Wielichowie Wsi","address":"Wielichowo","city":"Wielichowo","office":"Starosta Powiatu Grodzisk Wielkopolski","case_kind":"Obiekt budowlany inny niż budynek mieszkalny jednorodzinny","parcel_ids":["300505_4.0001.328","300505_4.0001.329","300505_4.0001.330","300505_4.0001.333","300505_4.0001.334","300505_4.0001.334/1","300505_4.0001.334/2","300505_4.0001.334/3","300505_4.0001.335/1","300505_4.0001.335/2","300505_4.0001.336/1","300505_4.0001.336/2","300505_4.0001.343","300505_4.0001.345","300505_4.0001.363","300505_4.0001.364","300505_5.0010.11","300505_5.0010.12","300505_5.0010.19"],"location_quality":"dokładny","gunb_url":"https://wyszukiwarka.gunb.gov.pl/","parcel_count":18,"parcel_shard":"x065-y208","parcel_id":"300505_5.0010.11","location_source":"powiat grodziski (wielkopolski) (wfs)"}},{"type":"Feature","id":"ST-WK-WI/WNIOSEK/1177/2026::300505_5.0010.12","geometry":{"type":"Polygon","coordinates":[[[16.3584022622709,52.118325537476],[16.3583540581636,52.1138150367962],[16.3582476193505,52.1139541466573],[16.3582693702171,52.1155391074016],[16.3582767561316,52.1164305012673],[16.3582773524954,52.11651255935],[16.3582896374895,52.1183143410417],[16.3584022622709,52.118325537476]]]},"properties":{"case_id":"ST-WK-WI/WNIOSEK/1177/2026","source_type":"wniosek_decyzja","received_date":"2026-01-14","decision_date":"2026-02-04","status":"decyzja wydana","description":"Budowa drogi ul. Słonecznej w Wielichowie i odcinka ul. Działkowej w Wielichowie Wsi","address":"Wielichowo","city":"Wielichowo","office":"Starosta Powiatu Grodzisk Wielkopolski","case_kind":"Obiekt budowlany inny niż budynek mieszkalny jednorodzinny","parcel_ids":["300505_4.0001.328","300505_4.0001.329","300505_4.0001.330","300505_4.0001.333","300505_4.0001.334","300505_4.0001.334/1","300505_4.0001.334/2","300505_4.0001.334/3","300505_4.0001.335/1","300505_4.0001.335/2","300505_4.0001.336/1","300505_4.0001.336/2","300505_4.0001.343","300505_4.0001.345","300505_4.0001.363","300505_4.0001.364","300505_5.0010.11","300505_5.0010.12","300505_5.0010.19"],"location_quality":"dokładny","gunb_url":"https://wyszukiwarka.gunb.gov.pl/","parcel_count":18,"parcel_shard":"x065-y208","parcel_id":"300505_5.0010.12","location_source":"powiat grodziski (wielkopolski) (wfs)"}},{"type":"Feature","id":"ST-WK-WI/WNIOSEK/1177/2026::300505_5.0010.19","geometry":{"type":"Polygon","coordinates":[[[16.3826996519168,52.1184097294125],[16.3818106122181,52.1181891476954],[16.3809852329625,52.1179871389549],[16.37999677674,52.1177713034761],[16.3787614426736,52.1174945286542],[16.3777724793664,52.1172804782327],[16.3769361938847,52.1170977142542],[16.3757364437869,52.1168373007952],[16.3743408550587,52.116537092021],[16.3732048357135,52.116292269069],[16.3725955101418,52.116186468889],[16.3723982978425,52.116145080572],[16.3722752564538,52.1161179293233],[16.3722171878037,52.1161050325536],[16.3717949918439,52.1160117013709],[16.3701394065533,52.1156586493243],[16.3685969293481,52.1153128002531],[16.367063252672,52.1150056593738],[16.3668351345608,52.1149511373944],[16.3667009995197,52.1149190754048],[16.365799485212,52.1147392360112],[16.3657291050304,52.1147294448919],[16.3650640031532,52.1146365662938],[16.3649195365974,52.1146199023592],[16.3644502270624,52.1146800747346],[16.3639926827793,52.1147430753175],[16.3635060813845,52.114810814549],[16.3630370343972,52.1148749331785],[16.3598751553853,52.1153049625479],[16.3587040854813,52.1154642577343],[16.3584545779462,52.1154983229882],[16.3584735194521,52.1156411117055],[16.3602907069439,52.115406502615],[16.3613204621706,52.1152527783662],[16.3618649451759,52.1151725147953],[16.3620971155199,52.1151398111035],[16.3646933251607,52.1147519554971],[16.3650251191986,52.1147544962386],[16.3657665592477,52.1148275250074],[16.366066086932,52.1148778060214],[16.3663660689372,52.1149381481362],[16.3667685134328,52.1150213009987],[16.3670294466364,52.1150651058414],[16.368563562987,52.1153722420552],[16.3701053067359,52.1157179203218],[16.3717611886245,52.1160710592902],[16.3721429275302,52.1161544347942],[16.3722395012033,52.1161755124048],[16.3725646462812,52.1162464220246],[16.3731741213323,52.1163523105015],[16.3743072008152,52.1165964489406],[16.375702645225,52.1168966598038],[16.3769021020518,52.1171569871459],[16.3777385372434,52.1173398395184],[16.378727061065,52.1175538054752],[16.3799622478307,52.1178304924928],[16.3809492372941,52.1180460757934],[16.3817725573515,52.1182475696155],[16.3826614492947,52.1184680634707],[16.3833564306213,52.1186410296556],[16.3834001819487,52.1186534597574],[16.383682264735,52.1187330236647],[16.38374359099,52.1186811592706],[16.3836834902824,52.1186641572552],[16.3833968413831,52.1185832986587],[16.3826996519168,52.1184097294125]]]},"properties":{"case_id":"ST-WK-WI/WNIOSEK/1177/2026","source_type":"wniosek_decyzja","received_date":"2026-01-14","decision_date":"2026-02-04","status":"decyzja wydana","description":"Budowa drogi ul. Słonecznej w Wielichowie i odcinka ul. Działkowej w Wielichowie Wsi","address":"Wielichowo","city":"Wielichowo","office":"Starosta Powiatu Grodzisk Wielkopolski","case_kind":"Obiekt budowlany inny niż budynek mieszkalny jednorodzinny","parcel_ids":["300505_4.0001.328","300505_4.0001.329","300505_4.0001.330","300505_4.0001.333","300505_4.0001.334","300505_4.0001.334/1","300505_4.0001.334/2","300505_4.0001.334/3","300505_4.0001.335/1","300505_4.0001.335/2","300505_4.0001.336/1","300505_4.0001.336/2","300505_4.0001.343","300505_4.0001.345","300505_4.0001.363","300505_4.0001.364","300505_5.0010.11","300505_5.0010.12","300505_5.0010.19"],"location_quality":"dokładny","gunb_url":"https://wyszukiwarka.gunb.gov.pl/","parcel_count":18,"parcel_shard":"x065-y208","parcel_id":"300505_5.0010.19","location_source":"powiat grodziski (wielkopolski) (wfs)"}},{"type":"Feature","id":"ST-WK-WI/WNIOSEK/11116/2026::300505_4.0001.358/1","geometry":{"type":"Polygon","coordinates":[[[16.3555136202889,52.1199825951294],[16.3555472098407,52.1202046158332],[16.3573417301978,52.1204156535044],[16.3573505384415,52.1204005658177],[16.3574735055922,52.120206772618],[16.3555136202889,52.1199825951294]]]},"properties":{"case_id":"ST-WK-WI/WNIOSEK/11116/2026","source_type":"wniosek_decyzja","received_date":"2026-01-15","decision_date":"2026-03-12","status":"decyzja wydana","description":"Zmiana decyzji o pozwoleniu na budowę nr 559/2024 z dnia 17.10.2024r. (BS.6740.437.2024),  w zakresie budowy zewnętrznej i wewnętrznej instalacji gazowej w budynku mieszkalnym jednorodzinnym","address":"Wielichowo","city":"Wielichowo","office":"Starosta Powiatu Grodzisk Wielkopolski","case_kind":"Obiekt budowlany inny niż budynek mieszkalny jednorodzinny","parcel_ids":["300505_4.0001.358/1"],"location_quality":"dokładny","gunb_url":"https://wyszukiwarka.gunb.gov.pl/","parcel_count":1,"parcel_shard":"x065-y208","parcel_id":"300505_4.0001.358/1","location_source":"powiat grodziski (wielkopolski) (wfs)"}},{"type":"Feature","id":"ST-WK-WI/WNIOSEK/11080/2026::300505_4.0001.460/4","geometry":{"type":"Polygon","coordinates":[[[16.3501049899876,52.1162168664182],[16.3500449993961,52.1162101509939],[16.3497466112686,52.1161893757921],[16.3496885873467,52.1161853357734],[16.3497050929589,52.116299308943],[16.3500889016257,52.1163236543354],[16.3501049899876,52.1162168664182]]]},"properties":{"case_id":"ST-WK-WI/WNIOSEK/11080/2026","source_type":"wniosek_decyzja","received_date":"2026-02-10","decision_date":"2026-04-14","status":"decyzja wydana","description":"Budowa instalacji gazowej wewnętrznej do lokalu mieszkalnego w budynku mieszkalnym wielorodzinnym","address":"Lipowa 4, Wielichowo","city":"Wielichowo","office":"Starosta Powiatu Grodzisk Wielkopolski","case_kind":"Obiekt budowlany inny niż budynek mieszkalny jednorodzinny","parcel_ids":["300505_4.0001.460/4"],"location_quality":"dokładny","gunb_url":"https://wyszukiwarka.gunb.gov.pl/","parcel_count":1,"parcel_shard":"x065-y208","parcel_id":"300505_4.0001.460/4","location_source":"powiat grodziski (wielkopolski) (wfs)"}},{"type":"Feature","id":"ST-WK-WI/WNIOSEK/19181/2025::300505_4.0001.578","geometry":{"type":"Polygon","coordinates":[[[16.3464314417224,52.1136237555433],[16.3461544285754,52.1135667726983],[16.3460602390281,52.1137456754975],[16.3459584069069,52.1139393072178],[16.3462355696319,52.1139958415063],[16.3464314417224,52.1136237555433]]]},"properties":{"case_id":"ST-WK-WI/WNIOSEK/19181/2025","source_type":"wniosek_decyzja","received_date":"2025-09-04","decision_date":"2025-09-22","status":"decyzja wydana","description":"Budowa wewnętrznej instalacji gazowej w istniejącym budynku mieszkalnym jednorodzinnym","address":"Łąkowa 9, Wielichowo","city":"Wielichowo","office":"Starosta Powiatu Grodzisk Wielkopolski","case_kind":"Obiekt budowlany inny niż budynek mieszkalny jednorodzinny","parcel_ids":["300505_4.0001.578"],"location_quality":"dokładny","gunb_url":"https://wyszukiwarka.gunb.gov.pl/","parcel_count":1,"parcel_shard":"x065-y208","parcel_id":"300505_4.0001.578","location_source":"powiat grodziski (wielkopolski) (wfs)"}},{"type":"Feature","id":"ST-WK-WI/WNIOSEK/19945/2025::300505_4.0001.587","geometry":{"type":"Polygon","coordinates":[[[16.3453239446037,52.113321227905],[16.3457392428988,52.1134063442373],[16.345821813874,52.1132525907649],[16.3453586664958,52.1131589637832],[16.3453239446037,52.113321227905]]]},"properties":{"case_id":"ST-WK-WI/WNIOSEK/19945/2025","source_type":"wniosek_decyzja","received_date":"2025-09-03","decision_date":"2025-10-02","status":"decyzja wydana","description":"Budowa instalacji gazowej wewnętrznej i zewnętrznej do budynku mieszkalnego jednorodzinnego","address":"Łąkowa 4, Wielichowo","city":"Wielichowo","office":"Starosta Powiatu Grodzisk Wielkopolski","case_kind":"Obiekt budowlany inny niż budynek mieszkalny jednorodzinny","parcel_ids":["300505_4.0001.587"],"location_quality":"dokładny","gunb_url":"https://wyszukiwarka.gunb.gov.pl/","parcel_count":1,"parcel_shard":"x065-y208","parcel_id":"300505_4.0001.587","location_source":"powiat grodziski (wielkopolski) (wfs)"}},{"type":"Feature","id":"ST-WK-WI/WNIOSEK/12882/2026::300505_4.0001.643","geometry":{"type":"Polygon","coordinates":[[[16.3440255036693,52.1184005134261],[16.3440904113722,52.1185007167835],[16.3446339707309,52.1183672622543],[16.3446315004851,52.1183639337292],[16.3445892267956,52.1183037534852],[16.3445640939066,52.1182683106914],[16.3440255036693,52.1184005134261]]]},"properties":{"case_id":"ST-WK-WI/WNIOSEK/12882/2026","source_type":"wniosek_decyzja","received_date":"2026-02-09","decision_date":"2026-02-27","status":"decyzja wydana","description":"Rozbudowa wewnętrznej instalacji gazowej na potrzeby istniejącego budynku mieszkalnego jednorodzinnego","address":"gen. Tadeusza Kutrzeby 17, Wielichowo","city":"Wielichowo","office":"Starosta Powiatu Grodzisk Wielkopolski","case_kind":"Obiekt budowlany inny niż budynek mieszkalny jednorodzinny","parcel_ids":["300505_4.0001.643"],"location_quality":"dokładny","gunb_url":"https://wyszukiwarka.gunb.gov.pl/","parcel_count":1,"parcel_shard":"x065-y208","parcel_id":"300505_4.0001.643","location_source":"powiat grodziski (wielkopolski) (wfs)"}},{"type":"Feature","id":"ST-WK-WI/WNIOSEK/6488/2026::300505_5.0001.314/3","geometry":{"type":"Polygon","coordinates":[[[16.2978506652099,52.1335909037755],[16.297656260567,52.1331487458961],[16.297258351765,52.1331977066428],[16.2974038427273,52.1336456166226],[16.2978506652099,52.1335909037755]]]},"properties":{"case_id":"ST-WK-WI/WNIOSEK/6488/2026","source_type":"wniosek_decyzja","received_date":"2025-11-26","decision_date":"2026-04-07","status":"decyzja wydana","description":"Zmiana decyzji pozwolenia na budowę nr 535/2024 z dnia 07.10.2024r., znak BS.6740.277.2024","address":"Dębsko","city":"Dębsko","office":"Starosta Powiatu Grodzisk Wielkopolski","case_kind":"Obiekt budowlany inny niż budynek mieszkalny jednorodzinny","parcel_ids":["300505_5.0001.314/3","300505_5.0001.314/4"],"location_quality":"dokładny","gunb_url":"https://wyszukiwarka.gunb.gov.pl/","parcel_count":2,"parcel_shard":"x065-y208","parcel_id":"300505_5.0001.314/3","location_source":"powiat grodziski (wielkopolski) (wfs)"}},{"type":"Feature","id":"ST-WK-WI/WNIOSEK/6488/2026::300505_5.0001.314/4","geometry":{"type":"Polygon","coordinates":[[[16.297258351765,52.1331977066428],[16.296788256178,52.1332556393825],[16.2969337295878,52.133703100691],[16.2974038427273,52.1336456166226],[16.297258351765,52.1331977066428]]]},"properties":{"case_id":"ST-WK-WI/WNIOSEK/6488/2026","source_type":"wniosek_decyzja","received_date":"2025-11-26","decision_date":"2026-04-07","status":"decyzja wydana","description":"Zmiana decyzji pozwolenia na budowę nr 535/2024 z dnia 07.10.2024r., znak BS.6740.277.2024","address":"Dębsko","city":"Dębsko","office":"Starosta Powiatu Grodzisk Wielkopolski","case_kind":"Obiekt budowlany inny niż budynek mieszkalny jednorodzinny","parcel_ids":["300505_5.0001.314/3","300505_5.0001.314/4"],"location_quality":"dokładny","gunb_url":"https://wyszukiwarka.gunb.gov.pl/","parcel_count":2,"parcel_shard":"x065-y208","parcel_id":"300505_5.0001.314/4","location_source":"powiat grodziski (wielkopolski) (wfs)"}},{"type":"Feature","id":"ST-WK-WI/WNIOSEK/22490/2025::300505_5.0001.354/1","geometry":{"type":"Polygon","coordinates":[[[16.3029834205652,52.1230419275812],[16.3036283853796,52.1232306563848],[16.3037205908667,52.1229725676191],[16.3037394888308,52.1229195965424],[16.3038136030033,52.1227121328504],[16.3027770085279,52.1224435112776],[16.302653639786,52.1228249054048],[16.3026359817809,52.122880379371],[16.3027274465112,52.1228971659356],[16.3028393179239,52.1229176818651],[16.3030263588115,52.122952018132],[16.3029834205652,52.1230419275812]]]},"properties":{"case_id":"ST-WK-WI/WNIOSEK/22490/2025","source_type":"wniosek_decyzja","received_date":"2025-09-04","decision_date":"2025-11-03","status":"decyzja wydana","description":"Zmiana sposobu użytkowania z przebudową, rozbudową i nadbudową punktu skupu żywca na magazyn sprzętu rolniczego z częścią biurowo - socjalną","address":"Dębsko","city":"Dębsko","office":"Starosta Powiatu Grodzisk Wielkopolski","case_kind":"Obiekt budowlany inny niż budynek mieszkalny jednorodzinny","parcel_ids":["300505_5.0001.354/1","300505_5.0001.354/2","300505_5.0001.355"],"location_quality":"dokładny","gunb_url":"https://wyszukiwarka.gunb.gov.pl/","parcel_count":3,"parcel_shard":"x065-y208","parcel_id":"300505_5.0001.354/1","location_source":"powiat grodziski (wielkopolski) (wfs)"}},{"type":"Feature","id":"ST-WK-WI/WNIOSEK/22490/2025::300505_5.0001.354/2","geometry":{"type":"Polygon","coordinates":[[[16.3026184487348,52.1229351328781],[16.3029834205652,52.1230419275812],[16.3030263588115,52.122952018132],[16.3028393179239,52.1229176818651],[16.3027274465112,52.1228971659356],[16.3026359817809,52.122880379371],[16.3026184487348,52.1229351328781]]]},"properties":{"case_id":"ST-WK-WI/WNIOSEK/22490/2025","source_type":"wniosek_decyzja","received_date":"2025-09-04","decision_date":"2025-11-03","status":"decyzja wydana","description":"Zmiana sposobu użytkowania z przebudową, rozbudową i nadbudową punktu skupu żywca na magazyn sprzętu rolniczego z częścią biurowo - socjalną","address":"Dębsko","city":"Dębsko","office":"Starosta Powiatu Grodzisk Wielkopolski","case_kind":"Obiekt budowlany inny niż budynek mieszkalny jednorodzinny","parcel_ids":["300505_5.0001.354/1","300505_5.0001.354/2","300505_5.0001.355"],"location_quality":"dokładny","gunb_url":"https://wyszukiwarka.gunb.gov.pl/","parcel_count":3,"parcel_shard":"x065-y208","parcel_id":"300505_5.0001.354/2","location_source":"powiat grodziski (wielkopolski) (wfs)"}},{"type":"Feature","id":"ST-WK-WI/WNIOSEK/22490/2025::300505_5.0001.355","geometry":{"type":"Polygon","coordinates":[[[16.3036283853796,52.1232306563848],[16.3029834205652,52.1230419275812],[16.3026184487348,52.1229351328781],[16.3022478434158,52.1237070187517],[16.3033341382609,52.1238613968048],[16.3033998344428,52.1238707328156],[16.3036283853796,52.1232306563848]]]},"properties":{"case_id":"ST-WK-WI/WNIOSEK/22490/2025","source_type":"wniosek_decyzja","received_date":"2025-09-04","decision_date":"2025-11-03","status":"decyzja wydana","description":"Zmiana sposobu użytkowania z przebudową, rozbudową i nadbudową punktu skupu żywca na magazyn sprzętu rolniczego z częścią biurowo - socjalną","address":"Dębsko","city":"Dębsko","office":"Starosta Powiatu Grodzisk Wielkopolski","case_kind":"Obiekt budowlany inny niż budynek mieszkalny jednorodzinny","parcel_ids":["300505_5.0001.354/1","300505_5.0001.354/2","300505_5.0001.355"],"location_quality":"dokładny","gunb_url":"https://wyszukiwarka.gunb.gov.pl/","parcel_count":3,"parcel_shard":"x065-y208","parcel_id":"300505_5.0001.355","location_source":"powiat grodziski (wielkopolski) (wfs)"}},{"type":"Feature","id":"ST-WK-WI/WNIOSEK/279/2026::300505_5.0002.291","geometry":{"type":"Polygon","coordinates":[[[16.3366321141203,52.1506047799524],[16.3360484358295,52.1505728333265],[16.3350785140258,52.1505146962484],[16.3354816104064,52.1509184764538],[16.3366356426832,52.1507908902446],[16.3366321141203,52.1506047799524]]]},"properties":{"case_id":"ST-WK-WI/WNIOSEK/279/2026","source_type":"wniosek_decyzja","received_date":"2025-11-14","decision_date":"2026-01-08","status":"decyzja wydana","description":"Rozbiórka budynku mieszkalnego jednorodzinnego","address":"Gradowice","city":"Gradowice","office":"Starosta Powiatu Grodzisk Wielkopolski","case_kind":"Budynek mieszkalny jednorodzinny","parcel_ids":["300505_5.0002.291"],"location_quality":"dokładny","gunb_url":"https://wyszukiwarka.gunb.gov.pl/","parcel_count":1,"parcel_shard":"x065-y208","parcel_id":"300505_5.0002.291","location_source":"powiat grodziski (wielkopolski) (wfs)"}},{"type":"Feature","id":"ST-WK-WI/WNIOSEK/9153/2026::300505_5.0002.58/21","geometry":{"type":"Polygon","coordinates":[[[16.3080531331372,52.1584085053071],[16.306859124098,52.1588421281572],[16.3073568468969,52.1593641406617],[16.3084214981241,52.1589694295157],[16.3084651809207,52.1588692636957],[16.3080531331372,52.1584085053071]]]},"properties":{"case_id":"ST-WK-WI/WNIOSEK/9153/2026","source_type":"wniosek_decyzja","received_date":"2026-03-10","decision_date":"2026-05-14","status":"decyzja wydana","description":"Rozbudowa z przebudową budynku magazynowego","address":"Gradowice","city":"Gradowice","office":"Starosta Powiatu Grodzisk Wielkopolski","case_kind":"Obiekt budowlany inny niż budynek mieszkalny jednorodzinny","parcel_ids":["300505_5.0002.58/21","300505_5.0002.58/22"],"location_quality":"dokładny","gunb_url":"https://wyszukiwarka.gunb.gov.pl/","parcel_count":2,"parcel_shard":"x065-y208","parcel_id":"300505_5.0002.58/21","location_source":"powiat grodziski (wielkopolski) (wfs)"}},{"type":"Feature","id":"ST-WK-WI/WNIOSEK/9153/2026::300505_5.0002.58/22","geometry":{"type":"Polygon","coordinates":[[[16.3080531331372,52.1584085053071],[16.3075882120773,52.1578886487717],[16.3063650324746,52.1583239383503],[16.306859124098,52.1588421281572],[16.3080531331372,52.1584085053071]]]},"properties":{"case_id":"ST-WK-WI/WNIOSEK/9153/2026","source_type":"wniosek_decyzja","received_date":"2026-03-10","decision_date":"2026-05-14","status":"decyzja wydana","description":"Rozbudowa z przebudową budynku magazynowego","address":"Gradowice","city":"Gradowice","office":"Starosta Powiatu Grodzisk Wielkopolski","case_kind":"Obiekt budowlany inny niż budynek mieszkalny jednorodzinny","parcel_ids":["300505_5.0002.58/21","300505_5.0002.58/22"],"location_quality":"dokładny","gunb_url":"https://wyszukiwarka.gunb.gov.pl/","parcel_count":2,"parcel_shard":"x065-y208","parcel_id":"300505_5.0002.58/22","location_source":"powiat grodziski (wielkopolski) (wfs)"}},{"type":"Feature","id":"ST-WK-WI/WNIOSEK/23922/2025::300505_5.0002.86/3","geometry":{"type":"Polygon","coordinates":[[[16.3244682300835,52.1527288996478],[16.3248467371302,52.1525928660334],[16.3245518626406,52.1522824965013],[16.3241733458668,52.1524185171166],[16.3244682300835,52.1527288996478]]]},"properties":{"case_id":"ST-WK-WI/WNIOSEK/23922/2025","source_type":"wniosek_decyzja","received_date":"2025-10-02","decision_date":"2025-11-26","status":"decyzja wydana","description":"Budowa budynku mieszkalnego jednorodzinnego wraz z infrastrukturą towarzyszącą","address":"Gradowice","city":"Gradowice","office":"Starosta Powiatu Grodzisk Wielkopolski","case_kind":"Budynek mieszkalny jednorodzinny","parcel_ids":["300505_5.0002.86/3"],"location_quality":"dokładny","gunb_url":"https://wyszukiwarka.gunb.gov.pl/","parcel_count":1,"parcel_shard":"x065-y208","parcel_id":"300505_5.0002.86/3","location_source":"powiat grodziski (wielkopolski) (wfs)"}},{"type":"Feature","id":"ST-WK-WI/WNIOSEK/4614/2026::300505_5.0002.86/4","geometry":{"type":"Polygon","coordinates":[[[16.3240898307943,52.1528648924995],[16.3244682300835,52.1527288996478],[16.3241733458668,52.1524185171166],[16.323794972833,52.1525545348853],[16.3240898307943,52.1528648924995]]]},"properties":{"case_id":"ST-WK-WI/WNIOSEK/4614/2026","source_type":"wniosek_decyzja","received_date":"2025-12-23","decision_date":"2026-03-13","status":"decyzja wydana","description":"Budowa budynku mieszkalnego jednorodzinnego","address":"Gradowice","city":"Gradowice","office":"Starosta Powiatu Grodzisk Wielkopolski","case_kind":"Budynek mieszkalny jednorodzinny","parcel_ids":["300505_5.0002.86/4"],"location_quality":"dokładny","gunb_url":"https://wyszukiwarka.gunb.gov.pl/","parcel_count":1,"parcel_shard":"x065-y208","parcel_id":"300505_5.0002.86/4","location_source":"powiat grodziski (wielkopolski) (wfs)"}},{"type":"Feature","id":"ST-WK-WI/WNIOSEK/9876/2026::300505_5.0002.90/2","geometry":{"type":"Polygon","coordinates":[[[16.3268049708854,52.1523617955717],[16.3270981809689,52.152251624327],[16.3268527117506,52.1519868910143],[16.3265593353343,52.152096344454],[16.3268049708854,52.1523617955717]]]},"properties":{"case_id":"ST-WK-WI/WNIOSEK/9876/2026","source_type":"wniosek_decyzja","received_date":"2026-01-23","decision_date":"2026-04-23","status":"decyzja wydana","description":"budowa budynku mieszkalnego jednorodzinnego, wolnostojącego, wraz z niezbędną infrastrukturą techniczną oraz zbiornika na ścieki V=10, 0m3","address":"Gradowice","city":"Gradowice","office":"Starosta Powiatu Grodzisk Wielkopolski","case_kind":"Budynek mieszkalny jednorodzinny","parcel_ids":["300505_5.0002.90/2"],"location_quality":"dokładny","gunb_url":"https://wyszukiwarka.gunb.gov.pl/","parcel_count":1,"parcel_shard":"x065-y208","parcel_id":"300505_5.0002.90/2","location_source":"powiat grodziski (wielkopolski) (wfs)"}},{"type":"Feature","id":"ST-WK-WI/WNIOSEK/8199/2026::300505_5.0003.255","geometry":{"type":"Polygon","coordinates":[[[16.3710913888851,52.1447123023368],[16.3708325452038,52.1443950524817],[16.3696188802414,52.1448562404872],[16.3725904245707,52.1492083313646],[16.3727344100588,52.1494344338354],[16.3735066433814,52.1505752715267],[16.3748109809578,52.1500257634394],[16.3747542854738,52.1499213492461],[16.3746453578375,52.1497388049349],[16.3710913888851,52.1447123023368]]]},"properties":{"case_id":"ST-WK-WI/WNIOSEK/8199/2026","source_type":"wniosek_decyzja","received_date":"2026-03-02","decision_date":"2026-04-30","status":"decyzja wydana","description":"Budowa dwóch silosów na kiszonkę oraz wagi wozowej przejazdowej wraz z infrastrukturą towarzyszącą w zabudowie zagrodowej","address":"Łubnica","city":"Łubnica","office":"Starosta Powiatu Grodzisk Wielkopolski","case_kind":"Obiekt budowlany inny niż budynek mieszkalny jednorodzinny","parcel_ids":["300505_5.0003.255"],"location_quality":"dokładny","gunb_url":"https://wyszukiwarka.gunb.gov.pl/","parcel_count":1,"parcel_shard":"x065-y208","parcel_id":"300505_5.0003.255","location_source":"powiat grodziski (wielkopolski) (wfs)"}},{"type":"Feature","id":"ST-WK-WI/WNIOSEK/14095/2026::300505_5.0005.33","geometry":{"type":"Polygon","coordinates":[[[16.3044501582815,52.1088741079283],[16.3039875079644,52.1086162293154],[16.3038538523485,52.108673056671],[16.3038127332825,52.1086948510587],[16.3037750451664,52.1087216482457],[16.3037495834458,52.1087526956849],[16.3037213189358,52.1088142691845],[16.303718214539,52.1089180750143],[16.3037272352912,52.1089504190268],[16.3038922778522,52.1089810404254],[16.3039975113188,52.1089855908316],[16.3040544639004,52.1089840650701],[16.3041033991649,52.1089816020816],[16.3042173989211,52.1089523747268],[16.3043157499932,52.1089254097138],[16.3044051706268,52.1089004694667],[16.3044501582815,52.1088741079283]]]},"properties":{"case_id":"ST-WK-WI/WNIOSEK/14095/2026","source_type":"wniosek_decyzja","received_date":"2026-05-29","decision_date":"2026-07-23","status":"decyzja wydana","description":"Remont dachu i wieży kościoła p.w. św. Mikołaja w Prochach","address":"Prochy","city":"Prochy","office":"Starosta Powiatu Grodzisk Wielkopolski","case_kind":"Obiekt budowlany inny niż budynek mieszkalny jednorodzinny","parcel_ids":["300505_5.0005.33"],"location_quality":"dokładny","gunb_url":"https://wyszukiwarka.gunb.gov.pl/","parcel_count":1,"parcel_shard":"x065-y208","parcel_id":"300505_5.0005.33","location_source":"powiat grodziski (wielkopolski) (wfs)"}},{"type":"Feature","id":"ST-WK-WI/ZGŁOSZENIE/1740/2026::300505_5.0007.202/1","geometry":{"type":"Polygon","coordinates":[[[16.4219924676938,52.0982679190585],[16.4214258271759,52.0984127279651],[16.4217518429366,52.0988292820009],[16.4223211623709,52.0994704904924],[16.4230862210513,52.1003729683693],[16.4236188401032,52.1001400250031],[16.4219924676938,52.0982679190585]]]},"properties":{"case_id":"ST-WK-WI/ZGŁOSZENIE/1740/2026","source_type":"zgloszenie","received_date":"2026-05-12","decision_date":null,"status":"Brak sprzeciwu","description":"Budowa sieci elektroenergetycznej obejmująca napięcie znamionowe nie większe niż 15 kV","address":"Reńsko","city":"Reńsko","office":"Starosta Powiatu Grodzisk Wielkopolski","case_kind":"budowa nowego/nowych obiektów budowlanych","parcel_ids":["300505_5.0007.202/1","300505_5.0007.203","300505_5.0007.270/14","300505_5.0007.270/18","300505_5.0007.270/5","300505_5.0007.275/2","300505_5.0007.275/4","300505_5.0007.283","300505_5.0007.317","300505_5.0007.743"],"location_quality":"dokładny","gunb_url":"https://wyszukiwarka.gunb.gov.pl/","parcel_count":10,"parcel_shard":"x065-y208","parcel_id":"300505_5.0007.202/1","location_source":"powiat grodziski (wielkopolski) (wfs)"}},{"type":"Feature","id":"ST-WK-WI/ZGŁOSZENIE/1740/2026::300505_5.0007.203","geometry":{"type":"Polygon","coordinates":[[[16.4214777723713,52.0972967985276],[16.4211607553162,52.097378731803],[16.4209626248083,52.0970822500643],[16.4209063194757,52.0969959193304],[16.4208618302644,52.0969277828436],[16.4207936464026,52.0968258652255],[16.4207369868585,52.0967421453709],[16.4207212409444,52.0967196839293],[16.4206506322355,52.0967481298733],[16.4210115970223,52.0972501057122],[16.4210267888588,52.0973148201221],[16.4210706418471,52.0979460987575],[16.4214258271759,52.0984127279651],[16.4219924676938,52.0982679190585],[16.4220747033359,52.0982470622357],[16.4214777723713,52.0972967985276]]]},"properties":{"case_id":"ST-WK-WI/ZGŁOSZENIE/1740/2026","source_type":"zgloszenie","received_date":"2026-05-12","decision_date":null,"status":"Brak sprzeciwu","description":"Budowa sieci elektroenergetycznej obejmująca napięcie znamionowe nie większe niż 15 kV","address":"Reńsko","city":"Reńsko","office":"Starosta Powiatu Grodzisk Wielkopolski","case_kind":"budowa nowego/nowych obiektów budowlanych","parcel_ids":["300505_5.0007.202/1","300505_5.0007.203","300505_5.0007.270/14","300505_5.0007.270/18","300505_5.0007.270/5","300505_5.0007.275/2","300505_5.0007.275/4","300505_5.0007.283","300505_5.0007.317","300505_5.0007.743"],"location_quality":"dokładny","gunb_url":"https://wyszukiwarka.gunb.gov.pl/","parcel_count":10,"parcel_shard":"x065-y208","parcel_id":"300505_5.0007.203","location_source":"powiat grodziski (wielkopolski) (wfs)"}},{"type":"Feature","id":"ST-WK-WI/ZGŁOSZENIE/1740/2026::300505_5.0007.270/14","geometry":{"type":"Polygon","coordinates":[[[16.4130769386388,52.1000520403745],[16.4127419451987,52.1004022053981],[16.4127364609969,52.1004503599605],[16.4128306876617,52.1005916095807],[16.4133366116369,52.1004635699584],[16.4131755791212,52.1002082477283],[16.4130769386388,52.1000520403745]]]},"properties":{"case_id":"ST-WK-WI/ZGŁOSZENIE/1740/2026","source_type":"zgloszenie","received_date":"2026-05-12","decision_date":null,"status":"Brak sprzeciwu","description":"Budowa sieci elektroenergetycznej obejmująca napięcie znamionowe nie większe niż 15 kV","address":"Reńsko","city":"Reńsko","office":"Starosta Powiatu Grodzisk Wielkopolski","case_kind":"budowa nowego/nowych obiektów budowlanych","parcel_ids":["300505_5.0007.202/1","300505_5.0007.203","300505_5.0007.270/14","300505_5.0007.270/18","300505_5.0007.270/5","300505_5.0007.275/2","300505_5.0007.275/4","300505_5.0007.283","300505_5.0007.317","300505_5.0007.743"],"location_quality":"dokładny","gunb_url":"https://wyszukiwarka.gunb.gov.pl/","parcel_count":10,"parcel_shard":"x065-y208","parcel_id":"300505_5.0007.270/14","location_source":"powiat grodziski (wielkopolski) (wfs)"}},{"type":"Feature","id":"ST-WK-WI/ZGŁOSZENIE/1740/2026::300505_5.0007.270/18","geometry":{"type":"Polygon","coordinates":[[[16.4116212040113,52.1010602917011],[16.4114493234807,52.1011314719248],[16.411224402605,52.1011916017442],[16.4113641295377,52.1014010703105],[16.4117785539872,52.1012962447967],[16.411764918795,52.1012758242819],[16.4116212040113,52.1010602917011]]]},"properties":{"case_id":"ST-WK-WI/ZGŁOSZENIE/1740/2026","source_type":"zgloszenie","received_date":"2026-05-12","decision_date":null,"status":"Brak sprzeciwu","description":"Budowa sieci elektroenergetycznej obejmująca napięcie znamionowe nie większe niż 15 kV","address":"Reńsko","city":"Reńsko","office":"Starosta Powiatu Grodzisk Wielkopolski","case_kind":"budowa nowego/nowych obiektów budowlanych","parcel_ids":["300505_5.0007.202/1","300505_5.0007.203","300505_5.0007.270/14","300505_5.0007.270/18","300505_5.0007.270/5","300505_5.0007.275/2","300505_5.0007.275/4","300505_5.0007.283","300505_5.0007.317","300505_5.0007.743"],"location_quality":"dokładny","gunb_url":"https://wyszukiwarka.gunb.gov.pl/","parcel_count":10,"parcel_shard":"x065-y208","parcel_id":"300505_5.0007.270/18","location_source":"powiat grodziski (wielkopolski) (wfs)"}},{"type":"Feature","id":"ST-WK-WI/ZGŁOSZENIE/1740/2026::300505_5.0007.270/5","geometry":{"type":"Polygon","coordinates":[[[16.4142140191041,52.0993813396437],[16.4139137029037,52.0995584216277],[16.4140277079684,52.0997388929106],[16.4144357726599,52.0996413250638],[16.4142773450928,52.0993900178895],[16.4142140191041,52.0993813396437]]]},"properties":{"case_id":"ST-WK-WI/ZGŁOSZENIE/1740/2026","source_type":"zgloszenie","received_date":"2026-05-12","decision_date":null,"status":"Brak sprzeciwu","description":"Budowa sieci elektroenergetycznej obejmująca napięcie znamionowe nie większe niż 15 kV","address":"Reńsko","city":"Reńsko","office":"Starosta Powiatu Grodzisk Wielkopolski","case_kind":"budowa nowego/nowych obiektów budowlanych","parcel_ids":["300505_5.0007.202/1","300505_5.0007.203","300505_5.0007.270/14","300505_5.0007.270/18","300505_5.0007.270/5","300505_5.0007.275/2","300505_5.0007.275/4","300505_5.0007.283","300505_5.0007.317","300505_5.0007.743"],"location_quality":"dokładny","gunb_url":"https://wyszukiwarka.gunb.gov.pl/","parcel_count":10,"parcel_shard":"x065-y208","parcel_id":"300505_5.0007.270/5","location_source":"powiat grodziski (wielkopolski) (wfs)"}},{"type":"Feature","id":"ST-WK-WI/ZGŁOSZENIE/1740/2026::300505_5.0007.275/2","geometry":{"type":"Polygon","coordinates":[[[16.4168239141225,52.0983027405046],[16.4185370509517,52.0977135196647],[16.4184900357052,52.0976208738882],[16.4184488900063,52.0976350316473],[16.4183918929278,52.0976555822555],[16.4167718404714,52.0982346037832],[16.4163096203835,52.0983221341155],[16.4160393684164,52.0983420097703],[16.4157977236587,52.0983066210259],[16.4156775787926,52.0982596155826],[16.4151026940515,52.0979555137402],[16.4140592478923,52.0974135304786],[16.4139950230235,52.0973809532997],[16.4139415797248,52.0973754821416],[16.4125888539644,52.0966840300994],[16.4125186549054,52.0966655458911],[16.4125012896464,52.0966609900353],[16.4124127013005,52.0967764760902],[16.4152694755636,52.0981987197308],[16.4152920210728,52.0982101341834],[16.4158050847145,52.0984699448952],[16.4158408576399,52.0985349520439],[16.4158882942371,52.0985120007241],[16.4159617932861,52.0984778601435],[16.4168239141225,52.0983027405046]]]},"properties":{"case_id":"ST-WK-WI/ZGŁOSZENIE/1740/2026","source_type":"zgloszenie","received_date":"2026-05-12","decision_date":null,"status":"Brak sprzeciwu","description":"Budowa sieci elektroenergetycznej obejmująca napięcie znamionowe nie większe niż 15 kV","address":"Reńsko","city":"Reńsko","office":"Starosta Powiatu Grodzisk Wielkopolski","case_kind":"budowa nowego/nowych obiektów budowlanych","parcel_ids":["300505_5.0007.202/1","300505_5.0007.203","300505_5.0007.270/14","300505_5.0007.270/18","300505_5.0007.270/5","300505_5.0007.275/2","300505_5.0007.275/4","300505_5.0007.283","300505_5.0007.317","300505_5.0007.743"],"location_quality":"dokładny","gunb_url":"https://wyszukiwarka.gunb.gov.pl/","parcel_count":10,"parcel_shard":"x065-y208","parcel_id":"300505_5.0007.275/2","location_source":"powiat grodziski (wielkopolski) (wfs)"}},{"type":"Feature","id":"ST-WK-WI/ZGŁOSZENIE/1740/2026::300505_5.0007.275/4","geometry":{"type":"Polygon","coordinates":[[[16.4246766741558,52.0952192085563],[16.4248338118498,52.0951813548685],[16.4257111924897,52.0951537575893],[16.4257846540649,52.0951463073586],[16.4261345129564,52.0951110643629],[16.4264992480926,52.0950709662412],[16.4268483193667,52.095038517111],[16.4272873889935,52.0949497872954],[16.4275478486753,52.0949211055988],[16.4278637957789,52.0948751223031],[16.4282430767309,52.0948199214944],[16.4285738390993,52.0947717792739],[16.4292208367336,52.0946776456888],[16.4292594032511,52.0946743017104],[16.4294549988764,52.0946572784682],[16.4295753309817,52.0946597741129],[16.43002730594,52.0946691228328],[16.4301404842116,52.0946715249215],[16.4304987277286,52.0946887504777],[16.4307500515283,52.0946848013038],[16.4307873941278,52.0946842581492],[16.4310874036674,52.0946557177393],[16.4311784833747,52.0946470614911],[16.4314537658681,52.0946119890399],[16.4318031735773,52.0945674763982],[16.4319679279651,52.0945717670298],[16.4322191562204,52.0946104218214],[16.4327395064442,52.0946904785558],[16.4328968742072,52.0947147224685],[16.4330118857652,52.0947014593563],[16.4329900803585,52.0946585791904],[16.43290330352,52.0946694316764],[16.4327145505039,52.094640355868],[16.4321933198763,52.0945601299516],[16.4319783171101,52.0945270573908],[16.4317807398552,52.0945231654655],[16.4314316472418,52.0945683933028],[16.4311653923234,52.0946028167809],[16.4310658746273,52.0946122945503],[16.4307808508299,52.0946393946078],[16.4307245466585,52.0946402578036],[16.4305006457822,52.0946437842359],[16.4301445937092,52.0946266219818],[16.4300106804006,52.0946238422481],[16.4296245670013,52.0946158519447],[16.4294512257697,52.0946122913721],[16.4292377272358,52.0946307900904],[16.4292073128408,52.0946334959022],[16.428551660028,52.0947262062549],[16.4282199853764,52.094773190951],[16.427826857974,52.0948335031398],[16.4270073535403,52.0949595597039],[16.4264751518727,52.0950292811303],[16.4264045050849,52.0950334618402],[16.4261111310806,52.0950505843969],[16.425722113362,52.0950889076556],[16.4257049856117,52.0950414753082],[16.4255428793364,52.095051615517],[16.4252709296853,52.0950724318583],[16.424995996252,52.0950912162622],[16.4249453666,52.0950961428399],[16.4249108439898,52.0950981781166],[16.4248548482969,52.0951087424487],[16.4246791351157,52.09514529263],[16.4245103186009,52.0952013543112],[16.4243922085006,52.0952365786984],[16.4243391903598,52.0952535785873],[16.4241364023056,52.0953152636001],[16.4240499284753,52.0953678129347],[16.4240403462129,52.0953922877672],[16.4239261656755,52.0954455312743],[16.4239074697526,52.0954542063868],[16.4238974925035,52.0954616975544],[16.4237976225182,52.0955106333125],[16.4237918901342,52.0955093542662],[16.4237871760944,52.0955125572128],[16.4236368529118,52.0955811580356],[16.4235195963936,52.0956340787464],[16.42322184012,52.0957337622201],[16.4222630971025,52.0960576875074],[16.4222734774864,52.0960720338776],[16.4216426929131,52.0962824256391],[16.4214675235047,52.0963408965684],[16.4213119422367,52.0964049736223],[16.4212124825667,52.096444014764],[16.4210195643249,52.0965180694909],[16.4207405757691,52.0966208461495],[16.4206325020197,52.0966598108594],[16.4205658614812,52.0966799394356],[16.4203945696885,52.0967549010061],[16.4202108418905,52.0968381018845],[16.4201407013884,52.0968721147986],[16.4199964411067,52.0969389300501],[16.4199584686073,52.0969564657826],[16.4198296083474,52.0970670494677],[16.4200082987244,52.097041167137],[16.4202915609083,52.0968798250778],[16.4205144181852,52.0967971412863],[16.4206506322355,52.0967481298733],[16.4207212409444,52.0967196839293],[16.4208037809594,52.0966901053773],[16.4208062293717,52.0966936712992],[16.4208816836003,52.096666155595],[16.4208838316762,52.0966694554767],[16.4210624987385,52.0966107634908],[16.4211576858129,52.0965612573427],[16.4215538768641,52.0964083481914],[16.4219481999432,52.0962800801707],[16.4221827039575,52.09620517141],[16.4223421076965,52.0961557023839],[16.4225343092478,52.0960960319352],[16.42261388622,52.0960697237492],[16.4229272987936,52.0959666169505],[16.4232411218414,52.095858111202],[16.4234006630283,52.0958039610811],[16.4235568484572,52.0957452670946],[16.4235825184198,52.0957356089562],[16.4236894488446,52.095692969999],[16.4238513457506,52.0956165890055],[16.4241444165196,52.0954660851427],[16.4243995046129,52.0953373424749],[16.4245027574888,52.0952892641778],[16.4246766741558,52.0952192085563]]]},"properties":{"case_id":"ST-WK-WI/ZGŁOSZENIE/1740/2026","source_type":"zgloszenie","received_date":"2026-05-12","decision_date":null,"status":"Brak sprzeciwu","description":"Budowa sieci elektroenergetycznej obejmująca napięcie znamionowe nie większe niż 15 kV","address":"Reńsko","city":"Reńsko","office":"Starosta Powiatu Grodzisk Wielkopolski","case_kind":"budowa nowego/nowych obiektów budowlanych","parcel_ids":["300505_5.0007.202/1","300505_5.0007.203","300505_5.0007.270/14","300505_5.0007.270/18","300505_5.0007.270/5","300505_5.0007.275/2","300505_5.0007.275/4","300505_5.0007.283","300505_5.0007.317","300505_5.0007.743"],"location_quality":"dokładny","gunb_url":"https://wyszukiwarka.gunb.gov.pl/","parcel_count":10,"parcel_shard":"x065-y208","parcel_id":"300505_5.0007.275/4","location_source":"powiat grodziski (wielkopolski) (wfs)"}},{"type":"Feature","id":"ST-WK-WI/ZGŁOSZENIE/1740/2026::300505_5.0007.283","geometry":{"type":"Polygon","coordinates":[[[16.4147639184055,52.0990569052025],[16.41514424652,52.0988671753379],[16.4152059616538,52.0988434236766],[16.4152430520364,52.098834798775],[16.4154185102446,52.0987341773274],[16.4158408576399,52.0985349520439],[16.4158050847145,52.0984699448952],[16.4153980391796,52.0986868735832],[16.4152722930737,52.0987303600238],[16.4152751731595,52.0987337410984],[16.415157486287,52.0987874675178],[16.415109571526,52.0988091658888],[16.4148835908927,52.0989183032358],[16.4147024634122,52.0990058685921],[16.4130074213485,52.1000183575828],[16.4125567194307,52.1004897266199],[16.4120452029394,52.1008197130932],[16.4114071017491,52.1010839785177],[16.410492803768,52.1013286247257],[16.4099714203544,52.101508521197],[16.4099947201905,52.1015623536674],[16.4104192174719,52.101415795414],[16.4105316944986,52.1013769672875],[16.4108040880264,52.1013040462018],[16.411224402605,52.1011916017442],[16.4114493234807,52.1011314719248],[16.4116212040113,52.1010602917011],[16.4119671235633,52.1009170057901],[16.4121019767302,52.100861189386],[16.4122630409065,52.1007572396341],[16.4125967550101,52.1005419198765],[16.4126269354008,52.1005224125613],[16.4127419451987,52.1004022053981],[16.4130769386388,52.1000520403745],[16.4134150856455,52.099852574852],[16.4136135302307,52.0997355011098],[16.4139137029037,52.0995584216277],[16.4142140191041,52.0993813396437],[16.4144123136098,52.0992642663276],[16.4147639184055,52.0990569052025]]]},"properties":{"case_id":"ST-WK-WI/ZGŁOSZENIE/1740/2026","source_type":"zgloszenie","received_date":"2026-05-12","decision_date":null,"status":"Brak sprzeciwu","description":"Budowa sieci elektroenergetycznej obejmująca napięcie znamionowe nie większe niż 15 kV","address":"Reńsko","city":"Reńsko","office":"Starosta Powiatu Grodzisk Wielkopolski","case_kind":"budowa nowego/nowych obiektów budowlanych","parcel_ids":["300505_5.0007.202/1","300505_5.0007.203","300505_5.0007.270/14","300505_5.0007.270/18","300505_5.0007.270/5","300505_5.0007.275/2","300505_5.0007.275/4","300505_5.0007.283","300505_5.0007.317","300505_5.0007.743"],"location_quality":"dokładny","gunb_url":"https://wyszukiwarka.gunb.gov.pl/","parcel_count":10,"parcel_shard":"x065-y208","parcel_id":"300505_5.0007.283","location_source":"powiat grodziski (wielkopolski) (wfs)"}},{"type":"Feature","id":"ST-WK-WI/ZGŁOSZENIE/1740/2026::300505_5.0007.317","geometry":{"type":"Polygon","coordinates":[[[16.4216590466449,52.0973889026115],[16.421597799726,52.0972940926532],[16.4214324190241,52.0970224746305],[16.4211576858129,52.0965612573427],[16.4210624987385,52.0966107634908],[16.4211109390653,52.0966654592787],[16.4211530944026,52.0967290396304],[16.4211634029458,52.0967457239945],[16.4211957701227,52.0967998045671],[16.4212209752664,52.096839769512],[16.4212824094941,52.0969359256965],[16.4214777723713,52.0972967985276],[16.4220747033359,52.0982470622357],[16.4221828679479,52.0982200499467],[16.4218757412777,52.097727405598],[16.421805766358,52.0976151732976],[16.4217707230564,52.0975641812925],[16.4216590466449,52.0973889026115]]]},"properties":{"case_id":"ST-WK-WI/ZGŁOSZENIE/1740/2026","source_type":"zgloszenie","received_date":"2026-05-12","decision_date":null,"status":"Brak sprzeciwu","description":"Budowa sieci elektroenergetycznej obejmująca napięcie znamionowe nie większe niż 15 kV","address":"Reńsko","city":"Reńsko","office":"Starosta Powiatu Grodzisk Wielkopolski","case_kind":"budowa nowego/nowych obiektów budowlanych","parcel_ids":["300505_5.0007.202/1","300505_5.0007.203","300505_5.0007.270/14","300505_5.0007.270/18","300505_5.0007.270/5","300505_5.0007.275/2","300505_5.0007.275/4","300505_5.0007.283","300505_5.0007.317","300505_5.0007.743"],"location_quality":"dokładny","gunb_url":"https://wyszukiwarka.gunb.gov.pl/","parcel_count":10,"parcel_shard":"x065-y208","parcel_id":"300505_5.0007.317","location_source":"powiat grodziski (wielkopolski) (wfs)"}},{"type":"Feature","id":"ST-WK-WI/ZGŁOSZENIE/1740/2026::300505_5.0007.743","geometry":{"type":"Polygon","coordinates":[[[16.4198956915183,52.0971947901586],[16.4200082987244,52.097041167137],[16.4198296083474,52.0970670494677],[16.4195058026627,52.0972340021199],[16.4184900357052,52.0976208738882],[16.4185370509517,52.0977135196647],[16.4190218098408,52.0975455310966],[16.4198956915183,52.0971947901586]]]},"properties":{"case_id":"ST-WK-WI/ZGŁOSZENIE/1740/2026","source_type":"zgloszenie","received_date":"2026-05-12","decision_date":null,"status":"Brak sprzeciwu","description":"Budowa sieci elektroenergetycznej obejmująca napięcie znamionowe nie większe niż 15 kV","address":"Reńsko","city":"Reńsko","office":"Starosta Powiatu Grodzisk Wielkopolski","case_kind":"budowa nowego/nowych obiektów budowlanych","parcel_ids":["300505_5.0007.202/1","300505_5.0007.203","300505_5.0007.270/14","300505_5.0007.270/18","300505_5.0007.270/5","300505_5.0007.275/2","300505_5.0007.275/4","300505_5.0007.283","300505_5.0007.317","300505_5.0007.743"],"location_quality":"dokładny","gunb_url":"https://wyszukiwarka.gunb.gov.pl/","parcel_count":10,"parcel_shard":"x065-y208","parcel_id":"300505_5.0007.743","location_source":"powiat grodziski (wielkopolski) (wfs)"}},{"type":"Feature","id":"ST-WK-WI/WNIOSEK/6691/2026::300505_5.0007.270/11","geometry":{"type":"Polygon","coordinates":[[[16.4152160603399,52.1007993054798],[16.4157740962789,52.1007130557761],[16.4154426907961,52.1001756539672],[16.4152702410081,52.0998919778581],[16.4148185759211,52.1000000492136],[16.4149955982475,52.1002807048515],[16.4152160603399,52.1007993054798]]]},"properties":{"case_id":"ST-WK-WI/WNIOSEK/6691/2026","source_type":"wniosek_decyzja","received_date":"2025-12-29","decision_date":"2026-01-28","status":"decyzja wydana","description":"budowa budynku mieszkalnego jednorodzinnego oraz budynku gospodarczo-garażowego w zabudowie zagrodowej, ETAP I budynek mieszkalny jednorodzinny","address":"Reńsko","city":"Reńsko","office":"Starosta Powiatu Grodzisk Wielkopolski","case_kind":"Budynek mieszkalny jednorodzinny","parcel_ids":["300505_5.0007.270/11"],"location_quality":"dokładny","gunb_url":"https://wyszukiwarka.gunb.gov.pl/","parcel_count":1,"parcel_shard":"x065-y208","parcel_id":"300505_5.0007.270/11","location_source":"powiat grodziski (wielkopolski) (wfs)"}},{"type":"Feature","id":"ST-WK-WI/WNIOSEK/3850/2026::300505_5.0007.398/1","geometry":{"type":"Polygon","coordinates":[[[16.4214739104245,52.094241805413],[16.4214139990364,52.094253134423],[16.4212469992502,52.0938980316296],[16.4206608929638,52.0940302182373],[16.4213488246664,52.0953109778845],[16.4219835358619,52.0953483555091],[16.4214739104245,52.094241805413]]]},"properties":{"case_id":"ST-WK-WI/WNIOSEK/3850/2026","source_type":"wniosek_decyzja","received_date":"2025-11-14","decision_date":"2026-01-16","status":"decyzja wydana","description":"Budowa zbiornika na gnojówkę i gnojowicę wraz z infrastrukturą towarzyszącą","address":"Reńsko","city":"Reńsko","office":"Starosta Powiatu Grodzisk Wielkopolski","case_kind":"Obiekt budowlany inny niż budynek mieszkalny jednorodzinny","parcel_ids":["300505_5.0007.398/1","300505_5.0007.399","300505_5.0007.400/1"],"location_quality":"dokładny","gunb_url":"https://wyszukiwarka.gunb.gov.pl/","parcel_count":3,"parcel_shard":"x065-y208","parcel_id":"300505_5.0007.398/1","location_source":"powiat grodziski (wielkopolski) (wfs)"}},{"type":"Feature","id":"ST-WK-WI/WNIOSEK/3850/2026::300505_5.0007.399","geometry":{"type":"Polygon","coordinates":[[[16.4206608929638,52.0940302182373],[16.4203817367075,52.0940813118192],[16.4209890266129,52.0952816086569],[16.4213488246664,52.0953109778845],[16.4206608929638,52.0940302182373]]]},"properties":{"case_id":"ST-WK-WI/WNIOSEK/3850/2026","source_type":"wniosek_decyzja","received_date":"2025-11-14","decision_date":"2026-01-16","status":"decyzja wydana","description":"Budowa zbiornika na gnojówkę i gnojowicę wraz z infrastrukturą towarzyszącą","address":"Reńsko","city":"Reńsko","office":"Starosta Powiatu Grodzisk Wielkopolski","case_kind":"Obiekt budowlany inny niż budynek mieszkalny jednorodzinny","parcel_ids":["300505_5.0007.398/1","300505_5.0007.399","300505_5.0007.400/1"],"location_quality":"dokładny","gunb_url":"https://wyszukiwarka.gunb.gov.pl/","parcel_count":3,"parcel_shard":"x065-y208","parcel_id":"300505_5.0007.399","location_source":"powiat grodziski (wielkopolski) (wfs)"}},{"type":"Feature","id":"ST-WK-WI/WNIOSEK/3850/2026::300505_5.0007.400/1","geometry":{"type":"Polygon","coordinates":[[[16.4202666799706,52.0940932148511],[16.4208731775885,52.0952916342107],[16.4209890266129,52.0952816086569],[16.4203817367075,52.0940813118192],[16.4202666799706,52.0940932148511]]]},"properties":{"case_id":"ST-WK-WI/WNIOSEK/3850/2026","source_type":"wniosek_decyzja","received_date":"2025-11-14","decision_date":"2026-01-16","status":"decyzja wydana","description":"Budowa zbiornika na gnojówkę i gnojowicę wraz z infrastrukturą towarzyszącą","address":"Reńsko","city":"Reńsko","office":"Starosta Powiatu Grodzisk Wielkopolski","case_kind":"Obiekt budowlany inny niż budynek mieszkalny jednorodzinny","parcel_ids":["300505_5.0007.398/1","300505_5.0007.399","300505_5.0007.400/1"],"location_quality":"dokładny","gunb_url":"https://wyszukiwarka.gunb.gov.pl/","parcel_count":3,"parcel_shard":"x065-y208","parcel_id":"300505_5.0007.400/1","location_source":"powiat grodziski (wielkopolski) (wfs)"}},{"type":"Feature","id":"ST-WK-WI/WNIOSEK/11400/2026::300505_5.0008.444","geometry":{"type":"Polygon","coordinates":[[[16.3937038752973,52.0769706602618],[16.3948874002689,52.0771652679251],[16.3948747242432,52.0771390803817],[16.395039030031,52.0767784704458],[16.3949900476854,52.0758755970497],[16.3949748518686,52.0755961853481],[16.39496319893,52.0753808730485],[16.3949473457199,52.0750898640643],[16.3949057017433,52.074322021434],[16.3949044841092,52.0742995698876],[16.393585641101,52.0747080976393],[16.3935889189452,52.074762167786],[16.3937038752973,52.0769706602618]]]},"properties":{"case_id":"ST-WK-WI/WNIOSEK/11400/2026","source_type":"wniosek_decyzja","received_date":"2026-02-23","decision_date":"2026-06-15","status":"decyzja wydana","description":"budowa budynku mieszkalnego jednorodzinnego oraz budynku gospodarczego w zabudowie zagrodowej, etap I budowa budynku mieszkalnego jednorodzinnego z garażem","address":"Śniaty","city":"Śniaty","office":"Starosta Powiatu Grodzisk Wielkopolski","case_kind":"Budynek mieszkalny jednorodzinny","parcel_ids":["300505_5.0008.444"],"location_quality":"dokładny","gunb_url":"https://wyszukiwarka.gunb.gov.pl/","parcel_count":1,"parcel_shard":"x065-y208","parcel_id":"300505_5.0008.444","location_source":"powiat grodziski (wielkopolski) (wfs)"}},{"type":"Feature","id":"PL-WP/ZGŁOSZENIE/4131/2025::300505_5.0008.452","geometry":{"type":"Polygon","coordinates":[[[16.3961689331396,52.0774681171874],[16.3963885257675,52.077497514969],[16.3963855330961,52.0774287346551],[16.3963848461227,52.0774130923165],[16.396372091223,52.0770910790446],[16.3963587354178,52.0764397099141],[16.3963447993682,52.0759726610112],[16.39634083346,52.0758397467904],[16.3963094096316,52.0752800224658],[16.3962659936532,52.074606739836],[16.3963019475693,52.0741246741065],[16.3963105738174,52.0740084393074],[16.3963216273004,52.0738602151331],[16.396334386724,52.0736889983072],[16.3963802364658,52.0730737370038],[16.3964463843225,52.0726557454339],[16.3965087067176,52.0722882785871],[16.3965377252973,52.0721276072782],[16.3965654794961,52.071973935454],[16.3965938655936,52.0718167638683],[16.3966208560228,52.0716716603194],[16.3966530433789,52.0715124829214],[16.3966811290666,52.0713570398011],[16.3967107773792,52.071193467786],[16.3967414330679,52.0710452150461],[16.3967756885042,52.0708795526057],[16.3968132279202,52.070698007008],[16.3968475296288,52.0705321181699],[16.3969337253951,52.0699854859919],[16.3969750895404,52.069733423751],[16.3970340307708,52.0693744528929],[16.3971673678384,52.0685618934756],[16.3972391767446,52.068125737423],[16.3972688704954,52.0679452186848],[16.397404901042,52.0676441359749],[16.3976416135865,52.0675502126068],[16.3977778131408,52.0675309331999],[16.3979397071808,52.0675076682684],[16.3979635541636,52.0675056715111],[16.3981174756066,52.0674927832508],[16.3983036126722,52.0674773004192],[16.3985049833762,52.067460551343],[16.3988578870451,52.0674307836744],[16.3991939342935,52.0674066614319],[16.3994962824582,52.0673836289932],[16.4003451102683,52.0673217982268],[16.4006646961905,52.0672965813983],[16.4011606723402,52.0672603009562],[16.401599403282,52.0672281926372],[16.4019482943376,52.0672021144154],[16.4020791835388,52.0671922562896],[16.4022960181791,52.0671760324951],[16.4024404772831,52.0671652161926],[16.4025594005903,52.0671563189887],[16.4031446904514,52.0671119259994],[16.4035136729424,52.0670829877647],[16.4037016367828,52.0670682458517],[16.4039142917862,52.0670515180798],[16.4041225080643,52.0670313435032],[16.4044227419107,52.067010687486],[16.4046401691828,52.0669957816866],[16.4048635624958,52.0669804448297],[16.4052995769493,52.0669504376019],[16.4054461809787,52.0669458682789],[16.4058562702456,52.0669136655983],[16.4062680037366,52.0668817921418],[16.406611687081,52.0668572160165],[16.4066717711735,52.0668506621051],[16.4069490123922,52.0668298014134],[16.4070880433962,52.0668214841463],[16.4074775914091,52.0667888773013],[16.4075384446788,52.066783783507],[16.4086945051461,52.0666956403938],[16.4090062376472,52.0666714846774],[16.409680800923,52.0666167664324],[16.4097469500841,52.066468853001],[16.4095002838356,52.0664887190252],[16.408884375708,52.0665390564931],[16.4088012424666,52.0665458506214],[16.4083877473487,52.0665721643325],[16.4082427171769,52.0665814585059],[16.4080041845708,52.0665989978244],[16.4076902792263,52.0666199272792],[16.4076204099344,52.06662458566],[16.407414707707,52.0666383001462],[16.4070667744886,52.06666258764],[16.4067478353731,52.0666848502656],[16.4060244223026,52.0667353427797],[16.4058671268598,52.0667463210216],[16.4056938781538,52.0667614298117],[16.4055291473904,52.0667757955162],[16.4053558984582,52.0667909038146],[16.4051817831552,52.0668060874],[16.4050954473313,52.0668136161459],[16.4048344184413,52.066836378252],[16.4046674181044,52.0668491124303],[16.4045034409546,52.0668603098201],[16.4043343450688,52.0668728859379],[16.4041512750364,52.0668881308019],[16.4038546347007,52.0669120024864],[16.4035579940593,52.0669358734282],[16.4035155774999,52.0669386655754],[16.403253460959,52.0669585196914],[16.402959933117,52.0669799846283],[16.4027138810813,52.0669993672867],[16.4024043975583,52.0670211118286],[16.4022786530423,52.0670315479934],[16.4020720991122,52.0670463626864],[16.4016898629227,52.0670738767759],[16.4015338924349,52.0670869161495],[16.3975284952037,52.0674016965885],[16.3971573811256,52.0674308549955],[16.3969955149899,52.0674086299681],[16.3968491145347,52.0675152676831],[16.3969677212105,52.0676530904715],[16.3969374292909,52.0679547306507],[16.3969825412995,52.0678764157508],[16.3970293555355,52.068067539836],[16.3969899078897,52.0682924411501],[16.3969436548627,52.0685566981604],[16.3969204181298,52.0686116563345],[16.3968681987624,52.0688851633644],[16.3968585461189,52.0689357201861],[16.396805596059,52.0692130503406],[16.3966920476772,52.0698233373333],[16.3966876971747,52.0698467196022],[16.3965754777701,52.0705148043951],[16.3964562725662,52.0711891055681],[16.3963244957631,52.0719205118672],[16.3961648776563,52.0728084469159],[16.3960711999023,52.0732160560242],[16.3960453566591,52.0738598730716],[16.3960433526892,52.0739092364568],[16.3960369314835,52.0740674078847],[16.3960329936261,52.0746123977728],[16.3960762602396,52.0752856801404],[16.396114774326,52.0759728841695],[16.3961234377863,52.0761296713964],[16.3961229556283,52.0761843229757],[16.3961323657437,52.0764331585938],[16.3961367929692,52.0765434631265],[16.3961585708709,52.0770821307762],[16.396174402682,52.077283160249],[16.3961651668059,52.0773853428167],[16.3961689331396,52.0774681171874]]]},"properties":{"case_id":"PL-WP/ZGŁOSZENIE/4131/2025","source_type":"zgloszenie","received_date":"2025-12-17","decision_date":null,"status":"Brak sprzeciwu","description":"budowa sieci kablowej nn 0,4 kV","address":"Śniaty","city":"Śniaty","office":"Wojewoda Wielkopolski","case_kind":"budowa nowego/nowych obiektów budowlanych","parcel_ids":["300505_5.0008.452","300505_5.0008.538/3","300505_5.0008.541/4"],"location_quality":"dokładny","gunb_url":"https://wyszukiwarka.gunb.gov.pl/","parcel_count":3,"parcel_shard":"x065-y208","parcel_id":"300505_5.0008.452","location_source":"powiat grodziski (wielkopolski) (wfs)"}},{"type":"Feature","id":"PL-WP/ZGŁOSZENIE/4131/2025::300505_5.0008.538/3","geometry":{"type":"Polygon","coordinates":[[[16.397404901042,52.0676441359749],[16.3972688704954,52.0679452186848],[16.3972391767446,52.068125737423],[16.3973026788166,52.0679025100019],[16.3973374211768,52.0678263646183],[16.3973743764665,52.0677699101533],[16.397421364665,52.0677185128261],[16.397404901042,52.0676441359749]]]},"properties":{"case_id":"PL-WP/ZGŁOSZENIE/4131/2025","source_type":"zgloszenie","received_date":"2025-12-17","decision_date":null,"status":"Brak sprzeciwu","description":"budowa sieci kablowej nn 0,4 kV","address":"Śniaty","city":"Śniaty","office":"Wojewoda Wielkopolski","case_kind":"budowa nowego/nowych obiektów budowlanych","parcel_ids":["300505_5.0008.452","300505_5.0008.538/3","300505_5.0008.541/4"],"location_quality":"dokładny","gunb_url":"https://wyszukiwarka.gunb.gov.pl/","parcel_count":3,"parcel_shard":"x065-y208","parcel_id":"300505_5.0008.538/3","location_source":"powiat grodziski (wielkopolski) (wfs)"}},{"type":"Feature","id":"PL-WP/ZGŁOSZENIE/4131/2025::300505_5.0008.541/4","geometry":{"type":"Polygon","coordinates":[[[16.3976416135865,52.0675502126068],[16.397404901042,52.0676441359749],[16.397421364665,52.0677185128261],[16.397485578165,52.0676647285194],[16.3975624520286,52.067615647872],[16.397645993649,52.0675733243729],[16.3976416135865,52.0675502126068]]]},"properties":{"case_id":"PL-WP/ZGŁOSZENIE/4131/2025","source_type":"zgloszenie","received_date":"2025-12-17","decision_date":null,"status":"Brak sprzeciwu","description":"budowa sieci kablowej nn 0,4 kV","address":"Śniaty","city":"Śniaty","office":"Wojewoda Wielkopolski","case_kind":"budowa nowego/nowych obiektów budowlanych","parcel_ids":["300505_5.0008.452","300505_5.0008.538/3","300505_5.0008.541/4"],"location_quality":"dokładny","gunb_url":"https://wyszukiwarka.gunb.gov.pl/","parcel_count":3,"parcel_shard":"x065-y208","parcel_id":"300505_5.0008.541/4","location_source":"powiat grodziski (wielkopolski) (wfs)"}},{"type":"Feature","id":"ST-WK-WI/WNIOSEK/2416/2026::300505_5.0009.248","geometry":{"type":"Polygon","coordinates":[[[16.4036081503526,52.1325136520249],[16.4035917803558,52.1323878279224],[16.4034878148414,52.132179633068],[16.4034301071315,52.1320583457953],[16.4029582579594,52.1320698034226],[16.4029600391838,52.1322101828123],[16.4029766950374,52.132210344173],[16.4030073476358,52.1322097097999],[16.4030073864549,52.1322899767634],[16.4030073741271,52.1323500201764],[16.4029612222849,52.1323501198781],[16.402962307845,52.1323939709124],[16.4029303241402,52.1323940817985],[16.4029293152501,52.1327246014126],[16.4029311251011,52.1330193131945],[16.4031190030902,52.1330159990755],[16.4034039910823,52.1330166523693],[16.4036317214877,52.1330172674759],[16.4036262328526,52.1328984147931],[16.4036224108342,52.1328186422893],[16.4036081503526,52.1325136520249]]]},"properties":{"case_id":"ST-WK-WI/WNIOSEK/2416/2026","source_type":"wniosek_decyzja","received_date":"2025-11-21","decision_date":"2026-02-11","status":"decyzja wydana","description":"Rozbudowa i przebudowa istniejących budynków inwentarskich (obory) w zabudowie zagrodowej","address":"Trzcinica","city":"Trzcinica","office":"Starosta Powiatu Grodzisk Wielkopolski","case_kind":"Obiekt budowlany inny niż budynek mieszkalny jednorodzinny","parcel_ids":["300505_5.0009.248"],"location_quality":"dokładny","gunb_url":"https://wyszukiwarka.gunb.gov.pl/","parcel_count":1,"parcel_shard":"x065-y208","parcel_id":"300505_5.0009.248","location_source":"powiat grodziski (wielkopolski) (wfs)"}},{"type":"Feature","id":"ST-WK-WI/WNIOSEK/18834/2025::300505_5.0009.257","geometry":{"type":"Polygon","coordinates":[[[16.4000396197585,52.1320950558372],[16.3998152858865,52.1320954721118],[16.3997454871105,52.1320960310494],[16.3997317438902,52.1322819867004],[16.3996638884093,52.1330342315733],[16.3996529113949,52.1332012784781],[16.399645515723,52.1334126861039],[16.3996491577635,52.1334450014972],[16.3996479761418,52.1335098226731],[16.3996471811449,52.1335357190122],[16.3996454013817,52.1336000978578],[16.3996434647976,52.1336687930383],[16.3996476579912,52.133709371323],[16.3996475949782,52.13372600081],[16.3996526891457,52.1337627033442],[16.3996503511516,52.1338325718048],[16.3996500740927,52.1338423725598],[16.4000028680129,52.1338531952067],[16.4000030356106,52.1338445642435],[16.4000033600016,52.1338316169443],[16.4000044749367,52.1337786613975],[16.4000058504719,52.1337479942505],[16.4000049419412,52.1337050399666],[16.4000038141096,52.1336317970119],[16.4000021285568,52.1335687176973],[16.4000026440303,52.1335572062835],[16.4000089339329,52.1334223938661],[16.4000396197585,52.1320950558372]]]},"properties":{"case_id":"ST-WK-WI/WNIOSEK/18834/2025","source_type":"wniosek_decyzja","received_date":"2025-09-09","decision_date":"2025-09-16","status":"decyzja wydana","description":"Rozbudowa wewnętrznej instalacji gazowej w budynku mieszkalnym jednorodzinnym w m. Trzcinica","address":"Henryka Sienkiewicza 26, Trzcinica","city":"Trzcinica","office":"Starosta Powiatu Grodzisk Wielkopolski","case_kind":"Obiekt budowlany inny niż budynek mieszkalny jednorodzinny","parcel_ids":["300505_5.0009.257"],"location_quality":"dokładny","gunb_url":"https://wyszukiwarka.gunb.gov.pl/","parcel_count":1,"parcel_shard":"x065-y208","parcel_id":"300505_5.0009.257","location_source":"powiat grodziski (wielkopolski) (wfs)"}},{"type":"Feature","id":"ST-WK-WI/WNIOSEK/10262/2026::300505_5.0010.1/4","geometry":{"type":"Polygon","coordinates":[[[16.3564758046449,52.114970021845],[16.3556023685223,52.1151079742785],[16.3557717917261,52.1159857299655],[16.3558371597994,52.1166194759284],[16.3559864206894,52.1166111977342],[16.3559774485695,52.1165561115821],[16.3560844608536,52.1165509258334],[16.3560731140896,52.1164705194526],[16.3562880957404,52.1164628332034],[16.3582767561316,52.1164305012673],[16.3582693702171,52.1155391074016],[16.3582476193505,52.1139541466573],[16.3574134685336,52.1146539804026],[16.3568694424375,52.1148597046124],[16.3568882202662,52.1150119263289],[16.356895567255,52.1150711658342],[16.3569220758275,52.1152950338105],[16.3565424994224,52.1153105476135],[16.3565385739699,52.1152197190947],[16.3564936784543,52.1150874755888],[16.3564879538339,52.1150287567046],[16.356480455024,52.1149687349756],[16.3564758046449,52.114970021845]]]},"properties":{"case_id":"ST-WK-WI/WNIOSEK/10262/2026","source_type":"wniosek_decyzja","received_date":"2026-04-16","decision_date":"2026-05-12","status":"decyzja wydana","description":"Wymiana pokrycia dachowego na budynku obory w zespole folwarcznym w Wielichowie","address":"Wielichowo","city":"Wielichowo","office":"Starosta Powiatu Grodzisk Wielkopolski","case_kind":"Obiekt budowlany inny niż budynek mieszkalny jednorodzinny","parcel_ids":["300505_5.0010.1/4"],"location_quality":"dokładny","gunb_url":"https://wyszukiwarka.gunb.gov.pl/","parcel_count":1,"parcel_shard":"x065-y208","parcel_id":"300505_5.0010.1/4","location_source":"powiat grodziski (wielkopolski) (wfs)"}},{"type":"Feature","id":"ST-WK-WI/WNIOSEK/7830/2026::300505_5.0010.1121/1","geometry":{"type":"Polygon","coordinates":[[[16.3385806252592,52.1190410403916],[16.3386038029774,52.1190056323212],[16.3384141771107,52.1187294120829],[16.3380906432223,52.1188134413218],[16.338297988151,52.1191157971668],[16.3385806252592,52.1190410403916]]]},"properties":{"case_id":"ST-WK-WI/WNIOSEK/7830/2026","source_type":"wniosek_decyzja","received_date":"2026-01-07","decision_date":"2026-04-27","status":"decyzja wydana","description":"Budowa budynku mieszkalnego jednorodzinnego dwulokalowego wraz z niezbędną infrastrukturą towarzyszącą","address":"Wielichowo-Wieś","city":"Wielichowo-Wieś","office":"Starosta Powiatu Grodzisk Wielkopolski","case_kind":"Budynek mieszkalny jednorodzinny","parcel_ids":["300505_5.0010.1121/1"],"location_quality":"dokładny","gunb_url":"https://wyszukiwarka.gunb.gov.pl/","parcel_count":1,"parcel_shard":"x065-y208","parcel_id":"300505_5.0010.1121/1","location_source":"powiat grodziski (wielkopolski) (wfs)"}},{"type":"Feature","id":"ST-WK-WI/WNIOSEK/1205/2026::300505_5.0010.1121/19","geometry":{"type":"Polygon","coordinates":[[[16.3385216835751,52.1187014958538],[16.3387110072859,52.118977359818],[16.3387683754711,52.1189914495185],[16.3390507217629,52.1189167847878],[16.3388455050734,52.1186173722646],[16.3385216835751,52.1187014958538]]]},"properties":{"case_id":"ST-WK-WI/WNIOSEK/1205/2026","source_type":"wniosek_decyzja","received_date":"2025-12-18","decision_date":"2026-04-02","status":"decyzja wydana","description":"budowa budynku mieszkalnego jednorodzinnego dwulokalowego wraz z niezbędną infrastrukturą techniczną","address":"Wielichowo-Wieś","city":"Wielichowo-Wieś","office":"Starosta Powiatu Grodzisk Wielkopolski","case_kind":"Budynek mieszkalny jednorodzinny","parcel_ids":["300505_5.0010.1121/19"],"location_quality":"dokładny","gunb_url":"https://wyszukiwarka.gunb.gov.pl/","parcel_count":1,"parcel_shard":"x065-y208","parcel_id":"300505_5.0010.1121/19","location_source":"powiat grodziski (wielkopolski) (wfs)"}},{"type":"Feature","id":"ST-WK-WI/WNIOSEK/2023/2026::300505_5.0010.705","geometry":{"type":"Polygon","coordinates":[[[16.3374153070227,52.1332986394425],[16.3382125754236,52.1330569729955],[16.3390458765824,52.1328043754282],[16.3393634566729,52.1327084571823],[16.3394367127305,52.1326867718587],[16.3388940529378,52.1320373169676],[16.3314506246373,52.1342754110234],[16.3318259392659,52.1349928548265],[16.3321562796447,52.134892767241],[16.3327657082855,52.1347079994973],[16.3334064031475,52.1345138865729],[16.3348772529405,52.1340680468558],[16.3349504973349,52.1340458251728],[16.3365950155156,52.1335473027623],[16.3374153070227,52.1332986394425]]]},"properties":{"case_id":"ST-WK-WI/WNIOSEK/2023/2026","source_type":"wniosek_decyzja","received_date":"2025-12-05","decision_date":"2026-02-04","status":"decyzja wydana","description":"Budowa wolnostojacej elektrowni fotowoltaicznej \"Wielichowo II\" wraz z instalacjami i urządzeniami technicznymi oraz pozostałą niezbędną infrastruktura techniczną","address":"Wielichowo-Wieś","city":"Wielichowo-Wieś","office":"Starosta Powiatu Grodzisk Wielkopolski","case_kind":"Obiekt budowlany inny niż budynek mieszkalny jednorodzinny","parcel_ids":["300505_5.0010.705"],"location_quality":"dokładny","gunb_url":"https://wyszukiwarka.gunb.gov.pl/","parcel_count":1,"parcel_shard":"x065-y208","parcel_id":"300505_5.0010.705","location_source":"powiat grodziski (wielkopolski) (wfs)"}},{"type":"Feature","id":"ST-WK-WI/WNIOSEK/20659/2025::300505_5.0010.719/57","geometry":{"type":"Polygon","coordinates":[[[16.348427355807,52.1290604646381],[16.3485850737718,52.1292582947472],[16.3489868488174,52.1291372083556],[16.3490205269799,52.1290772295107],[16.3488948344036,52.1289194817094],[16.348427355807,52.1290604646381]]]},"properties":{"case_id":"ST-WK-WI/WNIOSEK/20659/2025","source_type":"wniosek_decyzja","received_date":"2025-09-18","decision_date":"2025-10-13","status":"decyzja wydana","description":"budowa budynku mieszkalnego jednorodzinnego z wewnętrzną instalacją gazową oraz budynku gospodarczo-garażowego wraz z infrastrukturą towarzyszącą.","address":"Wielichowo-Wieś","city":"Wielichowo-Wieś","office":"Starosta Powiatu Grodzisk Wielkopolski","case_kind":"Budynek mieszkalny jednorodzinny","parcel_ids":["300505_5.0010.719/57","300505_5.0010.719/58"],"location_quality":"dokładny","gunb_url":"https://wyszukiwarka.gunb.gov.pl/","parcel_count":2,"parcel_shard":"x065-y208","parcel_id":"300505_5.0010.719/57","location_source":"powiat grodziski (wielkopolski) (wfs)"}},{"type":"Feature","id":"ST-WK-WI/WNIOSEK/20659/2025::300505_5.0010.719/58","geometry":{"type":"Polygon","coordinates":[[[16.3487374164391,52.1287219182237],[16.3482697879526,52.1288627224815],[16.348427355807,52.1290604646381],[16.3488948344036,52.1289194817094],[16.3487374164391,52.1287219182237]]]},"properties":{"case_id":"ST-WK-WI/WNIOSEK/20659/2025","source_type":"wniosek_decyzja","received_date":"2025-09-18","decision_date":"2025-10-13","status":"decyzja wydana","description":"budowa budynku mieszkalnego jednorodzinnego z wewnętrzną instalacją gazową oraz budynku gospodarczo-garażowego wraz z infrastrukturą towarzyszącą.","address":"Wielichowo-Wieś","city":"Wielichowo-Wieś","office":"Starosta Powiatu Grodzisk Wielkopolski","case_kind":"Budynek mieszkalny jednorodzinny","parcel_ids":["300505_5.0010.719/57","300505_5.0010.719/58"],"location_quality":"dokładny","gunb_url":"https://wyszukiwarka.gunb.gov.pl/","parcel_count":2,"parcel_shard":"x065-y208","parcel_id":"300505_5.0010.719/58","location_source":"powiat grodziski (wielkopolski) (wfs)"}},{"type":"Feature","id":"ST-WK-WI/ZGŁOSZENIE/2033/2026::300505_5.0010.947","geometry":{"type":"Polygon","coordinates":[[[16.3632561006395,52.1315864961031],[16.3629719064378,52.1316402067942],[16.3631693872894,52.1321621319163],[16.3634461665499,52.1321237869065],[16.3632561006395,52.1315864961031]]]},"properties":{"case_id":"ST-WK-WI/ZGŁOSZENIE/2033/2026","source_type":"zgloszenie","received_date":"2026-05-20","decision_date":null,"status":"Brak sprzeciwu","description":"Przebudowa sieci elektroenergetycznej nN 0,4 kV napowietrznej z przyłączami kablowymi","address":"Wielichowo-Wieś","city":"Wielichowo-Wieś","office":"Starosta Powiatu Grodzisk Wielkopolski","case_kind":"budowa nowego/nowych obiektów budowlanych","parcel_ids":["300505_5.0010.947","300505_5.0010.950","300505_5.0010.951"],"location_quality":"dokładny","gunb_url":"https://wyszukiwarka.gunb.gov.pl/","parcel_count":3,"parcel_shard":"x065-y208","parcel_id":"300505_5.0010.947","location_source":"powiat grodziski (wielkopolski) (wfs)"}},{"type":"Feature","id":"ST-WK-WI/ZGŁOSZENIE/2033/2026::300505_5.0010.950","geometry":{"type":"Polygon","coordinates":[[[16.3638557805978,52.1317194221521],[16.3637874246605,52.13149460198],[16.3632561006395,52.1315864961031],[16.3634461665499,52.1321237869065],[16.3639681608713,52.1320514149976],[16.3639615845462,52.1320321658427],[16.3638557805978,52.1317194221521]]]},"properties":{"case_id":"ST-WK-WI/ZGŁOSZENIE/2033/2026","source_type":"zgloszenie","received_date":"2026-05-20","decision_date":null,"status":"Brak sprzeciwu","description":"Przebudowa sieci elektroenergetycznej nN 0,4 kV napowietrznej z przyłączami kablowymi","address":"Wielichowo-Wieś","city":"Wielichowo-Wieś","office":"Starosta Powiatu Grodzisk Wielkopolski","case_kind":"budowa nowego/nowych obiektów budowlanych","parcel_ids":["300505_5.0010.947","300505_5.0010.950","300505_5.0010.951"],"location_quality":"dokładny","gunb_url":"https://wyszukiwarka.gunb.gov.pl/","parcel_count":3,"parcel_shard":"x065-y208","parcel_id":"300505_5.0010.950","location_source":"powiat grodziski (wielkopolski) (wfs)"}},{"type":"Feature","id":"ST-WK-WI/ZGŁOSZENIE/2033/2026::300505_5.0010.951","geometry":{"type":"Polygon","coordinates":[[[16.3638493352415,52.1312022996838],[16.3638627365607,52.1311389556661],[16.3617719417765,52.1308991289405],[16.3617199106053,52.1308931682434],[16.3617017322178,52.1308909512767],[16.3616885294945,52.1309513265451],[16.3615894117272,52.1314273323293],[16.3615514079128,52.1315317678296],[16.3614990364287,52.1316104824037],[16.361587945226,52.1318391113273],[16.3629719064378,52.1316402067942],[16.3632561006395,52.1315864961031],[16.3637874246605,52.13149460198],[16.3638493352415,52.1312022996838]]]},"properties":{"case_id":"ST-WK-WI/ZGŁOSZENIE/2033/2026","source_type":"zgloszenie","received_date":"2026-05-20","decision_date":null,"status":"Brak sprzeciwu","description":"Przebudowa sieci elektroenergetycznej nN 0,4 kV napowietrznej z przyłączami kablowymi","address":"Wielichowo-Wieś","city":"Wielichowo-Wieś","office":"Starosta Powiatu Grodzisk Wielkopolski","case_kind":"budowa nowego/nowych obiektów budowlanych","parcel_ids":["300505_5.0010.947","300505_5.0010.950","300505_5.0010.951"],"location_quality":"dokładny","gunb_url":"https://wyszukiwarka.gunb.gov.pl/","parcel_count":3,"parcel_shard":"x065-y208","parcel_id":"300505_5.0010.951","location_source":"powiat grodziski (wielkopolski) (wfs)"}},{"type":"Feature","id":"ST-WK-WI/WNIOSEK/10291/2026::300505_5.0011.395/1","geometry":{"type":"Polygon","coordinates":[[[16.4296327130013,52.0639249368313],[16.4291847353089,52.0640858742035],[16.4291898941416,52.0645352434326],[16.4297015714469,52.0645329916609],[16.4296327130013,52.0639249368313]]]},"properties":{"case_id":"ST-WK-WI/WNIOSEK/10291/2026","source_type":"wniosek_decyzja","received_date":"2026-01-21","decision_date":"2026-06-01","status":"decyzja wydana","description":"Budowa budynku mieszkalnego jednorodzinnego z infrastrukturą towarzyszącą (przydomową oczyszczalnią ścieków)","address":"Wilkowo Polskie","city":"Wilkowo Polskie","office":"Starosta Powiatu Grodzisk Wielkopolski","case_kind":"Budynek mieszkalny jednorodzinny","parcel_ids":["300505_5.0011.395/1"],"location_quality":"dokładny","gunb_url":"https://wyszukiwarka.gunb.gov.pl/","parcel_count":1,"parcel_shard":"x065-y208","parcel_id":"300505_5.0011.395/1","location_source":"powiat grodziski (wielkopolski) (wfs)"}},{"type":"Feature","id":"ST-WK-WI/WNIOSEK/3472/2026::300505_5.0011.652","geometry":{"type":"Polygon","coordinates":[[[16.441214540685,52.0640298771962],[16.4413187736356,52.0640512537514],[16.4414824845869,52.0640854755262],[16.4415092267315,52.0640373287946],[16.4415604655956,52.0639301865106],[16.4413616646502,52.0639248880617],[16.4413585344735,52.063931847614],[16.4412658548644,52.0639159926324],[16.441214540685,52.0640298771962]]]},"properties":{"case_id":"ST-WK-WI/WNIOSEK/3472/2026","source_type":"wniosek_decyzja","received_date":"2025-12-17","decision_date":"2026-01-23","status":"decyzja wydana","description":"Rozbiórka budynku gospodarczego","address":"Wilkowo Polskie","city":"Wilkowo Polskie","office":"Starosta Powiatu Grodzisk Wielkopolski","case_kind":"Obiekt budowlany inny niż budynek mieszkalny jednorodzinny","parcel_ids":["300505_5.0011.652","300505_5.0011.653"],"location_quality":"dokładny","gunb_url":"https://wyszukiwarka.gunb.gov.pl/","parcel_count":2,"parcel_shard":"x065-y208","parcel_id":"300505_5.0011.652","location_source":"powiat grodziski (wielkopolski) (wfs)"}},{"type":"Feature","id":"ST-WK-WI/WNIOSEK/3472/2026::300505_5.0011.653","geometry":{"type":"Polygon","coordinates":[[[16.4413616646502,52.0639248880617],[16.4415604655956,52.0639301865106],[16.4415878761313,52.0638665711007],[16.4416023952807,52.0638328658279],[16.4416429682669,52.0637387077486],[16.4413701015943,52.0636841587564],[16.4412658548644,52.0639159926324],[16.4413585344735,52.063931847614],[16.4413616646502,52.0639248880617]]]},"properties":{"case_id":"ST-WK-WI/WNIOSEK/3472/2026","source_type":"wniosek_decyzja","received_date":"2025-12-17","decision_date":"2026-01-23","status":"decyzja wydana","description":"Rozbiórka budynku gospodarczego","address":"Wilkowo Polskie","city":"Wilkowo Polskie","office":"Starosta Powiatu Grodzisk Wielkopolski","case_kind":"Obiekt budowlany inny niż budynek mieszkalny jednorodzinny","parcel_ids":["300505_5.0011.652","300505_5.0011.653"],"location_quality":"dokładny","gunb_url":"https://wyszukiwarka.gunb.gov.pl/","parcel_count":2,"parcel_shard":"x065-y208","parcel_id":"300505_5.0011.653","location_source":"powiat grodziski (wielkopolski) (wfs)"}},{"type":"Feature","id":"ST-WK-WI/WNIOSEK/26459/2025::300505_5.0011.661","geometry":{"type":"Polygon","coordinates":[[[16.4398807376368,52.0636873165219],[16.4401469932496,52.0637835072946],[16.4401548260136,52.0637718897662],[16.4402498302382,52.0636376854187],[16.4402628722517,52.063582737344],[16.4402662941811,52.0635554536717],[16.4402736421977,52.0635102492618],[16.4403339297498,52.0633400415264],[16.4405436507544,52.0628359838116],[16.4408399569647,52.062099772712],[16.4405203317066,52.0621119992011],[16.4400739333902,52.0632089559643],[16.4400704812917,52.0632175204179],[16.4400338340188,52.0633054358062],[16.4399826999317,52.0634399299954],[16.4399615902842,52.0635054441139],[16.4399349225407,52.0635527474253],[16.4398807376368,52.0636873165219]]]},"properties":{"case_id":"ST-WK-WI/WNIOSEK/26459/2025","source_type":"wniosek_decyzja","received_date":"2025-10-31","decision_date":"2025-12-31","status":"decyzja wydana","description":"Budowa budynku gospodarczo-garażowego","address":"Wilkowo Polskie","city":"Wilkowo Polskie","office":"Starosta Powiatu Grodzisk Wielkopolski","case_kind":"Obiekt budowlany inny niż budynek mieszkalny jednorodzinny","parcel_ids":["300505_5.0011.661"],"location_quality":"dokładny","gunb_url":"https://wyszukiwarka.gunb.gov.pl/","parcel_count":1,"parcel_shard":"x065-y208","parcel_id":"300505_5.0011.661","location_source":"powiat grodziski (wielkopolski) (wfs)"}},{"type":"Feature","id":"PL-WP/ZGŁOSZENIE/810/2026::300505_5.0011.698","geometry":{"type":"Polygon","coordinates":[[[16.4324668213436,52.062257302965],[16.4337429853357,52.0622355613115],[16.4339941720834,52.0622292935157],[16.4342082903741,52.0622236129782],[16.4344806059817,52.0622110403813],[16.4347437631589,52.0622107573587],[16.4352252637177,52.0622020126721],[16.4357838926201,52.0621914127011],[16.4360462772001,52.0621863913942],[16.4363003453886,52.0621816277334],[16.4368551107977,52.062167024761],[16.437549790547,52.0621529922296],[16.4378086400845,52.0621573776419],[16.4382113550235,52.0621577006996],[16.4383233447233,52.062156351979],[16.4383724756803,52.0621557602515],[16.4384064338458,52.0621553512562],[16.4386591060226,52.0621544046219],[16.4389570578765,52.0621465214089],[16.4392448557571,52.0621397441977],[16.4392440830096,52.0621253699092],[16.4398033972112,52.0621224903611],[16.4401183542744,52.0621174030332],[16.4405203317066,52.0621119992011],[16.4408399569647,52.062099772712],[16.440942051333,52.0620992268528],[16.4411542346409,52.0620975368128],[16.4417541919224,52.0620899962181],[16.4420786000104,52.0620831800525],[16.4423685808061,52.0620798702648],[16.4424709790331,52.0620747437008],[16.4432073818029,52.0620604655766],[16.4433342746282,52.0620573856283],[16.443449645593,52.0620544630114],[16.4436538942281,52.062050584309],[16.4438654373949,52.0620465667058],[16.4440774137385,52.0620425404729],[16.4442910737238,52.0620384818697],[16.4445037961752,52.0620344406709],[16.4447127933138,52.0620304698565],[16.4449224674777,52.0620264857948],[16.4451089742052,52.062022941624],[16.4453462086895,52.0620184330301],[16.4454728719062,52.0620160256242],[16.4455277013704,52.0620145320001],[16.445747226121,52.0620085516419],[16.4457763974589,52.0620077086501],[16.445965718103,52.0620024981762],[16.4460850279822,52.0619992208814],[16.4461778222595,52.0619967599273],[16.446394862794,52.0619910036104],[16.4466122045525,52.0619852388866],[16.4466769605694,52.0619835212325],[16.4469091593825,52.0619712919494],[16.4469695354302,52.0619681120317],[16.447194602332,52.0619501594365],[16.4477844310956,52.0619146316281],[16.4482144947568,52.0618871591617],[16.4483001069409,52.0618818744407],[16.4486016709008,52.0618541880052],[16.4494146884064,52.0617880030821],[16.449489028231,52.061781951036],[16.4498916566505,52.0617567311205],[16.450276921725,52.0617300730343],[16.4507413744153,52.0616942287302],[16.4511709538743,52.0616641064332],[16.4520640069902,52.0615989808801],[16.4525193112544,52.0615657753404],[16.4530017756053,52.0615305870535],[16.4535023439462,52.0614994091086],[16.4540235655975,52.0614612478993],[16.4542930567704,52.0614398454443],[16.4545334017565,52.061420757184],[16.4550903670034,52.0613858138482],[16.4554430855958,52.0613615251044],[16.4558548380643,52.0613318452282],[16.4567251919218,52.0612633007898],[16.4568124842872,52.0612595414607],[16.457807632177,52.06118343169],[16.4594204873615,52.061062093602],[16.4609784842656,52.0609448612793],[16.4625591048053,52.0608322814507],[16.4636947548176,52.0607837056736],[16.4643164486574,52.0607765172089],[16.4653713591664,52.0608824462759],[16.4655382980652,52.060922469608],[16.4656318234528,52.0609415754189],[16.4658489114615,52.0607657962736],[16.4657356635282,52.0607727209587],[16.4652634369999,52.0607260632246],[16.4640763376835,52.0606093488025],[16.4638445676904,52.0606182032716],[16.4628941759569,52.0606545070081],[16.4619560215836,52.0607230610486],[16.4604420184519,52.0608336782532],[16.4588392480973,52.0609507595134],[16.4571937188329,52.0610709412854],[16.4568580241924,52.0610954559939],[16.4568412642423,52.0610863525466],[16.4559531006239,52.0611561024424],[16.4555220015983,52.0611900099325],[16.4551400401216,52.0612200043105],[16.4545779925656,52.0612596436295],[16.4543004694964,52.0612792154005],[16.4541179737471,52.0612920851907],[16.4540414605262,52.0612998035549],[16.4535765011051,52.0613467057293],[16.4530624291681,52.061383876485],[16.4526370220543,52.0614153478169],[16.4521243706527,52.0614532713455],[16.4512299910374,52.0615172080709],[16.4503688576579,52.0615838368498],[16.4499570746619,52.0616120951784],[16.4499036724533,52.061615718523],[16.449555226864,52.0616409489357],[16.4495089750942,52.0616440789792],[16.4490978298386,52.0616725999105],[16.4486915674977,52.0617023558064],[16.4482699594144,52.0617311073442],[16.4482070824879,52.061735572535],[16.4478538920482,52.0617606108844],[16.447493807746,52.0617862875544],[16.4472713347261,52.0618019972155],[16.4467623660895,52.0618385352327],[16.4467595963447,52.0618383499089],[16.4464747520291,52.0618440983767],[16.4461887386742,52.0618502933548],[16.4457215280827,52.0618519942565],[16.4455069063198,52.0618610323439],[16.4451428821739,52.0618650075785],[16.4447680634913,52.0618695002117],[16.4443887224608,52.0618742525582],[16.4440199699436,52.0618742916468],[16.4439373304011,52.061876142661],[16.443742464217,52.0618799079603],[16.4436822256449,52.0618818562774],[16.443644858175,52.061882693151],[16.4432535908894,52.0618916010501],[16.4428617397477,52.0619004763439],[16.4424485600059,52.0619098332586],[16.4421683145621,52.0619156732934],[16.4419597738102,52.0619201129591],[16.4416770889758,52.0619260706655],[16.4412665362821,52.0619311112149],[16.4408704219139,52.0619359987868],[16.4404755934061,52.0619460111834],[16.4400630679719,52.0619575437238],[16.4393279813068,52.0619761580687],[16.4391597008489,52.0619798211525],[16.4386583340539,52.0619907333461],[16.4385454303809,52.061993938129],[16.4384791649198,52.0619961905429],[16.4382598435625,52.0620011181507],[16.4379608418101,52.0620126780838],[16.4376837122428,52.0620073636112],[16.4374161321041,52.0620143593967],[16.4368792438531,52.0620299538881],[16.4368424928353,52.0620308534922],[16.4367991491419,52.0620309780249],[16.4362786384059,52.0620324722423],[16.4356859032189,52.0620456176504],[16.4356611370925,52.0620461292621],[16.4356368080384,52.0620466318351],[16.4353690670225,52.0620526120244],[16.4351046599352,52.0620577104842],[16.4350298012427,52.0620628568743],[16.4325366999213,52.0621148063808],[16.4324668213436,52.062257302965]]]},"properties":{"case_id":"PL-WP/ZGŁOSZENIE/810/2026","source_type":"zgloszenie","received_date":"2026-03-18","decision_date":null,"status":"Brak sprzeciwu","description":"Budowa sieci kablowej energetycznej nn 0,4 kV","address":"Wilkowo Polskie","city":"Wilkowo Polskie","office":"Wojewoda Wielkopolski","case_kind":"budowa nowego/nowych obiektów budowlanych","parcel_ids":["300505_5.0011.698"],"location_quality":"dokładny","gunb_url":"https://wyszukiwarka.gunb.gov.pl/","parcel_count":1,"parcel_shard":"x065-y208","parcel_id":"300505_5.0011.698","location_source":"powiat grodziski (wielkopolski) (wfs)"}},{"type":"Feature","id":"ST-WK-WI/WNIOSEK/25601/2025::300505_5.0011.781/3","geometry":{"type":"Polygon","coordinates":[[[16.4401336645866,52.0601424670839],[16.4410780072431,52.0594033804223],[16.4411887985108,52.059171286676],[16.4406301068722,52.0590700748092],[16.4401336645866,52.0601424670839]]]},"properties":{"case_id":"ST-WK-WI/WNIOSEK/25601/2025","source_type":"wniosek_decyzja","received_date":"2025-11-14","decision_date":"2025-12-18","status":"decyzja wydana","description":"budowa budynku mieszkalnego jednorodzinnego w zabudowie zagrodowej wraz z zbiornikiem bezodpływowym na ścieki","address":"Wilkowo Polskie","city":"Wilkowo Polskie","office":"Starosta Powiatu Grodzisk Wielkopolski","case_kind":"Budynek mieszkalny jednorodzinny","parcel_ids":["300505_5.0011.781/3"],"location_quality":"dokładny","gunb_url":"https://wyszukiwarka.gunb.gov.pl/","parcel_count":1,"parcel_shard":"x065-y208","parcel_id":"300505_5.0011.781/3","location_source":"powiat grodziski (wielkopolski) (wfs)"}},{"type":"Feature","id":"ST-WK-WI/WNIOSEK/5233/2026::300505_5.0011.781/7","geometry":{"type":"Polygon","coordinates":[[[16.4413016333763,52.0589347633751],[16.4414139216353,52.0586994151649],[16.4408490700192,52.0585969314105],[16.4407398631997,52.0588329604923],[16.4413016333763,52.0589347633751]]]},"properties":{"case_id":"ST-WK-WI/WNIOSEK/5233/2026","source_type":"wniosek_decyzja","received_date":"2026-03-20","decision_date":"2026-04-15","status":"decyzja wydana","description":"Budynek mieszkalny jednorodzinny z przydomową oczyszczalnią ścieków","address":"Wilkowo Polskie","city":"Wilkowo Polskie","office":"Starosta Powiatu Grodzisk Wielkopolski","case_kind":"Budynek mieszkalny jednorodzinny","parcel_ids":["300505_5.0011.781/7"],"location_quality":"dokładny","gunb_url":"https://wyszukiwarka.gunb.gov.pl/","parcel_count":1,"parcel_shard":"x065-y208","parcel_id":"300505_5.0011.781/7","location_source":"powiat grodziski (wielkopolski) (wfs)"}},{"type":"Feature","id":"ST-WK-WI/WNIOSEK/5229/2026::300505_5.0012.59","geometry":{"type":"Polygon","coordinates":[[[16.3755672560314,52.0953131048413],[16.3756283481891,52.0951547328869],[16.3752396103368,52.0953031754197],[16.3748224312367,52.0954854756346],[16.374993152473,52.0956317053628],[16.3752276820433,52.0956793052325],[16.3753684807865,52.0957066954746],[16.3755672560314,52.0953131048413]]]},"properties":{"case_id":"ST-WK-WI/WNIOSEK/5229/2026","source_type":"wniosek_decyzja","received_date":"2026-03-18","decision_date":"2026-04-23","status":"decyzja wydana","description":"Rozbudowa i przebudowa budynku gospodarczo-garażowego","address":"Ziemin","city":"Ziemin","office":"Starosta Powiatu Grodzisk Wielkopolski","case_kind":"Obiekt budowlany inny niż budynek mieszkalny jednorodzinny","parcel_ids":["300505_5.0012.59"],"location_quality":"dokładny","gunb_url":"https://wyszukiwarka.gunb.gov.pl/","parcel_count":1,"parcel_shard":"x065-y208","parcel_id":"300505_5.0012.59","location_source":"powiat grodziski (wielkopolski) (wfs)"}},{"type":"Feature","id":"ST-WK-WI/WNIOSEK/15550/2026::300505_5.0013.10/1","geometry":{"type":"Polygon","coordinates":[[[16.3809648601048,52.1736645857979],[16.3804689782507,52.1731833069802],[16.3799859779237,52.1732832472249],[16.3801818560214,52.1739674020522],[16.3809648601048,52.1736645857979]]]},"properties":{"case_id":"ST-WK-WI/WNIOSEK/15550/2026","source_type":"wniosek_decyzja","received_date":"2026-04-21","decision_date":"2026-06-02","status":"decyzja wydana","description":"Budowa wewnętrznej instalacji gazowej LPG dla celów grzewczych i przygotowania posiłków w lokalu mieszkalnym nr 1 w budynku wielorodzinnym","address":"Zielęcin","city":"Zielęcin","office":"Starosta Powiatu Grodzisk Wielkopolski","case_kind":"Obiekt budowlany inny niż budynek mieszkalny jednorodzinny","parcel_ids":["300505_5.0013.10/1"],"location_quality":"dokładny","gunb_url":"https://wyszukiwarka.gunb.gov.pl/","parcel_count":1,"parcel_shard":"x065-y208","parcel_id":"300505_5.0013.10/1","location_source":"powiat grodziski (wielkopolski) (wfs)"}},{"type":"Feature","id":"ST-WK-WI/WNIOSEK/11038/2026::300505_5.0013.89/3","geometry":{"type":"Polygon","coordinates":[[[16.3816837566163,52.1701230828115],[16.3809761286872,52.1702756340346],[16.3811225425837,52.1704932531558],[16.3818097885784,52.1703472267813],[16.3816837566163,52.1701230828115]]]},"properties":{"case_id":"ST-WK-WI/WNIOSEK/11038/2026","source_type":"wniosek_decyzja","received_date":"2026-01-07","decision_date":"2026-05-19","status":"decyzja wydana","description":"budowa budynku mieszkalnego jednorodzinnego wolnostojącego, budynku gospodarczego wraz z niezbędną infrastrukturą techniczną oraz przydomowej oczyszczalni ścieków","address":"Zielęcin","city":"Zielęcin","office":"Starosta Powiatu Grodzisk Wielkopolski","case_kind":"Budynek mieszkalny jednorodzinny","parcel_ids":["300505_5.0013.89/3"],"location_quality":"dokładny","gunb_url":"https://wyszukiwarka.gunb.gov.pl/","parcel_count":1,"parcel_shard":"x065-y208","parcel_id":"300505_5.0013.89/3","location_source":"powiat grodziski (wielkopolski) (wfs)"}},{"type":"Feature","id":"ST-WK-KS/WNIOSEK/20857/2025::301105_5.0001.87/4","geometry":{"type":"Polygon","coordinates":[[[16.4666354827048,52.0482579337791],[16.4661083175972,52.0486101538938],[16.4658291976844,52.0484515689326],[16.4658580400238,52.0484311840306],[16.4659362030896,52.0484305837856],[16.4663548587027,52.0481346202416],[16.4666354827048,52.0482579337791]]]},"properties":{"case_id":"ST-WK-KS/WNIOSEK/20857/2025","source_type":"wniosek_decyzja","received_date":"2025-10-13","decision_date":"2025-12-02","status":"decyzja wydana","description":"BudowBudynku mieszklanego jednorodzinnego i szczelnego zbiornika bezodpłyowego o pojemności do 10 m3","address":"Bielawy","city":"Bielawy","office":"Starosta Powiatu Kościan","case_kind":"Budynek mieszkalny jednorodzinny","parcel_ids":["301105_5.0001.87/4"],"location_quality":"dokładny","gunb_url":"https://wyszukiwarka.gunb.gov.pl/","parcel_count":1,"parcel_shard":"x065-y208","parcel_id":"301105_5.0001.87/4","location_source":"powiat kościański (wfs)"}},{"type":"Feature","id":"ST-WK-KS/WNIOSEK/20592/2025::301105_5.0010.32/20","geometry":{"type":"Polygon","coordinates":[[[16.489878285529,52.05744888457],[16.4903823040628,52.0573930947393],[16.4907112442664,52.0573649269259],[16.4909164431343,52.0571051929082],[16.4909819526453,52.0571248773584],[16.4908587399047,52.0572807726103],[16.4908899286529,52.057385081706],[16.4909448373485,52.0575689054122],[16.4905215095301,52.0576168559835],[16.489948143622,52.0576820517806],[16.489878285529,52.05744888457]]]},"properties":{"case_id":"ST-WK-KS/WNIOSEK/20592/2025","source_type":"wniosek_decyzja","received_date":"2025-10-08","decision_date":"2026-01-07","status":"decyzja wydana","description":"Budowa budynku mieszkalnego jednorodzinnego","address":"Karśnice","city":"Karśnice","office":"Starosta Powiatu Kościan","case_kind":"Budynek mieszkalny jednorodzinny","parcel_ids":["301105_5.0010.32/20"],"location_quality":"dokładny","gunb_url":"https://wyszukiwarka.gunb.gov.pl/","parcel_count":1,"parcel_shard":"x065-y208","parcel_id":"301105_5.0010.32/20","location_source":"powiat kościański (wfs)"}},{"type":"Feature","id":"ST-WK-KS/ZGŁOSZENIE/1954/2026::301105_5.0015.74","geometry":{"type":"Polygon","coordinates":[[[16.5039704125221,52.0263829467755],[16.5035785365638,52.026673549844],[16.5027439923601,52.0272924186196],[16.502532718221,52.0274490740774],[16.5026989015404,52.0275882007257],[16.5027929532661,52.0276928182379],[16.5024479915051,52.0276579833197],[16.5022354110735,52.0276765930171],[16.5020455062671,52.0277225085951],[16.5016142642895,52.0278726833878],[16.5014862406192,52.0279172655501],[16.5013152992672,52.0279767927353],[16.5012592931015,52.027995498665],[16.5004471451055,52.0282952968947],[16.5001229119497,52.0284140307903],[16.4996283731398,52.0285738884128],[16.499467189846,52.0286526443179],[16.4992348751753,52.0287281951693],[16.4982010527597,52.0290626745168],[16.4975811133897,52.0292432560118],[16.4973132870099,52.0293147419937],[16.4969163750448,52.0294283041817],[16.4965363566709,52.029527185042],[16.4962598307732,52.0295991611012],[16.4961435103871,52.0296044177924],[16.4952964261541,52.0296427694417],[16.4951833985124,52.0296497751074],[16.4951395415247,52.0296495744156],[16.4938732597948,52.0296557735727],[16.493550596373,52.0296565017443],[16.4924784504441,52.0296661118279],[16.4919144661848,52.0296711631359],[16.4903274665279,52.0296851730153],[16.4897866532654,52.0296857916413],[16.4897023729598,52.0296873438382],[16.4892888326946,52.0296949591394],[16.488789272332,52.0296908887309],[16.4886903274685,52.0295845635636],[16.4903245247346,52.0295734948618],[16.4919127044274,52.0295632754299],[16.4935491951903,52.0295507759974],[16.4942522102282,52.0295433321084],[16.4947506220556,52.0295395892616],[16.495185785194,52.0295362887069],[16.4953325346788,52.0295387239146],[16.4957595785853,52.0295204205383],[16.4961787704768,52.0295024522449],[16.4968364665411,52.0293193253049],[16.4969824742288,52.029279193095],[16.4974382203742,52.0291544223242],[16.4976995434801,52.0290793732365],[16.4981214123269,52.0289618629534],[16.4981498784502,52.0289549402108],[16.4985147786503,52.0288299019566],[16.4992343970571,52.0285808249465],[16.4993842198416,52.0285264088768],[16.4995858516897,52.0284578281362],[16.4998514177858,52.0283675007011],[16.5001677917336,52.0282604036873],[16.5005127646365,52.0281356905953],[16.50059010591,52.0281077577041],[16.5011814255,52.0278945711938],[16.5016827217894,52.0276944129019],[16.5019230910543,52.027599027778],[16.5021190928722,52.0275211964973],[16.5021889697763,52.0274462383961],[16.5026361528848,52.0272044754013],[16.5026862721414,52.0271394848301],[16.5037687059058,52.0263301541414],[16.503808230489,52.0263012020077],[16.5039704125221,52.0263829467755]]]},"properties":{"case_id":"ST-WK-KS/ZGŁOSZENIE/1954/2026","source_type":"zgloszenie","received_date":"2026-06-10","decision_date":null,"status":"Brak sprzeciwu","description":"Dobudowa elektroenergetycznej linii oświetlenia drogowego nn 0,23/0,4kV","address":"Śmigiel","city":"Śmigiel","office":"Starosta Powiatu Kościan","case_kind":"budowa nowego/nowych obiektów budowlanych","parcel_ids":["301105_5.0015.74"],"location_quality":"dokładny","gunb_url":"https://wyszukiwarka.gunb.gov.pl/","parcel_count":1,"parcel_shard":"x065-y208","parcel_id":"301105_5.0015.74","location_source":"powiat kościański (wfs)"}},{"type":"Feature","id":"ST-WK-KS/WNIOSEK/25689/2025::301105_5.0019.138","geometry":{"type":"Polygon","coordinates":[[[16.4825897396096,52.0119554807332],[16.4824501224448,52.011866893931],[16.4831396177215,52.0117909648769],[16.4832334736668,52.0117793960038],[16.4831420336199,52.0115284886283],[16.4830526562014,52.0114439382121],[16.4829323313788,52.0113403711817],[16.4827729065768,52.0112285480206],[16.4827080493424,52.0110471841715],[16.483696777782,52.0108116176802],[16.48398647257,52.0110771402237],[16.4849879529658,52.0121286727007],[16.4839948702438,52.0120479633641],[16.4837178961832,52.0120400816943],[16.4830310682957,52.0119895430335],[16.4825897396096,52.0119554807332]]]},"properties":{"case_id":"ST-WK-KS/WNIOSEK/25689/2025","source_type":"wniosek_decyzja","received_date":"2025-12-15","decision_date":"2026-03-26","status":"decyzja wydana","description":"Rozbudowa z przebudowa budynku do hodowli gęsi oraz rozbiórka dwóch budynków gospodarczych i dwóch wiat","address":"51, Poladowo","city":"Poladowo","office":"Starosta Powiatu Kościan","case_kind":"Budynek mieszkalny jednorodzinny","parcel_ids":["301105_5.0019.138"],"location_quality":"dokładny","gunb_url":"https://wyszukiwarka.gunb.gov.pl/","parcel_count":1,"parcel_shard":"x065-y208","parcel_id":"301105_5.0019.138","location_source":"powiat kościański (wfs)"}},{"type":"Feature","id":"ST-WK-KS/WNIOSEK/8275/2026::301105_5.0019.155","geometry":{"type":"Polygon","coordinates":[[[16.4813694415611,52.0087995251284],[16.4815962284673,52.0087675311688],[16.4817214357952,52.0088854001274],[16.4820133285327,52.0091301036821],[16.4818687265746,52.0091889285471],[16.4813694415611,52.0087995251284]]]},"properties":{"case_id":"ST-WK-KS/WNIOSEK/8275/2026","source_type":"wniosek_decyzja","received_date":"2026-04-29","decision_date":"2026-05-28","status":"decyzja wydana","description":"Rozbudowa wewnętrznej instalacji gazowej w budynku mieszkalnym jednorodzinnym","address":"Poladowo","city":"Poladowo","office":"Starosta Powiatu Kościan","case_kind":"Budynek mieszkalny jednorodzinny","parcel_ids":["301105_5.0019.155"],"location_quality":"dokładny","gunb_url":"https://wyszukiwarka.gunb.gov.pl/","parcel_count":1,"parcel_shard":"x065-y208","parcel_id":"301105_5.0019.155","location_source":"powiat kościański (wfs)"}},{"type":"Feature","id":"ST-WK-KS/WNIOSEK/1773/2026::301105_5.0019.249/3","geometry":{"type":"Polygon","coordinates":[[[16.4764144883599,52.0073936178619],[16.4763199610322,52.0071877198109],[16.4768534910455,52.00718275881],[16.4769416202717,52.007449155017],[16.4764771384112,52.0075303419059],[16.4764144883599,52.0073936178619]]]},"properties":{"case_id":"ST-WK-KS/WNIOSEK/1773/2026","source_type":"wniosek_decyzja","received_date":"2026-01-30","decision_date":"2026-03-13","status":"decyzja wydana","description":"Budowa budynku mieszkalnego jednorodzinnego dwulokalowego","address":"Poladowo","city":"Poladowo","office":"Starosta Powiatu Kościan","case_kind":"Budynek mieszkalny jednorodzinny","parcel_ids":["301105_5.0019.249/3"],"location_quality":"dokładny","gunb_url":"https://wyszukiwarka.gunb.gov.pl/","parcel_count":1,"parcel_shard":"x065-y208","parcel_id":"301105_5.0019.249/3","location_source":"powiat kościański (wfs)"}},{"type":"Feature","id":"ST-WK-KS/WNIOSEK/8759/2026::301105_5.0019.25/1","geometry":{"type":"Polygon","coordinates":[[[16.4811633322407,52.0120716917352],[16.4812037039067,52.0122259207831],[16.4810343761695,52.0123308836933],[16.4804826426448,52.0121827328726],[16.4801174814956,52.012117257107],[16.48003785836,52.0121019342782],[16.4802677963982,52.0121134438449],[16.4808239899609,52.0121040795631],[16.4811633322407,52.0120716917352]]]},"properties":{"case_id":"ST-WK-KS/WNIOSEK/8759/2026","source_type":"wniosek_decyzja","received_date":"2026-05-07","decision_date":"2026-06-02","status":"decyzja wydana","description":"budowa budynku gospodarczo-garażowego","address":"Poladowo","city":"Poladowo","office":"Starosta Powiatu Kościan","case_kind":"Obiekt budowlany inny niż budynek mieszkalny jednorodzinny","parcel_ids":["301105_5.0019.25/1","301105_5.0019.25/4","301105_5.0019.25/6"],"location_quality":"dokładny","gunb_url":"https://wyszukiwarka.gunb.gov.pl/","parcel_count":3,"parcel_shard":"x065-y208","parcel_id":"301105_5.0019.25/1","location_source":"powiat kościański (wfs)"}},{"type":"Feature","id":"ST-WK-KS/WNIOSEK/8759/2026::301105_5.0019.25/4","geometry":{"type":"Polygon","coordinates":[[[16.4812037039067,52.0122259207831],[16.4811633322407,52.0120716917352],[16.4812194488691,52.012066392863],[16.4812238292185,52.0120660897903],[16.4812307647756,52.0121150782876],[16.4812540142795,52.0122243223139],[16.4812037039067,52.0122259207831]]]},"properties":{"case_id":"ST-WK-KS/WNIOSEK/8759/2026","source_type":"wniosek_decyzja","received_date":"2026-05-07","decision_date":"2026-06-02","status":"decyzja wydana","description":"budowa budynku gospodarczo-garażowego","address":"Poladowo","city":"Poladowo","office":"Starosta Powiatu Kościan","case_kind":"Obiekt budowlany inny niż budynek mieszkalny jednorodzinny","parcel_ids":["301105_5.0019.25/1","301105_5.0019.25/4","301105_5.0019.25/6"],"location_quality":"dokładny","gunb_url":"https://wyszukiwarka.gunb.gov.pl/","parcel_count":3,"parcel_shard":"x065-y208","parcel_id":"301105_5.0019.25/4","location_source":"powiat kościański (wfs)"}},{"type":"Feature","id":"ST-WK-KS/WNIOSEK/8759/2026::301105_5.0019.25/6","geometry":{"type":"Polygon","coordinates":[[[16.4810343761695,52.0123308836933],[16.4812037039067,52.0122259207831],[16.4812540142795,52.0122243223139],[16.481291481198,52.0123998173202],[16.4810343761695,52.0123308836933]]]},"properties":{"case_id":"ST-WK-KS/WNIOSEK/8759/2026","source_type":"wniosek_decyzja","received_date":"2026-05-07","decision_date":"2026-06-02","status":"decyzja wydana","description":"budowa budynku gospodarczo-garażowego","address":"Poladowo","city":"Poladowo","office":"Starosta Powiatu Kościan","case_kind":"Obiekt budowlany inny niż budynek mieszkalny jednorodzinny","parcel_ids":["301105_5.0019.25/1","301105_5.0019.25/4","301105_5.0019.25/6"],"location_quality":"dokładny","gunb_url":"https://wyszukiwarka.gunb.gov.pl/","parcel_count":3,"parcel_shard":"x065-y208","parcel_id":"301105_5.0019.25/6","location_source":"powiat kościański (wfs)"}},{"type":"Feature","id":"ST-WK-KS/WNIOSEK/8008/2026::301105_5.0032.238","geometry":{"type":"Polygon","coordinates":[[[16.455370191567,52.0341720493385],[16.4541927510156,52.036394185788],[16.4539708626191,52.0363540459276],[16.4537169578335,52.0363076755472],[16.4537141444849,52.036307161742],[16.4537991817221,52.0361608235171],[16.4537488780463,52.0361629431951],[16.4541199461729,52.0355612309425],[16.4549924439911,52.0341529769093],[16.455370191567,52.0341720493385]]]},"properties":{"case_id":"ST-WK-KS/WNIOSEK/8008/2026","source_type":"wniosek_decyzja","received_date":"2026-04-27","decision_date":"2026-06-09","status":"decyzja wydana","description":"Rozbiórka budynku gospodarczego","address":"Żegrówko","city":"Żegrówko","office":"Starosta Powiatu Kościan","case_kind":"Obiekt budowlany inny niż budynek mieszkalny jednorodzinny","parcel_ids":["301105_5.0032.238"],"location_quality":"dokładny","gunb_url":"https://wyszukiwarka.gunb.gov.pl/","parcel_count":1,"parcel_shard":"x065-y208","parcel_id":"301105_5.0032.238","location_source":"powiat kościański (wfs)"}},{"type":"Feature","id":"ST-WK-KS/WNIOSEK/1554/2026::301105_5.0032.244/1","geometry":{"type":"Polygon","coordinates":[[[16.452308265639,52.0348532123468],[16.4538509531626,52.0340040014173],[16.4541010685472,52.0341814630269],[16.4528890136247,52.0350707921379],[16.452858768387,52.0350925371175],[16.4528123101086,52.0351259384816],[16.4527029906797,52.0352045338686],[16.4525344454822,52.0353250513171],[16.4524464030531,52.0351438564106],[16.452407073702,52.035063643813],[16.4523905600308,52.0350315374127],[16.452308265639,52.0348532123468]]]},"properties":{"case_id":"ST-WK-KS/WNIOSEK/1554/2026","source_type":"wniosek_decyzja","received_date":"2026-01-28","decision_date":"2026-04-14","status":"decyzja wydana","description":"Budowa budynku mieszkalnego w zabudowie zagrodowej oraz budowa zbiornika bezodpływowego na ścieki socjalno - bytowe","address":"Żegrówko","city":"Żegrówko","office":"Starosta Powiatu Kościan","case_kind":"Budynek mieszkalny jednorodzinny","parcel_ids":["301105_5.0032.244/1"],"location_quality":"dokładny","gunb_url":"https://wyszukiwarka.gunb.gov.pl/","parcel_count":1,"parcel_shard":"x065-y208","parcel_id":"301105_5.0032.244/1","location_source":"powiat kościański (wfs)"}},{"type":"Feature","id":"ST-WK-KS/WNIOSEK/7195/2026::301105_5.0032.576/5","geometry":{"type":"Polygon","coordinates":[[[16.4704817808617,52.0463141240629],[16.4701944911441,52.0462076073519],[16.4705254770711,52.0458682109399],[16.4708135691288,52.0459739025049],[16.4704817808617,52.0463141240629]]]},"properties":{"case_id":"ST-WK-KS/WNIOSEK/7195/2026","source_type":"wniosek_decyzja","received_date":"2026-04-15","decision_date":"2026-06-05","status":"decyzja wydana","description":"Budowa budynku mieszkalnego jednorodzinnego wraz z infrastrukturą techniczną","address":"Żegrówko","city":"Żegrówko","office":"Starosta Powiatu Kościan","case_kind":"Budynek mieszkalny jednorodzinny","parcel_ids":["301105_5.0032.576/5"],"location_quality":"dokładny","gunb_url":"https://wyszukiwarka.gunb.gov.pl/","parcel_count":1,"parcel_shard":"x065-y208","parcel_id":"301105_5.0032.576/5","location_source":"powiat kościański (wfs)"}},{"type":"Feature","id":"ST-WK-KS/WNIOSEK/748/2026::301105_5.0034.346/3","geometry":{"type":"Polygon","coordinates":[[[16.4866267176503,52.0666415512216],[16.4870468013787,52.0658549497068],[16.4875032289967,52.0659475500169],[16.4870681396141,52.0667381851603],[16.4867367479736,52.0666656158044],[16.4866267176503,52.0666415512216]]]},"properties":{"case_id":"ST-WK-KS/WNIOSEK/748/2026","source_type":"wniosek_decyzja","received_date":"2026-01-14","decision_date":"2026-06-16","status":"decyzja wydana","description":"Budowa budynku mieszkalnego jednorodzinnego oraz zbiornika bezodpływowego na ścieki socjalne do 10 m3","address":"Księginki","city":"Księginki","office":"Starosta Powiatu Kościan","case_kind":"Budynek mieszkalny jednorodzinny","parcel_ids":["301105_5.0034.346/3"],"location_quality":"dokładny","gunb_url":"https://wyszukiwarka.gunb.gov.pl/","parcel_count":1,"parcel_shard":"x065-y208","parcel_id":"301105_5.0034.346/3","location_source":"powiat kościański (wfs)"}},{"type":"Feature","id":"ST-WK-WO/WNIOSEK/2333/2026::302901_2.0001.135/5","geometry":{"type":"Polygon","coordinates":[[[16.4036632739824,52.013564794819],[16.4038635612999,52.0136667665106],[16.4038523836817,52.0136773266045],[16.4040474263415,52.013755989912],[16.4044143897302,52.013342360279],[16.4042780070844,52.0132957590258],[16.4036140741179,52.0134542527389],[16.4036601422562,52.0135578209646],[16.4036632739824,52.013564794819]]]},"properties":{"case_id":"ST-WK-WO/WNIOSEK/2333/2026","source_type":"wniosek_decyzja","received_date":"2026-02-09","decision_date":"2026-02-11","status":"decyzja wydana","description":"rozbudowa z przebudową budynku mieszkalnego jednorodzinnego","address":"Barchlin","city":"Barchlin","office":"Starosta Powiatu Wolsztyn","case_kind":"Budynek mieszkalny jednorodzinny","parcel_ids":["302901_2.0001.135/5"],"location_quality":"dokładny","gunb_url":"https://wyszukiwarka.gunb.gov.pl/","parcel_count":1,"parcel_shard":"x065-y208","parcel_id":"302901_2.0001.135/5","location_source":"powiat wolsztyński (wfs)"}},{"type":"Feature","id":"ST-WK-WO/WNIOSEK/20498/2025::302901_2.0001.138/8","geometry":{"type":"Polygon","coordinates":[[[16.4018074515443,52.0121029536515],[16.4028829880938,52.0118397238231],[16.4028001027639,52.0116347801667],[16.4016765904173,52.0118993055781],[16.4018074515443,52.0121029536515]]]},"properties":{"case_id":"ST-WK-WO/WNIOSEK/20498/2025","source_type":"wniosek_decyzja","received_date":"2025-10-07","decision_date":"2025-10-14","status":"decyzja wydana","description":"Zmiana decyzji AB.6740.341.2022 - budynek gospodarczy","address":"Barchlin","city":"Barchlin","office":"Starosta Powiatu Wolsztyn","case_kind":"Obiekt budowlany inny niż budynek mieszkalny jednorodzinny","parcel_ids":["302901_2.0001.138/8"],"location_quality":"dokładny","gunb_url":"https://wyszukiwarka.gunb.gov.pl/","parcel_count":1,"parcel_shard":"x065-y208","parcel_id":"302901_2.0001.138/8","location_source":"powiat wolsztyński (wfs)"}},{"type":"Feature","id":"ST-WK-WO/WNIOSEK/14597/2026::302901_2.0001.142/9","geometry":{"type":"Polygon","coordinates":[[[16.4049911292191,52.0114877676253],[16.405414435279,52.0113948081825],[16.4054689330715,52.0110188800982],[16.4047984555456,52.0111775289982],[16.4048193167894,52.0112110776645],[16.4049911292191,52.0114877676253]]]},"properties":{"case_id":"ST-WK-WO/WNIOSEK/14597/2026","source_type":"wniosek_decyzja","received_date":"2026-07-30","decision_date":"2026-08-13","status":"decyzja wydana","description":"Budowa budynku mieszkalnego jednorodzinnego","address":"Barchlin","city":"Barchlin","office":"Starosta Powiatu Wolsztyn","case_kind":"Budynek mieszkalny jednorodzinny","parcel_ids":["302901_2.0001.142/9"],"location_quality":"dokładny","gunb_url":"https://wyszukiwarka.gunb.gov.pl/","parcel_count":1,"parcel_shard":"x065-y208","parcel_id":"302901_2.0001.142/9","location_source":"powiat wolsztyński (wfs)"}},{"type":"Feature","id":"ST-WK-WO/ZGŁOSZENIE/84/2026::302901_2.0001.331","geometry":{"type":"Polygon","coordinates":[[[16.404755681869,52.01940142618],[16.4045803172641,52.0192015098119],[16.4043433361287,52.0189215033769],[16.4042579768879,52.0188207224197],[16.4040992689144,52.0186331205722],[16.4040521052726,52.0185773713504],[16.4039097462568,52.018409222691],[16.4035052452599,52.0179312547887],[16.4033895316268,52.0177908523561],[16.4033471813202,52.0177344845771],[16.4032778057086,52.0176415597545],[16.4032550139643,52.0176035741329],[16.4032542895873,52.0175785829993],[16.4032923328582,52.0174325800294],[16.4033453349411,52.0172132924347],[16.4033834170908,52.0170557323141],[16.4034028651363,52.0169999388372],[16.4034216876091,52.0169222267046],[16.4034828776997,52.0166545832216],[16.4034985699708,52.016588639575],[16.4035340494222,52.0164297945342],[16.4035549961239,52.0163378845799],[16.4035960423185,52.0161981988289],[16.4036450981657,52.0160833409892],[16.4037092925589,52.0159949453005],[16.4037440351932,52.0159448447249],[16.4039045276118,52.015729271028],[16.404063478522,52.0155156929825],[16.404217338594,52.0152818335044],[16.404578633221,52.0149809272999],[16.4047734855946,52.0148186413117],[16.4053100826501,52.0145293244208],[16.4055717670492,52.0143978491426],[16.4057888058776,52.0142811027366],[16.4059518686694,52.0141944830909],[16.4066649072618,52.0138077260638],[16.4069809476559,52.0136382899005],[16.4070279409408,52.013613189442],[16.4066379360302,52.0136909255583],[16.4056380170719,52.0142434419314],[16.4054194148135,52.0143567910128],[16.4052959336834,52.0144235221281],[16.4047810111726,52.0146933873045],[16.4046267142321,52.0147730155661],[16.404442870199,52.014924313048],[16.4042497689495,52.015093218307],[16.4040879888327,52.0152844169293],[16.4039537145837,52.0154623501208],[16.4036182874386,52.0158983211309],[16.403470631335,52.016085719321],[16.4034279449151,52.0163184055458],[16.4033935979033,52.0165056894379],[16.4033709884582,52.0165885647813],[16.403297530298,52.016923538558],[16.4032311373218,52.0171581713013],[16.4031537085611,52.0174659908974],[16.4031179693414,52.0176512859829],[16.4031607805738,52.017699433914],[16.4032035918989,52.0177475818286],[16.4035792192992,52.0182098886851],[16.4038128944693,52.0185007803139],[16.4040103475041,52.0187385394747],[16.4041761156161,52.0189393713439],[16.4042781391365,52.0190553816582],[16.4043749610177,52.0191679456366],[16.4044996799114,52.0193170189974],[16.4045534132518,52.0193812765612],[16.4046344521825,52.0194707363457],[16.404755681869,52.01940142618]]]},"properties":{"case_id":"ST-WK-WO/ZGŁOSZENIE/84/2026","source_type":"zgloszenie","received_date":"2026-01-10","decision_date":null,"status":"Brak sprzeciwu","description":"Budowa sieci elektroenergetycznej SN -15KV i nn-0,4 kV","address":"Barchlin","city":"Barchlin","office":"Starosta Powiatu Wolsztyn","case_kind":"budowa nowego/nowych obiektów budowlanych","parcel_ids":["302901_2.0001.331","302901_2.0001.46","302901_2.0001.90/12","302901_2.0001.90/13","302901_2.0001.90/14","302901_2.0001.90/15","302901_2.0001.90/16","302901_2.0001.90/3"],"location_quality":"dokładny","gunb_url":"https://wyszukiwarka.gunb.gov.pl/","parcel_count":8,"parcel_shard":"x065-y208","parcel_id":"302901_2.0001.331","location_source":"powiat wolsztyński (wfs)"}},{"type":"Feature","id":"ST-WK-WO/ZGŁOSZENIE/84/2026::302901_2.0001.46","geometry":{"type":"Polygon","coordinates":[[[16.4038128944693,52.0185007803139],[16.4035662398705,52.0185969408226],[16.4034543771122,52.0186403727134],[16.403354375795,52.0186763780147],[16.4032609734862,52.0187100072377],[16.4032354439904,52.0187200614973],[16.4031808255636,52.0187415718118],[16.4031502826594,52.0187536004689],[16.4030749953922,52.0187826318137],[16.4027168931309,52.0189270583334],[16.4018499019601,52.0192575787972],[16.4021183305114,52.0194908295205],[16.4028075138584,52.0192187792999],[16.4029626279607,52.0191548618629],[16.4033740733007,52.0189851884211],[16.403472225012,52.0189445119771],[16.4034962281599,52.0189263189251],[16.4035993267831,52.0188867323201],[16.4038334117958,52.0187974646892],[16.4038718120851,52.0187837089318],[16.4039766272215,52.0187493395343],[16.4040103475041,52.0187385394747],[16.4038128944693,52.0185007803139]]]},"properties":{"case_id":"ST-WK-WO/ZGŁOSZENIE/84/2026","source_type":"zgloszenie","received_date":"2026-01-10","decision_date":null,"status":"Brak sprzeciwu","description":"Budowa sieci elektroenergetycznej SN -15KV i nn-0,4 kV","address":"Barchlin","city":"Barchlin","office":"Starosta Powiatu Wolsztyn","case_kind":"budowa nowego/nowych obiektów budowlanych","parcel_ids":["302901_2.0001.331","302901_2.0001.46","302901_2.0001.90/12","302901_2.0001.90/13","302901_2.0001.90/14","302901_2.0001.90/15","302901_2.0001.90/16","302901_2.0001.90/3"],"location_quality":"dokładny","gunb_url":"https://wyszukiwarka.gunb.gov.pl/","parcel_count":8,"parcel_shard":"x065-y208","parcel_id":"302901_2.0001.46","location_source":"powiat wolsztyński (wfs)"}},{"type":"Feature","id":"ST-WK-WO/ZGŁOSZENIE/84/2026::302901_2.0001.90/12","geometry":{"type":"Polygon","coordinates":[[[16.4043200876716,52.0182763085897],[16.4039097462568,52.018409222691],[16.4040521052726,52.0185773713504],[16.404241292028,52.0185161365029],[16.4042886020583,52.0185717960857],[16.4045093192928,52.0185003849132],[16.4043200876716,52.0182763085897]]]},"properties":{"case_id":"ST-WK-WO/ZGŁOSZENIE/84/2026","source_type":"zgloszenie","received_date":"2026-01-10","decision_date":null,"status":"Brak sprzeciwu","description":"Budowa sieci elektroenergetycznej SN -15KV i nn-0,4 kV","address":"Barchlin","city":"Barchlin","office":"Starosta Powiatu Wolsztyn","case_kind":"budowa nowego/nowych obiektów budowlanych","parcel_ids":["302901_2.0001.331","302901_2.0001.46","302901_2.0001.90/12","302901_2.0001.90/13","302901_2.0001.90/14","302901_2.0001.90/15","302901_2.0001.90/16","302901_2.0001.90/3"],"location_quality":"dokładny","gunb_url":"https://wyszukiwarka.gunb.gov.pl/","parcel_count":8,"parcel_shard":"x065-y208","parcel_id":"302901_2.0001.90/12","location_source":"powiat wolsztyński (wfs)"}},{"type":"Feature","id":"ST-WK-WO/ZGŁOSZENIE/84/2026::302901_2.0001.90/13","geometry":{"type":"Polygon","coordinates":[[[16.404683130295,52.0181587469446],[16.4043200876716,52.0182763085897],[16.4045093192928,52.0185003849132],[16.4048723626335,52.0183829125643],[16.404683130295,52.0181587469446]]]},"properties":{"case_id":"ST-WK-WO/ZGŁOSZENIE/84/2026","source_type":"zgloszenie","received_date":"2026-01-10","decision_date":null,"status":"Brak sprzeciwu","description":"Budowa sieci elektroenergetycznej SN -15KV i nn-0,4 kV","address":"Barchlin","city":"Barchlin","office":"Starosta Powiatu Wolsztyn","case_kind":"budowa nowego/nowych obiektów budowlanych","parcel_ids":["302901_2.0001.331","302901_2.0001.46","302901_2.0001.90/12","302901_2.0001.90/13","302901_2.0001.90/14","302901_2.0001.90/15","302901_2.0001.90/16","302901_2.0001.90/3"],"location_quality":"dokładny","gunb_url":"https://wyszukiwarka.gunb.gov.pl/","parcel_count":8,"parcel_shard":"x065-y208","parcel_id":"302901_2.0001.90/13","location_source":"powiat wolsztyński (wfs)"}},{"type":"Feature","id":"ST-WK-WO/ZGŁOSZENIE/84/2026::302901_2.0001.90/14","geometry":{"type":"Polygon","coordinates":[[[16.4054222362886,52.0190253889752],[16.4054875282154,52.018988924897],[16.4051647136024,52.0186130642806],[16.404925132155,52.0183292777817],[16.4047245669904,52.0180827086561],[16.4045091249689,52.0178278418852],[16.4044240206893,52.0178523526872],[16.404683130295,52.0181587469446],[16.4048723626335,52.0183829125643],[16.4050404760209,52.01858177091],[16.4051162865262,52.0186714731839],[16.4053346052358,52.0189297722669],[16.4054222362886,52.0190253889752]]]},"properties":{"case_id":"ST-WK-WO/ZGŁOSZENIE/84/2026","source_type":"zgloszenie","received_date":"2026-01-10","decision_date":null,"status":"Brak sprzeciwu","description":"Budowa sieci elektroenergetycznej SN -15KV i nn-0,4 kV","address":"Barchlin","city":"Barchlin","office":"Starosta Powiatu Wolsztyn","case_kind":"budowa nowego/nowych obiektów budowlanych","parcel_ids":["302901_2.0001.331","302901_2.0001.46","302901_2.0001.90/12","302901_2.0001.90/13","302901_2.0001.90/14","302901_2.0001.90/15","302901_2.0001.90/16","302901_2.0001.90/3"],"location_quality":"dokładny","gunb_url":"https://wyszukiwarka.gunb.gov.pl/","parcel_count":8,"parcel_shard":"x065-y208","parcel_id":"302901_2.0001.90/14","location_source":"powiat wolsztyński (wfs)"}},{"type":"Feature","id":"ST-WK-WO/ZGŁOSZENIE/84/2026::302901_2.0001.90/15","geometry":{"type":"Polygon","coordinates":[[[16.4051647136024,52.0186130642806],[16.405633397724,52.0184601780659],[16.4055504372713,52.0183698430138],[16.4054047278583,52.0182111336318],[16.4053805900986,52.0181847252386],[16.404925132155,52.0183292777817],[16.4051647136024,52.0186130642806]]]},"properties":{"case_id":"ST-WK-WO/ZGŁOSZENIE/84/2026","source_type":"zgloszenie","received_date":"2026-01-10","decision_date":null,"status":"Brak sprzeciwu","description":"Budowa sieci elektroenergetycznej SN -15KV i nn-0,4 kV","address":"Barchlin","city":"Barchlin","office":"Starosta Powiatu Wolsztyn","case_kind":"budowa nowego/nowych obiektów budowlanych","parcel_ids":["302901_2.0001.331","302901_2.0001.46","302901_2.0001.90/12","302901_2.0001.90/13","302901_2.0001.90/14","302901_2.0001.90/15","302901_2.0001.90/16","302901_2.0001.90/3"],"location_quality":"dokładny","gunb_url":"https://wyszukiwarka.gunb.gov.pl/","parcel_count":8,"parcel_shard":"x065-y208","parcel_id":"302901_2.0001.90/15","location_source":"powiat wolsztyński (wfs)"}},{"type":"Feature","id":"ST-WK-WO/ZGŁOSZENIE/84/2026::302901_2.0001.90/16","geometry":{"type":"Polygon","coordinates":[[[16.404925132155,52.0183292777817],[16.4053805900986,52.0181847252386],[16.4051588614958,52.0179432378917],[16.4047245669904,52.0180827086561],[16.404925132155,52.0183292777817]]]},"properties":{"case_id":"ST-WK-WO/ZGŁOSZENIE/84/2026","source_type":"zgloszenie","received_date":"2026-01-10","decision_date":null,"status":"Brak sprzeciwu","description":"Budowa sieci elektroenergetycznej SN -15KV i nn-0,4 kV","address":"Barchlin","city":"Barchlin","office":"Starosta Powiatu Wolsztyn","case_kind":"budowa nowego/nowych obiektów budowlanych","parcel_ids":["302901_2.0001.331","302901_2.0001.46","302901_2.0001.90/12","302901_2.0001.90/13","302901_2.0001.90/14","302901_2.0001.90/15","302901_2.0001.90/16","302901_2.0001.90/3"],"location_quality":"dokładny","gunb_url":"https://wyszukiwarka.gunb.gov.pl/","parcel_count":8,"parcel_shard":"x065-y208","parcel_id":"302901_2.0001.90/16","location_source":"powiat wolsztyński (wfs)"}},{"type":"Feature","id":"ST-WK-WO/ZGŁOSZENIE/84/2026::302901_2.0001.90/3","geometry":{"type":"Polygon","coordinates":[[[16.4040521052726,52.0185773713504],[16.4040992689144,52.0186331205722],[16.4042886020583,52.0185717960857],[16.404241292028,52.0185161365029],[16.4040521052726,52.0185773713504]]]},"properties":{"case_id":"ST-WK-WO/ZGŁOSZENIE/84/2026","source_type":"zgloszenie","received_date":"2026-01-10","decision_date":null,"status":"Brak sprzeciwu","description":"Budowa sieci elektroenergetycznej SN -15KV i nn-0,4 kV","address":"Barchlin","city":"Barchlin","office":"Starosta Powiatu Wolsztyn","case_kind":"budowa nowego/nowych obiektów budowlanych","parcel_ids":["302901_2.0001.331","302901_2.0001.46","302901_2.0001.90/12","302901_2.0001.90/13","302901_2.0001.90/14","302901_2.0001.90/15","302901_2.0001.90/16","302901_2.0001.90/3"],"location_quality":"dokładny","gunb_url":"https://wyszukiwarka.gunb.gov.pl/","parcel_count":8,"parcel_shard":"x065-y208","parcel_id":"302901_2.0001.90/3","location_source":"powiat wolsztyński (wfs)"}},{"type":"Feature","id":"ST-WK-WO/WNIOSEK/22337/2025::302901_2.0001.67/1","geometry":{"type":"Polygon","coordinates":[[[16.3994166186165,52.0169060216321],[16.3996283505015,52.01721060983],[16.3999776912031,52.0171189194377],[16.4002915523118,52.0175633692455],[16.4002690212817,52.0175988734415],[16.4004158255949,52.0175592684679],[16.4003582815185,52.0175453669973],[16.40004234961,52.0170995624481],[16.3998272581334,52.0167960459316],[16.3994166186165,52.0169060216321]]]},"properties":{"case_id":"ST-WK-WO/WNIOSEK/22337/2025","source_type":"wniosek_decyzja","received_date":"2025-10-29","decision_date":"2025-11-05","status":"decyzja wydana","description":"Zewnętrzna i wewnętrzna instalacja gazu w budynku sali wiejskiej","address":"Barchlin","city":"Barchlin","office":"Starosta Powiatu Wolsztyn","case_kind":"Obiekt budowlany inny niż budynek mieszkalny jednorodzinny","parcel_ids":["302901_2.0001.67/1"],"location_quality":"dokładny","gunb_url":"https://wyszukiwarka.gunb.gov.pl/","parcel_count":1,"parcel_shard":"x065-y208","parcel_id":"302901_2.0001.67/1","location_source":"powiat wolsztyński (wfs)"}},{"type":"Feature","id":"ST-WK-WO/WNIOSEK/22485/2025::302901_2.0001.67/1","geometry":{"type":"Polygon","coordinates":[[[16.3994166186165,52.0169060216321],[16.3996283505015,52.01721060983],[16.3999776912031,52.0171189194377],[16.4002915523118,52.0175633692455],[16.4002690212817,52.0175988734415],[16.4004158255949,52.0175592684679],[16.4003582815185,52.0175453669973],[16.40004234961,52.0170995624481],[16.3998272581334,52.0167960459316],[16.3994166186165,52.0169060216321]]]},"properties":{"case_id":"ST-WK-WO/WNIOSEK/22485/2025","source_type":"wniosek_decyzja","received_date":"2025-11-03","decision_date":"2025-12-09","status":"decyzja wydana","description":"Rozbudowa, przebudowa oraz zmiana sposobu użytkowania budynku remizy na salę wiejską","address":"Barchlin","city":"Barchlin","office":"Starosta Powiatu Wolsztyn","case_kind":"Obiekt budowlany inny niż budynek mieszkalny jednorodzinny","parcel_ids":["302901_2.0001.67/1","302901_2.0001.67/4"],"location_quality":"dokładny","gunb_url":"https://wyszukiwarka.gunb.gov.pl/","parcel_count":2,"parcel_shard":"x065-y208","parcel_id":"302901_2.0001.67/1","location_source":"powiat wolsztyński (wfs)"}},{"type":"Feature","id":"ST-WK-WO/WNIOSEK/22485/2025::302901_2.0001.67/4","geometry":{"type":"Polygon","coordinates":[[[16.3998272581334,52.0167960459316],[16.3997489208801,52.0166738190625],[16.3994425241798,52.0165562922663],[16.3994490374361,52.0166763036058],[16.3990272388893,52.017188455173],[16.3990354721997,52.0172655701079],[16.3993915638449,52.017792191813],[16.4002690212817,52.0175988734415],[16.4002915523118,52.0175633692455],[16.3999776912031,52.0171189194377],[16.3996283505015,52.01721060983],[16.3994166186165,52.0169060216321],[16.3998272581334,52.0167960459316]]]},"properties":{"case_id":"ST-WK-WO/WNIOSEK/22485/2025","source_type":"wniosek_decyzja","received_date":"2025-11-03","decision_date":"2025-12-09","status":"decyzja wydana","description":"Rozbudowa, przebudowa oraz zmiana sposobu użytkowania budynku remizy na salę wiejską","address":"Barchlin","city":"Barchlin","office":"Starosta Powiatu Wolsztyn","case_kind":"Obiekt budowlany inny niż budynek mieszkalny jednorodzinny","parcel_ids":["302901_2.0001.67/1","302901_2.0001.67/4"],"location_quality":"dokładny","gunb_url":"https://wyszukiwarka.gunb.gov.pl/","parcel_count":2,"parcel_shard":"x065-y208","parcel_id":"302901_2.0001.67/4","location_source":"powiat wolsztyński (wfs)"}},{"type":"Feature","id":"ST-WK-WO/WNIOSEK/7737/2026::302901_2.0001.90/15","geometry":{"type":"Polygon","coordinates":[[[16.4051647136024,52.0186130642806],[16.405633397724,52.0184601780659],[16.4055504372713,52.0183698430138],[16.4054047278583,52.0182111336318],[16.4053805900986,52.0181847252386],[16.404925132155,52.0183292777817],[16.4051647136024,52.0186130642806]]]},"properties":{"case_id":"ST-WK-WO/WNIOSEK/7737/2026","source_type":"wniosek_decyzja","received_date":"2026-04-20","decision_date":"2026-07-24","status":"decyzja wydana","description":"Budynek mieszkalny jednorodzinny","address":"Barchlin","city":"Barchlin","office":"Starosta Powiatu Wolsztyn","case_kind":"Budynek mieszkalny jednorodzinny","parcel_ids":["302901_2.0001.90/15"],"location_quality":"dokładny","gunb_url":"https://wyszukiwarka.gunb.gov.pl/","parcel_count":1,"parcel_shard":"x065-y208","parcel_id":"302901_2.0001.90/15","location_source":"powiat wolsztyński (wfs)"}},{"type":"Feature","id":"ST-WK-WO/ZGŁOSZENIE/3718/2025::302901_2.0006.111/2","geometry":{"type":"Polygon","coordinates":[[[16.3751612221259,52.0055336521472],[16.3750708719617,52.0055625492856],[16.3732088018171,52.0061601140672],[16.3732331439348,52.0062230992396],[16.3733203959731,52.0061952794314],[16.3751282893506,52.0056142816286],[16.375200163776,52.0055918195636],[16.3790737503407,52.004349866575],[16.3791613153396,52.0043229370524],[16.3795797291644,52.0041941731414],[16.379864934525,52.0041006745501],[16.3803230532497,52.0039576238506],[16.3805832703351,52.0038763767474],[16.3808107950067,52.0038053857769],[16.3807689589167,52.0037473191748],[16.380159521455,52.0039389098864],[16.3800452682795,52.0039744955234],[16.3799753016762,52.0039962589291],[16.3797818493878,52.0040565023291],[16.379365535428,52.0041857314152],[16.3791963852376,52.0042384369607],[16.3790318994301,52.0042905246155],[16.3789310448127,52.0043229043403],[16.3788665329169,52.0043435986538],[16.3751612221259,52.0055336521472]]]},"properties":{"case_id":"ST-WK-WO/ZGŁOSZENIE/3718/2025","source_type":"zgloszenie","received_date":"2025-11-18","decision_date":null,"status":"Brak sprzeciwu","description":"Sieć elektroenergetyczna obejmująca napięcie znamionowe nie wyższe niż 14 kV","address":"33, Bucz","city":"Bucz","office":"Starosta Powiatu Wolsztyn","case_kind":"budowa nowego/nowych obiektów budowlanych","parcel_ids":["302901_2.0006.111/2","302901_2.0006.128/5","302901_2.0006.160","302901_2.0006.178/1","302901_2.0006.223/24","302901_2.0006.256","302901_2.0006.79/10","302901_2.0006.79/11","302901_2.0006.79/9","302901_2.0006.81/1","302901_2.0006.81/3","302901_2.0006.91/3","302901_2.0006.950","302901_2.0006.96/1","302901_2.0006.96/4"],"location_quality":"dokładny","gunb_url":"https://wyszukiwarka.gunb.gov.pl/","parcel_count":15,"parcel_shard":"x065-y208","parcel_id":"302901_2.0006.111/2","location_source":"powiat wolsztyński (wfs)"}},{"type":"Feature","id":"ST-WK-WO/ZGŁOSZENIE/3718/2025::302901_2.0006.128/5","geometry":{"type":"Polygon","coordinates":[[[16.3822736432836,52.005570577543],[16.3821253939938,52.0053862069329],[16.3825093210737,52.0051448675631],[16.3822619198232,52.0049479529842],[16.3819395655725,52.0051167677674],[16.3819678703004,52.0051372893924],[16.3812932278558,52.005486862867],[16.3815489521514,52.0057386881691],[16.3822736432836,52.005570577543]]]},"properties":{"case_id":"ST-WK-WO/ZGŁOSZENIE/3718/2025","source_type":"zgloszenie","received_date":"2025-11-18","decision_date":null,"status":"Brak sprzeciwu","description":"Sieć elektroenergetyczna obejmująca napięcie znamionowe nie wyższe niż 14 kV","address":"33, Bucz","city":"Bucz","office":"Starosta Powiatu Wolsztyn","case_kind":"budowa nowego/nowych obiektów budowlanych","parcel_ids":["302901_2.0006.111/2","302901_2.0006.128/5","302901_2.0006.160","302901_2.0006.178/1","302901_2.0006.223/24","302901_2.0006.256","302901_2.0006.79/10","302901_2.0006.79/11","302901_2.0006.79/9","302901_2.0006.81/1","302901_2.0006.81/3","302901_2.0006.91/3","302901_2.0006.950","302901_2.0006.96/1","302901_2.0006.96/4"],"location_quality":"dokładny","gunb_url":"https://wyszukiwarka.gunb.gov.pl/","parcel_count":15,"parcel_shard":"x065-y208","parcel_id":"302901_2.0006.128/5","location_source":"powiat wolsztyński (wfs)"}},{"type":"Feature","id":"ST-WK-WO/ZGŁOSZENIE/3718/2025::302901_2.0006.160","geometry":{"type":"Polygon","coordinates":[[[16.3853185876207,52.0066703162004],[16.3849504370842,52.0064974788444],[16.3848878316325,52.0064652265288],[16.384657981414,52.0063467615104],[16.3845534488511,52.00629154146],[16.3842069926159,52.0061088288882],[16.3839896408006,52.0059940808209],[16.3836489226288,52.0057517042605],[16.382968273363,52.0054821697869],[16.3825093210737,52.0051448675631],[16.3826786450682,52.0053311143143],[16.3828343831214,52.0055064236385],[16.3831089434677,52.005686698227],[16.3831662344222,52.0057243229917],[16.3832743106071,52.0059279204162],[16.3833452034859,52.0061320759971],[16.3833850061162,52.0063270551378],[16.3833872259494,52.0064123618184],[16.3833899595724,52.0065435723083],[16.3833718606863,52.0067266724383],[16.3833388524142,52.0069232073946],[16.3833128308041,52.0070565705535],[16.3832786046994,52.0072511708495],[16.3832681772742,52.0073569872341],[16.3832459902455,52.0075001287051],[16.3832046950274,52.0078394184613],[16.3831786786699,52.0078695663826],[16.3831487267402,52.0079043447376],[16.3831164353533,52.0080758305824],[16.3831109613649,52.0081115936417],[16.38307036102,52.0083958303208],[16.3830319980598,52.00866440039],[16.3830064225047,52.0088434470912],[16.3829808467588,52.0090224937829],[16.3829552708367,52.0092015404651],[16.3829296947092,52.0093805871381],[16.3829041183908,52.0095596338016],[16.3828785418817,52.0097386804558],[16.3828529651962,52.0099177271004],[16.3828376188057,52.010096919207],[16.3828037152459,52.0103295844872],[16.3827959016491,52.0103832486936],[16.3827463312933,52.0106767022863],[16.3827415082692,52.01071252725],[16.3826787891026,52.0112432212447],[16.3825953911732,52.0118361040266],[16.3825102238067,52.0124240268935],[16.3825071582774,52.0124474853364],[16.3827146145097,52.0123815967188],[16.3828620596287,52.0114809240698],[16.3829385942985,52.0109740033604],[16.3830110744355,52.010493927462],[16.38301659983,52.0104511937165],[16.383025090632,52.0103855253083],[16.3830897843925,52.0098851731684],[16.3831151633001,52.0097061718362],[16.3831405420185,52.0095271704947],[16.3831659205622,52.0093481691437],[16.3831912989022,52.0091691677835],[16.383216677053,52.0089901664141],[16.3832420550146,52.0088111650352],[16.383267432787,52.0086321636471],[16.3832928103702,52.0084531622497],[16.3833181877788,52.0082741608427],[16.3833435734408,52.0080950997413],[16.3833689589277,52.0079160386215],[16.3833809458881,52.0078282003794],[16.3834276384531,52.0073229950453],[16.3834412328066,52.0071884407943],[16.3834872349073,52.0068753720835],[16.383509432685,52.00670635862],[16.3835218532876,52.0065315781635],[16.3835316035542,52.0064099409839],[16.3835230026752,52.0062372841196],[16.3834986357768,52.0060223738145],[16.3837913114926,52.0058916031281],[16.3840184372386,52.0060682585856],[16.3845661226631,52.0063529649196],[16.385272140269,52.0067026981843],[16.3853185876207,52.0066703162004]]]},"properties":{"case_id":"ST-WK-WO/ZGŁOSZENIE/3718/2025","source_type":"zgloszenie","received_date":"2025-11-18","decision_date":null,"status":"Brak sprzeciwu","description":"Sieć elektroenergetyczna obejmująca napięcie znamionowe nie wyższe niż 14 kV","address":"33, Bucz","city":"Bucz","office":"Starosta Powiatu Wolsztyn","case_kind":"budowa nowego/nowych obiektów budowlanych","parcel_ids":["302901_2.0006.111/2","302901_2.0006.128/5","302901_2.0006.160","302901_2.0006.178/1","302901_2.0006.223/24","302901_2.0006.256","302901_2.0006.79/10","302901_2.0006.79/11","302901_2.0006.79/9","302901_2.0006.81/1","302901_2.0006.81/3","302901_2.0006.91/3","302901_2.0006.950","302901_2.0006.96/1","302901_2.0006.96/4"],"location_quality":"dokładny","gunb_url":"https://wyszukiwarka.gunb.gov.pl/","parcel_count":15,"parcel_shard":"x065-y208","parcel_id":"302901_2.0006.160","location_source":"powiat wolsztyński (wfs)"}},{"type":"Feature","id":"ST-WK-WO/ZGŁOSZENIE/3718/2025::302901_2.0006.178/1","geometry":{"type":"Polygon","coordinates":[[[16.3829664239953,52.0050868678828],[16.382844415337,52.0049212597379],[16.3825829230532,52.0049966657619],[16.382824933159,52.0051645461143],[16.3829664239953,52.0050868678828]]]},"properties":{"case_id":"ST-WK-WO/ZGŁOSZENIE/3718/2025","source_type":"zgloszenie","received_date":"2025-11-18","decision_date":null,"status":"Brak sprzeciwu","description":"Sieć elektroenergetyczna obejmująca napięcie znamionowe nie wyższe niż 14 kV","address":"33, Bucz","city":"Bucz","office":"Starosta Powiatu Wolsztyn","case_kind":"budowa nowego/nowych obiektów budowlanych","parcel_ids":["302901_2.0006.111/2","302901_2.0006.128/5","302901_2.0006.160","302901_2.0006.178/1","302901_2.0006.223/24","302901_2.0006.256","302901_2.0006.79/10","302901_2.0006.79/11","302901_2.0006.79/9","302901_2.0006.81/1","302901_2.0006.81/3","302901_2.0006.91/3","302901_2.0006.950","302901_2.0006.96/1","302901_2.0006.96/4"],"location_quality":"dokładny","gunb_url":"https://wyszukiwarka.gunb.gov.pl/","parcel_count":15,"parcel_shard":"x065-y208","parcel_id":"302901_2.0006.178/1","location_source":"powiat wolsztyński (wfs)"}},{"type":"Feature","id":"ST-WK-WO/ZGŁOSZENIE/3718/2025::302901_2.0006.223/24","geometry":{"type":"Polygon","coordinates":[[[16.3781012213299,52.0018826719191],[16.3782747328377,52.0018040580173],[16.3781711674259,52.0017560119698],[16.3781697585289,52.0017575565313],[16.3780687599594,52.0018689395152],[16.3781012213299,52.0018826719191]]]},"properties":{"case_id":"ST-WK-WO/ZGŁOSZENIE/3718/2025","source_type":"zgloszenie","received_date":"2025-11-18","decision_date":null,"status":"Brak sprzeciwu","description":"Sieć elektroenergetyczna obejmująca napięcie znamionowe nie wyższe niż 14 kV","address":"33, Bucz","city":"Bucz","office":"Starosta Powiatu Wolsztyn","case_kind":"budowa nowego/nowych obiektów budowlanych","parcel_ids":["302901_2.0006.111/2","302901_2.0006.128/5","302901_2.0006.160","302901_2.0006.178/1","302901_2.0006.223/24","302901_2.0006.256","302901_2.0006.79/10","302901_2.0006.79/11","302901_2.0006.79/9","302901_2.0006.81/1","302901_2.0006.81/3","302901_2.0006.91/3","302901_2.0006.950","302901_2.0006.96/1","302901_2.0006.96/4"],"location_quality":"dokładny","gunb_url":"https://wyszukiwarka.gunb.gov.pl/","parcel_count":15,"parcel_shard":"x065-y208","parcel_id":"302901_2.0006.223/24","location_source":"powiat wolsztyński (wfs)"}},{"type":"Feature","id":"ST-WK-WO/ZGŁOSZENIE/3718/2025::302901_2.0006.256","geometry":{"type":"Polygon","coordinates":[[[16.3733463011642,51.9999102104825],[16.3748504969025,52.0005427671826],[16.3773182110896,52.0015887240379],[16.3787130528937,52.0021807382183],[16.3800609183358,52.0027719452361],[16.3801563244817,52.0028271914796],[16.3807947429588,52.0035399823419],[16.3810065675533,52.0037652848343],[16.3812850404469,52.0039817948872],[16.3818477192818,52.0044009002922],[16.3818679563498,52.0043913409364],[16.3813195733022,52.0039652823962],[16.381042935836,52.0037503486941],[16.3808542730836,52.0035506249074],[16.3807479066629,52.0034324576537],[16.3801937183449,52.0028132540955],[16.3800896805437,52.0027516530053],[16.3788077616297,52.0021889158479],[16.3787408289598,52.0021599294245],[16.378117034179,52.0018946368819],[16.3781012213299,52.0018826719191],[16.3780687599594,52.0018689395152],[16.3777643651964,52.0017402772592],[16.3774592583934,52.0016154129759],[16.3774092976619,52.0015941638409],[16.3773429218347,52.0015664914157],[16.3768587121513,52.0013605991536],[16.3767565907688,52.0013206117744],[16.3763782656164,52.0011589391967],[16.3763018345163,52.001134910953],[16.3760010097953,52.0010083597332],[16.3759427233496,52.0009835128405],[16.375317607246,52.0007153112064],[16.3753007799406,52.000707957214],[16.3751837554038,52.0006577286642],[16.3748749870163,52.0005204419775],[16.3745644760586,52.000390665862],[16.3744099697324,52.0003256918543],[16.3741059824266,52.0001978612747],[16.3738829097603,52.0001039908615],[16.3735437998764,51.9999613752376],[16.3733781449725,51.9998917647085],[16.3733463011642,51.9999102104825]]]},"properties":{"case_id":"ST-WK-WO/ZGŁOSZENIE/3718/2025","source_type":"zgloszenie","received_date":"2025-11-18","decision_date":null,"status":"Brak sprzeciwu","description":"Sieć elektroenergetyczna obejmująca napięcie znamionowe nie wyższe niż 14 kV","address":"33, Bucz","city":"Bucz","office":"Starosta Powiatu Wolsztyn","case_kind":"budowa nowego/nowych obiektów budowlanych","parcel_ids":["302901_2.0006.111/2","302901_2.0006.128/5","302901_2.0006.160","302901_2.0006.178/1","302901_2.0006.223/24","302901_2.0006.256","302901_2.0006.79/10","302901_2.0006.79/11","302901_2.0006.79/9","302901_2.0006.81/1","302901_2.0006.81/3","302901_2.0006.91/3","302901_2.0006.950","302901_2.0006.96/1","302901_2.0006.96/4"],"location_quality":"dokładny","gunb_url":"https://wyszukiwarka.gunb.gov.pl/","parcel_count":15,"parcel_shard":"x065-y208","parcel_id":"302901_2.0006.256","location_source":"powiat wolsztyński (wfs)"}},{"type":"Feature","id":"ST-WK-WO/ZGŁOSZENIE/3718/2025::302901_2.0006.79/10","geometry":{"type":"Polygon","coordinates":[[[16.3660300538428,51.9969327419077],[16.3659644615713,51.9969928279346],[16.3660249290712,51.997017924097],[16.3660899527064,51.996958294066],[16.3660300538428,51.9969327419077]]]},"properties":{"case_id":"ST-WK-WO/ZGŁOSZENIE/3718/2025","source_type":"zgloszenie","received_date":"2025-11-18","decision_date":null,"status":"Brak sprzeciwu","description":"Sieć elektroenergetyczna obejmująca napięcie znamionowe nie wyższe niż 14 kV","address":"33, Bucz","city":"Bucz","office":"Starosta Powiatu Wolsztyn","case_kind":"budowa nowego/nowych obiektów budowlanych","parcel_ids":["302901_2.0006.111/2","302901_2.0006.128/5","302901_2.0006.160","302901_2.0006.178/1","302901_2.0006.223/24","302901_2.0006.256","302901_2.0006.79/10","302901_2.0006.79/11","302901_2.0006.79/9","302901_2.0006.81/1","302901_2.0006.81/3","302901_2.0006.91/3","302901_2.0006.950","302901_2.0006.96/1","302901_2.0006.96/4"],"location_quality":"dokładny","gunb_url":"https://wyszukiwarka.gunb.gov.pl/","parcel_count":15,"parcel_shard":"x065-y208","parcel_id":"302901_2.0006.79/10","location_source":"powiat wolsztyński (wfs)"}},{"type":"Feature","id":"ST-WK-WO/ZGŁOSZENIE/3718/2025::302901_2.0006.79/11","geometry":{"type":"Polygon","coordinates":[[[16.3650186907289,51.9965004276912],[16.3626452544999,51.9986678951532],[16.3630265418618,51.9987063792482],[16.3635244000014,51.9987989218485],[16.3640328790447,51.9988435108469],[16.3660249290712,51.997017924097],[16.3659644615713,51.9969928279346],[16.3660300538428,51.9969327419077],[16.3650186907289,51.9965004276912]]]},"properties":{"case_id":"ST-WK-WO/ZGŁOSZENIE/3718/2025","source_type":"zgloszenie","received_date":"2025-11-18","decision_date":null,"status":"Brak sprzeciwu","description":"Sieć elektroenergetyczna obejmująca napięcie znamionowe nie wyższe niż 14 kV","address":"33, Bucz","city":"Bucz","office":"Starosta Powiatu Wolsztyn","case_kind":"budowa nowego/nowych obiektów budowlanych","parcel_ids":["302901_2.0006.111/2","302901_2.0006.128/5","302901_2.0006.160","302901_2.0006.178/1","302901_2.0006.223/24","302901_2.0006.256","302901_2.0006.79/10","302901_2.0006.79/11","302901_2.0006.79/9","302901_2.0006.81/1","302901_2.0006.81/3","302901_2.0006.91/3","302901_2.0006.950","302901_2.0006.96/1","302901_2.0006.96/4"],"location_quality":"dokładny","gunb_url":"https://wyszukiwarka.gunb.gov.pl/","parcel_count":15,"parcel_shard":"x065-y208","parcel_id":"302901_2.0006.79/11","location_source":"powiat wolsztyński (wfs)"}},{"type":"Feature","id":"ST-WK-WO/ZGŁOSZENIE/3718/2025::302901_2.0006.79/9","geometry":{"type":"Polygon","coordinates":[[[16.3626452544999,51.9986678951532],[16.3650186907289,51.9965004276912],[16.3643388357629,51.9962180341989],[16.3635893423162,51.9958962444443],[16.3616072562397,51.9977117846959],[16.3623063169658,51.99863365603],[16.3626452544999,51.9986678951532]]]},"properties":{"case_id":"ST-WK-WO/ZGŁOSZENIE/3718/2025","source_type":"zgloszenie","received_date":"2025-11-18","decision_date":null,"status":"Brak sprzeciwu","description":"Sieć elektroenergetyczna obejmująca napięcie znamionowe nie wyższe niż 14 kV","address":"33, Bucz","city":"Bucz","office":"Starosta Powiatu Wolsztyn","case_kind":"budowa nowego/nowych obiektów budowlanych","parcel_ids":["302901_2.0006.111/2","302901_2.0006.128/5","302901_2.0006.160","302901_2.0006.178/1","302901_2.0006.223/24","302901_2.0006.256","302901_2.0006.79/10","302901_2.0006.79/11","302901_2.0006.79/9","302901_2.0006.81/1","302901_2.0006.81/3","302901_2.0006.91/3","302901_2.0006.950","302901_2.0006.96/1","302901_2.0006.96/4"],"location_quality":"dokładny","gunb_url":"https://wyszukiwarka.gunb.gov.pl/","parcel_count":15,"parcel_shard":"x065-y208","parcel_id":"302901_2.0006.79/9","location_source":"powiat wolsztyński (wfs)"}},{"type":"Feature","id":"ST-WK-WO/ZGŁOSZENIE/3718/2025::302901_2.0006.81/1","geometry":{"type":"Polygon","coordinates":[[[16.3604139538564,51.9949331793571],[16.3607742946422,51.9949483551617],[16.3612335063845,51.9949829356837],[16.3615674819049,51.9950419169277],[16.3619532566669,51.9952020180425],[16.3621481196291,51.9952837088447],[16.3622752413905,51.9951899145572],[16.3616468906058,51.9949296781626],[16.3613020101845,51.9948889015024],[16.360848591363,51.9948509960099],[16.3605104786772,51.9948460935259],[16.3601982921407,51.9948414299604],[16.3604139538564,51.9949331793571]]]},"properties":{"case_id":"ST-WK-WO/ZGŁOSZENIE/3718/2025","source_type":"zgloszenie","received_date":"2025-11-18","decision_date":null,"status":"Brak sprzeciwu","description":"Sieć elektroenergetyczna obejmująca napięcie znamionowe nie wyższe niż 14 kV","address":"33, Bucz","city":"Bucz","office":"Starosta Powiatu Wolsztyn","case_kind":"budowa nowego/nowych obiektów budowlanych","parcel_ids":["302901_2.0006.111/2","302901_2.0006.128/5","302901_2.0006.160","302901_2.0006.178/1","302901_2.0006.223/24","302901_2.0006.256","302901_2.0006.79/10","302901_2.0006.79/11","302901_2.0006.79/9","302901_2.0006.81/1","302901_2.0006.81/3","302901_2.0006.91/3","302901_2.0006.950","302901_2.0006.96/1","302901_2.0006.96/4"],"location_quality":"dokładny","gunb_url":"https://wyszukiwarka.gunb.gov.pl/","parcel_count":15,"parcel_shard":"x065-y208","parcel_id":"302901_2.0006.81/1","location_source":"powiat wolsztyński (wfs)"}},{"type":"Feature","id":"ST-WK-WO/ZGŁOSZENIE/3718/2025::302901_2.0006.81/3","geometry":{"type":"Polygon","coordinates":[[[16.3699600686157,51.9984613696528],[16.3699203859171,51.9984446628662],[16.3696082098269,51.9983123848184],[16.3681516933777,51.9976995243419],[16.3674167974878,51.9973864262064],[16.3662428170292,51.9968859318354],[16.3649133562085,51.9963187713048],[16.3644468346532,51.9961195257924],[16.3633212564139,51.9956335363308],[16.3629273696686,51.9954656925209],[16.3622752413905,51.9951899145572],[16.3621481196291,51.9952837088447],[16.3628057228941,51.9955622251444],[16.3635893423162,51.9958962444443],[16.3643388357629,51.9962180341989],[16.3650186907289,51.9965004276912],[16.3660300538428,51.9969327419077],[16.3660899527064,51.996958294066],[16.3661349787963,51.9969825545766],[16.3676005307079,51.9976011606704],[16.3680555356152,51.9977950652755],[16.3681036268364,51.9978153603673],[16.3682235666791,51.9978661912466],[16.3687039137777,51.9980695966067],[16.3691841141573,51.9982728219523],[16.3693042020071,51.9983236500174],[16.369784410543,51.998526962723],[16.3698472396618,51.9985588700303],[16.3714651224259,51.9992470660702],[16.3717012586048,51.9993475072583],[16.3723675487528,51.9996291048447],[16.3727662479494,51.9997995577967],[16.3729577786735,51.9998814592205],[16.3732548133557,52.0000084219035],[16.3733617973459,52.0000542751009],[16.373752892565,52.0002187011023],[16.374990521196,52.0007390851061],[16.3754393792516,52.0009346510916],[16.3756243492963,52.0010159956171],[16.3758761777933,52.0011642435718],[16.3760670273232,52.0012140583512],[16.3763046678181,52.0013098873992],[16.3766011562898,52.0014488030214],[16.3767976442468,52.0015361233935],[16.3772335033944,52.0017299469181],[16.3778645338712,52.0019954625456],[16.3781388149811,52.0021109040107],[16.3785864604129,52.0022992813275],[16.3786392458522,52.0023267837188],[16.3798588183367,52.0028471328446],[16.3801369763598,52.0030166660525],[16.3801652153313,52.0030493235947],[16.3802399699778,52.0031359074193],[16.3807689589167,52.0037473191748],[16.3808107950067,52.0038053857769],[16.3808804718511,52.0038638969144],[16.3810237824035,52.0039772432939],[16.3811867091543,52.004089653657],[16.381345003727,52.0042167847876],[16.3813963411053,52.0042572881865],[16.3816211460897,52.0044344875289],[16.3816698703927,52.0044749043306],[16.3816970790487,52.0044976860478],[16.3819388044687,52.0046901740618],[16.3820089954749,52.0047466083569],[16.3822619198232,52.0049479529842],[16.3825093210737,52.0051448675631],[16.382968273363,52.0054821697869],[16.3836489226288,52.0057517042605],[16.38376553855,52.0056510093565],[16.3836617015601,52.005618252044],[16.3832542111956,52.0054538714938],[16.382824933159,52.0051645461143],[16.3825829230532,52.0049966657619],[16.3824823647407,52.0049111739736],[16.3818477192818,52.0044009002922],[16.3812850404469,52.0039817948872],[16.3810065675533,52.0037652848343],[16.3807947429588,52.0035399823419],[16.3801563244817,52.0028271914796],[16.3800609183358,52.0027719452361],[16.3787130528937,52.0021807382183],[16.3773182110896,52.0015887240379],[16.3748504969025,52.0005427671826],[16.3733463011642,51.9999102104825],[16.3732685838097,51.999876885645],[16.3726463348565,51.9996100645957],[16.3718093122475,51.9992511380935],[16.3699600686157,51.9984613696528]]]},"properties":{"case_id":"ST-WK-WO/ZGŁOSZENIE/3718/2025","source_type":"zgloszenie","received_date":"2025-11-18","decision_date":null,"status":"Brak sprzeciwu","description":"Sieć elektroenergetyczna obejmująca napięcie znamionowe nie wyższe niż 14 kV","address":"33, Bucz","city":"Bucz","office":"Starosta Powiatu Wolsztyn","case_kind":"budowa nowego/nowych obiektów budowlanych","parcel_ids":["302901_2.0006.111/2","302901_2.0006.128/5","302901_2.0006.160","302901_2.0006.178/1","302901_2.0006.223/24","302901_2.0006.256","302901_2.0006.79/10","302901_2.0006.79/11","302901_2.0006.79/9","302901_2.0006.81/1","302901_2.0006.81/3","302901_2.0006.91/3","302901_2.0006.950","302901_2.0006.96/1","302901_2.0006.96/4"],"location_quality":"dokładny","gunb_url":"https://wyszukiwarka.gunb.gov.pl/","parcel_count":15,"parcel_shard":"x065-y208","parcel_id":"302901_2.0006.81/3","location_source":"powiat wolsztyński (wfs)"}},{"type":"Feature","id":"ST-WK-WO/ZGŁOSZENIE/3718/2025::302901_2.0006.91/3","geometry":{"type":"Polygon","coordinates":[[[16.3662482886439,52.0031605975683],[16.3670044983281,52.0037579023735],[16.3726003103883,52.0019151876581],[16.3722370234816,52.001378605433],[16.3703250921978,52.0015055099017],[16.3677368032148,52.0025556168623],[16.3662482886439,52.0031605975683]]]},"properties":{"case_id":"ST-WK-WO/ZGŁOSZENIE/3718/2025","source_type":"zgloszenie","received_date":"2025-11-18","decision_date":null,"status":"Brak sprzeciwu","description":"Sieć elektroenergetyczna obejmująca napięcie znamionowe nie wyższe niż 14 kV","address":"33, Bucz","city":"Bucz","office":"Starosta Powiatu Wolsztyn","case_kind":"budowa nowego/nowych obiektów budowlanych","parcel_ids":["302901_2.0006.111/2","302901_2.0006.128/5","302901_2.0006.160","302901_2.0006.178/1","302901_2.0006.223/24","302901_2.0006.256","302901_2.0006.79/10","302901_2.0006.79/11","302901_2.0006.79/9","302901_2.0006.81/1","302901_2.0006.81/3","302901_2.0006.91/3","302901_2.0006.950","302901_2.0006.96/1","302901_2.0006.96/4"],"location_quality":"dokładny","gunb_url":"https://wyszukiwarka.gunb.gov.pl/","parcel_count":15,"parcel_shard":"x065-y208","parcel_id":"302901_2.0006.91/3","location_source":"powiat wolsztyński (wfs)"}},{"type":"Feature","id":"ST-WK-WO/ZGŁOSZENIE/3718/2025::302901_2.0006.950","geometry":{"type":"Polygon","coordinates":[[[16.3633212564139,51.9956335363308],[16.3644468346532,51.9961195257924],[16.3649133562085,51.9963187713048],[16.3662428170292,51.9968859318354],[16.3674167974878,51.9973864262064],[16.3681516933777,51.9976995243419],[16.3696082098269,51.9983123848184],[16.3696715893633,51.9982848615015],[16.3693034447237,51.9981337828454],[16.3690599252693,51.9980300526654],[16.3688879957955,51.9979567992451],[16.3684822790719,51.9977839742046],[16.3680508641751,51.9976001148382],[16.3676643214091,51.9974354265728],[16.3674929771677,51.9973624422897],[16.3670991780811,51.9971946771321],[16.3667055275714,51.9970269110275],[16.3665341864366,51.9969539253492],[16.366140540134,51.9967861573643],[16.3657467511487,51.9966183876862],[16.3655754131203,51.996545400613],[16.3651457645174,51.9963622542663],[16.3647640343322,51.9961996364493],[16.3646031940705,51.9961252015338],[16.3643534290635,51.9960187030762],[16.3640778501935,51.9959012672373],[16.3638022700289,51.9957837408859],[16.3633850755341,51.9956061011844],[16.3633212564139,51.9956335363308]]]},"properties":{"case_id":"ST-WK-WO/ZGŁOSZENIE/3718/2025","source_type":"zgloszenie","received_date":"2025-11-18","decision_date":null,"status":"Brak sprzeciwu","description":"Sieć elektroenergetyczna obejmująca napięcie znamionowe nie wyższe niż 14 kV","address":"33, Bucz","city":"Bucz","office":"Starosta Powiatu Wolsztyn","case_kind":"budowa nowego/nowych obiektów budowlanych","parcel_ids":["302901_2.0006.111/2","302901_2.0006.128/5","302901_2.0006.160","302901_2.0006.178/1","302901_2.0006.223/24","302901_2.0006.256","302901_2.0006.79/10","302901_2.0006.79/11","302901_2.0006.79/9","302901_2.0006.81/1","302901_2.0006.81/3","302901_2.0006.91/3","302901_2.0006.950","302901_2.0006.96/1","302901_2.0006.96/4"],"location_quality":"dokładny","gunb_url":"https://wyszukiwarka.gunb.gov.pl/","parcel_count":15,"parcel_shard":"x065-y208","parcel_id":"302901_2.0006.950","location_source":"powiat wolsztyński (wfs)"}},{"type":"Feature","id":"ST-WK-WO/ZGŁOSZENIE/3718/2025::302901_2.0006.96/1","geometry":{"type":"Polygon","coordinates":[[[16.380159521455,52.0039389098864],[16.3807689589167,52.0037473191748],[16.3802399699778,52.0031359074193],[16.3801652153313,52.0030493235947],[16.3801369763598,52.0030166660525],[16.3795485474252,52.0031997378939],[16.3795786566087,52.0032316545743],[16.3796539734454,52.0033176029722],[16.3796570012326,52.0033213427496],[16.380159521455,52.0039389098864]]]},"properties":{"case_id":"ST-WK-WO/ZGŁOSZENIE/3718/2025","source_type":"zgloszenie","received_date":"2025-11-18","decision_date":null,"status":"Brak sprzeciwu","description":"Sieć elektroenergetyczna obejmująca napięcie znamionowe nie wyższe niż 14 kV","address":"33, Bucz","city":"Bucz","office":"Starosta Powiatu Wolsztyn","case_kind":"budowa nowego/nowych obiektów budowlanych","parcel_ids":["302901_2.0006.111/2","302901_2.0006.128/5","302901_2.0006.160","302901_2.0006.178/1","302901_2.0006.223/24","302901_2.0006.256","302901_2.0006.79/10","302901_2.0006.79/11","302901_2.0006.79/9","302901_2.0006.81/1","302901_2.0006.81/3","302901_2.0006.91/3","302901_2.0006.950","302901_2.0006.96/1","302901_2.0006.96/4"],"location_quality":"dokładny","gunb_url":"https://wyszukiwarka.gunb.gov.pl/","parcel_count":15,"parcel_shard":"x065-y208","parcel_id":"302901_2.0006.96/1","location_source":"powiat wolsztyński (wfs)"}},{"type":"Feature","id":"ST-WK-WO/ZGŁOSZENIE/3718/2025::302901_2.0006.96/4","geometry":{"type":"Polygon","coordinates":[[[16.379365535428,52.0041857314152],[16.3797818493878,52.0040565023291],[16.3794638764415,52.0036668824252],[16.3792781765764,52.0034392167677],[16.379274849351,52.003435210827],[16.3792001098573,52.0033490756565],[16.3791703030832,52.0033175148867],[16.3787248288933,52.0034561224131],[16.3786819902647,52.0034750648359],[16.3788163704923,52.0036390001864],[16.3788982447272,52.0036134949588],[16.379365535428,52.0041857314152]]]},"properties":{"case_id":"ST-WK-WO/ZGŁOSZENIE/3718/2025","source_type":"zgloszenie","received_date":"2025-11-18","decision_date":null,"status":"Brak sprzeciwu","description":"Sieć elektroenergetyczna obejmująca napięcie znamionowe nie wyższe niż 14 kV","address":"33, Bucz","city":"Bucz","office":"Starosta Powiatu Wolsztyn","case_kind":"budowa nowego/nowych obiektów budowlanych","parcel_ids":["302901_2.0006.111/2","302901_2.0006.128/5","302901_2.0006.160","302901_2.0006.178/1","302901_2.0006.223/24","302901_2.0006.256","302901_2.0006.79/10","302901_2.0006.79/11","302901_2.0006.79/9","302901_2.0006.81/1","302901_2.0006.81/3","302901_2.0006.91/3","302901_2.0006.950","302901_2.0006.96/1","302901_2.0006.96/4"],"location_quality":"dokładny","gunb_url":"https://wyszukiwarka.gunb.gov.pl/","parcel_count":15,"parcel_shard":"x065-y208","parcel_id":"302901_2.0006.96/4","location_source":"powiat wolsztyński (wfs)"}},{"type":"Feature","id":"ST-WK-WO/WNIOSEK/10211/2026::302901_2.0006.614/9","geometry":{"type":"Polygon","coordinates":[[[16.3966059855857,52.0114214680552],[16.3968705754914,52.0114701952015],[16.3969508556722,52.0112977390578],[16.3973050990374,52.0111663473511],[16.3970441675436,52.0111181171142],[16.3966849170282,52.0112477696723],[16.3966059855857,52.0114214680552]]]},"properties":{"case_id":"ST-WK-WO/WNIOSEK/10211/2026","source_type":"wniosek_decyzja","received_date":"2026-05-28","decision_date":"2026-06-19","status":"decyzja wydana","description":"Rozbudowa i przebudowa budynku mieszkalnego jednorodzinnego","address":"Bucz","city":"Bucz","office":"Starosta Powiatu Wolsztyn","case_kind":"Budynek mieszkalny jednorodzinny","parcel_ids":["302901_2.0006.614/9"],"location_quality":"dokładny","gunb_url":"https://wyszukiwarka.gunb.gov.pl/","parcel_count":1,"parcel_shard":"x065-y208","parcel_id":"302901_2.0006.614/9","location_source":"powiat wolsztyński (wfs)"}},{"type":"Feature","id":"ST-WK-WO/WNIOSEK/9746/2026::302901_2.0006.94/21","geometry":{"type":"Polygon","coordinates":[[[16.3753545949694,52.0028341394372],[16.3756405141449,52.0027449584461],[16.3753215646221,52.0023552489993],[16.3750382295973,52.0024479046437],[16.3753545949694,52.0028341394372]]]},"properties":{"case_id":"ST-WK-WO/WNIOSEK/9746/2026","source_type":"wniosek_decyzja","received_date":"2026-05-22","decision_date":"2026-05-26","status":"decyzja wydana","description":"Budynek gospodarczy","address":"Bucz","city":"Bucz","office":"Starosta Powiatu Wolsztyn","case_kind":"Obiekt budowlany inny niż budynek mieszkalny jednorodzinny","parcel_ids":["302901_2.0006.94/21"],"location_quality":"dokładny","gunb_url":"https://wyszukiwarka.gunb.gov.pl/","parcel_count":1,"parcel_shard":"x065-y208","parcel_id":"302901_2.0006.94/21","location_source":"powiat wolsztyński (wfs)"}},{"type":"Feature","id":"ST-WK-WO/ZGŁOSZENIE/897/2026::302901_2.0010.140/7","geometry":{"type":"Polygon","coordinates":[[[16.3649541097525,52.0409454466039],[16.3642760396061,52.0411520454011],[16.3653825553727,52.042177694631],[16.3686632658398,52.0410170640307],[16.3676152238308,52.0400457999109],[16.366606245072,52.0403878313388],[16.3656605264847,52.0407066469808],[16.3649541097525,52.0409454466039]]]},"properties":{"case_id":"ST-WK-WO/ZGŁOSZENIE/897/2026","source_type":"zgloszenie","received_date":"2026-03-25","decision_date":null,"status":"Brak sprzeciwu","description":"Linia kablowa nN-0,4kV, szafa kablowa oraz złącze kablowo-pomiarowe","address":"Kluczewo","city":"Kluczewo","office":"Starosta Powiatu Wolsztyn","case_kind":"budowa nowego/nowych obiektów budowlanych","parcel_ids":["302901_2.0010.140/7","302901_2.0010.206"],"location_quality":"dokładny","gunb_url":"https://wyszukiwarka.gunb.gov.pl/","parcel_count":2,"parcel_shard":"x065-y208","parcel_id":"302901_2.0010.140/7","location_source":"powiat wolsztyński (wfs)"}},{"type":"Feature","id":"ST-WK-WO/ZGŁOSZENIE/897/2026::302901_2.0010.206","geometry":{"type":"Polygon","coordinates":[[[16.3766175377997,52.0483900056773],[16.3768160740218,52.0485741995782],[16.3770446234286,52.0487861767335],[16.3772274023571,52.0489556330082],[16.3774915230377,52.0492006311468],[16.3773442743321,52.050046084689],[16.3775292927692,52.0500779272332],[16.3776773332946,52.0491893405091],[16.3762233519124,52.0478427423156],[16.3761631751295,52.047787007704],[16.3744383060215,52.046189393183],[16.3726921581976,52.0445719229911],[16.3726776212374,52.044558459856],[16.3716493349728,52.0436066948375],[16.3715993291913,52.0435393101841],[16.371279315781,52.0432424559424],[16.3709438496982,52.0429311292037],[16.3706082370876,52.0426196234475],[16.3702723322425,52.0423079403671],[16.3699361351729,52.04199607996],[16.3697657098064,52.041837884354],[16.3695999373128,52.0416840388358],[16.3692634472444,52.0413718203812],[16.3689269591431,52.0410595110621],[16.3685903245573,52.0407470227165],[16.368253546238,52.0404344451975],[16.3679913288789,52.0401911122015],[16.3679166241903,52.0401217785038],[16.3675795529341,52.0398088429255],[16.3672421922572,52.0394958198606],[16.3669046823894,52.0391825279075],[16.3665670288209,52.0388691467736],[16.3662290803751,52.0385554984383],[16.3661283437194,52.0384836147173],[16.3651476376172,52.0375706775311],[16.3650891632088,52.0374957337257],[16.3650390506071,52.0374355892929],[16.3650107445367,52.0373936909665],[16.3648146748942,52.0370882148132],[16.364782511179,52.0370254057361],[16.3647687309149,52.0369676097413],[16.3647889680611,52.0369414784456],[16.3648426740358,52.0369089825454],[16.3649147558482,52.0368815808542],[16.3654195008111,52.0367146984927],[16.3660683759582,52.0364594806691],[16.3661349007026,52.0364240446319],[16.3665778787274,52.0361880525743],[16.3671465412624,52.0359730269029],[16.3677142122026,52.035823993087],[16.3681655561215,52.035700143464],[16.3682427794991,52.0356789497912],[16.36847377314,52.035615566497],[16.368732747587,52.0355125487883],[16.3692994279156,52.0352949995569],[16.3698605711025,52.0350721618853],[16.3703562365683,52.03488996383],[16.370904049793,52.0346466463021],[16.3713861747099,52.0343970717232],[16.3718860984578,52.0341338756943],[16.3723771429013,52.0338775536731],[16.3728791577319,52.0336267252389],[16.3729429317765,52.0335767972568],[16.3732652761207,52.0334044051998],[16.3737913530886,52.0331267370497],[16.3742307214639,52.0328917951343],[16.3742630136984,52.0328736303987],[16.3744261165814,52.0327818758775],[16.3746556644672,52.0326527422007],[16.3749304629036,52.032508692199],[16.3751419041674,52.0323978602465],[16.3753932499987,52.0322673101973],[16.3756565189517,52.0321331746837],[16.3757382834813,52.0320857866318],[16.3764688471229,52.0316623688493],[16.3766858090267,52.031536620348],[16.3766106936468,52.0314254098359],[16.3762586940201,52.0317164646793],[16.3754847588261,52.0321033535784],[16.3750167950119,52.0323480003289],[16.3747578377804,52.0324899439176],[16.3742539092622,52.0327453611211],[16.3737325839682,52.0330234364232],[16.373474094488,52.0331650279764],[16.3730278738712,52.0333993204724],[16.3726205519341,52.0336133049262],[16.3724596223035,52.0336936505104],[16.3723003112577,52.0337778071702],[16.3717926184909,52.0340428913013],[16.3709883620612,52.034462813369],[16.3708478595793,52.0345247856893],[16.3708004538393,52.0345456983016],[16.3707232741064,52.0345810843209],[16.3705829291868,52.0346454251202],[16.3703408490559,52.0347564060955],[16.3700958354483,52.0348687266736],[16.3700665964004,52.0348821318212],[16.3689009760515,52.0353199680742],[16.3684664545012,52.0354968438441],[16.3676498596402,52.0357462241395],[16.3674150034732,52.0358108848126],[16.3671122835016,52.0358942300807],[16.3664823237014,52.0360980622643],[16.3660928320898,52.0362919939862],[16.3657862456767,52.0364375823722],[16.3657279358741,52.0364652671522],[16.3653442403144,52.0365809295983],[16.3647918688886,52.0367631747413],[16.3646401191556,52.036712008225],[16.3645169567542,52.0368037713285],[16.364596677067,52.0369055008731],[16.3648912343202,52.0374557874818],[16.3650329334024,52.03762473607],[16.3654289159619,52.0380131555247],[16.3657105690756,52.0382700471012],[16.3658571442771,52.0384124743847],[16.3660037214973,52.0385549025421],[16.3661493280897,52.038696386427],[16.3669039717134,52.0393909116788],[16.366933227637,52.0394185835675],[16.3670108518864,52.0394857863996],[16.3670429113567,52.0395154989202],[16.3672886103826,52.0397431612124],[16.3676152238308,52.0400457999109],[16.3686632658398,52.0410170640307],[16.3687036816104,52.0410545621778],[16.3688652704192,52.0412195903489],[16.3690329399383,52.0413778539398],[16.3692065758402,52.0415338142325],[16.3693837335797,52.0416929334546],[16.3695184611905,52.0418177477433],[16.369634865981,52.0419254264884],[16.3698571778463,52.0421311081019],[16.3699177824673,52.0421872114875],[16.370051894514,52.0423114027554],[16.3701480506267,52.0424003504803],[16.3704192802864,52.04265157374],[16.3706660272882,52.042888609534],[16.371467752667,52.0436220090034],[16.3718674087019,52.0439918218248],[16.3722600270829,52.0443553333508],[16.3724212510894,52.0445045174568],[16.3725596284959,52.044632557898],[16.3725857356045,52.0446567926731],[16.3726226402917,52.0446908790109],[16.3729306490057,52.0449759146535],[16.3732328131804,52.0452556244472],[16.3735162283843,52.0455180242445],[16.3736665616283,52.0456571231896],[16.3738168958104,52.045796221933],[16.3741187686286,52.0460755733203],[16.3742920633712,52.046235976348],[16.374465656329,52.0463965554157],[16.3746337042068,52.0465521653005],[16.374801896228,52.0467076833791],[16.3750472483497,52.0469348208749],[16.3753090752644,52.0471771181091],[16.3754455697002,52.0473034295215],[16.3756285596286,52.0474727723988],[16.3758727185938,52.0476992786301],[16.3761345588437,52.0479420987296],[16.3762560413318,52.0480548187424],[16.3766175377997,52.0483900056773]]]},"properties":{"case_id":"ST-WK-WO/ZGŁOSZENIE/897/2026","source_type":"zgloszenie","received_date":"2026-03-25","decision_date":null,"status":"Brak sprzeciwu","description":"Linia kablowa nN-0,4kV, szafa kablowa oraz złącze kablowo-pomiarowe","address":"Kluczewo","city":"Kluczewo","office":"Starosta Powiatu Wolsztyn","case_kind":"budowa nowego/nowych obiektów budowlanych","parcel_ids":["302901_2.0010.140/7","302901_2.0010.206"],"location_quality":"dokładny","gunb_url":"https://wyszukiwarka.gunb.gov.pl/","parcel_count":2,"parcel_shard":"x065-y208","parcel_id":"302901_2.0010.206","location_source":"powiat wolsztyński (wfs)"}},{"type":"Feature","id":"ST-WK-WO/WNIOSEK/267/2026::302901_2.0014.103/3","geometry":{"type":"Polygon","coordinates":[[[16.2615161684093,52.001615815508],[16.2615721749827,52.0016032608193],[16.2615870720187,52.001599595709],[16.2616936986676,52.0015900941769],[16.2616846930211,52.0015805728689],[16.2616511195952,52.0015518994014],[16.2616287596962,52.001554296173],[16.2616017721955,52.0015215971713],[16.2615413308982,52.0015444039895],[16.2614781961632,52.0015682751442],[16.2614935991208,52.0015848668754],[16.2615161684093,52.001615815508]]]},"properties":{"case_id":"ST-WK-WO/WNIOSEK/267/2026","source_type":"wniosek_decyzja","received_date":"2025-12-31","decision_date":"2026-01-08","status":"decyzja wydana","description":"Budowa ulicy Krótkiej (drogi wewnętrznej) wraz z odowdnieniem powierzchniowym","address":"Perkowo","city":"Perkowo","office":"Starosta Powiatu Wolsztyn","case_kind":"Obiekt budowlany inny niż budynek mieszkalny jednorodzinny","parcel_ids":["302901_2.0014.103/3","302901_2.0014.99/3"],"location_quality":"dokładny","gunb_url":"https://wyszukiwarka.gunb.gov.pl/","parcel_count":2,"parcel_shard":"x065-y208","parcel_id":"302901_2.0014.103/3","location_source":"powiat wolsztyński (wfs)"}},{"type":"Feature","id":"ST-WK-WO/WNIOSEK/267/2026::302901_2.0014.99/3","geometry":{"type":"Polygon","coordinates":[[[16.2612192585118,52.0012970707499],[16.2614248112448,52.0015123615517],[16.2614781961632,52.0015682751442],[16.2615413308982,52.0015444039895],[16.2614794141045,52.0014988833439],[16.261332523376,52.0013493323744],[16.2612820366776,52.0012802999064],[16.2612192585118,52.0012970707499]]]},"properties":{"case_id":"ST-WK-WO/WNIOSEK/267/2026","source_type":"wniosek_decyzja","received_date":"2025-12-31","decision_date":"2026-01-08","status":"decyzja wydana","description":"Budowa ulicy Krótkiej (drogi wewnętrznej) wraz z odowdnieniem powierzchniowym","address":"Perkowo","city":"Perkowo","office":"Starosta Powiatu Wolsztyn","case_kind":"Obiekt budowlany inny niż budynek mieszkalny jednorodzinny","parcel_ids":["302901_2.0014.103/3","302901_2.0014.99/3"],"location_quality":"dokładny","gunb_url":"https://wyszukiwarka.gunb.gov.pl/","parcel_count":2,"parcel_shard":"x065-y208","parcel_id":"302901_2.0014.99/3","location_source":"powiat wolsztyński (wfs)"}},{"type":"Feature","id":"ST-WK-WO/WNIOSEK/270/2026::302901_2.0014.104/1","geometry":{"type":"Polygon","coordinates":[[[16.2604990513752,52.0020037758788],[16.2605546884281,52.0019987760362],[16.2609046788621,52.0020310739455],[16.2608831792259,52.0019708109898],[16.2607225395104,52.0019757664571],[16.2604743189901,52.0019580190543],[16.2604990513752,52.0020037758788]]]},"properties":{"case_id":"ST-WK-WO/WNIOSEK/270/2026","source_type":"wniosek_decyzja","received_date":"2025-12-31","decision_date":"2026-01-08","status":"decyzja wydana","description":"Budowa ulicy Krętej (drogi wewnętrznej) wraz z odwodnieniem powierzchniowym","address":"Perkowo","city":"Perkowo","office":"Starosta Powiatu Wolsztyn","case_kind":"Obiekt budowlany inny niż budynek mieszkalny jednorodzinny","parcel_ids":["302901_2.0014.104/1","302901_2.0014.93/4"],"location_quality":"dokładny","gunb_url":"https://wyszukiwarka.gunb.gov.pl/","parcel_count":2,"parcel_shard":"x065-y208","parcel_id":"302901_2.0014.104/1","location_source":"powiat wolsztyński (wfs)"}},{"type":"Feature","id":"ST-WK-WO/WNIOSEK/270/2026::302901_2.0014.93/4","geometry":{"type":"Polygon","coordinates":[[[16.2593906786151,52.0022254865611],[16.2596588384913,52.0020911887103],[16.2599825332215,52.0019348800904],[16.2602176411083,52.0018361840281],[16.2603083484207,52.0019028075492],[16.2604167421041,52.0019820953983],[16.2604957886485,52.0020068669122],[16.2604990513752,52.0020037758788],[16.2604743189901,52.0019580190543],[16.2604496925605,52.0019471367646],[16.2604107505098,52.0019191496002],[16.2603561901809,52.0018743411438],[16.2603043860541,52.0018291436268],[16.2602524523855,52.0017897001618],[16.260904343201,52.001453994627],[16.2612192585118,52.0012970707499],[16.2612820366776,52.0012802999064],[16.2612754198886,52.0012712877431],[16.2616043413493,52.0011204264389],[16.2617200298379,52.0010669840086],[16.2619504218271,52.0009562300741],[16.2621017997876,52.0008858319947],[16.2622487868842,52.0008177556402],[16.2622921814159,52.0007864444322],[16.2624587506031,52.0007109748541],[16.2625685770448,52.0006612866775],[16.2627376215486,52.000587376721],[16.2627481076201,52.0005822306933],[16.2634965582542,52.0002147780742],[16.2638648667345,52.0000227867968],[16.2640741899518,51.9998374141044],[16.2641559921759,51.9997739755982],[16.264490351875,51.9994652990582],[16.264814690513,51.9991752833839],[16.2660639250622,51.9990637968481],[16.2663093677931,51.9990323417741],[16.2660197380408,51.998991604444],[16.2650570207297,51.9990666060455],[16.2649001507781,51.9990552698002],[16.2648246700628,51.9990550092789],[16.2643815851037,51.9993171900675],[16.2643164705652,51.9993823451348],[16.2639457884854,51.9998041815589],[16.263778138956,51.9999514203277],[16.2635800241316,52.0000965120112],[16.26339816257,52.0001776945958],[16.263171468958,52.0002828655471],[16.2629968332711,52.0003646468378],[16.2627415584461,52.0004840557319],[16.2624420135155,52.0006242527771],[16.2623113315654,52.0007063886197],[16.2621443583848,52.0007841695689],[16.2619180657869,52.0008858915355],[16.261468222711,52.0011173730946],[16.2611783540649,52.0012601598137],[16.2611666810299,52.001269589188],[16.2609136128048,52.0013869759483],[16.2603740891736,52.0016650158731],[16.2601642407139,52.0017739507541],[16.2597746185564,52.0019764585511],[16.2595771234764,52.0020791478273],[16.2595011682311,52.0021190636339],[16.2594246277936,52.0021592470179],[16.2593649364621,52.0021727017042],[16.2593906786151,52.0022254865611]]]},"properties":{"case_id":"ST-WK-WO/WNIOSEK/270/2026","source_type":"wniosek_decyzja","received_date":"2025-12-31","decision_date":"2026-01-08","status":"decyzja wydana","description":"Budowa ulicy Krętej (drogi wewnętrznej) wraz z odwodnieniem powierzchniowym","address":"Perkowo","city":"Perkowo","office":"Starosta Powiatu Wolsztyn","case_kind":"Obiekt budowlany inny niż budynek mieszkalny jednorodzinny","parcel_ids":["302901_2.0014.104/1","302901_2.0014.93/4"],"location_quality":"dokładny","gunb_url":"https://wyszukiwarka.gunb.gov.pl/","parcel_count":2,"parcel_shard":"x065-y208","parcel_id":"302901_2.0014.93/4","location_source":"powiat wolsztyński (wfs)"}},{"type":"Feature","id":"ST-WK-WO/WNIOSEK/2962/2026::302901_2.0015.122/5","geometry":{"type":"Polygon","coordinates":[[[16.4371908714897,52.0208075346696],[16.4368707826709,52.0209202047043],[16.4375940976236,52.0216977988745],[16.437910950942,52.0215870454086],[16.4371908714897,52.0208075346696]]]},"properties":{"case_id":"ST-WK-WO/WNIOSEK/2962/2026","source_type":"wniosek_decyzja","received_date":"2026-02-18","decision_date":"2026-05-06","status":"decyzja wydana","description":"Rozbudowa z przebudową budynku gospodarczego","address":"Popowo Stare","city":"Popowo Stare","office":"Starosta Powiatu Wolsztyn","case_kind":"Obiekt budowlany inny niż budynek mieszkalny jednorodzinny","parcel_ids":["302901_2.0015.122/5"],"location_quality":"dokładny","gunb_url":"https://wyszukiwarka.gunb.gov.pl/","parcel_count":1,"parcel_shard":"x065-y208","parcel_id":"302901_2.0015.122/5","location_source":"powiat wolsztyński (wfs)"}},{"type":"Feature","id":"ST-WK-WO/WNIOSEK/10882/2026::302901_2.0015.2/14","geometry":{"type":"Polygon","coordinates":[[[16.4513484126439,52.013377176161],[16.4515681427065,52.0133068732385],[16.4514797409442,52.0132895357393],[16.4513423240975,52.0131260161639],[16.4512786947387,52.0130503959604],[16.4513034923424,52.013001910824],[16.45122334591,52.0129065391205],[16.4511202760728,52.0129400785175],[16.4510172060801,52.0129736178253],[16.451096743579,52.0130681881827],[16.4511751732366,52.0130834915318],[16.45123880247,52.0131591117918],[16.4513763646602,52.0133226296949],[16.4513484126439,52.013377176161]]]},"properties":{"case_id":"ST-WK-WO/WNIOSEK/10882/2026","source_type":"wniosek_decyzja","received_date":"2026-06-09","decision_date":"2026-06-19","status":"decyzja wydana","description":"Rozbudowa sieci wodociągowej","address":"Popowo Stare","city":"Popowo Stare","office":"Starosta Powiatu Wolsztyn","case_kind":"Obiekt budowlany inny niż budynek mieszkalny jednorodzinny","parcel_ids":["302901_2.0015.2/14","302901_2.0015.2/16","302901_2.0015.2/17"],"location_quality":"dokładny","gunb_url":"https://wyszukiwarka.gunb.gov.pl/","parcel_count":3,"parcel_shard":"x065-y208","parcel_id":"302901_2.0015.2/14","location_source":"powiat wolsztyński (wfs)"}},{"type":"Feature","id":"ST-WK-WO/WNIOSEK/10882/2026::302901_2.0015.2/16","geometry":{"type":"Polygon","coordinates":[[[16.4510897170932,52.0135713739757],[16.4519957377899,52.0132812884003],[16.4519725831596,52.0132545177509],[16.4510661143719,52.0135442491222],[16.4510897170932,52.0135713739757]]]},"properties":{"case_id":"ST-WK-WO/WNIOSEK/10882/2026","source_type":"wniosek_decyzja","received_date":"2026-06-09","decision_date":"2026-06-19","status":"decyzja wydana","description":"Rozbudowa sieci wodociągowej","address":"Popowo Stare","city":"Popowo Stare","office":"Starosta Powiatu Wolsztyn","case_kind":"Obiekt budowlany inny niż budynek mieszkalny jednorodzinny","parcel_ids":["302901_2.0015.2/14","302901_2.0015.2/16","302901_2.0015.2/17"],"location_quality":"dokładny","gunb_url":"https://wyszukiwarka.gunb.gov.pl/","parcel_count":3,"parcel_shard":"x065-y208","parcel_id":"302901_2.0015.2/16","location_source":"powiat wolsztyński (wfs)"}},{"type":"Feature","id":"ST-WK-WO/WNIOSEK/10882/2026::302901_2.0015.2/17","geometry":{"type":"Polygon","coordinates":[[[16.4510661143719,52.0135442491222],[16.4519725831596,52.0132545177509],[16.4519200798135,52.0131941314679],[16.4515681427065,52.0133068732385],[16.4513484126439,52.013377176161],[16.451014348689,52.0134841230168],[16.4510661143719,52.0135442491222]]]},"properties":{"case_id":"ST-WK-WO/WNIOSEK/10882/2026","source_type":"wniosek_decyzja","received_date":"2026-06-09","decision_date":"2026-06-19","status":"decyzja wydana","description":"Rozbudowa sieci wodociągowej","address":"Popowo Stare","city":"Popowo Stare","office":"Starosta Powiatu Wolsztyn","case_kind":"Obiekt budowlany inny niż budynek mieszkalny jednorodzinny","parcel_ids":["302901_2.0015.2/14","302901_2.0015.2/16","302901_2.0015.2/17"],"location_quality":"dokładny","gunb_url":"https://wyszukiwarka.gunb.gov.pl/","parcel_count":3,"parcel_shard":"x065-y208","parcel_id":"302901_2.0015.2/17","location_source":"powiat wolsztyński (wfs)"}},{"type":"Feature","id":"ST-WK-WO/WNIOSEK/24047/2025::302901_2.0016.110/8","geometry":{"type":"Polygon","coordinates":[[[16.4370124207174,52.0090977790287],[16.4368944022654,52.0091830836322],[16.437018622213,52.0094746360544],[16.4371110319111,52.0096615170942],[16.4371359248255,52.0096519549832],[16.4375022694314,52.0104793906863],[16.437510331779,52.0104991573634],[16.4375535417572,52.0104748098857],[16.4372441235148,52.0097920273511],[16.4370607022273,52.0094272558566],[16.4370124207174,52.0090977790287]]]},"properties":{"case_id":"ST-WK-WO/WNIOSEK/24047/2025","source_type":"wniosek_decyzja","received_date":"2025-11-26","decision_date":"2025-12-09","status":"decyzja wydana","description":"Budowa drogi gminnej wraz z ciągiem pieszo-rowerowym, zjazdami do posesji i na pola oraz odwodnieniem powierzchniowym","address":"Poświętno","city":"Poświętno","office":"Starosta Powiatu Wolsztyn","case_kind":"Obiekt budowlany inny niż budynek mieszkalny jednorodzinny","parcel_ids":["302901_2.0016.110/8","302901_2.0016.190/1","302901_2.0016.190/2"],"location_quality":"dokładny","gunb_url":"https://wyszukiwarka.gunb.gov.pl/","parcel_count":3,"parcel_shard":"x065-y208","parcel_id":"302901_2.0016.110/8","location_source":"powiat wolsztyński (wfs)"}},{"type":"Feature","id":"ST-WK-WO/WNIOSEK/24047/2025::302901_2.0016.190/1","geometry":{"type":"Polygon","coordinates":[[[16.4310824442806,52.0107439023192],[16.4313263647023,52.0107555001702],[16.431430804878,52.0107509051428],[16.4317879043757,52.0107350592573],[16.4323604945469,52.0106661652522],[16.4329988789244,52.0105730973417],[16.433312343035,52.0105273958289],[16.4335223462466,52.0104850201177],[16.4347364117463,52.0102333851183],[16.4361894754904,52.0095262414653],[16.4368944022654,52.0091830836322],[16.4368447060943,52.0090731285998],[16.4365600018386,52.0092068479624],[16.436119272523,52.0094126710356],[16.4349206219748,52.0099767603483],[16.4346447373149,52.0100860081317],[16.4341961486607,52.0101969088692],[16.4338203466324,52.0102928095724],[16.4332030427953,52.0104117826293],[16.4326916638979,52.0104998012848],[16.4321412222584,52.0105825398982],[16.4317616444344,52.0106242779437],[16.4314358504194,52.0106534061519],[16.4313574174639,52.0106604716428],[16.4311105800117,52.0106597144732],[16.4306506285705,52.0106276206353],[16.4310824442806,52.0107439023192]]]},"properties":{"case_id":"ST-WK-WO/WNIOSEK/24047/2025","source_type":"wniosek_decyzja","received_date":"2025-11-26","decision_date":"2025-12-09","status":"decyzja wydana","description":"Budowa drogi gminnej wraz z ciągiem pieszo-rowerowym, zjazdami do posesji i na pola oraz odwodnieniem powierzchniowym","address":"Poświętno","city":"Poświętno","office":"Starosta Powiatu Wolsztyn","case_kind":"Obiekt budowlany inny niż budynek mieszkalny jednorodzinny","parcel_ids":["302901_2.0016.110/8","302901_2.0016.190/1","302901_2.0016.190/2"],"location_quality":"dokładny","gunb_url":"https://wyszukiwarka.gunb.gov.pl/","parcel_count":3,"parcel_shard":"x065-y208","parcel_id":"302901_2.0016.190/1","location_source":"powiat wolsztyński (wfs)"}},{"type":"Feature","id":"ST-WK-WO/WNIOSEK/24047/2025::302901_2.0016.190/2","geometry":{"type":"Polygon","coordinates":[[[16.4368944022654,52.0091830836322],[16.4370124207174,52.0090977790287],[16.4371234911421,52.0089638402006],[16.4369914969103,52.0088265748727],[16.4368968932923,52.0087288530742],[16.436528494877,52.0084049887286],[16.436510336341,52.0083883113966],[16.4364247370575,52.0083397376056],[16.4361346599082,52.0080962647862],[16.4360894567828,52.0080537599595],[16.4359783052791,52.0079485987761],[16.4359132219592,52.0078856621921],[16.4358707597324,52.0078423148818],[16.4357791818957,52.0077479710192],[16.4356671978201,52.0076531567254],[16.4356199446644,52.0076057329099],[16.4353612983979,52.007351924474],[16.4352957964214,52.007289505109],[16.4352383856128,52.0072250364605],[16.4352162240602,52.0072015762793],[16.4351931600319,52.0071635653583],[16.4351818338031,52.0070553892469],[16.4352277578221,52.0068564485042],[16.4351771762443,52.0067140542524],[16.4351265869228,52.0065349860749],[16.4351131717355,52.006493531739],[16.435075866067,52.0063791103853],[16.434993059026,52.0061490191839],[16.4349318056392,52.005982575168],[16.4348536724795,52.0057619549673],[16.4346730902097,52.0052571007506],[16.4345975965228,52.005046066152],[16.4344702872238,52.0046903148825],[16.4344144696305,52.0045206583181],[16.4343688327913,52.0043824281707],[16.4342351217268,52.0044003260936],[16.434326710196,52.0046547602543],[16.4344193791829,52.0049110688113],[16.434512177606,52.0051668363898],[16.434601754985,52.0054129352994],[16.4346065450785,52.0054260903811],[16.4346113351749,52.0054392454625],[16.4346400442056,52.0055171875711],[16.4346689276647,52.00559602642],[16.4347064030414,52.0056975919643],[16.4347451324082,52.005801928725],[16.4347894605877,52.0059219275372],[16.4348366711963,52.0060500709568],[16.4348831177396,52.0061816393799],[16.4349416222087,52.0063486562304],[16.4349475638716,52.0063659320808],[16.4349505237034,52.0063765027157],[16.4349963645718,52.006502775122],[16.435028852926,52.0065986485321],[16.4350820643645,52.0067595275765],[16.4351037812502,52.0068783635657],[16.4351058124426,52.0070146977612],[16.4350995974826,52.0072483904195],[16.4352117628617,52.0073853601533],[16.4353417767475,52.0075065617802],[16.4355555060578,52.007709034911],[16.43557439737,52.0077253886546],[16.4357074449049,52.00784574392],[16.4360014465811,52.0081254843774],[16.4360434971929,52.0081650613952],[16.4363173909363,52.0083898554696],[16.4363295067495,52.0083997750909],[16.4364004142606,52.0084580561694],[16.4365037102084,52.0085361668208],[16.4365340152021,52.0085591678911],[16.4366173148174,52.0086223313844],[16.4367151448928,52.0087025759262],[16.436822975908,52.008804001661],[16.4368123165647,52.008807727182],[16.4368290334455,52.0088566915698],[16.4369036849262,52.0090454429312],[16.4368447060943,52.0090731285998],[16.4368944022654,52.0091830836322]]]},"properties":{"case_id":"ST-WK-WO/WNIOSEK/24047/2025","source_type":"wniosek_decyzja","received_date":"2025-11-26","decision_date":"2025-12-09","status":"decyzja wydana","description":"Budowa drogi gminnej wraz z ciągiem pieszo-rowerowym, zjazdami do posesji i na pola oraz odwodnieniem powierzchniowym","address":"Poświętno","city":"Poświętno","office":"Starosta Powiatu Wolsztyn","case_kind":"Obiekt budowlany inny niż budynek mieszkalny jednorodzinny","parcel_ids":["302901_2.0016.110/8","302901_2.0016.190/1","302901_2.0016.190/2"],"location_quality":"dokładny","gunb_url":"https://wyszukiwarka.gunb.gov.pl/","parcel_count":3,"parcel_shard":"x065-y208","parcel_id":"302901_2.0016.190/2","location_source":"powiat wolsztyński (wfs)"}},{"type":"Feature","id":"ST-WK-WO/WNIOSEK/19096/2025::302901_2.0016.183/2","geometry":{"type":"Polygon","coordinates":[[[16.4317285283681,52.0062966124241],[16.4337052210577,52.0059026813777],[16.4336524356766,52.005805077151],[16.4316955401269,52.0062076655255],[16.4317285283681,52.0062966124241]]]},"properties":{"case_id":"ST-WK-WO/WNIOSEK/19096/2025","source_type":"wniosek_decyzja","received_date":"2025-09-18","decision_date":"2025-10-08","status":"decyzja wydana","description":"Rozbudowa zakładu przetwórstwa produktów pochodzenia zwierzęcego oraz przebudowa zewnętrznej instalacji zbiornikowej na gaz płynny","address":"Poświętno","city":"Poświętno","office":"Starosta Powiatu Wolsztyn","case_kind":"Obiekt budowlany inny niż budynek mieszkalny jednorodzinny","parcel_ids":["302901_2.0016.183/2","302901_2.0016.184/2"],"location_quality":"dokładny","gunb_url":"https://wyszukiwarka.gunb.gov.pl/","parcel_count":2,"parcel_shard":"x065-y208","parcel_id":"302901_2.0016.183/2","location_source":"powiat wolsztyński (wfs)"}},{"type":"Feature","id":"ST-WK-WO/WNIOSEK/19096/2025::302901_2.0016.184/2","geometry":{"type":"Polygon","coordinates":[[[16.4316955401269,52.0062076655255],[16.4336524356766,52.005805077151],[16.4336112532657,52.0057287248343],[16.4346400442056,52.0055171875711],[16.4346113351749,52.0054392454625],[16.4316373719369,52.0060508002849],[16.4316955401269,52.0062076655255]]]},"properties":{"case_id":"ST-WK-WO/WNIOSEK/19096/2025","source_type":"wniosek_decyzja","received_date":"2025-09-18","decision_date":"2025-10-08","status":"decyzja wydana","description":"Rozbudowa zakładu przetwórstwa produktów pochodzenia zwierzęcego oraz przebudowa zewnętrznej instalacji zbiornikowej na gaz płynny","address":"Poświętno","city":"Poświętno","office":"Starosta Powiatu Wolsztyn","case_kind":"Obiekt budowlany inny niż budynek mieszkalny jednorodzinny","parcel_ids":["302901_2.0016.183/2","302901_2.0016.184/2"],"location_quality":"dokładny","gunb_url":"https://wyszukiwarka.gunb.gov.pl/","parcel_count":2,"parcel_shard":"x065-y208","parcel_id":"302901_2.0016.184/2","location_source":"powiat wolsztyński (wfs)"}},{"type":"Feature","id":"ST-WK-WO/WNIOSEK/10019/2026::302901_2.0018.2774/29","geometry":{"type":"Polygon","coordinates":[[[16.2893807147107,52.0097801579095],[16.289616567189,52.0096748363335],[16.2892555607358,52.0093786592916],[16.2890228468459,52.009486732268],[16.2893807147107,52.0097801579095]]]},"properties":{"case_id":"ST-WK-WO/WNIOSEK/10019/2026","source_type":"wniosek_decyzja","received_date":"2026-05-26","decision_date":"2026-06-10","status":"decyzja wydana","description":"Budynek mieszkalny jednorodzinny","address":"Przemęt","city":"Przemęt","office":"Starosta Powiatu Wolsztyn","case_kind":"Budynek mieszkalny jednorodzinny","parcel_ids":["302901_2.0018.2774/29"],"location_quality":"dokładny","gunb_url":"https://wyszukiwarka.gunb.gov.pl/","parcel_count":1,"parcel_shard":"x065-y208","parcel_id":"302901_2.0018.2774/29","location_source":"powiat wolsztyński (wfs)"}},{"type":"Feature","id":"ST-WK-WO/WNIOSEK/8926/2026::302901_2.0018.280/1","geometry":{"type":"Polygon","coordinates":[[[16.3163226732954,52.0254427630144],[16.3168967633397,52.0253780109004],[16.3168343952741,52.0251744873156],[16.3161240912371,52.0252548731035],[16.3163226732954,52.0254427630144]]]},"properties":{"case_id":"ST-WK-WO/WNIOSEK/8926/2026","source_type":"wniosek_decyzja","received_date":"2026-05-12","decision_date":"2026-05-18","status":"decyzja wydana","description":"Garaż trzystanowiskowy z pomieszczeniami gospodarczymi","address":"Mochy","city":"Mochy","office":"Starosta Powiatu Wolsztyn","case_kind":"Obiekt budowlany inny niż budynek mieszkalny jednorodzinny","parcel_ids":["302901_2.0018.280/1","302901_2.0018.280/4"],"location_quality":"dokładny","gunb_url":"https://wyszukiwarka.gunb.gov.pl/","parcel_count":2,"parcel_shard":"x065-y208","parcel_id":"302901_2.0018.280/1","location_source":"powiat wolsztyński (wfs)"}},{"type":"Feature","id":"ST-WK-WO/WNIOSEK/8926/2026::302901_2.0018.280/4","geometry":{"type":"Polygon","coordinates":[[[16.3161240912371,52.0252548731035],[16.3168343952741,52.0251744873156],[16.3168014492579,52.0250697789698],[16.3160858523076,52.0251534595911],[16.3160499179445,52.0251851413285],[16.3161240912371,52.0252548731035]]]},"properties":{"case_id":"ST-WK-WO/WNIOSEK/8926/2026","source_type":"wniosek_decyzja","received_date":"2026-05-12","decision_date":"2026-05-18","status":"decyzja wydana","description":"Garaż trzystanowiskowy z pomieszczeniami gospodarczymi","address":"Mochy","city":"Mochy","office":"Starosta Powiatu Wolsztyn","case_kind":"Obiekt budowlany inny niż budynek mieszkalny jednorodzinny","parcel_ids":["302901_2.0018.280/1","302901_2.0018.280/4"],"location_quality":"dokładny","gunb_url":"https://wyszukiwarka.gunb.gov.pl/","parcel_count":2,"parcel_shard":"x065-y208","parcel_id":"302901_2.0018.280/4","location_source":"powiat wolsztyński (wfs)"}},{"type":"Feature","id":"ST-WK-WO/WNIOSEK/8503/2026::302901_2.0018.280/19","geometry":{"type":"Polygon","coordinates":[[[16.3195860229047,52.0246416840902],[16.3194949952661,52.0243410465183],[16.3189860348473,52.0244002283348],[16.319081759487,52.02471204943],[16.3194105124589,52.0246736718562],[16.3194071283272,52.0246626537894],[16.3195860229047,52.0246416840902]]]},"properties":{"case_id":"ST-WK-WO/WNIOSEK/8503/2026","source_type":"wniosek_decyzja","received_date":"2026-04-30","decision_date":"2026-05-13","status":"decyzja wydana","description":"Budynek mieszkalny jednorodzinny","address":"Przemęt","city":"Przemęt","office":"Starosta Powiatu Wolsztyn","case_kind":"Budynek mieszkalny jednorodzinny","parcel_ids":["302901_2.0018.280/19"],"location_quality":"dokładny","gunb_url":"https://wyszukiwarka.gunb.gov.pl/","parcel_count":1,"parcel_shard":"x065-y208","parcel_id":"302901_2.0018.280/19","location_source":"powiat wolsztyński (wfs)"}},{"type":"Feature","id":"ST-WK-WO/WNIOSEK/4276/2026::302901_2.0018.2863","geometry":{"type":"Polygon","coordinates":[[[16.2908393195038,52.0100500699191],[16.2909964761136,52.0102315184492],[16.2916097247618,52.0107759970398],[16.2919324361929,52.0107179780076],[16.2921101293125,52.0107035382356],[16.292540525957,52.0106757982308],[16.2924727157917,52.0103691367313],[16.2928170681308,52.0103233257316],[16.2935205741146,52.0102458520602],[16.2934834823789,52.0101011885025],[16.2936765272515,52.0100798746614],[16.2936361861331,52.0099405043877],[16.2934501346707,52.0099601137163],[16.2933152697102,52.0094410306498],[16.2932724526022,52.0094227352705],[16.292612546297,52.0094963025988],[16.2921666477877,52.0095669604203],[16.2920245958135,52.009587447678],[16.2921024931121,52.0097901518606],[16.2921274427598,52.0097865523904],[16.2922127240076,52.0101039980102],[16.2923225951827,52.0101222763522],[16.2922709100221,52.0102112212222],[16.2914477000622,52.0103161314691],[16.2908393195038,52.0100500699191]]]},"properties":{"case_id":"ST-WK-WO/WNIOSEK/4276/2026","source_type":"wniosek_decyzja","received_date":"2026-03-09","decision_date":"2026-03-18","status":"decyzja wydana","description":"Remont i wzmocnienie konstrukcji dachowej wraz z wykonaniem obróbek blacharskich na budynku kościoła","address":"Przemęt","city":"Przemęt","office":"Starosta Powiatu Wolsztyn","case_kind":"Obiekt budowlany inny niż budynek mieszkalny jednorodzinny","parcel_ids":["302901_2.0018.2863"],"location_quality":"dokładny","gunb_url":"https://wyszukiwarka.gunb.gov.pl/","parcel_count":1,"parcel_shard":"x065-y208","parcel_id":"302901_2.0018.2863","location_source":"powiat wolsztyński (wfs)"}},{"type":"Feature","id":"ST-WK-WO/WNIOSEK/2731/2026::302901_2.0018.2911","geometry":{"type":"Polygon","coordinates":[[[16.3252891669567,52.0057222503969],[16.3253762150278,52.0057107542163],[16.3250842032787,52.0052869901462],[16.3250289154545,52.0052050965448],[16.3247255058597,52.0047748981047],[16.3246009311233,52.0045956277631],[16.3244765056395,52.0044164454967],[16.3243519329146,52.0042371748673],[16.3243306374442,52.0042064934366],[16.3243977076912,52.0041547737699],[16.3243145062524,52.0040349920351],[16.3241471594053,52.0040792099626],[16.324614722826,52.004752255744],[16.3246451892026,52.0047961303627],[16.3249485611096,52.0052262248917],[16.3250040023728,52.0053083864628],[16.3252891669567,52.0057222503969]]]},"properties":{"case_id":"ST-WK-WO/WNIOSEK/2731/2026","source_type":"wniosek_decyzja","received_date":"2026-02-10","decision_date":"2026-04-08","status":"decyzja wydana","description":"Zmiana sposobu użytkowania budynku handlowego na 12 lokali mieszkalnych","address":"Mochy","city":"Mochy","office":"Starosta Powiatu Wolsztyn","case_kind":"Obiekt budowlany inny niż budynek mieszkalny jednorodzinny","parcel_ids":["302901_2.0018.2911","302901_2.0018.2912","302901_2.0018.2913","302901_2.0018.884/16"],"location_quality":"dokładny","gunb_url":"https://wyszukiwarka.gunb.gov.pl/","parcel_count":4,"parcel_shard":"x065-y208","parcel_id":"302901_2.0018.2911","location_source":"powiat wolsztyński (wfs)"}},{"type":"Feature","id":"ST-WK-WO/WNIOSEK/2731/2026::302901_2.0018.2912","geometry":{"type":"Polygon","coordinates":[[[16.3253762150278,52.0057107542163],[16.3255341955969,52.0056899230325],[16.3256528662926,52.0056756190782],[16.3256234758973,52.0056337335317],[16.3253355070443,52.0052200188779],[16.3250842032787,52.0052869901462],[16.3253762150278,52.0057107542163]]]},"properties":{"case_id":"ST-WK-WO/WNIOSEK/2731/2026","source_type":"wniosek_decyzja","received_date":"2026-02-10","decision_date":"2026-04-08","status":"decyzja wydana","description":"Zmiana sposobu użytkowania budynku handlowego na 12 lokali mieszkalnych","address":"Mochy","city":"Mochy","office":"Starosta Powiatu Wolsztyn","case_kind":"Obiekt budowlany inny niż budynek mieszkalny jednorodzinny","parcel_ids":["302901_2.0018.2911","302901_2.0018.2912","302901_2.0018.2913","302901_2.0018.884/16"],"location_quality":"dokładny","gunb_url":"https://wyszukiwarka.gunb.gov.pl/","parcel_count":4,"parcel_shard":"x065-y208","parcel_id":"302901_2.0018.2912","location_source":"powiat wolsztyński (wfs)"}},{"type":"Feature","id":"ST-WK-WO/WNIOSEK/2731/2026::302901_2.0018.2913","geometry":{"type":"Polygon","coordinates":[[[16.3250842032787,52.0052869901462],[16.3253355070443,52.0052200188779],[16.3256700234527,52.0051315600695],[16.3253146541228,52.0046192169599],[16.3247255058597,52.0047748981047],[16.3250289154545,52.0052050965448],[16.3250842032787,52.0052869901462]]]},"properties":{"case_id":"ST-WK-WO/WNIOSEK/2731/2026","source_type":"wniosek_decyzja","received_date":"2026-02-10","decision_date":"2026-04-08","status":"decyzja wydana","description":"Zmiana sposobu użytkowania budynku handlowego na 12 lokali mieszkalnych","address":"Mochy","city":"Mochy","office":"Starosta Powiatu Wolsztyn","case_kind":"Obiekt budowlany inny niż budynek mieszkalny jednorodzinny","parcel_ids":["302901_2.0018.2911","302901_2.0018.2912","302901_2.0018.2913","302901_2.0018.884/16"],"location_quality":"dokładny","gunb_url":"https://wyszukiwarka.gunb.gov.pl/","parcel_count":4,"parcel_shard":"x065-y208","parcel_id":"302901_2.0018.2913","location_source":"powiat wolsztyński (wfs)"}},{"type":"Feature","id":"ST-WK-WO/WNIOSEK/2731/2026::302901_2.0018.884/16","geometry":{"type":"Polygon","coordinates":[[[16.3256234758973,52.0056337335317],[16.3259904108729,52.0055914830182],[16.3256700234527,52.0051315600695],[16.3253355070443,52.0052200188779],[16.3256234758973,52.0056337335317]]]},"properties":{"case_id":"ST-WK-WO/WNIOSEK/2731/2026","source_type":"wniosek_decyzja","received_date":"2026-02-10","decision_date":"2026-04-08","status":"decyzja wydana","description":"Zmiana sposobu użytkowania budynku handlowego na 12 lokali mieszkalnych","address":"Mochy","city":"Mochy","office":"Starosta Powiatu Wolsztyn","case_kind":"Obiekt budowlany inny niż budynek mieszkalny jednorodzinny","parcel_ids":["302901_2.0018.2911","302901_2.0018.2912","302901_2.0018.2913","302901_2.0018.884/16"],"location_quality":"dokładny","gunb_url":"https://wyszukiwarka.gunb.gov.pl/","parcel_count":4,"parcel_shard":"x065-y208","parcel_id":"302901_2.0018.884/16","location_source":"powiat wolsztyński (wfs)"}},{"type":"Feature","id":"ST-WK-WO/WNIOSEK/2332/2026::302901_2.0018.456","geometry":{"type":"Polygon","coordinates":[[[16.321826829362,52.0092403825209],[16.323116513858,52.0101519901935],[16.3253888790806,52.0098946796504],[16.3251650583379,52.0088278678407],[16.3225835302662,52.0091468559521],[16.321826829362,52.0092403825209]]]},"properties":{"case_id":"ST-WK-WO/WNIOSEK/2332/2026","source_type":"wniosek_decyzja","received_date":"2026-02-09","decision_date":"2026-02-16","status":"decyzja wydana","description":"Budynek mieszkalny jednorodzinny","address":"Przemęt","city":"Przemęt","office":"Starosta Powiatu Wolsztyn","case_kind":"Budynek mieszkalny jednorodzinny","parcel_ids":["302901_2.0018.456"],"location_quality":"dokładny","gunb_url":"https://wyszukiwarka.gunb.gov.pl/","parcel_count":1,"parcel_shard":"x065-y208","parcel_id":"302901_2.0018.456","location_source":"powiat wolsztyński (wfs)"}},{"type":"Feature","id":"ST-WK-WO/ZGŁOSZENIE/3231/2025::302901_2.0018.477/2","geometry":{"type":"Polygon","coordinates":[[[16.3170065470665,52.0068962513449],[16.3170555436302,52.0069074551371],[16.3171861671316,52.0068931961803],[16.317794143822,52.0068188857717],[16.3182585095741,52.0067621199785],[16.3184461161578,52.0067327865754],[16.3197794130753,52.0065652277643],[16.319872140051,52.0065535821487],[16.3201362450133,52.0065204205791],[16.3205374792074,52.0064699909892],[16.3211993320004,52.0063867947104],[16.3212939457281,52.0063749470353],[16.3216674364904,52.0063271618445],[16.3220416835643,52.0062803557247],[16.322722358445,52.0061950873075],[16.3241495981187,52.006011612628],[16.3255776410587,52.0058357637052],[16.3256971838989,52.0058202312329],[16.3270085174413,52.0056498379817],[16.3279319835377,52.0055339445942],[16.3284308772318,52.0054713310377],[16.329863422308,52.0052978440879],[16.3313188977823,52.0051178085205],[16.3318946337886,52.0050590755147],[16.3324703544879,52.0049971670164],[16.332867020784,52.0049316090671],[16.3330526134732,52.004927198504],[16.3330376245404,52.004783766732],[16.3328550240356,52.0047800805016],[16.3324037604253,52.0048086539357],[16.3322429628673,52.0048268247946],[16.3318308658435,52.0048734622382],[16.3312684043839,52.0049634979269],[16.3311324114089,52.0049831991715],[16.3293697367275,52.005210116174],[16.328623231594,52.0053067616004],[16.3283881104098,52.0053306169154],[16.3281242622013,52.0053674896197],[16.3278048736607,52.0054126950761],[16.3277161040953,52.0054212450926],[16.3273816306257,52.0054663824295],[16.3272961896399,52.0054779084943],[16.3269598198067,52.0055233087729],[16.3267182557434,52.0055515468014],[16.3263856217646,52.0055902694681],[16.3260192735586,52.0056329556357],[16.3256528662926,52.0056756190782],[16.3255341955969,52.0056899230325],[16.3253762150278,52.0057107542163],[16.3252891669567,52.0057222503969],[16.3241082861733,52.0058729689911],[16.3226811093885,52.0060488925375],[16.3224594905366,52.0060776303412],[16.3214926332444,52.0062083391336],[16.3211798778379,52.0062499277359],[16.3211231602011,52.0062573098723],[16.3208321778992,52.0062870613065],[16.3202666752232,52.0063621402569],[16.3199797051821,52.0063986760815],[16.3198303757095,52.0064176877761],[16.3194014698677,52.0064716658414],[16.3191171895368,52.0065072089847],[16.3187171075684,52.0065572612815],[16.3185193164531,52.0065820370173],[16.3184021184665,52.0065967019976],[16.3181891095618,52.0066226709308],[16.3169757858044,52.0067704911419],[16.3170065470665,52.0068962513449]]]},"properties":{"case_id":"ST-WK-WO/ZGŁOSZENIE/3231/2025","source_type":"zgloszenie","received_date":"2025-10-10","decision_date":null,"status":"Brak sprzeciwu","description":"Sieć wodociagowa, sieć kanalizacji sanitarnej","address":"Radomierz","city":"Radomierz","office":"Starosta Powiatu Wolsztyn","case_kind":"budowa nowego/nowych obiektów budowlanych","parcel_ids":["302901_2.0018.477/2","302901_2.0018.884/13","302901_2.0018.884/22","302901_2.0018.884/24"],"location_quality":"dokładny","gunb_url":"https://wyszukiwarka.gunb.gov.pl/","parcel_count":1,"parcel_shard":"x065-y208","parcel_id":"302901_2.0018.477/2","location_source":"powiat wolsztyński (wfs)"}},{"type":"Feature","id":"ST-WK-WO/WNIOSEK/17842/2025::302901_2.0018.532/22","geometry":{"type":"Polygon","coordinates":[[[16.3123280917424,52.0071782666895],[16.3122779331728,52.0068396016151],[16.3112454770135,52.0066969452826],[16.3113080556753,52.0068845600267],[16.3114248998157,52.0070099293876],[16.3117678812786,52.0069790663839],[16.311861549674,52.0069700804972],[16.3122193645846,52.0069385895513],[16.3122554969984,52.0071829469166],[16.3123280917424,52.0071782666895]]]},"properties":{"case_id":"ST-WK-WO/WNIOSEK/17842/2025","source_type":"wniosek_decyzja","received_date":"2025-08-29","decision_date":"2025-09-10","status":"decyzja wydana","description":"Budynek gospodarczo-garażowy","address":"Przemęt","city":"Przemęt","office":"Starosta Powiatu Wolsztyn","case_kind":"Obiekt budowlany inny niż budynek mieszkalny jednorodzinny","parcel_ids":["302901_2.0018.532/22"],"location_quality":"dokładny","gunb_url":"https://wyszukiwarka.gunb.gov.pl/","parcel_count":1,"parcel_shard":"x065-y208","parcel_id":"302901_2.0018.532/22","location_source":"powiat wolsztyński (wfs)"}},{"type":"Feature","id":"ST-WK-WO/WNIOSEK/19095/2025::302901_2.0018.620/6","geometry":{"type":"Polygon","coordinates":[[[16.3037049444445,52.0047477856844],[16.3037892894482,52.0047734583472],[16.3038664534084,52.0046773249137],[16.3037234727729,52.0046336050441],[16.3037049444445,52.0047477856844]]]},"properties":{"case_id":"ST-WK-WO/WNIOSEK/19095/2025","source_type":"wniosek_decyzja","received_date":"2025-09-18","decision_date":"2025-10-10","status":"decyzja wydana","description":"Sieć wodociągowa","address":"Przemęt","city":"Przemęt","office":"Starosta Powiatu Wolsztyn","case_kind":"Obiekt budowlany inny niż budynek mieszkalny jednorodzinny","parcel_ids":["302901_2.0018.620/6","302901_2.0018.620/7","302901_2.0018.963/5"],"location_quality":"dokładny","gunb_url":"https://wyszukiwarka.gunb.gov.pl/","parcel_count":3,"parcel_shard":"x065-y208","parcel_id":"302901_2.0018.620/6","location_source":"powiat wolsztyński (wfs)"}},{"type":"Feature","id":"ST-WK-WO/WNIOSEK/19095/2025::302901_2.0018.620/7","geometry":{"type":"Polygon","coordinates":[[[16.3037892894482,52.0047734583472],[16.3041895759812,52.004895766119],[16.3043055199693,52.0049312456487],[16.3043331600032,52.0048199302493],[16.3040283885582,52.0047267672402],[16.3038664534084,52.0046773249137],[16.3037892894482,52.0047734583472]]]},"properties":{"case_id":"ST-WK-WO/WNIOSEK/19095/2025","source_type":"wniosek_decyzja","received_date":"2025-09-18","decision_date":"2025-10-10","status":"decyzja wydana","description":"Sieć wodociągowa","address":"Przemęt","city":"Przemęt","office":"Starosta Powiatu Wolsztyn","case_kind":"Obiekt budowlany inny niż budynek mieszkalny jednorodzinny","parcel_ids":["302901_2.0018.620/6","302901_2.0018.620/7","302901_2.0018.963/5"],"location_quality":"dokładny","gunb_url":"https://wyszukiwarka.gunb.gov.pl/","parcel_count":3,"parcel_shard":"x065-y208","parcel_id":"302901_2.0018.620/7","location_source":"powiat wolsztyński (wfs)"}},{"type":"Feature","id":"ST-WK-WO/WNIOSEK/19095/2025::302901_2.0018.963/5","geometry":{"type":"Polygon","coordinates":[[[16.3015051529663,52.0044811097754],[16.3015789444062,52.0044699255747],[16.3017158762947,52.0044850978599],[16.3021352929229,52.004538022917],[16.3025352961274,52.004588496726],[16.3026440610964,52.0046022208282],[16.3029468542393,52.0046201557851],[16.303314675801,52.0046458145956],[16.3037049444445,52.0047477856844],[16.3037234727729,52.0046336050441],[16.3034905831268,52.004561403237],[16.3034278090346,52.0045434985162],[16.3032391504801,52.0045298706499],[16.3029478634467,52.0045131758092],[16.3024445718618,52.004484328364],[16.302341818589,52.0044751070105],[16.3021824969395,52.0044550111168],[16.3018038577703,52.0043957532354],[16.3016758157655,52.0043799797509],[16.3015806617136,52.0043677253179],[16.3015328655217,52.004335214479],[16.3015051529663,52.0044811097754]]]},"properties":{"case_id":"ST-WK-WO/WNIOSEK/19095/2025","source_type":"wniosek_decyzja","received_date":"2025-09-18","decision_date":"2025-10-10","status":"decyzja wydana","description":"Sieć wodociągowa","address":"Przemęt","city":"Przemęt","office":"Starosta Powiatu Wolsztyn","case_kind":"Obiekt budowlany inny niż budynek mieszkalny jednorodzinny","parcel_ids":["302901_2.0018.620/6","302901_2.0018.620/7","302901_2.0018.963/5"],"location_quality":"dokładny","gunb_url":"https://wyszukiwarka.gunb.gov.pl/","parcel_count":3,"parcel_shard":"x065-y208","parcel_id":"302901_2.0018.963/5","location_source":"powiat wolsztyński (wfs)"}},{"type":"Feature","id":"ST-WK-WO/WNIOSEK/24643/2025::302901_2.0018.620/8","geometry":{"type":"Polygon","coordinates":[[[16.303635385159,52.0053913309359],[16.3042234876414,52.0052606876583],[16.3041895759812,52.004895766119],[16.3037892894482,52.0047734583472],[16.303635385159,52.0053913309359]]]},"properties":{"case_id":"ST-WK-WO/WNIOSEK/24643/2025","source_type":"wniosek_decyzja","received_date":"2025-12-04","decision_date":"2025-12-11","status":"decyzja wydana","description":"Budynek mieszkalny jednorodzinny","address":"Przemęt","city":"Przemęt","office":"Starosta Powiatu Wolsztyn","case_kind":"Budynek mieszkalny jednorodzinny","parcel_ids":["302901_2.0018.620/8"],"location_quality":"dokładny","gunb_url":"https://wyszukiwarka.gunb.gov.pl/","parcel_count":1,"parcel_shard":"x065-y208","parcel_id":"302901_2.0018.620/8","location_source":"powiat wolsztyński (wfs)"}},{"type":"Feature","id":"ST-WK-WO/WNIOSEK/10356/2026::302901_2.0018.626/2","geometry":{"type":"Polygon","coordinates":[[[16.3009794994288,52.006331112922],[16.3009968663367,52.0062741769582],[16.3010309988212,52.0061625504007],[16.3010471639569,52.0061100152823],[16.3010874335902,52.0059783624188],[16.3010968592649,52.0059481888382],[16.3010989615454,52.0059405547575],[16.3012490411929,52.0055108105421],[16.3012671725359,52.0054141452746],[16.3013145140878,52.0052372995628],[16.3013713651398,52.005020032936],[16.3014138251826,52.0048521608669],[16.3014225228751,52.0048218950735],[16.3015051529663,52.0044811097754],[16.3015328655217,52.004335214479],[16.3016522662293,52.0040037134189],[16.3017056333773,52.0038531985054],[16.3017772456488,52.0036512239597],[16.3017911639725,52.0036122092551],[16.3017976752712,52.0035956881353],[16.3018927937293,52.0034707737658],[16.3019086458855,52.0034499247445],[16.3020198965371,52.0033037986025],[16.3021465824985,52.0031375469906],[16.3021762062284,52.0030968331625],[16.3022879572917,52.0029503922265],[16.3023252072286,52.0029016085108],[16.302549588505,52.0026077401872],[16.3025865004172,52.0025588497418],[16.3027143959754,52.0023892583175],[16.302840262767,52.0022220312144],[16.3029965107221,52.0020214017586],[16.3030301454854,52.0019782129152],[16.3032242102292,52.0017214631475],[16.3032224678422,52.0016676131877],[16.3031878466388,52.0015566190396],[16.3030484569701,52.001184864164],[16.3024498899491,52.0001405362069],[16.3021922153911,51.9998070016166],[16.3020276861286,51.9995175587182],[16.3018511806255,51.9991405205946],[16.3017203237475,51.9989299563869],[16.3015856121497,51.9987182897425],[16.3014445870079,51.9984772795758],[16.3014217235641,51.9984433365482],[16.3012639887704,51.9982328571138],[16.3010845472166,51.9983095453285],[16.3011718245161,51.998461926918],[16.301302771745,51.9986685000696],[16.3013640610612,51.9987584276037],[16.3014845042888,51.9989351482743],[16.3015715468911,51.9990740185654],[16.3016697866809,51.9992307521041],[16.3018700743766,51.9995611901826],[16.3019441916043,51.9996861912543],[16.301969476762,51.9997282496087],[16.302825949956,52.0011815014956],[16.3029512033831,52.0014468914285],[16.3029765458023,52.0015885485881],[16.3029558386579,52.0016980605112],[16.3028799482155,52.0018589070064],[16.3019574013444,52.0030316050377],[16.3019166665951,52.0030790293262],[16.301546476366,52.0035682201349],[16.3014813744935,52.0038678907428],[16.3014376697597,52.0040455570621],[16.301403003223,52.0041869359462],[16.3013954678538,52.0042175649555],[16.3014309032122,52.0042476998362],[16.301440304148,52.0042557296526],[16.3013980142552,52.0044207257992],[16.3013135887583,52.0047495499185],[16.3012902605322,52.0048406256464],[16.3012550450877,52.004977777857],[16.3012237809343,52.0050423111042],[16.3011660650909,52.00523365004],[16.3011109056401,52.0054057619655],[16.3010356715244,52.0056590829322],[16.3009826875823,52.0058359347112],[16.3009144450942,52.006114436328],[16.300816664152,52.0064004451193],[16.3008008027554,52.0064548530837],[16.3007005874113,52.0067911861753],[16.3006572719468,52.006953404227],[16.3005503074992,52.0074442185478],[16.3004095469236,52.0075619865151],[16.3004382120433,52.0077767356786],[16.300768081187,52.0077482015838],[16.3007676915115,52.0076368258789],[16.300761509036,52.0075213868481],[16.3007622127682,52.0073438744858],[16.3007875323961,52.0072025600957],[16.3008141429354,52.0070152133992],[16.3008487945809,52.0068590582204],[16.3008770049189,52.0067319174691],[16.3009367808161,52.0064627676822],[16.3009794994288,52.006331112922]]]},"properties":{"case_id":"ST-WK-WO/WNIOSEK/10356/2026","source_type":"wniosek_decyzja","received_date":"2026-06-01","decision_date":"2026-06-29","status":"decyzja wydana","description":"Budowa drogi wewnętrznej oraz kanalizacji deszczowej","address":"Przemęt","city":"Przemęt","office":"Starosta Powiatu Wolsztyn","case_kind":"Obiekt budowlany inny niż budynek mieszkalny jednorodzinny","parcel_ids":["302901_2.0018.626/2","302901_2.0018.695","302901_2.0018.844/3","302901_2.0018.850","302901_2.0018.857"],"location_quality":"dokładny","gunb_url":"https://wyszukiwarka.gunb.gov.pl/","parcel_count":5,"parcel_shard":"x065-y208","parcel_id":"302901_2.0018.626/2","location_source":"powiat wolsztyński (wfs)"}},{"type":"Feature","id":"ST-WK-WO/WNIOSEK/10356/2026::302901_2.0018.695","geometry":{"type":"Polygon","coordinates":[[[16.3031878466388,52.0015566190396],[16.3032224678422,52.0016676131877],[16.3033253373928,52.0015731901745],[16.3033655578551,52.0015379337826],[16.3036779239749,52.0012567285434],[16.3039689996527,52.000994724136],[16.3041336222535,52.0008464769104],[16.3041855103254,52.0007928695327],[16.3045046249252,52.000508710938],[16.304723799098,52.0003134773834],[16.3049426906627,52.0001186060823],[16.305161294401,51.9999239173219],[16.3053309234215,51.9997728264127],[16.305813686696,51.9993428526698],[16.3070598257631,51.9982240689353],[16.3071231692716,51.9981622824949],[16.3074683123502,51.9978761721563],[16.3077059471239,51.9976547277624],[16.3076514255436,51.9975719498637],[16.3072837660806,51.9978653284999],[16.3069481504567,51.9981943773835],[16.3063874014453,51.9986909278143],[16.3058224680663,51.9991746623527],[16.3054238691936,51.999521759976],[16.3050545952939,51.999845370633],[16.3033348076222,52.0014218715289],[16.3032867201449,52.0014659984203],[16.3031878466388,52.0015566190396]]]},"properties":{"case_id":"ST-WK-WO/WNIOSEK/10356/2026","source_type":"wniosek_decyzja","received_date":"2026-06-01","decision_date":"2026-06-29","status":"decyzja wydana","description":"Budowa drogi wewnętrznej oraz kanalizacji deszczowej","address":"Przemęt","city":"Przemęt","office":"Starosta Powiatu Wolsztyn","case_kind":"Obiekt budowlany inny niż budynek mieszkalny jednorodzinny","parcel_ids":["302901_2.0018.626/2","302901_2.0018.695","302901_2.0018.844/3","302901_2.0018.850","302901_2.0018.857"],"location_quality":"dokładny","gunb_url":"https://wyszukiwarka.gunb.gov.pl/","parcel_count":5,"parcel_shard":"x065-y208","parcel_id":"302901_2.0018.695","location_source":"powiat wolsztyński (wfs)"}},{"type":"Feature","id":"ST-WK-WO/WNIOSEK/10356/2026::302901_2.0018.844/3","geometry":{"type":"Polygon","coordinates":[[[16.3035310238354,52.0021632591478],[16.3038720358226,52.0017173601508],[16.3033253373928,52.0015731901745],[16.3032224678422,52.0016676131877],[16.3032242102292,52.0017214631475],[16.3030301454854,52.0019782129152],[16.3029965107221,52.0020214017586],[16.3035310238354,52.0021632591478]]]},"properties":{"case_id":"ST-WK-WO/WNIOSEK/10356/2026","source_type":"wniosek_decyzja","received_date":"2026-06-01","decision_date":"2026-06-29","status":"decyzja wydana","description":"Budowa drogi wewnętrznej oraz kanalizacji deszczowej","address":"Przemęt","city":"Przemęt","office":"Starosta Powiatu Wolsztyn","case_kind":"Obiekt budowlany inny niż budynek mieszkalny jednorodzinny","parcel_ids":["302901_2.0018.626/2","302901_2.0018.695","302901_2.0018.844/3","302901_2.0018.850","302901_2.0018.857"],"location_quality":"dokładny","gunb_url":"https://wyszukiwarka.gunb.gov.pl/","parcel_count":5,"parcel_shard":"x065-y208","parcel_id":"302901_2.0018.844/3","location_source":"powiat wolsztyński (wfs)"}},{"type":"Feature","id":"ST-WK-WO/WNIOSEK/10356/2026::302901_2.0018.850","geometry":{"type":"Polygon","coordinates":[[[16.3112906716745,52.0056072020407],[16.3113552070736,52.0056215329782],[16.3117383235521,52.0049618270668],[16.3118399338619,52.0047867603218],[16.3121077959268,52.0043310229456],[16.3123324693228,52.003938975945],[16.3122643810353,52.0039215988103],[16.3120797332974,52.0042411338458],[16.3118988353478,52.004554514539],[16.3117226329444,52.004859213564],[16.3115368758646,52.0051809172883],[16.3112906716745,52.0056072020407]]]},"properties":{"case_id":"ST-WK-WO/WNIOSEK/10356/2026","source_type":"wniosek_decyzja","received_date":"2026-06-01","decision_date":"2026-06-29","status":"decyzja wydana","description":"Budowa drogi wewnętrznej oraz kanalizacji deszczowej","address":"Przemęt","city":"Przemęt","office":"Starosta Powiatu Wolsztyn","case_kind":"Obiekt budowlany inny niż budynek mieszkalny jednorodzinny","parcel_ids":["302901_2.0018.626/2","302901_2.0018.695","302901_2.0018.844/3","302901_2.0018.850","302901_2.0018.857"],"location_quality":"dokładny","gunb_url":"https://wyszukiwarka.gunb.gov.pl/","parcel_count":5,"parcel_shard":"x065-y208","parcel_id":"302901_2.0018.850","location_source":"powiat wolsztyński (wfs)"}},{"type":"Feature","id":"ST-WK-WO/WNIOSEK/10356/2026::302901_2.0018.857","geometry":{"type":"Polygon","coordinates":[[[16.3154798033138,52.0047619532269],[16.3154977310451,52.0047210223299],[16.3147340823545,52.004520743326],[16.3140925615204,52.0043528041997],[16.313795219809,52.0042752236892],[16.3134777644344,52.0041921140202],[16.3133943991538,52.0041702125698],[16.3131129048804,52.0040965883922],[16.3127481898272,52.0040009701423],[16.3123588248696,52.0038990637358],[16.3122891599408,52.0038804604818],[16.3108514688413,52.0035009349258],[16.3089811839418,52.0030099344122],[16.3080082474835,52.0027544897593],[16.3076062732489,52.0026489325235],[16.3072043008857,52.0025433739012],[16.3068023303941,52.0024378138922],[16.3063426878852,52.0023171621155],[16.3060275997424,52.0022343657436],[16.3057261595889,52.002155102562],[16.3054269225969,52.0020764433963],[16.3046502298625,52.0018759429814],[16.3037472126473,52.0016365394622],[16.3033655578551,52.0015379337826],[16.3033253373928,52.0015731901745],[16.3038720358226,52.0017173601508],[16.3044074555692,52.0018600567454],[16.3048499187546,52.0019762322889],[16.3053707499605,52.0021129305443],[16.3054645279469,52.0021375985927],[16.3055449284582,52.0021586710123],[16.3059972443942,52.0022772184834],[16.3065199669314,52.0024140865963],[16.3066030973104,52.0024359180242],[16.3068959080116,52.0025127018239],[16.3077406285268,52.0027342792103],[16.3079501635279,52.0027892495335],[16.3089524416231,52.0030521844283],[16.3108220779141,52.0035428858743],[16.3115841945441,52.0037456275659],[16.3118035836174,52.0038023294093],[16.3120452819941,52.0038648945906],[16.3122643810353,52.0039215988103],[16.3123324693228,52.003938975945],[16.3133799738786,52.0042122874388],[16.3154798033138,52.0047619532269]]]},"properties":{"case_id":"ST-WK-WO/WNIOSEK/10356/2026","source_type":"wniosek_decyzja","received_date":"2026-06-01","decision_date":"2026-06-29","status":"decyzja wydana","description":"Budowa drogi wewnętrznej oraz kanalizacji deszczowej","address":"Przemęt","city":"Przemęt","office":"Starosta Powiatu Wolsztyn","case_kind":"Obiekt budowlany inny niż budynek mieszkalny jednorodzinny","parcel_ids":["302901_2.0018.626/2","302901_2.0018.695","302901_2.0018.844/3","302901_2.0018.850","302901_2.0018.857"],"location_quality":"dokładny","gunb_url":"https://wyszukiwarka.gunb.gov.pl/","parcel_count":5,"parcel_shard":"x065-y208","parcel_id":"302901_2.0018.857","location_source":"powiat wolsztyński (wfs)"}},{"type":"Feature","id":"ST-WK-WO/WNIOSEK/4050/2026::302901_2.0018.649/5","geometry":{"type":"Polygon","coordinates":[[[16.3010383876777,52.0052153753863],[16.3011102575138,52.0050261140821],[16.3003695193404,52.0049204258259],[16.3002999812479,52.0051101831917],[16.3005091152428,52.005139963544],[16.3010383876777,52.0052153753863]]]},"properties":{"case_id":"ST-WK-WO/WNIOSEK/4050/2026","source_type":"wniosek_decyzja","received_date":"2026-03-04","decision_date":"2026-04-08","status":"decyzja wydana","description":"Wewnętrzna i zewnętrzna instalacji gazowej wraz z podziemnym zbiornikiem gazu o poj. 2,7 m3 dla lokalu mieszkalnego nr 4, w budynku mieszkalnym wielorodzinnym","address":"Przemęt","city":"Przemęt","office":"Starosta Powiatu Wolsztyn","case_kind":"Obiekt budowlany inny niż budynek mieszkalny jednorodzinny","parcel_ids":["302901_2.0018.649/5"],"location_quality":"dokładny","gunb_url":"https://wyszukiwarka.gunb.gov.pl/","parcel_count":1,"parcel_shard":"x065-y208","parcel_id":"302901_2.0018.649/5","location_source":"powiat wolsztyński (wfs)"}},{"type":"Feature","id":"ST-WK-WO/WNIOSEK/9606/2026::302901_2.0018.676/6","geometry":{"type":"Polygon","coordinates":[[[16.2964006056628,52.002885611746],[16.2966454014609,52.0029202197778],[16.2967179671026,52.0026464015065],[16.2968320781583,52.0022020752965],[16.2965933728753,52.0021781539653],[16.2964006056628,52.002885611746]]]},"properties":{"case_id":"ST-WK-WO/WNIOSEK/9606/2026","source_type":"wniosek_decyzja","received_date":"2026-05-19","decision_date":"2026-07-06","status":"decyzja wydana","description":"Budynek garażowy","address":"Przemęt","city":"Przemęt","office":"Starosta Powiatu Wolsztyn","case_kind":"Obiekt budowlany inny niż budynek mieszkalny jednorodzinny","parcel_ids":["302901_2.0018.676/6"],"location_quality":"dokładny","gunb_url":"https://wyszukiwarka.gunb.gov.pl/","parcel_count":1,"parcel_shard":"x065-y208","parcel_id":"302901_2.0018.676/6","location_source":"powiat wolsztyński (wfs)"}},{"type":"Feature","id":"ST-WK-WO/WNIOSEK/1837/2026::302901_2.0018.798/45","geometry":{"type":"Polygon","coordinates":[[[16.3130087307933,52.0095839498825],[16.3133102554933,52.0096738901005],[16.3135816673896,52.0093274088205],[16.3135197717217,52.0093028410771],[16.3133033124751,52.0092079080959],[16.3130087307933,52.0095839498825]]]},"properties":{"case_id":"ST-WK-WO/WNIOSEK/1837/2026","source_type":"wniosek_decyzja","received_date":"2026-02-02","decision_date":"2026-02-19","status":"decyzja wydana","description":"Budynek mieszkalny jednorodzinny","address":"Przemęt","city":"Przemęt","office":"Starosta Powiatu Wolsztyn","case_kind":"Budynek mieszkalny jednorodzinny","parcel_ids":["302901_2.0018.798/45"],"location_quality":"dokładny","gunb_url":"https://wyszukiwarka.gunb.gov.pl/","parcel_count":1,"parcel_shard":"x065-y208","parcel_id":"302901_2.0018.798/45","location_source":"powiat wolsztyński (wfs)"}},{"type":"Feature","id":"ST-WK-WO/WNIOSEK/10031/2026::302901_2.0018.815/3","geometry":{"type":"Polygon","coordinates":[[[16.3185968055401,52.0124240385113],[16.318807882127,52.0122606894348],[16.3190332893189,52.0121339429123],[16.3191685465236,52.0120127897929],[16.3184880474333,52.0119750164534],[16.3179636647486,52.0119458293941],[16.3185968055401,52.0124240385113]]]},"properties":{"case_id":"ST-WK-WO/WNIOSEK/10031/2026","source_type":"wniosek_decyzja","received_date":"2026-05-26","decision_date":"2026-05-29","status":"decyzja wydana","description":"Budynek gospodarczy","address":"Przemęt","city":"Przemęt","office":"Starosta Powiatu Wolsztyn","case_kind":"Obiekt budowlany inny niż budynek mieszkalny jednorodzinny","parcel_ids":["302901_2.0018.815/3"],"location_quality":"dokładny","gunb_url":"https://wyszukiwarka.gunb.gov.pl/","parcel_count":1,"parcel_shard":"x065-y208","parcel_id":"302901_2.0018.815/3","location_source":"powiat wolsztyński (wfs)"}},{"type":"Feature","id":"ST-WK-WO/WNIOSEK/9467/2026::302901_2.0018.844/14","geometry":{"type":"Polygon","coordinates":[[[16.3052167270965,52.0023652400299],[16.3046695173799,52.002238001674],[16.304647018391,52.0022706099017],[16.3045032119898,52.002458716455],[16.305078136265,52.0025923899588],[16.3052167270965,52.0023652400299]]]},"properties":{"case_id":"ST-WK-WO/WNIOSEK/9467/2026","source_type":"wniosek_decyzja","received_date":"2026-05-19","decision_date":"2026-05-26","status":"decyzja wydana","description":"Budynek mieszkalny jednorodzinny","address":"Przemęt","city":"Przemęt","office":"Starosta Powiatu Wolsztyn","case_kind":"Budynek mieszkalny jednorodzinny","parcel_ids":["302901_2.0018.844/14"],"location_quality":"dokładny","gunb_url":"https://wyszukiwarka.gunb.gov.pl/","parcel_count":1,"parcel_shard":"x065-y208","parcel_id":"302901_2.0018.844/14","location_source":"powiat wolsztyński (wfs)"}},{"type":"Feature","id":"ST-WK-WO/WNIOSEK/9021/2026::302901_2.0018.845/10","geometry":{"type":"Polygon","coordinates":[[[16.3054645279469,52.0021375985927],[16.3051734433887,52.0026145244854],[16.3050472183665,52.0028212230704],[16.3049286965385,52.0030148211562],[16.3050101464653,52.0030337650764],[16.3051669642708,52.00277729017],[16.3053236347172,52.0025208166695],[16.3055449284582,52.0021586710123],[16.3054645279469,52.0021375985927]]]},"properties":{"case_id":"ST-WK-WO/WNIOSEK/9021/2026","source_type":"wniosek_decyzja","received_date":"2026-05-12","decision_date":"2026-05-15","status":"decyzja wydana","description":"Rozbudowa sieci wodociągowej","address":"Przemęt","city":"Przemęt","office":"Starosta Powiatu Wolsztyn","case_kind":"Obiekt budowlany inny niż budynek mieszkalny jednorodzinny","parcel_ids":["302901_2.0018.845/10"],"location_quality":"dokładny","gunb_url":"https://wyszukiwarka.gunb.gov.pl/","parcel_count":1,"parcel_shard":"x065-y208","parcel_id":"302901_2.0018.845/10","location_source":"powiat wolsztyński (wfs)"}},{"type":"Feature","id":"ST-WK-WO/WNIOSEK/24875/2025::302901_2.0018.845/10","geometry":{"type":"Polygon","coordinates":[[[16.3054645279469,52.0021375985927],[16.3051734433887,52.0026145244854],[16.3050472183665,52.0028212230704],[16.3049286965385,52.0030148211562],[16.3050101464653,52.0030337650764],[16.3051669642708,52.00277729017],[16.3053236347172,52.0025208166695],[16.3055449284582,52.0021586710123],[16.3054645279469,52.0021375985927]]]},"properties":{"case_id":"ST-WK-WO/WNIOSEK/24875/2025","source_type":"wniosek_decyzja","received_date":"2025-12-08","decision_date":"2026-01-27","status":"decyzja wydana","description":"Budynek mieszkalny jednorodzinny dwulokalowy (budynek nr 2)","address":"Przemęt","city":"Przemęt","office":"Starosta Powiatu Wolsztyn","case_kind":"Budynek mieszkalny jednorodzinny","parcel_ids":["302901_2.0018.845/10","302901_2.0018.845/7","302901_2.0018.845/8","302901_2.0018.845/9"],"location_quality":"dokładny","gunb_url":"https://wyszukiwarka.gunb.gov.pl/","parcel_count":4,"parcel_shard":"x065-y208","parcel_id":"302901_2.0018.845/10","location_source":"powiat wolsztyński (wfs)"}},{"type":"Feature","id":"ST-WK-WO/WNIOSEK/24875/2025::302901_2.0018.845/7","geometry":{"type":"Polygon","coordinates":[[[16.3059972443942,52.0022772184834],[16.3055449284582,52.0021586710123],[16.3053236347172,52.0025208166695],[16.3057785627068,52.0026330494922],[16.3059972443942,52.0022772184834]]]},"properties":{"case_id":"ST-WK-WO/WNIOSEK/24875/2025","source_type":"wniosek_decyzja","received_date":"2025-12-08","decision_date":"2026-01-27","status":"decyzja wydana","description":"Budynek mieszkalny jednorodzinny dwulokalowy (budynek nr 2)","address":"Przemęt","city":"Przemęt","office":"Starosta Powiatu Wolsztyn","case_kind":"Budynek mieszkalny jednorodzinny","parcel_ids":["302901_2.0018.845/10","302901_2.0018.845/7","302901_2.0018.845/8","302901_2.0018.845/9"],"location_quality":"dokładny","gunb_url":"https://wyszukiwarka.gunb.gov.pl/","parcel_count":4,"parcel_shard":"x065-y208","parcel_id":"302901_2.0018.845/7","location_source":"powiat wolsztyński (wfs)"}},{"type":"Feature","id":"ST-WK-WO/WNIOSEK/24875/2025::302901_2.0018.845/8","geometry":{"type":"Polygon","coordinates":[[[16.3053236347172,52.0025208166695],[16.3051669642708,52.00277729017],[16.3056244255288,52.0028838524161],[16.3057785627068,52.0026330494922],[16.3053236347172,52.0025208166695]]]},"properties":{"case_id":"ST-WK-WO/WNIOSEK/24875/2025","source_type":"wniosek_decyzja","received_date":"2025-12-08","decision_date":"2026-01-27","status":"decyzja wydana","description":"Budynek mieszkalny jednorodzinny dwulokalowy (budynek nr 2)","address":"Przemęt","city":"Przemęt","office":"Starosta Powiatu Wolsztyn","case_kind":"Budynek mieszkalny jednorodzinny","parcel_ids":["302901_2.0018.845/10","302901_2.0018.845/7","302901_2.0018.845/8","302901_2.0018.845/9"],"location_quality":"dokładny","gunb_url":"https://wyszukiwarka.gunb.gov.pl/","parcel_count":4,"parcel_shard":"x065-y208","parcel_id":"302901_2.0018.845/8","location_source":"powiat wolsztyński (wfs)"}},{"type":"Feature","id":"ST-WK-WO/WNIOSEK/24875/2025::302901_2.0018.845/9","geometry":{"type":"Polygon","coordinates":[[[16.3051669642708,52.00277729017],[16.3050101464653,52.0030337650764],[16.3054669211916,52.0031401310914],[16.3056244255288,52.0028838524161],[16.3051669642708,52.00277729017]]]},"properties":{"case_id":"ST-WK-WO/WNIOSEK/24875/2025","source_type":"wniosek_decyzja","received_date":"2025-12-08","decision_date":"2026-01-27","status":"decyzja wydana","description":"Budynek mieszkalny jednorodzinny dwulokalowy (budynek nr 2)","address":"Przemęt","city":"Przemęt","office":"Starosta Powiatu Wolsztyn","case_kind":"Budynek mieszkalny jednorodzinny","parcel_ids":["302901_2.0018.845/10","302901_2.0018.845/7","302901_2.0018.845/8","302901_2.0018.845/9"],"location_quality":"dokładny","gunb_url":"https://wyszukiwarka.gunb.gov.pl/","parcel_count":4,"parcel_shard":"x065-y208","parcel_id":"302901_2.0018.845/9","location_source":"powiat wolsztyński (wfs)"}},{"type":"Feature","id":"ST-WK-WO/WNIOSEK/24886/2025::302901_2.0018.845/10","geometry":{"type":"Polygon","coordinates":[[[16.3054645279469,52.0021375985927],[16.3051734433887,52.0026145244854],[16.3050472183665,52.0028212230704],[16.3049286965385,52.0030148211562],[16.3050101464653,52.0030337650764],[16.3051669642708,52.00277729017],[16.3053236347172,52.0025208166695],[16.3055449284582,52.0021586710123],[16.3054645279469,52.0021375985927]]]},"properties":{"case_id":"ST-WK-WO/WNIOSEK/24886/2025","source_type":"wniosek_decyzja","received_date":"2025-12-08","decision_date":"2026-01-27","status":"decyzja wydana","description":"Budynek mieszkalny jednorodzinny dwulokalowy (nr 3)","address":"Przemęt","city":"Przemęt","office":"Starosta Powiatu Wolsztyn","case_kind":"Budynek mieszkalny jednorodzinny","parcel_ids":["302901_2.0018.845/10","302901_2.0018.845/7","302901_2.0018.845/8","302901_2.0018.845/9"],"location_quality":"dokładny","gunb_url":"https://wyszukiwarka.gunb.gov.pl/","parcel_count":4,"parcel_shard":"x065-y208","parcel_id":"302901_2.0018.845/10","location_source":"powiat wolsztyński (wfs)"}},{"type":"Feature","id":"ST-WK-WO/WNIOSEK/24886/2025::302901_2.0018.845/7","geometry":{"type":"Polygon","coordinates":[[[16.3059972443942,52.0022772184834],[16.3055449284582,52.0021586710123],[16.3053236347172,52.0025208166695],[16.3057785627068,52.0026330494922],[16.3059972443942,52.0022772184834]]]},"properties":{"case_id":"ST-WK-WO/WNIOSEK/24886/2025","source_type":"wniosek_decyzja","received_date":"2025-12-08","decision_date":"2026-01-27","status":"decyzja wydana","description":"Budynek mieszkalny jednorodzinny dwulokalowy (nr 3)","address":"Przemęt","city":"Przemęt","office":"Starosta Powiatu Wolsztyn","case_kind":"Budynek mieszkalny jednorodzinny","parcel_ids":["302901_2.0018.845/10","302901_2.0018.845/7","302901_2.0018.845/8","302901_2.0018.845/9"],"location_quality":"dokładny","gunb_url":"https://wyszukiwarka.gunb.gov.pl/","parcel_count":4,"parcel_shard":"x065-y208","parcel_id":"302901_2.0018.845/7","location_source":"powiat wolsztyński (wfs)"}},{"type":"Feature","id":"ST-WK-WO/WNIOSEK/24886/2025::302901_2.0018.845/8","geometry":{"type":"Polygon","coordinates":[[[16.3053236347172,52.0025208166695],[16.3051669642708,52.00277729017],[16.3056244255288,52.0028838524161],[16.3057785627068,52.0026330494922],[16.3053236347172,52.0025208166695]]]},"properties":{"case_id":"ST-WK-WO/WNIOSEK/24886/2025","source_type":"wniosek_decyzja","received_date":"2025-12-08","decision_date":"2026-01-27","status":"decyzja wydana","description":"Budynek mieszkalny jednorodzinny dwulokalowy (nr 3)","address":"Przemęt","city":"Przemęt","office":"Starosta Powiatu Wolsztyn","case_kind":"Budynek mieszkalny jednorodzinny","parcel_ids":["302901_2.0018.845/10","302901_2.0018.845/7","302901_2.0018.845/8","302901_2.0018.845/9"],"location_quality":"dokładny","gunb_url":"https://wyszukiwarka.gunb.gov.pl/","parcel_count":4,"parcel_shard":"x065-y208","parcel_id":"302901_2.0018.845/8","location_source":"powiat wolsztyński (wfs)"}},{"type":"Feature","id":"ST-WK-WO/WNIOSEK/24886/2025::302901_2.0018.845/9","geometry":{"type":"Polygon","coordinates":[[[16.3051669642708,52.00277729017],[16.3050101464653,52.0030337650764],[16.3054669211916,52.0031401310914],[16.3056244255288,52.0028838524161],[16.3051669642708,52.00277729017]]]},"properties":{"case_id":"ST-WK-WO/WNIOSEK/24886/2025","source_type":"wniosek_decyzja","received_date":"2025-12-08","decision_date":"2026-01-27","status":"decyzja wydana","description":"Budynek mieszkalny jednorodzinny dwulokalowy (nr 3)","address":"Przemęt","city":"Przemęt","office":"Starosta Powiatu Wolsztyn","case_kind":"Budynek mieszkalny jednorodzinny","parcel_ids":["302901_2.0018.845/10","302901_2.0018.845/7","302901_2.0018.845/8","302901_2.0018.845/9"],"location_quality":"dokładny","gunb_url":"https://wyszukiwarka.gunb.gov.pl/","parcel_count":4,"parcel_shard":"x065-y208","parcel_id":"302901_2.0018.845/9","location_source":"powiat wolsztyński (wfs)"}},{"type":"Feature","id":"ST-WK-WO/WNIOSEK/24883/2025::302901_2.0018.845/10","geometry":{"type":"Polygon","coordinates":[[[16.3054645279469,52.0021375985927],[16.3051734433887,52.0026145244854],[16.3050472183665,52.0028212230704],[16.3049286965385,52.0030148211562],[16.3050101464653,52.0030337650764],[16.3051669642708,52.00277729017],[16.3053236347172,52.0025208166695],[16.3055449284582,52.0021586710123],[16.3054645279469,52.0021375985927]]]},"properties":{"case_id":"ST-WK-WO/WNIOSEK/24883/2025","source_type":"wniosek_decyzja","received_date":"2025-12-08","decision_date":"2026-01-27","status":"decyzja wydana","description":"Budynek mieszkalny jednorodzinny dwulokalowy (nr 1)","address":"Przemęt","city":"Przemęt","office":"Starosta Powiatu Wolsztyn","case_kind":"Budynek mieszkalny jednorodzinny","parcel_ids":["302901_2.0018.845/10","302901_2.0018.845/7","302901_2.0018.845/8","302901_2.0018.845/9"],"location_quality":"dokładny","gunb_url":"https://wyszukiwarka.gunb.gov.pl/","parcel_count":4,"parcel_shard":"x065-y208","parcel_id":"302901_2.0018.845/10","location_source":"powiat wolsztyński (wfs)"}},{"type":"Feature","id":"ST-WK-WO/WNIOSEK/24883/2025::302901_2.0018.845/7","geometry":{"type":"Polygon","coordinates":[[[16.3059972443942,52.0022772184834],[16.3055449284582,52.0021586710123],[16.3053236347172,52.0025208166695],[16.3057785627068,52.0026330494922],[16.3059972443942,52.0022772184834]]]},"properties":{"case_id":"ST-WK-WO/WNIOSEK/24883/2025","source_type":"wniosek_decyzja","received_date":"2025-12-08","decision_date":"2026-01-27","status":"decyzja wydana","description":"Budynek mieszkalny jednorodzinny dwulokalowy (nr 1)","address":"Przemęt","city":"Przemęt","office":"Starosta Powiatu Wolsztyn","case_kind":"Budynek mieszkalny jednorodzinny","parcel_ids":["302901_2.0018.845/10","302901_2.0018.845/7","302901_2.0018.845/8","302901_2.0018.845/9"],"location_quality":"dokładny","gunb_url":"https://wyszukiwarka.gunb.gov.pl/","parcel_count":4,"parcel_shard":"x065-y208","parcel_id":"302901_2.0018.845/7","location_source":"powiat wolsztyński (wfs)"}},{"type":"Feature","id":"ST-WK-WO/WNIOSEK/24883/2025::302901_2.0018.845/8","geometry":{"type":"Polygon","coordinates":[[[16.3053236347172,52.0025208166695],[16.3051669642708,52.00277729017],[16.3056244255288,52.0028838524161],[16.3057785627068,52.0026330494922],[16.3053236347172,52.0025208166695]]]},"properties":{"case_id":"ST-WK-WO/WNIOSEK/24883/2025","source_type":"wniosek_decyzja","received_date":"2025-12-08","decision_date":"2026-01-27","status":"decyzja wydana","description":"Budynek mieszkalny jednorodzinny dwulokalowy (nr 1)","address":"Przemęt","city":"Przemęt","office":"Starosta Powiatu Wolsztyn","case_kind":"Budynek mieszkalny jednorodzinny","parcel_ids":["302901_2.0018.845/10","302901_2.0018.845/7","302901_2.0018.845/8","302901_2.0018.845/9"],"location_quality":"dokładny","gunb_url":"https://wyszukiwarka.gunb.gov.pl/","parcel_count":4,"parcel_shard":"x065-y208","parcel_id":"302901_2.0018.845/8","location_source":"powiat wolsztyński (wfs)"}},{"type":"Feature","id":"ST-WK-WO/WNIOSEK/24883/2025::302901_2.0018.845/9","geometry":{"type":"Polygon","coordinates":[[[16.3051669642708,52.00277729017],[16.3050101464653,52.0030337650764],[16.3054669211916,52.0031401310914],[16.3056244255288,52.0028838524161],[16.3051669642708,52.00277729017]]]},"properties":{"case_id":"ST-WK-WO/WNIOSEK/24883/2025","source_type":"wniosek_decyzja","received_date":"2025-12-08","decision_date":"2026-01-27","status":"decyzja wydana","description":"Budynek mieszkalny jednorodzinny dwulokalowy (nr 1)","address":"Przemęt","city":"Przemęt","office":"Starosta Powiatu Wolsztyn","case_kind":"Budynek mieszkalny jednorodzinny","parcel_ids":["302901_2.0018.845/10","302901_2.0018.845/7","302901_2.0018.845/8","302901_2.0018.845/9"],"location_quality":"dokładny","gunb_url":"https://wyszukiwarka.gunb.gov.pl/","parcel_count":4,"parcel_shard":"x065-y208","parcel_id":"302901_2.0018.845/9","location_source":"powiat wolsztyński (wfs)"}},{"type":"Feature","id":"ST-WK-WO/WNIOSEK/18644/2025::302901_2.0018.845/6","geometry":{"type":"Polygon","coordinates":[[[16.3058973795043,52.0034044192158],[16.306102019351,52.0034500594113],[16.3061810633486,52.0033237018233],[16.3059749497835,52.0032774489043],[16.3058973795043,52.0034044192158]]]},"properties":{"case_id":"ST-WK-WO/WNIOSEK/18644/2025","source_type":"wniosek_decyzja","received_date":"2025-09-11","decision_date":"2025-10-21","status":"decyzja wydana","description":"Przebudowa istniejącego obiektu budowlanego - wzmocnienie wieży","address":"-, Przemęt","city":"Przemęt","office":"Starosta Powiatu Wolsztyn","case_kind":"Obiekt budowlany inny niż budynek mieszkalny jednorodzinny","parcel_ids":["302901_2.0018.845/6"],"location_quality":"dokładny","gunb_url":"https://wyszukiwarka.gunb.gov.pl/","parcel_count":1,"parcel_shard":"x065-y208","parcel_id":"302901_2.0018.845/6","location_source":"powiat wolsztyński (wfs)"}},{"type":"Feature","id":"ST-WK-WO/WNIOSEK/4236/2026::302901_2.0018.866/7","geometry":{"type":"Polygon","coordinates":[[[16.3127481898272,52.0040009701423],[16.3131129048804,52.0040965883922],[16.3133085396156,52.0036700545172],[16.3129733087954,52.003641253184],[16.3129153458347,52.003636326369],[16.3127481898272,52.0040009701423]]]},"properties":{"case_id":"ST-WK-WO/WNIOSEK/4236/2026","source_type":"wniosek_decyzja","received_date":"2026-03-09","decision_date":"2026-03-12","status":"decyzja wydana","description":"Zmiana decyzji AB.6740.296.2020 - budynek mieszkalny jednorodzinny, studnia, przydomowa oczyszczalnia ścieków","address":"Przemęt","city":"Przemęt","office":"Starosta Powiatu Wolsztyn","case_kind":"Budynek mieszkalny jednorodzinny","parcel_ids":["302901_2.0018.866/7"],"location_quality":"dokładny","gunb_url":"https://wyszukiwarka.gunb.gov.pl/","parcel_count":1,"parcel_shard":"x065-y208","parcel_id":"302901_2.0018.866/7","location_source":"powiat wolsztyński (wfs)"}},{"type":"Feature","id":"ST-WK-WO/WNIOSEK/9735/2026::302901_2.0018.867/1","geometry":{"type":"Polygon","coordinates":[[[16.3155144206922,52.0038597262053],[16.3158785531008,52.0038906243554],[16.3160021184269,52.0036196750736],[16.3159708094896,52.0035900028986],[16.3156500333984,52.0035624858565],[16.3155144206922,52.0038597262053]]]},"properties":{"case_id":"ST-WK-WO/WNIOSEK/9735/2026","source_type":"wniosek_decyzja","received_date":"2026-05-21","decision_date":"2026-06-19","status":"decyzja wydana","description":"Budynek mieszkalny jednorodzinny, zbiornik na ścieki i naziemny zbiornik na gaz","address":"Przemęt","city":"Przemęt","office":"Starosta Powiatu Wolsztyn","case_kind":"Budynek mieszkalny jednorodzinny","parcel_ids":["302901_2.0018.867/1"],"location_quality":"dokładny","gunb_url":"https://wyszukiwarka.gunb.gov.pl/","parcel_count":1,"parcel_shard":"x065-y208","parcel_id":"302901_2.0018.867/1","location_source":"powiat wolsztyński (wfs)"}},{"type":"Feature","id":"ST-WK-WO/WNIOSEK/23354/2025::302901_2.0018.867/6","geometry":{"type":"Polygon","coordinates":[[[16.3144371731984,52.0037670357146],[16.3147864327046,52.0037973841258],[16.3149221930257,52.0035000530983],[16.3145728006935,52.0034700661253],[16.3144371731984,52.0037670357146]]]},"properties":{"case_id":"ST-WK-WO/WNIOSEK/23354/2025","source_type":"wniosek_decyzja","received_date":"2025-11-18","decision_date":"2025-12-31","status":"decyzja wydana","description":"budynek mieszkalny jednorodzinny, zbiornik","address":"Przemęt","city":"Przemęt","office":"Starosta Powiatu Wolsztyn","case_kind":"Budynek mieszkalny jednorodzinny","parcel_ids":["302901_2.0018.867/6"],"location_quality":"dokładny","gunb_url":"https://wyszukiwarka.gunb.gov.pl/","parcel_count":1,"parcel_shard":"x065-y208","parcel_id":"302901_2.0018.867/6","location_source":"powiat wolsztyński (wfs)"}},{"type":"Feature","id":"ST-WK-WO/WNIOSEK/2286/2026::302901_2.0018.867/8","geometry":{"type":"Polygon","coordinates":[[[16.3137385283756,52.0037069663968],[16.3140439725216,52.0037331316328],[16.3140877738184,52.0037368676023],[16.3142234088101,52.0034400781124],[16.3138740173756,52.0034100890596],[16.3137385283756,52.0037069663968]]]},"properties":{"case_id":"ST-WK-WO/WNIOSEK/2286/2026","source_type":"wniosek_decyzja","received_date":"2026-02-05","decision_date":"2026-03-23","status":"decyzja wydana","description":"Budynek mieszkalny jednorodzinny","address":"Przemęt","city":"Przemęt","office":"Starosta Powiatu Wolsztyn","case_kind":"Budynek mieszkalny jednorodzinny","parcel_ids":["302901_2.0018.867/8"],"location_quality":"dokładny","gunb_url":"https://wyszukiwarka.gunb.gov.pl/","parcel_count":1,"parcel_shard":"x065-y208","parcel_id":"302901_2.0018.867/8","location_source":"powiat wolsztyński (wfs)"}},{"type":"Feature","id":"ST-WK-WO/WNIOSEK/2290/2026::302901_2.0018.867/9","geometry":{"type":"Polygon","coordinates":[[[16.313388989566,52.0036769775425],[16.313533535893,52.0036893878576],[16.3137017339647,52.0037037813484],[16.3137385283756,52.0037069663968],[16.3138740173756,52.0034100890596],[16.31352462639,52.0033800989671],[16.313388989566,52.0036769775425]]]},"properties":{"case_id":"ST-WK-WO/WNIOSEK/2290/2026","source_type":"wniosek_decyzja","received_date":"2026-02-05","decision_date":"2026-03-23","status":"decyzja wydana","description":"Budynek mieszkalny jednordzinny","address":"Przemęt","city":"Przemęt","office":"Starosta Powiatu Wolsztyn","case_kind":"Budynek mieszkalny jednorodzinny","parcel_ids":["302901_2.0018.867/9"],"location_quality":"dokładny","gunb_url":"https://wyszukiwarka.gunb.gov.pl/","parcel_count":1,"parcel_shard":"x065-y208","parcel_id":"302901_2.0018.867/9","location_source":"powiat wolsztyński (wfs)"}},{"type":"Feature","id":"ST-WK-WO/WNIOSEK/24644/2025::302901_2.0020.342/3","geometry":{"type":"Polygon","coordinates":[[[16.3637120535723,52.0131112398697],[16.3639391141785,52.0133158891099],[16.3645080766651,52.0130755047171],[16.3643326295852,52.0128532701944],[16.3639346352365,52.0130201245274],[16.3637120535723,52.0131112398697]]]},"properties":{"case_id":"ST-WK-WO/WNIOSEK/24644/2025","source_type":"wniosek_decyzja","received_date":"2025-12-04","decision_date":"2025-12-16","status":"decyzja wydana","description":"Budynek gospodarczo-garażowy","address":"Sączkowo","city":"Sączkowo","office":"Starosta Powiatu Wolsztyn","case_kind":"Obiekt budowlany inny niż budynek mieszkalny jednorodzinny","parcel_ids":["302901_2.0020.342/3"],"location_quality":"dokładny","gunb_url":"https://wyszukiwarka.gunb.gov.pl/","parcel_count":1,"parcel_shard":"x065-y208","parcel_id":"302901_2.0020.342/3","location_source":"powiat wolsztyński (wfs)"}},{"type":"Feature","id":"ST-WK-WO/WNIOSEK/5448/2026::302901_2.0021.629/2","geometry":{"type":"Polygon","coordinates":[[[16.3495603166122,52.0509153751431],[16.3496121800591,52.0511748116986],[16.3497696437327,52.0511654703079],[16.3513033522017,52.050922277935],[16.3511723823846,52.050718127852],[16.3516461643917,52.0506341269625],[16.3516166911945,52.0505898816756],[16.350428695084,52.0507806680932],[16.3495603166122,52.0509153751431]]]},"properties":{"case_id":"ST-WK-WO/WNIOSEK/5448/2026","source_type":"wniosek_decyzja","received_date":"2026-03-24","decision_date":"2026-05-22","status":"decyzja wydana","description":"Budynek gospodarczy","address":"Siekowo","city":"Siekowo","office":"Starosta Powiatu Wolsztyn","case_kind":"Obiekt budowlany inny niż budynek mieszkalny jednorodzinny","parcel_ids":["302901_2.0021.629/2"],"location_quality":"dokładny","gunb_url":"https://wyszukiwarka.gunb.gov.pl/","parcel_count":1,"parcel_shard":"x065-y208","parcel_id":"302901_2.0021.629/2","location_source":"powiat wolsztyński (wfs)"}},{"type":"Feature","id":"ST-WK-WO/WNIOSEK/24403/2025::302901_2.0021.629/2","geometry":{"type":"Polygon","coordinates":[[[16.3495603166122,52.0509153751431],[16.3496121800591,52.0511748116986],[16.3497696437327,52.0511654703079],[16.3513033522017,52.050922277935],[16.3511723823846,52.050718127852],[16.3516461643917,52.0506341269625],[16.3516166911945,52.0505898816756],[16.350428695084,52.0507806680932],[16.3495603166122,52.0509153751431]]]},"properties":{"case_id":"ST-WK-WO/WNIOSEK/24403/2025","source_type":"wniosek_decyzja","received_date":"2025-12-02","decision_date":"2026-01-08","status":"decyzja wydana","description":"Rozbiórka budynku mieszkalnego","address":"Siekowo","city":"Siekowo","office":"Starosta Powiatu Wolsztyn","case_kind":"Budynek mieszkalny jednorodzinny","parcel_ids":["302901_2.0021.629/2"],"location_quality":"dokładny","gunb_url":"https://wyszukiwarka.gunb.gov.pl/","parcel_count":1,"parcel_shard":"x065-y208","parcel_id":"302901_2.0021.629/2","location_source":"powiat wolsztyński (wfs)"}},{"type":"Feature","id":"ST-WK-WO/WNIOSEK/3783/2026::302901_2.0021.658","geometry":{"type":"Polygon","coordinates":[[[16.3533755734978,52.0545234104549],[16.3537941270406,52.0544203572398],[16.3535687537711,52.0541226378794],[16.3540557436029,52.0540118763425],[16.353943861191,52.0538703334103],[16.3527366178897,52.0541650021363],[16.3527565500441,52.0542070196363],[16.3525093488735,52.0542918331545],[16.3527617074441,52.0545279590226],[16.3528315576275,52.0544987367701],[16.3529014655267,52.0544821678632],[16.3532745569454,52.0543912544198],[16.3533755734978,52.0545234104549]]]},"properties":{"case_id":"ST-WK-WO/WNIOSEK/3783/2026","source_type":"wniosek_decyzja","received_date":"2026-03-02","decision_date":"2026-03-24","status":"decyzja wydana","description":"rozbiórka budynków gospodarczo-inwentarskich","address":"Siekowo","city":"Siekowo","office":"Starosta Powiatu Wolsztyn","case_kind":"Obiekt budowlany inny niż budynek mieszkalny jednorodzinny","parcel_ids":["302901_2.0021.658"],"location_quality":"dokładny","gunb_url":"https://wyszukiwarka.gunb.gov.pl/","parcel_count":1,"parcel_shard":"x065-y208","parcel_id":"302901_2.0021.658","location_source":"powiat wolsztyński (wfs)"}}]}