{"type":"FeatureCollection","features":[{"type":"Feature","id":"ST-WK-PO/WNIOSEK/2052/2026::302109_4.0001.173","geometry":{"type":"Polygon","coordinates":[[[17.0925727636234,52.2327920648396],[17.092501021034,52.2327333753497],[17.0924866381664,52.2327387328306],[17.0924340648999,52.2327271331689],[17.0924064505201,52.2327206796565],[17.0924492194838,52.2326518627061],[17.0924635351887,52.2326555391713],[17.0924667858934,52.2326503358312],[17.0925987979455,52.2326826015383],[17.0925998302071,52.2326786374464],[17.0926211148699,52.232678893385],[17.0927014424144,52.232745044165],[17.0925727636234,52.2327920648396]]]},"properties":{"case_id":"ST-WK-PO/WNIOSEK/2052/2026","source_type":"wniosek_decyzja","received_date":"2026-02-04","decision_date":"2026-05-08","status":"decyzja wydana","description":"wniosek o pozwolenie na remont budynku mieszkalnego jednorodzinnego w granicach działki 172,175,171","address":"Kórnik","city":"Kórnik","office":"Starosta Powiatu Poznań","case_kind":"Budynek mieszkalny jednorodzinny","parcel_ids":["302109_4.0001.173"],"location_quality":"dokładny","gunb_url":"https://wyszukiwarka.gunb.gov.pl/","parcel_count":1,"parcel_shard":"x068-y208","parcel_id":"302109_4.0001.173","location_source":"powiat poznański (wfs)"}},{"type":"Feature","id":"ST-WK-PO/WNIOSEK/22119/2025::302109_4.0001.282/5","geometry":{"type":"Polygon","coordinates":[[[17.0959673328099,52.230948886584],[17.0960553735403,52.2308656363117],[17.0961055662082,52.2308852236324],[17.0960868023254,52.2309050932859],[17.0961101540203,52.2309130995101],[17.0960464789024,52.2309828901919],[17.0959673328099,52.230948886584]]]},"properties":{"case_id":"ST-WK-PO/WNIOSEK/22119/2025","source_type":"wniosek_decyzja","received_date":"2025-10-28","decision_date":"2026-01-23","status":"decyzja wydana","description":"dot. budowy  toalet publicznych wraz z niezbędną infrastrukturą techniczną","address":"Śremska, Kórnik","city":"Kórnik","office":"Starosta Powiatu Poznań","case_kind":"Obiekt budowlany inny niż budynek mieszkalny jednorodzinny","parcel_ids":["302109_4.0001.282/5"],"location_quality":"dokładny","gunb_url":"https://wyszukiwarka.gunb.gov.pl/","parcel_count":1,"parcel_shard":"x068-y208","parcel_id":"302109_4.0001.282/5","location_source":"powiat poznański (wfs)"}},{"type":"Feature","id":"ST-WK-PO/WNIOSEK/2806/2026::302109_4.0001.321/11","geometry":{"type":"Polygon","coordinates":[[[17.0824649351222,52.2269668362121],[17.0822396875989,52.2268813168672],[17.0824783173894,52.2266442712937],[17.0826106178506,52.2266945538971],[17.0827035623291,52.2267298800494],[17.0824649351222,52.2269668362121]]]},"properties":{"case_id":"ST-WK-PO/WNIOSEK/2806/2026","source_type":"wniosek_decyzja","received_date":"2026-02-16","decision_date":"2026-04-24","status":"decyzja wydana","description":"dot. wniosku o pozwolenie na budowę dwóch budynków mieszkalnych w zabudowie bliźniaczej ze zbiornikami na ścieki","address":"Kórnik","city":"Kórnik","office":"Starosta Powiatu Poznań","case_kind":"Budynek mieszkalny jednorodzinny","parcel_ids":["302109_4.0001.321/11","302109_4.0001.321/12"],"location_quality":"dokładny","gunb_url":"https://wyszukiwarka.gunb.gov.pl/","parcel_count":2,"parcel_shard":"x068-y208","parcel_id":"302109_4.0001.321/11","location_source":"powiat poznański (wfs)"}},{"type":"Feature","id":"ST-WK-PO/WNIOSEK/2806/2026::302109_4.0001.321/12","geometry":{"type":"Polygon","coordinates":[[[17.0822396875989,52.2268813168672],[17.0820144409487,52.2267957970905],[17.0822530696199,52.2265588418384],[17.082420226134,52.2266222485045],[17.0824783173894,52.2266442712937],[17.0822396875989,52.2268813168672]]]},"properties":{"case_id":"ST-WK-PO/WNIOSEK/2806/2026","source_type":"wniosek_decyzja","received_date":"2026-02-16","decision_date":"2026-04-24","status":"decyzja wydana","description":"dot. wniosku o pozwolenie na budowę dwóch budynków mieszkalnych w zabudowie bliźniaczej ze zbiornikami na ścieki","address":"Kórnik","city":"Kórnik","office":"Starosta Powiatu Poznań","case_kind":"Budynek mieszkalny jednorodzinny","parcel_ids":["302109_4.0001.321/11","302109_4.0001.321/12"],"location_quality":"dokładny","gunb_url":"https://wyszukiwarka.gunb.gov.pl/","parcel_count":2,"parcel_shard":"x068-y208","parcel_id":"302109_4.0001.321/12","location_source":"powiat poznański (wfs)"}},{"type":"Feature","id":"ST-WK-PO/WNIOSEK/3772/2026::302109_4.0001.321/13","geometry":{"type":"Polygon","coordinates":[[[17.0820144409487,52.2267957970905],[17.0817891951717,52.2267102768822],[17.0820278264123,52.226473232228],[17.0820398798946,52.2264778199669],[17.0822299795367,52.2265500338178],[17.0822530696199,52.2265588418384],[17.0820144409487,52.2267957970905]]]},"properties":{"case_id":"ST-WK-PO/WNIOSEK/3772/2026","source_type":"wniosek_decyzja","received_date":"2026-03-02","decision_date":"2026-05-22","status":"decyzja wydana","description":"dot. budowy dwóch budynków mieszkalnych jednorodzinnych w zabudowie bliźniaczej ze zbiornikami na ścieki","address":"Kórnik","city":"Kórnik","office":"Starosta Powiatu Poznań","case_kind":"Budynek mieszkalny jednorodzinny","parcel_ids":["302109_4.0001.321/13","302109_4.0001.321/14"],"location_quality":"dokładny","gunb_url":"https://wyszukiwarka.gunb.gov.pl/","parcel_count":2,"parcel_shard":"x068-y208","parcel_id":"302109_4.0001.321/13","location_source":"powiat poznański (wfs)"}},{"type":"Feature","id":"ST-WK-PO/WNIOSEK/3772/2026::302109_4.0001.321/14","geometry":{"type":"Polygon","coordinates":[[[17.0817891951717,52.2267102768822],[17.0815642410804,52.2266248483975],[17.0818028730527,52.2263878041935],[17.0818493437152,52.2264055125314],[17.0820278264123,52.226473232228],[17.0817891951717,52.2267102768822]]]},"properties":{"case_id":"ST-WK-PO/WNIOSEK/3772/2026","source_type":"wniosek_decyzja","received_date":"2026-03-02","decision_date":"2026-05-22","status":"decyzja wydana","description":"dot. budowy dwóch budynków mieszkalnych jednorodzinnych w zabudowie bliźniaczej ze zbiornikami na ścieki","address":"Kórnik","city":"Kórnik","office":"Starosta Powiatu Poznań","case_kind":"Budynek mieszkalny jednorodzinny","parcel_ids":["302109_4.0001.321/13","302109_4.0001.321/14"],"location_quality":"dokładny","gunb_url":"https://wyszukiwarka.gunb.gov.pl/","parcel_count":2,"parcel_shard":"x068-y208","parcel_id":"302109_4.0001.321/14","location_source":"powiat poznański (wfs)"}},{"type":"Feature","id":"ST-WK-PO/WNIOSEK/7907/2026::302109_4.0001.321/15","geometry":{"type":"Polygon","coordinates":[[[17.0815642410804,52.2266248483975],[17.0813112576725,52.2265288651125],[17.0815498904806,52.2262918214251],[17.0815570072861,52.2262944833182],[17.0816589544926,52.2263332059222],[17.0818028730527,52.2263878041935],[17.0815642410804,52.2266248483975]]]},"properties":{"case_id":"ST-WK-PO/WNIOSEK/7907/2026","source_type":"wniosek_decyzja","received_date":"2026-04-27","decision_date":"2026-07-06","status":"decyzja wydana","description":"dot. budowy dwóch budynków mieszkalnych jednorodzinnych dwulokalowych w zabudowie bliźniaczej  i czterech zbiorniłów na ścieki","address":"Kórnik","city":"Kórnik","office":"Starosta Powiatu Poznań","case_kind":"Budynek mieszkalny jednorodzinny","parcel_ids":["302109_4.0001.321/15","302109_4.0001.321/16"],"location_quality":"dokładny","gunb_url":"https://wyszukiwarka.gunb.gov.pl/","parcel_count":2,"parcel_shard":"x068-y208","parcel_id":"302109_4.0001.321/15","location_source":"powiat poznański (wfs)"}},{"type":"Feature","id":"ST-WK-PO/WNIOSEK/7907/2026::302109_4.0001.321/16","geometry":{"type":"Polygon","coordinates":[[[17.0813112576725,52.2265288651125],[17.0810582772189,52.2264327914327],[17.0812970571797,52.226195749391],[17.0814685658792,52.2262608990108],[17.0815498904806,52.2262918214251],[17.0813112576725,52.2265288651125]]]},"properties":{"case_id":"ST-WK-PO/WNIOSEK/7907/2026","source_type":"wniosek_decyzja","received_date":"2026-04-27","decision_date":"2026-07-06","status":"decyzja wydana","description":"dot. budowy dwóch budynków mieszkalnych jednorodzinnych dwulokalowych w zabudowie bliźniaczej  i czterech zbiorniłów na ścieki","address":"Kórnik","city":"Kórnik","office":"Starosta Powiatu Poznań","case_kind":"Budynek mieszkalny jednorodzinny","parcel_ids":["302109_4.0001.321/15","302109_4.0001.321/16"],"location_quality":"dokładny","gunb_url":"https://wyszukiwarka.gunb.gov.pl/","parcel_count":2,"parcel_shard":"x068-y208","parcel_id":"302109_4.0001.321/16","location_source":"powiat poznański (wfs)"}},{"type":"Feature","id":"ST-WK-PO/WNIOSEK/5941/2026::302109_4.0001.324/2","geometry":{"type":"Polygon","coordinates":[[[17.0811152782514,52.2252881646055],[17.0808333036993,52.2255688212229],[17.0806963574133,52.2255169724652],[17.0809783343528,52.2252362263077],[17.08100171431,52.2252451267046],[17.0811152782514,52.2252881646055]]]},"properties":{"case_id":"ST-WK-PO/WNIOSEK/5941/2026","source_type":"wniosek_decyzja","received_date":"2026-03-27","decision_date":"2026-06-18","status":"decyzja wydana","description":"wniosku o wydanie decyzji o zmianie pozwolenia na budowę nr.5285/16 z dnia 10.10.2016r. zmienione decyzją nr. 3565/17 z dnia 30.06.2017, zmienione decyzją nr.556/21 z dnia 03.02.2021r., 2261/22 z dnia 06.06.2022r. - budowa 25 budynkó mieszkalnych jednorodzinnych w zabudowie szeregowej  - zmiana dotyczy budynków 1,2,3,4,5,6","address":"Kórnik","city":"Kórnik","office":"Starosta Powiatu Poznań","case_kind":"Budynek mieszkalny jednorodzinny","parcel_ids":["302109_4.0001.324/2","302109_4.0001.324/28","302109_4.0001.324/3","302109_4.0001.324/4","302109_4.0001.324/5","302109_4.0001.324/6"],"location_quality":"dokładny","gunb_url":"https://wyszukiwarka.gunb.gov.pl/","parcel_count":6,"parcel_shard":"x068-y208","parcel_id":"302109_4.0001.324/2","location_source":"powiat poznański (wfs)"}},{"type":"Feature","id":"ST-WK-PO/WNIOSEK/5941/2026::302109_4.0001.324/28","geometry":{"type":"Polygon","coordinates":[[[17.0808894583316,52.2252025482897],[17.0809783343528,52.2252362263077],[17.0806963574133,52.2255169724652],[17.0805357406365,52.2254561308993],[17.0805188220764,52.2253965884485],[17.0806871777709,52.2252315320803],[17.0808117793401,52.2252787008344],[17.0808894583316,52.2252025482897]]]},"properties":{"case_id":"ST-WK-PO/WNIOSEK/5941/2026","source_type":"wniosek_decyzja","received_date":"2026-03-27","decision_date":"2026-06-18","status":"decyzja wydana","description":"wniosku o wydanie decyzji o zmianie pozwolenia na budowę nr.5285/16 z dnia 10.10.2016r. zmienione decyzją nr. 3565/17 z dnia 30.06.2017, zmienione decyzją nr.556/21 z dnia 03.02.2021r., 2261/22 z dnia 06.06.2022r. - budowa 25 budynkó mieszkalnych jednorodzinnych w zabudowie szeregowej  - zmiana dotyczy budynków 1,2,3,4,5,6","address":"Kórnik","city":"Kórnik","office":"Starosta Powiatu Poznań","case_kind":"Budynek mieszkalny jednorodzinny","parcel_ids":["302109_4.0001.324/2","302109_4.0001.324/28","302109_4.0001.324/3","302109_4.0001.324/4","302109_4.0001.324/5","302109_4.0001.324/6"],"location_quality":"dokładny","gunb_url":"https://wyszukiwarka.gunb.gov.pl/","parcel_count":6,"parcel_shard":"x068-y208","parcel_id":"302109_4.0001.324/28","location_source":"powiat poznański (wfs)"}},{"type":"Feature","id":"ST-WK-PO/WNIOSEK/5941/2026::302109_4.0001.324/3","geometry":{"type":"Polygon","coordinates":[[[17.0812523688159,52.2253401038856],[17.0809702484525,52.2256207596948],[17.0808333036993,52.2255688212229],[17.0811152782514,52.2252881646055],[17.0811498407499,52.2253012865163],[17.0812523688159,52.2253401038856]]]},"properties":{"case_id":"ST-WK-PO/WNIOSEK/5941/2026","source_type":"wniosek_decyzja","received_date":"2026-03-27","decision_date":"2026-06-18","status":"decyzja wydana","description":"wniosku o wydanie decyzji o zmianie pozwolenia na budowę nr.5285/16 z dnia 10.10.2016r. zmienione decyzją nr. 3565/17 z dnia 30.06.2017, zmienione decyzją nr.556/21 z dnia 03.02.2021r., 2261/22 z dnia 06.06.2022r. - budowa 25 budynkó mieszkalnych jednorodzinnych w zabudowie szeregowej  - zmiana dotyczy budynków 1,2,3,4,5,6","address":"Kórnik","city":"Kórnik","office":"Starosta Powiatu Poznań","case_kind":"Budynek mieszkalny jednorodzinny","parcel_ids":["302109_4.0001.324/2","302109_4.0001.324/28","302109_4.0001.324/3","302109_4.0001.324/4","302109_4.0001.324/5","302109_4.0001.324/6"],"location_quality":"dokładny","gunb_url":"https://wyszukiwarka.gunb.gov.pl/","parcel_count":6,"parcel_shard":"x068-y208","parcel_id":"302109_4.0001.324/3","location_source":"powiat poznański (wfs)"}},{"type":"Feature","id":"ST-WK-PO/WNIOSEK/5941/2026::302109_4.0001.324/4","geometry":{"type":"Polygon","coordinates":[[[17.0813893133588,52.2253920418797],[17.0811073417118,52.2256726092874],[17.0809702484525,52.2256207596948],[17.0812523688159,52.2253401038856],[17.0812978212378,52.2253574450068],[17.0813893133588,52.2253920418797]]]},"properties":{"case_id":"ST-WK-PO/WNIOSEK/5941/2026","source_type":"wniosek_decyzja","received_date":"2026-03-27","decision_date":"2026-06-18","status":"decyzja wydana","description":"wniosku o wydanie decyzji o zmianie pozwolenia na budowę nr.5285/16 z dnia 10.10.2016r. zmienione decyzją nr. 3565/17 z dnia 30.06.2017, zmienione decyzją nr.556/21 z dnia 03.02.2021r., 2261/22 z dnia 06.06.2022r. - budowa 25 budynkó mieszkalnych jednorodzinnych w zabudowie szeregowej  - zmiana dotyczy budynków 1,2,3,4,5,6","address":"Kórnik","city":"Kórnik","office":"Starosta Powiatu Poznań","case_kind":"Budynek mieszkalny jednorodzinny","parcel_ids":["302109_4.0001.324/2","302109_4.0001.324/28","302109_4.0001.324/3","302109_4.0001.324/4","302109_4.0001.324/5","302109_4.0001.324/6"],"location_quality":"dokładny","gunb_url":"https://wyszukiwarka.gunb.gov.pl/","parcel_count":6,"parcel_shard":"x068-y208","parcel_id":"302109_4.0001.324/4","location_source":"powiat poznański (wfs)"}},{"type":"Feature","id":"ST-WK-PO/WNIOSEK/5941/2026::302109_4.0001.324/5","geometry":{"type":"Polygon","coordinates":[[[17.0815262582394,52.2254439796998],[17.0812442871098,52.2257245474377],[17.0811073417118,52.2256726092874],[17.0813893133588,52.2253920418797],[17.0814460947609,52.2254136055821],[17.0815262582394,52.2254439796998]]]},"properties":{"case_id":"ST-WK-PO/WNIOSEK/5941/2026","source_type":"wniosek_decyzja","received_date":"2026-03-27","decision_date":"2026-06-18","status":"decyzja wydana","description":"wniosku o wydanie decyzji o zmianie pozwolenia na budowę nr.5285/16 z dnia 10.10.2016r. zmienione decyzją nr. 3565/17 z dnia 30.06.2017, zmienione decyzją nr.556/21 z dnia 03.02.2021r., 2261/22 z dnia 06.06.2022r. - budowa 25 budynkó mieszkalnych jednorodzinnych w zabudowie szeregowej  - zmiana dotyczy budynków 1,2,3,4,5,6","address":"Kórnik","city":"Kórnik","office":"Starosta Powiatu Poznań","case_kind":"Budynek mieszkalny jednorodzinny","parcel_ids":["302109_4.0001.324/2","302109_4.0001.324/28","302109_4.0001.324/3","302109_4.0001.324/4","302109_4.0001.324/5","302109_4.0001.324/6"],"location_quality":"dokładny","gunb_url":"https://wyszukiwarka.gunb.gov.pl/","parcel_count":6,"parcel_shard":"x068-y208","parcel_id":"302109_4.0001.324/5","location_source":"powiat poznański (wfs)"}},{"type":"Feature","id":"ST-WK-PO/WNIOSEK/5941/2026::302109_4.0001.324/6","geometry":{"type":"Polygon","coordinates":[[[17.081703577049,52.225511151581],[17.0814217529353,52.2257917208757],[17.0812442871098,52.2257245474377],[17.0815262582394,52.2254439796998],[17.0816340142504,52.2254848147838],[17.081703577049,52.225511151581]]]},"properties":{"case_id":"ST-WK-PO/WNIOSEK/5941/2026","source_type":"wniosek_decyzja","received_date":"2026-03-27","decision_date":"2026-06-18","status":"decyzja wydana","description":"wniosku o wydanie decyzji o zmianie pozwolenia na budowę nr.5285/16 z dnia 10.10.2016r. zmienione decyzją nr. 3565/17 z dnia 30.06.2017, zmienione decyzją nr.556/21 z dnia 03.02.2021r., 2261/22 z dnia 06.06.2022r. - budowa 25 budynkó mieszkalnych jednorodzinnych w zabudowie szeregowej  - zmiana dotyczy budynków 1,2,3,4,5,6","address":"Kórnik","city":"Kórnik","office":"Starosta Powiatu Poznań","case_kind":"Budynek mieszkalny jednorodzinny","parcel_ids":["302109_4.0001.324/2","302109_4.0001.324/28","302109_4.0001.324/3","302109_4.0001.324/4","302109_4.0001.324/5","302109_4.0001.324/6"],"location_quality":"dokładny","gunb_url":"https://wyszukiwarka.gunb.gov.pl/","parcel_count":6,"parcel_shard":"x068-y208","parcel_id":"302109_4.0001.324/6","location_source":"powiat poznański (wfs)"}},{"type":"Feature","id":"ST-WK-PO/WNIOSEK/19496/2025::302109_4.0001.529/10","geometry":{"type":"Polygon","coordinates":[[[17.0932067371733,52.2254658993928],[17.0933054840406,52.2254034724595],[17.0936162948433,52.225593079512],[17.0934744405034,52.2256808812694],[17.0934224566435,52.2256390473656],[17.0932657794565,52.2255132702904],[17.0932067371733,52.2254658993928]]]},"properties":{"case_id":"ST-WK-PO/WNIOSEK/19496/2025","source_type":"wniosek_decyzja","received_date":"2025-09-24","decision_date":"2025-11-18","status":"decyzja wydana","description":"zmiana decyzji nr nr 3229/24 z dnia 11.10.2024 r. znak AB.6740.10.060.2024.XVI przeniesionej decyzją nr 890/25 z dnia 27.03.2025 r. znak AB>6740.10.42.2025.XVI dot. budowy zespołu 8 budynków mieszkalnych jednorodzinnych dwulokalowych oraz jednego budynku mieszkalnego jednorodzinnego jednolokalowego w zabudowie szeregowej wraz z drogą wewnętrzną","address":"Kórnik","city":"Kórnik","office":"Starosta Powiatu Poznań","case_kind":"Budynek mieszkalny jednorodzinny","parcel_ids":["302109_4.0001.529/10","302109_4.0001.529/11","302109_4.0001.529/12","302109_4.0001.529/13","302109_4.0001.529/14","302109_4.0001.529/5","302109_4.0001.529/6","302109_4.0001.529/7","302109_4.0001.529/8","302109_4.0001.529/9"],"location_quality":"dokładny","gunb_url":"https://wyszukiwarka.gunb.gov.pl/","parcel_count":10,"parcel_shard":"x068-y208","parcel_id":"302109_4.0001.529/10","location_source":"powiat poznański (wfs)"}},{"type":"Feature","id":"ST-WK-PO/WNIOSEK/19496/2025::302109_4.0001.529/11","geometry":{"type":"Polygon","coordinates":[[[17.0936162948433,52.225593079512],[17.0933054840406,52.2254034724595],[17.0934496005908,52.2253123627264],[17.0937620009529,52.2255029702891],[17.0936162948433,52.225593079512]]]},"properties":{"case_id":"ST-WK-PO/WNIOSEK/19496/2025","source_type":"wniosek_decyzja","received_date":"2025-09-24","decision_date":"2025-11-18","status":"decyzja wydana","description":"zmiana decyzji nr nr 3229/24 z dnia 11.10.2024 r. znak AB.6740.10.060.2024.XVI przeniesionej decyzją nr 890/25 z dnia 27.03.2025 r. znak AB>6740.10.42.2025.XVI dot. budowy zespołu 8 budynków mieszkalnych jednorodzinnych dwulokalowych oraz jednego budynku mieszkalnego jednorodzinnego jednolokalowego w zabudowie szeregowej wraz z drogą wewnętrzną","address":"Kórnik","city":"Kórnik","office":"Starosta Powiatu Poznań","case_kind":"Budynek mieszkalny jednorodzinny","parcel_ids":["302109_4.0001.529/10","302109_4.0001.529/11","302109_4.0001.529/12","302109_4.0001.529/13","302109_4.0001.529/14","302109_4.0001.529/5","302109_4.0001.529/6","302109_4.0001.529/7","302109_4.0001.529/8","302109_4.0001.529/9"],"location_quality":"dokładny","gunb_url":"https://wyszukiwarka.gunb.gov.pl/","parcel_count":10,"parcel_shard":"x068-y208","parcel_id":"302109_4.0001.529/11","location_source":"powiat poznański (wfs)"}},{"type":"Feature","id":"ST-WK-PO/WNIOSEK/19496/2025::302109_4.0001.529/12","geometry":{"type":"Polygon","coordinates":[[[17.0937620009529,52.2255029702891],[17.0934496005908,52.2253123627264],[17.0935935683779,52.225221341549],[17.0939077064724,52.2254128608793],[17.0937620009529,52.2255029702891]]]},"properties":{"case_id":"ST-WK-PO/WNIOSEK/19496/2025","source_type":"wniosek_decyzja","received_date":"2025-09-24","decision_date":"2025-11-18","status":"decyzja wydana","description":"zmiana decyzji nr nr 3229/24 z dnia 11.10.2024 r. znak AB.6740.10.060.2024.XVI przeniesionej decyzją nr 890/25 z dnia 27.03.2025 r. znak AB>6740.10.42.2025.XVI dot. budowy zespołu 8 budynków mieszkalnych jednorodzinnych dwulokalowych oraz jednego budynku mieszkalnego jednorodzinnego jednolokalowego w zabudowie szeregowej wraz z drogą wewnętrzną","address":"Kórnik","city":"Kórnik","office":"Starosta Powiatu Poznań","case_kind":"Budynek mieszkalny jednorodzinny","parcel_ids":["302109_4.0001.529/10","302109_4.0001.529/11","302109_4.0001.529/12","302109_4.0001.529/13","302109_4.0001.529/14","302109_4.0001.529/5","302109_4.0001.529/6","302109_4.0001.529/7","302109_4.0001.529/8","302109_4.0001.529/9"],"location_quality":"dokładny","gunb_url":"https://wyszukiwarka.gunb.gov.pl/","parcel_count":10,"parcel_shard":"x068-y208","parcel_id":"302109_4.0001.529/12","location_source":"powiat poznański (wfs)"}},{"type":"Feature","id":"ST-WK-PO/WNIOSEK/19496/2025::302109_4.0001.529/13","geometry":{"type":"Polygon","coordinates":[[[17.0939077064724,52.2254128608793],[17.0935935683779,52.225221341549],[17.0937376837474,52.2251302314589],[17.0940534114016,52.2253227512825],[17.0939077064724,52.2254128608793]]]},"properties":{"case_id":"ST-WK-PO/WNIOSEK/19496/2025","source_type":"wniosek_decyzja","received_date":"2025-09-24","decision_date":"2025-11-18","status":"decyzja wydana","description":"zmiana decyzji nr nr 3229/24 z dnia 11.10.2024 r. znak AB.6740.10.060.2024.XVI przeniesionej decyzją nr 890/25 z dnia 27.03.2025 r. znak AB>6740.10.42.2025.XVI dot. budowy zespołu 8 budynków mieszkalnych jednorodzinnych dwulokalowych oraz jednego budynku mieszkalnego jednorodzinnego jednolokalowego w zabudowie szeregowej wraz z drogą wewnętrzną","address":"Kórnik","city":"Kórnik","office":"Starosta Powiatu Poznań","case_kind":"Budynek mieszkalny jednorodzinny","parcel_ids":["302109_4.0001.529/10","302109_4.0001.529/11","302109_4.0001.529/12","302109_4.0001.529/13","302109_4.0001.529/14","302109_4.0001.529/5","302109_4.0001.529/6","302109_4.0001.529/7","302109_4.0001.529/8","302109_4.0001.529/9"],"location_quality":"dokładny","gunb_url":"https://wyszukiwarka.gunb.gov.pl/","parcel_count":10,"parcel_shard":"x068-y208","parcel_id":"302109_4.0001.529/13","location_source":"powiat poznański (wfs)"}},{"type":"Feature","id":"ST-WK-PO/WNIOSEK/19496/2025::302109_4.0001.529/14","geometry":{"type":"Polygon","coordinates":[[[17.0942260925945,52.2252159511195],[17.0940534114016,52.2253227512825],[17.0937376837474,52.2251302314589],[17.0939090790338,52.2250218939251],[17.0940309977174,52.2250211221118],[17.0940898556973,52.2250566270407],[17.0942260925945,52.2252159511195]]]},"properties":{"case_id":"ST-WK-PO/WNIOSEK/19496/2025","source_type":"wniosek_decyzja","received_date":"2025-09-24","decision_date":"2025-11-18","status":"decyzja wydana","description":"zmiana decyzji nr nr 3229/24 z dnia 11.10.2024 r. znak AB.6740.10.060.2024.XVI przeniesionej decyzją nr 890/25 z dnia 27.03.2025 r. znak AB>6740.10.42.2025.XVI dot. budowy zespołu 8 budynków mieszkalnych jednorodzinnych dwulokalowych oraz jednego budynku mieszkalnego jednorodzinnego jednolokalowego w zabudowie szeregowej wraz z drogą wewnętrzną","address":"Kórnik","city":"Kórnik","office":"Starosta Powiatu Poznań","case_kind":"Budynek mieszkalny jednorodzinny","parcel_ids":["302109_4.0001.529/10","302109_4.0001.529/11","302109_4.0001.529/12","302109_4.0001.529/13","302109_4.0001.529/14","302109_4.0001.529/5","302109_4.0001.529/6","302109_4.0001.529/7","302109_4.0001.529/8","302109_4.0001.529/9"],"location_quality":"dokładny","gunb_url":"https://wyszukiwarka.gunb.gov.pl/","parcel_count":10,"parcel_shard":"x068-y208","parcel_id":"302109_4.0001.529/14","location_source":"powiat poznański (wfs)"}},{"type":"Feature","id":"ST-WK-PO/WNIOSEK/19496/2025::302109_4.0001.529/5","geometry":{"type":"Polygon","coordinates":[[[17.0940309977174,52.2250211221118],[17.0939090790338,52.2250218939251],[17.0937376837474,52.2251302314589],[17.0935935683779,52.225221341549],[17.0934496005908,52.2253123627264],[17.0933054840406,52.2254034724595],[17.0932067371733,52.2254658993928],[17.0931347371711,52.2254080028289],[17.0933519476462,52.2252708071528],[17.0934962099951,52.225179698479],[17.0936403235949,52.2250886783788],[17.0938311394369,52.2249681765391],[17.0938365394004,52.2249042235225],[17.0940309977174,52.2250211221118]]]},"properties":{"case_id":"ST-WK-PO/WNIOSEK/19496/2025","source_type":"wniosek_decyzja","received_date":"2025-09-24","decision_date":"2025-11-18","status":"decyzja wydana","description":"zmiana decyzji nr nr 3229/24 z dnia 11.10.2024 r. znak AB.6740.10.060.2024.XVI przeniesionej decyzją nr 890/25 z dnia 27.03.2025 r. znak AB>6740.10.42.2025.XVI dot. budowy zespołu 8 budynków mieszkalnych jednorodzinnych dwulokalowych oraz jednego budynku mieszkalnego jednorodzinnego jednolokalowego w zabudowie szeregowej wraz z drogą wewnętrzną","address":"Kórnik","city":"Kórnik","office":"Starosta Powiatu Poznań","case_kind":"Budynek mieszkalny jednorodzinny","parcel_ids":["302109_4.0001.529/10","302109_4.0001.529/11","302109_4.0001.529/12","302109_4.0001.529/13","302109_4.0001.529/14","302109_4.0001.529/5","302109_4.0001.529/6","302109_4.0001.529/7","302109_4.0001.529/8","302109_4.0001.529/9"],"location_quality":"dokładny","gunb_url":"https://wyszukiwarka.gunb.gov.pl/","parcel_count":10,"parcel_shard":"x068-y208","parcel_id":"302109_4.0001.529/5","location_source":"powiat poznański (wfs)"}},{"type":"Feature","id":"ST-WK-PO/WNIOSEK/19496/2025::302109_4.0001.529/6","geometry":{"type":"Polygon","coordinates":[[[17.0935258616285,52.2247801404735],[17.0937990926407,52.2248816387703],[17.0938365394004,52.2249042235225],[17.0938311394369,52.2249681765391],[17.0936403235949,52.2250886783788],[17.0933316031944,52.2249043903222],[17.0935258616285,52.2247801404735]]]},"properties":{"case_id":"ST-WK-PO/WNIOSEK/19496/2025","source_type":"wniosek_decyzja","received_date":"2025-09-24","decision_date":"2025-11-18","status":"decyzja wydana","description":"zmiana decyzji nr nr 3229/24 z dnia 11.10.2024 r. znak AB.6740.10.060.2024.XVI przeniesionej decyzją nr 890/25 z dnia 27.03.2025 r. znak AB>6740.10.42.2025.XVI dot. budowy zespołu 8 budynków mieszkalnych jednorodzinnych dwulokalowych oraz jednego budynku mieszkalnego jednorodzinnego jednolokalowego w zabudowie szeregowej wraz z drogą wewnętrzną","address":"Kórnik","city":"Kórnik","office":"Starosta Powiatu Poznań","case_kind":"Budynek mieszkalny jednorodzinny","parcel_ids":["302109_4.0001.529/10","302109_4.0001.529/11","302109_4.0001.529/12","302109_4.0001.529/13","302109_4.0001.529/14","302109_4.0001.529/5","302109_4.0001.529/6","302109_4.0001.529/7","302109_4.0001.529/8","302109_4.0001.529/9"],"location_quality":"dokładny","gunb_url":"https://wyszukiwarka.gunb.gov.pl/","parcel_count":10,"parcel_shard":"x068-y208","parcel_id":"302109_4.0001.529/6","location_source":"powiat poznański (wfs)"}},{"type":"Feature","id":"ST-WK-PO/WNIOSEK/19496/2025::302109_4.0001.529/7","geometry":{"type":"Polygon","coordinates":[[[17.0933316031944,52.2249043903222],[17.0936403235949,52.2250886783788],[17.0934962099951,52.225179698479],[17.0931883547717,52.2249960458679],[17.0933316031944,52.2249043903222]]]},"properties":{"case_id":"ST-WK-PO/WNIOSEK/19496/2025","source_type":"wniosek_decyzja","received_date":"2025-09-24","decision_date":"2025-11-18","status":"decyzja wydana","description":"zmiana decyzji nr nr 3229/24 z dnia 11.10.2024 r. znak AB.6740.10.060.2024.XVI przeniesionej decyzją nr 890/25 z dnia 27.03.2025 r. znak AB>6740.10.42.2025.XVI dot. budowy zespołu 8 budynków mieszkalnych jednorodzinnych dwulokalowych oraz jednego budynku mieszkalnego jednorodzinnego jednolokalowego w zabudowie szeregowej wraz z drogą wewnętrzną","address":"Kórnik","city":"Kórnik","office":"Starosta Powiatu Poznań","case_kind":"Budynek mieszkalny jednorodzinny","parcel_ids":["302109_4.0001.529/10","302109_4.0001.529/11","302109_4.0001.529/12","302109_4.0001.529/13","302109_4.0001.529/14","302109_4.0001.529/5","302109_4.0001.529/6","302109_4.0001.529/7","302109_4.0001.529/8","302109_4.0001.529/9"],"location_quality":"dokładny","gunb_url":"https://wyszukiwarka.gunb.gov.pl/","parcel_count":10,"parcel_shard":"x068-y208","parcel_id":"302109_4.0001.529/7","location_source":"powiat poznański (wfs)"}},{"type":"Feature","id":"ST-WK-PO/WNIOSEK/19496/2025::302109_4.0001.529/8","geometry":{"type":"Polygon","coordinates":[[[17.0931883547717,52.2249960458679],[17.0934962099951,52.225179698479],[17.0933519476462,52.2252708071528],[17.0930451075739,52.2250876113614],[17.0931883547717,52.2249960458679]]]},"properties":{"case_id":"ST-WK-PO/WNIOSEK/19496/2025","source_type":"wniosek_decyzja","received_date":"2025-09-24","decision_date":"2025-11-18","status":"decyzja wydana","description":"zmiana decyzji nr nr 3229/24 z dnia 11.10.2024 r. znak AB.6740.10.060.2024.XVI przeniesionej decyzją nr 890/25 z dnia 27.03.2025 r. znak AB>6740.10.42.2025.XVI dot. budowy zespołu 8 budynków mieszkalnych jednorodzinnych dwulokalowych oraz jednego budynku mieszkalnego jednorodzinnego jednolokalowego w zabudowie szeregowej wraz z drogą wewnętrzną","address":"Kórnik","city":"Kórnik","office":"Starosta Powiatu Poznań","case_kind":"Budynek mieszkalny jednorodzinny","parcel_ids":["302109_4.0001.529/10","302109_4.0001.529/11","302109_4.0001.529/12","302109_4.0001.529/13","302109_4.0001.529/14","302109_4.0001.529/5","302109_4.0001.529/6","302109_4.0001.529/7","302109_4.0001.529/8","302109_4.0001.529/9"],"location_quality":"dokładny","gunb_url":"https://wyszukiwarka.gunb.gov.pl/","parcel_count":10,"parcel_shard":"x068-y208","parcel_id":"302109_4.0001.529/8","location_source":"powiat poznański (wfs)"}},{"type":"Feature","id":"ST-WK-PO/WNIOSEK/19496/2025::302109_4.0001.529/9","geometry":{"type":"Polygon","coordinates":[[[17.0930451075739,52.2250876113614],[17.0933519476462,52.2252708071528],[17.0931347371711,52.2254080028289],[17.0928729416344,52.2251977393249],[17.0930451075739,52.2250876113614]]]},"properties":{"case_id":"ST-WK-PO/WNIOSEK/19496/2025","source_type":"wniosek_decyzja","received_date":"2025-09-24","decision_date":"2025-11-18","status":"decyzja wydana","description":"zmiana decyzji nr nr 3229/24 z dnia 11.10.2024 r. znak AB.6740.10.060.2024.XVI przeniesionej decyzją nr 890/25 z dnia 27.03.2025 r. znak AB>6740.10.42.2025.XVI dot. budowy zespołu 8 budynków mieszkalnych jednorodzinnych dwulokalowych oraz jednego budynku mieszkalnego jednorodzinnego jednolokalowego w zabudowie szeregowej wraz z drogą wewnętrzną","address":"Kórnik","city":"Kórnik","office":"Starosta Powiatu Poznań","case_kind":"Budynek mieszkalny jednorodzinny","parcel_ids":["302109_4.0001.529/10","302109_4.0001.529/11","302109_4.0001.529/12","302109_4.0001.529/13","302109_4.0001.529/14","302109_4.0001.529/5","302109_4.0001.529/6","302109_4.0001.529/7","302109_4.0001.529/8","302109_4.0001.529/9"],"location_quality":"dokładny","gunb_url":"https://wyszukiwarka.gunb.gov.pl/","parcel_count":10,"parcel_shard":"x068-y208","parcel_id":"302109_4.0001.529/9","location_source":"powiat poznański (wfs)"}},{"type":"Feature","id":"ST-WK-PO/WNIOSEK/24915/2025::302109_4.0001.617/9","geometry":{"type":"Polygon","coordinates":[[[17.0909808029368,52.2214002252052],[17.0906941759429,52.2213325846249],[17.0906520429486,52.2212745570699],[17.0907603852254,52.2211003056135],[17.0911153203101,52.2211839314486],[17.0909808029368,52.2214002252052]]]},"properties":{"case_id":"ST-WK-PO/WNIOSEK/24915/2025","source_type":"wniosek_decyzja","received_date":"2025-12-08","decision_date":"2026-03-25","status":"decyzja wydana","description":"dot. budowy budynku mieszkalnego jednorodzinnego wolnostojącego wraz ze zbiornikami bezodpływowymi na nieczystości ciekłe do 10 m3","address":"Kórnik","city":"Kórnik","office":"Starosta Powiatu Poznań","case_kind":"Budynek mieszkalny jednorodzinny","parcel_ids":["302109_4.0001.617/9"],"location_quality":"dokładny","gunb_url":"https://wyszukiwarka.gunb.gov.pl/","parcel_count":1,"parcel_shard":"x068-y208","parcel_id":"302109_4.0001.617/9","location_source":"powiat poznański (wfs)"}},{"type":"Feature","id":"ST-WK-PO/WNIOSEK/2221/2026::302109_4.0001.741","geometry":{"type":"Polygon","coordinates":[[[17.0954805429364,52.2219273105524],[17.0952735279475,52.2217421768972],[17.0954395134477,52.2215212035435],[17.0956072226288,52.2216708197261],[17.0958278769103,52.2218676671023],[17.0955467880794,52.2219865532309],[17.0954805429364,52.2219273105524]]]},"properties":{"case_id":"ST-WK-PO/WNIOSEK/2221/2026","source_type":"wniosek_decyzja","received_date":"2026-02-06","decision_date":"2026-05-07","status":"decyzja wydana","description":"wniosek o pozwolenie na budowę dwóch budynków mieszkalnych jednorodzinnych w zabudowie bliźniaczej kat. I","address":"Kórnik","city":"Kórnik","office":"Starosta Powiatu Poznań","case_kind":"Budynek mieszkalny jednorodzinny","parcel_ids":["302109_4.0001.741"],"location_quality":"dokładny","gunb_url":"https://wyszukiwarka.gunb.gov.pl/","parcel_count":1,"parcel_shard":"x068-y208","parcel_id":"302109_4.0001.741","location_source":"powiat poznański (wfs)"}},{"type":"Feature","id":"ST-WK-PO/ZGŁOSZENIE/218/2026::302109_4.0001.333/24","geometry":{"type":"Polygon","coordinates":[[[17.0837297981158,52.222853613298],[17.0838695004677,52.2227144692829],[17.0840079495316,52.2225767687272],[17.0841169310075,52.2224682981534],[17.0840989153615,52.2224257140889],[17.0843111729693,52.2224923703183],[17.0842347462787,52.2225051059386],[17.0841190012712,52.2226202487172],[17.0839805434797,52.2227581067901],[17.0838419202211,52.2228960731619],[17.0837297981158,52.222853613298]]]},"properties":{"case_id":"ST-WK-PO/ZGŁOSZENIE/218/2026","source_type":"zgloszenie","received_date":"2026-01-26","decision_date":null,"status":"Brak sprzeciwu","description":"[e-Dor] dot. zgłoszenia budowy sieci wodociągowej wraz z przyłączem wodociągowym dla projektowanego budynku mieszkalnego jednorodzinnego wolnostojącego jednolokalowego**Kórnik;Kórnik;dz. 333/24,333/7,338","address":"Kórnik","city":"Kórnik","office":"Starosta Powiatu Poznań","case_kind":"budowa nowego/nowych obiektów budowlanych","parcel_ids":["302109_4.0001.AR_5.333/24","302109_4.0001.AR_5.333/7","302109_4.0001.AR_5.338"],"location_quality":"dokładny","gunb_url":"https://wyszukiwarka.gunb.gov.pl/","parcel_count":3,"parcel_shard":"x068-y208","parcel_id":"302109_4.0001.333/24","location_source":"powiat poznański (wfs)"}},{"type":"Feature","id":"ST-WK-PO/ZGŁOSZENIE/218/2026::302109_4.0001.333/7","geometry":{"type":"Polygon","coordinates":[[[17.0837537165093,52.2222565914898],[17.0838039057919,52.2222723814265],[17.0838777563811,52.2222955498284],[17.0839761284279,52.2223264463585],[17.0840855755873,52.2223608212486],[17.0841878566818,52.2223929453498],[17.0842790628284,52.2224215910033],[17.0843772033306,52.2224524144919],[17.0844754916794,52.2224832843355],[17.0845735289602,52.2225140752395],[17.0847848675791,52.2225804507994],[17.0848871493928,52.222612574514],[17.0849731443547,52.2226395829289],[17.085081159369,52.2226735070808],[17.0851895654044,52.222707553913],[17.0853043560665,52.2227436058197],[17.0854871614752,52.2228010186057],[17.0856858634435,52.2228634235404],[17.0857920551809,52.2228967742428],[17.0859089313943,52.2229334803823],[17.0860033966843,52.2229631480253],[17.0861194914419,52.2229996084347],[17.0862148690536,52.2230295623585],[17.0861987934246,52.2230470944438],[17.0861583595223,52.2230545867394],[17.0860337649952,52.2231888310985],[17.085849513367,52.2233871236945],[17.085664551227,52.2235862709439],[17.0855901749705,52.2235581068251],[17.0857416213413,52.2233948557988],[17.085886544849,52.2232386346819],[17.0860452347226,52.2230675725487],[17.0860281752581,52.2230315528263],[17.0856750854498,52.2229206762002],[17.0853323069166,52.2228130361149],[17.0851055264164,52.2227418213109],[17.0847067069145,52.2226165806465],[17.0843111729693,52.2224923703183],[17.0840989153615,52.2224257140889],[17.0837577509445,52.2223185758985],[17.0837070585433,52.2223026565425],[17.0837366043076,52.2222739920093],[17.0837537165093,52.2222565914898]]]},"properties":{"case_id":"ST-WK-PO/ZGŁOSZENIE/218/2026","source_type":"zgloszenie","received_date":"2026-01-26","decision_date":null,"status":"Brak sprzeciwu","description":"[e-Dor] dot. zgłoszenia budowy sieci wodociągowej wraz z przyłączem wodociągowym dla projektowanego budynku mieszkalnego jednorodzinnego wolnostojącego jednolokalowego**Kórnik;Kórnik;dz. 333/24,333/7,338","address":"Kórnik","city":"Kórnik","office":"Starosta Powiatu Poznań","case_kind":"budowa nowego/nowych obiektów budowlanych","parcel_ids":["302109_4.0001.AR_5.333/24","302109_4.0001.AR_5.333/7","302109_4.0001.AR_5.338"],"location_quality":"dokładny","gunb_url":"https://wyszukiwarka.gunb.gov.pl/","parcel_count":3,"parcel_shard":"x068-y208","parcel_id":"302109_4.0001.333/7","location_source":"powiat poznański (wfs)"}},{"type":"Feature","id":"ST-WK-PO/ZGŁOSZENIE/218/2026::302109_4.0001.338","geometry":{"type":"Polygon","coordinates":[[[17.0846571498882,52.2220457895761],[17.0842790628284,52.2224215910033],[17.0841878566818,52.2223929453498],[17.0845662651539,52.2220173857691],[17.0846571498882,52.2220457895761]]]},"properties":{"case_id":"ST-WK-PO/ZGŁOSZENIE/218/2026","source_type":"zgloszenie","received_date":"2026-01-26","decision_date":null,"status":"Brak sprzeciwu","description":"[e-Dor] dot. zgłoszenia budowy sieci wodociągowej wraz z przyłączem wodociągowym dla projektowanego budynku mieszkalnego jednorodzinnego wolnostojącego jednolokalowego**Kórnik;Kórnik;dz. 333/24,333/7,338","address":"Kórnik","city":"Kórnik","office":"Starosta Powiatu Poznań","case_kind":"budowa nowego/nowych obiektów budowlanych","parcel_ids":["302109_4.0001.AR_5.333/24","302109_4.0001.AR_5.333/7","302109_4.0001.AR_5.338"],"location_quality":"dokładny","gunb_url":"https://wyszukiwarka.gunb.gov.pl/","parcel_count":3,"parcel_shard":"x068-y208","parcel_id":"302109_4.0001.338","location_source":"powiat poznański (wfs)"}},{"type":"Feature","id":"ST-WK-PO/WNIOSEK/22751/2025::302109_4.0002.578","geometry":{"type":"Polygon","coordinates":[[[17.0909537707568,52.2468811141455],[17.0912116080079,52.2470075339457],[17.0913763940682,52.247109937326],[17.0913445353215,52.2471531675757],[17.0912782151813,52.2472514813946],[17.0908695883842,52.2474220239352],[17.0905579290779,52.2471759058524],[17.0903957717588,52.247048024604],[17.0906907352811,52.2469091877901],[17.0909045606063,52.2468908426444],[17.0909537707568,52.2468811141455]]]},"properties":{"case_id":"ST-WK-PO/WNIOSEK/22751/2025","source_type":"wniosek_decyzja","received_date":"2025-11-05","decision_date":"2025-11-24","status":"decyzja wydana","description":"dot. remontu głównej konstrukcji sklepień, filarów i więźby kościoła pw. Wszystkich Świętych w Kórniku","address":"Kórnik","city":"Kórnik","office":"Starosta Powiatu Poznań","case_kind":"Obiekt budowlany inny niż budynek mieszkalny jednorodzinny","parcel_ids":["302109_4.0002.578"],"location_quality":"dokładny","gunb_url":"https://wyszukiwarka.gunb.gov.pl/","parcel_count":1,"parcel_shard":"x068-y208","parcel_id":"302109_4.0002.578","location_source":"powiat poznański (wfs)"}},{"type":"Feature","id":"ST-WK-PO/WNIOSEK/453/2026::302109_4.0002.946","geometry":{"type":"Polygon","coordinates":[[[17.0903598149212,52.2436157664918],[17.0907279055392,52.2434717288714],[17.0908531872113,52.2434651743953],[17.0913255444292,52.2435251677868],[17.0915440994526,52.2437521665737],[17.0915586294712,52.2438336418742],[17.0914681374689,52.2439740941972],[17.0914501670003,52.244009572826],[17.0913681052602,52.2441901742709],[17.0913270798464,52.2442187232335],[17.0909688787513,52.2443257283389],[17.0908811737947,52.2443879355319],[17.090296872915,52.2442276627319],[17.0902132990053,52.2440129500753],[17.090207963598,52.2439904973768],[17.0901986912637,52.2439229357838],[17.0902162134175,52.2439020204764],[17.0903598149212,52.2436157664918]],[[17.0908156944814,52.243667370684],[17.090616233929,52.2437429496845],[17.0905095405688,52.2439517717874],[17.0906051673941,52.2440619043569],[17.0906781628172,52.2440852868219],[17.0907012581984,52.2441121711328],[17.0907790133058,52.2441278065495],[17.090818553742,52.244114837749],[17.0908664018929,52.2441245318571],[17.0909657063013,52.2441115073308],[17.0910959141635,52.2440679921028],[17.0911804580391,52.2439645042953],[17.0911908804189,52.2439672539431],[17.0911996102441,52.24396129062],[17.0912024049855,52.2439626290388],[17.0912086624731,52.2439584721682],[17.0912234547961,52.243927588996],[17.0912223378205,52.2439177953609],[17.0912050309241,52.2439148003803],[17.091239303667,52.2438220966529],[17.0911490726002,52.243709698296],[17.0908156944814,52.243667370684]]]},"properties":{"case_id":"ST-WK-PO/WNIOSEK/453/2026","source_type":"wniosek_decyzja","received_date":"2026-01-09","decision_date":"2026-07-09","status":"decyzja wydana","description":"dot. budowy punktu poboru wody do celów przeciwpożarowych z fosy otaczającej zamek w Kórniku","address":"Kórnik","city":"Kórnik","office":"Starosta Powiatu Poznań","case_kind":"Obiekt budowlany inny niż budynek mieszkalny jednorodzinny","parcel_ids":["302109_4.0002.946","302109_4.0002.948"],"location_quality":"dokładny","gunb_url":"https://wyszukiwarka.gunb.gov.pl/","parcel_count":2,"parcel_shard":"x068-y208","parcel_id":"302109_4.0002.946","location_source":"powiat poznański (wfs)"}},{"type":"Feature","id":"ST-WK-PO/WNIOSEK/453/2026::302109_4.0002.948","geometry":{"type":"Polygon","coordinates":[[[17.0906729541182,52.2458205316815],[17.090691914304,52.2455669176746],[17.0906646645769,52.2454094439088],[17.090638609711,52.2452856731068],[17.090606024383,52.2451525771922],[17.0905339641689,52.2449167910454],[17.0904426337544,52.2446403544533],[17.0903849822391,52.2444731002721],[17.0903455804059,52.2443624997132],[17.090296872915,52.2442276627319],[17.0908811737947,52.2443879355319],[17.0909539035157,52.2444297453983],[17.0911357444354,52.2445671680908],[17.0914604376812,52.2447153198851],[17.091444557311,52.2447372198147],[17.0914245083436,52.244764674625],[17.0913952966375,52.2448122515651],[17.091382268031,52.2448092588314],[17.0911249942003,52.2452312832345],[17.0910472554769,52.2453393178156],[17.0910139808333,52.2453855598681],[17.0908865055385,52.2455646130819],[17.0908905309294,52.2455656929088],[17.0908497354878,52.2456134752071],[17.0906729541182,52.2458205316815]]]},"properties":{"case_id":"ST-WK-PO/WNIOSEK/453/2026","source_type":"wniosek_decyzja","received_date":"2026-01-09","decision_date":"2026-07-09","status":"decyzja wydana","description":"dot. budowy punktu poboru wody do celów przeciwpożarowych z fosy otaczającej zamek w Kórniku","address":"Kórnik","city":"Kórnik","office":"Starosta Powiatu Poznań","case_kind":"Obiekt budowlany inny niż budynek mieszkalny jednorodzinny","parcel_ids":["302109_4.0002.946","302109_4.0002.948"],"location_quality":"dokładny","gunb_url":"https://wyszukiwarka.gunb.gov.pl/","parcel_count":2,"parcel_shard":"x068-y208","parcel_id":"302109_4.0002.948","location_source":"powiat poznański (wfs)"}},{"type":"Feature","id":"ST-WK-PO/ZGŁOSZENIE/3285/2025::302109_5.0001.197/1","geometry":{"type":"Polygon","coordinates":[[[17.1089269181059,52.2240818434914],[17.108978664971,52.2240151370642],[17.109004695251,52.2239828618907],[17.1091975180062,52.2237364922788],[17.1093680833624,52.2235186084527],[17.1094577408966,52.2234041223061],[17.1095135371087,52.2233325888158],[17.1100953179288,52.2225885562438],[17.1107245025029,52.2217860360589],[17.1107656761697,52.221732238627],[17.1110142269172,52.2214144084715],[17.1111547887953,52.2212349884376],[17.1112702714212,52.22108755636],[17.1113758430926,52.220952722603],[17.1114443148269,52.220865605284],[17.111576899395,52.2206970900149],[17.1117051320747,52.2205339346279],[17.1118336636259,52.2203704218382],[17.1119905728201,52.2201708109597],[17.1120034861297,52.22015437023],[17.1121247669694,52.2199947572723],[17.1122265130169,52.219860702883],[17.1122475513404,52.2198330882611],[17.112606048806,52.2193679904764],[17.1132540446582,52.2185332336418],[17.1138788669063,52.2177253453226],[17.1145085781584,52.2169109632039],[17.1151187279613,52.2161184927932],[17.1157343713948,52.2153214140519],[17.1160974671472,52.2148532738988],[17.1163648810322,52.2145028923557],[17.1168537525966,52.213870025012],[17.1169101599691,52.2137970017101],[17.1169975910251,52.2136838155403],[17.1176362152615,52.2128576997584],[17.1182538344742,52.2120575990248],[17.11890405209,52.211251906295],[17.1195469056517,52.210483551776],[17.1201919700455,52.2097097542795],[17.1208063061948,52.2088532928266],[17.1213914396712,52.208031354962],[17.1219948979776,52.207216171481],[17.1226606217595,52.206351763528],[17.1232520099898,52.2055882256012],[17.1236808278231,52.205031471651],[17.1237243106455,52.2050479085706],[17.1238814237933,52.2051092209193],[17.1239178281369,52.2051230838596],[17.1235027007188,52.2056630653318],[17.1229115869817,52.2064268824316],[17.1222449632549,52.207289735555],[17.1216462148572,52.208101241564],[17.1210597303436,52.208922617303],[17.1204391369031,52.2097885202401],[17.1197962534726,52.2105608898211],[17.1191522116413,52.2113302804185],[17.1185076385866,52.2121271810123],[17.1178879895916,52.2129307685526],[17.1177890363337,52.2130585202365],[17.1177297293732,52.2131350900289],[17.1176958575685,52.2131784195329],[17.1174306842668,52.2135202128966],[17.1174050201031,52.2135532922476],[17.1172481478141,52.213755488642],[17.1171753310981,52.2138502702887],[17.1171068656035,52.2139393877567],[17.1170667207278,52.2139932007503],[17.1166184064189,52.2145721343018],[17.1163497023012,52.2149221710682],[17.1159837534228,52.2153975135781],[17.1153688299746,52.2161930627981],[17.1147563324881,52.2169845544397],[17.1141248900602,52.2178011015357],[17.1135174789511,52.2186082071515],[17.1128542628752,52.2194414904392],[17.1122514290068,52.2202286203839],[17.1121949230393,52.2203015481379],[17.1116275341643,52.2210257258691],[17.1109788164323,52.2218607282873],[17.1103459520647,52.2226629526805],[17.1102057781737,52.2228407756441],[17.1101893113573,52.2228618391291],[17.1097551519084,52.2234171849805],[17.1097070168586,52.2234787549573],[17.1092547979412,52.2240572477214],[17.1091312662073,52.224218705932],[17.1089269181059,52.2240818434914]]]},"properties":{"case_id":"ST-WK-PO/ZGŁOSZENIE/3285/2025","source_type":"zgloszenie","received_date":"2025-10-15","decision_date":null,"status":"Brak sprzeciwu","description":"Zgłoszenie budowy sieci gazowej o ciśnieniu roboczym nie wyższym niż 0,5 MPa (liczba obiektów 1), budowa sieci gazowej śr/c","address":"Główna 80, Biernatki","city":"Biernatki","office":"Starosta Powiatu Poznań","case_kind":"budowa nowego/nowych obiektów budowlanych","parcel_ids":["302109_5.0001.197/1","302109_5.0001.284/24","302109_5.0001.284/3","302109_5.0001.284/4","302109_5.0001.284/5","302109_5.0001.284/6","302109_5.0001.344/9","302109_5.0001.352","302109_5.0001.359"],"location_quality":"dokładny","gunb_url":"https://wyszukiwarka.gunb.gov.pl/","parcel_count":9,"parcel_shard":"x068-y208","parcel_id":"302109_5.0001.197/1","location_source":"powiat poznański (wfs)"}},{"type":"Feature","id":"ST-WK-PO/ZGŁOSZENIE/3285/2025::302109_5.0001.284/24","geometry":{"type":"Polygon","coordinates":[[[17.1116560637745,52.2205261955005],[17.1117051320747,52.2205339346279],[17.111576899395,52.2206970900149],[17.1115298858147,52.2206878292778],[17.1116560637745,52.2205261955005]]]},"properties":{"case_id":"ST-WK-PO/ZGŁOSZENIE/3285/2025","source_type":"zgloszenie","received_date":"2025-10-15","decision_date":null,"status":"Brak sprzeciwu","description":"Zgłoszenie budowy sieci gazowej o ciśnieniu roboczym nie wyższym niż 0,5 MPa (liczba obiektów 1), budowa sieci gazowej śr/c","address":"Główna 80, Biernatki","city":"Biernatki","office":"Starosta Powiatu Poznań","case_kind":"budowa nowego/nowych obiektów budowlanych","parcel_ids":["302109_5.0001.197/1","302109_5.0001.284/24","302109_5.0001.284/3","302109_5.0001.284/4","302109_5.0001.284/5","302109_5.0001.284/6","302109_5.0001.344/9","302109_5.0001.352","302109_5.0001.359"],"location_quality":"dokładny","gunb_url":"https://wyszukiwarka.gunb.gov.pl/","parcel_count":9,"parcel_shard":"x068-y208","parcel_id":"302109_5.0001.284/24","location_source":"powiat poznański (wfs)"}},{"type":"Feature","id":"ST-WK-PO/ZGŁOSZENIE/3285/2025::302109_5.0001.284/3","geometry":{"type":"Polygon","coordinates":[[[17.11122896013,52.221073028157],[17.1111088445957,52.22122636947],[17.1110161127107,52.2212087393518],[17.1111447546573,52.2210433342799],[17.11122896013,52.221073028157]]]},"properties":{"case_id":"ST-WK-PO/ZGŁOSZENIE/3285/2025","source_type":"zgloszenie","received_date":"2025-10-15","decision_date":null,"status":"Brak sprzeciwu","description":"Zgłoszenie budowy sieci gazowej o ciśnieniu roboczym nie wyższym niż 0,5 MPa (liczba obiektów 1), budowa sieci gazowej śr/c","address":"Główna 80, Biernatki","city":"Biernatki","office":"Starosta Powiatu Poznań","case_kind":"budowa nowego/nowych obiektów budowlanych","parcel_ids":["302109_5.0001.197/1","302109_5.0001.284/24","302109_5.0001.284/3","302109_5.0001.284/4","302109_5.0001.284/5","302109_5.0001.284/6","302109_5.0001.344/9","302109_5.0001.352","302109_5.0001.359"],"location_quality":"dokładny","gunb_url":"https://wyszukiwarka.gunb.gov.pl/","parcel_count":9,"parcel_shard":"x068-y208","parcel_id":"302109_5.0001.284/3","location_source":"powiat poznański (wfs)"}},{"type":"Feature","id":"ST-WK-PO/ZGŁOSZENIE/3285/2025::302109_5.0001.284/4","geometry":{"type":"Polygon","coordinates":[[[17.1113982180816,52.2208568539329],[17.1113337551726,52.220939428566],[17.11122896013,52.221073028157],[17.1111447546573,52.2210433342799],[17.1112346576566,52.2208254504346],[17.1113982180816,52.2208568539329]]]},"properties":{"case_id":"ST-WK-PO/ZGŁOSZENIE/3285/2025","source_type":"zgloszenie","received_date":"2025-10-15","decision_date":null,"status":"Brak sprzeciwu","description":"Zgłoszenie budowy sieci gazowej o ciśnieniu roboczym nie wyższym niż 0,5 MPa (liczba obiektów 1), budowa sieci gazowej śr/c","address":"Główna 80, Biernatki","city":"Biernatki","office":"Starosta Powiatu Poznań","case_kind":"budowa nowego/nowych obiektów budowlanych","parcel_ids":["302109_5.0001.197/1","302109_5.0001.284/24","302109_5.0001.284/3","302109_5.0001.284/4","302109_5.0001.284/5","302109_5.0001.284/6","302109_5.0001.344/9","302109_5.0001.352","302109_5.0001.359"],"location_quality":"dokładny","gunb_url":"https://wyszukiwarka.gunb.gov.pl/","parcel_count":9,"parcel_shard":"x068-y208","parcel_id":"302109_5.0001.284/4","location_source":"powiat poznański (wfs)"}},{"type":"Feature","id":"ST-WK-PO/ZGŁOSZENIE/3285/2025::302109_5.0001.284/5","geometry":{"type":"Polygon","coordinates":[[[17.1113091582817,52.2206448932253],[17.1115298858147,52.2206878292778],[17.1113982180816,52.2208568539329],[17.1112346576566,52.2208254504346],[17.1113091582817,52.2206448932253]]]},"properties":{"case_id":"ST-WK-PO/ZGŁOSZENIE/3285/2025","source_type":"zgloszenie","received_date":"2025-10-15","decision_date":null,"status":"Brak sprzeciwu","description":"Zgłoszenie budowy sieci gazowej o ciśnieniu roboczym nie wyższym niż 0,5 MPa (liczba obiektów 1), budowa sieci gazowej śr/c","address":"Główna 80, Biernatki","city":"Biernatki","office":"Starosta Powiatu Poznań","case_kind":"budowa nowego/nowych obiektów budowlanych","parcel_ids":["302109_5.0001.197/1","302109_5.0001.284/24","302109_5.0001.284/3","302109_5.0001.284/4","302109_5.0001.284/5","302109_5.0001.284/6","302109_5.0001.344/9","302109_5.0001.352","302109_5.0001.359"],"location_quality":"dokładny","gunb_url":"https://wyszukiwarka.gunb.gov.pl/","parcel_count":9,"parcel_shard":"x068-y208","parcel_id":"302109_5.0001.284/5","location_source":"powiat poznański (wfs)"}},{"type":"Feature","id":"ST-WK-PO/ZGŁOSZENIE/3285/2025::302109_5.0001.284/6","geometry":{"type":"Polygon","coordinates":[[[17.1116560637745,52.2205261955005],[17.1115298858147,52.2206878292778],[17.1113091582817,52.2206448932253],[17.1113763158016,52.2204821312692],[17.1116560637745,52.2205261955005]]]},"properties":{"case_id":"ST-WK-PO/ZGŁOSZENIE/3285/2025","source_type":"zgloszenie","received_date":"2025-10-15","decision_date":null,"status":"Brak sprzeciwu","description":"Zgłoszenie budowy sieci gazowej o ciśnieniu roboczym nie wyższym niż 0,5 MPa (liczba obiektów 1), budowa sieci gazowej śr/c","address":"Główna 80, Biernatki","city":"Biernatki","office":"Starosta Powiatu Poznań","case_kind":"budowa nowego/nowych obiektów budowlanych","parcel_ids":["302109_5.0001.197/1","302109_5.0001.284/24","302109_5.0001.284/3","302109_5.0001.284/4","302109_5.0001.284/5","302109_5.0001.284/6","302109_5.0001.344/9","302109_5.0001.352","302109_5.0001.359"],"location_quality":"dokładny","gunb_url":"https://wyszukiwarka.gunb.gov.pl/","parcel_count":9,"parcel_shard":"x068-y208","parcel_id":"302109_5.0001.284/6","location_source":"powiat poznański (wfs)"}},{"type":"Feature","id":"ST-WK-PO/ZGŁOSZENIE/3285/2025::302109_5.0001.344/9","geometry":{"type":"Polygon","coordinates":[[[17.1123554183893,52.2203791195098],[17.1122345345999,52.2205369146162],[17.1125013875623,52.2205771567412],[17.112540513129,52.2205258808878],[17.1127867055461,52.2205640621383],[17.1130347305383,52.2206059168274],[17.1130917101996,52.220611909265],[17.1129654813277,52.2207593573019],[17.1129275993709,52.2207497850502],[17.1126583673188,52.2206817533209],[17.1126373612416,52.2206887526192],[17.1125115707327,52.2208304032984],[17.1123871973671,52.2209962837912],[17.1126349935992,52.2210709493816],[17.1126566206657,52.2210703227754],[17.1126729905724,52.2211119854229],[17.1126202717944,52.2211254039027],[17.1125997327428,52.2210974605035],[17.1123572723623,52.221026544173],[17.1122148338786,52.2212153463045],[17.1120763233453,52.2213968421208],[17.1123180802764,52.2214629615811],[17.112345819334,52.2214558971444],[17.112363737103,52.2214924981167],[17.112305835691,52.2215098998834],[17.1122974826284,52.2214907811614],[17.1120572914763,52.221427680418],[17.1119301738822,52.2216059334593],[17.1118494630818,52.2217399781626],[17.1118781860248,52.2217752072905],[17.1120778385494,52.2218263288494],[17.112323676447,52.2218900722184],[17.1123507132194,52.221964086824],[17.1127775773777,52.2227375444737],[17.1126607979727,52.2227838205269],[17.1126399473495,52.2227473144344],[17.1125688241693,52.2226187834609],[17.1124977014517,52.2224902524109],[17.1124195923828,52.2223517828247],[17.1121769759945,52.2224021939547],[17.1121478301608,52.2224532579778],[17.1120750100258,52.2224173614598],[17.1120607478371,52.2223570525386],[17.1120913942462,52.2223274788135],[17.1121581146821,52.2223684927575],[17.1124020868268,52.2223174588981],[17.1123239000807,52.2221761596771],[17.1122532926917,52.2220465735708],[17.1122004876028,52.221988943942],[17.1121673278961,52.2219539558839],[17.1119943339188,52.2219037131951],[17.1117719256045,52.2218382629162],[17.1117305322991,52.2218481429997],[17.1116418120497,52.2219665943454],[17.1115384064801,52.2221046513447],[17.1114319408991,52.2222467927851],[17.1116907099128,52.2223190566878],[17.1116696955868,52.2223478029978],[17.1114105253166,52.2222753844336],[17.1113221093087,52.2223934270859],[17.111231245295,52.2225147372896],[17.1111455818087,52.2226291037434],[17.1111088687408,52.2226781179219],[17.1110840873825,52.222711202483],[17.1111128957418,52.222768490819],[17.1112784893609,52.2228174027774],[17.1113524906327,52.2227993646963],[17.1114265598538,52.2228209154953],[17.1115701057307,52.222756760467],[17.1116431210668,52.222724127549],[17.1118209421808,52.2226442934495],[17.1118532104783,52.2226742927117],[17.1116751366936,52.2227540104834],[17.111485230062,52.2228390248313],[17.1114029961238,52.222875837808],[17.111367049125,52.2229324954758],[17.1112199080834,52.2228919700993],[17.1111878973855,52.222881992414],[17.1109681207548,52.2228200365822],[17.1107676583974,52.2227635249655],[17.1107875657686,52.2227420419922],[17.1108665154928,52.2227623896675],[17.1109231460693,52.2227532738015],[17.1109942882309,52.2226585533997],[17.1110849384836,52.2225360215897],[17.1111734901678,52.2224170593983],[17.1112683707939,52.2222895940031],[17.1113620336786,52.2221637637468],[17.1114567915088,52.2220364617179],[17.111547045242,52.2219152099326],[17.111620197281,52.2218169329848],[17.1116064931743,52.2217900656259],[17.1113306972051,52.2217077915529],[17.1112386076459,52.2218285734177],[17.111145897449,52.2219501685457],[17.1110494658989,52.22207664367],[17.110955824446,52.2221994586732],[17.1108631126974,52.222321053575],[17.1107716407549,52.2224410217261],[17.110677687688,52.2225642431747],[17.1106585869425,52.2225892941261],[17.1105824317681,52.2226891725617],[17.1104735937888,52.2228319140537],[17.1104699138536,52.2229134583533],[17.1102057781737,52.2228407756441],[17.1103459520647,52.2226629526805],[17.1109788164323,52.2218607282873],[17.1116275341643,52.2210257258691],[17.1121949230393,52.2203015481379],[17.1122408559783,52.2202993102316],[17.1124234834562,52.2202903090381],[17.1123554183893,52.2203791195098]],[[17.1113767993957,52.2216445521977],[17.1116597429512,52.2217190272934],[17.111715928103,52.2217145044676],[17.1118226334934,52.221568796582],[17.1119394754096,52.2214118468348],[17.1120490932035,52.2212579738461],[17.1121697710609,52.2211001327854],[17.1122829835337,52.2209520549612],[17.1123968172942,52.2208031634118],[17.112480465254,52.2206490580353],[17.1124648292027,52.2206271862094],[17.1122071940613,52.2205742193739],[17.1120966418887,52.2207166169059],[17.1119813644889,52.2208650996832],[17.1118648264669,52.2210152050997],[17.1117432481232,52.2211718014423],[17.1116225481128,52.2213283002134],[17.111498690735,52.2214847474457],[17.1113767993957,52.2216445521977]]]},"properties":{"case_id":"ST-WK-PO/ZGŁOSZENIE/3285/2025","source_type":"zgloszenie","received_date":"2025-10-15","decision_date":null,"status":"Brak sprzeciwu","description":"Zgłoszenie budowy sieci gazowej o ciśnieniu roboczym nie wyższym niż 0,5 MPa (liczba obiektów 1), budowa sieci gazowej śr/c","address":"Główna 80, Biernatki","city":"Biernatki","office":"Starosta Powiatu Poznań","case_kind":"budowa nowego/nowych obiektów budowlanych","parcel_ids":["302109_5.0001.197/1","302109_5.0001.284/24","302109_5.0001.284/3","302109_5.0001.284/4","302109_5.0001.284/5","302109_5.0001.284/6","302109_5.0001.344/9","302109_5.0001.352","302109_5.0001.359"],"location_quality":"dokładny","gunb_url":"https://wyszukiwarka.gunb.gov.pl/","parcel_count":9,"parcel_shard":"x068-y208","parcel_id":"302109_5.0001.344/9","location_source":"powiat poznański (wfs)"}},{"type":"Feature","id":"ST-WK-PO/ZGŁOSZENIE/3285/2025::302109_5.0001.352","geometry":{"type":"Polygon","coordinates":[[[17.1115690904486,52.2232159111994],[17.1103888537554,52.223717534776],[17.1103565260135,52.2237139657381],[17.1107392463676,52.2235535387659],[17.1110695492669,52.2234140155708],[17.111466151087,52.2232464846781],[17.1114395978578,52.2232047683544],[17.1109224192953,52.2230629187825],[17.1103492615788,52.2229057114712],[17.1102717848547,52.2229083602209],[17.1101893113573,52.2228618391291],[17.1102057781737,52.2228407756441],[17.1104699138536,52.2229134583533],[17.1105964542134,52.2229482783903],[17.1107969212283,52.2230034403417],[17.1110167029264,52.2230639164815],[17.1112487398311,52.2231277641365],[17.1113365076458,52.2231519142922],[17.1114096475825,52.223172039367],[17.1115690904486,52.2232159111994]]]},"properties":{"case_id":"ST-WK-PO/ZGŁOSZENIE/3285/2025","source_type":"zgloszenie","received_date":"2025-10-15","decision_date":null,"status":"Brak sprzeciwu","description":"Zgłoszenie budowy sieci gazowej o ciśnieniu roboczym nie wyższym niż 0,5 MPa (liczba obiektów 1), budowa sieci gazowej śr/c","address":"Główna 80, Biernatki","city":"Biernatki","office":"Starosta Powiatu Poznań","case_kind":"budowa nowego/nowych obiektów budowlanych","parcel_ids":["302109_5.0001.197/1","302109_5.0001.284/24","302109_5.0001.284/3","302109_5.0001.284/4","302109_5.0001.284/5","302109_5.0001.284/6","302109_5.0001.344/9","302109_5.0001.352","302109_5.0001.359"],"location_quality":"dokładny","gunb_url":"https://wyszukiwarka.gunb.gov.pl/","parcel_count":9,"parcel_shard":"x068-y208","parcel_id":"302109_5.0001.352","location_source":"powiat poznański (wfs)"}},{"type":"Feature","id":"ST-WK-PO/ZGŁOSZENIE/3285/2025::302109_5.0001.359","geometry":{"type":"Polygon","coordinates":[[[17.1102693863652,52.2237683094588],[17.1103888537554,52.223717534776],[17.1115690904486,52.2232159111994],[17.1117831177537,52.2231311637644],[17.1119910211159,52.2230488656106],[17.1122333311681,52.2229529564095],[17.1124005569859,52.2228868083207],[17.1126607979727,52.2227838205269],[17.1127775773777,52.2227375444737],[17.1131738511709,52.2225818259001],[17.1135167330164,52.2223849573736],[17.1138724539211,52.2222434996782],[17.1145811796852,52.2219530409242],[17.1151820043411,52.2216894978804],[17.1164398234721,52.2211614733856],[17.1168327423784,52.2209802279991],[17.1171581462619,52.2208535259715],[17.1174597972312,52.2207373390739],[17.1179607329536,52.2204989661656],[17.1190801156279,52.2200228497637],[17.1202545168939,52.2195190097768],[17.1215524357197,52.2189449383007],[17.1217532503118,52.2188518303391],[17.1249979742737,52.2174640734692],[17.1286093648744,52.2158628332235],[17.1297175307597,52.2154073110238],[17.1297631662362,52.2155482575972],[17.1218945378094,52.2189636089197],[17.1217042003705,52.2190468332968],[17.1203739073553,52.2196325341036],[17.1192111502977,52.220130129099],[17.1180917951428,52.220609122869],[17.1175927498255,52.2208463206597],[17.1172709755975,52.2209699540753],[17.1169590113018,52.2210941790396],[17.1165652075713,52.2212747989238],[17.1153129205537,52.2218000175242],[17.1147047552285,52.2220613414815],[17.113980586587,52.2223443081328],[17.1136292087849,52.222480986019],[17.1132772063715,52.2226583835733],[17.1128728914664,52.2228298624538],[17.1117109546314,52.2233090462819],[17.1103887611788,52.2238667427586],[17.1095575532104,52.224240593729],[17.1089078374271,52.2244657275298],[17.1091312662073,52.224218705932],[17.1094672760888,52.2241390859205],[17.1102693863652,52.2237683094588]]]},"properties":{"case_id":"ST-WK-PO/ZGŁOSZENIE/3285/2025","source_type":"zgloszenie","received_date":"2025-10-15","decision_date":null,"status":"Brak sprzeciwu","description":"Zgłoszenie budowy sieci gazowej o ciśnieniu roboczym nie wyższym niż 0,5 MPa (liczba obiektów 1), budowa sieci gazowej śr/c","address":"Główna 80, Biernatki","city":"Biernatki","office":"Starosta Powiatu Poznań","case_kind":"budowa nowego/nowych obiektów budowlanych","parcel_ids":["302109_5.0001.197/1","302109_5.0001.284/24","302109_5.0001.284/3","302109_5.0001.284/4","302109_5.0001.284/5","302109_5.0001.284/6","302109_5.0001.344/9","302109_5.0001.352","302109_5.0001.359"],"location_quality":"dokładny","gunb_url":"https://wyszukiwarka.gunb.gov.pl/","parcel_count":9,"parcel_shard":"x068-y208","parcel_id":"302109_5.0001.359","location_source":"powiat poznański (wfs)"}},{"type":"Feature","id":"ST-WK-PO/WNIOSEK/8635/2026::302109_5.0001.270/10","geometry":{"type":"Polygon","coordinates":[[[17.1079257981627,52.2346658956393],[17.1077583058297,52.2348349516357],[17.1074801986275,52.23473110533],[17.1072170477228,52.2346333934297],[17.1073838167203,52.2344639732014],[17.1076453677739,52.2345611333687],[17.1077043601823,52.2345831504464],[17.1079257981627,52.2346658956393]]]},"properties":{"case_id":"ST-WK-PO/WNIOSEK/8635/2026","source_type":"wniosek_decyzja","received_date":"2026-05-06","decision_date":"2026-07-09","status":"decyzja wydana","description":"wniosku o pozwolenie na budowę budynku mieszkalnego jednorodzinnego typu MP1 wraz z infrastrukturą techniczną w tym zbiornikiem bezodpływowym na ścieki sanitarne","address":"Biernatki","city":"Biernatki","office":"Starosta Powiatu Poznań","case_kind":"Budynek mieszkalny jednorodzinny","parcel_ids":["302109_5.0001.270/10"],"location_quality":"dokładny","gunb_url":"https://wyszukiwarka.gunb.gov.pl/","parcel_count":1,"parcel_shard":"x068-y208","parcel_id":"302109_5.0001.270/10","location_source":"powiat poznański (wfs)"}},{"type":"Feature","id":"ST-WK-PO/WNIOSEK/4130/2026::302109_5.0001.273/13","geometry":{"type":"Polygon","coordinates":[[[17.1078910748964,52.2343898824141],[17.1083157243711,52.2345444484441],[17.1081261686104,52.2347407515812],[17.1079257981627,52.2346658956393],[17.1077043601823,52.2345831504464],[17.1078910748964,52.2343898824141]]]},"properties":{"case_id":"ST-WK-PO/WNIOSEK/4130/2026","source_type":"wniosek_decyzja","received_date":"2026-03-05","decision_date":"2026-05-26","status":"decyzja wydana","description":"dot. budowy budynku mieszkalnego jednorodzinnego w zabudowie wolnostojącej wraz z bezodpływowym zbiornikiem na ścieki sanitarne i studnia","address":"Biernatki","city":"Biernatki","office":"Starosta Powiatu Poznań","case_kind":"Budynek mieszkalny jednorodzinny","parcel_ids":["302109_5.0001.273/13"],"location_quality":"dokładny","gunb_url":"https://wyszukiwarka.gunb.gov.pl/","parcel_count":1,"parcel_shard":"x068-y208","parcel_id":"302109_5.0001.273/13","location_source":"powiat poznański (wfs)"}},{"type":"Feature","id":"ST-WK-PO/WNIOSEK/7659/2026::302109_5.0001.378/1","geometry":{"type":"Polygon","coordinates":[[[17.103949047216,52.2335869680087],[17.1040365351501,52.2335676788282],[17.1043118750001,52.233670074245],[17.1039626751141,52.2340224486952],[17.1037634786631,52.2339479540804],[17.103949047216,52.2335869680087]]]},"properties":{"case_id":"ST-WK-PO/WNIOSEK/7659/2026","source_type":"wniosek_decyzja","received_date":"2026-04-23","decision_date":"2026-06-19","status":"decyzja wydana","description":"dot. budowy budynku mieszkalnego jednorodzinnego wolnostojącego","address":"Biernatki","city":"Biernatki","office":"Starosta Powiatu Poznań","case_kind":"Budynek mieszkalny jednorodzinny","parcel_ids":["302109_5.0001.378/1"],"location_quality":"dokładny","gunb_url":"https://wyszukiwarka.gunb.gov.pl/","parcel_count":1,"parcel_shard":"x068-y208","parcel_id":"302109_5.0001.378/1","location_source":"powiat poznański (wfs)"}},{"type":"Feature","id":"ST-WK-PO/WNIOSEK/10758/2026::302109_5.0001.380/6","geometry":{"type":"Polygon","coordinates":[[[17.107275308149,52.2352610143163],[17.1076294156265,52.2349039935454],[17.1078847192054,52.2349989488169],[17.1076970565832,52.235188254959],[17.1075301667004,52.2353563265015],[17.1074245331263,52.2353167896402],[17.107275308149,52.2352610143163]]]},"properties":{"case_id":"ST-WK-PO/WNIOSEK/10758/2026","source_type":"wniosek_decyzja","received_date":"2026-06-05","decision_date":"2026-07-16","status":"decyzja wydana","description":"dot. budowy budynku mieszkalnego jednorodzinnego wolnostojącego oraz budynku gospodarczo-garażowego","address":"Biernatki","city":"Biernatki","office":"Starosta Powiatu Poznań","case_kind":"Budynek mieszkalny jednorodzinny","parcel_ids":["302109_5.0001.380/6"],"location_quality":"dokładny","gunb_url":"https://wyszukiwarka.gunb.gov.pl/","parcel_count":1,"parcel_shard":"x068-y208","parcel_id":"302109_5.0001.380/6","location_source":"powiat poznański (wfs)"}},{"type":"Feature","id":"ST-WK-PO/WNIOSEK/430/2026::302109_5.0001.389","geometry":{"type":"Polygon","coordinates":[[[17.1044751276648,52.2342140064892],[17.1048252158704,52.2338610081198],[17.1050755671802,52.2339541343687],[17.1053259195615,52.2340472600954],[17.1049750875343,52.2344009733342],[17.1048947381928,52.2343709733948],[17.1047251802572,52.234307490727],[17.1046929239111,52.2342954718342],[17.1046587792925,52.2342827195644],[17.1045050583208,52.2342251988871],[17.1044751276648,52.2342140064892]]]},"properties":{"case_id":"ST-WK-PO/WNIOSEK/430/2026","source_type":"wniosek_decyzja","received_date":"2026-01-09","decision_date":"2026-04-01","status":"decyzja wydana","description":"dot. budowy budynku mieszkalnego jednorodzinnego wolnostojącego oraz szczelnego zbiornika bezodpływowego","address":"Biernatki","city":"Biernatki","office":"Starosta Powiatu Poznań","case_kind":"Budynek mieszkalny jednorodzinny","parcel_ids":["302109_5.0001.389"],"location_quality":"dokładny","gunb_url":"https://wyszukiwarka.gunb.gov.pl/","parcel_count":1,"parcel_shard":"x068-y208","parcel_id":"302109_5.0001.389","location_source":"powiat poznański (wfs)"}},{"type":"Feature","id":"ST-WK-PO/WNIOSEK/22004/2025::302109_5.0001.47/2","geometry":{"type":"Polygon","coordinates":[[[17.1045671362875,52.2306601417202],[17.1046504912609,52.2305113040388],[17.105472125425,52.2307065508439],[17.105358616552,52.2308482398037],[17.1045671362875,52.2306601417202]]]},"properties":{"case_id":"ST-WK-PO/WNIOSEK/22004/2025","source_type":"wniosek_decyzja","received_date":"2025-10-27","decision_date":"2026-03-03","status":"decyzja wydana","description":"dot. budowy budynku mieszkalnego jednorodzinnego wolnostojącego Celozja L2 6616, zbiornika bezodpływowego V=8,2 m3","address":"Biernatki","city":"Biernatki","office":"Starosta Powiatu Poznań","case_kind":"Budynek mieszkalny jednorodzinny","parcel_ids":["302109_5.0001.47/2"],"location_quality":"dokładny","gunb_url":"https://wyszukiwarka.gunb.gov.pl/","parcel_count":1,"parcel_shard":"x068-y208","parcel_id":"302109_5.0001.47/2","location_source":"powiat poznański (wfs)"}},{"type":"Feature","id":"ST-WK-PO/WNIOSEK/7359/2026::302109_5.0001.56/17","geometry":{"type":"Polygon","coordinates":[[[17.1060854471842,52.2287970285362],[17.1061836808179,52.228796064758],[17.1066810276511,52.2289428286633],[17.1067105641614,52.2289808017034],[17.1066449297124,52.2291515258643],[17.1059914496151,52.2289587293141],[17.1059651122133,52.2289509799246],[17.1060854471842,52.2287970285362]]]},"properties":{"case_id":"ST-WK-PO/WNIOSEK/7359/2026","source_type":"wniosek_decyzja","received_date":"2026-04-18","decision_date":"2026-06-25","status":"decyzja wydana","description":"budowa budynku mieszkalnego jednorodzinnego","address":"Biernatki","city":"Biernatki","office":"Starosta Powiatu Poznań","case_kind":"Budynek mieszkalny jednorodzinny","parcel_ids":["302109_5.0001.56/17"],"location_quality":"dokładny","gunb_url":"https://wyszukiwarka.gunb.gov.pl/","parcel_count":1,"parcel_shard":"x068-y208","parcel_id":"302109_5.0001.56/17","location_source":"powiat poznański (wfs)"}},{"type":"Feature","id":"ST-WK-PO/WNIOSEK/7655/2026::302109_5.0002.154/6","geometry":{"type":"Polygon","coordinates":[[[17.1051729187701,52.203937360022],[17.1049308428332,52.2042443977796],[17.1047108893184,52.2041771556402],[17.1046773858815,52.2041166042146],[17.1048587682883,52.2038870910523],[17.1049523949657,52.2038715586459],[17.1051729187701,52.203937360022]]]},"properties":{"case_id":"ST-WK-PO/WNIOSEK/7655/2026","source_type":"wniosek_decyzja","received_date":"2026-04-23","decision_date":"2026-07-16","status":"decyzja wydana","description":"dot. budowy budynku mieszkalnego jednorodzinnego wolnostojącego i zbiornika bezodpływowego","address":"Błażejewo","city":"Błażejewo","office":"Starosta Powiatu Poznań","case_kind":"Budynek mieszkalny jednorodzinny","parcel_ids":["302109_5.0002.154/6"],"location_quality":"dokładny","gunb_url":"https://wyszukiwarka.gunb.gov.pl/","parcel_count":1,"parcel_shard":"x068-y208","parcel_id":"302109_5.0002.154/6","location_source":"powiat poznański (wfs)"}},{"type":"Feature","id":"ST-WK-PO/WNIOSEK/22929/2025::302109_5.0002.173/4","geometry":{"type":"Polygon","coordinates":[[[17.0931531169757,52.2167468626435],[17.0934588299188,52.2168029595889],[17.093313443664,52.2171015026816],[17.0930084878665,52.2170440629855],[17.0931531169757,52.2167468626435]]]},"properties":{"case_id":"ST-WK-PO/WNIOSEK/22929/2025","source_type":"wniosek_decyzja","received_date":"2025-11-07","decision_date":"2025-12-29","status":"decyzja wydana","description":"[ePUAP] dot. wniosku o pozwolenie na budowę budynku mieszkalnego jednorodzinnego wraz ze  zbiornikiem bezodpływowym na wody opadowe o poj. V=10m3","address":"Błażejewo","city":"Błażejewo","office":"Starosta Powiatu Poznań","case_kind":"Budynek mieszkalny jednorodzinny","parcel_ids":["302109_5.0002.173/4"],"location_quality":"dokładny","gunb_url":"https://wyszukiwarka.gunb.gov.pl/","parcel_count":1,"parcel_shard":"x068-y208","parcel_id":"302109_5.0002.173/4","location_source":"powiat poznański (wfs)"}},{"type":"Feature","id":"ST-WK-PO/WNIOSEK/4197/2026::302109_5.0002.185/41","geometry":{"type":"Polygon","coordinates":[[[17.0940413352509,52.2160352733947],[17.0939216266585,52.2162587848046],[17.0937335047287,52.2162206345026],[17.0936507175217,52.2162039450072],[17.0937714916846,52.2159784647014],[17.0940413352509,52.2160352733947]]]},"properties":{"case_id":"ST-WK-PO/WNIOSEK/4197/2026","source_type":"wniosek_decyzja","received_date":"2026-03-06","decision_date":"2026-07-06","status":"decyzja wydana","description":"dot. budowy budynku mieszkalnego jednorodzinnego dwulokalowego","address":"Błażejewo","city":"Błażejewo","office":"Starosta Powiatu Poznań","case_kind":"Budynek mieszkalny jednorodzinny","parcel_ids":["302109_5.0002.185/41"],"location_quality":"dokładny","gunb_url":"https://wyszukiwarka.gunb.gov.pl/","parcel_count":1,"parcel_shard":"x068-y208","parcel_id":"302109_5.0002.185/41","location_source":"powiat poznański (wfs)"}},{"type":"Feature","id":"ST-WK-PO/WNIOSEK/4005/2026::302109_5.0002.190/1","geometry":{"type":"Polygon","coordinates":[[[17.0984658575604,52.214741717575],[17.0984633653984,52.21476362926],[17.0984533222394,52.2149272240369],[17.0976936688063,52.214758016581],[17.0977088843552,52.2145703735582],[17.0984658575604,52.214741717575]]]},"properties":{"case_id":"ST-WK-PO/WNIOSEK/4005/2026","source_type":"wniosek_decyzja","received_date":"2026-03-04","decision_date":"2026-06-02","status":"decyzja wydana","description":"wniosek o pozwolenie na budowę budynku mieszkalnego jednorodzinnego wolnostojącego z bezodpływowym zbiornikiem na nieczystości ciekłe i niezbędną infrastrukturą w miejscowości Błażejewko, gmina Kórnik","address":"Błażejewo","city":"Błażejewo","office":"Starosta Powiatu Poznań","case_kind":"Budynek mieszkalny jednorodzinny","parcel_ids":["302109_5.0002.190/1","302109_5.0002.191/3"],"location_quality":"dokładny","gunb_url":"https://wyszukiwarka.gunb.gov.pl/","parcel_count":2,"parcel_shard":"x068-y208","parcel_id":"302109_5.0002.190/1","location_source":"powiat poznański (wfs)"}},{"type":"Feature","id":"ST-WK-PO/WNIOSEK/4005/2026::302109_5.0002.191/3","geometry":{"type":"Polygon","coordinates":[[[17.0977149328872,52.2144957295038],[17.0984750208521,52.2146649401644],[17.0984658575604,52.214741717575],[17.0977088843552,52.2145703735582],[17.0977149328872,52.2144957295038]]]},"properties":{"case_id":"ST-WK-PO/WNIOSEK/4005/2026","source_type":"wniosek_decyzja","received_date":"2026-03-04","decision_date":"2026-06-02","status":"decyzja wydana","description":"wniosek o pozwolenie na budowę budynku mieszkalnego jednorodzinnego wolnostojącego z bezodpływowym zbiornikiem na nieczystości ciekłe i niezbędną infrastrukturą w miejscowości Błażejewko, gmina Kórnik","address":"Błażejewo","city":"Błażejewo","office":"Starosta Powiatu Poznań","case_kind":"Budynek mieszkalny jednorodzinny","parcel_ids":["302109_5.0002.190/1","302109_5.0002.191/3"],"location_quality":"dokładny","gunb_url":"https://wyszukiwarka.gunb.gov.pl/","parcel_count":2,"parcel_shard":"x068-y208","parcel_id":"302109_5.0002.191/3","location_source":"powiat poznański (wfs)"}},{"type":"Feature","id":"ST-WK-PO/WNIOSEK/7221/2026::302109_5.0002.190/2","geometry":{"type":"Polygon","coordinates":[[[17.0976936688063,52.214758016581],[17.0984533222394,52.2149272240369],[17.0984399709162,52.2151458001021],[17.098368404586,52.2151753631679],[17.0976724026447,52.2150203935126],[17.0976936688063,52.214758016581]]]},"properties":{"case_id":"ST-WK-PO/WNIOSEK/7221/2026","source_type":"wniosek_decyzja","received_date":"2026-04-16","decision_date":"2026-07-28","status":"decyzja wydana","description":"wniosek o pozwolenie na budowę budynku mieszkalnego jednorodzinnego wolnostojącego wraz z własnym ujęciem wody i zbiornikiem bezodpływowym","address":"Błażejewo","city":"Błażejewo","office":"Starosta Powiatu Poznań","case_kind":"Budynek mieszkalny jednorodzinny","parcel_ids":["302109_5.0002.190/2"],"location_quality":"dokładny","gunb_url":"https://wyszukiwarka.gunb.gov.pl/","parcel_count":1,"parcel_shard":"x068-y208","parcel_id":"302109_5.0002.190/2","location_source":"powiat poznański (wfs)"}},{"type":"Feature","id":"ST-WK-PO/WNIOSEK/8550/2026::302109_5.0002.190/4","geometry":{"type":"Polygon","coordinates":[[[17.0976663448493,52.2150954868865],[17.0985324892609,52.2152883374854],[17.0985214908679,52.2153401142381],[17.0984467317155,52.2155345827673],[17.0979763610332,52.2154300533222],[17.0976381140543,52.2153549343806],[17.097647246758,52.2153302872069],[17.0976663448493,52.2150954868865]]]},"properties":{"case_id":"ST-WK-PO/WNIOSEK/8550/2026","source_type":"wniosek_decyzja","received_date":"2026-05-05","decision_date":"2026-07-07","status":"decyzja wydana","description":"wniosku o pozwolenie na budowę budynku mieszkalnego wolnostojącego wraz ze szczelnym zbiornikiem nbezodpływowym i własnym ujęciem wody","address":"Błażejewo","city":"Błażejewo","office":"Starosta Powiatu Poznań","case_kind":"Budynek mieszkalny jednorodzinny","parcel_ids":["302109_5.0002.190/4"],"location_quality":"dokładny","gunb_url":"https://wyszukiwarka.gunb.gov.pl/","parcel_count":1,"parcel_shard":"x068-y208","parcel_id":"302109_5.0002.190/4","location_source":"powiat poznański (wfs)"}},{"type":"Feature","id":"ST-WK-PO/ZGŁOSZENIE/900/2026::302109_5.0002.298/55","geometry":{"type":"Polygon","coordinates":[[[17.0757327810471,52.2131079210551],[17.0757159723357,52.2131423033928],[17.0756458562491,52.2131296204033],[17.0756669589895,52.2130857443992],[17.0757062579604,52.2131027699101],[17.0757327810471,52.2131079210551]]]},"properties":{"case_id":"ST-WK-PO/ZGŁOSZENIE/900/2026","source_type":"zgloszenie","received_date":"2026-03-25","decision_date":null,"status":"Brak sprzeciwu","description":"dot. zgłoszenia budowy linii elektroenergetycznych nn-0,4kV (650m) i szaf i złączy kablowych nn-0,4kV (22 szt.)","address":"Błażejewo","city":"Błażejewo","office":"Starosta Powiatu Poznań","case_kind":"budowa nowego/nowych obiektów budowlanych","parcel_ids":["302109_5.0002.298/55","302109_5.0002.298/6","302109_5.0002.299/5","302109_5.0002.300/6","302109_5.0002.300/9","302109_5.0002.301/8","302109_5.0002.302/11","302109_5.0002.302/12","302109_5.0002.302/7","302109_5.0002.302/9"],"location_quality":"dokładny","gunb_url":"https://wyszukiwarka.gunb.gov.pl/","parcel_count":8,"parcel_shard":"x068-y208","parcel_id":"302109_5.0002.298/55","location_source":"powiat poznański (wfs)"}},{"type":"Feature","id":"ST-WK-PO/ZGŁOSZENIE/900/2026::302109_5.0002.298/6","geometry":{"type":"Polygon","coordinates":[[[17.0754345221365,52.213251819797],[17.0754433916292,52.2132333739661],[17.0755407980787,52.2130310078343],[17.0756669589895,52.2130857443992],[17.0756458562491,52.2131296204033],[17.0755799340813,52.2132666181517],[17.0755508952544,52.213326972482],[17.0755194148045,52.2133209735447],[17.0754969858967,52.2132807112823],[17.0754345221365,52.213251819797]]]},"properties":{"case_id":"ST-WK-PO/ZGŁOSZENIE/900/2026","source_type":"zgloszenie","received_date":"2026-03-25","decision_date":null,"status":"Brak sprzeciwu","description":"dot. zgłoszenia budowy linii elektroenergetycznych nn-0,4kV (650m) i szaf i złączy kablowych nn-0,4kV (22 szt.)","address":"Błażejewo","city":"Błażejewo","office":"Starosta Powiatu Poznań","case_kind":"budowa nowego/nowych obiektów budowlanych","parcel_ids":["302109_5.0002.298/55","302109_5.0002.298/6","302109_5.0002.299/5","302109_5.0002.300/6","302109_5.0002.300/9","302109_5.0002.301/8","302109_5.0002.302/11","302109_5.0002.302/12","302109_5.0002.302/7","302109_5.0002.302/9"],"location_quality":"dokładny","gunb_url":"https://wyszukiwarka.gunb.gov.pl/","parcel_count":8,"parcel_shard":"x068-y208","parcel_id":"302109_5.0002.298/6","location_source":"powiat poznański (wfs)"}},{"type":"Feature","id":"ST-WK-PO/ZGŁOSZENIE/900/2026::302109_5.0002.299/5","geometry":{"type":"Polygon","coordinates":[[[17.0756669589895,52.2130857443992],[17.0755407980787,52.2130310078343],[17.0755626659243,52.2129855200039],[17.0756785711869,52.2127448299474],[17.0758059540356,52.2127970592883],[17.0757435671793,52.2129266273216],[17.0756669589895,52.2130857443992]]]},"properties":{"case_id":"ST-WK-PO/ZGŁOSZENIE/900/2026","source_type":"zgloszenie","received_date":"2026-03-25","decision_date":null,"status":"Brak sprzeciwu","description":"dot. zgłoszenia budowy linii elektroenergetycznych nn-0,4kV (650m) i szaf i złączy kablowych nn-0,4kV (22 szt.)","address":"Błażejewo","city":"Błażejewo","office":"Starosta Powiatu Poznań","case_kind":"budowa nowego/nowych obiektów budowlanych","parcel_ids":["302109_5.0002.298/55","302109_5.0002.298/6","302109_5.0002.299/5","302109_5.0002.300/6","302109_5.0002.300/9","302109_5.0002.301/8","302109_5.0002.302/11","302109_5.0002.302/12","302109_5.0002.302/7","302109_5.0002.302/9"],"location_quality":"dokładny","gunb_url":"https://wyszukiwarka.gunb.gov.pl/","parcel_count":8,"parcel_shard":"x068-y208","parcel_id":"302109_5.0002.299/5","location_source":"powiat poznański (wfs)"}},{"type":"Feature","id":"ST-WK-PO/ZGŁOSZENIE/900/2026::302109_5.0002.300/6","geometry":{"type":"Polygon","coordinates":[[[17.0756785711869,52.2127448299474],[17.0757962997,52.212500828472],[17.075885238512,52.2125378365475],[17.0759233763534,52.2125536844598],[17.0758950924936,52.2126122446242],[17.0758742995873,52.2126553141764],[17.0758183390969,52.2127713606648],[17.0758059540356,52.2127970592883],[17.0756785711869,52.2127448299474]]]},"properties":{"case_id":"ST-WK-PO/ZGŁOSZENIE/900/2026","source_type":"zgloszenie","received_date":"2026-03-25","decision_date":null,"status":"Brak sprzeciwu","description":"dot. zgłoszenia budowy linii elektroenergetycznych nn-0,4kV (650m) i szaf i złączy kablowych nn-0,4kV (22 szt.)","address":"Błażejewo","city":"Błażejewo","office":"Starosta Powiatu Poznań","case_kind":"budowa nowego/nowych obiektów budowlanych","parcel_ids":["302109_5.0002.298/55","302109_5.0002.298/6","302109_5.0002.299/5","302109_5.0002.300/6","302109_5.0002.300/9","302109_5.0002.301/8","302109_5.0002.302/11","302109_5.0002.302/12","302109_5.0002.302/7","302109_5.0002.302/9"],"location_quality":"dokładny","gunb_url":"https://wyszukiwarka.gunb.gov.pl/","parcel_count":8,"parcel_shard":"x068-y208","parcel_id":"302109_5.0002.300/6","location_source":"powiat poznański (wfs)"}},{"type":"Feature","id":"ST-WK-PO/ZGŁOSZENIE/900/2026::302109_5.0002.300/9","geometry":{"type":"Polygon","coordinates":[[[17.0760021478453,52.2125863884608],[17.0758950924936,52.2126122446242],[17.0759233763534,52.2125536844598],[17.0760021478453,52.2125863884608]]]},"properties":{"case_id":"ST-WK-PO/ZGŁOSZENIE/900/2026","source_type":"zgloszenie","received_date":"2026-03-25","decision_date":null,"status":"Brak sprzeciwu","description":"dot. zgłoszenia budowy linii elektroenergetycznych nn-0,4kV (650m) i szaf i złączy kablowych nn-0,4kV (22 szt.)","address":"Błażejewo","city":"Błażejewo","office":"Starosta Powiatu Poznań","case_kind":"budowa nowego/nowych obiektów budowlanych","parcel_ids":["302109_5.0002.298/55","302109_5.0002.298/6","302109_5.0002.299/5","302109_5.0002.300/6","302109_5.0002.300/9","302109_5.0002.301/8","302109_5.0002.302/11","302109_5.0002.302/12","302109_5.0002.302/7","302109_5.0002.302/9"],"location_quality":"dokładny","gunb_url":"https://wyszukiwarka.gunb.gov.pl/","parcel_count":8,"parcel_shard":"x068-y208","parcel_id":"302109_5.0002.300/9","location_source":"powiat poznański (wfs)"}},{"type":"Feature","id":"ST-WK-PO/ZGŁOSZENIE/900/2026::302109_5.0002.301/8","geometry":{"type":"Polygon","coordinates":[[[17.0760124470272,52.2125906934729],[17.0760021478453,52.2125863884608],[17.0759233763534,52.2125536844598],[17.075885238512,52.2125378365475],[17.0762647141376,52.2117512100161],[17.0763913170873,52.2118049605969],[17.0762722174338,52.2120518281141],[17.0762058579205,52.2121896342784],[17.0761283394859,52.2123504522603],[17.0761232974394,52.212360749016],[17.0760508260957,52.2125110005885],[17.0760124470272,52.2125906934729]]]},"properties":{"case_id":"ST-WK-PO/ZGŁOSZENIE/900/2026","source_type":"zgloszenie","received_date":"2026-03-25","decision_date":null,"status":"Brak sprzeciwu","description":"dot. zgłoszenia budowy linii elektroenergetycznych nn-0,4kV (650m) i szaf i złączy kablowych nn-0,4kV (22 szt.)","address":"Błażejewo","city":"Błażejewo","office":"Starosta Powiatu Poznań","case_kind":"budowa nowego/nowych obiektów budowlanych","parcel_ids":["302109_5.0002.298/55","302109_5.0002.298/6","302109_5.0002.299/5","302109_5.0002.300/6","302109_5.0002.300/9","302109_5.0002.301/8","302109_5.0002.302/11","302109_5.0002.302/12","302109_5.0002.302/7","302109_5.0002.302/9"],"location_quality":"dokładny","gunb_url":"https://wyszukiwarka.gunb.gov.pl/","parcel_count":8,"parcel_shard":"x068-y208","parcel_id":"302109_5.0002.301/8","location_source":"powiat poznański (wfs)"}},{"type":"Feature","id":"ST-WK-PO/ZGŁOSZENIE/900/2026::302109_5.0002.302/11","geometry":{"type":"Polygon","coordinates":[[[17.07664507855,52.2115695727774],[17.0766677024271,52.2116216106619],[17.0768140458807,52.2116554719574],[17.076885542809,52.2116720299158],[17.0769570397911,52.2116885878403],[17.0770283923903,52.2117050546991],[17.0770998894809,52.211721612529],[17.0771713866256,52.211738170316],[17.0772428838098,52.21175472806],[17.077314382923,52.2117711958997],[17.0773857339312,52.2117877524153],[17.0774572312923,52.2118043100311],[17.0776024112153,52.211837891615],[17.077747300638,52.2118713808581],[17.0778187982581,52.2118879382569],[17.0778902959324,52.2119044956128],[17.0779616492356,52.2119209619133],[17.0780331470326,52.2119375191838],[17.0781046448691,52.2119540764112],[17.0781761427602,52.2119706335868],[17.0781979860019,52.2119756577398],[17.0782185810351,52.21194202366],[17.0783829850486,52.211979978802],[17.0783608160927,52.2120755280622],[17.0783631368939,52.2120906460568],[17.0782603311163,52.2120668338062],[17.0781729598012,52.2120466473618],[17.0780855885673,52.2120264608444],[17.0779982174137,52.212006274272],[17.0779268658199,52.2119897181217],[17.077855367995,52.2119731607957],[17.0777838702247,52.2119566034178],[17.077638980498,52.2119231142082],[17.0774942372778,52.2118896259651],[17.0774070129551,52.2118694401022],[17.0773197887133,52.2118492541665],[17.077248289473,52.211832786338],[17.0771767921621,52.2118162285963],[17.0771052948907,52.2117996708114],[17.0770337976734,52.2117831129838],[17.076962298664,52.2117666449751],[17.076890947839,52.211750088205],[17.076819450784,52.2117335302488],[17.0767479519218,52.2117170621114],[17.0766764549896,52.2117005040698],[17.0765965123879,52.2116819924119],[17.0765861742272,52.2116795746347],[17.0765008366543,52.2116954448145],[17.07664507855,52.2115695727774]]]},"properties":{"case_id":"ST-WK-PO/ZGŁOSZENIE/900/2026","source_type":"zgloszenie","received_date":"2026-03-25","decision_date":null,"status":"Brak sprzeciwu","description":"dot. zgłoszenia budowy linii elektroenergetycznych nn-0,4kV (650m) i szaf i złączy kablowych nn-0,4kV (22 szt.)","address":"Błażejewo","city":"Błażejewo","office":"Starosta Powiatu Poznań","case_kind":"budowa nowego/nowych obiektów budowlanych","parcel_ids":["302109_5.0002.298/55","302109_5.0002.298/6","302109_5.0002.299/5","302109_5.0002.300/6","302109_5.0002.300/9","302109_5.0002.301/8","302109_5.0002.302/11","302109_5.0002.302/12","302109_5.0002.302/7","302109_5.0002.302/9"],"location_quality":"dokładny","gunb_url":"https://wyszukiwarka.gunb.gov.pl/","parcel_count":8,"parcel_shard":"x068-y208","parcel_id":"302109_5.0002.302/11","location_source":"powiat poznański (wfs)"}},{"type":"Feature","id":"ST-WK-PO/ZGŁOSZENIE/900/2026::302109_5.0002.302/7","geometry":{"type":"Polygon","coordinates":[[[17.0762647141376,52.2117512100161],[17.0762603480719,52.2117493782398],[17.0763525868595,52.2116688485048],[17.0764898286002,52.2115489438317],[17.0766270677205,52.2114291288688],[17.0767356950779,52.2113343462284],[17.0768536921618,52.2113874897208],[17.07664507855,52.2115695727774],[17.0765008366543,52.2116954448145],[17.076492489728,52.2117028395568],[17.0764026365045,52.2117812309387],[17.0763913170873,52.2118049605969],[17.0762647141376,52.2117512100161]]]},"properties":{"case_id":"ST-WK-PO/ZGŁOSZENIE/900/2026","source_type":"zgloszenie","received_date":"2026-03-25","decision_date":null,"status":"Brak sprzeciwu","description":"dot. zgłoszenia budowy linii elektroenergetycznych nn-0,4kV (650m) i szaf i złączy kablowych nn-0,4kV (22 szt.)","address":"Błażejewo","city":"Błażejewo","office":"Starosta Powiatu Poznań","case_kind":"budowa nowego/nowych obiektów budowlanych","parcel_ids":["302109_5.0002.298/55","302109_5.0002.298/6","302109_5.0002.299/5","302109_5.0002.300/6","302109_5.0002.300/9","302109_5.0002.301/8","302109_5.0002.302/11","302109_5.0002.302/12","302109_5.0002.302/7","302109_5.0002.302/9"],"location_quality":"dokładny","gunb_url":"https://wyszukiwarka.gunb.gov.pl/","parcel_count":8,"parcel_shard":"x068-y208","parcel_id":"302109_5.0002.302/7","location_source":"powiat poznański (wfs)"}},{"type":"Feature","id":"ST-WK-PO/ZGŁOSZENIE/1691/2026::302109_5.0002.298/55","geometry":{"type":"Polygon","coordinates":[[[17.0757327810471,52.2131079210551],[17.0757159723357,52.2131423033928],[17.0756458562491,52.2131296204033],[17.0756669589895,52.2130857443992],[17.0757062579604,52.2131027699101],[17.0757327810471,52.2131079210551]]]},"properties":{"case_id":"ST-WK-PO/ZGŁOSZENIE/1691/2026","source_type":"zgloszenie","received_date":"2026-05-27","decision_date":null,"status":"Brak sprzeciwu","description":"dot. zgłoszenia linii kablowej SN 15 kV (281 m), stacji transformatorowej SN/nn (2,4x1,3x2,1m), linii kablowych nn 0,4 kV (488m), złącza/szafy kablowe nn 0,4 kV (23 szt.)","address":"Błażejewo","city":"Błażejewo","office":"Starosta Powiatu Poznań","case_kind":"budowa nowego/nowych obiektów budowlanych","parcel_ids":["302109_5.0002.298/55","302109_5.0002.298/6","302109_5.0002.299/5","302109_5.0002.300/6","302109_5.0002.300/9","302109_5.0002.301/8","302109_5.0002.302/7","302109_5.0002.303/11","302109_5.0002.303/12","302109_5.0002.303/13","302109_5.0002.303/14","302109_5.0002.303/15","302109_5.0002.303/16","302109_5.0002.303/17","302109_5.0002.303/18","302109_5.0002.303/19","302109_5.0002.303/20","302109_5.0002.303/21","302109_5.0002.303/22","302109_5.0002.303/23","302109_5.0002.303/24","302109_5.0002.303/25","302109_5.0002.303/26","302109_5.0002.303/27","302109_5.0002.303/28","302109_5.0002.303/29","302109_5.0002.303/30","302109_5.0002.303/31","302109_5.0002.303/7"],"location_quality":"dokładny","gunb_url":"https://wyszukiwarka.gunb.gov.pl/","parcel_count":29,"parcel_shard":"x068-y208","parcel_id":"302109_5.0002.298/55","location_source":"powiat poznański (wfs)"}},{"type":"Feature","id":"ST-WK-PO/ZGŁOSZENIE/1691/2026::302109_5.0002.298/6","geometry":{"type":"Polygon","coordinates":[[[17.0754345221365,52.213251819797],[17.0754433916292,52.2132333739661],[17.0755407980787,52.2130310078343],[17.0756669589895,52.2130857443992],[17.0756458562491,52.2131296204033],[17.0755799340813,52.2132666181517],[17.0755508952544,52.213326972482],[17.0755194148045,52.2133209735447],[17.0754969858967,52.2132807112823],[17.0754345221365,52.213251819797]]]},"properties":{"case_id":"ST-WK-PO/ZGŁOSZENIE/1691/2026","source_type":"zgloszenie","received_date":"2026-05-27","decision_date":null,"status":"Brak sprzeciwu","description":"dot. zgłoszenia linii kablowej SN 15 kV (281 m), stacji transformatorowej SN/nn (2,4x1,3x2,1m), linii kablowych nn 0,4 kV (488m), złącza/szafy kablowe nn 0,4 kV (23 szt.)","address":"Błażejewo","city":"Błażejewo","office":"Starosta Powiatu Poznań","case_kind":"budowa nowego/nowych obiektów budowlanych","parcel_ids":["302109_5.0002.298/55","302109_5.0002.298/6","302109_5.0002.299/5","302109_5.0002.300/6","302109_5.0002.300/9","302109_5.0002.301/8","302109_5.0002.302/7","302109_5.0002.303/11","302109_5.0002.303/12","302109_5.0002.303/13","302109_5.0002.303/14","302109_5.0002.303/15","302109_5.0002.303/16","302109_5.0002.303/17","302109_5.0002.303/18","302109_5.0002.303/19","302109_5.0002.303/20","302109_5.0002.303/21","302109_5.0002.303/22","302109_5.0002.303/23","302109_5.0002.303/24","302109_5.0002.303/25","302109_5.0002.303/26","302109_5.0002.303/27","302109_5.0002.303/28","302109_5.0002.303/29","302109_5.0002.303/30","302109_5.0002.303/31","302109_5.0002.303/7"],"location_quality":"dokładny","gunb_url":"https://wyszukiwarka.gunb.gov.pl/","parcel_count":29,"parcel_shard":"x068-y208","parcel_id":"302109_5.0002.298/6","location_source":"powiat poznański (wfs)"}},{"type":"Feature","id":"ST-WK-PO/ZGŁOSZENIE/1691/2026::302109_5.0002.299/5","geometry":{"type":"Polygon","coordinates":[[[17.0756669589895,52.2130857443992],[17.0755407980787,52.2130310078343],[17.0755626659243,52.2129855200039],[17.0756785711869,52.2127448299474],[17.0758059540356,52.2127970592883],[17.0757435671793,52.2129266273216],[17.0756669589895,52.2130857443992]]]},"properties":{"case_id":"ST-WK-PO/ZGŁOSZENIE/1691/2026","source_type":"zgloszenie","received_date":"2026-05-27","decision_date":null,"status":"Brak sprzeciwu","description":"dot. zgłoszenia linii kablowej SN 15 kV (281 m), stacji transformatorowej SN/nn (2,4x1,3x2,1m), linii kablowych nn 0,4 kV (488m), złącza/szafy kablowe nn 0,4 kV (23 szt.)","address":"Błażejewo","city":"Błażejewo","office":"Starosta Powiatu Poznań","case_kind":"budowa nowego/nowych obiektów budowlanych","parcel_ids":["302109_5.0002.298/55","302109_5.0002.298/6","302109_5.0002.299/5","302109_5.0002.300/6","302109_5.0002.300/9","302109_5.0002.301/8","302109_5.0002.302/7","302109_5.0002.303/11","302109_5.0002.303/12","302109_5.0002.303/13","302109_5.0002.303/14","302109_5.0002.303/15","302109_5.0002.303/16","302109_5.0002.303/17","302109_5.0002.303/18","302109_5.0002.303/19","302109_5.0002.303/20","302109_5.0002.303/21","302109_5.0002.303/22","302109_5.0002.303/23","302109_5.0002.303/24","302109_5.0002.303/25","302109_5.0002.303/26","302109_5.0002.303/27","302109_5.0002.303/28","302109_5.0002.303/29","302109_5.0002.303/30","302109_5.0002.303/31","302109_5.0002.303/7"],"location_quality":"dokładny","gunb_url":"https://wyszukiwarka.gunb.gov.pl/","parcel_count":29,"parcel_shard":"x068-y208","parcel_id":"302109_5.0002.299/5","location_source":"powiat poznański (wfs)"}},{"type":"Feature","id":"ST-WK-PO/ZGŁOSZENIE/1691/2026::302109_5.0002.300/6","geometry":{"type":"Polygon","coordinates":[[[17.0756785711869,52.2127448299474],[17.0757962997,52.212500828472],[17.075885238512,52.2125378365475],[17.0759233763534,52.2125536844598],[17.0758950924936,52.2126122446242],[17.0758742995873,52.2126553141764],[17.0758183390969,52.2127713606648],[17.0758059540356,52.2127970592883],[17.0756785711869,52.2127448299474]]]},"properties":{"case_id":"ST-WK-PO/ZGŁOSZENIE/1691/2026","source_type":"zgloszenie","received_date":"2026-05-27","decision_date":null,"status":"Brak sprzeciwu","description":"dot. zgłoszenia linii kablowej SN 15 kV (281 m), stacji transformatorowej SN/nn (2,4x1,3x2,1m), linii kablowych nn 0,4 kV (488m), złącza/szafy kablowe nn 0,4 kV (23 szt.)","address":"Błażejewo","city":"Błażejewo","office":"Starosta Powiatu Poznań","case_kind":"budowa nowego/nowych obiektów budowlanych","parcel_ids":["302109_5.0002.298/55","302109_5.0002.298/6","302109_5.0002.299/5","302109_5.0002.300/6","302109_5.0002.300/9","302109_5.0002.301/8","302109_5.0002.302/7","302109_5.0002.303/11","302109_5.0002.303/12","302109_5.0002.303/13","302109_5.0002.303/14","302109_5.0002.303/15","302109_5.0002.303/16","302109_5.0002.303/17","302109_5.0002.303/18","302109_5.0002.303/19","302109_5.0002.303/20","302109_5.0002.303/21","302109_5.0002.303/22","302109_5.0002.303/23","302109_5.0002.303/24","302109_5.0002.303/25","302109_5.0002.303/26","302109_5.0002.303/27","302109_5.0002.303/28","302109_5.0002.303/29","302109_5.0002.303/30","302109_5.0002.303/31","302109_5.0002.303/7"],"location_quality":"dokładny","gunb_url":"https://wyszukiwarka.gunb.gov.pl/","parcel_count":29,"parcel_shard":"x068-y208","parcel_id":"302109_5.0002.300/6","location_source":"powiat poznański (wfs)"}},{"type":"Feature","id":"ST-WK-PO/ZGŁOSZENIE/1691/2026::302109_5.0002.300/9","geometry":{"type":"Polygon","coordinates":[[[17.0760021478453,52.2125863884608],[17.0758950924936,52.2126122446242],[17.0759233763534,52.2125536844598],[17.0760021478453,52.2125863884608]]]},"properties":{"case_id":"ST-WK-PO/ZGŁOSZENIE/1691/2026","source_type":"zgloszenie","received_date":"2026-05-27","decision_date":null,"status":"Brak sprzeciwu","description":"dot. zgłoszenia linii kablowej SN 15 kV (281 m), stacji transformatorowej SN/nn (2,4x1,3x2,1m), linii kablowych nn 0,4 kV (488m), złącza/szafy kablowe nn 0,4 kV (23 szt.)","address":"Błażejewo","city":"Błażejewo","office":"Starosta Powiatu Poznań","case_kind":"budowa nowego/nowych obiektów budowlanych","parcel_ids":["302109_5.0002.298/55","302109_5.0002.298/6","302109_5.0002.299/5","302109_5.0002.300/6","302109_5.0002.300/9","302109_5.0002.301/8","302109_5.0002.302/7","302109_5.0002.303/11","302109_5.0002.303/12","302109_5.0002.303/13","302109_5.0002.303/14","302109_5.0002.303/15","302109_5.0002.303/16","302109_5.0002.303/17","302109_5.0002.303/18","302109_5.0002.303/19","302109_5.0002.303/20","302109_5.0002.303/21","302109_5.0002.303/22","302109_5.0002.303/23","302109_5.0002.303/24","302109_5.0002.303/25","302109_5.0002.303/26","302109_5.0002.303/27","302109_5.0002.303/28","302109_5.0002.303/29","302109_5.0002.303/30","302109_5.0002.303/31","302109_5.0002.303/7"],"location_quality":"dokładny","gunb_url":"https://wyszukiwarka.gunb.gov.pl/","parcel_count":29,"parcel_shard":"x068-y208","parcel_id":"302109_5.0002.300/9","location_source":"powiat poznański (wfs)"}},{"type":"Feature","id":"ST-WK-PO/ZGŁOSZENIE/1691/2026::302109_5.0002.301/8","geometry":{"type":"Polygon","coordinates":[[[17.0760124470272,52.2125906934729],[17.0760021478453,52.2125863884608],[17.0759233763534,52.2125536844598],[17.075885238512,52.2125378365475],[17.0762647141376,52.2117512100161],[17.0763913170873,52.2118049605969],[17.0762722174338,52.2120518281141],[17.0762058579205,52.2121896342784],[17.0761283394859,52.2123504522603],[17.0761232974394,52.212360749016],[17.0760508260957,52.2125110005885],[17.0760124470272,52.2125906934729]]]},"properties":{"case_id":"ST-WK-PO/ZGŁOSZENIE/1691/2026","source_type":"zgloszenie","received_date":"2026-05-27","decision_date":null,"status":"Brak sprzeciwu","description":"dot. zgłoszenia linii kablowej SN 15 kV (281 m), stacji transformatorowej SN/nn (2,4x1,3x2,1m), linii kablowych nn 0,4 kV (488m), złącza/szafy kablowe nn 0,4 kV (23 szt.)","address":"Błażejewo","city":"Błażejewo","office":"Starosta Powiatu Poznań","case_kind":"budowa nowego/nowych obiektów budowlanych","parcel_ids":["302109_5.0002.298/55","302109_5.0002.298/6","302109_5.0002.299/5","302109_5.0002.300/6","302109_5.0002.300/9","302109_5.0002.301/8","302109_5.0002.302/7","302109_5.0002.303/11","302109_5.0002.303/12","302109_5.0002.303/13","302109_5.0002.303/14","302109_5.0002.303/15","302109_5.0002.303/16","302109_5.0002.303/17","302109_5.0002.303/18","302109_5.0002.303/19","302109_5.0002.303/20","302109_5.0002.303/21","302109_5.0002.303/22","302109_5.0002.303/23","302109_5.0002.303/24","302109_5.0002.303/25","302109_5.0002.303/26","302109_5.0002.303/27","302109_5.0002.303/28","302109_5.0002.303/29","302109_5.0002.303/30","302109_5.0002.303/31","302109_5.0002.303/7"],"location_quality":"dokładny","gunb_url":"https://wyszukiwarka.gunb.gov.pl/","parcel_count":29,"parcel_shard":"x068-y208","parcel_id":"302109_5.0002.301/8","location_source":"powiat poznański (wfs)"}},{"type":"Feature","id":"ST-WK-PO/ZGŁOSZENIE/1691/2026::302109_5.0002.302/7","geometry":{"type":"Polygon","coordinates":[[[17.0762647141376,52.2117512100161],[17.0762603480719,52.2117493782398],[17.0763525868595,52.2116688485048],[17.0764898286002,52.2115489438317],[17.0766270677205,52.2114291288688],[17.0767356950779,52.2113343462284],[17.0768536921618,52.2113874897208],[17.07664507855,52.2115695727774],[17.0765008366543,52.2116954448145],[17.076492489728,52.2117028395568],[17.0764026365045,52.2117812309387],[17.0763913170873,52.2118049605969],[17.0762647141376,52.2117512100161]]]},"properties":{"case_id":"ST-WK-PO/ZGŁOSZENIE/1691/2026","source_type":"zgloszenie","received_date":"2026-05-27","decision_date":null,"status":"Brak sprzeciwu","description":"dot. zgłoszenia linii kablowej SN 15 kV (281 m), stacji transformatorowej SN/nn (2,4x1,3x2,1m), linii kablowych nn 0,4 kV (488m), złącza/szafy kablowe nn 0,4 kV (23 szt.)","address":"Błażejewo","city":"Błażejewo","office":"Starosta Powiatu Poznań","case_kind":"budowa nowego/nowych obiektów budowlanych","parcel_ids":["302109_5.0002.298/55","302109_5.0002.298/6","302109_5.0002.299/5","302109_5.0002.300/6","302109_5.0002.300/9","302109_5.0002.301/8","302109_5.0002.302/7","302109_5.0002.303/11","302109_5.0002.303/12","302109_5.0002.303/13","302109_5.0002.303/14","302109_5.0002.303/15","302109_5.0002.303/16","302109_5.0002.303/17","302109_5.0002.303/18","302109_5.0002.303/19","302109_5.0002.303/20","302109_5.0002.303/21","302109_5.0002.303/22","302109_5.0002.303/23","302109_5.0002.303/24","302109_5.0002.303/25","302109_5.0002.303/26","302109_5.0002.303/27","302109_5.0002.303/28","302109_5.0002.303/29","302109_5.0002.303/30","302109_5.0002.303/31","302109_5.0002.303/7"],"location_quality":"dokładny","gunb_url":"https://wyszukiwarka.gunb.gov.pl/","parcel_count":29,"parcel_shard":"x068-y208","parcel_id":"302109_5.0002.302/7","location_source":"powiat poznański (wfs)"}},{"type":"Feature","id":"ST-WK-PO/ZGŁOSZENIE/1691/2026::302109_5.0002.303/11","geometry":{"type":"Polygon","coordinates":[[[17.0771399376825,52.2111376145743],[17.077176536957,52.2112071984086],[17.0784128358294,52.2114990833064],[17.0784884694988,52.2114783723232],[17.078543067822,52.2114913818759],[17.0785134132559,52.2115810305076],[17.0785064731775,52.2115982333106],[17.078372809329,52.2115667201381],[17.0783016101635,52.2115498957666],[17.0782302666281,52.2115329803403],[17.0781590675869,52.2115161558839],[17.078087722288,52.2114993302428],[17.0780163770586,52.2114825045592],[17.0778720850153,52.211448481018],[17.077727504335,52.2114142752854],[17.0776563056662,52.2113974505197],[17.0775849607543,52.211380624578],[17.0775136159122,52.2113637985848],[17.0774424174074,52.2113469737005],[17.0773710726605,52.2113301476219],[17.0772997279685,52.2113133215006],[17.0772285296281,52.2112964964887],[17.0771571850458,52.2112796702821],[17.0770824926391,52.211262008933],[17.0769761789925,52.2112805016914],[17.0771399376825,52.2111376145743]]]},"properties":{"case_id":"ST-WK-PO/ZGŁOSZENIE/1691/2026","source_type":"zgloszenie","received_date":"2026-05-27","decision_date":null,"status":"Brak sprzeciwu","description":"dot. zgłoszenia linii kablowej SN 15 kV (281 m), stacji transformatorowej SN/nn (2,4x1,3x2,1m), linii kablowych nn 0,4 kV (488m), złącza/szafy kablowe nn 0,4 kV (23 szt.)","address":"Błażejewo","city":"Błażejewo","office":"Starosta Powiatu Poznań","case_kind":"budowa nowego/nowych obiektów budowlanych","parcel_ids":["302109_5.0002.298/55","302109_5.0002.298/6","302109_5.0002.299/5","302109_5.0002.300/6","302109_5.0002.300/9","302109_5.0002.301/8","302109_5.0002.302/7","302109_5.0002.303/11","302109_5.0002.303/12","302109_5.0002.303/13","302109_5.0002.303/14","302109_5.0002.303/15","302109_5.0002.303/16","302109_5.0002.303/17","302109_5.0002.303/18","302109_5.0002.303/19","302109_5.0002.303/20","302109_5.0002.303/21","302109_5.0002.303/22","302109_5.0002.303/23","302109_5.0002.303/24","302109_5.0002.303/25","302109_5.0002.303/26","302109_5.0002.303/27","302109_5.0002.303/28","302109_5.0002.303/29","302109_5.0002.303/30","302109_5.0002.303/31","302109_5.0002.303/7"],"location_quality":"dokładny","gunb_url":"https://wyszukiwarka.gunb.gov.pl/","parcel_count":29,"parcel_shard":"x068-y208","parcel_id":"302109_5.0002.303/11","location_source":"powiat poznański (wfs)"}},{"type":"Feature","id":"ST-WK-PO/ZGŁOSZENIE/1691/2026::302109_5.0002.303/12","geometry":{"type":"Polygon","coordinates":[[[17.0771399376825,52.2111376145743],[17.0773276870938,52.2109737030787],[17.0774239428532,52.2108897884678],[17.077547304607,52.2109382095572],[17.0776413283224,52.2108560749298],[17.0784922020312,52.2110575824336],[17.0784704664552,52.2110968701089],[17.0786588384374,52.2111360007135],[17.0786023858858,52.2113116352566],[17.078543067822,52.2114913818759],[17.0784884694988,52.2114783723232],[17.0784128358294,52.2114990833064],[17.077176536957,52.2112071984086],[17.0771399376825,52.2111376145743]]]},"properties":{"case_id":"ST-WK-PO/ZGŁOSZENIE/1691/2026","source_type":"zgloszenie","received_date":"2026-05-27","decision_date":null,"status":"Brak sprzeciwu","description":"dot. zgłoszenia linii kablowej SN 15 kV (281 m), stacji transformatorowej SN/nn (2,4x1,3x2,1m), linii kablowych nn 0,4 kV (488m), złącza/szafy kablowe nn 0,4 kV (23 szt.)","address":"Błażejewo","city":"Błażejewo","office":"Starosta Powiatu Poznań","case_kind":"budowa nowego/nowych obiektów budowlanych","parcel_ids":["302109_5.0002.298/55","302109_5.0002.298/6","302109_5.0002.299/5","302109_5.0002.300/6","302109_5.0002.300/9","302109_5.0002.301/8","302109_5.0002.302/7","302109_5.0002.303/11","302109_5.0002.303/12","302109_5.0002.303/13","302109_5.0002.303/14","302109_5.0002.303/15","302109_5.0002.303/16","302109_5.0002.303/17","302109_5.0002.303/18","302109_5.0002.303/19","302109_5.0002.303/20","302109_5.0002.303/21","302109_5.0002.303/22","302109_5.0002.303/23","302109_5.0002.303/24","302109_5.0002.303/25","302109_5.0002.303/26","302109_5.0002.303/27","302109_5.0002.303/28","302109_5.0002.303/29","302109_5.0002.303/30","302109_5.0002.303/31","302109_5.0002.303/7"],"location_quality":"dokładny","gunb_url":"https://wyszukiwarka.gunb.gov.pl/","parcel_count":29,"parcel_shard":"x068-y208","parcel_id":"302109_5.0002.303/12","location_source":"powiat poznański (wfs)"}},{"type":"Feature","id":"ST-WK-PO/ZGŁOSZENIE/1691/2026::302109_5.0002.303/13","geometry":{"type":"Polygon","coordinates":[[[17.0772080515797,52.2109219853297],[17.0772502200556,52.2108851945392],[17.0774691097883,52.2106941128398],[17.0777158288744,52.210791134523],[17.0776413283224,52.2108560749298],[17.077547304607,52.2109382095572],[17.0774239428532,52.2108897884678],[17.0773276870938,52.2109737030787],[17.0772080515797,52.2109219853297]]]},"properties":{"case_id":"ST-WK-PO/ZGŁOSZENIE/1691/2026","source_type":"zgloszenie","received_date":"2026-05-27","decision_date":null,"status":"Brak sprzeciwu","description":"dot. zgłoszenia linii kablowej SN 15 kV (281 m), stacji transformatorowej SN/nn (2,4x1,3x2,1m), linii kablowych nn 0,4 kV (488m), złącza/szafy kablowe nn 0,4 kV (23 szt.)","address":"Błażejewo","city":"Błażejewo","office":"Starosta Powiatu Poznań","case_kind":"budowa nowego/nowych obiektów budowlanych","parcel_ids":["302109_5.0002.298/55","302109_5.0002.298/6","302109_5.0002.299/5","302109_5.0002.300/6","302109_5.0002.300/9","302109_5.0002.301/8","302109_5.0002.302/7","302109_5.0002.303/11","302109_5.0002.303/12","302109_5.0002.303/13","302109_5.0002.303/14","302109_5.0002.303/15","302109_5.0002.303/16","302109_5.0002.303/17","302109_5.0002.303/18","302109_5.0002.303/19","302109_5.0002.303/20","302109_5.0002.303/21","302109_5.0002.303/22","302109_5.0002.303/23","302109_5.0002.303/24","302109_5.0002.303/25","302109_5.0002.303/26","302109_5.0002.303/27","302109_5.0002.303/28","302109_5.0002.303/29","302109_5.0002.303/30","302109_5.0002.303/31","302109_5.0002.303/7"],"location_quality":"dokładny","gunb_url":"https://wyszukiwarka.gunb.gov.pl/","parcel_count":29,"parcel_shard":"x068-y208","parcel_id":"302109_5.0002.303/13","location_source":"powiat poznański (wfs)"}},{"type":"Feature","id":"ST-WK-PO/ZGŁOSZENIE/1691/2026::302109_5.0002.303/14","geometry":{"type":"Polygon","coordinates":[[[17.0777158288744,52.210791134523],[17.0777354213427,52.2107988375783],[17.0780662068379,52.2108989422399],[17.0786930879979,52.2110293106821],[17.0786588384374,52.2111360007135],[17.0784704664552,52.2110968701089],[17.0784922020312,52.2110575824336],[17.0776413283224,52.2108560749298],[17.0777158288744,52.210791134523]]]},"properties":{"case_id":"ST-WK-PO/ZGŁOSZENIE/1691/2026","source_type":"zgloszenie","received_date":"2026-05-27","decision_date":null,"status":"Brak sprzeciwu","description":"dot. zgłoszenia linii kablowej SN 15 kV (281 m), stacji transformatorowej SN/nn (2,4x1,3x2,1m), linii kablowych nn 0,4 kV (488m), złącza/szafy kablowe nn 0,4 kV (23 szt.)","address":"Błażejewo","city":"Błażejewo","office":"Starosta Powiatu Poznań","case_kind":"budowa nowego/nowych obiektów budowlanych","parcel_ids":["302109_5.0002.298/55","302109_5.0002.298/6","302109_5.0002.299/5","302109_5.0002.300/6","302109_5.0002.300/9","302109_5.0002.301/8","302109_5.0002.302/7","302109_5.0002.303/11","302109_5.0002.303/12","302109_5.0002.303/13","302109_5.0002.303/14","302109_5.0002.303/15","302109_5.0002.303/16","302109_5.0002.303/17","302109_5.0002.303/18","302109_5.0002.303/19","302109_5.0002.303/20","302109_5.0002.303/21","302109_5.0002.303/22","302109_5.0002.303/23","302109_5.0002.303/24","302109_5.0002.303/25","302109_5.0002.303/26","302109_5.0002.303/27","302109_5.0002.303/28","302109_5.0002.303/29","302109_5.0002.303/30","302109_5.0002.303/31","302109_5.0002.303/7"],"location_quality":"dokładny","gunb_url":"https://wyszukiwarka.gunb.gov.pl/","parcel_count":29,"parcel_shard":"x068-y208","parcel_id":"302109_5.0002.303/14","location_source":"powiat poznański (wfs)"}},{"type":"Feature","id":"ST-WK-PO/ZGŁOSZENIE/1691/2026::302109_5.0002.303/15","geometry":{"type":"Polygon","coordinates":[[[17.0768536921618,52.2113874897208],[17.0769761789925,52.2112805016914],[17.0770824926391,52.211262008933],[17.0771571850458,52.2112796702821],[17.0770377941033,52.2114702712878],[17.0770153240891,52.2114602087242],[17.076951397112,52.2114313964698],[17.0768536921618,52.2113874897208]]]},"properties":{"case_id":"ST-WK-PO/ZGŁOSZENIE/1691/2026","source_type":"zgloszenie","received_date":"2026-05-27","decision_date":null,"status":"Brak sprzeciwu","description":"dot. zgłoszenia linii kablowej SN 15 kV (281 m), stacji transformatorowej SN/nn (2,4x1,3x2,1m), linii kablowych nn 0,4 kV (488m), złącza/szafy kablowe nn 0,4 kV (23 szt.)","address":"Błażejewo","city":"Błażejewo","office":"Starosta Powiatu Poznań","case_kind":"budowa nowego/nowych obiektów budowlanych","parcel_ids":["302109_5.0002.298/55","302109_5.0002.298/6","302109_5.0002.299/5","302109_5.0002.300/6","302109_5.0002.300/9","302109_5.0002.301/8","302109_5.0002.302/7","302109_5.0002.303/11","302109_5.0002.303/12","302109_5.0002.303/13","302109_5.0002.303/14","302109_5.0002.303/15","302109_5.0002.303/16","302109_5.0002.303/17","302109_5.0002.303/18","302109_5.0002.303/19","302109_5.0002.303/20","302109_5.0002.303/21","302109_5.0002.303/22","302109_5.0002.303/23","302109_5.0002.303/24","302109_5.0002.303/25","302109_5.0002.303/26","302109_5.0002.303/27","302109_5.0002.303/28","302109_5.0002.303/29","302109_5.0002.303/30","302109_5.0002.303/31","302109_5.0002.303/7"],"location_quality":"dokładny","gunb_url":"https://wyszukiwarka.gunb.gov.pl/","parcel_count":29,"parcel_shard":"x068-y208","parcel_id":"302109_5.0002.303/15","location_source":"powiat poznański (wfs)"}},{"type":"Feature","id":"ST-WK-PO/ZGŁOSZENIE/1691/2026::302109_5.0002.303/16","geometry":{"type":"Polygon","coordinates":[[[17.0770377941033,52.2114702712878],[17.0771571850458,52.2112796702821],[17.0772285296281,52.2112964964887],[17.0771035381145,52.2114961316637],[17.0770859208744,52.2114919492791],[17.0770792530096,52.2114889310919],[17.0770377941033,52.2114702712878]]]},"properties":{"case_id":"ST-WK-PO/ZGŁOSZENIE/1691/2026","source_type":"zgloszenie","received_date":"2026-05-27","decision_date":null,"status":"Brak sprzeciwu","description":"dot. zgłoszenia linii kablowej SN 15 kV (281 m), stacji transformatorowej SN/nn (2,4x1,3x2,1m), linii kablowych nn 0,4 kV (488m), złącza/szafy kablowe nn 0,4 kV (23 szt.)","address":"Błażejewo","city":"Błażejewo","office":"Starosta Powiatu Poznań","case_kind":"budowa nowego/nowych obiektów budowlanych","parcel_ids":["302109_5.0002.298/55","302109_5.0002.298/6","302109_5.0002.299/5","302109_5.0002.300/6","302109_5.0002.300/9","302109_5.0002.301/8","302109_5.0002.302/7","302109_5.0002.303/11","302109_5.0002.303/12","302109_5.0002.303/13","302109_5.0002.303/14","302109_5.0002.303/15","302109_5.0002.303/16","302109_5.0002.303/17","302109_5.0002.303/18","302109_5.0002.303/19","302109_5.0002.303/20","302109_5.0002.303/21","302109_5.0002.303/22","302109_5.0002.303/23","302109_5.0002.303/24","302109_5.0002.303/25","302109_5.0002.303/26","302109_5.0002.303/27","302109_5.0002.303/28","302109_5.0002.303/29","302109_5.0002.303/30","302109_5.0002.303/31","302109_5.0002.303/7"],"location_quality":"dokładny","gunb_url":"https://wyszukiwarka.gunb.gov.pl/","parcel_count":29,"parcel_shard":"x068-y208","parcel_id":"302109_5.0002.303/16","location_source":"powiat poznański (wfs)"}},{"type":"Feature","id":"ST-WK-PO/ZGŁOSZENIE/1691/2026::302109_5.0002.303/17","geometry":{"type":"Polygon","coordinates":[[[17.0771035381145,52.2114961316637],[17.0772285296281,52.2112964964887],[17.0772997279685,52.2113133215006],[17.0771747367372,52.2115129567624],[17.0771496940723,52.2115070085969],[17.0771035381145,52.2114961316637]]]},"properties":{"case_id":"ST-WK-PO/ZGŁOSZENIE/1691/2026","source_type":"zgloszenie","received_date":"2026-05-27","decision_date":null,"status":"Brak sprzeciwu","description":"dot. zgłoszenia linii kablowej SN 15 kV (281 m), stacji transformatorowej SN/nn (2,4x1,3x2,1m), linii kablowych nn 0,4 kV (488m), złącza/szafy kablowe nn 0,4 kV (23 szt.)","address":"Błażejewo","city":"Błażejewo","office":"Starosta Powiatu Poznań","case_kind":"budowa nowego/nowych obiektów budowlanych","parcel_ids":["302109_5.0002.298/55","302109_5.0002.298/6","302109_5.0002.299/5","302109_5.0002.300/6","302109_5.0002.300/9","302109_5.0002.301/8","302109_5.0002.302/7","302109_5.0002.303/11","302109_5.0002.303/12","302109_5.0002.303/13","302109_5.0002.303/14","302109_5.0002.303/15","302109_5.0002.303/16","302109_5.0002.303/17","302109_5.0002.303/18","302109_5.0002.303/19","302109_5.0002.303/20","302109_5.0002.303/21","302109_5.0002.303/22","302109_5.0002.303/23","302109_5.0002.303/24","302109_5.0002.303/25","302109_5.0002.303/26","302109_5.0002.303/27","302109_5.0002.303/28","302109_5.0002.303/29","302109_5.0002.303/30","302109_5.0002.303/31","302109_5.0002.303/7"],"location_quality":"dokładny","gunb_url":"https://wyszukiwarka.gunb.gov.pl/","parcel_count":29,"parcel_shard":"x068-y208","parcel_id":"302109_5.0002.303/17","location_source":"powiat poznański (wfs)"}},{"type":"Feature","id":"ST-WK-PO/ZGŁOSZENIE/1691/2026::302109_5.0002.303/18","geometry":{"type":"Polygon","coordinates":[[[17.0771747367372,52.2115129567624],[17.0772997279685,52.2113133215006],[17.0773710726605,52.2113301476219],[17.0772459354005,52.2115297818094],[17.0772210390142,52.2115238348019],[17.0771747367372,52.2115129567624]]]},"properties":{"case_id":"ST-WK-PO/ZGŁOSZENIE/1691/2026","source_type":"zgloszenie","received_date":"2026-05-27","decision_date":null,"status":"Brak sprzeciwu","description":"dot. zgłoszenia linii kablowej SN 15 kV (281 m), stacji transformatorowej SN/nn (2,4x1,3x2,1m), linii kablowych nn 0,4 kV (488m), złącza/szafy kablowe nn 0,4 kV (23 szt.)","address":"Błażejewo","city":"Błażejewo","office":"Starosta Powiatu Poznań","case_kind":"budowa nowego/nowych obiektów budowlanych","parcel_ids":["302109_5.0002.298/55","302109_5.0002.298/6","302109_5.0002.299/5","302109_5.0002.300/6","302109_5.0002.300/9","302109_5.0002.301/8","302109_5.0002.302/7","302109_5.0002.303/11","302109_5.0002.303/12","302109_5.0002.303/13","302109_5.0002.303/14","302109_5.0002.303/15","302109_5.0002.303/16","302109_5.0002.303/17","302109_5.0002.303/18","302109_5.0002.303/19","302109_5.0002.303/20","302109_5.0002.303/21","302109_5.0002.303/22","302109_5.0002.303/23","302109_5.0002.303/24","302109_5.0002.303/25","302109_5.0002.303/26","302109_5.0002.303/27","302109_5.0002.303/28","302109_5.0002.303/29","302109_5.0002.303/30","302109_5.0002.303/31","302109_5.0002.303/7"],"location_quality":"dokładny","gunb_url":"https://wyszukiwarka.gunb.gov.pl/","parcel_count":29,"parcel_shard":"x068-y208","parcel_id":"302109_5.0002.303/18","location_source":"powiat poznański (wfs)"}},{"type":"Feature","id":"ST-WK-PO/ZGŁOSZENIE/1691/2026::302109_5.0002.303/19","geometry":{"type":"Polygon","coordinates":[[[17.0772459354005,52.2115297818094],[17.0773710726605,52.2113301476219],[17.0774424174074,52.2113469737005],[17.0773172804165,52.2115466079569],[17.0772922358523,52.2115407496919],[17.0772459354005,52.2115297818094]]]},"properties":{"case_id":"ST-WK-PO/ZGŁOSZENIE/1691/2026","source_type":"zgloszenie","received_date":"2026-05-27","decision_date":null,"status":"Brak sprzeciwu","description":"dot. zgłoszenia linii kablowej SN 15 kV (281 m), stacji transformatorowej SN/nn (2,4x1,3x2,1m), linii kablowych nn 0,4 kV (488m), złącza/szafy kablowe nn 0,4 kV (23 szt.)","address":"Błażejewo","city":"Błażejewo","office":"Starosta Powiatu Poznań","case_kind":"budowa nowego/nowych obiektów budowlanych","parcel_ids":["302109_5.0002.298/55","302109_5.0002.298/6","302109_5.0002.299/5","302109_5.0002.300/6","302109_5.0002.300/9","302109_5.0002.301/8","302109_5.0002.302/7","302109_5.0002.303/11","302109_5.0002.303/12","302109_5.0002.303/13","302109_5.0002.303/14","302109_5.0002.303/15","302109_5.0002.303/16","302109_5.0002.303/17","302109_5.0002.303/18","302109_5.0002.303/19","302109_5.0002.303/20","302109_5.0002.303/21","302109_5.0002.303/22","302109_5.0002.303/23","302109_5.0002.303/24","302109_5.0002.303/25","302109_5.0002.303/26","302109_5.0002.303/27","302109_5.0002.303/28","302109_5.0002.303/29","302109_5.0002.303/30","302109_5.0002.303/31","302109_5.0002.303/7"],"location_quality":"dokładny","gunb_url":"https://wyszukiwarka.gunb.gov.pl/","parcel_count":29,"parcel_shard":"x068-y208","parcel_id":"302109_5.0002.303/19","location_source":"powiat poznański (wfs)"}},{"type":"Feature","id":"ST-WK-PO/ZGŁOSZENIE/1691/2026::302109_5.0002.303/20","geometry":{"type":"Polygon","coordinates":[[[17.0773172804165,52.2115466079569],[17.0774424174074,52.2113469737005],[17.0775136159122,52.2113637985848],[17.077388479189,52.2115634329278],[17.0773635809037,52.2115575758207],[17.0773172804165,52.2115466079569]]]},"properties":{"case_id":"ST-WK-PO/ZGŁOSZENIE/1691/2026","source_type":"zgloszenie","received_date":"2026-05-27","decision_date":null,"status":"Brak sprzeciwu","description":"dot. zgłoszenia linii kablowej SN 15 kV (281 m), stacji transformatorowej SN/nn (2,4x1,3x2,1m), linii kablowych nn 0,4 kV (488m), złącza/szafy kablowe nn 0,4 kV (23 szt.)","address":"Błażejewo","city":"Błażejewo","office":"Starosta Powiatu Poznań","case_kind":"budowa nowego/nowych obiektów budowlanych","parcel_ids":["302109_5.0002.298/55","302109_5.0002.298/6","302109_5.0002.299/5","302109_5.0002.300/6","302109_5.0002.300/9","302109_5.0002.301/8","302109_5.0002.302/7","302109_5.0002.303/11","302109_5.0002.303/12","302109_5.0002.303/13","302109_5.0002.303/14","302109_5.0002.303/15","302109_5.0002.303/16","302109_5.0002.303/17","302109_5.0002.303/18","302109_5.0002.303/19","302109_5.0002.303/20","302109_5.0002.303/21","302109_5.0002.303/22","302109_5.0002.303/23","302109_5.0002.303/24","302109_5.0002.303/25","302109_5.0002.303/26","302109_5.0002.303/27","302109_5.0002.303/28","302109_5.0002.303/29","302109_5.0002.303/30","302109_5.0002.303/31","302109_5.0002.303/7"],"location_quality":"dokładny","gunb_url":"https://wyszukiwarka.gunb.gov.pl/","parcel_count":29,"parcel_shard":"x068-y208","parcel_id":"302109_5.0002.303/20","location_source":"powiat poznański (wfs)"}},{"type":"Feature","id":"ST-WK-PO/ZGŁOSZENIE/1691/2026::302109_5.0002.303/21","geometry":{"type":"Polygon","coordinates":[[[17.077388479189,52.2115634329278],[17.0775136159122,52.2113637985848],[17.0775849607543,52.211380624578],[17.0774598224544,52.2115803488606],[17.0774347797122,52.211574400755],[17.077388479189,52.2115634329278]]]},"properties":{"case_id":"ST-WK-PO/ZGŁOSZENIE/1691/2026","source_type":"zgloszenie","received_date":"2026-05-27","decision_date":null,"status":"Brak sprzeciwu","description":"dot. zgłoszenia linii kablowej SN 15 kV (281 m), stacji transformatorowej SN/nn (2,4x1,3x2,1m), linii kablowych nn 0,4 kV (488m), złącza/szafy kablowe nn 0,4 kV (23 szt.)","address":"Błażejewo","city":"Błażejewo","office":"Starosta Powiatu Poznań","case_kind":"budowa nowego/nowych obiektów budowlanych","parcel_ids":["302109_5.0002.298/55","302109_5.0002.298/6","302109_5.0002.299/5","302109_5.0002.300/6","302109_5.0002.300/9","302109_5.0002.301/8","302109_5.0002.302/7","302109_5.0002.303/11","302109_5.0002.303/12","302109_5.0002.303/13","302109_5.0002.303/14","302109_5.0002.303/15","302109_5.0002.303/16","302109_5.0002.303/17","302109_5.0002.303/18","302109_5.0002.303/19","302109_5.0002.303/20","302109_5.0002.303/21","302109_5.0002.303/22","302109_5.0002.303/23","302109_5.0002.303/24","302109_5.0002.303/25","302109_5.0002.303/26","302109_5.0002.303/27","302109_5.0002.303/28","302109_5.0002.303/29","302109_5.0002.303/30","302109_5.0002.303/31","302109_5.0002.303/7"],"location_quality":"dokładny","gunb_url":"https://wyszukiwarka.gunb.gov.pl/","parcel_count":29,"parcel_shard":"x068-y208","parcel_id":"302109_5.0002.303/21","location_source":"powiat poznański (wfs)"}},{"type":"Feature","id":"ST-WK-PO/ZGŁOSZENIE/1691/2026::302109_5.0002.303/22","geometry":{"type":"Polygon","coordinates":[[[17.0774598224544,52.2115803488606],[17.0775849607543,52.211380624578],[17.0776563056662,52.2113974505197],[17.077531021337,52.2115971737375],[17.0775061248736,52.2115912267896],[17.0774598224544,52.2115803488606]]]},"properties":{"case_id":"ST-WK-PO/ZGŁOSZENIE/1691/2026","source_type":"zgloszenie","received_date":"2026-05-27","decision_date":null,"status":"Brak sprzeciwu","description":"dot. zgłoszenia linii kablowej SN 15 kV (281 m), stacji transformatorowej SN/nn (2,4x1,3x2,1m), linii kablowych nn 0,4 kV (488m), złącza/szafy kablowe nn 0,4 kV (23 szt.)","address":"Błażejewo","city":"Błażejewo","office":"Starosta Powiatu Poznań","case_kind":"budowa nowego/nowych obiektów budowlanych","parcel_ids":["302109_5.0002.298/55","302109_5.0002.298/6","302109_5.0002.299/5","302109_5.0002.300/6","302109_5.0002.300/9","302109_5.0002.301/8","302109_5.0002.302/7","302109_5.0002.303/11","302109_5.0002.303/12","302109_5.0002.303/13","302109_5.0002.303/14","302109_5.0002.303/15","302109_5.0002.303/16","302109_5.0002.303/17","302109_5.0002.303/18","302109_5.0002.303/19","302109_5.0002.303/20","302109_5.0002.303/21","302109_5.0002.303/22","302109_5.0002.303/23","302109_5.0002.303/24","302109_5.0002.303/25","302109_5.0002.303/26","302109_5.0002.303/27","302109_5.0002.303/28","302109_5.0002.303/29","302109_5.0002.303/30","302109_5.0002.303/31","302109_5.0002.303/7"],"location_quality":"dokładny","gunb_url":"https://wyszukiwarka.gunb.gov.pl/","parcel_count":29,"parcel_shard":"x068-y208","parcel_id":"302109_5.0002.303/22","location_source":"powiat poznański (wfs)"}},{"type":"Feature","id":"ST-WK-PO/ZGŁOSZENIE/1691/2026::302109_5.0002.303/23","geometry":{"type":"Polygon","coordinates":[[[17.077531021337,52.2115971737375],[17.0776563056662,52.2113974505197],[17.077727504335,52.2114142752854],[17.077602366558,52.2116139997143],[17.0775773237913,52.2116080516478],[17.077531021337,52.2115971737375]]]},"properties":{"case_id":"ST-WK-PO/ZGŁOSZENIE/1691/2026","source_type":"zgloszenie","received_date":"2026-05-27","decision_date":null,"status":"Brak sprzeciwu","description":"dot. zgłoszenia linii kablowej SN 15 kV (281 m), stacji transformatorowej SN/nn (2,4x1,3x2,1m), linii kablowych nn 0,4 kV (488m), złącza/szafy kablowe nn 0,4 kV (23 szt.)","address":"Błażejewo","city":"Błażejewo","office":"Starosta Powiatu Poznań","case_kind":"budowa nowego/nowych obiektów budowlanych","parcel_ids":["302109_5.0002.298/55","302109_5.0002.298/6","302109_5.0002.299/5","302109_5.0002.300/6","302109_5.0002.300/9","302109_5.0002.301/8","302109_5.0002.302/7","302109_5.0002.303/11","302109_5.0002.303/12","302109_5.0002.303/13","302109_5.0002.303/14","302109_5.0002.303/15","302109_5.0002.303/16","302109_5.0002.303/17","302109_5.0002.303/18","302109_5.0002.303/19","302109_5.0002.303/20","302109_5.0002.303/21","302109_5.0002.303/22","302109_5.0002.303/23","302109_5.0002.303/24","302109_5.0002.303/25","302109_5.0002.303/26","302109_5.0002.303/27","302109_5.0002.303/28","302109_5.0002.303/29","302109_5.0002.303/30","302109_5.0002.303/31","302109_5.0002.303/7"],"location_quality":"dokładny","gunb_url":"https://wyszukiwarka.gunb.gov.pl/","parcel_count":29,"parcel_shard":"x068-y208","parcel_id":"302109_5.0002.303/23","location_source":"powiat poznański (wfs)"}},{"type":"Feature","id":"ST-WK-PO/ZGŁOSZENIE/1691/2026::302109_5.0002.303/24","geometry":{"type":"Polygon","coordinates":[[[17.077602366558,52.2116139997143],[17.077727504335,52.2114142752854],[17.0778720850153,52.211448481018],[17.0777468033588,52.2116481145918],[17.0777220512756,52.211642258702],[17.077602366558,52.2116139997143]]]},"properties":{"case_id":"ST-WK-PO/ZGŁOSZENIE/1691/2026","source_type":"zgloszenie","received_date":"2026-05-27","decision_date":null,"status":"Brak sprzeciwu","description":"dot. zgłoszenia linii kablowej SN 15 kV (281 m), stacji transformatorowej SN/nn (2,4x1,3x2,1m), linii kablowych nn 0,4 kV (488m), złącza/szafy kablowe nn 0,4 kV (23 szt.)","address":"Błażejewo","city":"Błażejewo","office":"Starosta Powiatu Poznań","case_kind":"budowa nowego/nowych obiektów budowlanych","parcel_ids":["302109_5.0002.298/55","302109_5.0002.298/6","302109_5.0002.299/5","302109_5.0002.300/6","302109_5.0002.300/9","302109_5.0002.301/8","302109_5.0002.302/7","302109_5.0002.303/11","302109_5.0002.303/12","302109_5.0002.303/13","302109_5.0002.303/14","302109_5.0002.303/15","302109_5.0002.303/16","302109_5.0002.303/17","302109_5.0002.303/18","302109_5.0002.303/19","302109_5.0002.303/20","302109_5.0002.303/21","302109_5.0002.303/22","302109_5.0002.303/23","302109_5.0002.303/24","302109_5.0002.303/25","302109_5.0002.303/26","302109_5.0002.303/27","302109_5.0002.303/28","302109_5.0002.303/29","302109_5.0002.303/30","302109_5.0002.303/31","302109_5.0002.303/7"],"location_quality":"dokładny","gunb_url":"https://wyszukiwarka.gunb.gov.pl/","parcel_count":29,"parcel_shard":"x068-y208","parcel_id":"302109_5.0002.303/24","location_source":"powiat poznański (wfs)"}},{"type":"Feature","id":"ST-WK-PO/ZGŁOSZENIE/1691/2026::302109_5.0002.303/25","geometry":{"type":"Polygon","coordinates":[[[17.0777468033588,52.2116481145918],[17.0778720850153,52.211448481018],[17.0780163770586,52.2114825045592],[17.0778913848239,52.2116823203074],[17.0778666326874,52.2116764644473],[17.0777468033588,52.2116481145918]]]},"properties":{"case_id":"ST-WK-PO/ZGŁOSZENIE/1691/2026","source_type":"zgloszenie","received_date":"2026-05-27","decision_date":null,"status":"Brak sprzeciwu","description":"dot. zgłoszenia linii kablowej SN 15 kV (281 m), stacji transformatorowej SN/nn (2,4x1,3x2,1m), linii kablowych nn 0,4 kV (488m), złącza/szafy kablowe nn 0,4 kV (23 szt.)","address":"Błażejewo","city":"Błażejewo","office":"Starosta Powiatu Poznań","case_kind":"budowa nowego/nowych obiektów budowlanych","parcel_ids":["302109_5.0002.298/55","302109_5.0002.298/6","302109_5.0002.299/5","302109_5.0002.300/6","302109_5.0002.300/9","302109_5.0002.301/8","302109_5.0002.302/7","302109_5.0002.303/11","302109_5.0002.303/12","302109_5.0002.303/13","302109_5.0002.303/14","302109_5.0002.303/15","302109_5.0002.303/16","302109_5.0002.303/17","302109_5.0002.303/18","302109_5.0002.303/19","302109_5.0002.303/20","302109_5.0002.303/21","302109_5.0002.303/22","302109_5.0002.303/23","302109_5.0002.303/24","302109_5.0002.303/25","302109_5.0002.303/26","302109_5.0002.303/27","302109_5.0002.303/28","302109_5.0002.303/29","302109_5.0002.303/30","302109_5.0002.303/31","302109_5.0002.303/7"],"location_quality":"dokładny","gunb_url":"https://wyszukiwarka.gunb.gov.pl/","parcel_count":29,"parcel_shard":"x068-y208","parcel_id":"302109_5.0002.303/25","location_source":"powiat poznański (wfs)"}},{"type":"Feature","id":"ST-WK-PO/ZGŁOSZENIE/1691/2026::302109_5.0002.303/26","geometry":{"type":"Polygon","coordinates":[[[17.0778913848239,52.2116823203074],[17.0780163770586,52.2114825045592],[17.078087722288,52.2114993302428],[17.0779627303224,52.2116991460686],[17.0779379781668,52.2116932902234],[17.0778913848239,52.2116823203074]]]},"properties":{"case_id":"ST-WK-PO/ZGŁOSZENIE/1691/2026","source_type":"zgloszenie","received_date":"2026-05-27","decision_date":null,"status":"Brak sprzeciwu","description":"dot. zgłoszenia linii kablowej SN 15 kV (281 m), stacji transformatorowej SN/nn (2,4x1,3x2,1m), linii kablowych nn 0,4 kV (488m), złącza/szafy kablowe nn 0,4 kV (23 szt.)","address":"Błażejewo","city":"Błażejewo","office":"Starosta Powiatu Poznań","case_kind":"budowa nowego/nowych obiektów budowlanych","parcel_ids":["302109_5.0002.298/55","302109_5.0002.298/6","302109_5.0002.299/5","302109_5.0002.300/6","302109_5.0002.300/9","302109_5.0002.301/8","302109_5.0002.302/7","302109_5.0002.303/11","302109_5.0002.303/12","302109_5.0002.303/13","302109_5.0002.303/14","302109_5.0002.303/15","302109_5.0002.303/16","302109_5.0002.303/17","302109_5.0002.303/18","302109_5.0002.303/19","302109_5.0002.303/20","302109_5.0002.303/21","302109_5.0002.303/22","302109_5.0002.303/23","302109_5.0002.303/24","302109_5.0002.303/25","302109_5.0002.303/26","302109_5.0002.303/27","302109_5.0002.303/28","302109_5.0002.303/29","302109_5.0002.303/30","302109_5.0002.303/31","302109_5.0002.303/7"],"location_quality":"dokładny","gunb_url":"https://wyszukiwarka.gunb.gov.pl/","parcel_count":29,"parcel_shard":"x068-y208","parcel_id":"302109_5.0002.303/26","location_source":"powiat poznański (wfs)"}},{"type":"Feature","id":"ST-WK-PO/ZGŁOSZENIE/1691/2026::302109_5.0002.303/27","geometry":{"type":"Polygon","coordinates":[[[17.0779627303224,52.2116991460686],[17.078087722288,52.2114993302428],[17.0781590675869,52.2115161558839],[17.0780339295917,52.2117159706454],[17.0780091774171,52.2117101148149],[17.0779627303224,52.2116991460686]]]},"properties":{"case_id":"ST-WK-PO/ZGŁOSZENIE/1691/2026","source_type":"zgloszenie","received_date":"2026-05-27","decision_date":null,"status":"Brak sprzeciwu","description":"dot. zgłoszenia linii kablowej SN 15 kV (281 m), stacji transformatorowej SN/nn (2,4x1,3x2,1m), linii kablowych nn 0,4 kV (488m), złącza/szafy kablowe nn 0,4 kV (23 szt.)","address":"Błażejewo","city":"Błażejewo","office":"Starosta Powiatu Poznań","case_kind":"budowa nowego/nowych obiektów budowlanych","parcel_ids":["302109_5.0002.298/55","302109_5.0002.298/6","302109_5.0002.299/5","302109_5.0002.300/6","302109_5.0002.300/9","302109_5.0002.301/8","302109_5.0002.302/7","302109_5.0002.303/11","302109_5.0002.303/12","302109_5.0002.303/13","302109_5.0002.303/14","302109_5.0002.303/15","302109_5.0002.303/16","302109_5.0002.303/17","302109_5.0002.303/18","302109_5.0002.303/19","302109_5.0002.303/20","302109_5.0002.303/21","302109_5.0002.303/22","302109_5.0002.303/23","302109_5.0002.303/24","302109_5.0002.303/25","302109_5.0002.303/26","302109_5.0002.303/27","302109_5.0002.303/28","302109_5.0002.303/29","302109_5.0002.303/30","302109_5.0002.303/31","302109_5.0002.303/7"],"location_quality":"dokładny","gunb_url":"https://wyszukiwarka.gunb.gov.pl/","parcel_count":29,"parcel_shard":"x068-y208","parcel_id":"302109_5.0002.303/27","location_source":"powiat poznański (wfs)"}},{"type":"Feature","id":"ST-WK-PO/ZGŁOSZENIE/1691/2026::302109_5.0002.303/28","geometry":{"type":"Polygon","coordinates":[[[17.0780339295917,52.2117159706454],[17.0781590675869,52.2115161558839],[17.0782302666281,52.2115329803403],[17.0781052733409,52.211732886192],[17.0780805211618,52.2117270303766],[17.0780339295917,52.2117159706454]]]},"properties":{"case_id":"ST-WK-PO/ZGŁOSZENIE/1691/2026","source_type":"zgloszenie","received_date":"2026-05-27","decision_date":null,"status":"Brak sprzeciwu","description":"dot. zgłoszenia linii kablowej SN 15 kV (281 m), stacji transformatorowej SN/nn (2,4x1,3x2,1m), linii kablowych nn 0,4 kV (488m), złącza/szafy kablowe nn 0,4 kV (23 szt.)","address":"Błażejewo","city":"Błażejewo","office":"Starosta Powiatu Poznań","case_kind":"budowa nowego/nowych obiektów budowlanych","parcel_ids":["302109_5.0002.298/55","302109_5.0002.298/6","302109_5.0002.299/5","302109_5.0002.300/6","302109_5.0002.300/9","302109_5.0002.301/8","302109_5.0002.302/7","302109_5.0002.303/11","302109_5.0002.303/12","302109_5.0002.303/13","302109_5.0002.303/14","302109_5.0002.303/15","302109_5.0002.303/16","302109_5.0002.303/17","302109_5.0002.303/18","302109_5.0002.303/19","302109_5.0002.303/20","302109_5.0002.303/21","302109_5.0002.303/22","302109_5.0002.303/23","302109_5.0002.303/24","302109_5.0002.303/25","302109_5.0002.303/26","302109_5.0002.303/27","302109_5.0002.303/28","302109_5.0002.303/29","302109_5.0002.303/30","302109_5.0002.303/31","302109_5.0002.303/7"],"location_quality":"dokładny","gunb_url":"https://wyszukiwarka.gunb.gov.pl/","parcel_count":29,"parcel_shard":"x068-y208","parcel_id":"302109_5.0002.303/28","location_source":"powiat poznański (wfs)"}},{"type":"Feature","id":"ST-WK-PO/ZGŁOSZENIE/1691/2026::302109_5.0002.303/29","geometry":{"type":"Polygon","coordinates":[[[17.0781052733409,52.211732886192],[17.0782302666281,52.2115329803403],[17.0783016101635,52.2115498957666],[17.0781766190041,52.2117497118254],[17.0781517205072,52.2117438548828],[17.0781052733409,52.211732886192]]]},"properties":{"case_id":"ST-WK-PO/ZGŁOSZENIE/1691/2026","source_type":"zgloszenie","received_date":"2026-05-27","decision_date":null,"status":"Brak sprzeciwu","description":"dot. zgłoszenia linii kablowej SN 15 kV (281 m), stacji transformatorowej SN/nn (2,4x1,3x2,1m), linii kablowych nn 0,4 kV (488m), złącza/szafy kablowe nn 0,4 kV (23 szt.)","address":"Błażejewo","city":"Błażejewo","office":"Starosta Powiatu Poznań","case_kind":"budowa nowego/nowych obiektów budowlanych","parcel_ids":["302109_5.0002.298/55","302109_5.0002.298/6","302109_5.0002.299/5","302109_5.0002.300/6","302109_5.0002.300/9","302109_5.0002.301/8","302109_5.0002.302/7","302109_5.0002.303/11","302109_5.0002.303/12","302109_5.0002.303/13","302109_5.0002.303/14","302109_5.0002.303/15","302109_5.0002.303/16","302109_5.0002.303/17","302109_5.0002.303/18","302109_5.0002.303/19","302109_5.0002.303/20","302109_5.0002.303/21","302109_5.0002.303/22","302109_5.0002.303/23","302109_5.0002.303/24","302109_5.0002.303/25","302109_5.0002.303/26","302109_5.0002.303/27","302109_5.0002.303/28","302109_5.0002.303/29","302109_5.0002.303/30","302109_5.0002.303/31","302109_5.0002.303/7"],"location_quality":"dokładny","gunb_url":"https://wyszukiwarka.gunb.gov.pl/","parcel_count":29,"parcel_shard":"x068-y208","parcel_id":"302109_5.0002.303/29","location_source":"powiat poznański (wfs)"}},{"type":"Feature","id":"ST-WK-PO/ZGŁOSZENIE/1691/2026::302109_5.0002.303/30","geometry":{"type":"Polygon","coordinates":[[[17.0781766190041,52.2117497118254],[17.0783016101635,52.2115498957666],[17.078372809329,52.2115667201381],[17.078247818438,52.2117665362745],[17.0782230662208,52.2117606804886],[17.0781766190041,52.2117497118254]]]},"properties":{"case_id":"ST-WK-PO/ZGŁOSZENIE/1691/2026","source_type":"zgloszenie","received_date":"2026-05-27","decision_date":null,"status":"Brak sprzeciwu","description":"dot. zgłoszenia linii kablowej SN 15 kV (281 m), stacji transformatorowej SN/nn (2,4x1,3x2,1m), linii kablowych nn 0,4 kV (488m), złącza/szafy kablowe nn 0,4 kV (23 szt.)","address":"Błażejewo","city":"Błażejewo","office":"Starosta Powiatu Poznań","case_kind":"budowa nowego/nowych obiektów budowlanych","parcel_ids":["302109_5.0002.298/55","302109_5.0002.298/6","302109_5.0002.299/5","302109_5.0002.300/6","302109_5.0002.300/9","302109_5.0002.301/8","302109_5.0002.302/7","302109_5.0002.303/11","302109_5.0002.303/12","302109_5.0002.303/13","302109_5.0002.303/14","302109_5.0002.303/15","302109_5.0002.303/16","302109_5.0002.303/17","302109_5.0002.303/18","302109_5.0002.303/19","302109_5.0002.303/20","302109_5.0002.303/21","302109_5.0002.303/22","302109_5.0002.303/23","302109_5.0002.303/24","302109_5.0002.303/25","302109_5.0002.303/26","302109_5.0002.303/27","302109_5.0002.303/28","302109_5.0002.303/29","302109_5.0002.303/30","302109_5.0002.303/31","302109_5.0002.303/7"],"location_quality":"dokładny","gunb_url":"https://wyszukiwarka.gunb.gov.pl/","parcel_count":29,"parcel_shard":"x068-y208","parcel_id":"302109_5.0002.303/30","location_source":"powiat poznański (wfs)"}},{"type":"Feature","id":"ST-WK-PO/ZGŁOSZENIE/1691/2026::302109_5.0002.303/31","geometry":{"type":"Polygon","coordinates":[[[17.078247818438,52.2117665362745],[17.078372809329,52.2115667201381],[17.0785064731775,52.2115982333106],[17.0784228322401,52.2118078997949],[17.0782942656904,52.21177750491],[17.078247818438,52.2117665362745]]]},"properties":{"case_id":"ST-WK-PO/ZGŁOSZENIE/1691/2026","source_type":"zgloszenie","received_date":"2026-05-27","decision_date":null,"status":"Brak sprzeciwu","description":"dot. zgłoszenia linii kablowej SN 15 kV (281 m), stacji transformatorowej SN/nn (2,4x1,3x2,1m), linii kablowych nn 0,4 kV (488m), złącza/szafy kablowe nn 0,4 kV (23 szt.)","address":"Błażejewo","city":"Błażejewo","office":"Starosta Powiatu Poznań","case_kind":"budowa nowego/nowych obiektów budowlanych","parcel_ids":["302109_5.0002.298/55","302109_5.0002.298/6","302109_5.0002.299/5","302109_5.0002.300/6","302109_5.0002.300/9","302109_5.0002.301/8","302109_5.0002.302/7","302109_5.0002.303/11","302109_5.0002.303/12","302109_5.0002.303/13","302109_5.0002.303/14","302109_5.0002.303/15","302109_5.0002.303/16","302109_5.0002.303/17","302109_5.0002.303/18","302109_5.0002.303/19","302109_5.0002.303/20","302109_5.0002.303/21","302109_5.0002.303/22","302109_5.0002.303/23","302109_5.0002.303/24","302109_5.0002.303/25","302109_5.0002.303/26","302109_5.0002.303/27","302109_5.0002.303/28","302109_5.0002.303/29","302109_5.0002.303/30","302109_5.0002.303/31","302109_5.0002.303/7"],"location_quality":"dokładny","gunb_url":"https://wyszukiwarka.gunb.gov.pl/","parcel_count":29,"parcel_shard":"x068-y208","parcel_id":"302109_5.0002.303/31","location_source":"powiat poznański (wfs)"}},{"type":"Feature","id":"ST-WK-PO/ZGŁOSZENIE/1691/2026::302109_5.0002.303/7","geometry":{"type":"Polygon","coordinates":[[[17.0767356950779,52.2113343462284],[17.0767786106871,52.2112968424146],[17.0769386457954,52.211157162131],[17.077099426246,52.211016768422],[17.0772080515797,52.2109219853297],[17.0773276870938,52.2109737030787],[17.0771399376825,52.2111376145743],[17.0769761789925,52.2112805016914],[17.0768536921618,52.2113874897208],[17.0767356950779,52.2113343462284]]]},"properties":{"case_id":"ST-WK-PO/ZGŁOSZENIE/1691/2026","source_type":"zgloszenie","received_date":"2026-05-27","decision_date":null,"status":"Brak sprzeciwu","description":"dot. zgłoszenia linii kablowej SN 15 kV (281 m), stacji transformatorowej SN/nn (2,4x1,3x2,1m), linii kablowych nn 0,4 kV (488m), złącza/szafy kablowe nn 0,4 kV (23 szt.)","address":"Błażejewo","city":"Błażejewo","office":"Starosta Powiatu Poznań","case_kind":"budowa nowego/nowych obiektów budowlanych","parcel_ids":["302109_5.0002.298/55","302109_5.0002.298/6","302109_5.0002.299/5","302109_5.0002.300/6","302109_5.0002.300/9","302109_5.0002.301/8","302109_5.0002.302/7","302109_5.0002.303/11","302109_5.0002.303/12","302109_5.0002.303/13","302109_5.0002.303/14","302109_5.0002.303/15","302109_5.0002.303/16","302109_5.0002.303/17","302109_5.0002.303/18","302109_5.0002.303/19","302109_5.0002.303/20","302109_5.0002.303/21","302109_5.0002.303/22","302109_5.0002.303/23","302109_5.0002.303/24","302109_5.0002.303/25","302109_5.0002.303/26","302109_5.0002.303/27","302109_5.0002.303/28","302109_5.0002.303/29","302109_5.0002.303/30","302109_5.0002.303/31","302109_5.0002.303/7"],"location_quality":"dokładny","gunb_url":"https://wyszukiwarka.gunb.gov.pl/","parcel_count":29,"parcel_shard":"x068-y208","parcel_id":"302109_5.0002.303/7","location_source":"powiat poznański (wfs)"}},{"type":"Feature","id":"ST-WK-PO/ZGŁOSZENIE/1338/2026::302109_5.0002.301/8","geometry":{"type":"Polygon","coordinates":[[[17.0760124470272,52.2125906934729],[17.0760021478453,52.2125863884608],[17.0759233763534,52.2125536844598],[17.075885238512,52.2125378365475],[17.0762647141376,52.2117512100161],[17.0763913170873,52.2118049605969],[17.0762722174338,52.2120518281141],[17.0762058579205,52.2121896342784],[17.0761283394859,52.2123504522603],[17.0761232974394,52.212360749016],[17.0760508260957,52.2125110005885],[17.0760124470272,52.2125906934729]]]},"properties":{"case_id":"ST-WK-PO/ZGŁOSZENIE/1338/2026","source_type":"zgloszenie","received_date":"2026-04-29","decision_date":null,"status":"Brak sprzeciwu","description":"dot. zgłoszenia budowu sieci wodociągowej","address":"Błażejewo","city":"Błażejewo","office":"Starosta Powiatu Poznań","case_kind":"budowa nowego/nowych obiektów budowlanych","parcel_ids":["302109_5.0002.301/8","302109_5.0002.302/11","302109_5.0002.302/6","302109_5.0002.302/7","302109_5.0002.302/8","302109_5.0002.303/13","302109_5.0002.303/14","302109_5.0002.303/7","302109_5.0002.303/8"],"location_quality":"dokładny","gunb_url":"https://wyszukiwarka.gunb.gov.pl/","parcel_count":9,"parcel_shard":"x068-y208","parcel_id":"302109_5.0002.301/8","location_source":"powiat poznański (wfs)"}},{"type":"Feature","id":"ST-WK-PO/ZGŁOSZENIE/1338/2026::302109_5.0002.302/11","geometry":{"type":"Polygon","coordinates":[[[17.07664507855,52.2115695727774],[17.0766677024271,52.2116216106619],[17.0768140458807,52.2116554719574],[17.076885542809,52.2116720299158],[17.0769570397911,52.2116885878403],[17.0770283923903,52.2117050546991],[17.0770998894809,52.211721612529],[17.0771713866256,52.211738170316],[17.0772428838098,52.21175472806],[17.077314382923,52.2117711958997],[17.0773857339312,52.2117877524153],[17.0774572312923,52.2118043100311],[17.0776024112153,52.211837891615],[17.077747300638,52.2118713808581],[17.0778187982581,52.2118879382569],[17.0778902959324,52.2119044956128],[17.0779616492356,52.2119209619133],[17.0780331470326,52.2119375191838],[17.0781046448691,52.2119540764112],[17.0781761427602,52.2119706335868],[17.0781979860019,52.2119756577398],[17.0782185810351,52.21194202366],[17.0783829850486,52.211979978802],[17.0783608160927,52.2120755280622],[17.0783631368939,52.2120906460568],[17.0782603311163,52.2120668338062],[17.0781729598012,52.2120466473618],[17.0780855885673,52.2120264608444],[17.0779982174137,52.212006274272],[17.0779268658199,52.2119897181217],[17.077855367995,52.2119731607957],[17.0777838702247,52.2119566034178],[17.077638980498,52.2119231142082],[17.0774942372778,52.2118896259651],[17.0774070129551,52.2118694401022],[17.0773197887133,52.2118492541665],[17.077248289473,52.211832786338],[17.0771767921621,52.2118162285963],[17.0771052948907,52.2117996708114],[17.0770337976734,52.2117831129838],[17.076962298664,52.2117666449751],[17.076890947839,52.211750088205],[17.076819450784,52.2117335302488],[17.0767479519218,52.2117170621114],[17.0766764549896,52.2117005040698],[17.0765965123879,52.2116819924119],[17.0765861742272,52.2116795746347],[17.0765008366543,52.2116954448145],[17.07664507855,52.2115695727774]]]},"properties":{"case_id":"ST-WK-PO/ZGŁOSZENIE/1338/2026","source_type":"zgloszenie","received_date":"2026-04-29","decision_date":null,"status":"Brak sprzeciwu","description":"dot. zgłoszenia budowu sieci wodociągowej","address":"Błażejewo","city":"Błażejewo","office":"Starosta Powiatu Poznań","case_kind":"budowa nowego/nowych obiektów budowlanych","parcel_ids":["302109_5.0002.301/8","302109_5.0002.302/11","302109_5.0002.302/6","302109_5.0002.302/7","302109_5.0002.302/8","302109_5.0002.303/13","302109_5.0002.303/14","302109_5.0002.303/7","302109_5.0002.303/8"],"location_quality":"dokładny","gunb_url":"https://wyszukiwarka.gunb.gov.pl/","parcel_count":9,"parcel_shard":"x068-y208","parcel_id":"302109_5.0002.302/11","location_source":"powiat poznański (wfs)"}},{"type":"Feature","id":"ST-WK-PO/ZGŁOSZENIE/1338/2026::302109_5.0002.302/6","geometry":{"type":"Polygon","coordinates":[[[17.0739698245076,52.2107777978198],[17.0740894063961,52.2106974843903],[17.0741375551852,52.2107179953296],[17.0741359174326,52.2107826962387],[17.0741898692505,52.2108055895614],[17.0762512561048,52.2116798296811],[17.0763525868595,52.2116688485048],[17.0762603480719,52.2117493782398],[17.0739698245076,52.2107777978198]]]},"properties":{"case_id":"ST-WK-PO/ZGŁOSZENIE/1338/2026","source_type":"zgloszenie","received_date":"2026-04-29","decision_date":null,"status":"Brak sprzeciwu","description":"dot. zgłoszenia budowu sieci wodociągowej","address":"Błażejewo","city":"Błażejewo","office":"Starosta Powiatu Poznań","case_kind":"budowa nowego/nowych obiektów budowlanych","parcel_ids":["302109_5.0002.301/8","302109_5.0002.302/11","302109_5.0002.302/6","302109_5.0002.302/7","302109_5.0002.302/8","302109_5.0002.303/13","302109_5.0002.303/14","302109_5.0002.303/7","302109_5.0002.303/8"],"location_quality":"dokładny","gunb_url":"https://wyszukiwarka.gunb.gov.pl/","parcel_count":9,"parcel_shard":"x068-y208","parcel_id":"302109_5.0002.302/6","location_source":"powiat poznański (wfs)"}},{"type":"Feature","id":"ST-WK-PO/ZGŁOSZENIE/1338/2026::302109_5.0002.302/7","geometry":{"type":"Polygon","coordinates":[[[17.0762647141376,52.2117512100161],[17.0762603480719,52.2117493782398],[17.0763525868595,52.2116688485048],[17.0764898286002,52.2115489438317],[17.0766270677205,52.2114291288688],[17.0767356950779,52.2113343462284],[17.0768536921618,52.2113874897208],[17.07664507855,52.2115695727774],[17.0765008366543,52.2116954448145],[17.076492489728,52.2117028395568],[17.0764026365045,52.2117812309387],[17.0763913170873,52.2118049605969],[17.0762647141376,52.2117512100161]]]},"properties":{"case_id":"ST-WK-PO/ZGŁOSZENIE/1338/2026","source_type":"zgloszenie","received_date":"2026-04-29","decision_date":null,"status":"Brak sprzeciwu","description":"dot. zgłoszenia budowu sieci wodociągowej","address":"Błażejewo","city":"Błażejewo","office":"Starosta Powiatu Poznań","case_kind":"budowa nowego/nowych obiektów budowlanych","parcel_ids":["302109_5.0002.301/8","302109_5.0002.302/11","302109_5.0002.302/6","302109_5.0002.302/7","302109_5.0002.302/8","302109_5.0002.303/13","302109_5.0002.303/14","302109_5.0002.303/7","302109_5.0002.303/8"],"location_quality":"dokładny","gunb_url":"https://wyszukiwarka.gunb.gov.pl/","parcel_count":9,"parcel_shard":"x068-y208","parcel_id":"302109_5.0002.302/7","location_source":"powiat poznański (wfs)"}},{"type":"Feature","id":"ST-WK-PO/ZGŁOSZENIE/1338/2026::302109_5.0002.302/8","geometry":{"type":"Polygon","coordinates":[[[17.0744648053003,52.2104457086171],[17.074583586825,52.2103659087143],[17.0766749570247,52.2113069968517],[17.0767356950779,52.2113343462284],[17.0766270677205,52.2114291288688],[17.0766105061152,52.2113669819436],[17.0745909537847,52.2104583823399],[17.0745117724916,52.2104667494108],[17.0744648053003,52.2104457086171]]]},"properties":{"case_id":"ST-WK-PO/ZGŁOSZENIE/1338/2026","source_type":"zgloszenie","received_date":"2026-04-29","decision_date":null,"status":"Brak sprzeciwu","description":"dot. zgłoszenia budowu sieci wodociągowej","address":"Błażejewo","city":"Błażejewo","office":"Starosta Powiatu Poznań","case_kind":"budowa nowego/nowych obiektów budowlanych","parcel_ids":["302109_5.0002.301/8","302109_5.0002.302/11","302109_5.0002.302/6","302109_5.0002.302/7","302109_5.0002.302/8","302109_5.0002.303/13","302109_5.0002.303/14","302109_5.0002.303/7","302109_5.0002.303/8"],"location_quality":"dokładny","gunb_url":"https://wyszukiwarka.gunb.gov.pl/","parcel_count":9,"parcel_shard":"x068-y208","parcel_id":"302109_5.0002.302/8","location_source":"powiat poznański (wfs)"}},{"type":"Feature","id":"ST-WK-PO/ZGŁOSZENIE/1338/2026::302109_5.0002.303/13","geometry":{"type":"Polygon","coordinates":[[[17.0772080515797,52.2109219853297],[17.0772502200556,52.2108851945392],[17.0774691097883,52.2106941128398],[17.0777158288744,52.210791134523],[17.0776413283224,52.2108560749298],[17.077547304607,52.2109382095572],[17.0774239428532,52.2108897884678],[17.0773276870938,52.2109737030787],[17.0772080515797,52.2109219853297]]]},"properties":{"case_id":"ST-WK-PO/ZGŁOSZENIE/1338/2026","source_type":"zgloszenie","received_date":"2026-04-29","decision_date":null,"status":"Brak sprzeciwu","description":"dot. zgłoszenia budowu sieci wodociągowej","address":"Błażejewo","city":"Błażejewo","office":"Starosta Powiatu Poznań","case_kind":"budowa nowego/nowych obiektów budowlanych","parcel_ids":["302109_5.0002.301/8","302109_5.0002.302/11","302109_5.0002.302/6","302109_5.0002.302/7","302109_5.0002.302/8","302109_5.0002.303/13","302109_5.0002.303/14","302109_5.0002.303/7","302109_5.0002.303/8"],"location_quality":"dokładny","gunb_url":"https://wyszukiwarka.gunb.gov.pl/","parcel_count":9,"parcel_shard":"x068-y208","parcel_id":"302109_5.0002.303/13","location_source":"powiat poznański (wfs)"}},{"type":"Feature","id":"ST-WK-PO/ZGŁOSZENIE/1338/2026::302109_5.0002.303/14","geometry":{"type":"Polygon","coordinates":[[[17.0777158288744,52.210791134523],[17.0777354213427,52.2107988375783],[17.0780662068379,52.2108989422399],[17.0786930879979,52.2110293106821],[17.0786588384374,52.2111360007135],[17.0784704664552,52.2110968701089],[17.0784922020312,52.2110575824336],[17.0776413283224,52.2108560749298],[17.0777158288744,52.210791134523]]]},"properties":{"case_id":"ST-WK-PO/ZGŁOSZENIE/1338/2026","source_type":"zgloszenie","received_date":"2026-04-29","decision_date":null,"status":"Brak sprzeciwu","description":"dot. zgłoszenia budowu sieci wodociągowej","address":"Błażejewo","city":"Błażejewo","office":"Starosta Powiatu Poznań","case_kind":"budowa nowego/nowych obiektów budowlanych","parcel_ids":["302109_5.0002.301/8","302109_5.0002.302/11","302109_5.0002.302/6","302109_5.0002.302/7","302109_5.0002.302/8","302109_5.0002.303/13","302109_5.0002.303/14","302109_5.0002.303/7","302109_5.0002.303/8"],"location_quality":"dokładny","gunb_url":"https://wyszukiwarka.gunb.gov.pl/","parcel_count":9,"parcel_shard":"x068-y208","parcel_id":"302109_5.0002.303/14","location_source":"powiat poznański (wfs)"}},{"type":"Feature","id":"ST-WK-PO/ZGŁOSZENIE/1338/2026::302109_5.0002.303/7","geometry":{"type":"Polygon","coordinates":[[[17.0767356950779,52.2113343462284],[17.0767786106871,52.2112968424146],[17.0769386457954,52.211157162131],[17.077099426246,52.211016768422],[17.0772080515797,52.2109219853297],[17.0773276870938,52.2109737030787],[17.0771399376825,52.2111376145743],[17.0769761789925,52.2112805016914],[17.0768536921618,52.2113874897208],[17.0767356950779,52.2113343462284]]]},"properties":{"case_id":"ST-WK-PO/ZGŁOSZENIE/1338/2026","source_type":"zgloszenie","received_date":"2026-04-29","decision_date":null,"status":"Brak sprzeciwu","description":"dot. zgłoszenia budowu sieci wodociągowej","address":"Błażejewo","city":"Błażejewo","office":"Starosta Powiatu Poznań","case_kind":"budowa nowego/nowych obiektów budowlanych","parcel_ids":["302109_5.0002.301/8","302109_5.0002.302/11","302109_5.0002.302/6","302109_5.0002.302/7","302109_5.0002.302/8","302109_5.0002.303/13","302109_5.0002.303/14","302109_5.0002.303/7","302109_5.0002.303/8"],"location_quality":"dokładny","gunb_url":"https://wyszukiwarka.gunb.gov.pl/","parcel_count":9,"parcel_shard":"x068-y208","parcel_id":"302109_5.0002.303/7","location_source":"powiat poznański (wfs)"}},{"type":"Feature","id":"ST-WK-PO/ZGŁOSZENIE/1338/2026::302109_5.0002.303/8","geometry":{"type":"Polygon","coordinates":[[[17.0750663683639,52.2100472223443],[17.0751868218734,52.2099677235577],[17.0752330612094,52.2099885786048],[17.0752450467878,52.210038466179],[17.0771490524727,52.2108954587127],[17.0772502200556,52.2108851945392],[17.0772080515797,52.2109219853297],[17.077099426246,52.211016768422],[17.0770830085385,52.2109547125677],[17.0750663683639,52.2100472223443]]]},"properties":{"case_id":"ST-WK-PO/ZGŁOSZENIE/1338/2026","source_type":"zgloszenie","received_date":"2026-04-29","decision_date":null,"status":"Brak sprzeciwu","description":"dot. zgłoszenia budowu sieci wodociągowej","address":"Błażejewo","city":"Błażejewo","office":"Starosta Powiatu Poznań","case_kind":"budowa nowego/nowych obiektów budowlanych","parcel_ids":["302109_5.0002.301/8","302109_5.0002.302/11","302109_5.0002.302/6","302109_5.0002.302/7","302109_5.0002.302/8","302109_5.0002.303/13","302109_5.0002.303/14","302109_5.0002.303/7","302109_5.0002.303/8"],"location_quality":"dokładny","gunb_url":"https://wyszukiwarka.gunb.gov.pl/","parcel_count":9,"parcel_shard":"x068-y208","parcel_id":"302109_5.0002.303/8","location_source":"powiat poznański (wfs)"}},{"type":"Feature","id":"ST-WK-PO/WNIOSEK/25951/2025::302109_5.0002.46/1","geometry":{"type":"Polygon","coordinates":[[[17.0983721860351,52.2167807386412],[17.0984036838656,52.2162369357089],[17.0989413235985,52.2163151029045],[17.0987502676683,52.2168331503496],[17.0983721860351,52.2167807386412]]]},"properties":{"case_id":"ST-WK-PO/WNIOSEK/25951/2025","source_type":"wniosek_decyzja","received_date":"2025-12-22","decision_date":"2026-03-30","status":"decyzja wydana","description":"dot. budowy trzech budynków mieszkalnych jednorodzinnych dwulokalowych wolno stojących oraz sześciu szczelnych zbiorników bezodpływowych","address":"Błażejewo","city":"Błażejewo","office":"Starosta Powiatu Poznań","case_kind":"Budynek mieszkalny jednorodzinny","parcel_ids":["302109_5.0002.46/1","302109_5.0002.46/2"],"location_quality":"dokładny","gunb_url":"https://wyszukiwarka.gunb.gov.pl/","parcel_count":2,"parcel_shard":"x068-y208","parcel_id":"302109_5.0002.46/1","location_source":"powiat poznański (wfs)"}},{"type":"Feature","id":"ST-WK-PO/WNIOSEK/25951/2025::302109_5.0002.46/2","geometry":{"type":"Polygon","coordinates":[[[17.0987502676683,52.2168331503496],[17.0989413235985,52.2163151029045],[17.0993553888486,52.2163752474634],[17.09938396845,52.2164381119079],[17.0992199882163,52.2168983042397],[17.0987502676683,52.2168331503496]]]},"properties":{"case_id":"ST-WK-PO/WNIOSEK/25951/2025","source_type":"wniosek_decyzja","received_date":"2025-12-22","decision_date":"2026-03-30","status":"decyzja wydana","description":"dot. budowy trzech budynków mieszkalnych jednorodzinnych dwulokalowych wolno stojących oraz sześciu szczelnych zbiorników bezodpływowych","address":"Błażejewo","city":"Błażejewo","office":"Starosta Powiatu Poznań","case_kind":"Budynek mieszkalny jednorodzinny","parcel_ids":["302109_5.0002.46/1","302109_5.0002.46/2"],"location_quality":"dokładny","gunb_url":"https://wyszukiwarka.gunb.gov.pl/","parcel_count":2,"parcel_shard":"x068-y208","parcel_id":"302109_5.0002.46/2","location_source":"powiat poznański (wfs)"}},{"type":"Feature","id":"ST-WK-PO/WNIOSEK/18682/2025::302109_5.0002.55/17","geometry":{"type":"Polygon","coordinates":[[[17.1010491634242,52.2148017795503],[17.1006333282473,52.2146632520355],[17.10060074376,52.2146175244344],[17.1007347778158,52.2143493552306],[17.1007894289723,52.2143312563674],[17.1011987894495,52.2144134691571],[17.1015032537844,52.2144508426012],[17.1014153821512,52.2146264399616],[17.1013637522465,52.2147296649067],[17.1011982988534,52.2146987445363],[17.101145955027,52.2147040083192],[17.1010491634242,52.2148017795503]]]},"properties":{"case_id":"ST-WK-PO/WNIOSEK/18682/2025","source_type":"wniosek_decyzja","received_date":"2025-09-12","decision_date":"2025-12-12","status":"decyzja wydana","description":"dot. wniosku o pozwolenie na budowę budynku garażowo - gospodarczego","address":"Błażejewo","city":"Błażejewo","office":"Starosta Powiatu Poznań","case_kind":"Obiekt budowlany inny niż budynek mieszkalny jednorodzinny","parcel_ids":["302109_5.0002.55/17"],"location_quality":"dokładny","gunb_url":"https://wyszukiwarka.gunb.gov.pl/","parcel_count":1,"parcel_shard":"x068-y208","parcel_id":"302109_5.0002.55/17","location_source":"powiat poznański (wfs)"}},{"type":"Feature","id":"ST-WK-PO/WNIOSEK/24463/2025::302109_5.0004.140","geometry":{"type":"Polygon","coordinates":[[[17.0553106506593,52.1807383675592],[17.0546535062245,52.1802859029939],[17.0545659033037,52.1802223340605],[17.0544370517682,52.1801394579754],[17.0543462398681,52.1800674257928],[17.0543331964632,52.1800562994631],[17.0542462808245,52.1799821581759],[17.0542014656893,52.179943929601],[17.0541442140663,52.1798535389294],[17.0540961926011,52.1796498435173],[17.0540232671637,52.1795295632059],[17.0538694421067,52.1793811174039],[17.0538001968806,52.1793140286125],[17.0535837264591,52.1791057795102],[17.0533851959621,52.1789113125398],[17.0532833768845,52.1788111977605],[17.0531652864059,52.1786964220593],[17.0532284007232,52.1786802985603],[17.0533734131847,52.1788211705303],[17.0535902202193,52.1790311525384],[17.0536496568101,52.1790887693306],[17.0540931616623,52.1795131550739],[17.0542139055319,52.1798952082175],[17.0543407550659,52.1800239673224],[17.0544991636405,52.180115500989],[17.0548413849759,52.1803451371823],[17.0551384774989,52.1805465138376],[17.0552976538443,52.1803857301692],[17.0553499314988,52.1803092467714],[17.0553567190977,52.1802993372191],[17.0553106506593,52.1807383675592]]]},"properties":{"case_id":"ST-WK-PO/WNIOSEK/24463/2025","source_type":"wniosek_decyzja","received_date":"2025-12-02","decision_date":"2026-03-02","status":"decyzja wydana","description":"budowa sieci wodociągowej z przyłączem (1 szt.)","address":"Czmoń","city":"Czmoń","office":"Starosta Powiatu Poznań","case_kind":"Obiekt budowlany inny niż budynek mieszkalny jednorodzinny","parcel_ids":["302109_5.0004.140","302109_5.0004.148","302109_5.0004.150"],"location_quality":"dokładny","gunb_url":"https://wyszukiwarka.gunb.gov.pl/","parcel_count":3,"parcel_shard":"x068-y208","parcel_id":"302109_5.0004.140","location_source":"powiat poznański (wfs)"}},{"type":"Feature","id":"ST-WK-PO/WNIOSEK/24463/2025::302109_5.0004.148","geometry":{"type":"Polygon","coordinates":[[[17.0540961926011,52.1796498435173],[17.0541442140663,52.1798535389294],[17.053413601797,52.1801635203352],[17.053284651395,52.1799979138676],[17.0532217324717,52.1798969222014],[17.0540961926011,52.1796498435173]]]},"properties":{"case_id":"ST-WK-PO/WNIOSEK/24463/2025","source_type":"wniosek_decyzja","received_date":"2025-12-02","decision_date":"2026-03-02","status":"decyzja wydana","description":"budowa sieci wodociągowej z przyłączem (1 szt.)","address":"Czmoń","city":"Czmoń","office":"Starosta Powiatu Poznań","case_kind":"Obiekt budowlany inny niż budynek mieszkalny jednorodzinny","parcel_ids":["302109_5.0004.140","302109_5.0004.148","302109_5.0004.150"],"location_quality":"dokładny","gunb_url":"https://wyszukiwarka.gunb.gov.pl/","parcel_count":3,"parcel_shard":"x068-y208","parcel_id":"302109_5.0004.148","location_source":"powiat poznański (wfs)"}},{"type":"Feature","id":"ST-WK-PO/WNIOSEK/24463/2025::302109_5.0004.150","geometry":{"type":"Polygon","coordinates":[[[17.0542462808245,52.1799821581759],[17.0535508584587,52.180264119943],[17.0534986648327,52.1802288828342],[17.0542014656893,52.179943929601],[17.0542462808245,52.1799821581759]]]},"properties":{"case_id":"ST-WK-PO/WNIOSEK/24463/2025","source_type":"wniosek_decyzja","received_date":"2025-12-02","decision_date":"2026-03-02","status":"decyzja wydana","description":"budowa sieci wodociągowej z przyłączem (1 szt.)","address":"Czmoń","city":"Czmoń","office":"Starosta Powiatu Poznań","case_kind":"Obiekt budowlany inny niż budynek mieszkalny jednorodzinny","parcel_ids":["302109_5.0004.140","302109_5.0004.148","302109_5.0004.150"],"location_quality":"dokładny","gunb_url":"https://wyszukiwarka.gunb.gov.pl/","parcel_count":3,"parcel_shard":"x068-y208","parcel_id":"302109_5.0004.150","location_source":"powiat poznański (wfs)"}},{"type":"Feature","id":"ST-WK-PO/WNIOSEK/18541/2025::302109_5.0004.255/5","geometry":{"type":"Polygon","coordinates":[[[17.0573848883342,52.1809838409184],[17.0577518283529,52.1808411394033],[17.0584651233733,52.1810968829029],[17.0580977008894,52.1812388631719],[17.0573848883342,52.1809838409184]]]},"properties":{"case_id":"ST-WK-PO/WNIOSEK/18541/2025","source_type":"wniosek_decyzja","received_date":"2025-09-11","decision_date":"2025-11-18","status":"decyzja wydana","description":"dot. budowy budynku mieszkalnego jednorodzinnego wraz ze zbiornikiem na nieczystości ciekłe","address":"Czmoń","city":"Czmoń","office":"Starosta Powiatu Poznań","case_kind":"Budynek mieszkalny jednorodzinny","parcel_ids":["302109_5.0004.255/5"],"location_quality":"dokładny","gunb_url":"https://wyszukiwarka.gunb.gov.pl/","parcel_count":1,"parcel_shard":"x068-y208","parcel_id":"302109_5.0004.255/5","location_source":"powiat poznański (wfs)"}},{"type":"Feature","id":"ST-WK-PO/ZGŁOSZENIE/766/2026::302109_5.0004.256/11","geometry":{"type":"Polygon","coordinates":[[[17.0631166973602,52.1815504806832],[17.0630423590376,52.181627849256],[17.0629164975636,52.1815821521201],[17.0629908352486,52.1815046937403],[17.0631166973602,52.1815504806832]]]},"properties":{"case_id":"ST-WK-PO/ZGŁOSZENIE/766/2026","source_type":"zgloszenie","received_date":"2026-03-16","decision_date":null,"status":"Brak sprzeciwu","description":"dot. zgłoszenia budowy sieci kablowej elektroenergetycznej SN 15 kV wraz ze stacja transformatorową SN/22 oraz siecią kablową elektroenergetyczną  nn 0,4 kV wraz ze złączem kablowo-pomiarowym nn 0,4 kV","address":"Czmoń","city":"Czmoń","office":"Starosta Powiatu Poznań","case_kind":"budowa nowego/nowych obiektów budowlanych","parcel_ids":["302109_5.0004.256/11","302109_5.0004.259","302109_5.0004.385/12"],"location_quality":"dokładny","gunb_url":"https://wyszukiwarka.gunb.gov.pl/","parcel_count":3,"parcel_shard":"x068-y208","parcel_id":"302109_5.0004.256/11","location_source":"powiat poznański (wfs)"}},{"type":"Feature","id":"ST-WK-PO/ZGŁOSZENIE/766/2026::302109_5.0004.259","geometry":{"type":"Polygon","coordinates":[[[17.0595224180044,52.1801361109972],[17.0595398744218,52.1801507257179],[17.0601091202004,52.1803534903599],[17.060260770465,52.18040763818],[17.0605579489901,52.1805135944804],[17.0607220898767,52.1805725114919],[17.0609427969244,52.1806517318583],[17.0611892624856,52.1807401971223],[17.0614268093335,52.1808242599107],[17.0616243361269,52.1808940506539],[17.0618018331993,52.1809568508397],[17.0624463839936,52.1812054350446],[17.0630742478355,52.1814282840266],[17.0644536277131,52.1819413511572],[17.0660086361386,52.1824944729483],[17.0663151846389,52.1826025990378],[17.0665963368202,52.1827016252096],[17.0668773421812,52.1828007394287],[17.0671584949931,52.1828998541345],[17.0674395047414,52.1829988771558],[17.0675987330926,52.1830550527346],[17.0698168776642,52.1838736882771],[17.0701721991365,52.1840058157193],[17.0704815874388,52.1841172651988],[17.071734625954,52.1845661136453],[17.0724030688459,52.1848005479248],[17.0729200302688,52.1849816315986],[17.0730507388578,52.1850274814597],[17.0729815388126,52.1850910621932],[17.0705873556278,52.184224881802],[17.0704638352113,52.1841809457469],[17.067244975515,52.1830365273472],[17.0663847341041,52.1827306901235],[17.0660961997181,52.1826280996581],[17.0658067970282,52.1825251420876],[17.0655163779941,52.1824219061111],[17.0652947547934,52.1823431227388],[17.0652268864439,52.1823163398628],[17.0649198275512,52.1822048812973],[17.064630181335,52.1820998516296],[17.0643406845659,52.1819947325496],[17.0641996363109,52.1819435502937],[17.0640585902522,52.1818922780101],[17.0639175426362,52.1818410954312],[17.0637764953474,52.1817899126774],[17.0636354483854,52.1817387297578],[17.0634944017504,52.1816875466722],[17.0631166973602,52.1815504806832],[17.0629908352486,52.1815046937403],[17.062550176794,52.1813447984253],[17.062172450831,52.1812077055267],[17.0617947264111,52.1810705215237],[17.0614170050814,52.1809334261997],[17.0608503539217,52.1807277362305],[17.0604726383978,52.1805906378773],[17.0600949251758,52.1804535383066],[17.0597172142702,52.1803164375189],[17.0594716671279,52.1802273529401],[17.0593741421339,52.1802448401316],[17.0588446093494,52.1804237372372],[17.0584811212814,52.180561731332],[17.058116622175,52.1807014354555],[17.0577518283529,52.1808411394033],[17.0573848883342,52.1809838409184],[17.0571122230265,52.1810864630656],[17.0568488958686,52.181190056717],[17.0566705894575,52.1812624246085],[17.0565386026924,52.1811640010887],[17.0569262932506,52.1809995075459],[17.0571220007773,52.1809213890668],[17.0573869260964,52.1808156296258],[17.0575230325508,52.1807614344666],[17.0576835245434,52.1806991050242],[17.0589256730126,52.1802640624123],[17.0592127897477,52.1801898465382],[17.0594062662607,52.1800894369257],[17.0595224180044,52.1801361109972]]]},"properties":{"case_id":"ST-WK-PO/ZGŁOSZENIE/766/2026","source_type":"zgloszenie","received_date":"2026-03-16","decision_date":null,"status":"Brak sprzeciwu","description":"dot. zgłoszenia budowy sieci kablowej elektroenergetycznej SN 15 kV wraz ze stacja transformatorową SN/22 oraz siecią kablową elektroenergetyczną  nn 0,4 kV wraz ze złączem kablowo-pomiarowym nn 0,4 kV","address":"Czmoń","city":"Czmoń","office":"Starosta Powiatu Poznań","case_kind":"budowa nowego/nowych obiektów budowlanych","parcel_ids":["302109_5.0004.256/11","302109_5.0004.259","302109_5.0004.385/12"],"location_quality":"dokładny","gunb_url":"https://wyszukiwarka.gunb.gov.pl/","parcel_count":3,"parcel_shard":"x068-y208","parcel_id":"302109_5.0004.259","location_source":"powiat poznański (wfs)"}},{"type":"Feature","id":"ST-WK-PO/ZGŁOSZENIE/766/2026::302109_5.0004.385/12","geometry":{"type":"Polygon","coordinates":[[[17.0657938004684,52.1829429844047],[17.0655052943411,52.1828390445185],[17.0658067970282,52.1825251420876],[17.0660961997181,52.1826280996581],[17.0657938004684,52.1829429844047]]]},"properties":{"case_id":"ST-WK-PO/ZGŁOSZENIE/766/2026","source_type":"zgloszenie","received_date":"2026-03-16","decision_date":null,"status":"Brak sprzeciwu","description":"dot. zgłoszenia budowy sieci kablowej elektroenergetycznej SN 15 kV wraz ze stacja transformatorową SN/22 oraz siecią kablową elektroenergetyczną  nn 0,4 kV wraz ze złączem kablowo-pomiarowym nn 0,4 kV","address":"Czmoń","city":"Czmoń","office":"Starosta Powiatu Poznań","case_kind":"budowa nowego/nowych obiektów budowlanych","parcel_ids":["302109_5.0004.256/11","302109_5.0004.259","302109_5.0004.385/12"],"location_quality":"dokładny","gunb_url":"https://wyszukiwarka.gunb.gov.pl/","parcel_count":3,"parcel_shard":"x068-y208","parcel_id":"302109_5.0004.385/12","location_source":"powiat poznański (wfs)"}},{"type":"Feature","id":"ST-WK-PO/WNIOSEK/2846/2026::302109_5.0004.274/14","geometry":{"type":"Polygon","coordinates":[[[17.0786984044213,52.1797953657939],[17.0792497905063,52.1800558301937],[17.0790181667484,52.1802411537901],[17.0784659119185,52.1799802321346],[17.0786984044213,52.1797953657939]]]},"properties":{"case_id":"ST-WK-PO/WNIOSEK/2846/2026","source_type":"wniosek_decyzja","received_date":"2026-02-16","decision_date":"2026-05-05","status":"decyzja wydana","description":"dot. budowy budynku mieszkalnego jednorodzinnego","address":"Czmoń","city":"Czmoń","office":"Starosta Powiatu Poznań","case_kind":"Budynek mieszkalny jednorodzinny","parcel_ids":["302109_5.0004.274/14"],"location_quality":"dokładny","gunb_url":"https://wyszukiwarka.gunb.gov.pl/","parcel_count":1,"parcel_shard":"x068-y208","parcel_id":"302109_5.0004.274/14","location_source":"powiat poznański (wfs)"}},{"type":"Feature","id":"ST-WK-PO/WNIOSEK/20522/2025::302109_5.0004.274/29","geometry":{"type":"Polygon","coordinates":[[[17.0756626182132,52.182209183385],[17.076226182801,52.1824752399047],[17.0760151995455,52.1826440913083],[17.0754509124604,52.1823775787208],[17.0756626182132,52.182209183385]]]},"properties":{"case_id":"ST-WK-PO/WNIOSEK/20522/2025","source_type":"wniosek_decyzja","received_date":"2025-10-08","decision_date":"2025-12-22","status":"decyzja wydana","description":"dot. budowy budynku mieszkalnego jednorodzinnego wolnostojącego wraz z infrastrukturą towarzyszącą oraz zbiornikiem bezodpływowym","address":"Czmoń","city":"Czmoń","office":"Starosta Powiatu Poznań","case_kind":"Budynek mieszkalny jednorodzinny","parcel_ids":["302109_5.0004.274/29"],"location_quality":"dokładny","gunb_url":"https://wyszukiwarka.gunb.gov.pl/","parcel_count":1,"parcel_shard":"x068-y208","parcel_id":"302109_5.0004.274/29","location_source":"powiat poznański (wfs)"}},{"type":"Feature","id":"ST-WK-PO/ZGŁOSZENIE/1701/2026::302109_5.0004.290","geometry":{"type":"Polygon","coordinates":[[[17.0724462567117,52.1736541083474],[17.0694439602656,52.1751546486112],[17.0650154494572,52.1773742372375],[17.0595224180044,52.1801361109972],[17.0594062662607,52.1800894369257],[17.0599192864396,52.1798314768655],[17.0607426957019,52.1794179069943],[17.060793312507,52.1793934378067],[17.0619954988836,52.1787949667793],[17.0624187033388,52.178579972588],[17.0642230600755,52.1776841126719],[17.0649344792948,52.1773428100921],[17.0649749968042,52.177318203113],[17.065567779015,52.1770071402792],[17.0697245345788,52.1749323801108],[17.0722564898276,52.1736637534403],[17.0723634994797,52.1736009859639],[17.0724462567117,52.1736541083474]]]},"properties":{"case_id":"ST-WK-PO/ZGŁOSZENIE/1701/2026","source_type":"zgloszenie","received_date":"2026-05-27","decision_date":null,"status":"Brak sprzeciwu","description":"budowa sieci wodociągowej","address":"Czmoń","city":"Czmoń","office":"Starosta Powiatu Poznań","case_kind":"budowa nowego/nowych obiektów budowlanych","parcel_ids":["302109_5.0004.290","302109_5.0004.388/1","302109_5.0004.394/1","302109_5.0004.394/41"],"location_quality":"dokładny","gunb_url":"https://wyszukiwarka.gunb.gov.pl/","parcel_count":4,"parcel_shard":"x068-y208","parcel_id":"302109_5.0004.290","location_source":"powiat poznański (wfs)"}},{"type":"Feature","id":"ST-WK-PO/ZGŁOSZENIE/1701/2026::302109_5.0004.388/1","geometry":{"type":"Polygon","coordinates":[[[17.0595224180044,52.1801361109972],[17.0650154494572,52.1773742372375],[17.0650490289653,52.1773842794108],[17.0649136384001,52.1774528373852],[17.0644437274125,52.1776906215182],[17.0619966971285,52.1789294320267],[17.0615396091748,52.1791608351723],[17.0612025971061,52.1793276690293],[17.0611342886889,52.1793614151472],[17.0600155404278,52.1799152828539],[17.0595398744218,52.1801507257179],[17.0595224180044,52.1801361109972]]]},"properties":{"case_id":"ST-WK-PO/ZGŁOSZENIE/1701/2026","source_type":"zgloszenie","received_date":"2026-05-27","decision_date":null,"status":"Brak sprzeciwu","description":"budowa sieci wodociągowej","address":"Czmoń","city":"Czmoń","office":"Starosta Powiatu Poznań","case_kind":"budowa nowego/nowych obiektów budowlanych","parcel_ids":["302109_5.0004.290","302109_5.0004.388/1","302109_5.0004.394/1","302109_5.0004.394/41"],"location_quality":"dokładny","gunb_url":"https://wyszukiwarka.gunb.gov.pl/","parcel_count":4,"parcel_shard":"x068-y208","parcel_id":"302109_5.0004.388/1","location_source":"powiat poznański (wfs)"}},{"type":"Feature","id":"ST-WK-PO/ZGŁOSZENIE/1701/2026::302109_5.0004.394/1","geometry":{"type":"Polygon","coordinates":[[[17.0642230600755,52.1776841126719],[17.0624187033388,52.178579972588],[17.0623981929744,52.1785715535958],[17.0624718263004,52.178535126757],[17.0627314167852,52.178406322967],[17.0630153309101,52.1782654304766],[17.0632507406146,52.1781485197675],[17.0634493097036,52.178050074248],[17.0637000294528,52.1779256919464],[17.0637282552783,52.1779117067055],[17.0639507478071,52.1778013091043],[17.0642013944137,52.1776767948373],[17.0642230600755,52.1776841126719]]]},"properties":{"case_id":"ST-WK-PO/ZGŁOSZENIE/1701/2026","source_type":"zgloszenie","received_date":"2026-05-27","decision_date":null,"status":"Brak sprzeciwu","description":"budowa sieci wodociągowej","address":"Czmoń","city":"Czmoń","office":"Starosta Powiatu Poznań","case_kind":"budowa nowego/nowych obiektów budowlanych","parcel_ids":["302109_5.0004.290","302109_5.0004.388/1","302109_5.0004.394/1","302109_5.0004.394/41"],"location_quality":"dokładny","gunb_url":"https://wyszukiwarka.gunb.gov.pl/","parcel_count":4,"parcel_shard":"x068-y208","parcel_id":"302109_5.0004.394/1","location_source":"powiat poznański (wfs)"}},{"type":"Feature","id":"ST-WK-PO/ZGŁOSZENIE/1701/2026::302109_5.0004.394/41","geometry":{"type":"Polygon","coordinates":[[[17.0630153309101,52.1782654304766],[17.0630090371982,52.1782144854983],[17.0624417038459,52.1780111421782],[17.0621384841522,52.1779023231224],[17.0620585312321,52.1779152594974],[17.0619039240874,52.1780784221823],[17.0619197460688,52.1781153317011],[17.0617998724615,52.1781346924267],[17.0617682323549,52.1780609093324],[17.0618282427044,52.1780512731819],[17.0619828329356,52.1778881580962],[17.0619617891927,52.1778390596671],[17.0617182478457,52.1777517569055],[17.0614376122048,52.1776510152707],[17.0612671528026,52.1775899269608],[17.0611598767812,52.177551464486],[17.0608755445788,52.177449549696],[17.0607956783494,52.1774624859093],[17.0606409380574,52.177625509284],[17.0606567562748,52.177662401867],[17.060536738185,52.1776818509447],[17.0605052467007,52.1776080668764],[17.0605651094449,52.1775983430082],[17.0606958468404,52.1774604965807],[17.0608461167529,52.177302064615],[17.0609776018048,52.1771635524165],[17.0609617834774,52.177126660763],[17.0610818009361,52.1771073002447],[17.0611134382061,52.1771809945329],[17.0610534299185,52.1771907193232],[17.0609282488322,52.1773227249751],[17.0609492922279,52.1773719143699],[17.061166550256,52.1774497725272],[17.0613407552432,52.1775122920296],[17.0614119257961,52.1775377408754],[17.0616316160344,52.1776166062094],[17.0617702068683,52.1776662962288],[17.0617970399456,52.1776619634554],[17.0618034237773,52.1776781927643],[17.0619470935506,52.1777297142938],[17.0622786531466,52.1778486100471],[17.0624143915749,52.1778972546929],[17.0625624871218,52.1779503637786],[17.0627210857094,52.1780072556069],[17.0631307470803,52.1781541291237],[17.0632507406146,52.1781485197675],[17.0630153309101,52.1782654304766]]]},"properties":{"case_id":"ST-WK-PO/ZGŁOSZENIE/1701/2026","source_type":"zgloszenie","received_date":"2026-05-27","decision_date":null,"status":"Brak sprzeciwu","description":"budowa sieci wodociągowej","address":"Czmoń","city":"Czmoń","office":"Starosta Powiatu Poznań","case_kind":"budowa nowego/nowych obiektów budowlanych","parcel_ids":["302109_5.0004.290","302109_5.0004.388/1","302109_5.0004.394/1","302109_5.0004.394/41"],"location_quality":"dokładny","gunb_url":"https://wyszukiwarka.gunb.gov.pl/","parcel_count":4,"parcel_shard":"x068-y208","parcel_id":"302109_5.0004.394/41","location_source":"powiat poznański (wfs)"}},{"type":"Feature","id":"ST-WK-PO/WNIOSEK/18854/2025::302109_5.0004.305","geometry":{"type":"Polygon","coordinates":[[[17.0578426706663,52.1798953185919],[17.0589256730126,52.1802640624123],[17.0576835245434,52.1806991050242],[17.0572602213533,52.1805180648671],[17.0578426706663,52.1798953185919]]]},"properties":{"case_id":"ST-WK-PO/WNIOSEK/18854/2025","source_type":"wniosek_decyzja","received_date":"2025-09-15","decision_date":"2026-03-06","status":"decyzja wydana","description":"dot. pozwolenia na budowę budynku usługowego o funkcji wypożyczania sprzętu gaśniczego innym jednostkom OSP","address":"Czmoń","city":"Czmoń","office":"Starosta Powiatu Poznań","case_kind":"Obiekt budowlany inny niż budynek mieszkalny jednorodzinny","parcel_ids":["302109_5.0004.305"],"location_quality":"dokładny","gunb_url":"https://wyszukiwarka.gunb.gov.pl/","parcel_count":1,"parcel_shard":"x068-y208","parcel_id":"302109_5.0004.305","location_source":"powiat poznański (wfs)"}},{"type":"Feature","id":"ST-WK-PO/WNIOSEK/8216/2026::302109_5.0004.307/7","geometry":{"type":"Polygon","coordinates":[[[17.0589419470915,52.1791397836375],[17.0586470097948,52.179037662981],[17.058895122365,52.17877314997],[17.0592795112744,52.1789124708422],[17.0590939386515,52.1791151102557],[17.0589956747322,52.1790810706317],[17.0589419470915,52.1791397836375]]]},"properties":{"case_id":"ST-WK-PO/WNIOSEK/8216/2026","source_type":"wniosek_decyzja","received_date":"2026-04-29","decision_date":"2026-06-30","status":"decyzja wydana","description":"dot. budowy budynku mieszkalnego jednorodzinnego z garażem i wiatą oraz zbiornikiem na nieczystości ciekłe","address":"Czmoń","city":"Czmoń","office":"Starosta Powiatu Poznań","case_kind":"Budynek mieszkalny jednorodzinny","parcel_ids":["302109_5.0004.307/7"],"location_quality":"dokładny","gunb_url":"https://wyszukiwarka.gunb.gov.pl/","parcel_count":1,"parcel_shard":"x068-y208","parcel_id":"302109_5.0004.307/7","location_source":"powiat poznański (wfs)"}},{"type":"Feature","id":"ST-WK-PO/WNIOSEK/5377/2026::302109_5.0004.385/12","geometry":{"type":"Polygon","coordinates":[[[17.0657938004684,52.1829429844047],[17.0655052943411,52.1828390445185],[17.0658067970282,52.1825251420876],[17.0660961997181,52.1826280996581],[17.0657938004684,52.1829429844047]]]},"properties":{"case_id":"ST-WK-PO/WNIOSEK/5377/2026","source_type":"wniosek_decyzja","received_date":"2026-03-23","decision_date":"2026-06-05","status":"decyzja wydana","description":"dot. budowy domu jednorodzinnego parterowego wraz ze zbiornikiem bezodpływowym na nieczystości ciekłe ul. Polna 39","address":"Czmoń","city":"Czmoń","office":"Starosta Powiatu Poznań","case_kind":"Budynek mieszkalny jednorodzinny","parcel_ids":["302109_5.0004.385/12"],"location_quality":"dokładny","gunb_url":"https://wyszukiwarka.gunb.gov.pl/","parcel_count":1,"parcel_shard":"x068-y208","parcel_id":"302109_5.0004.385/12","location_source":"powiat poznański (wfs)"}},{"type":"Feature","id":"ST-WK-PO/WNIOSEK/7468/2026::302109_5.0004.385/13","geometry":{"type":"Polygon","coordinates":[[[17.0660961997181,52.1826280996581],[17.0663847341041,52.1827306901235],[17.0660812939733,52.1830464661613],[17.0657938004684,52.1829429844047],[17.0660961997181,52.1826280996581]]]},"properties":{"case_id":"ST-WK-PO/WNIOSEK/7468/2026","source_type":"wniosek_decyzja","received_date":"2026-04-21","decision_date":"2026-07-01","status":"decyzja wydana","description":"budowa budynku mieszkalnego jednorodzinnego wolnostojącego wraz z bezodpływowym zbiornikiem  na ścieki sanitarne","address":"Czmoń","city":"Czmoń","office":"Starosta Powiatu Poznań","case_kind":"Budynek mieszkalny jednorodzinny","parcel_ids":["302109_5.0004.385/13"],"location_quality":"dokładny","gunb_url":"https://wyszukiwarka.gunb.gov.pl/","parcel_count":1,"parcel_shard":"x068-y208","parcel_id":"302109_5.0004.385/13","location_source":"powiat poznański (wfs)"}},{"type":"Feature","id":"ST-WK-PO/WNIOSEK/18821/2025::302109_5.0004.511/11","geometry":{"type":"Polygon","coordinates":[[[17.0637273555731,52.1775081150813],[17.0639794118243,52.1773830516055],[17.0640755577858,52.177378691194],[17.0644973953155,52.177529800984],[17.064330151338,52.1776128727328],[17.0642013944137,52.1776767948373],[17.0637273555731,52.1775081150813]]]},"properties":{"case_id":"ST-WK-PO/WNIOSEK/18821/2025","source_type":"wniosek_decyzja","received_date":"2025-09-15","decision_date":"2025-11-26","status":"decyzja wydana","description":"dot. budowy budynku jednorodzinnego wolnostojącego wraz ze zbiornikiem bezodpływowym","address":"Czmoń","city":"Czmoń","office":"Starosta Powiatu Poznań","case_kind":"Budynek mieszkalny jednorodzinny","parcel_ids":["302109_5.0004.511/11"],"location_quality":"dokładny","gunb_url":"https://wyszukiwarka.gunb.gov.pl/","parcel_count":1,"parcel_shard":"x068-y208","parcel_id":"302109_5.0004.511/11","location_source":"powiat poznański (wfs)"}},{"type":"Feature","id":"ST-WK-PO/WNIOSEK/8980/2026::302109_5.0004.61/23","geometry":{"type":"Polygon","coordinates":[[[17.05044725249,52.1825192772251],[17.0501328406309,52.1823634096529],[17.0498737742935,52.1826020243811],[17.0496759256172,52.1825280787443],[17.0500281744564,52.1821276769148],[17.050699432286,52.1823635658167],[17.05044725249,52.1825192772251]]]},"properties":{"case_id":"ST-WK-PO/WNIOSEK/8980/2026","source_type":"wniosek_decyzja","received_date":"2026-05-12","decision_date":"2026-07-16","status":"decyzja wydana","description":"wniosku o pozwolenie na rozbudowę i przebudowę istniejącego budynku gospodarczo - garażowego wolnostojącego","address":"Czmoń","city":"Czmoń","office":"Starosta Powiatu Poznań","case_kind":"Obiekt budowlany inny niż budynek mieszkalny jednorodzinny","parcel_ids":["302109_5.0004.61/23"],"location_quality":"dokładny","gunb_url":"https://wyszukiwarka.gunb.gov.pl/","parcel_count":1,"parcel_shard":"x068-y208","parcel_id":"302109_5.0004.61/23","location_source":"powiat poznański (wfs)"}},{"type":"Feature","id":"ST-WK-PO/WNIOSEK/17364/2025::302109_5.0004.65/10","geometry":{"type":"Polygon","coordinates":[[[17.0496154631811,52.1810012338682],[17.0498157176124,52.1807920835005],[17.0503844767611,52.1810113809645],[17.0502303083907,52.1811720153077],[17.050104367904,52.1811263306041],[17.0500672820225,52.1811650402807],[17.0496154631811,52.1810012338682]]]},"properties":{"case_id":"ST-WK-PO/WNIOSEK/17364/2025","source_type":"wniosek_decyzja","received_date":"2025-08-25","decision_date":"2025-11-13","status":"decyzja wydana","description":"budowa decyzji nr 2736/24 z dnia 03.09.2014 r. znak AB.6740.10.164.2024.XVI dotyczącej pozwolenia na budowę budynku mieszkalnego jednorodzinnego w zabudowie wolnostojącej wraz ze zbiornikiem bezodpływowym na ścieki sanitarne wraz z własnym ujęciem wody","address":"Czmoń","city":"Czmoń","office":"Starosta Powiatu Poznań","case_kind":"Budynek mieszkalny jednorodzinny","parcel_ids":["302109_5.0004.65/10","302109_5.0004.65/8"],"location_quality":"dokładny","gunb_url":"https://wyszukiwarka.gunb.gov.pl/","parcel_count":2,"parcel_shard":"x068-y208","parcel_id":"302109_5.0004.65/10","location_source":"powiat poznański (wfs)"}},{"type":"Feature","id":"ST-WK-PO/WNIOSEK/17364/2025::302109_5.0004.65/8","geometry":{"type":"Polygon","coordinates":[[[17.0500672820225,52.1811650402807],[17.050104367904,52.1811263306041],[17.0502303083907,52.1811720153077],[17.0502561939181,52.1812335224026],[17.0500672820225,52.1811650402807]]]},"properties":{"case_id":"ST-WK-PO/WNIOSEK/17364/2025","source_type":"wniosek_decyzja","received_date":"2025-08-25","decision_date":"2025-11-13","status":"decyzja wydana","description":"budowa decyzji nr 2736/24 z dnia 03.09.2014 r. znak AB.6740.10.164.2024.XVI dotyczącej pozwolenia na budowę budynku mieszkalnego jednorodzinnego w zabudowie wolnostojącej wraz ze zbiornikiem bezodpływowym na ścieki sanitarne wraz z własnym ujęciem wody","address":"Czmoń","city":"Czmoń","office":"Starosta Powiatu Poznań","case_kind":"Budynek mieszkalny jednorodzinny","parcel_ids":["302109_5.0004.65/10","302109_5.0004.65/8"],"location_quality":"dokładny","gunb_url":"https://wyszukiwarka.gunb.gov.pl/","parcel_count":2,"parcel_shard":"x068-y208","parcel_id":"302109_5.0004.65/8","location_source":"powiat poznański (wfs)"}},{"type":"Feature","id":"ST-WK-PO/WNIOSEK/6445/2026::302109_5.0005.109/21","geometry":{"type":"Polygon","coordinates":[[[17.0165901723871,52.1849163068991],[17.0166088055024,52.184810259261],[17.0166598681235,52.184813633113],[17.017039825608,52.1848755113389],[17.0170207720251,52.1849832786373],[17.0166148983745,52.1849178529871],[17.0165901723871,52.1849163068991]]]},"properties":{"case_id":"ST-WK-PO/WNIOSEK/6445/2026","source_type":"wniosek_decyzja","received_date":"2026-04-03","decision_date":"2026-06-12","status":"decyzja wydana","description":"dot. budowy budynku mieszkalnego jednorodzinnego wraz z infrastrukturą towarzyszącą","address":"Czmoniec","city":"Czmoniec","office":"Starosta Powiatu Poznań","case_kind":"Budynek mieszkalny jednorodzinny","parcel_ids":["302109_5.0005.109/21","302109_5.0005.109/9"],"location_quality":"dokładny","gunb_url":"https://wyszukiwarka.gunb.gov.pl/","parcel_count":2,"parcel_shard":"x068-y208","parcel_id":"302109_5.0005.109/21","location_source":"powiat poznański (wfs)"}},{"type":"Feature","id":"ST-WK-PO/WNIOSEK/6445/2026::302109_5.0005.109/9","geometry":{"type":"Polygon","coordinates":[[[17.0164535926918,52.1856962036647],[17.0165901723871,52.1849163068991],[17.0166148983745,52.1849178529871],[17.0170207720251,52.1849832786373],[17.0168896168601,52.185726036773],[17.016749590975,52.1857163767485],[17.0164535926918,52.1856962036647]]]},"properties":{"case_id":"ST-WK-PO/WNIOSEK/6445/2026","source_type":"wniosek_decyzja","received_date":"2026-04-03","decision_date":"2026-06-12","status":"decyzja wydana","description":"dot. budowy budynku mieszkalnego jednorodzinnego wraz z infrastrukturą towarzyszącą","address":"Czmoniec","city":"Czmoniec","office":"Starosta Powiatu Poznań","case_kind":"Budynek mieszkalny jednorodzinny","parcel_ids":["302109_5.0005.109/21","302109_5.0005.109/9"],"location_quality":"dokładny","gunb_url":"https://wyszukiwarka.gunb.gov.pl/","parcel_count":2,"parcel_shard":"x068-y208","parcel_id":"302109_5.0005.109/9","location_source":"powiat poznański (wfs)"}},{"type":"Feature","id":"ST-WK-PO/WNIOSEK/18248/2025::302109_5.0005.127/3","geometry":{"type":"Polygon","coordinates":[[[17.0145085191714,52.1825314346588],[17.0146862644966,52.1823886297146],[17.0148266666799,52.1822960894905],[17.0149578507935,52.1822410586834],[17.0150386997284,52.1822199709507],[17.0164675750499,52.1823252200015],[17.0164202694441,52.1826577598522],[17.0152013006216,52.1825817452117],[17.0145085191714,52.1825314346588]]]},"properties":{"case_id":"ST-WK-PO/WNIOSEK/18248/2025","source_type":"wniosek_decyzja","received_date":"2025-09-08","decision_date":"2025-11-26","status":"decyzja wydana","description":"rozbudowa instalacji zbiornikowej gazu płynnego o zbiornik na gaz płynny o pojemności  V=4850 dm3 dostawiony do istniejacej instalacji gazu płynnego","address":"Czmoniec","city":"Czmoniec","office":"Starosta Powiatu Poznań","case_kind":"Obiekt budowlany inny niż budynek mieszkalny jednorodzinny","parcel_ids":["302109_5.0005.127/3"],"location_quality":"dokładny","gunb_url":"https://wyszukiwarka.gunb.gov.pl/","parcel_count":1,"parcel_shard":"x068-y208","parcel_id":"302109_5.0005.127/3","location_source":"powiat poznański (wfs)"}},{"type":"Feature","id":"ST-WK-PO/WNIOSEK/26234/2025::302109_5.0005.315/14","geometry":{"type":"Polygon","coordinates":[[[17.01532591714,52.1710864235617],[17.0149617697781,52.1707831190313],[17.0154750554669,52.1704602851267],[17.0159090913775,52.1708218121696],[17.0158385807801,52.1708538368869],[17.01532591714,52.1710864235617]]]},"properties":{"case_id":"ST-WK-PO/WNIOSEK/26234/2025","source_type":"wniosek_decyzja","received_date":"2025-12-23","decision_date":"2026-03-03","status":"decyzja wydana","description":"[ePUAP] dot. zmiany pozwolenia na budowę z dnia 2024-10-31 Nr decyzji: 3485/24 w zakresie budowy budynku mieszkalnego jednorodzinnego w  zabudowie wolnostojącej wraz ze zbiornikiem bezodpływowym na ścieki sanitarne oraz murami  oporowymi","address":"Czmoniec","city":"Czmoniec","office":"Starosta Powiatu Poznań","case_kind":"Budynek mieszkalny jednorodzinny","parcel_ids":["302109_5.0005.315/14"],"location_quality":"dokładny","gunb_url":"https://wyszukiwarka.gunb.gov.pl/","parcel_count":1,"parcel_shard":"x068-y208","parcel_id":"302109_5.0005.315/14","location_source":"powiat poznański (wfs)"}},{"type":"Feature","id":"ST-WK-PO/ZGŁOSZENIE/1468/2026::302109_5.0005.358/22","geometry":{"type":"Polygon","coordinates":[[[17.0298548808813,52.1670149814932],[17.0300735024059,52.1673128477967],[17.029707033246,52.1674147253217],[17.0296639293221,52.1674072701622],[17.0293935755419,52.1671627263912],[17.0298548808813,52.1670149814932]]]},"properties":{"case_id":"ST-WK-PO/ZGŁOSZENIE/1468/2026","source_type":"zgloszenie","received_date":"2026-05-11","decision_date":null,"status":"Brak sprzeciwu","description":"zgłoszenie budowy budynku jednorodzinnego wolnostojącego z zagospodarowaniem terenu oraz zbiornikiem bezodpływowym o poj. 10m2","address":"Czmoniec","city":"Czmoniec","office":"Starosta Powiatu Poznań","case_kind":"budowa nowego/nowych obiektów budowlanych","parcel_ids":["302109_5.0005.358/22"],"location_quality":"dokładny","gunb_url":"https://wyszukiwarka.gunb.gov.pl/","parcel_count":1,"parcel_shard":"x068-y208","parcel_id":"302109_5.0005.358/22","location_source":"powiat poznański (wfs)"}},{"type":"Feature","id":"ST-WK-PO/WNIOSEK/26376/2025::302109_5.0005.393/11","geometry":{"type":"Polygon","coordinates":[[[17.0414344058445,52.1667924542897],[17.0415050394229,52.167035707157],[17.0410463046084,52.1670860872954],[17.0409762599648,52.1668427490464],[17.0414344058445,52.1667924542897]]]},"properties":{"case_id":"ST-WK-PO/WNIOSEK/26376/2025","source_type":"wniosek_decyzja","received_date":"2025-12-29","decision_date":"2026-08-07","status":"decyzja wydana","description":"dot. budowy budynku mieszkalnego jednorodzinnego wolnostojacego","address":"Czmoniec","city":"Czmoniec","office":"Starosta Powiatu Poznań","case_kind":"Budynek mieszkalny jednorodzinny","parcel_ids":["302109_5.0005.393/11"],"location_quality":"dokładny","gunb_url":"https://wyszukiwarka.gunb.gov.pl/","parcel_count":1,"parcel_shard":"x068-y208","parcel_id":"302109_5.0005.393/11","location_source":"powiat poznański (wfs)"}},{"type":"Feature","id":"ST-WK-PO/WNIOSEK/18858/2025::302109_5.0005.517/23","geometry":{"type":"Polygon","coordinates":[[[17.0041364732026,52.2007236651142],[17.0037681906888,52.2005756643823],[17.0040582416696,52.2002549453676],[17.0042983395549,52.2003590442147],[17.0044188315181,52.2004113262229],[17.0041364732026,52.2007236651142]]]},"properties":{"case_id":"ST-WK-PO/WNIOSEK/18858/2025","source_type":"wniosek_decyzja","received_date":"2025-09-15","decision_date":"2025-11-26","status":"decyzja wydana","description":"dot. budowy budynku mieszkalnego jednorodzinnego wolnostojącego wraz ze szczelnym zbiornikiem bezodpływowym i własnym ujęciem wody","address":"Czmoniec","city":"Czmoniec","office":"Starosta Powiatu Poznań","case_kind":"Budynek mieszkalny jednorodzinny","parcel_ids":["302109_5.0005.517/23"],"location_quality":"dokładny","gunb_url":"https://wyszukiwarka.gunb.gov.pl/","parcel_count":1,"parcel_shard":"x068-y208","parcel_id":"302109_5.0005.517/23","location_source":"powiat poznański (wfs)"}},{"type":"Feature","id":"ST-WK-PO/WNIOSEK/18853/2025::302109_5.0005.517/9","geometry":{"type":"Polygon","coordinates":[[[17.0033295440301,52.201988382173],[17.0035228383197,52.20177669786],[17.0040838687666,52.2019699658654],[17.0039864018191,52.2020765507707],[17.0038905794,52.2021815316325],[17.0033295440301,52.201988382173]]]},"properties":{"case_id":"ST-WK-PO/WNIOSEK/18853/2025","source_type":"wniosek_decyzja","received_date":"2025-09-15","decision_date":"2025-11-28","status":"decyzja wydana","description":"budowa budynku mieszkalnego jednorodzinnego wolnostojącego wraz ze szczelnym zbiornikiem bezodpływowym i własnym ujęciem wody","address":"Czmoniec","city":"Czmoniec","office":"Starosta Powiatu Poznań","case_kind":"Budynek mieszkalny jednorodzinny","parcel_ids":["302109_5.0005.517/9"],"location_quality":"dokładny","gunb_url":"https://wyszukiwarka.gunb.gov.pl/","parcel_count":1,"parcel_shard":"x068-y208","parcel_id":"302109_5.0005.517/9","location_source":"powiat poznański (wfs)"}},{"type":"Feature","id":"ST-WK-PO/WNIOSEK/6967/2026::302109_5.0005.518/12","geometry":{"type":"Polygon","coordinates":[[[17.0051967521426,52.2002422267867],[17.0047627043849,52.2000346270616],[17.0049460526615,52.1998876902042],[17.0050437489339,52.1998818628383],[17.0054215255005,52.2000612140783],[17.0051967521426,52.2002422267867]]]},"properties":{"case_id":"ST-WK-PO/WNIOSEK/6967/2026","source_type":"wniosek_decyzja","received_date":"2026-04-13","decision_date":"2026-06-18","status":"decyzja wydana","description":"dot. budowy budynku mieszkalnego jednorodzinnego wolnostojącego wraz ze zbiornikiem bezodpływowym","address":"Czmoniec","city":"Czmoniec","office":"Starosta Powiatu Poznań","case_kind":"Budynek mieszkalny jednorodzinny","parcel_ids":["302109_5.0005.518/12"],"location_quality":"dokładny","gunb_url":"https://wyszukiwarka.gunb.gov.pl/","parcel_count":1,"parcel_shard":"x068-y208","parcel_id":"302109_5.0005.518/12","location_source":"powiat poznański (wfs)"}},{"type":"Feature","id":"ST-WK-PO/WNIOSEK/9227/2026::302109_5.0005.518/16","geometry":{"type":"Polygon","coordinates":[[[17.0059232795351,52.2008205309686],[17.0054692088477,52.2005986539202],[17.0056706004299,52.2004363186432],[17.0061300276495,52.2006606668211],[17.0059232795351,52.2008205309686]]]},"properties":{"case_id":"ST-WK-PO/WNIOSEK/9227/2026","source_type":"wniosek_decyzja","received_date":"2026-05-14","decision_date":"2026-08-20","status":"decyzja wydana","description":"dot. budowy budynku mieszkalnego jednorodzinnego w zabudowie wolnostojącej wraz ze zbiornikiem bezodpływowym V=10m3","address":"Trzykolne Młyny","city":"Trzykolne Młyny","office":"Starosta Powiatu Poznań","case_kind":"Budynek mieszkalny jednorodzinny","parcel_ids":["302109_5.0005.518/16"],"location_quality":"dokładny","gunb_url":"https://wyszukiwarka.gunb.gov.pl/","parcel_count":1,"parcel_shard":"x068-y208","parcel_id":"302109_5.0005.518/16","location_source":"powiat poznański (wfs)"}},{"type":"Feature","id":"ST-WK-PO/WNIOSEK/5114/2026::302109_5.0005.518/37","geometry":{"type":"Polygon","coordinates":[[[17.0073351030579,52.2008364610241],[17.0070677601447,52.200709277371],[17.0074227821846,52.2004268028206],[17.007689529429,52.2005544300754],[17.0073351030579,52.2008364610241]]]},"properties":{"case_id":"ST-WK-PO/WNIOSEK/5114/2026","source_type":"wniosek_decyzja","received_date":"2026-03-18","decision_date":"2026-05-11","status":"decyzja wydana","description":"dot. wniosku o pozwolenie na budowę budynku mieszkalnego jednorodzinnego wolnostojącego P3 z instalacjami wewnętrznymi i zewnętrznymi w tym przydomową oczyszczalnią ścieków ze zbiornikiem bezodpływowym do 10m3 i studnią kopaną do 30m głębokości","address":"Czmoniec","city":"Czmoniec","office":"Starosta Powiatu Poznań","case_kind":"Budynek mieszkalny jednorodzinny","parcel_ids":["302109_5.0005.518/37"],"location_quality":"dokładny","gunb_url":"https://wyszukiwarka.gunb.gov.pl/","parcel_count":1,"parcel_shard":"x068-y208","parcel_id":"302109_5.0005.518/37","location_source":"powiat poznański (wfs)"}},{"type":"Feature","id":"ST-WK-PO/WNIOSEK/23291/2025::302109_5.0005.745","geometry":{"type":"Polygon","coordinates":[[[17.0010117491313,52.2066353344496],[17.0011297827493,52.2064768042537],[17.001226885315,52.2064544099517],[17.0016716772076,52.2065776342881],[17.0015606767243,52.2067390198138],[17.0015315060163,52.2067813854595],[17.0010117491313,52.2066353344496]]]},"properties":{"case_id":"ST-WK-PO/WNIOSEK/23291/2025","source_type":"wniosek_decyzja","received_date":"2025-11-17","decision_date":"2026-02-13","status":"decyzja wydana","description":"Wniosek o pozwolenie na budowę budynku mieszkalnego jednolokalowego w zabudowie wolnostojącej wraz z bezodpływowym szczelnym zbiornikiem na ścieki bytowe","address":"Trzykolne Młyny","city":"Trzykolne Młyny","office":"Starosta Powiatu Poznań","case_kind":"Budynek mieszkalny jednorodzinny","parcel_ids":["302109_5.0005.745"],"location_quality":"dokładny","gunb_url":"https://wyszukiwarka.gunb.gov.pl/","parcel_count":1,"parcel_shard":"x068-y208","parcel_id":"302109_5.0005.745","location_source":"powiat poznański (wfs)"}},{"type":"Feature","id":"ST-WK-PO/WNIOSEK/17434/2025::302109_5.0006.234/9","geometry":{"type":"Polygon","coordinates":[[[17.0578631708689,52.2208098471783],[17.0580992025641,52.2206880931997],[17.0593885517731,52.2211052209685],[17.0592364404981,52.2212223008972],[17.0591199376242,52.2212484717279],[17.058336928497,52.2210493821239],[17.0582005288549,52.2210153992742],[17.0578631708689,52.2208098471783]]]},"properties":{"case_id":"ST-WK-PO/WNIOSEK/17434/2025","source_type":"wniosek_decyzja","received_date":"2025-08-26","decision_date":"2025-11-05","status":"decyzja wydana","description":"dot. budowy myjni dla autobusów wraz ze zbiornikiem bezodpływowym","address":"Czołowo","city":"Czołowo","office":"Starosta Powiatu Poznań","case_kind":"Obiekt budowlany inny niż budynek mieszkalny jednorodzinny","parcel_ids":["302109_5.0006.234/9","302109_5.0006.238/8","302109_5.0006.239/6"],"location_quality":"dokładny","gunb_url":"https://wyszukiwarka.gunb.gov.pl/","parcel_count":3,"parcel_shard":"x068-y208","parcel_id":"302109_5.0006.234/9","location_source":"powiat poznański (wfs)"}},{"type":"Feature","id":"ST-WK-PO/WNIOSEK/17434/2025::302109_5.0006.238/8","geometry":{"type":"Polygon","coordinates":[[[17.0578631708689,52.2208098471783],[17.0573986864812,52.2205270473488],[17.0574603750292,52.2204888016679],[17.0574076404524,52.2204566527992],[17.0581075395701,52.2200114922958],[17.0596724372299,52.2209489361435],[17.0593885517731,52.2211052209685],[17.0580992025641,52.2206880931997],[17.0578631708689,52.2208098471783]]]},"properties":{"case_id":"ST-WK-PO/WNIOSEK/17434/2025","source_type":"wniosek_decyzja","received_date":"2025-08-26","decision_date":"2025-11-05","status":"decyzja wydana","description":"dot. budowy myjni dla autobusów wraz ze zbiornikiem bezodpływowym","address":"Czołowo","city":"Czołowo","office":"Starosta Powiatu Poznań","case_kind":"Obiekt budowlany inny niż budynek mieszkalny jednorodzinny","parcel_ids":["302109_5.0006.234/9","302109_5.0006.238/8","302109_5.0006.239/6"],"location_quality":"dokładny","gunb_url":"https://wyszukiwarka.gunb.gov.pl/","parcel_count":3,"parcel_shard":"x068-y208","parcel_id":"302109_5.0006.238/8","location_source":"powiat poznański (wfs)"}},{"type":"Feature","id":"ST-WK-PO/WNIOSEK/17434/2025::302109_5.0006.239/6","geometry":{"type":"Polygon","coordinates":[[[17.0581075395701,52.2200114922958],[17.0585196110796,52.219755088553],[17.0585829531769,52.2197921840634],[17.0587103840955,52.2198684481724],[17.0593058366018,52.2202151898656],[17.0594665369646,52.2201105019131],[17.0599172860732,52.2203661271185],[17.0600416258326,52.2202889972169],[17.0604340475394,52.220531387382],[17.0596724372299,52.2209489361435],[17.0581075395701,52.2200114922958]]]},"properties":{"case_id":"ST-WK-PO/WNIOSEK/17434/2025","source_type":"wniosek_decyzja","received_date":"2025-08-26","decision_date":"2025-11-05","status":"decyzja wydana","description":"dot. budowy myjni dla autobusów wraz ze zbiornikiem bezodpływowym","address":"Czołowo","city":"Czołowo","office":"Starosta Powiatu Poznań","case_kind":"Obiekt budowlany inny niż budynek mieszkalny jednorodzinny","parcel_ids":["302109_5.0006.234/9","302109_5.0006.238/8","302109_5.0006.239/6"],"location_quality":"dokładny","gunb_url":"https://wyszukiwarka.gunb.gov.pl/","parcel_count":3,"parcel_shard":"x068-y208","parcel_id":"302109_5.0006.239/6","location_source":"powiat poznański (wfs)"}},{"type":"Feature","id":"ST-WK-PO/WNIOSEK/10308/2026::302109_5.0006.259/16","geometry":{"type":"Polygon","coordinates":[[[17.0807510119925,52.2234303850897],[17.0803590862458,52.2233308906428],[17.0803309530436,52.2232758446313],[17.0805066938295,52.2231071609544],[17.0809188423901,52.2232690992345],[17.0807510119925,52.2234303850897]]]},"properties":{"case_id":"ST-WK-PO/WNIOSEK/10308/2026","source_type":"wniosek_decyzja","received_date":"2026-05-29","decision_date":"2026-07-07","status":"decyzja wydana","description":"wniosek o pozwolenie na budowę budynku mieszkalnego jednorodzinnego, zbiornik bezodpływowy na ścieki bytowe, studnia do poboru wody pitnej (kat. I i VIII)","address":"Czołowo","city":"Czołowo","office":"Starosta Powiatu Poznań","case_kind":"Budynek mieszkalny jednorodzinny","parcel_ids":["302109_5.0006.259/16"],"location_quality":"dokładny","gunb_url":"https://wyszukiwarka.gunb.gov.pl/","parcel_count":1,"parcel_shard":"x068-y208","parcel_id":"302109_5.0006.259/16","location_source":"powiat poznański (wfs)"}},{"type":"Feature","id":"ST-WK-PO/WNIOSEK/19313/2025::302109_5.0006.303","geometry":{"type":"Polygon","coordinates":[[[17.0784529046261,52.2341788205191],[17.0784589304304,52.2341705986133],[17.0785433267185,52.2340537845298],[17.0789941475432,52.2341765735849],[17.078909603972,52.2342934767177],[17.078903724606,52.2343016997887],[17.0784529046261,52.2341788205191]]]},"properties":{"case_id":"ST-WK-PO/WNIOSEK/19313/2025","source_type":"wniosek_decyzja","received_date":"2025-09-22","decision_date":"2025-11-24","status":"decyzja wydana","description":"budowa budynku rekreacji indywidualnej (kat. III) wraz ze szczelnym zbiornikiem bezodpływowym oraz studnią kopaną (kat. VIII)","address":"Czołowo","city":"Czołowo","office":"Starosta Powiatu Poznań","case_kind":"Obiekt budowlany inny niż budynek mieszkalny jednorodzinny","parcel_ids":["302109_5.0006.303"],"location_quality":"dokładny","gunb_url":"https://wyszukiwarka.gunb.gov.pl/","parcel_count":1,"parcel_shard":"x068-y208","parcel_id":"302109_5.0006.303","location_source":"powiat poznański (wfs)"}},{"type":"Feature","id":"ST-WK-PO/WNIOSEK/19319/2025::302109_5.0006.308","geometry":{"type":"Polygon","coordinates":[[[17.0790126716102,52.2343283454191],[17.0790167425025,52.2343226248704],[17.0791011376344,52.2342058103883],[17.0795528341757,52.2343288737678],[17.0794694589748,52.2344459661685],[17.0794653899871,52.2344515968629],[17.0790126716102,52.2343283454191]]]},"properties":{"case_id":"ST-WK-PO/WNIOSEK/19319/2025","source_type":"wniosek_decyzja","received_date":"2025-09-22","decision_date":"2025-11-28","status":"decyzja wydana","description":"budowa  budynku rekreacji indywidualnej (kat. III) wraz ze szczelnym zbiornikiem bezodpływowym (kat. VIII) oraz studnią kopaną (VIII)","address":"Czołowo","city":"Czołowo","office":"Starosta Powiatu Poznań","case_kind":"Obiekt budowlany inny niż budynek mieszkalny jednorodzinny","parcel_ids":["302109_5.0006.308"],"location_quality":"dokładny","gunb_url":"https://wyszukiwarka.gunb.gov.pl/","parcel_count":1,"parcel_shard":"x068-y208","parcel_id":"302109_5.0006.308","location_source":"powiat poznański (wfs)"}},{"type":"Feature","id":"ST-WK-PO/WNIOSEK/1990/2026::302109_5.0006.61/1","geometry":{"type":"Polygon","coordinates":[[[17.0362344120743,52.2420921051043],[17.0364000308093,52.2420490924088],[17.0366627591026,52.2418569701526],[17.0367249892481,52.2419034246466],[17.0380088523479,52.2433563191588],[17.0374717470632,52.2435272479072],[17.0373130579834,52.2433432278865],[17.0371543702033,52.2431592076422],[17.0369956837367,52.2429751871923],[17.0367818674382,52.2427271715368],[17.0365700562484,52.2424813289605],[17.0362344120743,52.2420921051043]]]},"properties":{"case_id":"ST-WK-PO/WNIOSEK/1990/2026","source_type":"wniosek_decyzja","received_date":"2026-02-03","decision_date":"2026-04-28","status":"decyzja wydana","description":"dot. budowy budynku mieszkalnego jednorodzinnego \"DOM W JEŻYNACH 5\" (kat. I)","address":"Czołowo","city":"Czołowo","office":"Starosta Powiatu Poznań","case_kind":"Budynek mieszkalny jednorodzinny","parcel_ids":["302109_5.0006.61/1"],"location_quality":"dokładny","gunb_url":"https://wyszukiwarka.gunb.gov.pl/","parcel_count":1,"parcel_shard":"x068-y208","parcel_id":"302109_5.0006.61/1","location_source":"powiat poznański (wfs)"}},{"type":"Feature","id":"ST-WK-PO/WNIOSEK/20565/2025::302109_5.0009.274/24","geometry":{"type":"Polygon","coordinates":[[[17.102120356741,52.2490906035425],[17.1025410496919,52.249352835118],[17.1025821202382,52.2493784933429],[17.1023207630284,52.2495364018411],[17.1018995778427,52.2492738687483],[17.102120356741,52.2490906035425]]]},"properties":{"case_id":"ST-WK-PO/WNIOSEK/20565/2025","source_type":"wniosek_decyzja","received_date":"2025-10-08","decision_date":"2026-01-16","status":"decyzja wydana","description":"dot. budowy budynku usługowego","address":"Dziećmierowo","city":"Dziećmierowo","office":"Starosta Powiatu Poznań","case_kind":"Obiekt budowlany inny niż budynek mieszkalny jednorodzinny","parcel_ids":["302109_5.0009.274/24"],"location_quality":"dokładny","gunb_url":"https://wyszukiwarka.gunb.gov.pl/","parcel_count":1,"parcel_shard":"x068-y208","parcel_id":"302109_5.0009.274/24","location_source":"powiat poznański (wfs)"}},{"type":"Feature","id":"ST-WK-PO/WNIOSEK/3210/2026::302109_5.0009.293/11","geometry":{"type":"Polygon","coordinates":[[[17.1068935372203,52.2489192789905],[17.1065666982098,52.2487148467666],[17.1059935816903,52.2483562930109],[17.1042914966325,52.2472913515345],[17.1045963840954,52.2470140493684],[17.1045623509734,52.246718896605],[17.1062259913695,52.2467960374397],[17.1073927508602,52.2475218859717],[17.1079521831082,52.2478693090862],[17.1079267942498,52.2480889043348],[17.1078910806795,52.2482409431115],[17.1078217847444,52.2483732403961],[17.1077011736959,52.2484995239552],[17.1076237764113,52.248567042972],[17.1070258619412,52.2488553442816],[17.1068935372203,52.2489192789905]]]},"properties":{"case_id":"ST-WK-PO/WNIOSEK/3210/2026","source_type":"wniosek_decyzja","received_date":"2026-02-20","decision_date":"2026-04-28","status":"decyzja wydana","description":"[e-Dor] dot. budowy portierni wraz z utwardzeniem i infrastrukturą towarzyszącą dla obsługi zakładu produkcyjnego","address":"Średzka 19, Kórnik","city":"Kórnik","office":"Starosta Powiatu Poznań","case_kind":"Obiekt budowlany inny niż budynek mieszkalny jednorodzinny","parcel_ids":["302109_5.0009.293/11"],"location_quality":"dokładny","gunb_url":"https://wyszukiwarka.gunb.gov.pl/","parcel_count":1,"parcel_shard":"x068-y208","parcel_id":"302109_5.0009.293/11","location_source":"powiat poznański (wfs)"}},{"type":"Feature","id":"ST-WK-PO/WNIOSEK/4618/2026::302109_5.0012.198/9","geometry":{"type":"Polygon","coordinates":[[[17.0362419727034,52.2312674593477],[17.0364749790313,52.2314040021509],[17.0361010397997,52.2316445242316],[17.0358681777846,52.2315080717574],[17.0362419727034,52.2312674593477]]]},"properties":{"case_id":"ST-WK-PO/WNIOSEK/4618/2026","source_type":"wniosek_decyzja","received_date":"2025-12-22","decision_date":"2026-03-13","status":"decyzja wydana","description":"dot. wniosku o wydanie pozwolenia na budowę budynku mieszkalnego jednorodzinnego","address":"Konarskie","city":"Konarskie","office":"Starosta Powiatu Poznań","case_kind":"Budynek mieszkalny jednorodzinny","parcel_ids":["302109_5.0012.198/9"],"location_quality":"dokładny","gunb_url":"https://wyszukiwarka.gunb.gov.pl/","parcel_count":1,"parcel_shard":"x068-y208","parcel_id":"302109_5.0012.198/9","location_source":"powiat poznański (wfs)"}},{"type":"Feature","id":"ST-WK-PO/WNIOSEK/23661/2025::302109_5.0012.21/14","geometry":{"type":"Polygon","coordinates":[[[17.011018079842,52.2243825502188],[17.0112968841637,52.2240320955395],[17.0116254917988,52.2241307485105],[17.0113546640536,52.2244712041501],[17.011018079842,52.2243825502188]]]},"properties":{"case_id":"ST-WK-PO/WNIOSEK/23661/2025","source_type":"wniosek_decyzja","received_date":"2025-11-20","decision_date":"2026-01-14","status":"decyzja wydana","description":"Wniosek o wydanie decyzji o zmianie pozwolenia na budowę budynku mieszkalnego nr. 2725/25 z dnia 04.09.2025r. (AB.6740.10.163.2025.XIV) - budowa budynku mieszkalnego jednorodzinnego wolnostojącego oraz szczelnego zbiornika bezodpływowego i własnego ujęcia wody","address":"Konarskie","city":"Konarskie","office":"Starosta Powiatu Poznań","case_kind":"Budynek mieszkalny jednorodzinny","parcel_ids":["302109_5.0012.21/14"],"location_quality":"dokładny","gunb_url":"https://wyszukiwarka.gunb.gov.pl/","parcel_count":1,"parcel_shard":"x068-y208","parcel_id":"302109_5.0012.21/14","location_source":"powiat poznański (wfs)"}},{"type":"Feature","id":"ST-WK-PO/WNIOSEK/24411/2025::302109_5.0012.216/13","geometry":{"type":"Polygon","coordinates":[[[17.0542736658146,52.2288749405656],[17.0545133925883,52.2290407276436],[17.054136311853,52.2292463448579],[17.0538979645371,52.229087833435],[17.0542736658146,52.2288749405656]]]},"properties":{"case_id":"ST-WK-PO/WNIOSEK/24411/2025","source_type":"wniosek_decyzja","received_date":"2025-12-01","decision_date":"2026-03-24","status":"decyzja wydana","description":"Wniosek o pozwolenie na budowę budynku mieszkalnego jednorodzinnego wolnostojącego","address":"Konarskie","city":"Konarskie","office":"Starosta Powiatu Poznań","case_kind":"Budynek mieszkalny jednorodzinny","parcel_ids":["302109_5.0012.216/13"],"location_quality":"dokładny","gunb_url":"https://wyszukiwarka.gunb.gov.pl/","parcel_count":1,"parcel_shard":"x068-y208","parcel_id":"302109_5.0012.216/13","location_source":"powiat poznański (wfs)"}},{"type":"Feature","id":"ST-WK-PO/WNIOSEK/17890/2025::302109_5.0012.253/1","geometry":{"type":"Polygon","coordinates":[[[17.0518077661154,52.2230791144],[17.0519169050026,52.2232992581993],[17.0519510018067,52.2233680925396],[17.0515973763794,52.2234342109383],[17.0515295726304,52.2233840704125],[17.0512567271107,52.2231821769367],[17.0518077661154,52.2230791144]]]},"properties":{"case_id":"ST-WK-PO/WNIOSEK/17890/2025","source_type":"wniosek_decyzja","received_date":"2025-09-02","decision_date":"2025-11-26","status":"decyzja wydana","description":"dot. wniosku o pozwolenie na budowę budynku gospodarczo-garażowego wraz z niezbędnymi instalacjami, zbiornikiem na nieczystości ciekłe i studnią","address":"Konarskie","city":"Konarskie","office":"Starosta Powiatu Poznań","case_kind":"Obiekt budowlany inny niż budynek mieszkalny jednorodzinny","parcel_ids":["302109_5.0012.253/1"],"location_quality":"dokładny","gunb_url":"https://wyszukiwarka.gunb.gov.pl/","parcel_count":1,"parcel_shard":"x068-y208","parcel_id":"302109_5.0012.253/1","location_source":"powiat poznański (wfs)"}},{"type":"Feature","id":"ST-WK-PO/WNIOSEK/17883/2025::302109_5.0012.253/2","geometry":{"type":"Polygon","coordinates":[[[17.0519510018067,52.2233680925396],[17.0521472471802,52.2233313304852],[17.0522173141438,52.2233442298956],[17.0523746053367,52.22346057981],[17.0519355222713,52.2236844547387],[17.0517796106039,52.2235690873371],[17.0515973763794,52.2234342109383],[17.0519510018067,52.2233680925396]]]},"properties":{"case_id":"ST-WK-PO/WNIOSEK/17883/2025","source_type":"wniosek_decyzja","received_date":"2025-09-02","decision_date":"2025-12-01","status":"decyzja wydana","description":"dot. wniosku o pozwolenie na budowę budynku gospodarczo-garażowego i wiaty ogrodowej","address":"Konarskie","city":"Konarskie","office":"Starosta Powiatu Poznań","case_kind":"Obiekt budowlany inny niż budynek mieszkalny jednorodzinny","parcel_ids":["302109_5.0012.253/2"],"location_quality":"dokładny","gunb_url":"https://wyszukiwarka.gunb.gov.pl/","parcel_count":1,"parcel_shard":"x068-y208","parcel_id":"302109_5.0012.253/2","location_source":"powiat poznański (wfs)"}},{"type":"Feature","id":"ST-WK-PO/WNIOSEK/914/2026::302109_5.0012.318/3","geometry":{"type":"Polygon","coordinates":[[[17.0259162654017,52.2312804855747],[17.026237432764,52.2309588477777],[17.0265211194206,52.2310656286836],[17.0261848353945,52.2314025120434],[17.0261552968418,52.2313944487545],[17.0260967441702,52.231378440518],[17.0259162654017,52.2312804855747]]]},"properties":{"case_id":"ST-WK-PO/WNIOSEK/914/2026","source_type":"wniosek_decyzja","received_date":"2026-01-16","decision_date":"2026-03-25","status":"decyzja wydana","description":"dot. budowy budynku mieszkalnego jednorodzinnego wraz ze zbiornikiem bezodpływowym oraz własnym ujęciem wody - studnia","address":"Konarskie","city":"Konarskie","office":"Starosta Powiatu Poznań","case_kind":"Budynek mieszkalny jednorodzinny","parcel_ids":["302109_5.0012.318/3"],"location_quality":"dokładny","gunb_url":"https://wyszukiwarka.gunb.gov.pl/","parcel_count":1,"parcel_shard":"x068-y208","parcel_id":"302109_5.0012.318/3","location_source":"powiat poznański (wfs)"}},{"type":"Feature","id":"ST-WK-PO/WNIOSEK/3365/2026::302109_5.0012.338/14","geometry":{"type":"Polygon","coordinates":[[[17.0300711902801,52.2359230377573],[17.0301631666107,52.2358674386669],[17.0303673085357,52.2357433734875],[17.0306530478245,52.2359324913057],[17.0304289194034,52.2360600778837],[17.0303479838429,52.236106150707],[17.0300711902801,52.2359230377573]]]},"properties":{"case_id":"ST-WK-PO/WNIOSEK/3365/2026","source_type":"wniosek_decyzja","received_date":"2025-11-12","decision_date":"2026-02-25","status":"decyzja wydana","description":"dot. budowy 11 budynków mieszkalnych jednorodzinnych dwulokalowych, 22 zbiorników bezodpływowych i drogi dojazdowej,","address":"Konarskie","city":"Konarskie","office":"Starosta Powiatu Poznań","case_kind":"Budynek mieszkalny jednorodzinny","parcel_ids":["302109_5.0012.334/15","302109_5.0012.334/16","302109_5.0012.334/18","302109_5.0012.334/19","302109_5.0012.334/21","302109_5.0012.334/22","302109_5.0012.334/23","302109_5.0012.334/24","302109_5.0012.334/25","302109_5.0012.334/26","302109_5.0012.334/27","302109_5.0012.334/28","302109_5.0012.334/30","302109_5.0012.334/31","302109_5.0012.334/32","302109_5.0012.334/33","302109_5.0012.334/34","302109_5.0012.338/14"],"location_quality":"dokładny","gunb_url":"https://wyszukiwarka.gunb.gov.pl/","parcel_count":1,"parcel_shard":"x068-y208","parcel_id":"302109_5.0012.338/14","location_source":"powiat poznański (wfs)"}},{"type":"Feature","id":"ST-WK-PO/WNIOSEK/25646/2025::302109_5.0012.35/131","geometry":{"type":"Polygon","coordinates":[[[17.0289622314031,52.2311411928648],[17.0286870229176,52.2314169279113],[17.0286497083141,52.2314029590516],[17.0284269939608,52.2313190653691],[17.0287023497803,52.2310433321208],[17.0289622314031,52.2311411928648]]]},"properties":{"case_id":"ST-WK-PO/WNIOSEK/25646/2025","source_type":"wniosek_decyzja","received_date":"2025-12-18","decision_date":"2026-03-03","status":"decyzja wydana","description":"[ePUAP] dot. budowy budynku mieszkalnego jednorodzinnego wolnostojącego wraz z bezodpływowym zbiornikiem na nieczystości ciekłe, syudnią**Kórnik; Konarskie;dz. 35/131","address":"Konarskie","city":"Konarskie","office":"Starosta Powiatu Poznań","case_kind":"Budynek mieszkalny jednorodzinny","parcel_ids":["302109_5.0012.35/131"],"location_quality":"dokładny","gunb_url":"https://wyszukiwarka.gunb.gov.pl/","parcel_count":1,"parcel_shard":"x068-y208","parcel_id":"302109_5.0012.35/131","location_source":"powiat poznański (wfs)"}},{"type":"Feature","id":"ST-WK-PO/WNIOSEK/3578/2026::302109_5.0012.35/138","geometry":{"type":"Polygon","coordinates":[[[17.0286364101881,52.2317774703123],[17.028911771512,52.2315015568821],[17.0289470510678,52.231514879759],[17.0291738339218,52.2316002440002],[17.0288984755549,52.2318760681795],[17.0286364101881,52.2317774703123]]]},"properties":{"case_id":"ST-WK-PO/WNIOSEK/3578/2026","source_type":"wniosek_decyzja","received_date":"2026-02-26","decision_date":"2026-05-19","status":"decyzja wydana","description":"dot. budowy budynku mieszkalnego jednorodzinnego, szczelnego zbiornika bezodpływowego i studni","address":"Konarskie","city":"Konarskie","office":"Starosta Powiatu Poznań","case_kind":"Budynek mieszkalny jednorodzinny","parcel_ids":["302109_5.0012.35/138"],"location_quality":"dokładny","gunb_url":"https://wyszukiwarka.gunb.gov.pl/","parcel_count":1,"parcel_shard":"x068-y208","parcel_id":"302109_5.0012.35/138","location_source":"powiat poznański (wfs)"}},{"type":"Feature","id":"ST-WK-PO/WNIOSEK/21920/2025::302109_5.0012.35/20","geometry":{"type":"Polygon","coordinates":[[[17.0269866693758,52.2319998175736],[17.027262040311,52.2317239979261],[17.0273373911552,52.2317523918771],[17.0275178581379,52.2318203003744],[17.0272424881756,52.2320961206248],[17.0269866693758,52.2319998175736]]]},"properties":{"case_id":"ST-WK-PO/WNIOSEK/21920/2025","source_type":"wniosek_decyzja","received_date":"2025-10-24","decision_date":"2026-02-23","status":"decyzja wydana","description":"dot. budowy budynku mieszkalnego jednorodzinnego wolnostojącego wraz z infrastrukturą towarzyszącą","address":"Konarskie","city":"Konarskie","office":"Starosta Powiatu Poznań","case_kind":"Budynek mieszkalny jednorodzinny","parcel_ids":["302109_5.0012.35/20"],"location_quality":"dokładny","gunb_url":"https://wyszukiwarka.gunb.gov.pl/","parcel_count":1,"parcel_shard":"x068-y208","parcel_id":"302109_5.0012.35/20","location_source":"powiat poznański (wfs)"}},{"type":"Feature","id":"ST-WK-PO/WNIOSEK/11459/2026::302109_5.0012.51/92","geometry":{"type":"Polygon","coordinates":[[[17.0302412100525,52.2370824502153],[17.0307725598173,52.2374017542938],[17.0305592603217,52.2375225092588],[17.030472287154,52.2375230532433],[17.0300064019957,52.2372698084024],[17.0302412100525,52.2370824502153]]]},"properties":{"case_id":"ST-WK-PO/WNIOSEK/11459/2026","source_type":"wniosek_decyzja","received_date":"2026-06-16","decision_date":"2026-08-27","status":"decyzja wydana","description":"dot. budowy budynku mieszkalnego jednorodzinnego wolnostojącego wraz ze szczelnym zbiornikiem na nieczystości ciekłe (szambo)","address":"Konarskie","city":"Konarskie","office":"Starosta Powiatu Poznań","case_kind":"Budynek mieszkalny jednorodzinny","parcel_ids":["302109_5.0012.51/92"],"location_quality":"dokładny","gunb_url":"https://wyszukiwarka.gunb.gov.pl/","parcel_count":1,"parcel_shard":"x068-y208","parcel_id":"302109_5.0012.51/92","location_source":"powiat poznański (wfs)"}},{"type":"Feature","id":"ST-WK-PO/WNIOSEK/1839/2026::302109_5.0012.55/68","geometry":{"type":"Polygon","coordinates":[[[17.0263952282581,52.2279479925745],[17.0262472970391,52.2282602746031],[17.0258975250664,52.2281977977952],[17.0260457649511,52.2278848895769],[17.0263952282581,52.2279479925745]]]},"properties":{"case_id":"ST-WK-PO/WNIOSEK/1839/2026","source_type":"wniosek_decyzja","received_date":"2026-02-02","decision_date":"2026-04-01","status":"decyzja wydana","description":"dot. budowy budynku mieszkalnego jednorodzinnego dwulokalowego, dwóch zbiorników bezodpływowych na nieczystości ciekłe oraz dwóch studni","address":"Konarskie","city":"Konarskie","office":"Starosta Powiatu Poznań","case_kind":"Budynek mieszkalny jednorodzinny","parcel_ids":["302109_5.0012.55/68"],"location_quality":"dokładny","gunb_url":"https://wyszukiwarka.gunb.gov.pl/","parcel_count":1,"parcel_shard":"x068-y208","parcel_id":"302109_5.0012.55/68","location_source":"powiat poznański (wfs)"}},{"type":"Feature","id":"ST-WK-PO/WNIOSEK/4757/2026::302109_5.0016.42/8","geometry":{"type":"Polygon","coordinates":[[[17.1260412365011,52.1963877617678],[17.126837498139,52.196551755832],[17.1268189855706,52.1965858631608],[17.1267176477645,52.1967712549282],[17.1265737693342,52.1967410805412],[17.1259645524187,52.1966136017956],[17.1260412365011,52.1963877617678]]]},"properties":{"case_id":"ST-WK-PO/WNIOSEK/4757/2026","source_type":"wniosek_decyzja","received_date":"2026-03-13","decision_date":"2026-05-05","status":"decyzja wydana","description":"wniosku o pozwolenie na budowę budynku mieszkalnego jednorodzinnego wolnostojącego z infrastrukturą towarzyszącą - kat. I oraz budowa zbiornika b/o na nieczystości ciekłe - kat. VIII","address":"Prusinowo","city":"Prusinowo","office":"Starosta Powiatu Poznań","case_kind":"Budynek mieszkalny jednorodzinny","parcel_ids":["302109_5.0016.42/8"],"location_quality":"dokładny","gunb_url":"https://wyszukiwarka.gunb.gov.pl/","parcel_count":1,"parcel_shard":"x068-y208","parcel_id":"302109_5.0016.42/8","location_source":"powiat poznański (wfs)"}},{"type":"Feature","id":"ST-WK-PO/WNIOSEK/18415/2025::302109_5.0016.47/3","geometry":{"type":"Polygon","coordinates":[[[17.1271117275565,52.195678981587],[17.1272470398843,52.19549869428],[17.1276797652229,52.1956212549404],[17.1275685285651,52.1957746668211],[17.1271117275565,52.195678981587]]]},"properties":{"case_id":"ST-WK-PO/WNIOSEK/18415/2025","source_type":"wniosek_decyzja","received_date":"2025-09-10","decision_date":"2025-11-07","status":"decyzja wydana","description":"dot. budowy budynku mieszkalnego jednorodzinnego","address":"Prusinowo","city":"Prusinowo","office":"Starosta Powiatu Poznań","case_kind":"Budynek mieszkalny jednorodzinny","parcel_ids":["302109_5.0016.47/3"],"location_quality":"dokładny","gunb_url":"https://wyszukiwarka.gunb.gov.pl/","parcel_count":1,"parcel_shard":"x068-y208","parcel_id":"302109_5.0016.47/3","location_source":"powiat poznański (wfs)"}},{"type":"Feature","id":"ST-WK-PO/WNIOSEK/2459/2026::302109_5.0016.50/10","geometry":{"type":"Polygon","coordinates":[[[17.1272483244194,52.195210048821],[17.1274589151712,52.1949905441172],[17.1277256737935,52.1950872264485],[17.1275150838757,52.1953067316153],[17.1274177873107,52.1952714818059],[17.1272483244194,52.195210048821]]]},"properties":{"case_id":"ST-WK-PO/WNIOSEK/2459/2026","source_type":"wniosek_decyzja","received_date":"2026-02-10","decision_date":"2026-05-21","status":"decyzja wydana","description":"dot. budowy budynku mieszkalnego jednorodzinnego z garażem","address":"Prusinowo","city":"Prusinowo","office":"Starosta Powiatu Poznań","case_kind":"Budynek mieszkalny jednorodzinny","parcel_ids":["302109_5.0016.50/10"],"location_quality":"dokładny","gunb_url":"https://wyszukiwarka.gunb.gov.pl/","parcel_count":1,"parcel_shard":"x068-y208","parcel_id":"302109_5.0016.50/10","location_source":"powiat poznański (wfs)"}},{"type":"Feature","id":"ST-WK-PO/WNIOSEK/7462/2026::302109_5.0016.50/28","geometry":{"type":"Polygon","coordinates":[[[17.1276154102805,52.1949638453076],[17.1277917315193,52.1947804451165],[17.1279722500309,52.1948458638876],[17.1277962199845,52.1950293563744],[17.1276154102805,52.1949638453076]]]},"properties":{"case_id":"ST-WK-PO/WNIOSEK/7462/2026","source_type":"wniosek_decyzja","received_date":"2026-04-21","decision_date":"2026-06-29","status":"decyzja wydana","description":"budowa budynku mieszkalnego jednorodzinnego","address":"Osiedle nad Jeziorem, Prusinowo","city":"Prusinowo","office":"Starosta Powiatu Poznań","case_kind":"Budynek mieszkalny jednorodzinny","parcel_ids":["302109_5.0016.50/28","302109_5.0016.50/29"],"location_quality":"dokładny","gunb_url":"https://wyszukiwarka.gunb.gov.pl/","parcel_count":2,"parcel_shard":"x068-y208","parcel_id":"302109_5.0016.50/28","location_source":"powiat poznański (wfs)"}},{"type":"Feature","id":"ST-WK-PO/WNIOSEK/7462/2026::302109_5.0016.50/29","geometry":{"type":"Polygon","coordinates":[[[17.1277962199845,52.1950293563744],[17.1279722500309,52.1948458638876],[17.1281703407186,52.1949177038269],[17.1281331662577,52.1949563472458],[17.1281961937726,52.1949792829709],[17.1280942569519,52.1950852696377],[17.127994222742,52.1951011150761],[17.1277962199845,52.1950293563744]]]},"properties":{"case_id":"ST-WK-PO/WNIOSEK/7462/2026","source_type":"wniosek_decyzja","received_date":"2026-04-21","decision_date":"2026-06-29","status":"decyzja wydana","description":"budowa budynku mieszkalnego jednorodzinnego","address":"Osiedle nad Jeziorem, Prusinowo","city":"Prusinowo","office":"Starosta Powiatu Poznań","case_kind":"Budynek mieszkalny jednorodzinny","parcel_ids":["302109_5.0016.50/28","302109_5.0016.50/29"],"location_quality":"dokładny","gunb_url":"https://wyszukiwarka.gunb.gov.pl/","parcel_count":2,"parcel_shard":"x068-y208","parcel_id":"302109_5.0016.50/29","location_source":"powiat poznański (wfs)"}},{"type":"Feature","id":"ST-WK-PO/ZGŁOSZENIE/2837/2025::302109_5.0017.110/32","geometry":{"type":"Polygon","coordinates":[[[17.0264817941705,52.2072788145893],[17.0266158728197,52.2071752996301],[17.026630789425,52.2072358224239],[17.0268776727676,52.2073395135059],[17.0271474624977,52.2074528303813],[17.0274172536106,52.2075661466335],[17.027693132767,52.2076821189656],[17.0279690172747,52.2077979109268],[17.0282447549845,52.2079137909114],[17.0285215102311,52.2080300381437],[17.0287984132165,52.2081462859332],[17.0290751694008,52.2082626217422],[17.029352945105,52.2083792349183],[17.0296307203029,52.2084959373125],[17.0299086412961,52.2086127301267],[17.0301874355486,52.2087297990944],[17.0304660849905,52.2088468662057],[17.0307450284519,52.2089639350632],[17.031024695028,52.2090814586014],[17.0313045093487,52.2091989826797],[17.0315843251562,52.2093165061069],[17.0318650123147,52.2094343955266],[17.0321458472438,52.2095522854809],[17.032426681719,52.2096702646393],[17.0327083875701,52.2097886097883],[17.0329902412042,52.209906955466],[17.0332722406732,52.2100253915405],[17.0335549672167,52.210144102528],[17.0338378396064,52.2102629039074],[17.0341207115685,52.2103817944725],[17.0344044588359,52.210500871286],[17.0346884963239,52.2106201295328],[17.0349725353141,52.2107393871081],[17.0352236609701,52.2108448928459],[17.0354747878241,52.2109503980592],[17.0357260641001,52.2110558140643],[17.0359771933504,52.2111613182105],[17.036228470064,52.2112668230256],[17.0364155142383,52.2113453779868],[17.0365231012006,52.2113364594376],[17.0366815629514,52.2112212679929],[17.0369176194743,52.2110970025177],[17.0370315826142,52.2111450298819],[17.0369129955436,52.2112296283362],[17.0366303683279,52.2113829045439],[17.036635907832,52.2114379565975],[17.0370013001488,52.211591398734],[17.0373395818184,52.2117333835249],[17.037677719349,52.2118753661538],[17.037944084311,52.2119871920616],[17.0382104486809,52.2120991072305],[17.0384766700544,52.2122109307494],[17.0387430390429,52.2123227548692],[17.0390088300413,52.21243430403],[17.0392744760816,52.2125458514041],[17.0395402697469,52.212657399372],[17.039806062802,52.2127690366124],[17.0400746135127,52.2128817742433],[17.0400099649796,52.2129417378914],[17.0399371730489,52.2129111256671],[17.0379078546575,52.2120590706929],[17.0376179982448,52.2119374359289],[17.0373281453676,52.211815710597],[17.0358786141671,52.2112069810815],[17.0355886245414,52.211085250308],[17.0347191021001,52.2107201472196],[17.0344291188285,52.2105984136225],[17.0341391391009,52.2104765894479],[17.0338493052845,52.2103548556396],[17.0335594730786,52.2102331211149],[17.0332696424532,52.2101113858914],[17.0329798134087,52.2099896499602],[17.0326898396849,52.2098679121144],[17.0324000138172,52.2097461747676],[17.0321101895593,52.2096244367225],[17.0318203668826,52.2095026979606],[17.0315305457868,52.209380958491],[17.0312405800129,52.2092592171232],[17.0309507620939,52.2091374762381],[17.0306609457845,52.2090157346548],[17.0303711310414,52.2088939923635],[17.0300813159527,52.208772339234],[17.02979106947,52.2086504121849],[17.0295012595147,52.2085286677793],[17.0293564282635,52.2084677959065],[17.0292114511407,52.2084069226571],[17.0290664744168,52.2083460492328],[17.0289216443616,52.2082851768364],[17.0287768147055,52.2082243042566],[17.0286318391638,52.2081634302992],[17.0284868640358,52.2081025561672],[17.0283418892921,52.2080416818602],[17.0281970612161,52.207980808582],[17.0280520872706,52.2079199339166],[17.0277622868445,52.2077981852656],[17.0274724880138,52.2076764359073],[17.0271826888025,52.2075547757103],[17.0268927468806,52.2074330237319],[17.0265575776149,52.207292202801],[17.0264505777704,52.2073013867283],[17.0264817941705,52.2072788145893]]]},"properties":{"case_id":"ST-WK-PO/ZGŁOSZENIE/2837/2025","source_type":"zgloszenie","received_date":"2025-09-09","decision_date":null,"status":"Brak sprzeciwu","description":"dot. zgłoszenia budowy elektroenergetycznej linii kablowej nN 0,4kV ze złączami","address":"Radzewo","city":"Radzewo","office":"Starosta Powiatu Poznań","case_kind":"budowa nowego/nowych obiektów budowlanych","parcel_ids":["302109_5.0017.110/32","302109_5.0017.433/62","302109_5.0017.433/63","302109_5.0017.433/64","302109_5.0017.433/65"],"location_quality":"dokładny","gunb_url":"https://wyszukiwarka.gunb.gov.pl/","parcel_count":5,"parcel_shard":"x068-y208","parcel_id":"302109_5.0017.110/32","location_source":"powiat poznański (wfs)"}},{"type":"Feature","id":"ST-WK-PO/ZGŁOSZENIE/2837/2025::302109_5.0017.433/62","geometry":{"type":"Polygon","coordinates":[[[17.0277622868445,52.2077981852656],[17.0275335210279,52.2080103059111],[17.027350705453,52.2079337489563],[17.0272434210474,52.2078889130346],[17.0274724880138,52.2076764359073],[17.0277622868445,52.2077981852656]]]},"properties":{"case_id":"ST-WK-PO/ZGŁOSZENIE/2837/2025","source_type":"zgloszenie","received_date":"2025-09-09","decision_date":null,"status":"Brak sprzeciwu","description":"dot. zgłoszenia budowy elektroenergetycznej linii kablowej nN 0,4kV ze złączami","address":"Radzewo","city":"Radzewo","office":"Starosta Powiatu Poznań","case_kind":"budowa nowego/nowych obiektów budowlanych","parcel_ids":["302109_5.0017.110/32","302109_5.0017.433/62","302109_5.0017.433/63","302109_5.0017.433/64","302109_5.0017.433/65"],"location_quality":"dokładny","gunb_url":"https://wyszukiwarka.gunb.gov.pl/","parcel_count":5,"parcel_shard":"x068-y208","parcel_id":"302109_5.0017.433/62","location_source":"powiat poznański (wfs)"}},{"type":"Feature","id":"ST-WK-PO/ZGŁOSZENIE/2837/2025::302109_5.0017.433/63","geometry":{"type":"Polygon","coordinates":[[[17.0274724880138,52.2076764359073],[17.0272434210474,52.2078889130346],[17.0269931891107,52.207784296318],[17.0269531763769,52.2077675182441],[17.0271826888025,52.2075547757103],[17.0274724880138,52.2076764359073]]]},"properties":{"case_id":"ST-WK-PO/ZGŁOSZENIE/2837/2025","source_type":"zgloszenie","received_date":"2025-09-09","decision_date":null,"status":"Brak sprzeciwu","description":"dot. zgłoszenia budowy elektroenergetycznej linii kablowej nN 0,4kV ze złączami","address":"Radzewo","city":"Radzewo","office":"Starosta Powiatu Poznań","case_kind":"budowa nowego/nowych obiektów budowlanych","parcel_ids":["302109_5.0017.110/32","302109_5.0017.433/62","302109_5.0017.433/63","302109_5.0017.433/64","302109_5.0017.433/65"],"location_quality":"dokładny","gunb_url":"https://wyszukiwarka.gunb.gov.pl/","parcel_count":5,"parcel_shard":"x068-y208","parcel_id":"302109_5.0017.433/63","location_source":"powiat poznański (wfs)"}},{"type":"Feature","id":"ST-WK-PO/ZGŁOSZENIE/2837/2025::302109_5.0017.433/64","geometry":{"type":"Polygon","coordinates":[[[17.0271826888025,52.2075547757103],[17.0269531763769,52.2077675182441],[17.0266629332992,52.207646122753],[17.0268927468806,52.2074330237319],[17.0271826888025,52.2075547757103]]]},"properties":{"case_id":"ST-WK-PO/ZGŁOSZENIE/2837/2025","source_type":"zgloszenie","received_date":"2025-09-09","decision_date":null,"status":"Brak sprzeciwu","description":"dot. zgłoszenia budowy elektroenergetycznej linii kablowej nN 0,4kV ze złączami","address":"Radzewo","city":"Radzewo","office":"Starosta Powiatu Poznań","case_kind":"budowa nowego/nowych obiektów budowlanych","parcel_ids":["302109_5.0017.110/32","302109_5.0017.433/62","302109_5.0017.433/63","302109_5.0017.433/64","302109_5.0017.433/65"],"location_quality":"dokładny","gunb_url":"https://wyszukiwarka.gunb.gov.pl/","parcel_count":5,"parcel_shard":"x068-y208","parcel_id":"302109_5.0017.433/64","location_source":"powiat poznański (wfs)"}},{"type":"Feature","id":"ST-WK-PO/ZGŁOSZENIE/2837/2025::302109_5.0017.433/65","geometry":{"type":"Polygon","coordinates":[[[17.0268927468806,52.2074330237319],[17.0266629332992,52.207646122753],[17.026636548894,52.2076350295785],[17.0262269924629,52.2074637537631],[17.0262275357436,52.2074628179993],[17.0264505777704,52.2073013867283],[17.0265575776149,52.207292202801],[17.0268927468806,52.2074330237319]]]},"properties":{"case_id":"ST-WK-PO/ZGŁOSZENIE/2837/2025","source_type":"zgloszenie","received_date":"2025-09-09","decision_date":null,"status":"Brak sprzeciwu","description":"dot. zgłoszenia budowy elektroenergetycznej linii kablowej nN 0,4kV ze złączami","address":"Radzewo","city":"Radzewo","office":"Starosta Powiatu Poznań","case_kind":"budowa nowego/nowych obiektów budowlanych","parcel_ids":["302109_5.0017.110/32","302109_5.0017.433/62","302109_5.0017.433/63","302109_5.0017.433/64","302109_5.0017.433/65"],"location_quality":"dokładny","gunb_url":"https://wyszukiwarka.gunb.gov.pl/","parcel_count":5,"parcel_shard":"x068-y208","parcel_id":"302109_5.0017.433/65","location_source":"powiat poznański (wfs)"}},{"type":"Feature","id":"ST-WK-PO/WNIOSEK/18830/2025::302109_5.0017.110/58","geometry":{"type":"Polygon","coordinates":[[[17.0325020021608,52.2092337932611],[17.0321458472438,52.2095522854809],[17.0318650123147,52.2094343955266],[17.0322217612072,52.2091155494876],[17.0325020021608,52.2092337932611]]]},"properties":{"case_id":"ST-WK-PO/WNIOSEK/18830/2025","source_type":"wniosek_decyzja","received_date":"2025-09-15","decision_date":"2025-11-04","status":"decyzja wydana","description":"zmiana decyzji nr 1099/23 z dnia 04.05.2023 znak AB.6740.10.93.2023 dot. budowy 10 budynków mieszkalnych jednorodzinnych dwulokalowych w zabudowie bliźniaczej oraz 20 zbiorników bezodpływowych na ścieki","address":"Radzewo","city":"Radzewo","office":"Starosta Powiatu Poznań","case_kind":"Budynek mieszkalny jednorodzinny","parcel_ids":["302109_5.0017.110/58"],"location_quality":"dokładny","gunb_url":"https://wyszukiwarka.gunb.gov.pl/","parcel_count":1,"parcel_shard":"x068-y208","parcel_id":"302109_5.0017.110/58","location_source":"powiat poznański (wfs)"}},{"type":"Feature","id":"ST-WK-PO/WNIOSEK/24291/2025::302109_5.0017.110/75","geometry":{"type":"Polygon","coordinates":[[[17.0400746135127,52.2128817742433],[17.039806062802,52.2127690366124],[17.0401499706233,52.2124607581764],[17.0404100993431,52.2125704604928],[17.0400746135127,52.2128817742433]]]},"properties":{"case_id":"ST-WK-PO/WNIOSEK/24291/2025","source_type":"wniosek_decyzja","received_date":"2025-11-28","decision_date":"2026-07-16","status":"decyzja wydana","description":"dot. zmiany decyzji pozwolenia n a budowę nr 536/24 z dn.21.02.2024 (AB.6740.10.414.2023) - budowa zespołu 10 budynków mieszkalnych jednorodzinnych dwulokalolwych w zabudowie bliźniaczej z dobudowanymi garażami wraz z 20 zb. na ścieki","address":"Radzewo","city":"Radzewo","office":"Starosta Powiatu Poznań","case_kind":"Budynek mieszkalny jednorodzinny","parcel_ids":["302109_5.0017.110/75"],"location_quality":"dokładny","gunb_url":"https://wyszukiwarka.gunb.gov.pl/","parcel_count":1,"parcel_shard":"x068-y208","parcel_id":"302109_5.0017.110/75","location_source":"powiat poznański (wfs)"}},{"type":"Feature","id":"ST-WK-PO/WNIOSEK/18832/2025::302109_5.0017.112/22","geometry":{"type":"Polygon","coordinates":[[[17.0370315826142,52.2111450298819],[17.037376327507,52.2108998623237],[17.0374841960744,52.210891394606],[17.0377031209908,52.210984228905],[17.0373654937411,52.2112859902668],[17.037349690231,52.2112793000742],[17.0370315826142,52.2111450298819]]]},"properties":{"case_id":"ST-WK-PO/WNIOSEK/18832/2025","source_type":"wniosek_decyzja","received_date":"2025-09-15","decision_date":"2025-11-04","status":"decyzja wydana","description":"zmiana decyzji nr 2844/23 z dnia 10.10.2023 r. znak AB.6740.10.202.2023 r. dot. budowy 24 budynków mieszkalnych jednorodzinnych dwulokalowych w zabudowie bliźniaczej oraz 48 zbiorników bezodpływowych na ścieki","address":"Radzewo","city":"Radzewo","office":"Starosta Powiatu Poznań","case_kind":"Budynek mieszkalny jednorodzinny","parcel_ids":["302109_5.0017.112/22"],"location_quality":"dokładny","gunb_url":"https://wyszukiwarka.gunb.gov.pl/","parcel_count":1,"parcel_shard":"x068-y208","parcel_id":"302109_5.0017.112/22","location_source":"powiat poznański (wfs)"}},{"type":"Feature","id":"ST-WK-PO/WNIOSEK/4316/2026::302109_5.0017.16/5","geometry":{"type":"Polygon","coordinates":[[[17.0176315443348,52.2177204978316],[17.0186098821973,52.2181577266757],[17.0184815535014,52.218537782229],[17.0173460581733,52.2181364254184],[17.0176315443348,52.2177204978316]]]},"properties":{"case_id":"ST-WK-PO/WNIOSEK/4316/2026","source_type":"wniosek_decyzja","received_date":"2026-03-09","decision_date":"2026-08-14","status":"decyzja wydana","description":"dot. budowy wolnostojącego budynku mieszkalnego jednorodzinnego wraz ze szczelnym, typowym, prefabrykowanym zbiornikiem na nieczystości ciekłe o pojemności do 10 m3","address":"Kórnik","city":"Kórnik","office":"Starosta Powiatu Poznań","case_kind":"Budynek mieszkalny jednorodzinny","parcel_ids":["302109_5.0017.16/5"],"location_quality":"dokładny","gunb_url":"https://wyszukiwarka.gunb.gov.pl/","parcel_count":1,"parcel_shard":"x068-y208","parcel_id":"302109_5.0017.16/5","location_source":"powiat poznański (wfs)"}},{"type":"Feature","id":"ST-WK-PO/WNIOSEK/3154/2026::302109_5.0017.197/11","geometry":{"type":"Polygon","coordinates":[[[17.0459542798827,52.1963656469703],[17.0463724070057,52.1965384519485],[17.0461886178452,52.1967062116267],[17.0457704918027,52.1965333161321],[17.0459542798827,52.1963656469703]]]},"properties":{"case_id":"ST-WK-PO/WNIOSEK/3154/2026","source_type":"wniosek_decyzja","received_date":"2026-02-20","decision_date":"2026-03-27","status":"decyzja wydana","description":"dot. budowy budynku mieszkalnego jednorodzinnego wolnostojącego z niezbędną infrastrukturą techniczną","address":"Radzewo","city":"Radzewo","office":"Starosta Powiatu Poznań","case_kind":"Budynek mieszkalny jednorodzinny","parcel_ids":["302109_5.0017.197/11"],"location_quality":"dokładny","gunb_url":"https://wyszukiwarka.gunb.gov.pl/","parcel_count":1,"parcel_shard":"x068-y208","parcel_id":"302109_5.0017.197/11","location_source":"powiat poznański (wfs)"}},{"type":"Feature","id":"ST-WK-PO/WNIOSEK/5750/2026::302109_5.0017.24/6","geometry":{"type":"Polygon","coordinates":[[[17.0196843939129,52.2110070600687],[17.0191800369895,52.2114621079162],[17.0185691219023,52.2111962125202],[17.0189593534381,52.2107037488439],[17.0196843939129,52.2110070600687]]]},"properties":{"case_id":"ST-WK-PO/WNIOSEK/5750/2026","source_type":"wniosek_decyzja","received_date":"2026-03-26","decision_date":"2026-05-28","status":"decyzja wydana","description":"dot. budowy boiska wielofuncyjnego","address":"Radzewo","city":"Radzewo","office":"Starosta Powiatu Poznań","case_kind":"Obiekt budowlany inny niż budynek mieszkalny jednorodzinny","parcel_ids":["302109_5.0017.24/6"],"location_quality":"dokładny","gunb_url":"https://wyszukiwarka.gunb.gov.pl/","parcel_count":1,"parcel_shard":"x068-y208","parcel_id":"302109_5.0017.24/6","location_source":"powiat poznański (wfs)"}},{"type":"Feature","id":"ST-WK-PO/WNIOSEK/26396/2025::302109_5.0017.279/14","geometry":{"type":"Polygon","coordinates":[[[17.0313355850908,52.2028391988297],[17.0311163825391,52.2029977926098],[17.0310337776985,52.2029600615205],[17.0309324618759,52.2029137837714],[17.0308369677171,52.202870011137],[17.031065070336,52.2026791548743],[17.031323279595,52.2027996402229],[17.0313355850908,52.2028391988297]]]},"properties":{"case_id":"ST-WK-PO/WNIOSEK/26396/2025","source_type":"wniosek_decyzja","received_date":"2025-12-29","decision_date":"2026-03-19","status":"decyzja wydana","description":"dot. Rozbiórki części budynku mieszkalnego jednorodzinnego","address":"Radzewo","city":"Radzewo","office":"Starosta Powiatu Poznań","case_kind":"Budynek mieszkalny jednorodzinny","parcel_ids":["302109_5.0017.279/14"],"location_quality":"dokładny","gunb_url":"https://wyszukiwarka.gunb.gov.pl/","parcel_count":1,"parcel_shard":"x068-y208","parcel_id":"302109_5.0017.279/14","location_source":"powiat poznański (wfs)"}},{"type":"Feature","id":"ST-WK-PO/WNIOSEK/10183/2026::302109_5.0017.303/11","geometry":{"type":"Polygon","coordinates":[[[17.0216860419562,52.2041831219033],[17.0219157518689,52.2040083207378],[17.0223710231705,52.2042340986819],[17.0222026009598,52.2043623486174],[17.0221411656199,52.204408989383],[17.0216860419562,52.2041831219033]]]},"properties":{"case_id":"ST-WK-PO/WNIOSEK/10183/2026","source_type":"wniosek_decyzja","received_date":"2026-05-28","decision_date":"2026-07-24","status":"decyzja wydana","description":"budowa  budynku mieszkalnego jednorodzinnego wolnostojącego wraz ze zbiornikiem bezodpływowym na ścieki o pojemności 10 m3 oraz studnią","address":"Poznań","city":"Poznań","office":"Starosta Powiatu Poznań","case_kind":"Budynek mieszkalny jednorodzinny","parcel_ids":["302109_5.0017.303/11"],"location_quality":"dokładny","gunb_url":"https://wyszukiwarka.gunb.gov.pl/","parcel_count":1,"parcel_shard":"x068-y208","parcel_id":"302109_5.0017.303/11","location_source":"powiat poznański (wfs)"}},{"type":"Feature","id":"ST-WK-PO/WNIOSEK/1501/2026::302109_5.0017.303/11","geometry":{"type":"Polygon","coordinates":[[[17.0216860419562,52.2041831219033],[17.0219157518689,52.2040083207378],[17.0223710231705,52.2042340986819],[17.0222026009598,52.2043623486174],[17.0221411656199,52.204408989383],[17.0216860419562,52.2041831219033]]]},"properties":{"case_id":"ST-WK-PO/WNIOSEK/1501/2026","source_type":"wniosek_decyzja","received_date":"2026-01-27","decision_date":"2026-04-03","status":"decyzja wydana","description":"dot. budowy budynku mieszkalnego jednorodzinnego wraz ze zbiornikiem bezodpływowym na ścieki o pojemności 10 m3 oraz studnią","address":"Radzewo","city":"Radzewo","office":"Starosta Powiatu Poznań","case_kind":"Budynek mieszkalny jednorodzinny","parcel_ids":["302109_5.0017.303/11"],"location_quality":"dokładny","gunb_url":"https://wyszukiwarka.gunb.gov.pl/","parcel_count":1,"parcel_shard":"x068-y208","parcel_id":"302109_5.0017.303/11","location_source":"powiat poznański (wfs)"}},{"type":"Feature","id":"ST-WK-PO/WNIOSEK/22826/2025::302109_5.0017.31/2","geometry":{"type":"Polygon","coordinates":[[[17.0207834243922,52.2161277746178],[17.021349061208,52.2163606766749],[17.022144945592,52.2166907501503],[17.0222055601261,52.2167158796194],[17.0218230794937,52.2168677538652],[17.0211962259382,52.2172124612016],[17.0210214412007,52.2173351363779],[17.0209550961106,52.2174175456834],[17.0209410831173,52.2174891540459],[17.0209562803735,52.2175832950841],[17.0210243520585,52.2176752682054],[17.0212766483642,52.2179208469536],[17.0217816427918,52.2183474719389],[17.0218570486373,52.2184387863],[17.0190651953722,52.2171918914812],[17.0192246791133,52.2167410282565],[17.0195014262431,52.2159619967158],[17.0197416333489,52.2160247513786],[17.0197703823599,52.2159817576553],[17.019798584045,52.2159104470178],[17.0195326140094,52.2158747122118],[17.0196149662221,52.2156435046766],[17.0207834243922,52.2161277746178]]]},"properties":{"case_id":"ST-WK-PO/WNIOSEK/22826/2025","source_type":"wniosek_decyzja","received_date":"2025-11-06","decision_date":"2026-01-27","status":"decyzja wydana","description":"dot. budowy budynku mieszkalnego jednorodzinnego wolnostojącego, szczelnego zbiornika bezodpływowego oraz własnego ujęcia wody(do 5m3/D i głębokości 30m) w ramach zabudowy zagrodowej","address":"Radzewo","city":"Radzewo","office":"Starosta Powiatu Poznań","case_kind":"Budynek mieszkalny jednorodzinny","parcel_ids":["302109_5.0017.31/2"],"location_quality":"dokładny","gunb_url":"https://wyszukiwarka.gunb.gov.pl/","parcel_count":1,"parcel_shard":"x068-y208","parcel_id":"302109_5.0017.31/2","location_source":"powiat poznański (wfs)"}},{"type":"Feature","id":"ST-WK-PO/WNIOSEK/4146/2026::302109_5.0017.339/11","geometry":{"type":"Polygon","coordinates":[[[17.0200384807569,52.2053421241166],[17.0197694670191,52.2055938026326],[17.0195422413229,52.2055021241376],[17.0194759727023,52.205475418246],[17.0197449873483,52.2052237403951],[17.0200384807569,52.2053421241166]]]},"properties":{"case_id":"ST-WK-PO/WNIOSEK/4146/2026","source_type":"wniosek_decyzja","received_date":"2026-03-05","decision_date":"2026-06-08","status":"decyzja wydana","description":"wniosek o pozwolenie na budowę budynku mieszkalnego jednorodzinnego wraz ze zbiornikiem na nieczystości ciekłe o pojemności 10m3","address":"Radzewo","city":"Radzewo","office":"Starosta Powiatu Poznań","case_kind":"Budynek mieszkalny jednorodzinny","parcel_ids":["302109_5.0017.339/11"],"location_quality":"dokładny","gunb_url":"https://wyszukiwarka.gunb.gov.pl/","parcel_count":1,"parcel_shard":"x068-y208","parcel_id":"302109_5.0017.339/11","location_source":"powiat poznański (wfs)"}},{"type":"Feature","id":"ST-WK-PO/WNIOSEK/25361/2025::302109_5.0017.339/7","geometry":{"type":"Polygon","coordinates":[[[17.0189102288,52.2055694948229],[17.0191510150317,52.2053442781812],[17.019212207464,52.2053689646929],[17.0194759727023,52.205475418246],[17.0195422413229,52.2055021241376],[17.0193014542116,52.2057274314434],[17.0189102288,52.2055694948229]]]},"properties":{"case_id":"ST-WK-PO/WNIOSEK/25361/2025","source_type":"wniosek_decyzja","received_date":"2025-12-15","decision_date":"2026-02-16","status":"decyzja wydana","description":"[e-Dor] dot. budowy budynku mieszkalnego jednorodzinnego wraz ze zbiornikiem bezodpływowym oraz własnym ujęciem wody - studnia","address":"Radzewo","city":"Radzewo","office":"Starosta Powiatu Poznań","case_kind":"Budynek mieszkalny jednorodzinny","parcel_ids":["302109_5.0017.339/7"],"location_quality":"dokładny","gunb_url":"https://wyszukiwarka.gunb.gov.pl/","parcel_count":1,"parcel_shard":"x068-y208","parcel_id":"302109_5.0017.339/7","location_source":"powiat poznański (wfs)"}},{"type":"Feature","id":"ST-WK-PO/WNIOSEK/7405/2026::302109_5.0017.347/7","geometry":{"type":"Polygon","coordinates":[[[17.0206699907903,52.2055502274173],[17.0210087057665,52.2056880386962],[17.0207830300842,52.2058983744155],[17.0207493900559,52.2058847030408],[17.0207087530522,52.2058898485356],[17.0202296692602,52.2056954146698],[17.0202321617753,52.2056685610449],[17.020317882806,52.2056423085458],[17.020627650297,52.2055596730147],[17.0206699907903,52.2055502274173]]]},"properties":{"case_id":"ST-WK-PO/WNIOSEK/7405/2026","source_type":"wniosek_decyzja","received_date":"2026-04-20","decision_date":"2026-06-25","status":"decyzja wydana","description":"dot. budowy budynku mieszkalnego jednorodzinnego, dwulokalowego wolnostojącego","address":"Radzewo","city":"Radzewo","office":"Starosta Powiatu Poznań","case_kind":"Budynek mieszkalny jednorodzinny","parcel_ids":["302109_5.0017.347/7"],"location_quality":"dokładny","gunb_url":"https://wyszukiwarka.gunb.gov.pl/","parcel_count":1,"parcel_shard":"x068-y208","parcel_id":"302109_5.0017.347/7","location_source":"powiat poznański (wfs)"}},{"type":"Feature","id":"ST-WK-PO/WNIOSEK/18199/2025::302109_5.0017.352/5","geometry":{"type":"Polygon","coordinates":[[[17.0223659629783,52.206670900578],[17.0220797906685,52.2065715482012],[17.0223063829286,52.2063193332538],[17.0226556274626,52.2064378127751],[17.0225285580167,52.2065616044676],[17.0224915546883,52.2065478158591],[17.0223659629783,52.206670900578]]]},"properties":{"case_id":"ST-WK-PO/WNIOSEK/18199/2025","source_type":"wniosek_decyzja","received_date":"2025-09-05","decision_date":"2025-11-20","status":"decyzja wydana","description":"dot. budowy budynku mieszkalnego jednorodzinnego dwulokalowego z dwoma zbiornikami bezodpływowymi kat. I","address":"Radzewo","city":"Radzewo","office":"Starosta Powiatu Poznań","case_kind":"Budynek mieszkalny jednorodzinny","parcel_ids":["302109_5.0017.352/5"],"location_quality":"dokładny","gunb_url":"https://wyszukiwarka.gunb.gov.pl/","parcel_count":1,"parcel_shard":"x068-y208","parcel_id":"302109_5.0017.352/5","location_source":"powiat poznański (wfs)"}},{"type":"Feature","id":"ST-WK-PO/WNIOSEK/18211/2025::302109_5.0017.352/6","geometry":{"type":"Polygon","coordinates":[[[17.0220797906685,52.2065715482012],[17.0217606608887,52.206460776724],[17.0219856019954,52.2062105260676],[17.0220015758723,52.2062159814728],[17.0223063829286,52.2063193332538],[17.0220797906685,52.2065715482012]]]},"properties":{"case_id":"ST-WK-PO/WNIOSEK/18211/2025","source_type":"wniosek_decyzja","received_date":"2025-09-05","decision_date":"2025-11-27","status":"decyzja wydana","description":"dot. budowy budynku mieszkalnego jednorodzinnego dwulokalowego z dwoma zbiornikami bezodpływowymi kat. I","address":"Radzewo","city":"Radzewo","office":"Starosta Powiatu Poznań","case_kind":"Budynek mieszkalny jednorodzinny","parcel_ids":["302109_5.0017.352/6"],"location_quality":"dokładny","gunb_url":"https://wyszukiwarka.gunb.gov.pl/","parcel_count":1,"parcel_shard":"x068-y208","parcel_id":"302109_5.0017.352/6","location_source":"powiat poznański (wfs)"}},{"type":"Feature","id":"ST-WK-PO/WNIOSEK/18205/2025::302109_5.0017.352/7","geometry":{"type":"Polygon","coordinates":[[[17.0217606608887,52.206460776724],[17.0214331122078,52.2063470583705],[17.0216561076615,52.2060988594575],[17.0219856019954,52.2062105260676],[17.0217606608887,52.206460776724]]]},"properties":{"case_id":"ST-WK-PO/WNIOSEK/18205/2025","source_type":"wniosek_decyzja","received_date":"2025-09-05","decision_date":"2025-11-27","status":"decyzja wydana","description":"dot. wniosku o pozwolenie na budowę budynku mieszkalnego jednorodzinnego dwulokalowego z dwoma zbiornikami bezodpływowymi kat. I","address":"Radzewo","city":"Radzewo","office":"Starosta Powiatu Poznań","case_kind":"Budynek mieszkalny jednorodzinny","parcel_ids":["302109_5.0017.352/7"],"location_quality":"dokładny","gunb_url":"https://wyszukiwarka.gunb.gov.pl/","parcel_count":1,"parcel_shard":"x068-y208","parcel_id":"302109_5.0017.352/7","location_source":"powiat poznański (wfs)"}},{"type":"Feature","id":"ST-WK-PO/WNIOSEK/18223/2025::302109_5.0017.352/8","geometry":{"type":"Polygon","coordinates":[[[17.0214331122078,52.2063470583705],[17.0210966254264,52.2062301872868],[17.0213230784064,52.2059858670365],[17.0216561076615,52.2060988594575],[17.0214331122078,52.2063470583705]]]},"properties":{"case_id":"ST-WK-PO/WNIOSEK/18223/2025","source_type":"wniosek_decyzja","received_date":"2025-09-05","decision_date":"2025-11-27","status":"decyzja wydana","description":"dot. wniosku o pozwolenie na budowę budynku mieszkalnego jednorodzinnego dwulokalowego z dwoma zbiornikami bezopdpływowymi kat. I","address":"Radzewo","city":"Radzewo","office":"Starosta Powiatu Poznań","case_kind":"Budynek mieszkalny jednorodzinny","parcel_ids":["302109_5.0017.352/8"],"location_quality":"dokładny","gunb_url":"https://wyszukiwarka.gunb.gov.pl/","parcel_count":1,"parcel_shard":"x068-y208","parcel_id":"302109_5.0017.352/8","location_source":"powiat poznański (wfs)"}},{"type":"Feature","id":"ST-WK-PO/WNIOSEK/19519/2025::302109_5.0017.399/17","geometry":{"type":"Polygon","coordinates":[[[17.0049631652698,52.2101563517895],[17.0045342041981,52.2100311254832],[17.0044995506634,52.2099712422596],[17.0046131489839,52.2098244366519],[17.0051099901855,52.2099695593192],[17.0050312331384,52.2100696381495],[17.0049631652698,52.2101563517895]]]},"properties":{"case_id":"ST-WK-PO/WNIOSEK/19519/2025","source_type":"wniosek_decyzja","received_date":"2025-09-24","decision_date":"2025-12-04","status":"decyzja wydana","description":"dot. budowy budynku mieszkalnego jednorodzinnego wraz ze zbiornikiem bezodpływowym","address":"Radzewo","city":"Radzewo","office":"Starosta Powiatu Poznań","case_kind":"Budynek mieszkalny jednorodzinny","parcel_ids":["302109_5.0017.399/17"],"location_quality":"dokładny","gunb_url":"https://wyszukiwarka.gunb.gov.pl/","parcel_count":1,"parcel_shard":"x068-y208","parcel_id":"302109_5.0017.399/17","location_source":"powiat poznański (wfs)"}},{"type":"Feature","id":"ST-WK-PO/WNIOSEK/11787/2026::302109_5.0017.399/19","geometry":{"type":"Polygon","coordinates":[[[17.0052572627298,52.2097823210404],[17.0047583812192,52.2096369121254],[17.0049034619292,52.2094495659055],[17.0054039368673,52.2095956168039],[17.0053138881142,52.2097100848671],[17.0052572627298,52.2097823210404]]]},"properties":{"case_id":"ST-WK-PO/WNIOSEK/11787/2026","source_type":"wniosek_decyzja","received_date":"2026-06-19","decision_date":"2026-08-26","status":"decyzja wydana","description":"zmiana decyzji nr 664/28 z dna 04.03.2026 r. znak AB.6740.10.468.2025.XXVIII dot. pozwolenia na budowę budynku mieszkalnego jednorodzinnego wraz z przydomową oczyszczalnią ścieków","address":"Radzewo","city":"Radzewo","office":"Starosta Powiatu Poznań","case_kind":"Budynek mieszkalny jednorodzinny","parcel_ids":["302109_5.0017.399/19"],"location_quality":"dokładny","gunb_url":"https://wyszukiwarka.gunb.gov.pl/","parcel_count":1,"parcel_shard":"x068-y208","parcel_id":"302109_5.0017.399/19","location_source":"powiat poznański (wfs)"}},{"type":"Feature","id":"ST-WK-PO/WNIOSEK/159/2026::302109_5.0017.399/19","geometry":{"type":"Polygon","coordinates":[[[17.0052572627298,52.2097823210404],[17.0047583812192,52.2096369121254],[17.0049034619292,52.2094495659055],[17.0054039368673,52.2095956168039],[17.0053138881142,52.2097100848671],[17.0052572627298,52.2097823210404]]]},"properties":{"case_id":"ST-WK-PO/WNIOSEK/159/2026","source_type":"wniosek_decyzja","received_date":"2025-12-31","decision_date":"2026-03-04","status":"decyzja wydana","description":"dot. budowy budynku mieszkalnego wraz z przydomową oczyszczalnią ścieków","address":"Radzewo","city":"Radzewo","office":"Starosta Powiatu Poznań","case_kind":"Budynek mieszkalny jednorodzinny","parcel_ids":["302109_5.0017.399/19"],"location_quality":"dokładny","gunb_url":"https://wyszukiwarka.gunb.gov.pl/","parcel_count":1,"parcel_shard":"x068-y208","parcel_id":"302109_5.0017.399/19","location_source":"powiat poznański (wfs)"}},{"type":"Feature","id":"ST-WK-PO/WNIOSEK/20471/2025::302109_5.0017.399/20","geometry":{"type":"Polygon","coordinates":[[[17.0054039368673,52.2095956168039],[17.0049034619292,52.2094495659055],[17.005048545428,52.2092620397714],[17.005550908346,52.2094086452626],[17.0054524452865,52.2095338992027],[17.0054039368673,52.2095956168039]]]},"properties":{"case_id":"ST-WK-PO/WNIOSEK/20471/2025","source_type":"wniosek_decyzja","received_date":"2025-10-07","decision_date":"2025-11-25","status":"decyzja wydana","description":"budowa budynku mieszkalnego jednorodzinnego wraz ze zbiornikiem bezodpływowym","address":"Radzewo","city":"Radzewo","office":"Starosta Powiatu Poznań","case_kind":"Budynek mieszkalny jednorodzinny","parcel_ids":["302109_5.0017.399/20"],"location_quality":"dokładny","gunb_url":"https://wyszukiwarka.gunb.gov.pl/","parcel_count":1,"parcel_shard":"x068-y208","parcel_id":"302109_5.0017.399/20","location_source":"powiat poznański (wfs)"}},{"type":"Feature","id":"ST-WK-PO/WNIOSEK/7317/2026::302109_5.0017.43/12","geometry":{"type":"Polygon","coordinates":[[[17.0217022222622,52.2143470514049],[17.021785300115,52.2143379341033],[17.02189493517,52.2143827943881],[17.0216374629698,52.2146066197553],[17.0213215326449,52.2144742127386],[17.0215475461019,52.2142776935835],[17.0217022222622,52.2143470514049]]]},"properties":{"case_id":"ST-WK-PO/WNIOSEK/7317/2026","source_type":"wniosek_decyzja","received_date":"2026-04-17","decision_date":"2026-06-12","status":"decyzja wydana","description":"dot. budowy budynku mieszkalnego jednorodzinnego wolnostojącego i zbiornika bezodpływowego","address":"Radzewo","city":"Radzewo","office":"Starosta Powiatu Poznań","case_kind":"Budynek mieszkalny jednorodzinny","parcel_ids":["302109_5.0017.43/12"],"location_quality":"dokładny","gunb_url":"https://wyszukiwarka.gunb.gov.pl/","parcel_count":1,"parcel_shard":"x068-y208","parcel_id":"302109_5.0017.43/12","location_source":"powiat poznański (wfs)"}},{"type":"Feature","id":"ST-WK-PO/WNIOSEK/7319/2026::302109_5.0017.43/13","geometry":{"type":"Polygon","coordinates":[[[17.0221749716248,52.2144972858842],[17.0219154065865,52.2147231617628],[17.0216374629698,52.2146066197553],[17.02189493517,52.2143827943881],[17.0221749716248,52.2144972858842]]]},"properties":{"case_id":"ST-WK-PO/WNIOSEK/7319/2026","source_type":"wniosek_decyzja","received_date":"2026-04-17","decision_date":"2026-06-12","status":"decyzja wydana","description":"dot. budowy budynku mieszkalnego jednorodzinnego wolnostojącego i zbiornika bezodpływowego","address":"Radzewo","city":"Radzewo","office":"Starosta Powiatu Poznań","case_kind":"Budynek mieszkalny jednorodzinny","parcel_ids":["302109_5.0017.43/13"],"location_quality":"dokładny","gunb_url":"https://wyszukiwarka.gunb.gov.pl/","parcel_count":1,"parcel_shard":"x068-y208","parcel_id":"302109_5.0017.43/13","location_source":"powiat poznański (wfs)"}},{"type":"Feature","id":"ST-WK-PO/WNIOSEK/3275/2026::302109_5.0017.43/28","geometry":{"type":"Polygon","coordinates":[[[17.0240495065228,52.2147986227611],[17.0237690048003,52.2150521026031],[17.0234888163833,52.2149375237825],[17.0237711080312,52.2146825314379],[17.0240495065228,52.2147986227611]]]},"properties":{"case_id":"ST-WK-PO/WNIOSEK/3275/2026","source_type":"wniosek_decyzja","received_date":"2026-02-23","decision_date":"2026-05-08","status":"decyzja wydana","description":"dot. wniosku o pozwolenie na budowę budynku mieszkalnego jednorodzinnego wraz z infrastrukturą towarzyszącą","address":"Radzewo","city":"Radzewo","office":"Starosta Powiatu Poznań","case_kind":"Budynek mieszkalny jednorodzinny","parcel_ids":["302109_5.0017.43/28"],"location_quality":"dokładny","gunb_url":"https://wyszukiwarka.gunb.gov.pl/","parcel_count":1,"parcel_shard":"x068-y208","parcel_id":"302109_5.0017.43/28","location_source":"powiat poznański (wfs)"}},{"type":"Feature","id":"ST-WK-PO/WNIOSEK/24296/2025::302109_5.0017.433/41","geometry":{"type":"Polygon","coordinates":[[[17.0338493052845,52.2103548556396],[17.0336286181934,52.210559504138],[17.0333384848935,52.2104381261309],[17.0335594730786,52.2102331211149],[17.0338493052845,52.2103548556396]]]},"properties":{"case_id":"ST-WK-PO/WNIOSEK/24296/2025","source_type":"wniosek_decyzja","received_date":"2025-11-28","decision_date":"2026-05-28","status":"decyzja wydana","description":"dot. zmiany decyzji pozwolenia n a budowę nr 1290/24 z dn. 06.05.2024 (AB.6740.10.429.2023) - budowa zespołu 8 budynków mieszkalnych jednorodzinnych dwulokalolwych w zabudowie bliźniaczej z dobudowanymi garażami wraz z 16 zb. na ścieki","address":"Radzewo","city":"Radzewo","office":"Starosta Powiatu Poznań","case_kind":"Budynek mieszkalny jednorodzinny","parcel_ids":["302109_5.0017.433/41","302109_5.0017.433/42"],"location_quality":"dokładny","gunb_url":"https://wyszukiwarka.gunb.gov.pl/","parcel_count":2,"parcel_shard":"x068-y208","parcel_id":"302109_5.0017.433/41","location_source":"powiat poznański (wfs)"}},{"type":"Feature","id":"ST-WK-PO/WNIOSEK/24296/2025::302109_5.0017.433/42","geometry":{"type":"Polygon","coordinates":[[[17.0335594730786,52.2102331211149],[17.0333384848935,52.2104381261309],[17.0330482068945,52.2103167462259],[17.0332696424386,52.2101113858912],[17.0335594730786,52.2102331211149]]]},"properties":{"case_id":"ST-WK-PO/WNIOSEK/24296/2025","source_type":"wniosek_decyzja","received_date":"2025-11-28","decision_date":"2026-05-28","status":"decyzja wydana","description":"dot. zmiany decyzji pozwolenia n a budowę nr 1290/24 z dn. 06.05.2024 (AB.6740.10.429.2023) - budowa zespołu 8 budynków mieszkalnych jednorodzinnych dwulokalolwych w zabudowie bliźniaczej z dobudowanymi garażami wraz z 16 zb. na ścieki","address":"Radzewo","city":"Radzewo","office":"Starosta Powiatu Poznań","case_kind":"Budynek mieszkalny jednorodzinny","parcel_ids":["302109_5.0017.433/41","302109_5.0017.433/42"],"location_quality":"dokładny","gunb_url":"https://wyszukiwarka.gunb.gov.pl/","parcel_count":2,"parcel_shard":"x068-y208","parcel_id":"302109_5.0017.433/42","location_source":"powiat poznański (wfs)"}},{"type":"Feature","id":"ST-WK-PO/WNIOSEK/11343/2026::302109_5.0017.442","geometry":{"type":"Polygon","coordinates":[[[17.0275891953974,52.2004944978456],[17.0275749991076,52.2004345203267],[17.0273087006346,52.2003172781922],[17.0270003893583,52.2001814432495],[17.0267384401938,52.2000661231832],[17.0267193570035,52.2000825937079],[17.0266693719033,52.2000606100442],[17.0265705581184,52.2000172813532],[17.0266769968412,52.199925851899],[17.0267145201441,52.1999424298156],[17.026825649327,52.1999911629138],[17.0268065661863,52.2000076334622],[17.0270411309693,52.2001109532184],[17.0273779864696,52.2002592471112],[17.0276496450746,52.2003788701508],[17.0277563394572,52.200369502909],[17.0275891953974,52.2004944978456]]]},"properties":{"case_id":"ST-WK-PO/WNIOSEK/11343/2026","source_type":"wniosek_decyzja","received_date":"2026-06-12","decision_date":"2026-08-06","status":"decyzja wydana","description":"dot. budowy 12 budynków mieszkalnych jednorodzinnych wraz ze zbiornikami bezodpływowymi oraz drogami wewnętrznymi przeznaczonymi do realizacji na działkach 442, 443, 444, 445, 446, 447, 448, 449, 450, 451, 452, 453, 454, 455, obręb Radzewo, gmina Kórnik - ETAP 1 : Budynek mieszkalny jednorodzinny wolnostojący wraz ze zbiornikiem bezodpływowym oraz drogami wewnętrznymi","address":"Radzewo","city":"Radzewo","office":"Starosta Powiatu Poznań","case_kind":"Budynek mieszkalny jednorodzinny","parcel_ids":["302109_5.0017.442","302109_5.0017.443","302109_5.0017.455"],"location_quality":"dokładny","gunb_url":"https://wyszukiwarka.gunb.gov.pl/","parcel_count":3,"parcel_shard":"x068-y208","parcel_id":"302109_5.0017.442","location_source":"powiat poznański (wfs)"}},{"type":"Feature","id":"ST-WK-PO/WNIOSEK/11343/2026::302109_5.0017.443","geometry":{"type":"Polygon","coordinates":[[[17.0282031886434,52.2000355021492],[17.0281901812661,52.1999746356843],[17.0279102599791,52.1998516202189],[17.0275877490658,52.1997096478101],[17.0272649457487,52.1995677619877],[17.0270689202419,52.1994814782361],[17.027030610292,52.1995143283256],[17.0268819630229,52.1994488378486],[17.0269885420572,52.1993575890279],[17.0283224450534,52.1999464238053],[17.0282031886434,52.2000355021492]]]},"properties":{"case_id":"ST-WK-PO/WNIOSEK/11343/2026","source_type":"wniosek_decyzja","received_date":"2026-06-12","decision_date":"2026-08-06","status":"decyzja wydana","description":"dot. budowy 12 budynków mieszkalnych jednorodzinnych wraz ze zbiornikami bezodpływowymi oraz drogami wewnętrznymi przeznaczonymi do realizacji na działkach 442, 443, 444, 445, 446, 447, 448, 449, 450, 451, 452, 453, 454, 455, obręb Radzewo, gmina Kórnik - ETAP 1 : Budynek mieszkalny jednorodzinny wolnostojący wraz ze zbiornikiem bezodpływowym oraz drogami wewnętrznymi","address":"Radzewo","city":"Radzewo","office":"Starosta Powiatu Poznań","case_kind":"Budynek mieszkalny jednorodzinny","parcel_ids":["302109_5.0017.442","302109_5.0017.443","302109_5.0017.455"],"location_quality":"dokładny","gunb_url":"https://wyszukiwarka.gunb.gov.pl/","parcel_count":3,"parcel_shard":"x068-y208","parcel_id":"302109_5.0017.443","location_source":"powiat poznański (wfs)"}},{"type":"Feature","id":"ST-WK-PO/WNIOSEK/11343/2026::302109_5.0017.455","geometry":{"type":"Polygon","coordinates":[[[17.0266662663634,52.199633651134],[17.0268819630229,52.1994488378486],[17.027030610292,52.1995143283256],[17.0270689202419,52.1994814782361],[17.0272649457487,52.1995677619877],[17.0270112304196,52.1997855183381],[17.0269361819162,52.1997524525504],[17.0266662663634,52.199633651134]]]},"properties":{"case_id":"ST-WK-PO/WNIOSEK/11343/2026","source_type":"wniosek_decyzja","received_date":"2026-06-12","decision_date":"2026-08-06","status":"decyzja wydana","description":"dot. budowy 12 budynków mieszkalnych jednorodzinnych wraz ze zbiornikami bezodpływowymi oraz drogami wewnętrznymi przeznaczonymi do realizacji na działkach 442, 443, 444, 445, 446, 447, 448, 449, 450, 451, 452, 453, 454, 455, obręb Radzewo, gmina Kórnik - ETAP 1 : Budynek mieszkalny jednorodzinny wolnostojący wraz ze zbiornikiem bezodpływowym oraz drogami wewnętrznymi","address":"Radzewo","city":"Radzewo","office":"Starosta Powiatu Poznań","case_kind":"Budynek mieszkalny jednorodzinny","parcel_ids":["302109_5.0017.442","302109_5.0017.443","302109_5.0017.455"],"location_quality":"dokładny","gunb_url":"https://wyszukiwarka.gunb.gov.pl/","parcel_count":3,"parcel_shard":"x068-y208","parcel_id":"302109_5.0017.455","location_source":"powiat poznański (wfs)"}},{"type":"Feature","id":"ST-WK-PO/WNIOSEK/11283/2026::302109_5.0017.444","geometry":{"type":"Polygon","coordinates":[[[17.0270275567085,52.2005583572038],[17.0273087006346,52.2003172781922],[17.0275749991076,52.2004345203267],[17.0275891953974,52.2004944978456],[17.0273271779585,52.2006903454397],[17.0270275567085,52.2005583572038]]]},"properties":{"case_id":"ST-WK-PO/WNIOSEK/11283/2026","source_type":"wniosek_decyzja","received_date":"2026-06-12","decision_date":"2026-08-13","status":"decyzja wydana","description":"dot. budowy budynku mieszkalnego jednorodzinnego wolnostojącego wraz ze zbiornikiem bezodpływowym w ramach inwestycji 12 budynków mieszkalnych jednorodzinnych wraz ze zbiornikami bezodpływowymi oraz drogami wewnętrznymi przeznaczonymi do realizacji na działkach 442, 443, 444, 445, 446, 447, 448, 449, 450, 451, 452, 453, 454, 455, obręb Radzewo, gmina Kórnik - ETAP 12","address":"Radzewo","city":"Radzewo","office":"Starosta Powiatu Poznań","case_kind":"Budynek mieszkalny jednorodzinny","parcel_ids":["302109_5.0017.444"],"location_quality":"dokładny","gunb_url":"https://wyszukiwarka.gunb.gov.pl/","parcel_count":1,"parcel_shard":"x068-y208","parcel_id":"302109_5.0017.444","location_source":"powiat poznański (wfs)"}},{"type":"Feature","id":"ST-WK-PO/WNIOSEK/11292/2026::302109_5.0017.445","geometry":{"type":"Polygon","coordinates":[[[17.0270275567085,52.2005583572038],[17.0267192446304,52.2004225215318],[17.0270003893583,52.2001814432495],[17.0273087006346,52.2003172781922],[17.0270275567085,52.2005583572038]]]},"properties":{"case_id":"ST-WK-PO/WNIOSEK/11292/2026","source_type":"wniosek_decyzja","received_date":"2026-06-12","decision_date":"2026-08-13","status":"decyzja wydana","description":"dot. budowy budynku mieszkalnego jednorodzinnego wolnostojącego wraz ze zbiornikiem bezodpływowym w ramach inwestycji 12 budynków mieszkalnych jednorodzinnych wraz ze zbiornikami bezodpływowymi oraz drogami wewnętrznymi przeznaczonymi do realizacji na działkach 442, 443, 444, 445, 446, 447, 448, 449, 450, 451, 452, 453, 454, 455, obręb Radzewo, gmina Kórnik - ETAP 11","address":"Radzewo","city":"Radzewo","office":"Starosta Powiatu Poznań","case_kind":"Budynek mieszkalny jednorodzinny","parcel_ids":["302109_5.0017.445"],"location_quality":"dokładny","gunb_url":"https://wyszukiwarka.gunb.gov.pl/","parcel_count":1,"parcel_shard":"x068-y208","parcel_id":"302109_5.0017.445","location_source":"powiat poznański (wfs)"}},{"type":"Feature","id":"ST-WK-PO/WNIOSEK/11329/2026::302109_5.0017.446","geometry":{"type":"Polygon","coordinates":[[[17.0267192446304,52.2004225215318],[17.0264074578126,52.2002851284003],[17.0266693719033,52.2000606100442],[17.0267193570035,52.2000825937079],[17.0267384401938,52.2000661231832],[17.0270003893583,52.2001814432495],[17.0267192446304,52.2004225215318]]]},"properties":{"case_id":"ST-WK-PO/WNIOSEK/11329/2026","source_type":"wniosek_decyzja","received_date":"2026-06-12","decision_date":"2026-08-13","status":"decyzja wydana","description":"dot. budowy budynku mieszkalnego jednorodzinnego wolnostojącego wraz ze zbiornikiem bezodpływowym w ramach inwestycji 12 budynków mieszkalnych jednorodzinnych wraz ze zbiornikami bezodpływowymi oraz drogami wewnętrznymi przeznaczonymi do realizacji na działkach 442, 443, 444, 445, 446, 447, 448, 449, 450, 451, 452, 453, 454, 455, obręb Radzewo, gmina Kórnik - ETAP 10","address":"Radzewo","city":"Radzewo","office":"Starosta Powiatu Poznań","case_kind":"Budynek mieszkalny jednorodzinny","parcel_ids":["302109_5.0017.446"],"location_quality":"dokładny","gunb_url":"https://wyszukiwarka.gunb.gov.pl/","parcel_count":1,"parcel_shard":"x068-y208","parcel_id":"302109_5.0017.446","location_source":"powiat poznański (wfs)"}},{"type":"Feature","id":"ST-WK-PO/WNIOSEK/11322/2026::302109_5.0017.447","geometry":{"type":"Polygon","coordinates":[[[17.0264074578126,52.2002851284003],[17.0262708875436,52.2002249915646],[17.0260762580699,52.2001392153021],[17.0263378726004,52.1999150547221],[17.0265705581184,52.2000172813532],[17.0266693719033,52.2000606100442],[17.0264074578126,52.2002851284003]]]},"properties":{"case_id":"ST-WK-PO/WNIOSEK/11322/2026","source_type":"wniosek_decyzja","received_date":"2026-06-12","decision_date":"2026-08-13","status":"decyzja wydana","description":"dot. budowy budynku mieszkalnego jednorodzinnego wolnostojącego wraz ze zbiornikiem bezodpływowym w ramach inwestycji 12 budynków mieszkalnych jednorodzinnych wraz ze zbiornikami bezodpływowymi oraz drogami wewnętrznymi przeznaczonymi do realizacji na działkach 442, 443, 444, 445, 446, 447, 448, 449, 450, 451, 452, 453, 454, 455, obręb Radzewo, gmina Kórnik - ETAP 9","address":"Radzewo","city":"Radzewo","office":"Starosta Powiatu Poznań","case_kind":"Budynek mieszkalny jednorodzinny","parcel_ids":["302109_5.0017.447"],"location_quality":"dokładny","gunb_url":"https://wyszukiwarka.gunb.gov.pl/","parcel_count":1,"parcel_shard":"x068-y208","parcel_id":"302109_5.0017.447","location_source":"powiat poznański (wfs)"}},{"type":"Feature","id":"ST-WK-PO/WNIOSEK/11345/2026::302109_5.0017.448","geometry":{"type":"Polygon","coordinates":[[[17.0263378726004,52.1999150547221],[17.0266662663634,52.199633651134],[17.0269361819162,52.1997524525504],[17.0267145201441,52.1999424298156],[17.0266769968412,52.199925851899],[17.0265705581184,52.2000172813532],[17.0263378726004,52.1999150547221]]]},"properties":{"case_id":"ST-WK-PO/WNIOSEK/11345/2026","source_type":"wniosek_decyzja","received_date":"2026-06-12","decision_date":"2026-08-13","status":"decyzja wydana","description":"dot. budowy budynku mieszkalnego jednorodzinnego wolnostojącego wraz ze zbiornikiem bezodpływowym w ramach inwestycji 12 budynków mieszkalnych jednorodzinnych wraz ze zbiornikami bezodpływowymi oraz drogami wewnętrznymi przeznaczonymi do realizacji na działkach 442, 443, 444, 445, 446, 447, 448, 449, 450, 451, 452, 453, 454, 455, obręb Radzewo, gmina Kórnik - ETAP 8","address":"Radzewo","city":"Radzewo","office":"Starosta Powiatu Poznań","case_kind":"Obiekt budowlany inny niż budynek mieszkalny jednorodzinny","parcel_ids":["302109_5.0017.448"],"location_quality":"dokładny","gunb_url":"https://wyszukiwarka.gunb.gov.pl/","parcel_count":1,"parcel_shard":"x068-y208","parcel_id":"302109_5.0017.448","location_source":"powiat poznański (wfs)"}},{"type":"Feature","id":"ST-WK-PO/WNIOSEK/11260/2026::302109_5.0017.449","geometry":{"type":"Polygon","coordinates":[[[17.0269361819162,52.1997524525504],[17.0270112304196,52.1997855183381],[17.027281724966,52.1999046832475],[17.0270411309693,52.2001109532184],[17.0268065661863,52.2000076334622],[17.026825649327,52.1999911629138],[17.0267145201441,52.1999424298156],[17.0269361819162,52.1997524525504]]]},"properties":{"case_id":"ST-WK-PO/WNIOSEK/11260/2026","source_type":"wniosek_decyzja","received_date":"2026-06-12","decision_date":"2026-08-06","status":"decyzja wydana","description":"dot. budowy budynku mieszkalnego jednorodzinnego wolnostojącego wraz ze zbiornikiem bezodpływowym w ramach inwestycji 12 budynków mieszkalnych jednorodzinnych wraz ze zbiornikami bezodpływowymi oraz drogami wewnętrznymi przeznaczonymi do realizacji na działkach 442, 443, 444, 445, 446, 447, 448, 449, 450, 451, 452, 453, 454, 455, obręb Radzewo, gmina Kórnik - ETAP 7","address":"Radzewo","city":"Radzewo","office":"Starosta Powiatu Poznań","case_kind":"Budynek mieszkalny jednorodzinny","parcel_ids":["302109_5.0017.449"],"location_quality":"dokładny","gunb_url":"https://wyszukiwarka.gunb.gov.pl/","parcel_count":1,"parcel_shard":"x068-y208","parcel_id":"302109_5.0017.449","location_source":"powiat poznański (wfs)"}},{"type":"Feature","id":"ST-WK-PO/WNIOSEK/11252/2026::302109_5.0017.450","geometry":{"type":"Polygon","coordinates":[[[17.027281724966,52.1999046832475],[17.0273338843218,52.1999275833825],[17.0276185797143,52.200052976459],[17.0273779864696,52.2002592471112],[17.0270411309693,52.2001109532184],[17.027281724966,52.1999046832475]]]},"properties":{"case_id":"ST-WK-PO/WNIOSEK/11252/2026","source_type":"wniosek_decyzja","received_date":"2026-06-12","decision_date":"2026-08-06","status":"decyzja wydana","description":"dot. budowy budynku mieszkalnego jednorodzinnego wolnostojącego wraz ze zbiornikiem bezodpływowym w ramach inwestycji 12 budynków mieszkalnych jednorodzinnych wraz ze zbiornikami bezodpływowymi oraz drogami wewnętrznymi przeznaczonymi do realizacji na działkach 442, 443, 444, 445, 446, 447, 448, 449, 450, 451, 452, 453, 454, 455, obręb Radzewo, gmina Kórnik - ETAP 6","address":"Radzewo","city":"Radzewo","office":"Starosta Powiatu Poznań","case_kind":"Budynek mieszkalny jednorodzinny","parcel_ids":["302109_5.0017.450"],"location_quality":"dokładny","gunb_url":"https://wyszukiwarka.gunb.gov.pl/","parcel_count":1,"parcel_shard":"x068-y208","parcel_id":"302109_5.0017.450","location_source":"powiat poznański (wfs)"}},{"type":"Feature","id":"ST-WK-PO/WNIOSEK/11268/2026::302109_5.0017.451","geometry":{"type":"Polygon","coordinates":[[[17.0276185797143,52.200052976459],[17.0276562477795,52.2000696451446],[17.0279718081448,52.2002085041475],[17.0277563394572,52.200369502909],[17.0276496450746,52.2003788701508],[17.0273779864696,52.2002592471112],[17.0276185797143,52.200052976459]]]},"properties":{"case_id":"ST-WK-PO/WNIOSEK/11268/2026","source_type":"wniosek_decyzja","received_date":"2026-06-12","decision_date":"2026-08-06","status":"decyzja wydana","description":"dot. budowy budynku mieszkalnego jednorodzinnego wolnostojącego wraz ze zbiornikiem bezodpływowym w ramach inwestycji 12 budynków mieszkalnych jednorodzinnych wraz ze zbiornikami bezodpływowymi oraz drogami wewnętrznymi przeznaczonymi do realizacji na działkach 442, 443, 444, 445, 446, 447, 448, 449, 450, 451, 452, 453, 454, 455, obręb Radzewo, gmina Kórnik - ETAP 5","address":"Radzewo","city":"Radzewo","office":"Starosta Powiatu Poznań","case_kind":"Budynek mieszkalny jednorodzinny","parcel_ids":["302109_5.0017.451"],"location_quality":"dokładny","gunb_url":"https://wyszukiwarka.gunb.gov.pl/","parcel_count":1,"parcel_shard":"x068-y208","parcel_id":"302109_5.0017.451","location_source":"powiat poznański (wfs)"}},{"type":"Feature","id":"ST-WK-PO/WNIOSEK/2170/2026::302109_5.0017.452","geometry":{"type":"Polygon","coordinates":[[[17.0276562477795,52.2000696451446],[17.0279102599791,52.1998516202189],[17.0281901812661,52.1999746356843],[17.0282031886434,52.2000355021492],[17.0279718081448,52.2002085041475],[17.0276562477795,52.2000696451446]]]},"properties":{"case_id":"ST-WK-PO/WNIOSEK/2170/2026","source_type":"wniosek_decyzja","received_date":"2026-02-05","decision_date":"2026-05-20","status":"decyzja wydana","description":"dot. budowy budynku mieszkalnego jednorodzinnego wolnostojącego wraz za zbiornikiem bezodpływowym","address":"Żniwna, Radzewo","city":"Radzewo","office":"Starosta Powiatu Poznań","case_kind":"Budynek mieszkalny jednorodzinny","parcel_ids":["302109_5.0017.452"],"location_quality":"dokładny","gunb_url":"https://wyszukiwarka.gunb.gov.pl/","parcel_count":1,"parcel_shard":"x068-y208","parcel_id":"302109_5.0017.452","location_source":"powiat poznański (wfs)"}},{"type":"Feature","id":"ST-WK-PO/WNIOSEK/11272/2026::302109_5.0017.452","geometry":{"type":"Polygon","coordinates":[[[17.0276562477795,52.2000696451446],[17.0279102599791,52.1998516202189],[17.0281901812661,52.1999746356843],[17.0282031886434,52.2000355021492],[17.0279718081448,52.2002085041475],[17.0276562477795,52.2000696451446]]]},"properties":{"case_id":"ST-WK-PO/WNIOSEK/11272/2026","source_type":"wniosek_decyzja","received_date":"2026-06-12","decision_date":"2026-08-06","status":"decyzja wydana","description":"dot. budowy budynku mieszkalnego jednorodzinnego wolnostojącego wraz ze zbiornikiem bezodpływowym w ramach inwestycji 12 budynków mieszkalnych jednorodzinnych wraz ze zbiornikami bezodpływowymi oraz drogami wewnętrznymi przeznaczonymi do realizacji na działkach 442, 443, 444, 445, 446, 447, 448, 449, 450, 451, 452, 453, 454, 455, obręb Radzewo, gmina Kórnik - ETAP 4","address":"Radzewo","city":"Radzewo","office":"Starosta Powiatu Poznań","case_kind":"Budynek mieszkalny jednorodzinny","parcel_ids":["302109_5.0017.452"],"location_quality":"dokładny","gunb_url":"https://wyszukiwarka.gunb.gov.pl/","parcel_count":1,"parcel_shard":"x068-y208","parcel_id":"302109_5.0017.452","location_source":"powiat poznański (wfs)"}},{"type":"Feature","id":"ST-WK-PO/WNIOSEK/11314/2026::302109_5.0017.453","geometry":{"type":"Polygon","coordinates":[[[17.0276562477795,52.2000696451446],[17.0276185797143,52.200052976459],[17.0273338843218,52.1999275833825],[17.0275877490658,52.1997096478101],[17.0279102599791,52.1998516202189],[17.0276562477795,52.2000696451446]]]},"properties":{"case_id":"ST-WK-PO/WNIOSEK/11314/2026","source_type":"wniosek_decyzja","received_date":"2026-06-12","decision_date":"2026-08-06","status":"decyzja wydana","description":"dot. budowy budynku mieszkalnego jednorodzinnego wolnostojącego wraz ze zbiornikiem bezodpływowym w ramach inwestycji 12 budynków mieszkalnych jednorodzinnych wraz ze zbiornikami bezodpływowymi oraz drogami wewnętrznymi przeznaczonymi do realizacji na działkach 442, 443, 444, 445, 446, 447, 448, 449, 450, 451, 452, 453, 454, 455, obręb Radzewo, gmina Kórnik - ETAP 3","address":"Radzewo","city":"Radzewo","office":"Starosta Powiatu Poznań","case_kind":"Budynek mieszkalny jednorodzinny","parcel_ids":["302109_5.0017.453"],"location_quality":"dokładny","gunb_url":"https://wyszukiwarka.gunb.gov.pl/","parcel_count":1,"parcel_shard":"x068-y208","parcel_id":"302109_5.0017.453","location_source":"powiat poznański (wfs)"}},{"type":"Feature","id":"ST-WK-PO/WNIOSEK/11298/2026::302109_5.0017.454","geometry":{"type":"Polygon","coordinates":[[[17.0273338843218,52.1999275833825],[17.027281724966,52.1999046832475],[17.0270112304196,52.1997855183381],[17.0272649457487,52.1995677619877],[17.0275877490658,52.1997096478101],[17.0273338843218,52.1999275833825]]]},"properties":{"case_id":"ST-WK-PO/WNIOSEK/11298/2026","source_type":"wniosek_decyzja","received_date":"2026-06-12","decision_date":"2026-08-06","status":"decyzja wydana","description":"dot. budowy budynku mieszkalnego jednorodzinnego wolnostojącego wraz ze zbiornikiem bezodpływowym w ramach inwestycji 12 budynków mieszkalnych jednorodzinnych wraz ze zbiornikami bezodpływowymi oraz drogami wewnętrznymi przeznaczonymi do realizacji na działkach 442, 443, 444, 445, 446, 447, 448, 449, 450, 451, 452, 453, 454, 455, obręb Radzewo, gmina Kórnik - ETAP 2","address":"Radzewo","city":"Radzewo","office":"Starosta Powiatu Poznań","case_kind":"Budynek mieszkalny jednorodzinny","parcel_ids":["302109_5.0017.454"],"location_quality":"dokładny","gunb_url":"https://wyszukiwarka.gunb.gov.pl/","parcel_count":1,"parcel_shard":"x068-y208","parcel_id":"302109_5.0017.454","location_source":"powiat poznański (wfs)"}},{"type":"Feature","id":"ST-WK-PO/WNIOSEK/2594/2026::302109_5.0017.56/38","geometry":{"type":"Polygon","coordinates":[[[17.0251414953374,52.2136037889527],[17.0252238489601,52.2136383541635],[17.0254194420105,52.2137203227502],[17.0251388027198,52.2139740743481],[17.0248604104248,52.2138578058673],[17.0251414953374,52.2136037889527]]]},"properties":{"case_id":"ST-WK-PO/WNIOSEK/2594/2026","source_type":"wniosek_decyzja","received_date":"2026-02-12","decision_date":"2026-06-18","status":"decyzja wydana","description":"dot. budowy budynku mieszkalnego jednorodzinnego wolnostojącego ze szczelnym zbiornikiem na ścieki bytowe kat. I","address":"Radzewo","city":"Radzewo","office":"Starosta Powiatu Poznań","case_kind":"Budynek mieszkalny jednorodzinny","parcel_ids":["302109_5.0017.56/38"],"location_quality":"dokładny","gunb_url":"https://wyszukiwarka.gunb.gov.pl/","parcel_count":1,"parcel_shard":"x068-y208","parcel_id":"302109_5.0017.56/38","location_source":"powiat poznański (wfs)"}},{"type":"Feature","id":"ST-WK-PO/WNIOSEK/946/2026::302109_5.0017.56/39","geometry":{"type":"Polygon","coordinates":[[[17.0254194420105,52.2137203227502],[17.0255129624459,52.2137594739939],[17.0256973921137,52.2138367660277],[17.025417052141,52.2140902511083],[17.0251388027198,52.2139740743481],[17.0254194420105,52.2137203227502]]]},"properties":{"case_id":"ST-WK-PO/WNIOSEK/946/2026","source_type":"wniosek_decyzja","received_date":"2026-01-19","decision_date":"2026-03-18","status":"decyzja wydana","description":"dot. budowy budynku mieszkalnego jednorodzinnego dwulokalowego oraz 2 zbiorniki bezodpływowe","address":"Radzewo","city":"Radzewo","office":"Starosta Powiatu Poznań","case_kind":"Budynek mieszkalny jednorodzinny","parcel_ids":["302109_5.0017.56/39"],"location_quality":"dokładny","gunb_url":"https://wyszukiwarka.gunb.gov.pl/","parcel_count":1,"parcel_shard":"x068-y208","parcel_id":"302109_5.0017.56/39","location_source":"powiat poznański (wfs)"}},{"type":"Feature","id":"ST-WK-PO/WNIOSEK/405/2026::302109_5.0020.144/40","geometry":{"type":"Polygon","coordinates":[[[17.0540482597972,52.2490641923897],[17.0541208254634,52.2493220996453],[17.054149557339,52.2494033115277],[17.05361248111,52.2493798627763],[17.0536560776726,52.2490033463546],[17.0539627241825,52.2490167694715],[17.0540482597972,52.2490641923897]]]},"properties":{"case_id":"ST-WK-PO/WNIOSEK/405/2026","source_type":"wniosek_decyzja","received_date":"2026-01-09","decision_date":"2026-05-18","status":"decyzja wydana","description":"dot. budynku garażowego, zbiornika na ścieki i studni wraz z rozbiórką istniejącego zbiornika na ścieki i studni","address":"Osiedle Lipowe, Mościenica","city":"Mościenica","office":"Starosta Powiatu Poznań","case_kind":"Obiekt budowlany inny niż budynek mieszkalny jednorodzinny","parcel_ids":["302109_5.0020.144/40"],"location_quality":"dokładny","gunb_url":"https://wyszukiwarka.gunb.gov.pl/","parcel_count":1,"parcel_shard":"x068-y208","parcel_id":"302109_5.0020.144/40","location_source":"powiat poznański (wfs)"}},{"type":"Feature","id":"ST-WK-PO/WNIOSEK/938/2026::302109_5.0020.144/45","geometry":{"type":"Polygon","coordinates":[[[17.054635162374,52.2493956966623],[17.05494941205,52.2494098072549],[17.0550801013926,52.2494204705288],[17.0550271606515,52.24984445902],[17.0547887469516,52.2498311356227],[17.054635162374,52.2493956966623]]]},"properties":{"case_id":"ST-WK-PO/WNIOSEK/938/2026","source_type":"wniosek_decyzja","received_date":"2026-01-19","decision_date":"2026-02-27","status":"decyzja wydana","description":"dot. zmiany pozwolenia na budowę z dnia 06.11.2017 r. dec. 6202/17 (AB.6740.10.494.2017.XIX) - budynek mieszkalny jednorodzinny dwulokalowy","address":"Mościenica","city":"Mościenica","office":"Starosta Powiatu Poznań","case_kind":"Budynek mieszkalny jednorodzinny","parcel_ids":["302109_5.0020.144/45"],"location_quality":"dokładny","gunb_url":"https://wyszukiwarka.gunb.gov.pl/","parcel_count":1,"parcel_shard":"x068-y208","parcel_id":"302109_5.0020.144/45","location_source":"powiat poznański (wfs)"}},{"type":"Feature","id":"ST-WK-PO/WNIOSEK/941/2026::302109_5.0020.144/46","geometry":{"type":"Polygon","coordinates":[[[17.0550801013926,52.2494204705288],[17.0552106443799,52.249431132496],[17.055500967473,52.2494548470252],[17.0554297067492,52.2496137120195],[17.0553187527691,52.2498608028689],[17.0550271606515,52.24984445902],[17.0550801013926,52.2494204705288]]]},"properties":{"case_id":"ST-WK-PO/WNIOSEK/941/2026","source_type":"wniosek_decyzja","received_date":"2026-01-19","decision_date":"2026-02-27","status":"decyzja wydana","description":"dot. zmiany pozwolenia na budowę z dnia 06.11.2017 r. dec. 6192/17 (AB.6740.10.493.2017.XIX) - budynek mieszkalny jednorodzinny dwulokalowy","address":"Mościenica","city":"Mościenica","office":"Starosta Powiatu Poznań","case_kind":"Budynek mieszkalny jednorodzinny","parcel_ids":["302109_5.0020.144/46"],"location_quality":"dokładny","gunb_url":"https://wyszukiwarka.gunb.gov.pl/","parcel_count":1,"parcel_shard":"x068-y208","parcel_id":"302109_5.0020.144/46","location_source":"powiat poznański (wfs)"}},{"type":"Feature","id":"PL-WP/ZGŁOSZENIE/3414/2025::302110_5.0008.104/7","geometry":{"type":"Polygon","coordinates":[[[17.0077460841548,52.2392104267413],[17.0081007724501,52.2391989720553],[17.0082103136121,52.2392378521883],[17.0082924209735,52.2392726254637],[17.0084300835265,52.2393294469542],[17.0086979840473,52.2394154066235],[17.0088392232687,52.2394630296975],[17.0089659346702,52.2395058878956],[17.0095046979706,52.2396715485666],[17.0094440516683,52.2397906868625],[17.0088467859139,52.2396111771662],[17.0086140565832,52.2395345587848],[17.0077460841548,52.2392104267413]]]},"properties":{"case_id":"PL-WP/ZGŁOSZENIE/3414/2025","source_type":"zgloszenie","received_date":"2025-10-21","decision_date":null,"status":"Brak sprzeciwu","description":"budowa kanalizacji deszczowej","address":"Mieczewo","city":"Mieczewo","office":"Wojewoda Wielkopolski","case_kind":"budowa nowego/nowych obiektów budowlanych","parcel_ids":["302110_5.0008.104/7","302110_5.0008.154/2","302110_5.0008.79/2"],"location_quality":"dokładny","gunb_url":"https://wyszukiwarka.gunb.gov.pl/","parcel_count":3,"parcel_shard":"x068-y208","parcel_id":"302110_5.0008.104/7","location_source":"powiat poznański (wfs)"}},{"type":"Feature","id":"PL-WP/ZGŁOSZENIE/3414/2025::302110_5.0008.154/2","geometry":{"type":"Polygon","coordinates":[[[17.0074470445084,52.2390825530284],[17.007312576874,52.2392172552038],[17.00662605194,52.2391538217163],[17.0070430547599,52.2388991519196],[17.0074470445084,52.2390825530284]]]},"properties":{"case_id":"PL-WP/ZGŁOSZENIE/3414/2025","source_type":"zgloszenie","received_date":"2025-10-21","decision_date":null,"status":"Brak sprzeciwu","description":"budowa kanalizacji deszczowej","address":"Mieczewo","city":"Mieczewo","office":"Wojewoda Wielkopolski","case_kind":"budowa nowego/nowych obiektów budowlanych","parcel_ids":["302110_5.0008.104/7","302110_5.0008.154/2","302110_5.0008.79/2"],"location_quality":"dokładny","gunb_url":"https://wyszukiwarka.gunb.gov.pl/","parcel_count":3,"parcel_shard":"x068-y208","parcel_id":"302110_5.0008.154/2","location_source":"powiat poznański (wfs)"}},{"type":"Feature","id":"PL-WP/ZGŁOSZENIE/3414/2025::302110_5.0008.79/2","geometry":{"type":"Polygon","coordinates":[[[17.0059900926167,52.2391187229364],[17.0059646566812,52.2391240978544],[17.0059149103028,52.2391418337777],[17.0057816213046,52.2390593695652],[17.005923632582,52.2390201194925],[17.0059340554764,52.2390188590689],[17.0061545476559,52.2390185585988],[17.0062906898598,52.2390454105353],[17.0064278156154,52.2391191729806],[17.006496860857,52.23914362329],[17.00662605194,52.2391538217163],[17.007312576874,52.2392172552038],[17.0075223601532,52.2392292988162],[17.0077460841695,52.2392104267415],[17.0086140565832,52.2395345587848],[17.0083342449949,52.2394701133191],[17.0074372901473,52.2393622681817],[17.0068442039879,52.2392899593187],[17.0066764298556,52.2392680660015],[17.0066492404492,52.2392347950391],[17.0064733108821,52.2391842361498],[17.0063394932028,52.2391457827634],[17.0061380955231,52.2390961940379],[17.0060533704632,52.239102724768],[17.0059900926167,52.2391187229364]]]},"properties":{"case_id":"PL-WP/ZGŁOSZENIE/3414/2025","source_type":"zgloszenie","received_date":"2025-10-21","decision_date":null,"status":"Brak sprzeciwu","description":"budowa kanalizacji deszczowej","address":"Mieczewo","city":"Mieczewo","office":"Wojewoda Wielkopolski","case_kind":"budowa nowego/nowych obiektów budowlanych","parcel_ids":["302110_5.0008.104/7","302110_5.0008.154/2","302110_5.0008.79/2"],"location_quality":"dokładny","gunb_url":"https://wyszukiwarka.gunb.gov.pl/","parcel_count":3,"parcel_shard":"x068-y208","parcel_id":"302110_5.0008.79/2","location_source":"powiat poznański (wfs)"}},{"type":"Feature","id":"PL-WP/ZGŁOSZENIE/1445/2026::302110_5.0008.104/7","geometry":{"type":"Polygon","coordinates":[[[17.0077460841548,52.2392104267413],[17.0081007724501,52.2391989720553],[17.0082103136121,52.2392378521883],[17.0082924209735,52.2392726254637],[17.0084300835265,52.2393294469542],[17.0086979840473,52.2394154066235],[17.0088392232687,52.2394630296975],[17.0089659346702,52.2395058878956],[17.0095046979706,52.2396715485666],[17.0094440516683,52.2397906868625],[17.0088467859139,52.2396111771662],[17.0086140565832,52.2395345587848],[17.0077460841548,52.2392104267413]]]},"properties":{"case_id":"PL-WP/ZGŁOSZENIE/1445/2026","source_type":"zgloszenie","received_date":"2026-05-04","decision_date":null,"status":"Brak sprzeciwu","description":"Budowa odcinka sieci kanalizacji deszczowej DN600 w pasie DW nr 431 w Mieczewie","address":"Mieczewo","city":"Mieczewo","office":"Wojewoda Wielkopolski","case_kind":"budowa nowego/nowych obiektów budowlanych","parcel_ids":["302110_5.0008.104/7","302110_5.0008.154/2","302110_5.0008.366","302110_5.0008.79/2"],"location_quality":"dokładny","gunb_url":"https://wyszukiwarka.gunb.gov.pl/","parcel_count":4,"parcel_shard":"x068-y208","parcel_id":"302110_5.0008.104/7","location_source":"powiat poznański (wfs)"}},{"type":"Feature","id":"PL-WP/ZGŁOSZENIE/1445/2026::302110_5.0008.154/2","geometry":{"type":"Polygon","coordinates":[[[17.0074470445084,52.2390825530284],[17.007312576874,52.2392172552038],[17.00662605194,52.2391538217163],[17.0070430547599,52.2388991519196],[17.0074470445084,52.2390825530284]]]},"properties":{"case_id":"PL-WP/ZGŁOSZENIE/1445/2026","source_type":"zgloszenie","received_date":"2026-05-04","decision_date":null,"status":"Brak sprzeciwu","description":"Budowa odcinka sieci kanalizacji deszczowej DN600 w pasie DW nr 431 w Mieczewie","address":"Mieczewo","city":"Mieczewo","office":"Wojewoda Wielkopolski","case_kind":"budowa nowego/nowych obiektów budowlanych","parcel_ids":["302110_5.0008.104/7","302110_5.0008.154/2","302110_5.0008.366","302110_5.0008.79/2"],"location_quality":"dokładny","gunb_url":"https://wyszukiwarka.gunb.gov.pl/","parcel_count":4,"parcel_shard":"x068-y208","parcel_id":"302110_5.0008.154/2","location_source":"powiat poznański (wfs)"}},{"type":"Feature","id":"PL-WP/ZGŁOSZENIE/1445/2026::302110_5.0008.366","geometry":{"type":"Polygon","coordinates":[[[17.0074372901473,52.2393622681817],[17.0083342449949,52.2394701133191],[17.0086140565832,52.2395345587848],[17.0088467859139,52.2396111771662],[17.009064008595,52.239732935537],[17.0101215595407,52.2403288691725],[17.0100772135727,52.2403916119273],[17.0113536648122,52.2411210757636],[17.0131255314777,52.2421221751944],[17.0141187791516,52.2425655524913],[17.0145565964009,52.2427398690213],[17.0149343039843,52.2429229148356],[17.0156083115473,52.2432271008123],[17.0158265249367,52.2433278354951],[17.0166186596771,52.2436346319486],[17.0169425454021,52.2437414967236],[17.0165864978988,52.2439528759771],[17.0176351372396,52.2445909500635],[17.0180356497209,52.2447735984393],[17.0174255910663,52.2452166936495],[17.0187419368098,52.2459748496128],[17.0182152935568,52.2463565493603],[17.0085638816297,52.2407769059003],[17.008098730419,52.2405103548361],[17.0068715714574,52.2398150901402],[17.0074372901473,52.2393622681817]]]},"properties":{"case_id":"PL-WP/ZGŁOSZENIE/1445/2026","source_type":"zgloszenie","received_date":"2026-05-04","decision_date":null,"status":"Brak sprzeciwu","description":"Budowa odcinka sieci kanalizacji deszczowej DN600 w pasie DW nr 431 w Mieczewie","address":"Mieczewo","city":"Mieczewo","office":"Wojewoda Wielkopolski","case_kind":"budowa nowego/nowych obiektów budowlanych","parcel_ids":["302110_5.0008.104/7","302110_5.0008.154/2","302110_5.0008.366","302110_5.0008.79/2"],"location_quality":"dokładny","gunb_url":"https://wyszukiwarka.gunb.gov.pl/","parcel_count":4,"parcel_shard":"x068-y208","parcel_id":"302110_5.0008.366","location_source":"powiat poznański (wfs)"}},{"type":"Feature","id":"PL-WP/ZGŁOSZENIE/1445/2026::302110_5.0008.79/2","geometry":{"type":"Polygon","coordinates":[[[17.0059900926167,52.2391187229364],[17.0059646566812,52.2391240978544],[17.0059149103028,52.2391418337777],[17.0057816213046,52.2390593695652],[17.005923632582,52.2390201194925],[17.0059340554764,52.2390188590689],[17.0061545476559,52.2390185585988],[17.0062906898598,52.2390454105353],[17.0064278156154,52.2391191729806],[17.006496860857,52.23914362329],[17.00662605194,52.2391538217163],[17.007312576874,52.2392172552038],[17.0075223601532,52.2392292988162],[17.0077460841695,52.2392104267415],[17.0086140565832,52.2395345587848],[17.0083342449949,52.2394701133191],[17.0074372901473,52.2393622681817],[17.0068442039879,52.2392899593187],[17.0066764298556,52.2392680660015],[17.0066492404492,52.2392347950391],[17.0064733108821,52.2391842361498],[17.0063394932028,52.2391457827634],[17.0061380955231,52.2390961940379],[17.0060533704632,52.239102724768],[17.0059900926167,52.2391187229364]]]},"properties":{"case_id":"PL-WP/ZGŁOSZENIE/1445/2026","source_type":"zgloszenie","received_date":"2026-05-04","decision_date":null,"status":"Brak sprzeciwu","description":"Budowa odcinka sieci kanalizacji deszczowej DN600 w pasie DW nr 431 w Mieczewie","address":"Mieczewo","city":"Mieczewo","office":"Wojewoda Wielkopolski","case_kind":"budowa nowego/nowych obiektów budowlanych","parcel_ids":["302110_5.0008.104/7","302110_5.0008.154/2","302110_5.0008.366","302110_5.0008.79/2"],"location_quality":"dokładny","gunb_url":"https://wyszukiwarka.gunb.gov.pl/","parcel_count":4,"parcel_shard":"x068-y208","parcel_id":"302110_5.0008.79/2","location_source":"powiat poznański (wfs)"}},{"type":"Feature","id":"ST-WK-PO/WNIOSEK/11608/2026::302110_5.0008.120","geometry":{"type":"Polygon","coordinates":[[[17.001862516036,52.2420607420942],[17.0023260949286,52.2421769214813],[17.0021011483741,52.2424727807961],[17.0019003019184,52.2426884026568],[17.0018760344881,52.2427135484112],[17.0016427043225,52.242643907115],[17.0013593956529,52.2425593392017],[17.0016465940452,52.2422873017856],[17.001862516036,52.2420607420942]]]},"properties":{"case_id":"ST-WK-PO/WNIOSEK/11608/2026","source_type":"wniosek_decyzja","received_date":"2026-06-17","decision_date":"2026-08-13","status":"decyzja wydana","description":"dot. wniosku o pozwolenie na budowę 3 budynków mieszkalnych jednorodzinnych, drogi wewnętrznej trzech zb.bo i trzech studni- ujęcia własne","address":"Mieczewo","city":"Mieczewo","office":"Starosta Powiatu Poznań","case_kind":"Budynek mieszkalny jednorodzinny","parcel_ids":["302110_5.0008.120"],"location_quality":"dokładny","gunb_url":"https://wyszukiwarka.gunb.gov.pl/","parcel_count":1,"parcel_shard":"x068-y208","parcel_id":"302110_5.0008.120","location_source":"powiat poznański (wfs)"}},{"type":"Feature","id":"ST-WK-PO/WNIOSEK/2762/2026::302110_5.0008.212/14","geometry":{"type":"Polygon","coordinates":[[[17.0107763050204,52.2348678833601],[17.0112414128901,52.2350512712981],[17.0110566837305,52.2352217545524],[17.0105965677181,52.2350442499594],[17.0107763050204,52.2348678833601]]]},"properties":{"case_id":"ST-WK-PO/WNIOSEK/2762/2026","source_type":"wniosek_decyzja","received_date":"2026-02-16","decision_date":"2026-06-09","status":"decyzja wydana","description":"dot. budowy budynku mieszkalnego jednorodzinnego wolnostojącego","address":"Mieczewo","city":"Mieczewo","office":"Starosta Powiatu Poznań","case_kind":"Budynek mieszkalny jednorodzinny","parcel_ids":["302110_5.0008.212/14"],"location_quality":"dokładny","gunb_url":"https://wyszukiwarka.gunb.gov.pl/","parcel_count":1,"parcel_shard":"x068-y208","parcel_id":"302110_5.0008.212/14","location_source":"powiat poznański (wfs)"}},{"type":"Feature","id":"ST-WK-PO/WNIOSEK/21377/2025::302110_5.0008.270/2","geometry":{"type":"Polygon","coordinates":[[[17.0045629925473,52.2348826983427],[17.0047259718679,52.2345206865622],[17.005063028025,52.2346093638575],[17.0049109724687,52.23496742356],[17.0045629925473,52.2348826983427]]]},"properties":{"case_id":"ST-WK-PO/WNIOSEK/21377/2025","source_type":"wniosek_decyzja","received_date":"2025-10-17","decision_date":"2026-01-09","status":"decyzja wydana","description":"Wniosek o pozwolenie na budowę budynku mieszkalnego jednorodzinnego wolnostojącego wraz ze zbiornikiem bezodpływowym","address":"Mieczewo","city":"Mieczewo","office":"Starosta Powiatu Poznań","case_kind":"Budynek mieszkalny jednorodzinny","parcel_ids":["302110_5.0008.270/2"],"location_quality":"dokładny","gunb_url":"https://wyszukiwarka.gunb.gov.pl/","parcel_count":1,"parcel_shard":"x068-y208","parcel_id":"302110_5.0008.270/2","location_source":"powiat poznański (wfs)"}},{"type":"Feature","id":"ST-WK-PO/WNIOSEK/2603/2026::302110_5.0008.305","geometry":{"type":"Polygon","coordinates":[[[17.0086979840473,52.2394154066235],[17.0089287457802,52.2392702279009],[17.0091076193654,52.2391576892651],[17.0092566251027,52.2390639960682],[17.0097320190678,52.2391980115691],[17.0096899952147,52.2392917581586],[17.0092577266633,52.239249302553],[17.0090856732864,52.2393228184355],[17.0090211014607,52.2393494201838],[17.0088392232687,52.2394630296975],[17.0086979840473,52.2394154066235]]]},"properties":{"case_id":"ST-WK-PO/WNIOSEK/2603/2026","source_type":"wniosek_decyzja","received_date":"2026-02-12","decision_date":"2026-04-29","status":"decyzja wydana","description":"dot. budowy budynku mieszkalnego jednorodzinnego wolnostojącego ze szczelnym zbiornikiem na ścieki bytowe kat. I","address":"Mieczewo","city":"Mieczewo","office":"Starosta Powiatu Poznań","case_kind":"Budynek mieszkalny jednorodzinny","parcel_ids":["302110_5.0008.305"],"location_quality":"dokładny","gunb_url":"https://wyszukiwarka.gunb.gov.pl/","parcel_count":1,"parcel_shard":"x068-y208","parcel_id":"302110_5.0008.305","location_source":"powiat poznański (wfs)"}},{"type":"Feature","id":"ST-WK-SW/WNIOSEK/4038/2026::302502_2.0004.19","geometry":{"type":"Polygon","coordinates":[[[17.2419977364428,52.1153927568795],[17.2434950646826,52.1152424338618],[17.244058318396,52.1165534462557],[17.2439977015347,52.11656326747],[17.244194784921,52.116903445262],[17.2442041605267,52.1169515806729],[17.2442869980919,52.1171953199236],[17.242856871353,52.1173871262761],[17.2419977364428,52.1153927568795]]]},"properties":{"case_id":"ST-WK-SW/WNIOSEK/4038/2026","source_type":"wniosek_decyzja","received_date":"2025-12-23","decision_date":"2026-01-29","status":"decyzja wydana","description":"projekt zamienny dot. budowy hali magazynowej pasz","address":"Młodzikowice","city":"Młodzikowice","office":"Starosta Powiatu Środa Wielkopolska","case_kind":"Obiekt budowlany inny niż budynek mieszkalny jednorodzinny","parcel_ids":["302502_2.0004.19","302502_2.0004.21"],"location_quality":"dokładny","gunb_url":"https://wyszukiwarka.gunb.gov.pl/","parcel_count":2,"parcel_shard":"x068-y208","parcel_id":"302502_2.0004.19","location_source":"powiat średzki (wfs)"}},{"type":"Feature","id":"ST-WK-SW/WNIOSEK/4038/2026::302502_2.0004.21","geometry":{"type":"Polygon","coordinates":[[[17.2437750422272,52.1152139350757],[17.2442896775028,52.1166390711492],[17.2457593491558,52.1164928954285],[17.2456455502431,52.1170135479851],[17.2451266199036,52.1170830302361],[17.2442869980919,52.1171953199236],[17.2442041605267,52.1169515806729],[17.244194784921,52.116903445262],[17.2439977015347,52.11656326747],[17.244058318396,52.1165534462557],[17.2434950646826,52.1152424338618],[17.2437750422272,52.1152139350757]]]},"properties":{"case_id":"ST-WK-SW/WNIOSEK/4038/2026","source_type":"wniosek_decyzja","received_date":"2025-12-23","decision_date":"2026-01-29","status":"decyzja wydana","description":"projekt zamienny dot. budowy hali magazynowej pasz","address":"Młodzikowice","city":"Młodzikowice","office":"Starosta Powiatu Środa Wielkopolska","case_kind":"Obiekt budowlany inny niż budynek mieszkalny jednorodzinny","parcel_ids":["302502_2.0004.19","302502_2.0004.21"],"location_quality":"dokładny","gunb_url":"https://wyszukiwarka.gunb.gov.pl/","parcel_count":2,"parcel_shard":"x068-y208","parcel_id":"302502_2.0004.21","location_source":"powiat średzki (wfs)"}},{"type":"Feature","id":"ST-WK-SW/WNIOSEK/4711/2026::302504_4.0004.3677/2","geometry":{"type":"Polygon","coordinates":[[[17.2491886196571,52.2298904423869],[17.2491979631946,52.2298998350467],[17.2493941887798,52.2300978896888],[17.2496151840503,52.2303208120401],[17.2497221218555,52.2304286050643],[17.2497471884349,52.2304539209933],[17.2498053318231,52.2305126935407],[17.2499925130449,52.2307014432152],[17.2502780360406,52.2309894879107],[17.2507133762595,52.2314288902085],[17.2511304827624,52.2318500431867],[17.2511848802697,52.2319097185827],[17.2510065174969,52.2319764921754],[17.250332898878,52.2319710640221],[17.2501245489269,52.2319683957185],[17.2493573621716,52.2319617772267],[17.2488872848749,52.2315177984696],[17.2487768627897,52.2315597744123],[17.2486846488443,52.2315947402528],[17.247978098811,52.2318627385644],[17.2479107205179,52.2317527468761],[17.2478379663235,52.2316837056764],[17.2473677255135,52.2317746317121],[17.2471938381815,52.2315971344029],[17.2468367885663,52.2312326655031],[17.2464793000658,52.2308677483409],[17.2461652777852,52.2305471138865],[17.2459266132389,52.2303035067548],[17.2468570247228,52.2300287935065],[17.2472934975413,52.2298999330029],[17.2478833812904,52.2297258305471],[17.2487668115555,52.2294649921926],[17.2491886196571,52.2298904423869]]]},"properties":{"case_id":"ST-WK-SW/WNIOSEK/4711/2026","source_type":"wniosek_decyzja","received_date":"2025-09-08","decision_date":"2025-11-13","status":"decyzja wydana","description":"Rozbudowa instalacji fotowoltaicznej o 300 kW na dachu istniejącego budynku produkcyjno-magazynowego","address":"Kórnicka 52, Środa Wielkopolska","city":"Środa Wielkopolska","office":"Starosta Powiatu Środa Wielkopolska","case_kind":"Obiekt budowlany inny niż budynek mieszkalny jednorodzinny","parcel_ids":["302504_4.0004.AR_12.3677/2"],"location_quality":"dokładny","gunb_url":"https://wyszukiwarka.gunb.gov.pl/","parcel_count":1,"parcel_shard":"x068-y208","parcel_id":"302504_4.0004.3677/2","location_source":"powiat średzki (wfs)"}},{"type":"Feature","id":"ST-WK-SW/WNIOSEK/22851/2025::302504_4.0004.460/16","geometry":{"type":"Polygon","coordinates":[[[17.246087283074,52.2392913005837],[17.2458295526844,52.2393854634821],[17.2453683478697,52.2389127194412],[17.2454694104229,52.2388755264835],[17.2456251153606,52.2388181216917],[17.246087283074,52.2392913005837]]]},"properties":{"case_id":"ST-WK-SW/WNIOSEK/22851/2025","source_type":"wniosek_decyzja","received_date":"2025-09-26","decision_date":"2025-11-04","status":"decyzja wydana","description":"Buidowa budynku mieszkalnego jednorodzinnego dwulokalowego .","address":"Kosynierów, Środa Wielkopolska","city":"Środa Wielkopolska","office":"Starosta Powiatu Środa Wielkopolska","case_kind":"Budynek mieszkalny jednorodzinny","parcel_ids":["302504_4.0004.AR_7.460/16"],"location_quality":"dokładny","gunb_url":"https://wyszukiwarka.gunb.gov.pl/","parcel_count":1,"parcel_shard":"x068-y208","parcel_id":"302504_4.0004.460/16","location_source":"powiat średzki (wfs)"}},{"type":"Feature","id":"ST-WK-SW/WNIOSEK/24958/2025::302504_4.0004.460/16","geometry":{"type":"Polygon","coordinates":[[[17.246087283074,52.2392913005837],[17.2458295526844,52.2393854634821],[17.2453683478697,52.2389127194412],[17.2454694104229,52.2388755264835],[17.2456251153606,52.2388181216917],[17.246087283074,52.2392913005837]]]},"properties":{"case_id":"ST-WK-SW/WNIOSEK/24958/2025","source_type":"wniosek_decyzja","received_date":"2025-11-04","decision_date":"2025-11-28","status":"decyzja wydana","description":"Budowa budynku magazynowego","address":"Kosynierów, Środa Wielkopolska","city":"Środa Wielkopolska","office":"Starosta Powiatu Środa Wielkopolska","case_kind":"Obiekt budowlany inny niż budynek mieszkalny jednorodzinny","parcel_ids":["302504_4.0004.AR_7.460/16"],"location_quality":"dokładny","gunb_url":"https://wyszukiwarka.gunb.gov.pl/","parcel_count":1,"parcel_shard":"x068-y208","parcel_id":"302504_4.0004.460/16","location_source":"powiat średzki (wfs)"}},{"type":"Feature","id":"ST-WK-SW/WNIOSEK/12202/2026::302504_4.0004.479/11","geometry":{"type":"Polygon","coordinates":[[[17.2451316749759,52.2368901007858],[17.2454454293298,52.2367761630738],[17.2456236740553,52.2369612843292],[17.2457118630227,52.2370528052813],[17.2458012035908,52.237145501948],[17.2459873636266,52.237338852182],[17.2456846748775,52.2374112027404],[17.2455729220435,52.2372952194088],[17.2455127685848,52.2372856673029],[17.2451316749759,52.2368901007858]]]},"properties":{"case_id":"ST-WK-SW/WNIOSEK/12202/2026","source_type":"wniosek_decyzja","received_date":"2026-04-30","decision_date":"2026-06-25","status":"decyzja wydana","description":"Budowa dwóch budynków mieszkalnych jednorodzinnych dwulokalowych w zabudowie bliźniaczej (segmenty 3 i 4)","address":"Środa Wielkopolska","city":"Środa Wielkopolska","office":"Starosta Powiatu Środa Wielkopolska","case_kind":"Budynek mieszkalny jednorodzinny","parcel_ids":["302504_4.0004.AR_7.479/11"],"location_quality":"dokładny","gunb_url":"https://wyszukiwarka.gunb.gov.pl/","parcel_count":1,"parcel_shard":"x068-y208","parcel_id":"302504_4.0004.479/11","location_source":"powiat średzki (wfs)"}},{"type":"Feature","id":"ST-WK-SW/WNIOSEK/12205/2026::302504_4.0004.479/11","geometry":{"type":"Polygon","coordinates":[[[17.2451316749759,52.2368901007858],[17.2454454293298,52.2367761630738],[17.2456236740553,52.2369612843292],[17.2457118630227,52.2370528052813],[17.2458012035908,52.237145501948],[17.2459873636266,52.237338852182],[17.2456846748775,52.2374112027404],[17.2455729220435,52.2372952194088],[17.2455127685848,52.2372856673029],[17.2451316749759,52.2368901007858]]]},"properties":{"case_id":"ST-WK-SW/WNIOSEK/12205/2026","source_type":"wniosek_decyzja","received_date":"2026-04-30","decision_date":"2026-06-25","status":"decyzja wydana","description":"Budowa dwóch budynków mioeszkalnych jednorodzinnych dwulokalowych w zabudowie bliźniaczej (segment 1 i 2)","address":"Środa Wielkopolska","city":"Środa Wielkopolska","office":"Starosta Powiatu Środa Wielkopolska","case_kind":"Budynek mieszkalny jednorodzinny","parcel_ids":["302504_4.0004.AR_7.479/11"],"location_quality":"dokładny","gunb_url":"https://wyszukiwarka.gunb.gov.pl/","parcel_count":1,"parcel_shard":"x068-y208","parcel_id":"302504_4.0004.479/11","location_source":"powiat średzki (wfs)"}},{"type":"Feature","id":"ST-WK-SW/WNIOSEK/999/2026::302504_4.0004.487/2","geometry":{"type":"Polygon","coordinates":[[[17.2469618938107,52.2362809532449],[17.2471151630415,52.2364387713689],[17.2470966006752,52.2364980973085],[17.2467825832455,52.236614047079],[17.2467465919782,52.2365770328614],[17.2466548359809,52.2364826216186],[17.2465907413229,52.2364167750819],[17.2469618938107,52.2362809532449]]]},"properties":{"case_id":"ST-WK-SW/WNIOSEK/999/2026","source_type":"wniosek_decyzja","received_date":"2025-11-17","decision_date":"2026-01-19","status":"decyzja wydana","description":"Budow budynku mieszkalnego jednorodzinnego - projekt zamienny","address":"Tulipanowa, Środa Wielkopolska","city":"Środa Wielkopolska","office":"Starosta Powiatu Środa Wielkopolska","case_kind":"Budynek mieszkalny jednorodzinny","parcel_ids":["302504_4.0004.AR_7.487/2"],"location_quality":"dokładny","gunb_url":"https://wyszukiwarka.gunb.gov.pl/","parcel_count":1,"parcel_shard":"x068-y208","parcel_id":"302504_4.0004.487/2","location_source":"powiat średzki (wfs)"}},{"type":"Feature","id":"ST-WK-SW/WNIOSEK/619/2026::302504_5.0013.113/4","geometry":{"type":"Polygon","coordinates":[[[17.1969692319604,52.2312068594047],[17.1972651949451,52.2307836604843],[17.1972606141429,52.2307553630958],[17.1978278721302,52.230979542243],[17.19764425907,52.231101510893],[17.1975055934842,52.2313500345922],[17.1969692319604,52.2312068594047]]]},"properties":{"case_id":"ST-WK-SW/WNIOSEK/619/2026","source_type":"wniosek_decyzja","received_date":"2026-01-13","decision_date":"2026-03-10","status":"decyzja wydana","description":"przebudowa z rozbudową i zmianą sposobu  użytkowania budynku mieszkalnego jednorodzinnego","address":"Koszuty","city":"Koszuty","office":"Starosta Powiatu Środa Wielkopolska","case_kind":"Budynek mieszkalny jednorodzinny","parcel_ids":["302504_5.0013.113/4"],"location_quality":"dokładny","gunb_url":"https://wyszukiwarka.gunb.gov.pl/","parcel_count":1,"parcel_shard":"x068-y208","parcel_id":"302504_5.0013.113/4","location_source":"powiat średzki (wfs)"}},{"type":"Feature","id":"ST-WK-SW/WNIOSEK/13370/2026::302504_5.0013.160/1","geometry":{"type":"Polygon","coordinates":[[[17.204486390758,52.2369039598619],[17.2041954341478,52.2370398769817],[17.2037634887809,52.2366909862355],[17.2040543877017,52.2365546711366],[17.204486390758,52.2369039598619]]]},"properties":{"case_id":"ST-WK-SW/WNIOSEK/13370/2026","source_type":"wniosek_decyzja","received_date":"2026-03-30","decision_date":"2026-04-30","status":"decyzja wydana","description":"budowa budynku gospodarczo-garażowego","address":"Koszuty","city":"Koszuty","office":"Starosta Powiatu Środa Wielkopolska","case_kind":"Obiekt budowlany inny niż budynek mieszkalny jednorodzinny","parcel_ids":["302504_5.0013.160/1"],"location_quality":"dokładny","gunb_url":"https://wyszukiwarka.gunb.gov.pl/","parcel_count":1,"parcel_shard":"x068-y208","parcel_id":"302504_5.0013.160/1","location_source":"powiat średzki (wfs)"}},{"type":"Feature","id":"ST-WK-SW/WNIOSEK/13379/2026::302504_5.0013.363","geometry":{"type":"Polygon","coordinates":[[[17.2011131323473,52.2379332120245],[17.2014951332196,52.2377537049072],[17.2018938636914,52.2380752528382],[17.2019114558407,52.2380895561165],[17.2021854919364,52.2379620404714],[17.2024595262746,52.2378345241437],[17.2025921282359,52.2379418849636],[17.2046848339452,52.239625555708],[17.2066027413923,52.2411684541654],[17.2055028820072,52.2414707306952],[17.2011131323473,52.2379332120245]]]},"properties":{"case_id":"ST-WK-SW/WNIOSEK/13379/2026","source_type":"wniosek_decyzja","received_date":"2026-03-16","decision_date":"2026-04-15","status":"decyzja wydana","description":"rozbiórka części budynku mieszkalnego jednorodzinnego","address":"Koszuty","city":"Koszuty","office":"Starosta Powiatu Środa Wielkopolska","case_kind":"Budynek mieszkalny jednorodzinny","parcel_ids":["302504_5.0013.363"],"location_quality":"dokładny","gunb_url":"https://wyszukiwarka.gunb.gov.pl/","parcel_count":1,"parcel_shard":"x068-y208","parcel_id":"302504_5.0013.363","location_source":"powiat średzki (wfs)"}},{"type":"Feature","id":"ST-WK-SW/WNIOSEK/13286/2026::302504_5.0019.7/7","geometry":{"type":"Polygon","coordinates":[[[17.2487964250489,52.1932897313909],[17.2462108953491,52.1941402579651],[17.2430140342851,52.1951917621898],[17.242903476312,52.1946345496243],[17.2436245997314,52.1941709894562],[17.2441590078384,52.1939415941696],[17.2442194762849,52.1938577800987],[17.2436289668505,52.192936797172],[17.2428724254485,52.191756804302],[17.2415860640991,52.1897502867607],[17.243998908699,52.1909348229686],[17.2457161327463,52.1917777903404],[17.2463976034068,52.19211230144],[17.2476858802619,52.1927438508427],[17.2487964250489,52.1932897313909]]]},"properties":{"case_id":"ST-WK-SW/WNIOSEK/13286/2026","source_type":"wniosek_decyzja","received_date":"2026-04-10","decision_date":"2026-05-13","status":"decyzja wydana","description":"rozbudowa budynku mieszkalnego jednorodzinnego o pomieszczenie mieszkalne","address":"Strzeszki","city":"Strzeszki","office":"Starosta Powiatu Środa Wielkopolska","case_kind":"Budynek mieszkalny jednorodzinny","parcel_ids":["302504_5.0019.7/7"],"location_quality":"dokładny","gunb_url":"https://wyszukiwarka.gunb.gov.pl/","parcel_count":1,"parcel_shard":"x068-y208","parcel_id":"302504_5.0019.7/7","location_source":"powiat średzki (wfs)"}},{"type":"Feature","id":"ST-WK-SW/WNIOSEK/25975/2025::302504_5.0024.254/11","geometry":{"type":"Polygon","coordinates":[[[17.184881937057,52.2213397372938],[17.1851219102628,52.2211895880656],[17.1854046664578,52.2210125900611],[17.1856875683725,52.220835502506],[17.1859707639707,52.2206582365404],[17.1862541052796,52.2204808810214],[17.1865375922955,52.220303435948],[17.1871375716091,52.219927829179],[17.1887715184123,52.220912375409],[17.1893554661285,52.2212719505334],[17.1892542838138,52.2213474732442],[17.1890580118743,52.2214853479988],[17.1888895380708,52.2216075048187],[17.1887164218001,52.2217273825021],[17.1883110703451,52.2217901175618],[17.1877015119207,52.2222407135772],[17.1871418683335,52.2226580353367],[17.1853950166944,52.2216439262872],[17.184881937057,52.2213397372938]]]},"properties":{"case_id":"ST-WK-SW/WNIOSEK/25975/2025","source_type":"wniosek_decyzja","received_date":"2025-12-22","decision_date":"2026-02-17","status":"decyzja wydana","description":"budowa budynku mieszkalnego jednorodzinnego oraz dwóch zbiorników na ścieki","address":"Lorenka","city":"Lorenka","office":"Starosta Powiatu Środa Wielkopolska","case_kind":"Budynek mieszkalny jednorodzinny","parcel_ids":["302504_5.0024.254/11"],"location_quality":"dokładny","gunb_url":"https://wyszukiwarka.gunb.gov.pl/","parcel_count":1,"parcel_shard":"x068-y208","parcel_id":"302504_5.0024.254/11","location_source":"powiat średzki (wfs)"}},{"type":"Feature","id":"ST-WK-SW/WNIOSEK/23591/2025::302504_5.0024.305/39","geometry":{"type":"Polygon","coordinates":[[[17.2015968010535,52.2081213694261],[17.2020205357483,52.2079064573837],[17.2022556323973,52.2080702793812],[17.2018230332557,52.2082899858015],[17.2015968010535,52.2081213694261]]]},"properties":{"case_id":"ST-WK-SW/WNIOSEK/23591/2025","source_type":"wniosek_decyzja","received_date":"2025-11-19","decision_date":"2025-12-30","status":"decyzja wydana","description":"budowa budynku mieszkalnego jednorodzinnego","address":"Biskupice","city":"Biskupice","office":"Starosta Powiatu Środa Wielkopolska","case_kind":"Budynek mieszkalny jednorodzinny","parcel_ids":["302504_5.0024.305/39"],"location_quality":"dokładny","gunb_url":"https://wyszukiwarka.gunb.gov.pl/","parcel_count":1,"parcel_shard":"x068-y208","parcel_id":"302504_5.0024.305/39","location_source":"powiat średzki (wfs)"}},{"type":"Feature","id":"ST-WK-SW/WNIOSEK/13424/2026::302504_5.0024.75/6","geometry":{"type":"Polygon","coordinates":[[[17.2120639916932,52.222227505494],[17.2119695236509,52.222233453432],[17.2116162373422,52.2219950893133],[17.2118353018264,52.2218493395476],[17.2122647509238,52.2220935323752],[17.2120639916932,52.222227505494]]]},"properties":{"case_id":"ST-WK-SW/WNIOSEK/13424/2026","source_type":"wniosek_decyzja","received_date":"2025-12-04","decision_date":"2026-01-26","status":"decyzja wydana","description":"budynek mieszkalny jednorodzinny","address":"Słupia Wielka","city":"Słupia Wielka","office":"Starosta Powiatu Środa Wielkopolska","case_kind":"Budynek mieszkalny jednorodzinny","parcel_ids":["302504_5.0024.75/6"],"location_quality":"dokładny","gunb_url":"https://wyszukiwarka.gunb.gov.pl/","parcel_count":1,"parcel_shard":"x068-y208","parcel_id":"302504_5.0024.75/6","location_source":"powiat średzki (wfs)"}},{"type":"Feature","id":"ST-WK-SW/WNIOSEK/381/2026::302504_5.0024.76/20","geometry":{"type":"Polygon","coordinates":[[[17.2169261999768,52.2185092906238],[17.2170198129792,52.2185118774291],[17.2177222323359,52.2191087198752],[17.2177021516952,52.2191605369895],[17.2172886265928,52.2192507304321],[17.2171838750016,52.2192325991107],[17.2167486223289,52.2188556330206],[17.2166369321506,52.2187768196462],[17.2166205104945,52.2187123822259],[17.2169261999768,52.2185092906238]],[[17.2174689635349,52.2191270235665],[17.2169260165599,52.218585294352],[17.2167906978002,52.2186365132065],[17.2173308832287,52.2191778386701],[17.2174689635349,52.2191270235665]]]},"properties":{"case_id":"ST-WK-SW/WNIOSEK/381/2026","source_type":"wniosek_decyzja","received_date":"2026-01-08","decision_date":"2026-05-07","status":"decyzja wydana","description":"budowa wewnętrznej instalacji gazowej  dla 3 kotłowni gazowych","address":"Słupia Wielka","city":"Słupia Wielka","office":"Starosta Powiatu Środa Wielkopolska","case_kind":"Obiekt budowlany inny niż budynek mieszkalny jednorodzinny","parcel_ids":["302504_5.0024.76/20","302504_5.0024.76/26","302504_5.0024.76/57","302504_5.0024.76/60","302504_5.0024.76/61"],"location_quality":"dokładny","gunb_url":"https://wyszukiwarka.gunb.gov.pl/","parcel_count":5,"parcel_shard":"x068-y208","parcel_id":"302504_5.0024.76/20","location_source":"powiat średzki (wfs)"}},{"type":"Feature","id":"ST-WK-SW/WNIOSEK/381/2026::302504_5.0024.76/26","geometry":{"type":"Polygon","coordinates":[[[17.2179121481042,52.2194970569544],[17.2184137588611,52.2201957570137],[17.2182676519035,52.220235347526],[17.217765529765,52.2195370843048],[17.2179121481042,52.2194970569544]]]},"properties":{"case_id":"ST-WK-SW/WNIOSEK/381/2026","source_type":"wniosek_decyzja","received_date":"2026-01-08","decision_date":"2026-05-07","status":"decyzja wydana","description":"budowa wewnętrznej instalacji gazowej  dla 3 kotłowni gazowych","address":"Słupia Wielka","city":"Słupia Wielka","office":"Starosta Powiatu Środa Wielkopolska","case_kind":"Obiekt budowlany inny niż budynek mieszkalny jednorodzinny","parcel_ids":["302504_5.0024.76/20","302504_5.0024.76/26","302504_5.0024.76/57","302504_5.0024.76/60","302504_5.0024.76/61"],"location_quality":"dokładny","gunb_url":"https://wyszukiwarka.gunb.gov.pl/","parcel_count":5,"parcel_shard":"x068-y208","parcel_id":"302504_5.0024.76/26","location_source":"powiat średzki (wfs)"}},{"type":"Feature","id":"ST-WK-SW/WNIOSEK/381/2026::302504_5.0024.76/57","geometry":{"type":"Polygon","coordinates":[[[17.2183851575249,52.2185976540594],[17.2185454753381,52.2187179473226],[17.2192979328016,52.2192825366174],[17.21976195554,52.2194809199521],[17.2201392977179,52.2197253167081],[17.2199590004829,52.2198301613127],[17.2197009717377,52.2198939949558],[17.2196522427561,52.2198203221776],[17.2196091000586,52.2198310009464],[17.2195683993672,52.2198410752491],[17.2195276986723,52.2198511495288],[17.2194857769299,52.2198615260275],[17.2194449405229,52.2198716338679],[17.2194042397725,52.2198817081047],[17.2193635390037,52.2198917823364],[17.2193227025417,52.2199018901252],[17.2192820017362,52.2199119643286],[17.219239130198,52.2199225758008],[17.2192384224739,52.2199214924153],[17.2192110937851,52.2198796571521],[17.2187988844856,52.219990464203],[17.2187366501472,52.2200061979754],[17.2187110052606,52.2200436536984],[17.2187737466876,52.2201337191202],[17.2181076797414,52.2203119028564],[17.2175440617108,52.2195961224555],[17.2175800054035,52.2195368606763],[17.2180541618971,52.219389904724],[17.2178754814172,52.2192400604699],[17.2179707479677,52.21919835862],[17.2176518090752,52.2189275058721],[17.2176836031068,52.2188753170112],[17.217644101254,52.2188081849896],[17.2179418897833,52.2187418503724],[17.2182228531565,52.2186792379324],[17.2183851575249,52.2185976540594]],[[17.218425561598,52.21936619158],[17.2187698065134,52.2198283706187],[17.2189173461492,52.2197876845321],[17.2185021604692,52.2192289333225],[17.2180441478414,52.2188524619267],[17.2179145700808,52.218888013153],[17.2179945034464,52.2189979280239],[17.218425561598,52.21936619158]],[[17.2182676519035,52.220235347526],[17.2184137588611,52.2201957570137],[17.2179121481042,52.2194970569544],[17.217765529765,52.2195370843048],[17.2182676519035,52.220235347526]]]},"properties":{"case_id":"ST-WK-SW/WNIOSEK/381/2026","source_type":"wniosek_decyzja","received_date":"2026-01-08","decision_date":"2026-05-07","status":"decyzja wydana","description":"budowa wewnętrznej instalacji gazowej  dla 3 kotłowni gazowych","address":"Słupia Wielka","city":"Słupia Wielka","office":"Starosta Powiatu Środa Wielkopolska","case_kind":"Obiekt budowlany inny niż budynek mieszkalny jednorodzinny","parcel_ids":["302504_5.0024.76/20","302504_5.0024.76/26","302504_5.0024.76/57","302504_5.0024.76/60","302504_5.0024.76/61"],"location_quality":"dokładny","gunb_url":"https://wyszukiwarka.gunb.gov.pl/","parcel_count":5,"parcel_shard":"x068-y208","parcel_id":"302504_5.0024.76/57","location_source":"powiat średzki (wfs)"}},{"type":"Feature","id":"ST-WK-SW/WNIOSEK/381/2026::302504_5.0024.76/60","geometry":{"type":"Polygon","coordinates":[[[17.2177021516952,52.2191605369895],[17.2178754814172,52.2192400604699],[17.2180541618971,52.219389904724],[17.2175800054035,52.2195368606763],[17.2175440617108,52.2195961224555],[17.2173349212311,52.2193658014421],[17.2171838750016,52.2192325991107],[17.2172886265928,52.2192507304321],[17.2177021516952,52.2191605369895]]]},"properties":{"case_id":"ST-WK-SW/WNIOSEK/381/2026","source_type":"wniosek_decyzja","received_date":"2026-01-08","decision_date":"2026-05-07","status":"decyzja wydana","description":"budowa wewnętrznej instalacji gazowej  dla 3 kotłowni gazowych","address":"Słupia Wielka","city":"Słupia Wielka","office":"Starosta Powiatu Środa Wielkopolska","case_kind":"Obiekt budowlany inny niż budynek mieszkalny jednorodzinny","parcel_ids":["302504_5.0024.76/20","302504_5.0024.76/26","302504_5.0024.76/57","302504_5.0024.76/60","302504_5.0024.76/61"],"location_quality":"dokładny","gunb_url":"https://wyszukiwarka.gunb.gov.pl/","parcel_count":5,"parcel_shard":"x068-y208","parcel_id":"302504_5.0024.76/60","location_source":"powiat średzki (wfs)"}},{"type":"Feature","id":"ST-WK-SW/WNIOSEK/381/2026::302504_5.0024.76/61","geometry":{"type":"Polygon","coordinates":[[[17.2170926264048,52.2183966558956],[17.2170995032565,52.2184561967956],[17.2172605393394,52.2185951676983],[17.2174724304395,52.2187780238131],[17.2174936196392,52.2187963093992],[17.217606159402,52.2188172690428],[17.217644101254,52.2188081849896],[17.2176836031068,52.2188753170112],[17.2176518090752,52.2189275058721],[17.2179707479677,52.21919835862],[17.2178754814172,52.2192400604699],[17.2177021516952,52.2191605369895],[17.2177222323359,52.2191087198752],[17.2170198129792,52.2185118774291],[17.2169261999768,52.2185092906238],[17.2170926264048,52.2183966558956]]]},"properties":{"case_id":"ST-WK-SW/WNIOSEK/381/2026","source_type":"wniosek_decyzja","received_date":"2026-01-08","decision_date":"2026-05-07","status":"decyzja wydana","description":"budowa wewnętrznej instalacji gazowej  dla 3 kotłowni gazowych","address":"Słupia Wielka","city":"Słupia Wielka","office":"Starosta Powiatu Środa Wielkopolska","case_kind":"Obiekt budowlany inny niż budynek mieszkalny jednorodzinny","parcel_ids":["302504_5.0024.76/20","302504_5.0024.76/26","302504_5.0024.76/57","302504_5.0024.76/60","302504_5.0024.76/61"],"location_quality":"dokładny","gunb_url":"https://wyszukiwarka.gunb.gov.pl/","parcel_count":5,"parcel_shard":"x068-y208","parcel_id":"302504_5.0024.76/61","location_source":"powiat średzki (wfs)"}},{"type":"Feature","id":"ST-WK-SW/WNIOSEK/26449/2025::302504_5.0036.43/3","geometry":{"type":"Polygon","coordinates":[[[17.2289525286223,52.229105023249],[17.2293088201079,52.2288817768522],[17.2293599476527,52.2288498062906],[17.2296205793798,52.2290087552041],[17.2292128731677,52.2292629340297],[17.2290014639768,52.2291347067341],[17.2289525286223,52.229105023249]]]},"properties":{"case_id":"ST-WK-SW/WNIOSEK/26449/2025","source_type":"wniosek_decyzja","received_date":"2025-12-30","decision_date":"2026-03-26","status":"decyzja wydana","description":"budowa budynku mieszkalnego jednorodzinnego","address":"Żabikowo","city":"Żabikowo","office":"Starosta Powiatu Środa Wielkopolska","case_kind":"Budynek mieszkalny jednorodzinny","parcel_ids":["302504_5.0036.43/3"],"location_quality":"dokładny","gunb_url":"https://wyszukiwarka.gunb.gov.pl/","parcel_count":1,"parcel_shard":"x068-y208","parcel_id":"302504_5.0036.43/3","location_source":"powiat średzki (wfs)"}},{"type":"Feature","id":"ST-WK-SW/WNIOSEK/26447/2025::302504_5.0036.43/4","geometry":{"type":"Polygon","coordinates":[[[17.2286714003023,52.2289344789069],[17.2290284168127,52.2287106906167],[17.2293088201079,52.2288817768522],[17.2289525286223,52.229105023249],[17.2286714003023,52.2289344789069]]]},"properties":{"case_id":"ST-WK-SW/WNIOSEK/26447/2025","source_type":"wniosek_decyzja","received_date":"2025-12-30","decision_date":"2026-03-26","status":"decyzja wydana","description":"budowa budynku mieszkalnego jednorodzinnego","address":"Żabikowo","city":"Żabikowo","office":"Starosta Powiatu Środa Wielkopolska","case_kind":"Budynek mieszkalny jednorodzinny","parcel_ids":["302504_5.0036.43/4"],"location_quality":"dokładny","gunb_url":"https://wyszukiwarka.gunb.gov.pl/","parcel_count":1,"parcel_shard":"x068-y208","parcel_id":"302504_5.0036.43/4","location_source":"powiat średzki (wfs)"}},{"type":"Feature","id":"ST-WK-SW/WNIOSEK/7909/2026::302505_4.0001.17/1","geometry":{"type":"Polygon","coordinates":[[[17.1593842270821,52.1500964680463],[17.1589480605623,52.1498629420374],[17.1586136795881,52.149684340719],[17.1599458126329,52.149288744251],[17.1628545564117,52.14609024081],[17.169309643093,52.146700281909],[17.1692311467509,52.1468263559583],[17.1690177172464,52.1470962997457],[17.168859586208,52.1472117515023],[17.1671743051949,52.1483101510814],[17.1667353490363,52.1485601686057],[17.1664496397065,52.1486222164311],[17.1661137213666,52.148715934108],[17.1659203365076,52.1487892809711],[17.16592144769,52.148956379664],[17.1657206982573,52.1493693568288],[17.1655066191229,52.1494878235063],[17.1654403269045,52.1495186618773],[17.1643901098331,52.1497548552747],[17.1636751983472,52.1502406173161],[17.1634570669449,52.1504035019972],[17.1631032906902,52.1506162076949],[17.1628356553981,52.1507424420216],[17.1625110730609,52.150792596002],[17.1623618968897,52.1510480480789],[17.1622685002816,52.1513666406336],[17.162025340836,52.1514867491902],[17.1611229643992,52.1517249079541],[17.1601416939364,52.1520861727234],[17.1599789690929,52.1522400574084],[17.1597990468221,52.1523225176556],[17.1596532621744,52.152451930235],[17.1594606828627,52.1525700902929],[17.1592282785984,52.1526443204862],[17.1588805368344,52.1527675419874],[17.1586552283682,52.1528980897946],[17.1584277322234,52.1529378150756],[17.1580121758897,52.1528541894319],[17.1579032277408,52.1529254628232],[17.1578079443613,52.1529054315711],[17.1568164067521,52.1524053144217],[17.1568976262123,52.1521131063326],[17.1570853112984,52.1518556987249],[17.1573847827541,52.1516645050999],[17.1576180693836,52.1515456775468],[17.157939699929,52.1513976576131],[17.1583095511344,52.1511946028599],[17.1588290477818,52.1508666524386],[17.1591997613488,52.1505601712923],[17.1595825129566,52.150403616429],[17.1595739003563,52.1502905089748],[17.1593842270821,52.1500964680463]],[[17.1651256472835,52.1465070734177],[17.1648769928604,52.146412570787],[17.1648178778893,52.1464055954147],[17.1646470889637,52.1463763419488],[17.1645749436579,52.1463869183021],[17.1645520233983,52.1463760008322],[17.1643818343717,52.1464340519626],[17.1642280301978,52.1465408901433],[17.164063479281,52.1466742735877],[17.1639118441532,52.146793602855],[17.1638095488808,52.1469414291685],[17.1636962371247,52.1470318432613],[17.1634973084897,52.1471603527933],[17.163323812115,52.1472039967656],[17.1630181558754,52.1473338314143],[17.1629633450749,52.1473709228872],[17.162598322921,52.1480493813633],[17.1625911246188,52.148113960489],[17.1624932796395,52.1482296858008],[17.1625082309252,52.1482663625245],[17.1624818659655,52.1483058020478],[17.1625381755149,52.1483262004823],[17.162491444301,52.1483512636088],[17.1624757356859,52.1484599223567],[17.1623931261478,52.148571902871],[17.1620762720104,52.1486208671306],[17.1618900456432,52.148759392377],[17.161820203975,52.1488433347863],[17.1617794055011,52.1489515552639],[17.1616588033184,52.1491103149442],[17.1616648623248,52.1491424893709],[17.1616780011278,52.149181937428],[17.1617148489303,52.1492086728413],[17.162035183003,52.1491077568897],[17.1621597863461,52.1490763677017],[17.1622158804993,52.1490385408712],[17.1623262941887,52.1489946127759],[17.1624234794552,52.1489172619342],[17.1624808195825,52.1488526706087],[17.1624989512764,52.148850225446],[17.1625580666118,52.1487917214675],[17.162595768765,52.1487695855096],[17.1626932197664,52.1487316198369],[17.1627477985977,52.1487401474727],[17.1627779421194,52.1487358516217],[17.1628552631518,52.1487429668361],[17.1629988856654,52.1487568512582],[17.1631341381644,52.1487596367372],[17.1634120803973,52.148752240226],[17.1637590205128,52.1486579454946],[17.1638734997277,52.1486343274194],[17.1639985404998,52.1486045223539],[17.1641052131823,52.1485420347837],[17.1641634596484,52.1484768844824],[17.1642033510414,52.1484597224649],[17.1643348519478,52.1482563224807],[17.1644386610537,52.1481477033322],[17.1644896390935,52.1480512553489],[17.1645569969297,52.1479623987469],[17.1646211894985,52.147888133234],[17.1647111053921,52.1478169419587],[17.1647713087091,52.1477449851428],[17.1648133420002,52.1476956171411],[17.1648810580538,52.1476388674936],[17.1649412138725,52.147579387186],[17.1649551380079,52.1475115373804],[17.1650815611916,52.1474447585142],[17.165087169241,52.1474353316793],[17.1652178005187,52.1473633510795],[17.1652624846802,52.1473198446839],[17.165327377293,52.1471835787232],[17.1653675285878,52.1471062525516],[17.1654168529688,52.1470277884388],[17.1654819386622,52.1469159911513],[17.1654936551331,52.1468870471897],[17.1655015304468,52.1468342139362],[17.1654411318615,52.1467768229472],[17.1654091863576,52.1467031862524],[17.165331140777,52.1466455397526],[17.1652109854532,52.1465637845311],[17.1651860975507,52.1465507823279],[17.1651256472835,52.1465070734177]]]},"properties":{"case_id":"ST-WK-SW/WNIOSEK/7909/2026","source_type":"wniosek_decyzja","received_date":"2026-04-24","decision_date":"2026-07-01","status":"decyzja wydana","description":"budowa kładki pływającej","address":"Zaniemyśl","city":"Zaniemyśl","office":"Starosta Powiatu Środa Wielkopolska","case_kind":"Obiekt budowlany inny niż budynek mieszkalny jednorodzinny","parcel_ids":["302505_4.0001.17/1"],"location_quality":"dokładny","gunb_url":"https://wyszukiwarka.gunb.gov.pl/","parcel_count":1,"parcel_shard":"x068-y208","parcel_id":"302505_4.0001.17/1","location_source":"powiat średzki (wfs)"}},{"type":"Feature","id":"ST-WK-SW/WNIOSEK/10084/2026::302505_4.0001.18","geometry":{"type":"Polygon","coordinates":[[[17.1629633450749,52.1473709228872],[17.1630181558754,52.1473338314143],[17.163323812115,52.1472039967656],[17.1634973084897,52.1471603527933],[17.1636962371247,52.1470318432613],[17.1638095488808,52.1469414291685],[17.1639118441532,52.146793602855],[17.164063479281,52.1466742735877],[17.1642280301978,52.1465408901433],[17.1643818343717,52.1464340519626],[17.1645520233983,52.1463760008322],[17.1645749436579,52.1463869183021],[17.1646470889637,52.1463763419488],[17.1648178778893,52.1464055954147],[17.1648769928604,52.146412570787],[17.1651256472835,52.1465070734177],[17.1651860975507,52.1465507823279],[17.1652109854532,52.1465637845311],[17.165331140777,52.1466455397526],[17.1654091863576,52.1467031862524],[17.1654411318615,52.1467768229472],[17.1655015304468,52.1468342139362],[17.1654936551331,52.1468870471897],[17.1654819386622,52.1469159911513],[17.1654168529688,52.1470277884388],[17.1653675285878,52.1471062525516],[17.165327377293,52.1471835787232],[17.1652624846802,52.1473198446839],[17.1652178005187,52.1473633510795],[17.165087169241,52.1474353316793],[17.1650815611916,52.1474447585142],[17.1649551380079,52.1475115373804],[17.1649412138725,52.147579387186],[17.1648810580538,52.1476388674936],[17.1648133420002,52.1476956171411],[17.1647713087091,52.1477449851428],[17.1647111053921,52.1478169419587],[17.1646211894985,52.147888133234],[17.1645569969297,52.1479623987469],[17.1644896390935,52.1480512553489],[17.1644386610537,52.1481477033322],[17.1643348519478,52.1482563224807],[17.1642033510414,52.1484597224649],[17.1641634596484,52.1484768844824],[17.1641052131823,52.1485420347837],[17.1639985404998,52.1486045223539],[17.1638734997277,52.1486343274194],[17.1637590205128,52.1486579454946],[17.1634120803973,52.148752240226],[17.1631341381644,52.1487596367372],[17.1629988856654,52.1487568512582],[17.1628552631518,52.1487429668361],[17.1627779421194,52.1487358516217],[17.1627477985977,52.1487401474727],[17.1626932197664,52.1487316198369],[17.162595768765,52.1487695855096],[17.1625580666118,52.1487917214675],[17.1624989512764,52.148850225446],[17.1624808195825,52.1488526706087],[17.1624234794552,52.1489172619342],[17.1623262941887,52.1489946127759],[17.1622158804993,52.1490385408712],[17.1621597863461,52.1490763677017],[17.162035183003,52.1491077568897],[17.1617148489303,52.1492086728413],[17.1616780011278,52.149181937428],[17.1616648623248,52.1491424893709],[17.1616588033184,52.1491103149442],[17.1617794055011,52.1489515552639],[17.161820203975,52.1488433347863],[17.1618900456432,52.148759392377],[17.1620762720104,52.1486208671306],[17.1623931261478,52.148571902871],[17.1624757356859,52.1484599223567],[17.162491444301,52.1483512636088],[17.1625381755149,52.1483262004823],[17.1624818659655,52.1483058020478],[17.1625082309252,52.1482663625245],[17.1624932796395,52.1482296858008],[17.1625911246188,52.148113960489],[17.162598322921,52.1480493813633],[17.1629633450749,52.1473709228872]]]},"properties":{"case_id":"ST-WK-SW/WNIOSEK/10084/2026","source_type":"wniosek_decyzja","received_date":"2026-05-20","decision_date":"2026-05-26","status":"decyzja wydana","description":"rozbudowa sieci elektroenergetycznej","address":"Zaniemyśl","city":"Zaniemyśl","office":"Starosta Powiatu Środa Wielkopolska","case_kind":"Obiekt budowlany inny niż budynek mieszkalny jednorodzinny","parcel_ids":["302505_4.0001.18"],"location_quality":"dokładny","gunb_url":"https://wyszukiwarka.gunb.gov.pl/","parcel_count":1,"parcel_shard":"x068-y208","parcel_id":"302505_4.0001.18","location_source":"powiat średzki (wfs)"}},{"type":"Feature","id":"ST-WK-SW/WNIOSEK/10120/2026::302505_4.0001.214/2","geometry":{"type":"Polygon","coordinates":[[[17.1691163785758,52.1581613713407],[17.1688492810763,52.1580883334902],[17.1690271878873,52.1578418321302],[17.1692945775086,52.1579149582411],[17.1691163785758,52.1581613713407]]]},"properties":{"case_id":"ST-WK-SW/WNIOSEK/10120/2026","source_type":"wniosek_decyzja","received_date":"2026-04-27","decision_date":"2026-05-06","status":"decyzja wydana","description":"bud. mieszkalny jednorodzinny","address":"Zaniemyśl","city":"Zaniemyśl","office":"Starosta Powiatu Środa Wielkopolska","case_kind":"Budynek mieszkalny jednorodzinny","parcel_ids":["302505_4.0001.214/2"],"location_quality":"dokładny","gunb_url":"https://wyszukiwarka.gunb.gov.pl/","parcel_count":1,"parcel_shard":"x068-y208","parcel_id":"302505_4.0001.214/2","location_source":"powiat średzki (wfs)"}},{"type":"Feature","id":"ST-WK-SW/WNIOSEK/4926/2026::302505_4.0001.224","geometry":{"type":"Polygon","coordinates":[[[17.1691364235578,52.1559251288278],[17.169383803716,52.1562372626148],[17.168318318595,52.1569940080871],[17.1678536390279,52.1568723161686],[17.1678811516241,52.1568425029906],[17.1682394185547,52.1564285797982],[17.1684626041065,52.1564670974854],[17.1685715596606,52.1561071131711],[17.1688928856383,52.1561894794747],[17.1691364235578,52.1559251288278]]]},"properties":{"case_id":"ST-WK-SW/WNIOSEK/4926/2026","source_type":"wniosek_decyzja","received_date":"2026-03-06","decision_date":"2026-04-21","status":"decyzja wydana","description":"rozbudowa i przebudowa budynku usługowego","address":"Zaniemyśl","city":"Zaniemyśl","office":"Starosta Powiatu Środa Wielkopolska","case_kind":"Obiekt budowlany inny niż budynek mieszkalny jednorodzinny","parcel_ids":["302505_4.0001.224","302505_4.0001.227/10"],"location_quality":"dokładny","gunb_url":"https://wyszukiwarka.gunb.gov.pl/","parcel_count":2,"parcel_shard":"x068-y208","parcel_id":"302505_4.0001.224","location_source":"powiat średzki (wfs)"}},{"type":"Feature","id":"ST-WK-SW/WNIOSEK/4926/2026::302505_4.0001.227/10","geometry":{"type":"Polygon","coordinates":[[[17.1677123711864,52.1567708464068],[17.1679271041516,52.1564680001412],[17.1681406259178,52.1559669660859],[17.1682937186294,52.1558255475365],[17.1683596317908,52.1558425418743],[17.1683242173454,52.155996489652],[17.1682394185547,52.1564285797982],[17.1678811516241,52.1568425029906],[17.1677354877201,52.1568057646123],[17.1677123711864,52.1567708464068]]]},"properties":{"case_id":"ST-WK-SW/WNIOSEK/4926/2026","source_type":"wniosek_decyzja","received_date":"2026-03-06","decision_date":"2026-04-21","status":"decyzja wydana","description":"rozbudowa i przebudowa budynku usługowego","address":"Zaniemyśl","city":"Zaniemyśl","office":"Starosta Powiatu Środa Wielkopolska","case_kind":"Obiekt budowlany inny niż budynek mieszkalny jednorodzinny","parcel_ids":["302505_4.0001.224","302505_4.0001.227/10"],"location_quality":"dokładny","gunb_url":"https://wyszukiwarka.gunb.gov.pl/","parcel_count":2,"parcel_shard":"x068-y208","parcel_id":"302505_4.0001.227/10","location_source":"powiat średzki (wfs)"}},{"type":"Feature","id":"ST-WK-SW/WNIOSEK/5058/2026::302505_4.0001.331/1","geometry":{"type":"Polygon","coordinates":[[[17.1647844120703,52.1530156369342],[17.1650294663842,52.1528153341813],[17.1653072476838,52.1529937192126],[17.1653051588278,52.1529955818644],[17.1651806622832,52.1531065958418],[17.1650966894294,52.1531814743159],[17.1650946005412,52.1531833369637],[17.1647844120703,52.1530156369342]]]},"properties":{"case_id":"ST-WK-SW/WNIOSEK/5058/2026","source_type":"wniosek_decyzja","received_date":"2026-01-29","decision_date":"2026-02-24","status":"decyzja wydana","description":"wew. instal. gazowa","address":"Zaniemyśl","city":"Zaniemyśl","office":"Starosta Powiatu Środa Wielkopolska","case_kind":"Obiekt budowlany inny niż budynek mieszkalny jednorodzinny","parcel_ids":["302505_4.0001.331/1"],"location_quality":"dokładny","gunb_url":"https://wyszukiwarka.gunb.gov.pl/","parcel_count":1,"parcel_shard":"x068-y208","parcel_id":"302505_4.0001.331/1","location_source":"powiat średzki (wfs)"}},{"type":"Feature","id":"ST-WK-SW/WNIOSEK/5055/2026::302505_4.0001.331/1","geometry":{"type":"Polygon","coordinates":[[[17.1647844120703,52.1530156369342],[17.1650294663842,52.1528153341813],[17.1653072476838,52.1529937192126],[17.1653051588278,52.1529955818644],[17.1651806622832,52.1531065958418],[17.1650966894294,52.1531814743159],[17.1650946005412,52.1531833369637],[17.1647844120703,52.1530156369342]]]},"properties":{"case_id":"ST-WK-SW/WNIOSEK/5055/2026","source_type":"wniosek_decyzja","received_date":"2026-01-20","decision_date":"2026-02-24","status":"decyzja wydana","description":"wew. instalacja gazu","address":"Zaniemyśl","city":"Zaniemyśl","office":"Starosta Powiatu Środa Wielkopolska","case_kind":"Obiekt budowlany inny niż budynek mieszkalny jednorodzinny","parcel_ids":["302505_4.0001.331/1"],"location_quality":"dokładny","gunb_url":"https://wyszukiwarka.gunb.gov.pl/","parcel_count":1,"parcel_shard":"x068-y208","parcel_id":"302505_4.0001.331/1","location_source":"powiat średzki (wfs)"}},{"type":"Feature","id":"ST-WK-SW/WNIOSEK/4860/2026::302505_4.0001.341/6","geometry":{"type":"Polygon","coordinates":[[[17.1711002682776,52.1561179623189],[17.1712213604207,52.1562414801644],[17.1707754484291,52.1563782327814],[17.1706240917448,52.1562237713902],[17.1710169222545,52.1561017651567],[17.1711002682776,52.1561179623189]]]},"properties":{"case_id":"ST-WK-SW/WNIOSEK/4860/2026","source_type":"wniosek_decyzja","received_date":"2025-11-13","decision_date":"2026-02-26","status":"decyzja wydana","description":"bud. mieszkaalny jednorodzinny","address":"Zaniemyśl","city":"Zaniemyśl","office":"Starosta Powiatu Środa Wielkopolska","case_kind":"Budynek mieszkalny jednorodzinny","parcel_ids":["302505_4.0001.341/6","302505_4.0001.341/9"],"location_quality":"dokładny","gunb_url":"https://wyszukiwarka.gunb.gov.pl/","parcel_count":2,"parcel_shard":"x068-y208","parcel_id":"302505_4.0001.341/6","location_source":"powiat średzki (wfs)"}},{"type":"Feature","id":"ST-WK-SW/WNIOSEK/4860/2026::302505_4.0001.341/9","geometry":{"type":"Polygon","coordinates":[[[17.1706240917448,52.1562237713902],[17.1707754484291,52.1563782327814],[17.1712213604207,52.1562414801644],[17.1714787023337,52.156503974365],[17.1714566229196,52.156550806307],[17.1707422394585,52.1567705329725],[17.1707829099743,52.1568282479359],[17.1705982141364,52.1568845787915],[17.1705855492517,52.1568884414669],[17.1705603573279,52.1568514494607],[17.1704409702183,52.1568858670029],[17.1704355515353,52.1568786384577],[17.1703162425203,52.156719677691],[17.1701991400701,52.156565256597],[17.1700687675884,52.1563934881905],[17.1706240917448,52.1562237713902]]]},"properties":{"case_id":"ST-WK-SW/WNIOSEK/4860/2026","source_type":"wniosek_decyzja","received_date":"2025-11-13","decision_date":"2026-02-26","status":"decyzja wydana","description":"bud. mieszkaalny jednorodzinny","address":"Zaniemyśl","city":"Zaniemyśl","office":"Starosta Powiatu Środa Wielkopolska","case_kind":"Budynek mieszkalny jednorodzinny","parcel_ids":["302505_4.0001.341/6","302505_4.0001.341/9"],"location_quality":"dokładny","gunb_url":"https://wyszukiwarka.gunb.gov.pl/","parcel_count":2,"parcel_shard":"x068-y208","parcel_id":"302505_4.0001.341/9","location_source":"powiat średzki (wfs)"}},{"type":"Feature","id":"ST-WK-SW/WNIOSEK/7404/2026::302505_4.0001.488/33","geometry":{"type":"Polygon","coordinates":[[[17.1698719868103,52.1466303222309],[17.1705051065182,52.1466313437061],[17.1704600041059,52.1467800301564],[17.1702235289624,52.1469846239561],[17.1701245375895,52.1470701652896],[17.1699494571699,52.1468566064769],[17.1698719868103,52.1466303222309]]]},"properties":{"case_id":"ST-WK-SW/WNIOSEK/7404/2026","source_type":"wniosek_decyzja","received_date":"2026-02-26","decision_date":"2026-03-16","status":"decyzja wydana","description":"rozbudowa budynku letniskowego","address":"Zaniemyśl","city":"Zaniemyśl","office":"Starosta Powiatu Środa Wielkopolska","case_kind":"Obiekt budowlany inny niż budynek mieszkalny jednorodzinny","parcel_ids":["302505_4.0001.488/33"],"location_quality":"dokładny","gunb_url":"https://wyszukiwarka.gunb.gov.pl/","parcel_count":1,"parcel_shard":"x068-y208","parcel_id":"302505_4.0001.488/33","location_source":"powiat średzki (wfs)"}},{"type":"Feature","id":"ST-WK-SW/WNIOSEK/22031/2025::302505_4.0001.488/35","geometry":{"type":"Polygon","coordinates":[[[17.170919911176,52.1466729638189],[17.1711432278683,52.1464800317567],[17.1714437945841,52.1466116615676],[17.1712209446424,52.1468045097762],[17.1712083173751,52.1467989899113],[17.170919911176,52.1466729638189]]]},"properties":{"case_id":"ST-WK-SW/WNIOSEK/22031/2025","source_type":"wniosek_decyzja","received_date":"2025-10-13","decision_date":"2025-10-22","status":"decyzja wydana","description":"rozbudowa budynku letniskowego","address":"Zaniemyśl","city":"Zaniemyśl","office":"Starosta Powiatu Środa Wielkopolska","case_kind":"Obiekt budowlany inny niż budynek mieszkalny jednorodzinny","parcel_ids":["302505_4.0001.488/35"],"location_quality":"dokładny","gunb_url":"https://wyszukiwarka.gunb.gov.pl/","parcel_count":1,"parcel_shard":"x068-y208","parcel_id":"302505_4.0001.488/35","location_source":"powiat średzki (wfs)"}},{"type":"Feature","id":"ST-WK-SW/WNIOSEK/3736/2026::302505_4.0001.572","geometry":{"type":"Polygon","coordinates":[[[17.1695876729704,52.1613635950478],[17.1697884047761,52.1614935063755],[17.1692351058802,52.1618170975582],[17.1689867000636,52.1617141713985],[17.1695876729704,52.1613635950478]]]},"properties":{"case_id":"ST-WK-SW/WNIOSEK/3736/2026","source_type":"wniosek_decyzja","received_date":"2025-12-29","decision_date":"2026-02-04","status":"decyzja wydana","description":"przebudowa, nadbudowa i zmiana spodsobu użytkowania","address":"Zaniemyśl","city":"Zaniemyśl","office":"Starosta Powiatu Środa Wielkopolska","case_kind":"Obiekt budowlany inny niż budynek mieszkalny jednorodzinny","parcel_ids":["302505_4.0001.572"],"location_quality":"dokładny","gunb_url":"https://wyszukiwarka.gunb.gov.pl/","parcel_count":1,"parcel_shard":"x068-y208","parcel_id":"302505_4.0001.572","location_source":"powiat średzki (wfs)"}},{"type":"Feature","id":"ST-WK-SW/WNIOSEK/13658/2026::302505_4.0001.675","geometry":{"type":"Polygon","coordinates":[[[17.1670766646371,52.1557577632687],[17.1672277282642,52.1556142150948],[17.1676132150515,52.1557698566394],[17.1675653098385,52.1558131473404],[17.1674670997513,52.1559092670223],[17.1670766646371,52.1557577632687]]]},"properties":{"case_id":"ST-WK-SW/WNIOSEK/13658/2026","source_type":"wniosek_decyzja","received_date":"2026-04-21","decision_date":"2026-07-07","status":"decyzja wydana","description":"przebudowa bud. gosp.i zmiana sposobu użytkowania na bud. mieszkalny jednorodzinny","address":"Zaniemyśl","city":"Zaniemyśl","office":"Starosta Powiatu Środa Wielkopolska","case_kind":"Budynek mieszkalny jednorodzinny","parcel_ids":["302505_4.0001.675"],"location_quality":"dokładny","gunb_url":"https://wyszukiwarka.gunb.gov.pl/","parcel_count":1,"parcel_shard":"x068-y208","parcel_id":"302505_4.0001.675","location_source":"powiat średzki (wfs)"}},{"type":"Feature","id":"ST-WK-SW/WNIOSEK/22589/2025::302505_4.0001.685","geometry":{"type":"Polygon","coordinates":[[[17.1691364235578,52.1559251288278],[17.1683784756378,52.155762641832],[17.168476944955,52.1556939139143],[17.1685990275525,52.1556328173522],[17.1689125695083,52.1555740743292],[17.1689673902998,52.1555918435339],[17.1691364235578,52.1559251288278]]]},"properties":{"case_id":"ST-WK-SW/WNIOSEK/22589/2025","source_type":"wniosek_decyzja","received_date":"2025-09-18","decision_date":"2025-10-08","status":"decyzja wydana","description":"dud. wielorodzinny","address":"Zaniemyśl","city":"Zaniemyśl","office":"Starosta Powiatu Środa Wielkopolska","case_kind":"Obiekt budowlany inny niż budynek mieszkalny jednorodzinny","parcel_ids":["302505_4.0001.685"],"location_quality":"dokładny","gunb_url":"https://wyszukiwarka.gunb.gov.pl/","parcel_count":1,"parcel_shard":"x068-y208","parcel_id":"302505_4.0001.685","location_source":"powiat średzki (wfs)"}},{"type":"Feature","id":"ST-WK-SW/WNIOSEK/13230/2026::302505_4.0001.74/3","geometry":{"type":"Polygon","coordinates":[[[17.1593912412974,52.1599496809823],[17.1597277187981,52.1597449937379],[17.160219500096,52.1600705376244],[17.1599419043154,52.1602371767703],[17.1598957632007,52.1602195012315],[17.1596030152091,52.1600654280383],[17.1593912412974,52.1599496809823]]]},"properties":{"case_id":"ST-WK-SW/WNIOSEK/13230/2026","source_type":"wniosek_decyzja","received_date":"2026-05-11","decision_date":"2026-07-13","status":"decyzja wydana","description":"7 budynkow mieszkalnych w zab. szeregowej","address":"Zaniemyśl","city":"Zaniemyśl","office":"Starosta Powiatu Środa Wielkopolska","case_kind":"Budynek mieszkalny jednorodzinny","parcel_ids":["302505_4.0001.74/3","302505_4.0001.76/3"],"location_quality":"dokładny","gunb_url":"https://wyszukiwarka.gunb.gov.pl/","parcel_count":2,"parcel_shard":"x068-y208","parcel_id":"302505_4.0001.74/3","location_source":"powiat średzki (wfs)"}},{"type":"Feature","id":"ST-WK-SW/WNIOSEK/13230/2026::302505_4.0001.76/3","geometry":{"type":"Polygon","coordinates":[[[17.1599210866314,52.1596274591632],[17.1604301353637,52.1599440472247],[17.160219500096,52.1600705376244],[17.1597277187981,52.1597449937379],[17.1599210866314,52.1596274591632]]]},"properties":{"case_id":"ST-WK-SW/WNIOSEK/13230/2026","source_type":"wniosek_decyzja","received_date":"2026-05-11","decision_date":"2026-07-13","status":"decyzja wydana","description":"7 budynkow mieszkalnych w zab. szeregowej","address":"Zaniemyśl","city":"Zaniemyśl","office":"Starosta Powiatu Środa Wielkopolska","case_kind":"Budynek mieszkalny jednorodzinny","parcel_ids":["302505_4.0001.74/3","302505_4.0001.76/3"],"location_quality":"dokładny","gunb_url":"https://wyszukiwarka.gunb.gov.pl/","parcel_count":2,"parcel_shard":"x068-y208","parcel_id":"302505_4.0001.76/3","location_source":"powiat średzki (wfs)"}},{"type":"Feature","id":"ST-WK-SW/WNIOSEK/9568/2026::302505_4.0001.793","geometry":{"type":"Polygon","coordinates":[[[17.1622724204053,52.1606038366442],[17.1617462799525,52.1609005760168],[17.1614759671887,52.1607744110039],[17.16133209786,52.1607467144595],[17.1615936686649,52.160608360386],[17.1620134763012,52.1603863726968],[17.1622257000932,52.160528343964],[17.1623081513405,52.1605833740568],[17.1622724204053,52.1606038366442]]]},"properties":{"case_id":"ST-WK-SW/WNIOSEK/9568/2026","source_type":"wniosek_decyzja","received_date":"2026-04-16","decision_date":"2026-05-21","status":"decyzja wydana","description":"bud. mioeszkalny jednorodzinny","address":"Zaniemyśl","city":"Zaniemyśl","office":"Starosta Powiatu Środa Wielkopolska","case_kind":"Budynek mieszkalny jednorodzinny","parcel_ids":["302505_4.0001.793"],"location_quality":"dokładny","gunb_url":"https://wyszukiwarka.gunb.gov.pl/","parcel_count":1,"parcel_shard":"x068-y208","parcel_id":"302505_4.0001.793","location_source":"powiat średzki (wfs)"}},{"type":"Feature","id":"ST-WK-SW/WNIOSEK/3829/2026::302505_4.0001.84/2","geometry":{"type":"Polygon","coordinates":[[[17.1622189971176,52.1604185875893],[17.1625447544743,52.1602333670444],[17.1626429889377,52.1604889538628],[17.1623819278434,52.1605135851431],[17.1623641971369,52.16051527067],[17.1622189971176,52.1604185875893]]]},"properties":{"case_id":"ST-WK-SW/WNIOSEK/3829/2026","source_type":"wniosek_decyzja","received_date":"2025-11-04","decision_date":"2025-11-18","status":"decyzja wydana","description":"dwa bud. mieszkalne jednorodzinne w zabudowie szeregowej","address":"Zaniemyśl","city":"Zaniemyśl","office":"Starosta Powiatu Środa Wielkopolska","case_kind":"Budynek mieszkalny jednorodzinny","parcel_ids":["302505_4.0001.84/2"],"location_quality":"dokładny","gunb_url":"https://wyszukiwarka.gunb.gov.pl/","parcel_count":1,"parcel_shard":"x068-y208","parcel_id":"302505_4.0001.84/2","location_source":"powiat średzki (wfs)"}},{"type":"Feature","id":"ST-WK-SW/WNIOSEK/26423/2025::302505_4.0001.84/2","geometry":{"type":"Polygon","coordinates":[[[17.1622189971176,52.1604185875893],[17.1625447544743,52.1602333670444],[17.1626429889377,52.1604889538628],[17.1623819278434,52.1605135851431],[17.1623641971369,52.16051527067],[17.1622189971176,52.1604185875893]]]},"properties":{"case_id":"ST-WK-SW/WNIOSEK/26423/2025","source_type":"wniosek_decyzja","received_date":"2025-10-07","decision_date":"2025-10-20","status":"decyzja wydana","description":"rozbiórka obiektu magazynowego","address":"Zaniemyśl","city":"Zaniemyśl","office":"Starosta Powiatu Środa Wielkopolska","case_kind":"Obiekt budowlany inny niż budynek mieszkalny jednorodzinny","parcel_ids":["302505_4.0001.84/2"],"location_quality":"dokładny","gunb_url":"https://wyszukiwarka.gunb.gov.pl/","parcel_count":1,"parcel_shard":"x068-y208","parcel_id":"302505_4.0001.84/2","location_source":"powiat średzki (wfs)"}},{"type":"Feature","id":"ST-WK-SW/WNIOSEK/12710/2026::302505_4.0001.84/6","geometry":{"type":"Polygon","coordinates":[[[17.1624208455827,52.1599109759806],[17.1625447544743,52.1602333670444],[17.1622189971176,52.1604185875893],[17.1619018388194,52.1602074020731],[17.1624208455827,52.1599109759806]]]},"properties":{"case_id":"ST-WK-SW/WNIOSEK/12710/2026","source_type":"wniosek_decyzja","received_date":"2026-02-16","decision_date":"2026-05-25","status":"decyzja wydana","description":"przebudowa ze zmiana sposobu użytkowania bud usługowego na bud. wielorodzinny","address":"Zaniemyśl","city":"Zaniemyśl","office":"Starosta Powiatu Środa Wielkopolska","case_kind":"Obiekt budowlany inny niż budynek mieszkalny jednorodzinny","parcel_ids":["302505_4.0001.84/6","302505_4.0001.84/8","302505_4.0001.85/9"],"location_quality":"dokładny","gunb_url":"https://wyszukiwarka.gunb.gov.pl/","parcel_count":3,"parcel_shard":"x068-y208","parcel_id":"302505_4.0001.84/6","location_source":"powiat średzki (wfs)"}},{"type":"Feature","id":"ST-WK-SW/WNIOSEK/12710/2026::302505_4.0001.84/8","geometry":{"type":"Polygon","coordinates":[[[17.1623442226158,52.1597116128231],[17.1626046300878,52.1598055815945],[17.1624208455827,52.1599109759806],[17.1619018388194,52.1602074020731],[17.1617060941705,52.1600770605768],[17.1623442226158,52.1597116128231]]]},"properties":{"case_id":"ST-WK-SW/WNIOSEK/12710/2026","source_type":"wniosek_decyzja","received_date":"2026-02-16","decision_date":"2026-05-25","status":"decyzja wydana","description":"przebudowa ze zmiana sposobu użytkowania bud usługowego na bud. wielorodzinny","address":"Zaniemyśl","city":"Zaniemyśl","office":"Starosta Powiatu Środa Wielkopolska","case_kind":"Obiekt budowlany inny niż budynek mieszkalny jednorodzinny","parcel_ids":["302505_4.0001.84/6","302505_4.0001.84/8","302505_4.0001.85/9"],"location_quality":"dokładny","gunb_url":"https://wyszukiwarka.gunb.gov.pl/","parcel_count":3,"parcel_shard":"x068-y208","parcel_id":"302505_4.0001.84/8","location_source":"powiat średzki (wfs)"}},{"type":"Feature","id":"ST-WK-SW/WNIOSEK/12710/2026::302505_4.0001.85/9","geometry":{"type":"Polygon","coordinates":[[[17.1625447544743,52.1602333670444],[17.1624208455827,52.1599109759806],[17.1626046300878,52.1598055815945],[17.1630259983661,52.1599576315029],[17.1625447544743,52.1602333670444]]]},"properties":{"case_id":"ST-WK-SW/WNIOSEK/12710/2026","source_type":"wniosek_decyzja","received_date":"2026-02-16","decision_date":"2026-05-25","status":"decyzja wydana","description":"przebudowa ze zmiana sposobu użytkowania bud usługowego na bud. wielorodzinny","address":"Zaniemyśl","city":"Zaniemyśl","office":"Starosta Powiatu Środa Wielkopolska","case_kind":"Obiekt budowlany inny niż budynek mieszkalny jednorodzinny","parcel_ids":["302505_4.0001.84/6","302505_4.0001.84/8","302505_4.0001.85/9"],"location_quality":"dokładny","gunb_url":"https://wyszukiwarka.gunb.gov.pl/","parcel_count":3,"parcel_shard":"x068-y208","parcel_id":"302505_4.0001.85/9","location_source":"powiat średzki (wfs)"}},{"type":"Feature","id":"ST-WK-SW/WNIOSEK/3921/2026::302505_5.0002.31/1","geometry":{"type":"Polygon","coordinates":[[[17.2196200139868,52.1754684782787],[17.220049230125,52.1756695917192],[17.219780934689,52.1758533493557],[17.2195866886387,52.1757166233823],[17.2195285922949,52.1757480646011],[17.2194922313233,52.1757222396536],[17.2193752132758,52.1757845135764],[17.219399274679,52.1758008610081],[17.2193504800852,52.1758246779821],[17.2191481131338,52.175921806446],[17.2192261494051,52.1759825668936],[17.2192478758097,52.1759995246912],[17.2187278410078,52.1762990506975],[17.2184329498596,52.1761124349537],[17.2196200139868,52.1754684782787]]]},"properties":{"case_id":"ST-WK-SW/WNIOSEK/3921/2026","source_type":"wniosek_decyzja","received_date":"2025-11-20","decision_date":"2026-01-27","status":"decyzja wydana","description":"budowa magazynów zbożowych  z suszarnią","address":"Brzostek","city":"Brzostek","office":"Starosta Powiatu Środa Wielkopolska","case_kind":"Obiekt budowlany inny niż budynek mieszkalny jednorodzinny","parcel_ids":["302505_5.0002.31/1","302505_5.0002.31/2"],"location_quality":"dokładny","gunb_url":"https://wyszukiwarka.gunb.gov.pl/","parcel_count":2,"parcel_shard":"x068-y208","parcel_id":"302505_5.0002.31/1","location_source":"powiat średzki (wfs)"}},{"type":"Feature","id":"ST-WK-SW/WNIOSEK/3921/2026::302505_5.0002.31/2","geometry":{"type":"Polygon","coordinates":[[[17.2184329498596,52.1761124349537],[17.2187278410078,52.1762990506975],[17.2192478758097,52.1759995246912],[17.2192261494051,52.1759825668936],[17.2191481131338,52.175921806446],[17.2193504800852,52.1758246779821],[17.219399274679,52.1758008610081],[17.2193752132758,52.1757845135764],[17.2194922313233,52.1757222396536],[17.2195285922949,52.1757480646011],[17.2195866886387,52.1757166233823],[17.219780934689,52.1758533493557],[17.220049230125,52.1756695917192],[17.2203946300109,52.1758317710241],[17.2209891593438,52.1761105509786],[17.2216590995073,52.1764247887182],[17.2221412542426,52.1766512303169],[17.2222882574507,52.1767200560975],[17.2220623280638,52.1768745069656],[17.2220568352133,52.1771384738757],[17.2221990344011,52.1773355041031],[17.2222825251336,52.17730947659],[17.2225065120507,52.1772408204668],[17.2225628709867,52.1773928223035],[17.2235671159058,52.1776551937384],[17.2238631588071,52.177733604615],[17.2243117226896,52.1779017588564],[17.2250842945712,52.1780820522084],[17.2252429349698,52.1781062045895],[17.2260756890286,52.1784968665878],[17.2277780317732,52.179292802458],[17.2270089857931,52.1803412821888],[17.2269263635011,52.18038673142],[17.2263744941744,52.1806213185186],[17.2245335286724,52.1797592051213],[17.2242895990135,52.1796447125072],[17.224281478001,52.1796408841596],[17.2235749286577,52.1793093435694],[17.22252861095,52.1788183603188],[17.2220718600328,52.17860586283],[17.2215361184082,52.1783525296957],[17.2205539661008,52.1778943786207],[17.2198633422688,52.1775706501642],[17.2195994194804,52.177446934994],[17.2186088491305,52.1769825905163],[17.2176543387415,52.176535135184],[17.2182256033381,52.1762246894336],[17.2184329498596,52.1761124349537]]]},"properties":{"case_id":"ST-WK-SW/WNIOSEK/3921/2026","source_type":"wniosek_decyzja","received_date":"2025-11-20","decision_date":"2026-01-27","status":"decyzja wydana","description":"budowa magazynów zbożowych  z suszarnią","address":"Brzostek","city":"Brzostek","office":"Starosta Powiatu Środa Wielkopolska","case_kind":"Obiekt budowlany inny niż budynek mieszkalny jednorodzinny","parcel_ids":["302505_5.0002.31/1","302505_5.0002.31/2"],"location_quality":"dokładny","gunb_url":"https://wyszukiwarka.gunb.gov.pl/","parcel_count":2,"parcel_shard":"x068-y208","parcel_id":"302505_5.0002.31/2","location_source":"powiat średzki (wfs)"}},{"type":"Feature","id":"ST-WK-SW/WNIOSEK/26432/2025::302505_5.0002.31/1","geometry":{"type":"Polygon","coordinates":[[[17.2196200139868,52.1754684782787],[17.220049230125,52.1756695917192],[17.219780934689,52.1758533493557],[17.2195866886387,52.1757166233823],[17.2195285922949,52.1757480646011],[17.2194922313233,52.1757222396536],[17.2193752132758,52.1757845135764],[17.219399274679,52.1758008610081],[17.2193504800852,52.1758246779821],[17.2191481131338,52.175921806446],[17.2192261494051,52.1759825668936],[17.2192478758097,52.1759995246912],[17.2187278410078,52.1762990506975],[17.2184329498596,52.1761124349537],[17.2196200139868,52.1754684782787]]]},"properties":{"case_id":"ST-WK-SW/WNIOSEK/26432/2025","source_type":"wniosek_decyzja","received_date":"2025-12-09","decision_date":"2026-01-27","status":"decyzja wydana","description":"budowa magazynu na płody rolne","address":"Brzostek","city":"Brzostek","office":"Starosta Powiatu Środa Wielkopolska","case_kind":"Obiekt budowlany inny niż budynek mieszkalny jednorodzinny","parcel_ids":["302505_5.0002.31/1","302505_5.0002.31/2"],"location_quality":"dokładny","gunb_url":"https://wyszukiwarka.gunb.gov.pl/","parcel_count":2,"parcel_shard":"x068-y208","parcel_id":"302505_5.0002.31/1","location_source":"powiat średzki (wfs)"}},{"type":"Feature","id":"ST-WK-SW/WNIOSEK/26432/2025::302505_5.0002.31/2","geometry":{"type":"Polygon","coordinates":[[[17.2184329498596,52.1761124349537],[17.2187278410078,52.1762990506975],[17.2192478758097,52.1759995246912],[17.2192261494051,52.1759825668936],[17.2191481131338,52.175921806446],[17.2193504800852,52.1758246779821],[17.219399274679,52.1758008610081],[17.2193752132758,52.1757845135764],[17.2194922313233,52.1757222396536],[17.2195285922949,52.1757480646011],[17.2195866886387,52.1757166233823],[17.219780934689,52.1758533493557],[17.220049230125,52.1756695917192],[17.2203946300109,52.1758317710241],[17.2209891593438,52.1761105509786],[17.2216590995073,52.1764247887182],[17.2221412542426,52.1766512303169],[17.2222882574507,52.1767200560975],[17.2220623280638,52.1768745069656],[17.2220568352133,52.1771384738757],[17.2221990344011,52.1773355041031],[17.2222825251336,52.17730947659],[17.2225065120507,52.1772408204668],[17.2225628709867,52.1773928223035],[17.2235671159058,52.1776551937384],[17.2238631588071,52.177733604615],[17.2243117226896,52.1779017588564],[17.2250842945712,52.1780820522084],[17.2252429349698,52.1781062045895],[17.2260756890286,52.1784968665878],[17.2277780317732,52.179292802458],[17.2270089857931,52.1803412821888],[17.2269263635011,52.18038673142],[17.2263744941744,52.1806213185186],[17.2245335286724,52.1797592051213],[17.2242895990135,52.1796447125072],[17.224281478001,52.1796408841596],[17.2235749286577,52.1793093435694],[17.22252861095,52.1788183603188],[17.2220718600328,52.17860586283],[17.2215361184082,52.1783525296957],[17.2205539661008,52.1778943786207],[17.2198633422688,52.1775706501642],[17.2195994194804,52.177446934994],[17.2186088491305,52.1769825905163],[17.2176543387415,52.176535135184],[17.2182256033381,52.1762246894336],[17.2184329498596,52.1761124349537]]]},"properties":{"case_id":"ST-WK-SW/WNIOSEK/26432/2025","source_type":"wniosek_decyzja","received_date":"2025-12-09","decision_date":"2026-01-27","status":"decyzja wydana","description":"budowa magazynu na płody rolne","address":"Brzostek","city":"Brzostek","office":"Starosta Powiatu Środa Wielkopolska","case_kind":"Obiekt budowlany inny niż budynek mieszkalny jednorodzinny","parcel_ids":["302505_5.0002.31/1","302505_5.0002.31/2"],"location_quality":"dokładny","gunb_url":"https://wyszukiwarka.gunb.gov.pl/","parcel_count":2,"parcel_shard":"x068-y208","parcel_id":"302505_5.0002.31/2","location_source":"powiat średzki (wfs)"}},{"type":"Feature","id":"ST-WK-SW/WNIOSEK/26450/2025::302505_5.0003.209/10","geometry":{"type":"Polygon","coordinates":[[[17.2276335562012,52.1492939409826],[17.2297061213139,52.1498005776714],[17.2310222908826,52.1501220389808],[17.2306118903638,52.1505105214022],[17.2287163194495,52.1505731913268],[17.2284800136362,52.1506770753848],[17.2279001837418,52.1506211507047],[17.2274581661655,52.1506227504403],[17.2262458202224,52.1506893175981],[17.2263176219505,52.1506463728604],[17.2264894971913,52.150365382014],[17.2265556911907,52.1503180588787],[17.2265950409838,52.1502624124668],[17.2266114918087,52.1502338403644],[17.2266291827365,52.1501755991444],[17.2266389777497,52.1501169456045],[17.2266209148676,52.1500506926756],[17.2266035158559,52.1500144594641],[17.226476026687,52.1498436411896],[17.2264660451909,52.1498400027014],[17.2262981229594,52.1497907244501],[17.2266287331947,52.1493601286948],[17.2268446910275,52.1493355616002],[17.2273962051787,52.1494571922937],[17.2274954245982,52.1494809052323],[17.2276335562012,52.1492939409826]]]},"properties":{"case_id":"ST-WK-SW/WNIOSEK/26450/2025","source_type":"wniosek_decyzja","received_date":"2025-12-11","decision_date":"2026-01-21","status":"decyzja wydana","description":"podziemna instalacja gaozwa","address":"Czarnotki","city":"Czarnotki","office":"Starosta Powiatu Środa Wielkopolska","case_kind":"Obiekt budowlany inny niż budynek mieszkalny jednorodzinny","parcel_ids":["302505_5.0003.209/10"],"location_quality":"dokładny","gunb_url":"https://wyszukiwarka.gunb.gov.pl/","parcel_count":1,"parcel_shard":"x068-y208","parcel_id":"302505_5.0003.209/10","location_source":"powiat średzki (wfs)"}},{"type":"Feature","id":"ST-WK-SW/WNIOSEK/16303/2026::302505_5.0003.36/15","geometry":{"type":"Polygon","coordinates":[[[17.2161076988787,52.1481778072893],[17.2165747932878,52.1482528150081],[17.2164828753601,52.1484702541287],[17.21601548824,52.1483951542282],[17.2161076988787,52.1481778072893]]]},"properties":{"case_id":"ST-WK-SW/WNIOSEK/16303/2026","source_type":"wniosek_decyzja","received_date":"2026-06-24","decision_date":"2026-08-14","status":"decyzja wydana","description":"Budowa budynku mieszkalnego jednorodzinnego","address":"Czarnotki","city":"Czarnotki","office":"Starosta Powiatu Środa Wielkopolska","case_kind":"Budynek mieszkalny jednorodzinny","parcel_ids":["302505_5.0003.36/15"],"location_quality":"dokładny","gunb_url":"https://wyszukiwarka.gunb.gov.pl/","parcel_count":1,"parcel_shard":"x068-y208","parcel_id":"302505_5.0003.36/15","location_source":"powiat średzki (wfs)"}},{"type":"Feature","id":"ST-WK-SW/WNIOSEK/21988/2025::302505_5.0003.36/16","geometry":{"type":"Polygon","coordinates":[[[17.2161999101869,52.1479603703969],[17.2166667103095,52.1480353758043],[17.2165747932878,52.1482528150081],[17.2161076988787,52.1481778072893],[17.2161999101869,52.1479603703969]]]},"properties":{"case_id":"ST-WK-SW/WNIOSEK/21988/2025","source_type":"wniosek_decyzja","received_date":"2025-09-24","decision_date":"2025-10-27","status":"decyzja wydana","description":"bud. mieszkalny jednorodzinny","address":"Czarnotki","city":"Czarnotki","office":"Starosta Powiatu Środa Wielkopolska","case_kind":"Obiekt budowlany inny niż budynek mieszkalny jednorodzinny","parcel_ids":["302505_5.0003.36/16"],"location_quality":"dokładny","gunb_url":"https://wyszukiwarka.gunb.gov.pl/","parcel_count":1,"parcel_shard":"x068-y208","parcel_id":"302505_5.0003.36/16","location_source":"powiat średzki (wfs)"}},{"type":"Feature","id":"ST-WK-SW/WNIOSEK/24619/2025::302505_5.0004.194/9","geometry":{"type":"Polygon","coordinates":[[[17.1796720134412,52.2060583236746],[17.1803216864976,52.2060537075624],[17.1803294540336,52.2064583997469],[17.1799627699342,52.2067401415975],[17.1795351064941,52.2065086949165],[17.1795876322732,52.2064416773128],[17.1796679488608,52.2062287804464],[17.1796637762488,52.2060780587973],[17.1796720134412,52.2060583236746]]]},"properties":{"case_id":"ST-WK-SW/WNIOSEK/24619/2025","source_type":"wniosek_decyzja","received_date":"2025-11-19","decision_date":"2025-12-17","status":"decyzja wydana","description":"bud. mieszkalny jednorodzinny","address":"Jaszkowo","city":"Jaszkowo","office":"Starosta Powiatu Środa Wielkopolska","case_kind":"Budynek mieszkalny jednorodzinny","parcel_ids":["302505_5.0004.194/9"],"location_quality":"dokładny","gunb_url":"https://wyszukiwarka.gunb.gov.pl/","parcel_count":1,"parcel_shard":"x068-y208","parcel_id":"302505_5.0004.194/9","location_source":"powiat średzki (wfs)"}},{"type":"Feature","id":"ST-WK-SW/WNIOSEK/2515/2026::302505_5.0005.92/6","geometry":{"type":"Polygon","coordinates":[[[17.1315973113439,52.1831044945028],[17.1309178329153,52.1823992339043],[17.131301020312,52.1821376633029],[17.132370267218,52.1828723675129],[17.1320681335562,52.1829552131734],[17.1319485462025,52.1829918661144],[17.1317544466476,52.183056424763],[17.1316522810233,52.1830907152356],[17.1315973113439,52.1831044945028]]]},"properties":{"case_id":"ST-WK-SW/WNIOSEK/2515/2026","source_type":"wniosek_decyzja","received_date":"2025-11-18","decision_date":"2025-12-22","status":"decyzja wydana","description":"rozbiorka","address":"Jeziory Wielkie","city":"Jeziory Wielkie","office":"Starosta Powiatu Środa Wielkopolska","case_kind":"Obiekt budowlany inny niż budynek mieszkalny jednorodzinny","parcel_ids":["302505_5.0005.92/6"],"location_quality":"dokładny","gunb_url":"https://wyszukiwarka.gunb.gov.pl/","parcel_count":1,"parcel_shard":"x068-y208","parcel_id":"302505_5.0005.92/6","location_source":"powiat średzki (wfs)"}},{"type":"Feature","id":"ST-WK-SW/WNIOSEK/25041/2025::302505_5.0006.337","geometry":{"type":"Polygon","coordinates":[[[17.1894991793364,52.1119060127129],[17.189232332493,52.111795814299],[17.1893654597724,52.1116720268957],[17.189435041173,52.1117000828975],[17.1896247391259,52.1117795071027],[17.1896064897042,52.1118149181697],[17.1895169001984,52.1118940621997],[17.1894991793364,52.1119060127129]]]},"properties":{"case_id":"ST-WK-SW/WNIOSEK/25041/2025","source_type":"wniosek_decyzja","received_date":"2025-11-14","decision_date":"2025-12-10","status":"decyzja wydana","description":"budynek gospodarczy","address":"Kępa Mała","city":"Kępa Mała","office":"Starosta Powiatu Środa Wielkopolska","case_kind":"Obiekt budowlany inny niż budynek mieszkalny jednorodzinny","parcel_ids":["302505_5.0006.337"],"location_quality":"dokładny","gunb_url":"https://wyszukiwarka.gunb.gov.pl/","parcel_count":1,"parcel_shard":"x068-y208","parcel_id":"302505_5.0006.337","location_source":"powiat średzki (wfs)"}},{"type":"Feature","id":"ST-WK-SW/WNIOSEK/4927/2026::302505_5.0007.6/1","geometry":{"type":"Polygon","coordinates":[[[17.1978684303441,52.1644670326328],[17.1981154446026,52.1645152864623],[17.1981303738504,52.1645667264316],[17.1982218943819,52.1646676250167],[17.198317029895,52.1647153833367],[17.1984315033492,52.1647170328538],[17.1988439156781,52.1646596513557],[17.1991758675797,52.164613541584],[17.2006409517785,52.1644098582747],[17.2007279517114,52.1643997625909],[17.2007498315796,52.1645072618865],[17.2004528828817,52.1645508325951],[17.2004028317603,52.1645581567164],[17.1990748313699,52.1647433009279],[17.1990083257657,52.1648554176409],[17.1988983121812,52.1648974346758],[17.1984659826872,52.1649269493529],[17.1982737239266,52.1648240708768],[17.1980043047818,52.1647849954561],[17.1978506376511,52.164731923232],[17.1976993759322,52.1647094022615],[17.1978684303441,52.1644670326328]]]},"properties":{"case_id":"ST-WK-SW/WNIOSEK/4927/2026","source_type":"wniosek_decyzja","received_date":"2026-03-12","decision_date":"2026-04-02","status":"decyzja wydana","description":"budowa oświetlenia przejscia dla pieszych","address":"Kępa Wielka","city":"Kępa Wielka","office":"Starosta Powiatu Środa Wielkopolska","case_kind":"Obiekt budowlany inny niż budynek mieszkalny jednorodzinny","parcel_ids":["302505_5.0007.6/1"],"location_quality":"dokładny","gunb_url":"https://wyszukiwarka.gunb.gov.pl/","parcel_count":1,"parcel_shard":"x068-y208","parcel_id":"302505_5.0007.6/1","location_source":"powiat średzki (wfs)"}},{"type":"Feature","id":"ST-WK-SW/WNIOSEK/26435/2025::302505_5.0008.110/6","geometry":{"type":"Polygon","coordinates":[[[17.1922900501827,52.1465735266644],[17.1923107412333,52.1466139405442],[17.1923120327726,52.1466509426345],[17.1922622825356,52.1467077013371],[17.1922558681534,52.1465704672347],[17.1922900501827,52.1465735266644]]]},"properties":{"case_id":"ST-WK-SW/WNIOSEK/26435/2025","source_type":"wniosek_decyzja","received_date":"2025-12-10","decision_date":"2026-02-05","status":"decyzja wydana","description":"budowa sieci kanalizacji sanitarnej","address":"Lubonieczek","city":"Lubonieczek","office":"Starosta Powiatu Środa Wielkopolska","case_kind":"Obiekt budowlany inny niż budynek mieszkalny jednorodzinny","parcel_ids":["302505_5.0008.110/6","302505_5.0008.111/1","302505_5.0008.111/2","302505_5.0008.129","302505_5.0008.130/1","302505_5.0008.130/8","302505_5.0008.130/9","302505_5.0008.131/19","302505_5.0008.17/5","302505_5.0008.38"],"location_quality":"dokładny","gunb_url":"https://wyszukiwarka.gunb.gov.pl/","parcel_count":10,"parcel_shard":"x068-y208","parcel_id":"302505_5.0008.110/6","location_source":"powiat średzki (wfs)"}},{"type":"Feature","id":"ST-WK-SW/WNIOSEK/26435/2025::302505_5.0008.111/1","geometry":{"type":"Polygon","coordinates":[[[17.1992513909424,52.1430228181099],[17.1994134831547,52.1431276252836],[17.1995688469662,52.1434552093601],[17.2002533250668,52.144897889732],[17.2007206375174,52.1458866309263],[17.2011960386935,52.1468926860652],[17.2013186895538,52.1471519293075],[17.2012628975576,52.1474821736214],[17.201695881186,52.1481077707293],[17.2016935159733,52.1481086041266],[17.2016561078234,52.1481208165604],[17.2011441819258,52.1474831741777],[17.2011720395051,52.1470826780547],[17.2006125266388,52.1459019480991],[17.200148142698,52.1449183724127],[17.1997479849912,52.1440770778651],[17.1994227365343,52.1433925790397],[17.1994119479536,52.1433697052725],[17.1994005968593,52.1432990126612],[17.1992513909424,52.1430228181099]]]},"properties":{"case_id":"ST-WK-SW/WNIOSEK/26435/2025","source_type":"wniosek_decyzja","received_date":"2025-12-10","decision_date":"2026-02-05","status":"decyzja wydana","description":"budowa sieci kanalizacji sanitarnej","address":"Lubonieczek","city":"Lubonieczek","office":"Starosta Powiatu Środa Wielkopolska","case_kind":"Obiekt budowlany inny niż budynek mieszkalny jednorodzinny","parcel_ids":["302505_5.0008.110/6","302505_5.0008.111/1","302505_5.0008.111/2","302505_5.0008.129","302505_5.0008.130/1","302505_5.0008.130/8","302505_5.0008.130/9","302505_5.0008.131/19","302505_5.0008.17/5","302505_5.0008.38"],"location_quality":"dokładny","gunb_url":"https://wyszukiwarka.gunb.gov.pl/","parcel_count":10,"parcel_shard":"x068-y208","parcel_id":"302505_5.0008.111/1","location_source":"powiat średzki (wfs)"}},{"type":"Feature","id":"ST-WK-SW/WNIOSEK/26435/2025::302505_5.0008.111/2","geometry":{"type":"Polygon","coordinates":[[[17.1978797856097,52.1417957317994],[17.197951666383,52.14172835954],[17.1979923275735,52.1417198190204],[17.1980828979173,52.1417015972296],[17.1982170220732,52.1417277293757],[17.1982990818728,52.1419393113863],[17.1983096682399,52.141945501883],[17.1983791149152,52.1419861115726],[17.1983897013046,52.1419923020622],[17.1987846927922,52.1423475822807],[17.1989900699649,52.1425429849611],[17.1994365460912,52.1429643725487],[17.1995135578399,52.1430029509684],[17.1997145093165,52.143045290473],[17.1996945124987,52.1431294763037],[17.1994134831547,52.1431276252836],[17.1992513909424,52.1430228181099],[17.199057876484,52.1427555407573],[17.1987954972493,52.1425210204848],[17.198664202151,52.1424257835404],[17.1986117431313,52.1423877244161],[17.1985150882202,52.1423060860625],[17.1982567453484,52.1420789178],[17.1982481376611,52.1420716590735],[17.198205443486,52.1420356558121],[17.1981968358008,52.1420283970818],[17.1978797856097,52.1417957317994]]]},"properties":{"case_id":"ST-WK-SW/WNIOSEK/26435/2025","source_type":"wniosek_decyzja","received_date":"2025-12-10","decision_date":"2026-02-05","status":"decyzja wydana","description":"budowa sieci kanalizacji sanitarnej","address":"Lubonieczek","city":"Lubonieczek","office":"Starosta Powiatu Środa Wielkopolska","case_kind":"Obiekt budowlany inny niż budynek mieszkalny jednorodzinny","parcel_ids":["302505_5.0008.110/6","302505_5.0008.111/1","302505_5.0008.111/2","302505_5.0008.129","302505_5.0008.130/1","302505_5.0008.130/8","302505_5.0008.130/9","302505_5.0008.131/19","302505_5.0008.17/5","302505_5.0008.38"],"location_quality":"dokładny","gunb_url":"https://wyszukiwarka.gunb.gov.pl/","parcel_count":10,"parcel_shard":"x068-y208","parcel_id":"302505_5.0008.111/2","location_source":"powiat średzki (wfs)"}},{"type":"Feature","id":"ST-WK-SW/WNIOSEK/26435/2025::302505_5.0008.129","geometry":{"type":"Polygon","coordinates":[[[17.1997145093165,52.143045290473],[17.2012239135684,52.1430586687214],[17.2015114757159,52.1430612434947],[17.2031444763153,52.1430611785809],[17.2032655973385,52.1430612619227],[17.2044734431564,52.14306183564],[17.2046250384763,52.1430620556877],[17.2072820945631,52.1430614290792],[17.2083674583707,52.14305865539],[17.2083335078543,52.1431640723121],[17.2073328389248,52.1431253425326],[17.2063880672521,52.1431310406187],[17.2050841935748,52.1431389027021],[17.2048803774753,52.1431387440868],[17.2045256049837,52.1431411090676],[17.2042008293646,52.1431423335787],[17.2038844021924,52.1431423552218],[17.2032045260124,52.1431413592535],[17.2029301767962,52.1431411233185],[17.2026658360208,52.1431408510625],[17.2024377406281,52.1431410313972],[17.202059820954,52.1431413290207],[17.2015574858765,52.1431417221558],[17.2013285163138,52.1431402193783],[17.20097586249,52.1431379035467],[17.2006675121847,52.1431358767197],[17.2004384746471,52.1431343717174],[17.1999387654569,52.1431311219368],[17.1996945124987,52.1431294763037],[17.1997145093165,52.143045290473]]]},"properties":{"case_id":"ST-WK-SW/WNIOSEK/26435/2025","source_type":"wniosek_decyzja","received_date":"2025-12-10","decision_date":"2026-02-05","status":"decyzja wydana","description":"budowa sieci kanalizacji sanitarnej","address":"Lubonieczek","city":"Lubonieczek","office":"Starosta Powiatu Środa Wielkopolska","case_kind":"Obiekt budowlany inny niż budynek mieszkalny jednorodzinny","parcel_ids":["302505_5.0008.110/6","302505_5.0008.111/1","302505_5.0008.111/2","302505_5.0008.129","302505_5.0008.130/1","302505_5.0008.130/8","302505_5.0008.130/9","302505_5.0008.131/19","302505_5.0008.17/5","302505_5.0008.38"],"location_quality":"dokładny","gunb_url":"https://wyszukiwarka.gunb.gov.pl/","parcel_count":10,"parcel_shard":"x068-y208","parcel_id":"302505_5.0008.129","location_source":"powiat średzki (wfs)"}},{"type":"Feature","id":"ST-WK-SW/WNIOSEK/26435/2025::302505_5.0008.130/1","geometry":{"type":"Polygon","coordinates":[[[17.2012239135684,52.1430586687214],[17.2012942880253,52.1430051379574],[17.2012934027342,52.1429548932947],[17.2011748763503,52.1427537117543],[17.2010749891154,52.142584357866],[17.2009560184994,52.1423825497664],[17.2008266111771,52.1421629007843],[17.2007070473391,52.1419601970665],[17.2005825626763,52.1417489761762],[17.2004495822299,52.1415234112911],[17.2002729634859,52.1414874375463],[17.2001681598721,52.1413095672411],[17.2004428312475,52.1412482920647],[17.2011425727588,52.1424347530167],[17.2012426614969,52.1426046397701],[17.2013183864442,52.1427321233902],[17.2014810406999,52.143007895381],[17.2015040223509,52.1430486923017],[17.2015114757159,52.1430612434947],[17.2012239135684,52.1430586687214]]]},"properties":{"case_id":"ST-WK-SW/WNIOSEK/26435/2025","source_type":"wniosek_decyzja","received_date":"2025-12-10","decision_date":"2026-02-05","status":"decyzja wydana","description":"budowa sieci kanalizacji sanitarnej","address":"Lubonieczek","city":"Lubonieczek","office":"Starosta Powiatu Środa Wielkopolska","case_kind":"Obiekt budowlany inny niż budynek mieszkalny jednorodzinny","parcel_ids":["302505_5.0008.110/6","302505_5.0008.111/1","302505_5.0008.111/2","302505_5.0008.129","302505_5.0008.130/1","302505_5.0008.130/8","302505_5.0008.130/9","302505_5.0008.131/19","302505_5.0008.17/5","302505_5.0008.38"],"location_quality":"dokładny","gunb_url":"https://wyszukiwarka.gunb.gov.pl/","parcel_count":10,"parcel_shard":"x068-y208","parcel_id":"302505_5.0008.130/1","location_source":"powiat średzki (wfs)"}},{"type":"Feature","id":"ST-WK-SW/WNIOSEK/26435/2025::302505_5.0008.130/8","geometry":{"type":"Polygon","coordinates":[[[17.1994365460912,52.1429643725487],[17.1989900699649,52.1425429849611],[17.1987846927922,52.1423475822807],[17.1983897013046,52.1419923020622],[17.1983791149152,52.1419861115726],[17.1984181866533,52.1419048929367],[17.198426310369,52.1419124074423],[17.1986755843486,52.1421438306848],[17.1989862865397,52.1424324379225],[17.1992283891202,52.1426571601419],[17.1994174654254,52.1428327694287],[17.1994959347366,52.1428710716386],[17.1996765378858,52.1429597052865],[17.1998110446933,52.1429923635317],[17.2002134534445,52.1429958678062],[17.2007537978892,52.1430005499599],[17.2012942880253,52.1430051379574],[17.2012239135684,52.1430586687214],[17.1997145093165,52.143045290473],[17.1995135578399,52.1430029509684],[17.1994365460912,52.1429643725487]]]},"properties":{"case_id":"ST-WK-SW/WNIOSEK/26435/2025","source_type":"wniosek_decyzja","received_date":"2025-12-10","decision_date":"2026-02-05","status":"decyzja wydana","description":"budowa sieci kanalizacji sanitarnej","address":"Lubonieczek","city":"Lubonieczek","office":"Starosta Powiatu Środa Wielkopolska","case_kind":"Obiekt budowlany inny niż budynek mieszkalny jednorodzinny","parcel_ids":["302505_5.0008.110/6","302505_5.0008.111/1","302505_5.0008.111/2","302505_5.0008.129","302505_5.0008.130/1","302505_5.0008.130/8","302505_5.0008.130/9","302505_5.0008.131/19","302505_5.0008.17/5","302505_5.0008.38"],"location_quality":"dokładny","gunb_url":"https://wyszukiwarka.gunb.gov.pl/","parcel_count":10,"parcel_shard":"x068-y208","parcel_id":"302505_5.0008.130/8","location_source":"powiat średzki (wfs)"}},{"type":"Feature","id":"ST-WK-SW/WNIOSEK/26435/2025::302505_5.0008.130/9","geometry":{"type":"Polygon","coordinates":[[[17.1994978160242,52.1422239489959],[17.1991866795421,52.1419351840925],[17.1990056365564,52.1417669919146],[17.1992491833052,52.1416676565746],[17.1994265879991,52.1418325300386],[17.1993658105461,52.1418573411328],[17.199345212026,52.1419195464737],[17.1995390119452,52.1420994481507],[17.1997568910833,52.1423017143319],[17.1999747720991,52.142503980291],[17.2000818654235,52.1426032787313],[17.200254141362,52.1426547338314],[17.2005123302733,52.1426569937915],[17.200880984777,52.1426602858649],[17.2010287165142,52.1426374206286],[17.2010749891154,52.142584357866],[17.2011748763503,52.1427537117543],[17.2010789580397,52.1427225906742],[17.2008981187262,52.1427503685824],[17.2007594514989,52.142749012535],[17.2002192527943,52.1427440605322],[17.1999817359626,52.1426734808886],[17.1997397743082,52.1424486701249],[17.1994978160242,52.1422239489959]]]},"properties":{"case_id":"ST-WK-SW/WNIOSEK/26435/2025","source_type":"wniosek_decyzja","received_date":"2025-12-10","decision_date":"2026-02-05","status":"decyzja wydana","description":"budowa sieci kanalizacji sanitarnej","address":"Lubonieczek","city":"Lubonieczek","office":"Starosta Powiatu Środa Wielkopolska","case_kind":"Obiekt budowlany inny niż budynek mieszkalny jednorodzinny","parcel_ids":["302505_5.0008.110/6","302505_5.0008.111/1","302505_5.0008.111/2","302505_5.0008.129","302505_5.0008.130/1","302505_5.0008.130/8","302505_5.0008.130/9","302505_5.0008.131/19","302505_5.0008.17/5","302505_5.0008.38"],"location_quality":"dokładny","gunb_url":"https://wyszukiwarka.gunb.gov.pl/","parcel_count":10,"parcel_shard":"x068-y208","parcel_id":"302505_5.0008.130/9","location_source":"powiat średzki (wfs)"}},{"type":"Feature","id":"ST-WK-SW/WNIOSEK/26435/2025::302505_5.0008.131/19","geometry":{"type":"Polygon","coordinates":[[[17.2012426614969,52.1426046397701],[17.2015686692659,52.142554611707],[17.2018583886728,52.1425102443553],[17.2022127424864,52.1424559177237],[17.2024819545726,52.1424146281235],[17.2028222290193,52.142362473419],[17.2028768117577,52.1424931972181],[17.2027874455429,52.142460250706],[17.202376920744,52.1425238541056],[17.2019876801765,52.142583584485],[17.201888216883,52.1425986837822],[17.2013639284003,52.1426790636481],[17.2013183864442,52.1427321233902],[17.2012426614969,52.1426046397701]]]},"properties":{"case_id":"ST-WK-SW/WNIOSEK/26435/2025","source_type":"wniosek_decyzja","received_date":"2025-12-10","decision_date":"2026-02-05","status":"decyzja wydana","description":"budowa sieci kanalizacji sanitarnej","address":"Lubonieczek","city":"Lubonieczek","office":"Starosta Powiatu Środa Wielkopolska","case_kind":"Obiekt budowlany inny niż budynek mieszkalny jednorodzinny","parcel_ids":["302505_5.0008.110/6","302505_5.0008.111/1","302505_5.0008.111/2","302505_5.0008.129","302505_5.0008.130/1","302505_5.0008.130/8","302505_5.0008.130/9","302505_5.0008.131/19","302505_5.0008.17/5","302505_5.0008.38"],"location_quality":"dokładny","gunb_url":"https://wyszukiwarka.gunb.gov.pl/","parcel_count":10,"parcel_shard":"x068-y208","parcel_id":"302505_5.0008.131/19","location_source":"powiat średzki (wfs)"}},{"type":"Feature","id":"ST-WK-SW/WNIOSEK/26435/2025::302505_5.0008.17/5","geometry":{"type":"Polygon","coordinates":[[[17.1922411840878,52.1462620289672],[17.1922558681534,52.1465704672347],[17.1922622825356,52.1467077013371],[17.1922703373573,52.1468729740485],[17.192285983742,52.1472013643555],[17.1922931303893,52.147350065455],[17.1922068025399,52.1472654433244],[17.1921566899263,52.1472328602492],[17.1921271535307,52.1472136557342],[17.1920611822115,52.1471821233961],[17.1920331068221,52.147167684064],[17.1920451194873,52.147049663317],[17.1920543359171,52.1469602054877],[17.1920634145097,52.1468707337334],[17.1920728369761,52.1467775153096],[17.1920824056339,52.1466847343089],[17.1920882098979,52.1466276520497],[17.1920918847686,52.146591769804],[17.1921261388753,52.146256368425],[17.1921783917867,52.1462600655118],[17.1922411840878,52.1462620289672]]]},"properties":{"case_id":"ST-WK-SW/WNIOSEK/26435/2025","source_type":"wniosek_decyzja","received_date":"2025-12-10","decision_date":"2026-02-05","status":"decyzja wydana","description":"budowa sieci kanalizacji sanitarnej","address":"Lubonieczek","city":"Lubonieczek","office":"Starosta Powiatu Środa Wielkopolska","case_kind":"Obiekt budowlany inny niż budynek mieszkalny jednorodzinny","parcel_ids":["302505_5.0008.110/6","302505_5.0008.111/1","302505_5.0008.111/2","302505_5.0008.129","302505_5.0008.130/1","302505_5.0008.130/8","302505_5.0008.130/9","302505_5.0008.131/19","302505_5.0008.17/5","302505_5.0008.38"],"location_quality":"dokładny","gunb_url":"https://wyszukiwarka.gunb.gov.pl/","parcel_count":10,"parcel_shard":"x068-y208","parcel_id":"302505_5.0008.17/5","location_source":"powiat średzki (wfs)"}},{"type":"Feature","id":"ST-WK-SW/WNIOSEK/26435/2025::302505_5.0008.38","geometry":{"type":"Polygon","coordinates":[[[17.1994005968593,52.1432990126612],[17.1994119479536,52.1433697052725],[17.1992890113019,52.1434264349052],[17.198199568799,52.1439289162346],[17.1979551360899,52.144041106245],[17.1976862684915,52.1441628423332],[17.1974234306265,52.144282350509],[17.1971793657779,52.1443933215784],[17.1969106585187,52.1445154955658],[17.1967915585821,52.1445696466136],[17.196657204175,52.1446307330533],[17.1963929532978,52.1447508779541],[17.1961405285337,52.1448675021201],[17.1958819810534,52.1449854109901],[17.1956205344618,52.1451053993198],[17.1953407051297,52.1452358258158],[17.1951101330012,52.1453432926631],[17.1948551051246,52.1454621567601],[17.194582716711,52.1455891108743],[17.194330598851,52.1457066160235],[17.1941018846671,52.1458132122725],[17.1938165727418,52.1459461854838],[17.1935693443456,52.1460614081424],[17.1933048418953,52.146183657897],[17.1927942787431,52.1464195656048],[17.1926153868652,52.146502014543],[17.1923107412333,52.1466139405442],[17.1922900501827,52.1465735266644],[17.1925809132632,52.1464524564246],[17.1926225029724,52.1464353749066],[17.1928414562908,52.1463389073665],[17.1933539474774,52.1460992786635],[17.1936617988359,52.1459532227413],[17.1939503629958,52.1458198262324],[17.1942446148089,52.1456806419568],[17.1944766538257,52.1455692367659],[17.1947182019923,52.1454589576957],[17.1949583132927,52.1453508506408],[17.1951898748758,52.1452438862714],[17.1954196103408,52.1451370282085],[17.1956617304342,52.1450298002449],[17.1958887146352,52.1449239867825],[17.1961393626608,52.1448073477906],[17.1963919523436,52.1446902969104],[17.1966424826073,52.1445742196631],[17.1967661596683,52.1445178507228],[17.1968809591504,52.144464487269],[17.1971369988563,52.144344968231],[17.1973633533805,52.1442358274291],[17.197624564289,52.1441214075085],[17.1978884697378,52.1440001431037],[17.1981954024917,52.1438602590805],[17.1994005968593,52.1432990126612]]]},"properties":{"case_id":"ST-WK-SW/WNIOSEK/26435/2025","source_type":"wniosek_decyzja","received_date":"2025-12-10","decision_date":"2026-02-05","status":"decyzja wydana","description":"budowa sieci kanalizacji sanitarnej","address":"Lubonieczek","city":"Lubonieczek","office":"Starosta Powiatu Środa Wielkopolska","case_kind":"Obiekt budowlany inny niż budynek mieszkalny jednorodzinny","parcel_ids":["302505_5.0008.110/6","302505_5.0008.111/1","302505_5.0008.111/2","302505_5.0008.129","302505_5.0008.130/1","302505_5.0008.130/8","302505_5.0008.130/9","302505_5.0008.131/19","302505_5.0008.17/5","302505_5.0008.38"],"location_quality":"dokładny","gunb_url":"https://wyszukiwarka.gunb.gov.pl/","parcel_count":10,"parcel_shard":"x068-y208","parcel_id":"302505_5.0008.38","location_source":"powiat średzki (wfs)"}},{"type":"Feature","id":"ST-WK-SW/WNIOSEK/4969/2026::302505_5.0008.122/2","geometry":{"type":"Polygon","coordinates":[[[17.2029301767962,52.1431411233185],[17.2036264992215,52.1443248791758],[17.203390941619,52.1443772166852],[17.2026658360208,52.1431408510625],[17.2029301767962,52.1431411233185]]]},"properties":{"case_id":"ST-WK-SW/WNIOSEK/4969/2026","source_type":"wniosek_decyzja","received_date":"2026-02-17","decision_date":"2026-03-18","status":"decyzja wydana","description":"rozbiórka trzech bud. gospodarczych","address":"Lubonieczek","city":"Lubonieczek","office":"Starosta Powiatu Środa Wielkopolska","case_kind":"Obiekt budowlany inny niż budynek mieszkalny jednorodzinny","parcel_ids":["302505_5.0008.122/2"],"location_quality":"dokładny","gunb_url":"https://wyszukiwarka.gunb.gov.pl/","parcel_count":1,"parcel_shard":"x068-y208","parcel_id":"302505_5.0008.122/2","location_source":"powiat średzki (wfs)"}},{"type":"Feature","id":"ST-WK-SW/WNIOSEK/6146/2026::302505_5.0008.155","geometry":{"type":"Polygon","coordinates":[[[17.2072684463761,52.1328993967408],[17.2071759088783,52.1328759268424],[17.2062260352746,52.1326814589253],[17.2056482334988,52.1328108712216],[17.2072173473369,52.1303193456983],[17.2086011401957,52.1307111153827],[17.2072684463761,52.1328993967408]]]},"properties":{"case_id":"ST-WK-SW/WNIOSEK/6146/2026","source_type":"wniosek_decyzja","received_date":"2026-03-30","decision_date":"2026-05-14","status":"decyzja wydana","description":"budynek mieszkalny jednorodzinny","address":"Lubonieczek","city":"Lubonieczek","office":"Starosta Powiatu Środa Wielkopolska","case_kind":"Budynek mieszkalny jednorodzinny","parcel_ids":["302505_5.0008.155"],"location_quality":"dokładny","gunb_url":"https://wyszukiwarka.gunb.gov.pl/","parcel_count":1,"parcel_shard":"x068-y208","parcel_id":"302505_5.0008.155","location_source":"powiat średzki (wfs)"}},{"type":"Feature","id":"ST-WK-SW/WNIOSEK/22182/2025::302505_5.0008.29/2","geometry":{"type":"Polygon","coordinates":[[[17.1959028249628,52.1450061732572],[17.1961601847926,52.1448866515569],[17.1967477497552,52.1454535996787],[17.1964939010894,52.1455703056504],[17.1959028249628,52.1450061732572]]]},"properties":{"case_id":"ST-WK-SW/WNIOSEK/22182/2025","source_type":"wniosek_decyzja","received_date":"2025-10-02","decision_date":"2025-10-27","status":"decyzja wydana","description":"dwa budynki mieszkalne w jednorodzinne w zabudowie bliźniaczej","address":"Lubonieczek","city":"Lubonieczek","office":"Starosta Powiatu Środa Wielkopolska","case_kind":"Budynek mieszkalny jednorodzinny","parcel_ids":["302505_5.0008.29/2"],"location_quality":"dokładny","gunb_url":"https://wyszukiwarka.gunb.gov.pl/","parcel_count":1,"parcel_shard":"x068-y208","parcel_id":"302505_5.0008.29/2","location_source":"powiat średzki (wfs)"}},{"type":"Feature","id":"ST-WK-SW/WNIOSEK/24617/2025::302505_5.0008.29/2","geometry":{"type":"Polygon","coordinates":[[[17.1959028249628,52.1450061732572],[17.1961601847926,52.1448866515569],[17.1967477497552,52.1454535996787],[17.1964939010894,52.1455703056504],[17.1959028249628,52.1450061732572]]]},"properties":{"case_id":"ST-WK-SW/WNIOSEK/24617/2025","source_type":"wniosek_decyzja","received_date":"2025-11-11","decision_date":"2025-11-17","status":"decyzja wydana","description":"dwa budynki mieszkalne jednorodzinnew zabud. bliźniaczej","address":"Lubonieczek","city":"Lubonieczek","office":"Starosta Powiatu Środa Wielkopolska","case_kind":"Budynek mieszkalny jednorodzinny","parcel_ids":["302505_5.0008.29/2"],"location_quality":"dokładny","gunb_url":"https://wyszukiwarka.gunb.gov.pl/","parcel_count":1,"parcel_shard":"x068-y208","parcel_id":"302505_5.0008.29/2","location_source":"powiat średzki (wfs)"}},{"type":"Feature","id":"ST-WK-SW/WNIOSEK/10046/2026::302505_5.0008.37/3","geometry":{"type":"Polygon","coordinates":[[[17.1977003048801,52.1441761735643],[17.1979697716952,52.1440556932219],[17.198543554563,52.1446301445255],[17.1982873222879,52.1447452999544],[17.1977003048801,52.1441761735643]]]},"properties":{"case_id":"ST-WK-SW/WNIOSEK/10046/2026","source_type":"wniosek_decyzja","received_date":"2026-04-15","decision_date":"2026-05-27","status":"decyzja wydana","description":"bud. mieszkalny jednorodzinny","address":"Lubonieczek","city":"Lubonieczek","office":"Starosta Powiatu Środa Wielkopolska","case_kind":"Budynek mieszkalny jednorodzinny","parcel_ids":["302505_5.0008.37/3"],"location_quality":"dokładny","gunb_url":"https://wyszukiwarka.gunb.gov.pl/","parcel_count":1,"parcel_shard":"x068-y208","parcel_id":"302505_5.0008.37/3","location_source":"powiat średzki (wfs)"}},{"type":"Feature","id":"ST-WK-SW/WNIOSEK/11361/2026::302505_5.0008.80/14","geometry":{"type":"Polygon","coordinates":[[[17.1896760739117,52.1454409979688],[17.1899159507706,52.1456408784197],[17.1896416346097,52.1458170910864],[17.1893606422988,52.1455864142127],[17.1896760739117,52.1454409979688]]]},"properties":{"case_id":"ST-WK-SW/WNIOSEK/11361/2026","source_type":"wniosek_decyzja","received_date":"2026-04-30","decision_date":"2026-06-18","status":"decyzja wydana","description":"budynek mieszkalny jednorodzinny","address":"Lubonieczek","city":"Lubonieczek","office":"Starosta Powiatu Środa Wielkopolska","case_kind":"Budynek mieszkalny jednorodzinny","parcel_ids":["302505_5.0008.80/14"],"location_quality":"dokładny","gunb_url":"https://wyszukiwarka.gunb.gov.pl/","parcel_count":1,"parcel_shard":"x068-y208","parcel_id":"302505_5.0008.80/14","location_source":"powiat średzki (wfs)"}},{"type":"Feature","id":"ST-WK-SW/WNIOSEK/8399/2026::302505_5.0008.80/8","geometry":{"type":"Polygon","coordinates":[[[17.1886695245366,52.1446022338961],[17.1889471343207,52.1448336082649],[17.1886549823062,52.1449683071695],[17.1883772255049,52.1447370209852],[17.1886695245366,52.1446022338961]]]},"properties":{"case_id":"ST-WK-SW/WNIOSEK/8399/2026","source_type":"wniosek_decyzja","received_date":"2026-03-31","decision_date":"2026-03-31","status":"decyzja wydana","description":"bud.mieszkalny jednorodzinny","address":"Lubonieczek","city":"Lubonieczek","office":"Starosta Powiatu Środa Wielkopolska","case_kind":"Budynek mieszkalny jednorodzinny","parcel_ids":["302505_5.0008.80/8"],"location_quality":"dokładny","gunb_url":"https://wyszukiwarka.gunb.gov.pl/","parcel_count":1,"parcel_shard":"x068-y208","parcel_id":"302505_5.0008.80/8","location_source":"powiat średzki (wfs)"}},{"type":"Feature","id":"ST-WK-SW/WNIOSEK/3817/2026::302505_5.0009.167/6","geometry":{"type":"Polygon","coordinates":[[[17.1420654524334,52.1712213358722],[17.1419152529528,52.170913571507],[17.142273130883,52.1708511905514],[17.1424089758466,52.1711453680469],[17.1423886660692,52.1711676905025],[17.1420654524334,52.1712213358722]]]},"properties":{"case_id":"ST-WK-SW/WNIOSEK/3817/2026","source_type":"wniosek_decyzja","received_date":"2025-12-01","decision_date":"2026-01-13","status":"decyzja wydana","description":"bud. mieszkalny jednorodzinny","address":"Kępa Wielka","city":"Kępa Wielka","office":"Starosta Powiatu Środa Wielkopolska","case_kind":"Budynek mieszkalny jednorodzinny","parcel_ids":["302505_5.0009.167/6"],"location_quality":"dokładny","gunb_url":"https://wyszukiwarka.gunb.gov.pl/","parcel_count":1,"parcel_shard":"x068-y208","parcel_id":"302505_5.0009.167/6","location_source":"powiat średzki (wfs)"}},{"type":"Feature","id":"ST-WK-SW/WNIOSEK/21060/2025::302505_5.0009.177/52","geometry":{"type":"Polygon","coordinates":[[[17.1516627357901,52.1644380800881],[17.1515555472047,52.164156612534],[17.1514986818078,52.1641648320408],[17.1513753328794,52.1638417232906],[17.1523354790418,52.1640437402304],[17.1525893810889,52.1640849581226],[17.1531394821575,52.1643488842015],[17.153153476562,52.164413277082],[17.1531104407362,52.1644483283657],[17.1525300358015,52.1644250653628],[17.1518216777329,52.1644240706416],[17.1516627357901,52.1644380800881]],[[17.1523354790418,52.1640437402304],[17.151921983257,52.1641682026972],[17.1519898525101,52.1642542202951],[17.1522190459228,52.164267583873],[17.1523644612158,52.1642380505344],[17.1524159122727,52.1641971226721],[17.1523354790418,52.1640437402304]]]},"properties":{"case_id":"ST-WK-SW/WNIOSEK/21060/2025","source_type":"wniosek_decyzja","received_date":"2025-08-25","decision_date":"2025-10-16","status":"decyzja wydana","description":"Kużnia w Zespole Pałacowym","address":"Łękno","city":"Łękno","office":"Starosta Powiatu Środa Wielkopolska","case_kind":"Obiekt budowlany inny niż budynek mieszkalny jednorodzinny","parcel_ids":["302505_5.0009.177/52"],"location_quality":"dokładny","gunb_url":"https://wyszukiwarka.gunb.gov.pl/","parcel_count":1,"parcel_shard":"x068-y208","parcel_id":"302505_5.0009.177/52","location_source":"powiat średzki (wfs)"}},{"type":"Feature","id":"ST-WK-SW/WNIOSEK/3669/2026::302505_5.0009.179/14","geometry":{"type":"Polygon","coordinates":[[[17.1547712187126,52.1638911897128],[17.1542413589516,52.1642847195501],[17.1538494455877,52.1641056388929],[17.1543510367682,52.1637065628631],[17.1545029104679,52.1637205064443],[17.1547304194732,52.1638353556795],[17.1547712187126,52.1638911897128]]]},"properties":{"case_id":"ST-WK-SW/WNIOSEK/3669/2026","source_type":"wniosek_decyzja","received_date":"2025-12-03","decision_date":"2026-01-29","status":"decyzja wydana","description":"zmiana elewacji","address":"Łękno","city":"Łękno","office":"Starosta Powiatu Środa Wielkopolska","case_kind":"Obiekt budowlany inny niż budynek mieszkalny jednorodzinny","parcel_ids":["302505_5.0009.179/14"],"location_quality":"dokładny","gunb_url":"https://wyszukiwarka.gunb.gov.pl/","parcel_count":1,"parcel_shard":"x068-y208","parcel_id":"302505_5.0009.179/14","location_source":"powiat średzki (wfs)"}},{"type":"Feature","id":"ST-WK-SW/WNIOSEK/12771/2026::302505_5.0009.187/10","geometry":{"type":"Polygon","coordinates":[[[17.1619081296215,52.1611189647672],[17.162136713351,52.1613315941292],[17.1622722911205,52.1615797541234],[17.1623846750865,52.1618586618033],[17.161582036029,52.1621204088167],[17.1598728440822,52.1618426913949],[17.1602702858884,52.1608668459958],[17.1619081296215,52.1611189647672]]]},"properties":{"case_id":"ST-WK-SW/WNIOSEK/12771/2026","source_type":"wniosek_decyzja","received_date":"2025-12-09","decision_date":"2026-01-14","status":"decyzja wydana","description":"budowa skoczni i bieżni","address":"Zaniemyśl","city":"Zaniemyśl","office":"Starosta Powiatu Środa Wielkopolska","case_kind":"Obiekt budowlany inny niż budynek mieszkalny jednorodzinny","parcel_ids":["302505_5.0009.187/10","302505_5.0009.187/11"],"location_quality":"dokładny","gunb_url":"https://wyszukiwarka.gunb.gov.pl/","parcel_count":1,"parcel_shard":"x068-y208","parcel_id":"302505_5.0009.187/10","location_source":"powiat średzki (wfs)"}},{"type":"Feature","id":"ST-WK-SW/WNIOSEK/24538/2025::302505_5.0009.195/15","geometry":{"type":"Polygon","coordinates":[[[17.157930797922,52.1640378277805],[17.1571790599083,52.1642814480021],[17.1561751452192,52.1644554420151],[17.1559917626728,52.164150571848],[17.156900235283,52.1640181385675],[17.1571643909076,52.1638724276224],[17.1572518549433,52.1637966534605],[17.1573005110319,52.1637545663976],[17.157930797922,52.1640378277805]]]},"properties":{"case_id":"ST-WK-SW/WNIOSEK/24538/2025","source_type":"wniosek_decyzja","received_date":"2025-11-13","decision_date":"2025-12-01","status":"decyzja wydana","description":"Budowa hali do produkcji galwaicznej projekt zamienny","address":"Łękno","city":"Łękno","office":"Starosta Powiatu Środa Wielkopolska","case_kind":"Obiekt budowlany inny niż budynek mieszkalny jednorodzinny","parcel_ids":["302505_5.0009.195/15"],"location_quality":"dokładny","gunb_url":"https://wyszukiwarka.gunb.gov.pl/","parcel_count":1,"parcel_shard":"x068-y208","parcel_id":"302505_5.0009.195/15","location_source":"powiat średzki (wfs)"}},{"type":"Feature","id":"ST-WK-SW/WNIOSEK/5052/2026::302505_5.0009.25/1","geometry":{"type":"Polygon","coordinates":[[[17.1511798401957,52.1651337269379],[17.1511846358101,52.1651311007863],[17.1514072601791,52.1650084919461],[17.1515249133843,52.1650887352853],[17.1518107271947,52.1652835341003],[17.1515782688871,52.1654024081939],[17.1514255740591,52.1652987560517],[17.1513886160033,52.1652737369444],[17.1511798401957,52.1651337269379]]]},"properties":{"case_id":"ST-WK-SW/WNIOSEK/5052/2026","source_type":"wniosek_decyzja","received_date":"2026-01-14","decision_date":"2026-01-22","status":"decyzja wydana","description":"wew. istalacja gazowa","address":"Kępa Wielka","city":"Kępa Wielka","office":"Starosta Powiatu Środa Wielkopolska","case_kind":"Obiekt budowlany inny niż budynek mieszkalny jednorodzinny","parcel_ids":["302505_5.0009.25/1"],"location_quality":"dokładny","gunb_url":"https://wyszukiwarka.gunb.gov.pl/","parcel_count":1,"parcel_shard":"x068-y208","parcel_id":"302505_5.0009.25/1","location_source":"powiat średzki (wfs)"}},{"type":"Feature","id":"ST-WK-SW/WNIOSEK/7182/2026::302505_5.0009.28/2","geometry":{"type":"Polygon","coordinates":[[[17.1494680336271,52.1650178152814],[17.1499451481896,52.1653547371778],[17.1495377930457,52.1655728757072],[17.1488154509446,52.1650901627912],[17.1492115983999,52.1650582817916],[17.1494680336271,52.1650178152814]]]},"properties":{"case_id":"ST-WK-SW/WNIOSEK/7182/2026","source_type":"wniosek_decyzja","received_date":"2026-01-19","decision_date":"2026-04-09","status":"decyzja wydana","description":"budynek magazynowo - gospodarczy z częścią mieszkalną","address":"Jeziory Małe","city":"Jeziory Małe","office":"Starosta Powiatu Środa Wielkopolska","case_kind":"Obiekt budowlany inny niż budynek mieszkalny jednorodzinny","parcel_ids":["302505_5.0009.28/2"],"location_quality":"dokładny","gunb_url":"https://wyszukiwarka.gunb.gov.pl/","parcel_count":1,"parcel_shard":"x068-y208","parcel_id":"302505_5.0009.28/2","location_source":"powiat średzki (wfs)"}},{"type":"Feature","id":"ST-WK-SW/WNIOSEK/4900/2026::302505_5.0009.35/5","geometry":{"type":"Polygon","coordinates":[[[17.145476530591,52.1663188154956],[17.1456069086283,52.1662485414053],[17.1459269966479,52.1664931052311],[17.145787675189,52.1665608985658],[17.145476530591,52.1663188154956]]]},"properties":{"case_id":"ST-WK-SW/WNIOSEK/4900/2026","source_type":"wniosek_decyzja","received_date":"2025-12-12","decision_date":"2026-02-11","status":"decyzja wydana","description":"budynek garazowy","address":"Jeziory Małe","city":"Jeziory Małe","office":"Starosta Powiatu Środa Wielkopolska","case_kind":"Obiekt budowlany inny niż budynek mieszkalny jednorodzinny","parcel_ids":["302505_5.0009.35/5"],"location_quality":"dokładny","gunb_url":"https://wyszukiwarka.gunb.gov.pl/","parcel_count":1,"parcel_shard":"x068-y208","parcel_id":"302505_5.0009.35/5","location_source":"powiat średzki (wfs)"}},{"type":"Feature","id":"ST-WK-SW/WNIOSEK/12405/2026::302505_5.0009.47/2","geometry":{"type":"Polygon","coordinates":[[[17.1433399758663,52.1713520263413],[17.143853332954,52.1708129653438],[17.1440060251,52.1709458380471],[17.1442126348146,52.1711256597362],[17.1443615927198,52.1712551793025],[17.1439557719823,52.1714315465628],[17.1436053758751,52.1715837774472],[17.1435137590988,52.1715741242901],[17.1433449603818,52.1714273823068],[17.1433399758663,52.1713520263413]]]},"properties":{"case_id":"ST-WK-SW/WNIOSEK/12405/2026","source_type":"wniosek_decyzja","received_date":"2026-06-08","decision_date":"2026-08-04","status":"decyzja wydana","description":"Budowa myjni samochodowej samoobsługowej.","address":"Jeziory Małe","city":"Jeziory Małe","office":"Starosta Powiatu Środa Wielkopolska","case_kind":"Obiekt budowlany inny niż budynek mieszkalny jednorodzinny","parcel_ids":["302505_5.0009.47/2"],"location_quality":"dokładny","gunb_url":"https://wyszukiwarka.gunb.gov.pl/","parcel_count":1,"parcel_shard":"x068-y208","parcel_id":"302505_5.0009.47/2","location_source":"powiat średzki (wfs)"}},{"type":"Feature","id":"ST-WK-SW/WNIOSEK/4685/2026::302505_5.0009.93/4","geometry":{"type":"Polygon","coordinates":[[[17.1507328487294,52.1672724197269],[17.1510569157931,52.1671488298652],[17.1512725343355,52.1673627687778],[17.1509474364208,52.1674867113323],[17.1507328487294,52.1672724197269]]]},"properties":{"case_id":"ST-WK-SW/WNIOSEK/4685/2026","source_type":"wniosek_decyzja","received_date":"2025-10-24","decision_date":"2026-02-12","status":"decyzja wydana","description":"budynek mieszkalny jednorodzinny","address":"Jeziory Wielkie","city":"Jeziory Wielkie","office":"Starosta Powiatu Środa Wielkopolska","case_kind":"Budynek mieszkalny jednorodzinny","parcel_ids":["302505_5.0009.93/4"],"location_quality":"dokładny","gunb_url":"https://wyszukiwarka.gunb.gov.pl/","parcel_count":1,"parcel_shard":"x068-y208","parcel_id":"302505_5.0009.93/4","location_source":"powiat średzki (wfs)"}},{"type":"Feature","id":"ST-WK-SW/WNIOSEK/12389/2026::302505_5.0009.95/4","geometry":{"type":"Polygon","coordinates":[[[17.1505267274954,52.1664524845241],[17.150345114567,52.1662723145274],[17.1503566746983,52.1662025606955],[17.1505521480737,52.1661017505109],[17.1507836718657,52.1663318273143],[17.1505267274954,52.1664524845241]]]},"properties":{"case_id":"ST-WK-SW/WNIOSEK/12389/2026","source_type":"wniosek_decyzja","received_date":"2026-05-20","decision_date":"2026-07-23","status":"decyzja wydana","description":"bud. mieszkalny jednorodzinny","address":"Jeziory Małe","city":"Jeziory Małe","office":"Starosta Powiatu Środa Wielkopolska","case_kind":"Budynek mieszkalny jednorodzinny","parcel_ids":["302505_5.0009.95/4"],"location_quality":"dokładny","gunb_url":"https://wyszukiwarka.gunb.gov.pl/","parcel_count":1,"parcel_shard":"x068-y208","parcel_id":"302505_5.0009.95/4","location_source":"powiat średzki (wfs)"}},{"type":"Feature","id":"ST-WK-SW/WNIOSEK/2506/2026::302505_5.0012.124/6","geometry":{"type":"Polygon","coordinates":[[[17.2106491438209,52.1950645971076],[17.210881480116,52.1947940115076],[17.2109003509287,52.1948185849763],[17.2111083476837,52.1950901540311],[17.2120157216373,52.1957111735387],[17.2124086888592,52.1955476096427],[17.2127975966309,52.1956053909251],[17.2129940174228,52.1955809056955],[17.2142478611859,52.1950690384183],[17.2145832287211,52.1951549941951],[17.2145790653652,52.1952737106275],[17.214557015923,52.1953958724476],[17.2139002482677,52.1956249430781],[17.2138594470608,52.1955894441696],[17.2136812486598,52.1956708875081],[17.2136164007842,52.1956185096052],[17.2135816371082,52.1956346683807],[17.2133701183875,52.1957307353239],[17.2133536839275,52.1957385406895],[17.2133869285501,52.1957660742826],[17.2132484297365,52.1958283694091],[17.2130815619726,52.1959034679712],[17.213408229076,52.1961725385037],[17.2134744291103,52.1961432025539],[17.2135595940158,52.1962063641331],[17.2139051293566,52.1960521564375],[17.2142274177604,52.1959110876988],[17.2141734666091,52.1958647726351],[17.2140388884561,52.1957435003388],[17.2139948593861,52.195707207238],[17.2139518401083,52.1956697409703],[17.2145882118012,52.1954474150674],[17.2146855136867,52.1954507755232],[17.2148549531312,52.1956422006362],[17.2148866829154,52.1957494913673],[17.2148920182269,52.1957782527557],[17.2148782780292,52.1958309287829],[17.2148352124178,52.1958843372994],[17.2147609566565,52.1959516071646],[17.214645289365,52.1960128734302],[17.2129862680857,52.1968096749148],[17.2123558195107,52.1962869075112],[17.2118484406698,52.1958668475634],[17.2109411191321,52.1953107010264],[17.2106491438209,52.1950645971076]]]},"properties":{"case_id":"ST-WK-SW/WNIOSEK/2506/2026","source_type":"wniosek_decyzja","received_date":"2025-11-13","decision_date":"2026-01-05","status":"decyzja wydana","description":"rozbiórka","address":"Płaczki","city":"Płaczki","office":"Starosta Powiatu Środa Wielkopolska","case_kind":"Obiekt budowlany inny niż budynek mieszkalny jednorodzinny","parcel_ids":["302505_5.0012.124/6"],"location_quality":"dokładny","gunb_url":"https://wyszukiwarka.gunb.gov.pl/","parcel_count":1,"parcel_shard":"x068-y208","parcel_id":"302505_5.0012.124/6","location_source":"powiat średzki (wfs)"}},{"type":"Feature","id":"ST-WK-SW/WNIOSEK/2496/2026::302505_5.0012.124/6","geometry":{"type":"Polygon","coordinates":[[[17.2106491438209,52.1950645971076],[17.210881480116,52.1947940115076],[17.2109003509287,52.1948185849763],[17.2111083476837,52.1950901540311],[17.2120157216373,52.1957111735387],[17.2124086888592,52.1955476096427],[17.2127975966309,52.1956053909251],[17.2129940174228,52.1955809056955],[17.2142478611859,52.1950690384183],[17.2145832287211,52.1951549941951],[17.2145790653652,52.1952737106275],[17.214557015923,52.1953958724476],[17.2139002482677,52.1956249430781],[17.2138594470608,52.1955894441696],[17.2136812486598,52.1956708875081],[17.2136164007842,52.1956185096052],[17.2135816371082,52.1956346683807],[17.2133701183875,52.1957307353239],[17.2133536839275,52.1957385406895],[17.2133869285501,52.1957660742826],[17.2132484297365,52.1958283694091],[17.2130815619726,52.1959034679712],[17.213408229076,52.1961725385037],[17.2134744291103,52.1961432025539],[17.2135595940158,52.1962063641331],[17.2139051293566,52.1960521564375],[17.2142274177604,52.1959110876988],[17.2141734666091,52.1958647726351],[17.2140388884561,52.1957435003388],[17.2139948593861,52.195707207238],[17.2139518401083,52.1956697409703],[17.2145882118012,52.1954474150674],[17.2146855136867,52.1954507755232],[17.2148549531312,52.1956422006362],[17.2148866829154,52.1957494913673],[17.2148920182269,52.1957782527557],[17.2148782780292,52.1958309287829],[17.2148352124178,52.1958843372994],[17.2147609566565,52.1959516071646],[17.214645289365,52.1960128734302],[17.2129862680857,52.1968096749148],[17.2123558195107,52.1962869075112],[17.2118484406698,52.1958668475634],[17.2109411191321,52.1953107010264],[17.2106491438209,52.1950645971076]]]},"properties":{"case_id":"ST-WK-SW/WNIOSEK/2496/2026","source_type":"wniosek_decyzja","received_date":"2025-11-13","decision_date":"2026-01-07","status":"decyzja wydana","description":"rozbiórka","address":"8, Płaczki","city":"Płaczki","office":"Starosta Powiatu Środa Wielkopolska","case_kind":"Obiekt budowlany inny niż budynek mieszkalny jednorodzinny","parcel_ids":["302505_5.0012.124/6"],"location_quality":"dokładny","gunb_url":"https://wyszukiwarka.gunb.gov.pl/","parcel_count":1,"parcel_shard":"x068-y208","parcel_id":"302505_5.0012.124/6","location_source":"powiat średzki (wfs)"}},{"type":"Feature","id":"ST-WK-SW/WNIOSEK/13116/2026::302505_5.0012.124/6","geometry":{"type":"Polygon","coordinates":[[[17.2106491438209,52.1950645971076],[17.210881480116,52.1947940115076],[17.2109003509287,52.1948185849763],[17.2111083476837,52.1950901540311],[17.2120157216373,52.1957111735387],[17.2124086888592,52.1955476096427],[17.2127975966309,52.1956053909251],[17.2129940174228,52.1955809056955],[17.2142478611859,52.1950690384183],[17.2145832287211,52.1951549941951],[17.2145790653652,52.1952737106275],[17.214557015923,52.1953958724476],[17.2139002482677,52.1956249430781],[17.2138594470608,52.1955894441696],[17.2136812486598,52.1956708875081],[17.2136164007842,52.1956185096052],[17.2135816371082,52.1956346683807],[17.2133701183875,52.1957307353239],[17.2133536839275,52.1957385406895],[17.2133869285501,52.1957660742826],[17.2132484297365,52.1958283694091],[17.2130815619726,52.1959034679712],[17.213408229076,52.1961725385037],[17.2134744291103,52.1961432025539],[17.2135595940158,52.1962063641331],[17.2139051293566,52.1960521564375],[17.2142274177604,52.1959110876988],[17.2141734666091,52.1958647726351],[17.2140388884561,52.1957435003388],[17.2139948593861,52.195707207238],[17.2139518401083,52.1956697409703],[17.2145882118012,52.1954474150674],[17.2146855136867,52.1954507755232],[17.2148549531312,52.1956422006362],[17.2148866829154,52.1957494913673],[17.2148920182269,52.1957782527557],[17.2148782780292,52.1958309287829],[17.2148352124178,52.1958843372994],[17.2147609566565,52.1959516071646],[17.214645289365,52.1960128734302],[17.2129862680857,52.1968096749148],[17.2123558195107,52.1962869075112],[17.2118484406698,52.1958668475634],[17.2109411191321,52.1953107010264],[17.2106491438209,52.1950645971076]]]},"properties":{"case_id":"ST-WK-SW/WNIOSEK/13116/2026","source_type":"wniosek_decyzja","received_date":"2026-05-07","decision_date":"2026-06-24","status":"decyzja wydana","description":"rozbiórka obory","address":"Płaczki","city":"Płaczki","office":"Starosta Powiatu Środa Wielkopolska","case_kind":"Obiekt budowlany inny niż budynek mieszkalny jednorodzinny","parcel_ids":["302505_5.0012.124/6"],"location_quality":"dokładny","gunb_url":"https://wyszukiwarka.gunb.gov.pl/","parcel_count":1,"parcel_shard":"x068-y208","parcel_id":"302505_5.0012.124/6","location_source":"powiat średzki (wfs)"}},{"type":"Feature","id":"ST-WK-SW/WNIOSEK/13445/2026::302505_5.0012.124/6","geometry":{"type":"Polygon","coordinates":[[[17.2106491438209,52.1950645971076],[17.210881480116,52.1947940115076],[17.2109003509287,52.1948185849763],[17.2111083476837,52.1950901540311],[17.2120157216373,52.1957111735387],[17.2124086888592,52.1955476096427],[17.2127975966309,52.1956053909251],[17.2129940174228,52.1955809056955],[17.2142478611859,52.1950690384183],[17.2145832287211,52.1951549941951],[17.2145790653652,52.1952737106275],[17.214557015923,52.1953958724476],[17.2139002482677,52.1956249430781],[17.2138594470608,52.1955894441696],[17.2136812486598,52.1956708875081],[17.2136164007842,52.1956185096052],[17.2135816371082,52.1956346683807],[17.2133701183875,52.1957307353239],[17.2133536839275,52.1957385406895],[17.2133869285501,52.1957660742826],[17.2132484297365,52.1958283694091],[17.2130815619726,52.1959034679712],[17.213408229076,52.1961725385037],[17.2134744291103,52.1961432025539],[17.2135595940158,52.1962063641331],[17.2139051293566,52.1960521564375],[17.2142274177604,52.1959110876988],[17.2141734666091,52.1958647726351],[17.2140388884561,52.1957435003388],[17.2139948593861,52.195707207238],[17.2139518401083,52.1956697409703],[17.2145882118012,52.1954474150674],[17.2146855136867,52.1954507755232],[17.2148549531312,52.1956422006362],[17.2148866829154,52.1957494913673],[17.2148920182269,52.1957782527557],[17.2148782780292,52.1958309287829],[17.2148352124178,52.1958843372994],[17.2147609566565,52.1959516071646],[17.214645289365,52.1960128734302],[17.2129862680857,52.1968096749148],[17.2123558195107,52.1962869075112],[17.2118484406698,52.1958668475634],[17.2109411191321,52.1953107010264],[17.2106491438209,52.1950645971076]]]},"properties":{"case_id":"ST-WK-SW/WNIOSEK/13445/2026","source_type":"wniosek_decyzja","received_date":"2026-05-07","decision_date":"2026-06-24","status":"decyzja wydana","description":"rozbiórka bukaciarni","address":"Płaczki","city":"Płaczki","office":"Starosta Powiatu Środa Wielkopolska","case_kind":"Obiekt budowlany inny niż budynek mieszkalny jednorodzinny","parcel_ids":["302505_5.0012.124/6"],"location_quality":"dokładny","gunb_url":"https://wyszukiwarka.gunb.gov.pl/","parcel_count":1,"parcel_shard":"x068-y208","parcel_id":"302505_5.0012.124/6","location_source":"powiat średzki (wfs)"}},{"type":"Feature","id":"ST-WK-SW/WNIOSEK/2488/2026::302505_5.0012.124/6","geometry":{"type":"Polygon","coordinates":[[[17.2106491438209,52.1950645971076],[17.210881480116,52.1947940115076],[17.2109003509287,52.1948185849763],[17.2111083476837,52.1950901540311],[17.2120157216373,52.1957111735387],[17.2124086888592,52.1955476096427],[17.2127975966309,52.1956053909251],[17.2129940174228,52.1955809056955],[17.2142478611859,52.1950690384183],[17.2145832287211,52.1951549941951],[17.2145790653652,52.1952737106275],[17.214557015923,52.1953958724476],[17.2139002482677,52.1956249430781],[17.2138594470608,52.1955894441696],[17.2136812486598,52.1956708875081],[17.2136164007842,52.1956185096052],[17.2135816371082,52.1956346683807],[17.2133701183875,52.1957307353239],[17.2133536839275,52.1957385406895],[17.2133869285501,52.1957660742826],[17.2132484297365,52.1958283694091],[17.2130815619726,52.1959034679712],[17.213408229076,52.1961725385037],[17.2134744291103,52.1961432025539],[17.2135595940158,52.1962063641331],[17.2139051293566,52.1960521564375],[17.2142274177604,52.1959110876988],[17.2141734666091,52.1958647726351],[17.2140388884561,52.1957435003388],[17.2139948593861,52.195707207238],[17.2139518401083,52.1956697409703],[17.2145882118012,52.1954474150674],[17.2146855136867,52.1954507755232],[17.2148549531312,52.1956422006362],[17.2148866829154,52.1957494913673],[17.2148920182269,52.1957782527557],[17.2148782780292,52.1958309287829],[17.2148352124178,52.1958843372994],[17.2147609566565,52.1959516071646],[17.214645289365,52.1960128734302],[17.2129862680857,52.1968096749148],[17.2123558195107,52.1962869075112],[17.2118484406698,52.1958668475634],[17.2109411191321,52.1953107010264],[17.2106491438209,52.1950645971076]]]},"properties":{"case_id":"ST-WK-SW/WNIOSEK/2488/2026","source_type":"wniosek_decyzja","received_date":"2025-11-13","decision_date":"2025-12-31","status":"decyzja wydana","description":"rozbiórka","address":"Płaczki","city":"Płaczki","office":"Starosta Powiatu Środa Wielkopolska","case_kind":"Obiekt budowlany inny niż budynek mieszkalny jednorodzinny","parcel_ids":["302505_5.0012.124/6"],"location_quality":"dokładny","gunb_url":"https://wyszukiwarka.gunb.gov.pl/","parcel_count":1,"parcel_shard":"x068-y208","parcel_id":"302505_5.0012.124/6","location_source":"powiat średzki (wfs)"}},{"type":"Feature","id":"ST-WK-SW/WNIOSEK/12748/2026::302505_5.0013.70/16","geometry":{"type":"Polygon","coordinates":[[[17.1764832570485,52.1705539670299],[17.1758417861654,52.1697239728378],[17.1766285197642,52.1694859284338],[17.1767556569827,52.1696504215665],[17.1772694047821,52.1703148423792],[17.1764832570485,52.1705539670299]]]},"properties":{"case_id":"ST-WK-SW/WNIOSEK/12748/2026","source_type":"wniosek_decyzja","received_date":"2025-12-19","decision_date":"2026-01-21","status":"decyzja wydana","description":"zaplecze szatniowo sanitarne","address":"Polwica","city":"Polwica","office":"Starosta Powiatu Środa Wielkopolska","case_kind":"Obiekt budowlany inny niż budynek mieszkalny jednorodzinny","parcel_ids":["302505_5.0013.70/16"],"location_quality":"dokładny","gunb_url":"https://wyszukiwarka.gunb.gov.pl/","parcel_count":1,"parcel_shard":"x068-y208","parcel_id":"302505_5.0013.70/16","location_source":"powiat średzki (wfs)"}},{"type":"Feature","id":"ST-WK-SW/WNIOSEK/19701/2025::302505_5.0014.165/1","geometry":{"type":"Polygon","coordinates":[[[17.1829063873403,52.193755799954],[17.1833843444611,52.1935176367296],[17.1838988834543,52.1933007472282],[17.1843296707405,52.1931286371156],[17.1857963371566,52.1925429054055],[17.1859980111704,52.1931047096439],[17.1858014130437,52.1931281217793],[17.185728884245,52.1933958462246],[17.1856991433962,52.1935056356125],[17.184923712566,52.1937081377108],[17.1850475349869,52.1938980159393],[17.1836605656699,52.1943098336218],[17.1833718349315,52.1943955603285],[17.1829063873403,52.193755799954]]]},"properties":{"case_id":"ST-WK-SW/WNIOSEK/19701/2025","source_type":"wniosek_decyzja","received_date":"2025-09-25","decision_date":"2025-12-02","status":"decyzja wydana","description":"rewaloryzacja zbytkowego parku","address":"Śnieciska","city":"Śnieciska","office":"Starosta Powiatu Środa Wielkopolska","case_kind":"Obiekt budowlany inny niż budynek mieszkalny jednorodzinny","parcel_ids":["302505_5.0014.165/1"],"location_quality":"dokładny","gunb_url":"https://wyszukiwarka.gunb.gov.pl/","parcel_count":1,"parcel_shard":"x068-y208","parcel_id":"302505_5.0014.165/1","location_source":"powiat średzki (wfs)"}},{"type":"Feature","id":"ST-WK-SW/WNIOSEK/4930/2026::302505_5.0014.166/2","geometry":{"type":"Polygon","coordinates":[[[17.1860324436496,52.1924486102425],[17.1863123254606,52.1923368311874],[17.1867393866721,52.1921650669039],[17.18704689112,52.192982907769],[17.1869249107802,52.1930322010412],[17.1863868285974,52.1930587122991],[17.1860958823052,52.1930931315556],[17.1861187087125,52.1929323614581],[17.1861891322802,52.1929253931],[17.1860324436496,52.1924486102425]]]},"properties":{"case_id":"ST-WK-SW/WNIOSEK/4930/2026","source_type":"wniosek_decyzja","received_date":"2026-03-12","decision_date":"2026-04-14","status":"decyzja wydana","description":"budowa oswietlenia boiska sportowego","address":"Śnieciska","city":"Śnieciska","office":"Starosta Powiatu Środa Wielkopolska","case_kind":"Obiekt budowlany inny niż budynek mieszkalny jednorodzinny","parcel_ids":["302505_5.0014.166/2"],"location_quality":"dokładny","gunb_url":"https://wyszukiwarka.gunb.gov.pl/","parcel_count":1,"parcel_shard":"x068-y208","parcel_id":"302505_5.0014.166/2","location_source":"powiat średzki (wfs)"}},{"type":"Feature","id":"ST-WK-SW/WNIOSEK/4907/2026::302505_5.0014.43","geometry":{"type":"Polygon","coordinates":[[[17.1807825089954,52.1959763128203],[17.1799401643375,52.1950404280197],[17.1804478102945,52.1949420651191],[17.1811399736446,52.1957387962302],[17.1812606197018,52.1958776691736],[17.1807825089954,52.1959763128203]]]},"properties":{"case_id":"ST-WK-SW/WNIOSEK/4907/2026","source_type":"wniosek_decyzja","received_date":"2025-10-17","decision_date":"2026-03-03","status":"decyzja wydana","description":"bud. mieszkalny jednorodzinny","address":"Śnieciska","city":"Śnieciska","office":"Starosta Powiatu Środa Wielkopolska","case_kind":"Budynek mieszkalny jednorodzinny","parcel_ids":["302505_5.0014.43","302505_5.0014.45/2"],"location_quality":"dokładny","gunb_url":"https://wyszukiwarka.gunb.gov.pl/","parcel_count":2,"parcel_shard":"x068-y208","parcel_id":"302505_5.0014.43","location_source":"powiat średzki (wfs)"}},{"type":"Feature","id":"ST-WK-SW/WNIOSEK/4907/2026::302505_5.0014.45/2","geometry":{"type":"Polygon","coordinates":[[[17.1811399736446,52.1957387962302],[17.1804478102945,52.1949420651191],[17.1809300899709,52.194951230788],[17.181269049425,52.194988852245],[17.1812655074518,52.1949525147543],[17.1813559248898,52.1949703494972],[17.1818019256785,52.194989229016],[17.1818052465025,52.195324134056],[17.1817647582362,52.195451608714],[17.1816903187503,52.1955796175947],[17.1816227392286,52.1956828306765],[17.1811399736446,52.1957387962302]]]},"properties":{"case_id":"ST-WK-SW/WNIOSEK/4907/2026","source_type":"wniosek_decyzja","received_date":"2025-10-17","decision_date":"2026-03-03","status":"decyzja wydana","description":"bud. mieszkalny jednorodzinny","address":"Śnieciska","city":"Śnieciska","office":"Starosta Powiatu Środa Wielkopolska","case_kind":"Budynek mieszkalny jednorodzinny","parcel_ids":["302505_5.0014.43","302505_5.0014.45/2"],"location_quality":"dokładny","gunb_url":"https://wyszukiwarka.gunb.gov.pl/","parcel_count":2,"parcel_shard":"x068-y208","parcel_id":"302505_5.0014.45/2","location_source":"powiat średzki (wfs)"}},{"type":"Feature","id":"ST-WK-SW/WNIOSEK/21453/2025::302505_5.0015.14/5","geometry":{"type":"Polygon","coordinates":[[[17.1646186119313,52.2013943243398],[17.164331561686,52.2010772630758],[17.1644054720964,52.2010595408656],[17.1646829720515,52.2013788712208],[17.1646186119313,52.2013943243398]]]},"properties":{"case_id":"ST-WK-SW/WNIOSEK/21453/2025","source_type":"wniosek_decyzja","received_date":"2025-09-24","decision_date":"2025-10-02","status":"decyzja wydana","description":"bid. mieszkalny jednorodzinny  decyzja zamienna","address":"Winna","city":"Winna","office":"Starosta Powiatu Środa Wielkopolska","case_kind":"Budynek mieszkalny jednorodzinny","parcel_ids":["302505_5.0015.14/5","302505_5.0015.14/7"],"location_quality":"dokładny","gunb_url":"https://wyszukiwarka.gunb.gov.pl/","parcel_count":2,"parcel_shard":"x068-y208","parcel_id":"302505_5.0015.14/5","location_source":"powiat średzki (wfs)"}},{"type":"Feature","id":"ST-WK-SW/WNIOSEK/21453/2025::302505_5.0015.14/7","geometry":{"type":"Polygon","coordinates":[[[17.1650395989109,52.2012931331858],[17.1646829720515,52.2013788712208],[17.1644054720964,52.2010595408656],[17.1647666528367,52.2009726674656],[17.1650395989109,52.2012931331858]]]},"properties":{"case_id":"ST-WK-SW/WNIOSEK/21453/2025","source_type":"wniosek_decyzja","received_date":"2025-09-24","decision_date":"2025-10-02","status":"decyzja wydana","description":"bid. mieszkalny jednorodzinny  decyzja zamienna","address":"Winna","city":"Winna","office":"Starosta Powiatu Środa Wielkopolska","case_kind":"Budynek mieszkalny jednorodzinny","parcel_ids":["302505_5.0015.14/5","302505_5.0015.14/7"],"location_quality":"dokładny","gunb_url":"https://wyszukiwarka.gunb.gov.pl/","parcel_count":2,"parcel_shard":"x068-y208","parcel_id":"302505_5.0015.14/7","location_source":"powiat średzki (wfs)"}},{"type":"Feature","id":"ST-WK-SW/WNIOSEK/4497/2026::302505_5.0015.47/1","geometry":{"type":"Polygon","coordinates":[[[17.1587735972172,52.1979653595097],[17.1551120063983,52.1934097008794],[17.1559700092342,52.1930810679522],[17.1570372789576,52.1943909590389],[17.1581044475529,52.1957007528392],[17.1591731733263,52.1970116935614],[17.1590523358702,52.1970511118911],[17.1595663025699,52.1976506152668],[17.1593541049614,52.1977231291259],[17.1587735972172,52.1979653595097]]]},"properties":{"case_id":"ST-WK-SW/WNIOSEK/4497/2026","source_type":"wniosek_decyzja","received_date":"2026-02-16","decision_date":"2026-03-24","status":"decyzja wydana","description":"bud. gosp.-magazynowy","address":"Winna","city":"Winna","office":"Starosta Powiatu Środa Wielkopolska","case_kind":"Obiekt budowlany inny niż budynek mieszkalny jednorodzinny","parcel_ids":["302505_5.0015.47/1"],"location_quality":"dokładny","gunb_url":"https://wyszukiwarka.gunb.gov.pl/","parcel_count":1,"parcel_shard":"x068-y208","parcel_id":"302505_5.0015.47/1","location_source":"powiat średzki (wfs)"}},{"type":"Feature","id":"ST-WK-SW/WNIOSEK/6844/2026::302505_5.0018.106/23","geometry":{"type":"Polygon","coordinates":[[[17.1639981623849,52.1373056868124],[17.1640522710886,52.1374174642108],[17.1639093589461,52.1375333864798],[17.1636711386704,52.1375771636672],[17.1635774205343,52.1373834816069],[17.1639981623849,52.1373056868124]]]},"properties":{"case_id":"ST-WK-SW/WNIOSEK/6844/2026","source_type":"wniosek_decyzja","received_date":"2026-02-09","decision_date":"2026-03-05","status":"decyzja wydana","description":"rozbudowa i przebudowa budynku letniskowego","address":"Zwola","city":"Zwola","office":"Starosta Powiatu Środa Wielkopolska","case_kind":"Obiekt budowlany inny niż budynek mieszkalny jednorodzinny","parcel_ids":["302505_5.0018.106/23"],"location_quality":"dokładny","gunb_url":"https://wyszukiwarka.gunb.gov.pl/","parcel_count":1,"parcel_shard":"x068-y208","parcel_id":"302505_5.0018.106/23","location_source":"powiat średzki (wfs)"}},{"type":"Feature","id":"ST-WK-SW/WNIOSEK/4498/2026::302505_5.0018.132/6","geometry":{"type":"Polygon","coordinates":[[[17.1700716869192,52.1334946616621],[17.1704225752701,52.133591288342],[17.1703149428328,52.1337418283451],[17.1700426859381,52.1336374872162],[17.1699925166508,52.1336182817119],[17.1700716869192,52.1334946616621]]]},"properties":{"case_id":"ST-WK-SW/WNIOSEK/4498/2026","source_type":"wniosek_decyzja","received_date":"2026-02-16","decision_date":"2026-03-16","status":"decyzja wydana","description":"budynek letniskowy","address":"Zwola","city":"Zwola","office":"Starosta Powiatu Środa Wielkopolska","case_kind":"Obiekt budowlany inny niż budynek mieszkalny jednorodzinny","parcel_ids":["302505_5.0018.132/6"],"location_quality":"dokładny","gunb_url":"https://wyszukiwarka.gunb.gov.pl/","parcel_count":1,"parcel_shard":"x068-y208","parcel_id":"302505_5.0018.132/6","location_source":"powiat średzki (wfs)"}},{"type":"Feature","id":"ST-WK-SW/WNIOSEK/3515/2026::302505_5.0018.136/14","geometry":{"type":"Polygon","coordinates":[[[17.1711580358831,52.131084915934],[17.1714667379785,52.1311660904598],[17.1714895953406,52.1312014843357],[17.1714589899329,52.1312452210407],[17.171593134267,52.1312807675585],[17.1715245745986,52.1313786155622],[17.1714409812926,52.1313657145947],[17.1710091792875,52.1312991342302],[17.1711580358831,52.131084915934]]]},"properties":{"case_id":"ST-WK-SW/WNIOSEK/3515/2026","source_type":"wniosek_decyzja","received_date":"2025-12-12","decision_date":"2026-01-28","status":"decyzja wydana","description":"budynek mieszkalny jednorodzinny","address":"Zwola","city":"Zwola","office":"Starosta Powiatu Środa Wielkopolska","case_kind":"Budynek mieszkalny jednorodzinny","parcel_ids":["302505_5.0018.136/14"],"location_quality":"dokładny","gunb_url":"https://wyszukiwarka.gunb.gov.pl/","parcel_count":1,"parcel_shard":"x068-y208","parcel_id":"302505_5.0018.136/14","location_source":"powiat średzki (wfs)"}},{"type":"Feature","id":"ST-WK-SW/WNIOSEK/12258/2026::302505_5.0018.151/12","geometry":{"type":"Polygon","coordinates":[[[17.1753959598578,52.130585317335],[17.1754150120487,52.1307399556894],[17.1751092158456,52.1307542652671],[17.1750850837626,52.1305584259083],[17.175147987204,52.1305291153541],[17.1753959598578,52.130585317335]]]},"properties":{"case_id":"ST-WK-SW/WNIOSEK/12258/2026","source_type":"wniosek_decyzja","received_date":"2026-05-12","decision_date":"2026-07-16","status":"decyzja wydana","description":"budynek mieszkalny jednorodzinny","address":"Zwola","city":"Zwola","office":"Starosta Powiatu Środa Wielkopolska","case_kind":"Budynek mieszkalny jednorodzinny","parcel_ids":["302505_5.0018.151/12"],"location_quality":"dokładny","gunb_url":"https://wyszukiwarka.gunb.gov.pl/","parcel_count":1,"parcel_shard":"x068-y208","parcel_id":"302505_5.0018.151/12","location_source":"powiat średzki (wfs)"}},{"type":"Feature","id":"ST-WK-SW/WNIOSEK/3508/2026::302505_5.0018.151/2","geometry":{"type":"Polygon","coordinates":[[[17.1755521384928,52.1313498569673],[17.1752953198937,52.1312029936114],[17.1754542686355,52.1310975963111],[17.1757110888176,52.1312443694539],[17.1755521384928,52.1313498569673]]]},"properties":{"case_id":"ST-WK-SW/WNIOSEK/3508/2026","source_type":"wniosek_decyzja","received_date":"2025-10-24","decision_date":"2026-01-21","status":"decyzja wydana","description":"bud. mioeszkalny jednorodzinny","address":"Zwola","city":"Zwola","office":"Starosta Powiatu Środa Wielkopolska","case_kind":"Budynek mieszkalny jednorodzinny","parcel_ids":["302505_5.0018.151/2"],"location_quality":"dokładny","gunb_url":"https://wyszukiwarka.gunb.gov.pl/","parcel_count":1,"parcel_shard":"x068-y208","parcel_id":"302505_5.0018.151/2","location_source":"powiat średzki (wfs)"}},{"type":"Feature","id":"ST-WK-SR/ZGŁOSZENIE/482/2026::302602_5.0003.145/2","geometry":{"type":"Polygon","coordinates":[[[17.067164304242,52.0352913627627],[17.0674466045517,52.0345762395754],[17.0686311803159,52.0347987216049],[17.0683529272589,52.0355065182536],[17.067164304242,52.0352913627627]]]},"properties":{"case_id":"ST-WK-SR/ZGŁOSZENIE/482/2026","source_type":"zgloszenie","received_date":"2026-02-17","decision_date":null,"status":"Brak sprzeciwu","description":"Budowa linii kablowej SN 15 kV wraz z stanowiskami słupowymi i słupową stacją transformatorową. Demontaż stacji transformatorowej wraz z słupami i linią napowietrzną SN.","address":"Drzonek","city":"Drzonek","office":"Starosta Powiatu Śrem","case_kind":"budowa nowego/nowych obiektów budowlanych","parcel_ids":["302602_5.0003.145/2","302602_5.0003.146/2"],"location_quality":"dokładny","gunb_url":"https://wyszukiwarka.gunb.gov.pl/","parcel_count":2,"parcel_shard":"x068-y208","parcel_id":"302602_5.0003.145/2","location_source":"powiat śremski (wfs)"}},{"type":"Feature","id":"ST-WK-SR/ZGŁOSZENIE/482/2026::302602_5.0003.146/2","geometry":{"type":"Polygon","coordinates":[[[17.0683529272589,52.0355065182536],[17.0686311803159,52.0347987216049],[17.071144380809,52.0352705818512],[17.0733569590571,52.0358418616677],[17.0728901606286,52.036517973496],[17.0707398643145,52.0359627374413],[17.0700332917866,52.0358265171403],[17.0683529272589,52.0355065182536]]]},"properties":{"case_id":"ST-WK-SR/ZGŁOSZENIE/482/2026","source_type":"zgloszenie","received_date":"2026-02-17","decision_date":null,"status":"Brak sprzeciwu","description":"Budowa linii kablowej SN 15 kV wraz z stanowiskami słupowymi i słupową stacją transformatorową. Demontaż stacji transformatorowej wraz z słupami i linią napowietrzną SN.","address":"Drzonek","city":"Drzonek","office":"Starosta Powiatu Śrem","case_kind":"budowa nowego/nowych obiektów budowlanych","parcel_ids":["302602_5.0003.145/2","302602_5.0003.146/2"],"location_quality":"dokładny","gunb_url":"https://wyszukiwarka.gunb.gov.pl/","parcel_count":2,"parcel_shard":"x068-y208","parcel_id":"302602_5.0003.146/2","location_source":"powiat śremski (wfs)"}},{"type":"Feature","id":"ST-WK-SR/WNIOSEK/24132/2025::302602_5.0003.155","geometry":{"type":"Polygon","coordinates":[[[17.0560756815416,52.0328492707298],[17.0561204376667,52.0326311596159],[17.0572909813261,52.0328097942722],[17.0574028940928,52.033130518727],[17.0576778360221,52.0331049028608],[17.0580055781965,52.0330744225467],[17.0577373079805,52.03339442615],[17.0577188793429,52.0334336207748],[17.0575890256303,52.0337097959418],[17.0574118837198,52.03372949429],[17.0568770144684,52.0337889705579],[17.0566070026298,52.0338176146718],[17.0564094538419,52.0334604526595],[17.0559885282642,52.0333786221849],[17.0560756815416,52.0328492707298]]]},"properties":{"case_id":"ST-WK-SR/WNIOSEK/24132/2025","source_type":"wniosek_decyzja","received_date":"2025-11-25","decision_date":"2026-01-28","status":"decyzja wydana","description":"Rozbudowa wiaty rolniczej","address":"Klonowa, Drzonek","city":"Drzonek","office":"Starosta Powiatu Śrem","case_kind":"Obiekt budowlany inny niż budynek mieszkalny jednorodzinny","parcel_ids":["302602_5.0003.155"],"location_quality":"dokładny","gunb_url":"https://wyszukiwarka.gunb.gov.pl/","parcel_count":1,"parcel_shard":"x068-y208","parcel_id":"302602_5.0003.155","location_source":"powiat śremski (wfs)"}},{"type":"Feature","id":"ST-WK-SR/WNIOSEK/7269/2026::302602_5.0003.217/10","geometry":{"type":"Polygon","coordinates":[[[17.0595365606687,52.0247677116073],[17.059252026371,52.0246762759079],[17.0594757007967,52.0244113786036],[17.0597213065471,52.0244900992212],[17.0595365606687,52.0247677116073]]]},"properties":{"case_id":"ST-WK-SR/WNIOSEK/7269/2026","source_type":"wniosek_decyzja","received_date":"2026-04-17","decision_date":"2026-05-11","status":"decyzja wydana","description":"Budowa budynku mieszkalnego jednorodzinnego","address":"Drzonek","city":"Drzonek","office":"Starosta Powiatu Śrem","case_kind":"Budynek mieszkalny jednorodzinny","parcel_ids":["302602_5.0003.217/10"],"location_quality":"dokładny","gunb_url":"https://wyszukiwarka.gunb.gov.pl/","parcel_count":1,"parcel_shard":"x068-y208","parcel_id":"302602_5.0003.217/10","location_source":"powiat śremski (wfs)"}},{"type":"Feature","id":"ST-WK-SR/WNIOSEK/7271/2026::302602_5.0003.217/11","geometry":{"type":"Polygon","coordinates":[[[17.059252026371,52.0246762759079],[17.0590064242183,52.0245973745756],[17.0592300977983,52.0243325676088],[17.0594757007967,52.0244113786036],[17.059252026371,52.0246762759079]]]},"properties":{"case_id":"ST-WK-SR/WNIOSEK/7271/2026","source_type":"wniosek_decyzja","received_date":"2026-04-17","decision_date":"2026-05-11","status":"decyzja wydana","description":"Budowa budynku mieszkalnego jednorodzinnego","address":"Drzonek","city":"Drzonek","office":"Starosta Powiatu Śrem","case_kind":"Budynek mieszkalny jednorodzinny","parcel_ids":["302602_5.0003.217/11"],"location_quality":"dokładny","gunb_url":"https://wyszukiwarka.gunb.gov.pl/","parcel_count":1,"parcel_shard":"x068-y208","parcel_id":"302602_5.0003.217/11","location_source":"powiat śremski (wfs)"}},{"type":"Feature","id":"ST-WK-SR/WNIOSEK/7274/2026::302602_5.0003.217/12","geometry":{"type":"Polygon","coordinates":[[[17.0590064242183,52.0245973745756],[17.0587609685968,52.0245184738983],[17.0589844937795,52.024253845973],[17.0592300977983,52.0243325676088],[17.0590064242183,52.0245973745756]]]},"properties":{"case_id":"ST-WK-SR/WNIOSEK/7274/2026","source_type":"wniosek_decyzja","received_date":"2026-04-17","decision_date":"2026-05-11","status":"decyzja wydana","description":"Budowa budynku mieszkalnego jednorodzinnego","address":"Drzonek","city":"Drzonek","office":"Starosta Powiatu Śrem","case_kind":"Budynek mieszkalny jednorodzinny","parcel_ids":["302602_5.0003.217/12"],"location_quality":"dokładny","gunb_url":"https://wyszukiwarka.gunb.gov.pl/","parcel_count":1,"parcel_shard":"x068-y208","parcel_id":"302602_5.0003.217/12","location_source":"powiat śremski (wfs)"}},{"type":"Feature","id":"ST-WK-SR/WNIOSEK/7284/2026::302602_5.0003.217/13","geometry":{"type":"Polygon","coordinates":[[[17.0587609685968,52.0245184738983],[17.0585369326544,52.0244464851151],[17.0585152243882,52.0244394805244],[17.0587388906188,52.0241751238325],[17.0589844937795,52.024253845973],[17.0587609685968,52.0245184738983]]]},"properties":{"case_id":"ST-WK-SR/WNIOSEK/7284/2026","source_type":"wniosek_decyzja","received_date":"2026-04-17","decision_date":"2026-05-11","status":"decyzja wydana","description":"Budowa budynku mieszkalnego jednorodzinnego","address":"Drzonek","city":"Drzonek","office":"Starosta Powiatu Śrem","case_kind":"Budynek mieszkalny jednorodzinny","parcel_ids":["302602_5.0003.217/13"],"location_quality":"dokładny","gunb_url":"https://wyszukiwarka.gunb.gov.pl/","parcel_count":1,"parcel_shard":"x068-y208","parcel_id":"302602_5.0003.217/13","location_source":"powiat śremski (wfs)"}},{"type":"Feature","id":"ST-WK-SR/WNIOSEK/7285/2026::302602_5.0003.217/14","geometry":{"type":"Polygon","coordinates":[[[17.0585152243882,52.0244394805244],[17.058269772397,52.024360488966],[17.0584932902264,52.024096311306],[17.0587388906188,52.0241751238325],[17.0585152243882,52.0244394805244]]]},"properties":{"case_id":"ST-WK-SR/WNIOSEK/7285/2026","source_type":"wniosek_decyzja","received_date":"2026-04-17","decision_date":"2026-05-11","status":"decyzja wydana","description":"Budowa budynku mieszkalnego jednorodzinnego","address":"Drzonek","city":"Drzonek","office":"Starosta Powiatu Śrem","case_kind":"Budynek mieszkalny jednorodzinny","parcel_ids":["302602_5.0003.217/14"],"location_quality":"dokładny","gunb_url":"https://wyszukiwarka.gunb.gov.pl/","parcel_count":1,"parcel_shard":"x068-y208","parcel_id":"302602_5.0003.217/14","location_source":"powiat śremski (wfs)"}},{"type":"Feature","id":"ST-WK-SR/WNIOSEK/7282/2026::302602_5.0003.217/15","geometry":{"type":"Polygon","coordinates":[[[17.058269772397,52.024360488966],[17.0580244669663,52.0242814980556],[17.0582476888118,52.0240175881475],[17.0584932902264,52.024096311306],[17.058269772397,52.024360488966]]]},"properties":{"case_id":"ST-WK-SR/WNIOSEK/7282/2026","source_type":"wniosek_decyzja","received_date":"2026-04-17","decision_date":"2026-05-11","status":"decyzja wydana","description":"Budowa budynku mieszkalnego jednorodzinnego","address":"Drzonek","city":"Drzonek","office":"Starosta Powiatu Śrem","case_kind":"Budynek mieszkalny jednorodzinny","parcel_ids":["302602_5.0003.217/15"],"location_quality":"dokładny","gunb_url":"https://wyszukiwarka.gunb.gov.pl/","parcel_count":1,"parcel_shard":"x068-y208","parcel_id":"302602_5.0003.217/15","location_source":"powiat śremski (wfs)"}},{"type":"Feature","id":"ST-WK-SR/WNIOSEK/20545/2025::302602_5.0003.219","geometry":{"type":"Polygon","coordinates":[[[17.0558931860348,52.0213454830682],[17.0560293565929,52.0216593676357],[17.0556805573237,52.0218881113485],[17.0554832068253,52.0219265273062],[17.0553618203942,52.0219345423794],[17.0553231832474,52.0214172246144],[17.0554548675844,52.0212453452501],[17.055484941783,52.0212078354415],[17.0558931860348,52.0213454830682]]]},"properties":{"case_id":"ST-WK-SR/WNIOSEK/20545/2025","source_type":"wniosek_decyzja","received_date":"2025-10-05","decision_date":"2025-10-14","status":"decyzja wydana","description":"Budynek gospodarczy z infrastruktura towarzyszącą","address":"Drzonek","city":"Drzonek","office":"Starosta Powiatu Śrem","case_kind":"Obiekt budowlany inny niż budynek mieszkalny jednorodzinny","parcel_ids":["302602_5.0003.219"],"location_quality":"dokładny","gunb_url":"https://wyszukiwarka.gunb.gov.pl/","parcel_count":1,"parcel_shard":"x068-y208","parcel_id":"302602_5.0003.219","location_source":"powiat śremski (wfs)"}},{"type":"Feature","id":"ST-WK-SR/WNIOSEK/6336/2026::302602_5.0003.4/1","geometry":{"type":"Polygon","coordinates":[[[17.0559146774276,52.0325976327586],[17.0555044739269,52.0325702883647],[17.0555316166063,52.0324037231193],[17.0559533991186,52.0324316237837],[17.0559146774276,52.0325976327586]]]},"properties":{"case_id":"ST-WK-SR/WNIOSEK/6336/2026","source_type":"wniosek_decyzja","received_date":"2026-04-02","decision_date":"2026-05-12","status":"decyzja wydana","description":"Rozbudowa wewnętrznej instalacji gazowej w budynku usługowym","address":"Klonowa 4A, Drzonek","city":"Drzonek","office":"Starosta Powiatu Śrem","case_kind":"Obiekt budowlany inny niż budynek mieszkalny jednorodzinny","parcel_ids":["302602_5.0003.4/1"],"location_quality":"dokładny","gunb_url":"https://wyszukiwarka.gunb.gov.pl/","parcel_count":1,"parcel_shard":"x068-y208","parcel_id":"302602_5.0003.4/1","location_source":"powiat śremski (wfs)"}},{"type":"Feature","id":"ST-WK-SR/WNIOSEK/9967/2026::302602_5.0004.224/10","geometry":{"type":"Polygon","coordinates":[[[17.0606846394055,52.0043384213387],[17.0606819783659,52.0042326277102],[17.0612304818035,52.0042311821872],[17.0612326986467,52.0043359884701],[17.0610789022492,52.0043371240987],[17.0609089228768,52.0043364250567],[17.0607691100211,52.0043376940547],[17.0606846394055,52.0043384213387]]]},"properties":{"case_id":"ST-WK-SR/WNIOSEK/9967/2026","source_type":"wniosek_decyzja","received_date":"2026-05-25","decision_date":"2026-06-30","status":"decyzja wydana","description":"Rozbudowa z nadbudową budynku gospodarczego oraz zmiana sposobu użytkowania budynku gospodarczego na budynek mieszkalny jednorodzinny","address":"15, Kotowo","city":"Kotowo","office":"Starosta Powiatu Śrem","case_kind":"Budynek mieszkalny jednorodzinny","parcel_ids":["302602_5.0004.224/10"],"location_quality":"dokładny","gunb_url":"https://wyszukiwarka.gunb.gov.pl/","parcel_count":1,"parcel_shard":"x068-y208","parcel_id":"302602_5.0004.224/10","location_source":"powiat śremski (wfs)"}},{"type":"Feature","id":"ST-WK-SR/WNIOSEK/21590/2025::302602_5.0007.164/4","geometry":{"type":"Polygon","coordinates":[[[17.0258647916895,52.0029733461739],[17.0259669883538,52.0025360369466],[17.0260588189385,52.0024742843793],[17.026092344171,52.0024224893689],[17.0265108765536,52.0024766596084],[17.026831054968,52.0024766556499],[17.0268301101049,52.0026025853376],[17.0268310372376,52.0026400632287],[17.0267729160982,52.0029550215616],[17.0265896095996,52.0029545001867],[17.0258647916895,52.0029733461739]]]},"properties":{"case_id":"ST-WK-SR/WNIOSEK/21590/2025","source_type":"wniosek_decyzja","received_date":"2025-10-21","decision_date":"2025-11-12","status":"decyzja wydana","description":"Przebudowa budynku śwetlicy z remizą OSP, wykonanie otworu drzwiowego w ścianie zewnętrznej","address":"Lubiatowo","city":"Lubiatowo","office":"Starosta Powiatu Śrem","case_kind":"Obiekt budowlany inny niż budynek mieszkalny jednorodzinny","parcel_ids":["302602_5.0007.164/4"],"location_quality":"dokładny","gunb_url":"https://wyszukiwarka.gunb.gov.pl/","parcel_count":1,"parcel_shard":"x068-y208","parcel_id":"302602_5.0007.164/4","location_source":"powiat śremski (wfs)"}},{"type":"Feature","id":"ST-WK-SR/WNIOSEK/21038/2025::302603_4.0007.237","geometry":{"type":"Polygon","coordinates":[[[17.2412020211706,52.063192380397],[17.240586408298,52.0633086300909],[17.2405119786693,52.0632240424979],[17.2411742838491,52.0631002249141],[17.2412020211706,52.063192380397]]]},"properties":{"case_id":"ST-WK-SR/WNIOSEK/21038/2025","source_type":"wniosek_decyzja","received_date":"2025-10-14","decision_date":"2025-12-22","status":"decyzja wydana","description":"Budowa parkingu w ramach zadania inwestycyjnego pod nazwą \" Budowa miejsc postojowych przy hali widowiskowo-sportowej w Książu Wlkp.","address":"Książ Wielkopolski","city":"Książ Wielkopolski","office":"Starosta Powiatu Śrem","case_kind":"Obiekt budowlany inny niż budynek mieszkalny jednorodzinny","parcel_ids":["302603_4.0007.237","302603_4.0007.244/4"],"location_quality":"dokładny","gunb_url":"https://wyszukiwarka.gunb.gov.pl/","parcel_count":2,"parcel_shard":"x068-y208","parcel_id":"302603_4.0007.237","location_source":"powiat śremski (wfs)"}},{"type":"Feature","id":"ST-WK-SR/WNIOSEK/21038/2025::302603_4.0007.244/4","geometry":{"type":"Polygon","coordinates":[[[17.241622828398,52.0630490743177],[17.241776221252,52.0635637639692],[17.2419379730545,52.0641047940979],[17.2415166291932,52.0642409459879],[17.2413409679251,52.0636554856073],[17.2412820895447,52.0634592469872],[17.241241856303,52.0633251506932],[17.2412020211706,52.063192380397],[17.2411742838491,52.0631002249141],[17.241622828398,52.0630490743177]]]},"properties":{"case_id":"ST-WK-SR/WNIOSEK/21038/2025","source_type":"wniosek_decyzja","received_date":"2025-10-14","decision_date":"2025-12-22","status":"decyzja wydana","description":"Budowa parkingu w ramach zadania inwestycyjnego pod nazwą \" Budowa miejsc postojowych przy hali widowiskowo-sportowej w Książu Wlkp.","address":"Książ Wielkopolski","city":"Książ Wielkopolski","office":"Starosta Powiatu Śrem","case_kind":"Obiekt budowlany inny niż budynek mieszkalny jednorodzinny","parcel_ids":["302603_4.0007.237","302603_4.0007.244/4"],"location_quality":"dokładny","gunb_url":"https://wyszukiwarka.gunb.gov.pl/","parcel_count":2,"parcel_shard":"x068-y208","parcel_id":"302603_4.0007.244/4","location_source":"powiat śremski (wfs)"}},{"type":"Feature","id":"ST-WK-SR/WNIOSEK/2579/2026::302603_4.0007.270/6","geometry":{"type":"Polygon","coordinates":[[[17.2416362657813,52.0622576007595],[17.241513188703,52.0616208453839],[17.241744456982,52.0616039078183],[17.2418651456007,52.0622336376431],[17.2416362657813,52.0622576007595]]]},"properties":{"case_id":"ST-WK-SR/WNIOSEK/2579/2026","source_type":"wniosek_decyzja","received_date":"2026-02-12","decision_date":"2026-03-09","status":"decyzja wydana","description":"Budowa budynku gospodarczo-garażowego","address":"Książ Wielkopolski","city":"Książ Wielkopolski","office":"Starosta Powiatu Śrem","case_kind":"Obiekt budowlany inny niż budynek mieszkalny jednorodzinny","parcel_ids":["302603_4.0007.270/6"],"location_quality":"dokładny","gunb_url":"https://wyszukiwarka.gunb.gov.pl/","parcel_count":1,"parcel_shard":"x068-y208","parcel_id":"302603_4.0007.270/6","location_source":"powiat śremski (wfs)"}},{"type":"Feature","id":"ST-WK-SR/ZGŁOSZENIE/2699/2026::302603_4.0007.362","geometry":{"type":"Polygon","coordinates":[[[17.2397304747133,52.0605878005039],[17.2397622138114,52.0606873380454],[17.2397653096135,52.060724538376],[17.2397714079566,52.0609068096906],[17.239645251488,52.0608945609315],[17.2396424127492,52.0607739397397],[17.2396423941419,52.0607378932178],[17.2396408007851,52.0607156975953],[17.2396386070408,52.0606921564774],[17.2396341858819,52.0606769860027],[17.2396105330856,52.0605941294726],[17.2397304747133,52.0605878005039]]]},"properties":{"case_id":"ST-WK-SR/ZGŁOSZENIE/2699/2026","source_type":"zgloszenie","received_date":"2026-08-17","decision_date":null,"status":"Brak sprzeciwu","description":"Zamurowanie jednego z dwóch otworów drzwiowych w budynku mieszkalnym","address":"Książ Wielkopolski","city":"Książ Wielkopolski","office":"Starosta Powiatu Śrem","case_kind":"budowa nowego/nowych obiektów budowlanych","parcel_ids":["302603_4.0007.362"],"location_quality":"dokładny","gunb_url":"https://wyszukiwarka.gunb.gov.pl/","parcel_count":1,"parcel_shard":"x068-y208","parcel_id":"302603_4.0007.362","location_source":"powiat śremski (wfs)"}},{"type":"Feature","id":"ST-WK-SR/WNIOSEK/812/2026::302603_4.0007.5/11","geometry":{"type":"Polygon","coordinates":[[[17.2232051756529,52.062062791983],[17.2231321281961,52.0618495787378],[17.2237098915777,52.0617789278237],[17.2237648452803,52.0617722091252],[17.2238511716165,52.0618070436314],[17.2239074984694,52.0619714074134],[17.2232051756529,52.062062791983]]]},"properties":{"case_id":"ST-WK-SR/WNIOSEK/812/2026","source_type":"wniosek_decyzja","received_date":"2026-01-14","decision_date":"2026-03-17","status":"decyzja wydana","description":"Budowa wewnętrznej instalacji gazu w budynku mieszkalnym jednorodzinnym","address":"Książ Wielkopolski","city":"Książ Wielkopolski","office":"Starosta Powiatu Śrem","case_kind":"Obiekt budowlany inny niż budynek mieszkalny jednorodzinny","parcel_ids":["302603_4.0007.5/11"],"location_quality":"dokładny","gunb_url":"https://wyszukiwarka.gunb.gov.pl/","parcel_count":1,"parcel_shard":"x068-y208","parcel_id":"302603_4.0007.5/11","location_source":"powiat śremski (wfs)"}},{"type":"Feature","id":"ST-WK-SR/ZGŁOSZENIE/1663/2026::302603_4.0007.5/2","geometry":{"type":"Polygon","coordinates":[[[17.2236217276907,52.0633109913045],[17.2232470684836,52.0631930025702],[17.2231957124955,52.0631438919013],[17.2232884047557,52.0631743825426],[17.2236421524025,52.0632166010788],[17.224298717228,52.0631323684709],[17.2243666238409,52.0630685889471],[17.2242632469212,52.0627623650126],[17.2243203268239,52.0627550872277],[17.2243269878343,52.0627749219346],[17.2243537755642,52.0628540803323],[17.2245700609223,52.0634941698308],[17.2245847490419,52.0635381476142],[17.2245434758566,52.063550026028],[17.2244776688748,52.0635355911358],[17.2245061797326,52.0634821530037],[17.2244318638294,52.0632621782605],[17.2243285301938,52.0632203220322],[17.2236217276907,52.0633109913045]]]},"properties":{"case_id":"ST-WK-SR/ZGŁOSZENIE/1663/2026","source_type":"zgloszenie","received_date":"2026-05-25","decision_date":null,"status":"Brak sprzeciwu","description":"Budowa sieci gazowej średniego ciśnienia","address":"Książ Wielkopolski","city":"Książ Wielkopolski","office":"Starosta Powiatu Śrem","case_kind":"budowa nowego/nowych obiektów budowlanych","parcel_ids":["302603_4.0007.5/2","302603_4.0007.5/4","302603_4.0007.6/22","302603_5.0006.125/10","302603_5.0006.125/11","302603_5.0006.125/13","302603_5.0006.126","302603_5.0006.25/3","302603_5.0006.26/3"],"location_quality":"dokładny","gunb_url":"https://wyszukiwarka.gunb.gov.pl/","parcel_count":9,"parcel_shard":"x068-y208","parcel_id":"302603_4.0007.5/2","location_source":"powiat śremski (wfs)"}},{"type":"Feature","id":"ST-WK-SR/ZGŁOSZENIE/1663/2026::302603_4.0007.5/4","geometry":{"type":"Polygon","coordinates":[[[17.2231957124955,52.0631438919013],[17.2231346466385,52.0630879048677],[17.2234503328091,52.0631898085815],[17.2235969497504,52.0632061865961],[17.2242263157498,52.0631233525514],[17.2242845089852,52.0630715233749],[17.2242239885386,52.0628949211752],[17.2241486433743,52.0626750961722],[17.2240572259811,52.0624083279918],[17.2239813280159,52.0621868364022],[17.2239074984694,52.0619714074134],[17.2238511716165,52.0618070436314],[17.2237648452803,52.0617722091252],[17.2237098915777,52.0617789278237],[17.223648290995,52.0616035787284],[17.2239195571457,52.061568784631],[17.223990386292,52.0617784384026],[17.2242108988556,52.0624310932037],[17.2243203268239,52.0627550872277],[17.2242632469212,52.0627623650126],[17.2243666238409,52.0630685889471],[17.224298717228,52.0631323684709],[17.2236421524025,52.0632166010788],[17.2232884047557,52.0631743825426],[17.2231957124955,52.0631438919013]]]},"properties":{"case_id":"ST-WK-SR/ZGŁOSZENIE/1663/2026","source_type":"zgloszenie","received_date":"2026-05-25","decision_date":null,"status":"Brak sprzeciwu","description":"Budowa sieci gazowej średniego ciśnienia","address":"Książ Wielkopolski","city":"Książ Wielkopolski","office":"Starosta Powiatu Śrem","case_kind":"budowa nowego/nowych obiektów budowlanych","parcel_ids":["302603_4.0007.5/2","302603_4.0007.5/4","302603_4.0007.6/22","302603_5.0006.125/10","302603_5.0006.125/11","302603_5.0006.125/13","302603_5.0006.126","302603_5.0006.25/3","302603_5.0006.26/3"],"location_quality":"dokładny","gunb_url":"https://wyszukiwarka.gunb.gov.pl/","parcel_count":9,"parcel_shard":"x068-y208","parcel_id":"302603_4.0007.5/4","location_source":"powiat śremski (wfs)"}},{"type":"Feature","id":"ST-WK-SR/ZGŁOSZENIE/1663/2026::302603_4.0007.6/22","geometry":{"type":"Polygon","coordinates":[[[17.2245847490419,52.0635381476142],[17.2245700609223,52.0634941698308],[17.2243537755642,52.0628540803323],[17.2243269878343,52.0627749219346],[17.2244089716683,52.0627529656336],[17.2244387945271,52.0628417281349],[17.224527788753,52.0631049615457],[17.2246665893929,52.0635162817284],[17.2245847490419,52.0635381476142]]]},"properties":{"case_id":"ST-WK-SR/ZGŁOSZENIE/1663/2026","source_type":"zgloszenie","received_date":"2026-05-25","decision_date":null,"status":"Brak sprzeciwu","description":"Budowa sieci gazowej średniego ciśnienia","address":"Książ Wielkopolski","city":"Książ Wielkopolski","office":"Starosta Powiatu Śrem","case_kind":"budowa nowego/nowych obiektów budowlanych","parcel_ids":["302603_4.0007.5/2","302603_4.0007.5/4","302603_4.0007.6/22","302603_5.0006.125/10","302603_5.0006.125/11","302603_5.0006.125/13","302603_5.0006.126","302603_5.0006.25/3","302603_5.0006.26/3"],"location_quality":"dokładny","gunb_url":"https://wyszukiwarka.gunb.gov.pl/","parcel_count":9,"parcel_shard":"x068-y208","parcel_id":"302603_4.0007.6/22","location_source":"powiat śremski (wfs)"}},{"type":"Feature","id":"ST-WK-SR/ZGŁOSZENIE/1663/2026::302603_5.0006.125/10","geometry":{"type":"Polygon","coordinates":[[[17.2205849913106,52.0623381158948],[17.2200548071949,52.0622077110278],[17.2206404948541,52.0623268872822],[17.2209796858368,52.0623958777159],[17.2211561162606,52.0624525886802],[17.2214212730832,52.0625376523712],[17.2217237687662,52.0626348570995],[17.2217755991208,52.0626514257992],[17.2223264194145,52.062828376634],[17.222830682509,52.0629903504758],[17.2229082839259,52.0630152485093],[17.2231346466385,52.0630879048677],[17.2231957124955,52.0631438919013],[17.2232470684836,52.0631930025702],[17.2227286577466,52.0629989520373],[17.2221947204834,52.0628420064339],[17.2212763124948,52.0625569964547],[17.2205849913106,52.0623381158948]]]},"properties":{"case_id":"ST-WK-SR/ZGŁOSZENIE/1663/2026","source_type":"zgloszenie","received_date":"2026-05-25","decision_date":null,"status":"Brak sprzeciwu","description":"Budowa sieci gazowej średniego ciśnienia","address":"Książ Wielkopolski","city":"Książ Wielkopolski","office":"Starosta Powiatu Śrem","case_kind":"budowa nowego/nowych obiektów budowlanych","parcel_ids":["302603_4.0007.5/2","302603_4.0007.5/4","302603_4.0007.6/22","302603_5.0006.125/10","302603_5.0006.125/11","302603_5.0006.125/13","302603_5.0006.126","302603_5.0006.25/3","302603_5.0006.26/3"],"location_quality":"dokładny","gunb_url":"https://wyszukiwarka.gunb.gov.pl/","parcel_count":9,"parcel_shard":"x068-y208","parcel_id":"302603_5.0006.125/10","location_source":"powiat śremski (wfs)"}},{"type":"Feature","id":"ST-WK-SR/ZGŁOSZENIE/1663/2026::302603_5.0006.125/11","geometry":{"type":"Polygon","coordinates":[[[17.2211561162606,52.0624525886802],[17.2212687297181,52.0624188966158],[17.2213591126111,52.0622370789313],[17.221461591114,52.0620307548468],[17.2215684859897,52.061815960397],[17.2216752341002,52.0616011664314],[17.2217819812401,52.0613863722634],[17.2218389120812,52.0612717673425],[17.2219557183197,52.0612591789837],[17.2220339154613,52.0615353175976],[17.221818505971,52.0615584319973],[17.2216101303459,52.0619773893251],[17.2215460815822,52.0621063195551],[17.2214577150672,52.0622841531962],[17.2213697311209,52.0624612154283],[17.2214212730832,52.0625376523712],[17.2211561162606,52.0624525886802]]]},"properties":{"case_id":"ST-WK-SR/ZGŁOSZENIE/1663/2026","source_type":"zgloszenie","received_date":"2026-05-25","decision_date":null,"status":"Brak sprzeciwu","description":"Budowa sieci gazowej średniego ciśnienia","address":"Książ Wielkopolski","city":"Książ Wielkopolski","office":"Starosta Powiatu Śrem","case_kind":"budowa nowego/nowych obiektów budowlanych","parcel_ids":["302603_4.0007.5/2","302603_4.0007.5/4","302603_4.0007.6/22","302603_5.0006.125/10","302603_5.0006.125/11","302603_5.0006.125/13","302603_5.0006.126","302603_5.0006.25/3","302603_5.0006.26/3"],"location_quality":"dokładny","gunb_url":"https://wyszukiwarka.gunb.gov.pl/","parcel_count":9,"parcel_shard":"x068-y208","parcel_id":"302603_5.0006.125/11","location_source":"powiat śremski (wfs)"}},{"type":"Feature","id":"ST-WK-SR/ZGŁOSZENIE/1663/2026::302603_5.0006.125/13","geometry":{"type":"Polygon","coordinates":[[[17.2222499003149,52.0622016581608],[17.2219658776605,52.0621479657871],[17.2216190000482,52.062082429653],[17.2215460815822,52.0621063195551],[17.2216101303459,52.0619773893251],[17.2216488902667,52.0620223340974],[17.2219957663923,52.062087780223],[17.2221846701535,52.0620674857191],[17.2222118045172,52.0621633622955],[17.2222499003149,52.0622016581608]]]},"properties":{"case_id":"ST-WK-SR/ZGŁOSZENIE/1663/2026","source_type":"zgloszenie","received_date":"2026-05-25","decision_date":null,"status":"Brak sprzeciwu","description":"Budowa sieci gazowej średniego ciśnienia","address":"Książ Wielkopolski","city":"Książ Wielkopolski","office":"Starosta Powiatu Śrem","case_kind":"budowa nowego/nowych obiektów budowlanych","parcel_ids":["302603_4.0007.5/2","302603_4.0007.5/4","302603_4.0007.6/22","302603_5.0006.125/10","302603_5.0006.125/11","302603_5.0006.125/13","302603_5.0006.126","302603_5.0006.25/3","302603_5.0006.26/3"],"location_quality":"dokładny","gunb_url":"https://wyszukiwarka.gunb.gov.pl/","parcel_count":9,"parcel_shard":"x068-y208","parcel_id":"302603_5.0006.125/13","location_source":"powiat śremski (wfs)"}},{"type":"Feature","id":"ST-WK-SR/ZGŁOSZENIE/1663/2026::302603_5.0006.126","geometry":{"type":"Polygon","coordinates":[[[17.2099321959291,52.0617734429723],[17.2099940799638,52.0617464344628],[17.2100535434031,52.0618079267535],[17.2104645516367,52.0621337314933],[17.2105815374552,52.0621983961013],[17.2107885164056,52.0622434763131],[17.2109038525148,52.0622307451927],[17.2110123577747,52.0622187463311],[17.2111426693187,52.062188850547],[17.2114227801406,52.0621245653809],[17.2117638272465,52.0620462493111],[17.2122721276745,52.0619317919461],[17.2125877769353,52.0618910451076],[17.213600685201,52.0618886231885],[17.2141983690746,52.0618502752983],[17.2147494298509,52.0618628468932],[17.2152532483821,52.0618840005355],[17.2157170822506,52.0619179012151],[17.2162557557195,52.0619788037991],[17.2175664953861,52.0623027314489],[17.2176657326218,52.0623177052071],[17.2180659031059,52.0623551656437],[17.2182662114919,52.0623168450438],[17.2186526930856,52.0621584502691],[17.219007664306,52.0620984873187],[17.2200548071949,52.0622077110278],[17.2205849913106,52.0623381158948],[17.2212763124948,52.0625569964547],[17.2221947204834,52.0628420064339],[17.2227286577466,52.0629989520373],[17.2232470684836,52.0631930025702],[17.2234059975062,52.0632967150058],[17.2225791028137,52.0629932199198],[17.2218986347498,52.0627899142962],[17.221287981344,52.0626096438098],[17.2209759911138,52.0625111337997],[17.2206928649742,52.0624234558693],[17.2202560167744,52.0622992754084],[17.2200955539927,52.0622402370975],[17.2199051487662,52.0622223919959],[17.2195634430672,52.062205042171],[17.2190491661569,52.0621771284138],[17.2187605762296,52.062170483963],[17.2184725497453,52.062298664645],[17.2182953680826,52.0623524916749],[17.218189127388,52.0623821669462],[17.2180900656437,52.0624099123668],[17.2175632445358,52.0623490715614],[17.2174536561196,52.0623283003571],[17.2167511370745,52.0621596999523],[17.2162988476877,52.0620497621235],[17.2157351388125,52.0619495729329],[17.2154719871681,52.0619446702043],[17.2152849197457,52.061936181255],[17.2147721861053,52.0618978967553],[17.2142419094628,52.0618848036589],[17.2136838823176,52.0619109085708],[17.2130806082609,52.0619214164257],[17.2126348393542,52.0619374449191],[17.2125145493157,52.0619492809412],[17.2124473957088,52.0619592143566],[17.2121896694705,52.0620096128896],[17.2114713696714,52.0621707720542],[17.2113757591523,52.0621927824999],[17.2112045048531,52.0622322476812],[17.2108632167818,52.0623350200616],[17.2106571957363,52.0624129459053],[17.2106226534327,52.0623622909393],[17.2108330744916,52.0622980813651],[17.2105066037396,52.062218408989],[17.2103963084985,52.0621519574599],[17.2100214254878,52.0618495322774],[17.2100145943737,52.0618415635317],[17.2099321959291,52.0617734429723]]]},"properties":{"case_id":"ST-WK-SR/ZGŁOSZENIE/1663/2026","source_type":"zgloszenie","received_date":"2026-05-25","decision_date":null,"status":"Brak sprzeciwu","description":"Budowa sieci gazowej średniego ciśnienia","address":"Książ Wielkopolski","city":"Książ Wielkopolski","office":"Starosta Powiatu Śrem","case_kind":"budowa nowego/nowych obiektów budowlanych","parcel_ids":["302603_4.0007.5/2","302603_4.0007.5/4","302603_4.0007.6/22","302603_5.0006.125/10","302603_5.0006.125/11","302603_5.0006.125/13","302603_5.0006.126","302603_5.0006.25/3","302603_5.0006.26/3"],"location_quality":"dokładny","gunb_url":"https://wyszukiwarka.gunb.gov.pl/","parcel_count":9,"parcel_shard":"x068-y208","parcel_id":"302603_5.0006.126","location_source":"powiat śremski (wfs)"}},{"type":"Feature","id":"ST-WK-SR/ZGŁOSZENIE/1663/2026::302603_5.0006.25/3","geometry":{"type":"Polygon","coordinates":[[[17.2202560167744,52.0622992754084],[17.2206928649742,52.0624234558693],[17.2209759911138,52.0625111337997],[17.2203288723192,52.0623775913803],[17.2202560167744,52.0622992754084]]]},"properties":{"case_id":"ST-WK-SR/ZGŁOSZENIE/1663/2026","source_type":"zgloszenie","received_date":"2026-05-25","decision_date":null,"status":"Brak sprzeciwu","description":"Budowa sieci gazowej średniego ciśnienia","address":"Książ Wielkopolski","city":"Książ Wielkopolski","office":"Starosta Powiatu Śrem","case_kind":"budowa nowego/nowych obiektów budowlanych","parcel_ids":["302603_4.0007.5/2","302603_4.0007.5/4","302603_4.0007.6/22","302603_5.0006.125/10","302603_5.0006.125/11","302603_5.0006.125/13","302603_5.0006.126","302603_5.0006.25/3","302603_5.0006.26/3"],"location_quality":"dokładny","gunb_url":"https://wyszukiwarka.gunb.gov.pl/","parcel_count":9,"parcel_shard":"x068-y208","parcel_id":"302603_5.0006.25/3","location_source":"powiat śremski (wfs)"}},{"type":"Feature","id":"ST-WK-SR/ZGŁOSZENIE/1663/2026::302603_5.0006.26/3","geometry":{"type":"Polygon","coordinates":[[[17.2203288723192,52.0623775913803],[17.219580289319,52.0622231218967],[17.2195634430672,52.062205042171],[17.2199051487662,52.0622223919959],[17.2200955539927,52.0622402370975],[17.2202560167744,52.0622992754084],[17.2203288723192,52.0623775913803]]]},"properties":{"case_id":"ST-WK-SR/ZGŁOSZENIE/1663/2026","source_type":"zgloszenie","received_date":"2026-05-25","decision_date":null,"status":"Brak sprzeciwu","description":"Budowa sieci gazowej średniego ciśnienia","address":"Książ Wielkopolski","city":"Książ Wielkopolski","office":"Starosta Powiatu Śrem","case_kind":"budowa nowego/nowych obiektów budowlanych","parcel_ids":["302603_4.0007.5/2","302603_4.0007.5/4","302603_4.0007.6/22","302603_5.0006.125/10","302603_5.0006.125/11","302603_5.0006.125/13","302603_5.0006.126","302603_5.0006.25/3","302603_5.0006.26/3"],"location_quality":"dokładny","gunb_url":"https://wyszukiwarka.gunb.gov.pl/","parcel_count":9,"parcel_shard":"x068-y208","parcel_id":"302603_5.0006.26/3","location_source":"powiat śremski (wfs)"}},{"type":"Feature","id":"ST-WK-SR/WNIOSEK/20721/2025::302603_4.0007.688/5","geometry":{"type":"Polygon","coordinates":[[[17.2268264040273,52.0616075621202],[17.2269634792527,52.0619621453348],[17.2265289171875,52.0620809039544],[17.2264285359824,52.0620503145566],[17.2262998279469,52.0617180762896],[17.2268264040273,52.0616075621202]]]},"properties":{"case_id":"ST-WK-SR/WNIOSEK/20721/2025","source_type":"wniosek_decyzja","received_date":"2025-10-10","decision_date":"2025-10-27","status":"decyzja wydana","description":"Budowa wewnętrznej instalacji gazowej w budynku mieszkalnym jednorodzinnym","address":"Książ Wielkopolski","city":"Książ Wielkopolski","office":"Starosta Powiatu Śrem","case_kind":"Budynek mieszkalny jednorodzinny","parcel_ids":["302603_4.0007.688/5"],"location_quality":"dokładny","gunb_url":"https://wyszukiwarka.gunb.gov.pl/","parcel_count":1,"parcel_shard":"x068-y208","parcel_id":"302603_4.0007.688/5","location_source":"powiat śremski (wfs)"}},{"type":"Feature","id":"ST-WK-SR/WNIOSEK/3278/2026::302603_5.0001.44/1","geometry":{"type":"Polygon","coordinates":[[[17.2280519637307,52.0461314063095],[17.2276892029396,52.0454850261259],[17.2282301300228,52.0453678588004],[17.2285651642119,52.0459740584019],[17.2280519637307,52.0461314063095]]]},"properties":{"case_id":"ST-WK-SR/WNIOSEK/3278/2026","source_type":"wniosek_decyzja","received_date":"2026-02-23","decision_date":"2026-03-18","status":"decyzja wydana","description":"Budowa budynku mieszkalnego jednorodzinnego wraz z niezbędną infrastrukturą.","address":"31, Brzóstownia","city":"Brzóstownia","office":"Starosta Powiatu Śrem","case_kind":"Budynek mieszkalny jednorodzinny","parcel_ids":["302603_5.0001.44/1"],"location_quality":"dokładny","gunb_url":"https://wyszukiwarka.gunb.gov.pl/","parcel_count":1,"parcel_shard":"x068-y208","parcel_id":"302603_5.0001.44/1","location_source":"powiat śremski (wfs)"}},{"type":"Feature","id":"ST-WK-SR/WNIOSEK/23466/2025::302603_5.0001.76/1","geometry":{"type":"Polygon","coordinates":[[[17.2366991954703,52.0337849813917],[17.2350735564547,52.0330247143599],[17.2351899541958,52.0326279758342],[17.2370513737674,52.0334985117775],[17.2366991954703,52.0337849813917]]]},"properties":{"case_id":"ST-WK-SR/WNIOSEK/23466/2025","source_type":"wniosek_decyzja","received_date":"2025-11-18","decision_date":"2026-01-13","status":"decyzja wydana","description":"Budowa budynku mieszkalnego jednorodzinnego","address":"Brzóstownia","city":"Brzóstownia","office":"Starosta Powiatu Śrem","case_kind":"Budynek mieszkalny jednorodzinny","parcel_ids":["302603_5.0001.76/1"],"location_quality":"dokładny","gunb_url":"https://wyszukiwarka.gunb.gov.pl/","parcel_count":1,"parcel_shard":"x068-y208","parcel_id":"302603_5.0001.76/1","location_source":"powiat śremski (wfs)"}},{"type":"Feature","id":"ST-WK-SR/WNIOSEK/4545/2026::302603_5.0001.97/2","geometry":{"type":"Polygon","coordinates":[[[17.2284255898711,52.0422792705589],[17.2287534168859,52.0422360263299],[17.2288712641929,52.0425874267521],[17.2285430206899,52.0426293203515],[17.2284255898711,52.0422792705589]]]},"properties":{"case_id":"ST-WK-SR/WNIOSEK/4545/2026","source_type":"wniosek_decyzja","received_date":"2026-03-10","decision_date":"2026-04-21","status":"decyzja wydana","description":"Budowa budynku mieszkalnego jednorodzinnego","address":"Brzóstownia","city":"Brzóstownia","office":"Starosta Powiatu Śrem","case_kind":"Budynek mieszkalny jednorodzinny","parcel_ids":["302603_5.0001.97/2"],"location_quality":"dokładny","gunb_url":"https://wyszukiwarka.gunb.gov.pl/","parcel_count":1,"parcel_shard":"x068-y208","parcel_id":"302603_5.0001.97/2","location_source":"powiat śremski (wfs)"}},{"type":"Feature","id":"ST-WK-SR/WNIOSEK/19911/2025::302603_5.0002.141/2","geometry":{"type":"Polygon","coordinates":[[[17.120637167405,52.0634312731901],[17.1214470510609,52.0635651888529],[17.1217052173736,52.0636134668884],[17.1216920427301,52.0637109668448],[17.1221108063084,52.0645948577747],[17.1200812134889,52.0648627581042],[17.1200688837723,52.0647824241383],[17.1201657187739,52.0644308422257],[17.1207713991819,52.0645026139876],[17.120855412927,52.064182285841],[17.1202495420284,52.0641202234834],[17.1203326690977,52.063842237531],[17.120637167405,52.0634312731901]]]},"properties":{"case_id":"ST-WK-SR/WNIOSEK/19911/2025","source_type":"wniosek_decyzja","received_date":"2025-10-01","decision_date":"2025-11-03","status":"decyzja wydana","description":"Renowacja elewacji budynku zabytkowego dworu w Chrząstowie służącego celom oświatowym","address":"21, Chrząstowo","city":"Chrząstowo","office":"Starosta Powiatu Śrem","case_kind":"Obiekt budowlany inny niż budynek mieszkalny jednorodzinny","parcel_ids":["302603_5.0002.141/2"],"location_quality":"dokładny","gunb_url":"https://wyszukiwarka.gunb.gov.pl/","parcel_count":1,"parcel_shard":"x068-y208","parcel_id":"302603_5.0002.141/2","location_source":"powiat śremski (wfs)"}},{"type":"Feature","id":"ST-WK-SR/WNIOSEK/11729/2026::302603_5.0002.25/1","geometry":{"type":"Polygon","coordinates":[[[17.0900583910286,52.0630670486462],[17.090246867387,52.0631259559189],[17.0899983172403,52.0639972422161],[17.0887892978325,52.0638425776131],[17.0889139624181,52.0634107123266],[17.0890655095459,52.063407131923],[17.0892376034917,52.0633637859055],[17.0900583910286,52.0630670486462]]]},"properties":{"case_id":"ST-WK-SR/WNIOSEK/11729/2026","source_type":"wniosek_decyzja","received_date":"2026-06-19","decision_date":"2026-06-26","status":"decyzja wydana","description":"Rozbudowa budynku gospodarczego.","address":"2, Chrząstowo","city":"Chrząstowo","office":"Starosta Powiatu Śrem","case_kind":"Obiekt budowlany inny niż budynek mieszkalny jednorodzinny","parcel_ids":["302603_5.0002.25/1","302603_5.0002.25/2"],"location_quality":"dokładny","gunb_url":"https://wyszukiwarka.gunb.gov.pl/","parcel_count":2,"parcel_shard":"x068-y208","parcel_id":"302603_5.0002.25/1","location_source":"powiat śremski (wfs)"}},{"type":"Feature","id":"ST-WK-SR/WNIOSEK/11729/2026::302603_5.0002.25/2","geometry":{"type":"Polygon","coordinates":[[[17.0887892978325,52.0638425776131],[17.0899983172403,52.0639972422161],[17.0899173131216,52.0642807034429],[17.0896463751851,52.0652290330384],[17.0895937576602,52.0652501525146],[17.0884167145683,52.0651259397529],[17.0887024414276,52.0641437473171],[17.0887892978325,52.0638425776131]]]},"properties":{"case_id":"ST-WK-SR/WNIOSEK/11729/2026","source_type":"wniosek_decyzja","received_date":"2026-06-19","decision_date":"2026-06-26","status":"decyzja wydana","description":"Rozbudowa budynku gospodarczego.","address":"2, Chrząstowo","city":"Chrząstowo","office":"Starosta Powiatu Śrem","case_kind":"Obiekt budowlany inny niż budynek mieszkalny jednorodzinny","parcel_ids":["302603_5.0002.25/1","302603_5.0002.25/2"],"location_quality":"dokładny","gunb_url":"https://wyszukiwarka.gunb.gov.pl/","parcel_count":2,"parcel_shard":"x068-y208","parcel_id":"302603_5.0002.25/2","location_source":"powiat śremski (wfs)"}},{"type":"Feature","id":"ST-WK-SR/WNIOSEK/261/2026::302603_5.0002.60/16","geometry":{"type":"Polygon","coordinates":[[[17.1211975946638,52.0716023260247],[17.1212063566577,52.0713937751856],[17.1218623826363,52.0714026194953],[17.1218532768535,52.0716214143645],[17.1211975946638,52.0716023260247]]]},"properties":{"case_id":"ST-WK-SR/WNIOSEK/261/2026","source_type":"wniosek_decyzja","received_date":"2026-01-02","decision_date":"2026-04-13","status":"decyzja wydana","description":"Budowa dwóch budynków mieszkalnych jednorodzinnych","address":"Chrząstowo","city":"Chrząstowo","office":"Starosta Powiatu Śrem","case_kind":"Budynek mieszkalny jednorodzinny","parcel_ids":["302603_5.0002.60/16"],"location_quality":"dokładny","gunb_url":"https://wyszukiwarka.gunb.gov.pl/","parcel_count":1,"parcel_shard":"x068-y208","parcel_id":"302603_5.0002.60/16","location_source":"powiat śremski (wfs)"}},{"type":"Feature","id":"ST-WK-SR/WNIOSEK/1824/2026::302603_5.0002.60/37","geometry":{"type":"Polygon","coordinates":[[[17.1213558321737,52.0713059063765],[17.1213651619837,52.0710832482772],[17.1217865411833,52.0710902536964],[17.1217786982369,52.0713115746684],[17.1213558321737,52.0713059063765]]]},"properties":{"case_id":"ST-WK-SR/WNIOSEK/1824/2026","source_type":"wniosek_decyzja","received_date":"2026-01-29","decision_date":"2026-07-13","status":"decyzja wydana","description":"Budowa budynku mieszkalnego jednorodzinnego wraz ze zbiornikiem bezodpływowym","address":"Chrząstowo","city":"Chrząstowo","office":"Starosta Powiatu Śrem","case_kind":"Budynek mieszkalny jednorodzinny","parcel_ids":["302603_5.0002.60/37"],"location_quality":"dokładny","gunb_url":"https://wyszukiwarka.gunb.gov.pl/","parcel_count":1,"parcel_shard":"x068-y208","parcel_id":"302603_5.0002.60/37","location_source":"powiat śremski (wfs)"}},{"type":"Feature","id":"ST-WK-SR/WNIOSEK/6816/2026::302603_5.0002.60/38","geometry":{"type":"Polygon","coordinates":[[[17.1217865411833,52.0710902536964],[17.1221523778307,52.071095855233],[17.1222528905864,52.0713179832185],[17.1218661874283,52.0713127658232],[17.1217786982369,52.0713115746684],[17.1217865411833,52.0710902536964]]]},"properties":{"case_id":"ST-WK-SR/WNIOSEK/6816/2026","source_type":"wniosek_decyzja","received_date":"2026-03-02","decision_date":"2026-04-10","status":"decyzja wydana","description":"Budowa budynku mieszkalnego jednorodzinnego","address":"Chrząstowo","city":"Chrząstowo","office":"Starosta Powiatu Śrem","case_kind":"Budynek mieszkalny jednorodzinny","parcel_ids":["302603_5.0002.60/38"],"location_quality":"dokładny","gunb_url":"https://wyszukiwarka.gunb.gov.pl/","parcel_count":1,"parcel_shard":"x068-y208","parcel_id":"302603_5.0002.60/38","location_source":"powiat śremski (wfs)"}},{"type":"Feature","id":"ST-WK-SR/WNIOSEK/2219/2026::302603_5.0005.101","geometry":{"type":"Polygon","coordinates":[[[17.1601897706153,52.0411063250247],[17.160515664356,52.0410449207363],[17.1605768450327,52.0410624342229],[17.1606121222215,52.0411088850038],[17.1607160787235,52.0412783344725],[17.1603081186573,52.0413555130999],[17.1601897706153,52.0411063250247]]]},"properties":{"case_id":"ST-WK-SR/WNIOSEK/2219/2026","source_type":"wniosek_decyzja","received_date":"2026-02-06","decision_date":"2026-04-28","status":"decyzja wydana","description":"Budowa budynku mieszkalnego jednorodzinnego","address":"Jarosławki","city":"Jarosławki","office":"Starosta Powiatu Śrem","case_kind":"Budynek mieszkalny jednorodzinny","parcel_ids":["302603_5.0005.101"],"location_quality":"dokładny","gunb_url":"https://wyszukiwarka.gunb.gov.pl/","parcel_count":1,"parcel_shard":"x068-y208","parcel_id":"302603_5.0005.101","location_source":"powiat śremski (wfs)"}},{"type":"Feature","id":"ST-WK-SR/WNIOSEK/929/2026::302603_5.0005.12/2","geometry":{"type":"Polygon","coordinates":[[[17.1420601451321,52.0363993561456],[17.1417827046209,52.0361380248789],[17.1426892048632,52.0360237321886],[17.1427881499296,52.0363215134818],[17.1421435390259,52.0364129962861],[17.1420601451321,52.0363993561456]]]},"properties":{"case_id":"ST-WK-SR/WNIOSEK/929/2026","source_type":"wniosek_decyzja","received_date":"2026-01-19","decision_date":"2026-03-20","status":"decyzja wydana","description":"Budowa budynku mieszkalnego jednorodzinnego","address":"Feliksowo","city":"Feliksowo","office":"Starosta Powiatu Śrem","case_kind":"Budynek mieszkalny jednorodzinny","parcel_ids":["302603_5.0005.12/2"],"location_quality":"dokładny","gunb_url":"https://wyszukiwarka.gunb.gov.pl/","parcel_count":1,"parcel_shard":"x068-y208","parcel_id":"302603_5.0005.12/2","location_source":"powiat śremski (wfs)"}},{"type":"Feature","id":"ST-WK-SR/WNIOSEK/20925/2025::302603_5.0005.60/1","geometry":{"type":"Polygon","coordinates":[[[17.1538186252931,52.0487509724399],[17.1568199644607,52.0485647358786],[17.1608095916598,52.0482816789879],[17.1616535848742,52.0482660335117],[17.1647163663548,52.048353611251],[17.1646015618346,52.0493504888679],[17.164410726838,52.05100764022],[17.1642478692121,52.0524225773546],[17.1642287503002,52.0525877348635],[17.1641932452288,52.0528965874427],[17.1615157272408,52.0530074363506],[17.1591544746832,52.0530124174716],[17.1576122776425,52.0529939410628],[17.156705704692,52.0529312352072],[17.1538661722065,52.0526642880536],[17.1538513099336,52.0518708245337],[17.1538652426893,52.0498610349519],[17.1538186252931,52.0487509724399]]]},"properties":{"case_id":"ST-WK-SR/WNIOSEK/20925/2025","source_type":"wniosek_decyzja","received_date":"2025-10-12","decision_date":"2025-12-11","status":"decyzja wydana","description":"Budowa farmy fotowoltaicznej \"PV Jarosławki\" o mocy do 7MW wraz z infrastrukturą towarzyszącą","address":"Jarosławiec","city":"Jarosławiec","office":"Starosta Powiatu Śrem","case_kind":"Obiekt budowlany inny niż budynek mieszkalny jednorodzinny","parcel_ids":["302603_5.0005.60/1"],"location_quality":"dokładny","gunb_url":"https://wyszukiwarka.gunb.gov.pl/","parcel_count":1,"parcel_shard":"x068-y208","parcel_id":"302603_5.0005.60/1","location_source":"powiat śremski (wfs)"}},{"type":"Feature","id":"ST-WK-SR/ZGŁOSZENIE/1665/2026::302603_5.0006.272/20","geometry":{"type":"Polygon","coordinates":[[[17.2136474501855,52.0736808032042],[17.2134324138636,52.0736248103513],[17.2134910976196,52.0735390954987],[17.2133581246604,52.073336963487],[17.2131936100852,52.0730871633581],[17.2130290989087,52.0728372731202],[17.2128647338175,52.0725874734896],[17.2127002262882,52.0723375827886],[17.2125761728925,52.0720765471501],[17.2126829652072,52.0720502062126],[17.2128083427747,52.0723106214035],[17.2129728523908,52.0725604220909],[17.2131372164045,52.0728103114446],[17.2133017296675,52.07306011166],[17.2134662447538,52.0733099116527],[17.2135992197009,52.0735119536698],[17.2137381746245,52.073548024328],[17.2136474501855,52.0736808032042]]]},"properties":{"case_id":"ST-WK-SR/ZGŁOSZENIE/1665/2026","source_type":"zgloszenie","received_date":"2026-05-25","decision_date":null,"status":"Brak sprzeciwu","description":"Budowa sieci gazowej średniego ciśnienia","address":"Kiełczynek","city":"Kiełczynek","office":"Starosta Powiatu Śrem","case_kind":"budowa nowego/nowych obiektów budowlanych","parcel_ids":["302603_5.0006.272/20","302603_5.0006.272/21","302603_5.0006.69"],"location_quality":"dokładny","gunb_url":"https://wyszukiwarka.gunb.gov.pl/","parcel_count":3,"parcel_shard":"x068-y208","parcel_id":"302603_5.0006.272/20","location_source":"powiat śremski (wfs)"}},{"type":"Feature","id":"ST-WK-SR/ZGŁOSZENIE/1665/2026::302603_5.0006.272/21","geometry":{"type":"Polygon","coordinates":[[[17.2125761728925,52.0720765471501],[17.2124753287426,52.0718642923403],[17.2123753336749,52.071653571095],[17.2123283589138,52.0715546571678],[17.2121531592623,52.071291122076],[17.2122224899655,52.0712053891074],[17.2124177181923,52.0714994378806],[17.2126829652072,52.0720502062126],[17.2125761728925,52.0720765471501]]]},"properties":{"case_id":"ST-WK-SR/ZGŁOSZENIE/1665/2026","source_type":"zgloszenie","received_date":"2026-05-25","decision_date":null,"status":"Brak sprzeciwu","description":"Budowa sieci gazowej średniego ciśnienia","address":"Kiełczynek","city":"Kiełczynek","office":"Starosta Powiatu Śrem","case_kind":"budowa nowego/nowych obiektów budowlanych","parcel_ids":["302603_5.0006.272/20","302603_5.0006.272/21","302603_5.0006.69"],"location_quality":"dokładny","gunb_url":"https://wyszukiwarka.gunb.gov.pl/","parcel_count":3,"parcel_shard":"x068-y208","parcel_id":"302603_5.0006.272/21","location_source":"powiat śremski (wfs)"}},{"type":"Feature","id":"ST-WK-SR/ZGŁOSZENIE/1665/2026::302603_5.0006.69","geometry":{"type":"Polygon","coordinates":[[[17.2092334672895,52.0745246484911],[17.2089231419097,52.0745668882128],[17.2089963708845,52.0745103198942],[17.2094954381734,52.0740520189573],[17.2099129724837,52.073668581649],[17.2099385753823,52.0736450692676],[17.2099660766708,52.0736206075184],[17.2100956511638,52.0735019003814],[17.2103613135437,52.0731995535172],[17.2104764732906,52.0730663876593],[17.2108238643178,52.0726470799867],[17.2110278845162,52.0724008222847],[17.211323850328,52.0720436365291],[17.2115439590229,52.0717779812811],[17.2117497954947,52.0715368615044],[17.2119502571157,52.071278525206],[17.2123261045455,52.0708354182534],[17.2125015470902,52.0706142912333],[17.2126767769697,52.0703932466545],[17.2128547162688,52.0701850078625],[17.213038438375,52.069974968892],[17.2134159702851,52.06958893114],[17.2138065134896,52.0691853185052],[17.2141199351264,52.0688868248447],[17.2144165266925,52.068638091031],[17.2145163051284,52.0685544864567],[17.2146303887484,52.0684597600085],[17.2149566367951,52.0682275208101],[17.2150879569772,52.0681350527459],[17.2152603507289,52.0680137218301],[17.2156026676837,52.0677910429176],[17.2159055999609,52.0676234521154],[17.2163175472036,52.0673955558755],[17.2165718689384,52.0672539895959],[17.2168015956112,52.0671277800063],[17.217303355157,52.0668518976459],[17.2176928908939,52.0666411856905],[17.2178621667394,52.0665468045713],[17.2185452024618,52.0661842695865],[17.2188955845919,52.0660067242514],[17.2192177985514,52.0658434497993],[17.2194631407851,52.065710431714],[17.2198863149973,52.065487184825],[17.2201507081535,52.0653548886821],[17.2202552221267,52.0653025919156],[17.2204716513817,52.0651943514517],[17.2206506782374,52.0651047111616],[17.2206998275387,52.0650801172904],[17.2208266958457,52.0650203944533],[17.2209529666681,52.0649613019139],[17.2210421308633,52.0649163043349],[17.2212326529042,52.064833009734],[17.2217983246077,52.0645861828373],[17.2222292579049,52.0643983528196],[17.2225472488331,52.0642534446699],[17.2230602536971,52.0640228630544],[17.2232607712519,52.0639308085191],[17.2238020374647,52.0637420745347],[17.2239037756015,52.0638438956313],[17.2232441179417,52.0640993250049],[17.2232208428498,52.0641093733047],[17.2230031282224,52.0642011693662],[17.2224719756831,52.0644314556165],[17.2222439458008,52.064535596718],[17.2220409433155,52.0646222476498],[17.2216331020965,52.0647955429858],[17.2215727188294,52.0648212098409],[17.221322146349,52.064936561323],[17.2210100490624,52.0650802321403],[17.2209404724222,52.0651122610161],[17.2206555218132,52.0652434341038],[17.2196438769378,52.0657620081392],[17.2192434328991,52.0659647784179],[17.2192202487713,52.0659765750625],[17.2189632546311,52.0661092993363],[17.2186316473411,52.0662793112891],[17.2183314014988,52.0664445000955],[17.2180504459447,52.0665989404514],[17.2177966148525,52.0667366624243],[17.2177832179017,52.0667438539232],[17.2166197470401,52.0673672747861],[17.2163297871875,52.0675336689457],[17.2159467593682,52.0677481760694],[17.2156316861166,52.0679241479133],[17.2153708499042,52.068104667047],[17.2149932976029,52.0683652218306],[17.2147136375239,52.0685900920107],[17.2142893705767,52.0689443907604],[17.2141633806606,52.0690496452716],[17.2139031838753,52.0693099277753],[17.2136513485049,52.0695739174254],[17.213502741116,52.0697160928514],[17.2131250911545,52.0701058277436],[17.2127577827493,52.0705273479335],[17.2123954438507,52.0709914584708],[17.2122224899655,52.0712053891074],[17.2121531592623,52.071291122076],[17.2119910896316,52.0714914631228],[17.2118916454082,52.0716141156707],[17.2118220170112,52.0717001160971],[17.2116444300234,52.0719238988136],[17.2114904701909,52.0721068994482],[17.211340900494,52.0722845431751],[17.2112972983998,52.0723365060042],[17.2111977971009,52.0724687502587],[17.2111169974108,52.0725620219499],[17.2105733851272,52.0731895325954],[17.2102416902197,52.0735941736148],[17.2094113268411,52.0743778608748],[17.2092334672895,52.0745246484911]]]},"properties":{"case_id":"ST-WK-SR/ZGŁOSZENIE/1665/2026","source_type":"zgloszenie","received_date":"2026-05-25","decision_date":null,"status":"Brak sprzeciwu","description":"Budowa sieci gazowej średniego ciśnienia","address":"Kiełczynek","city":"Kiełczynek","office":"Starosta Powiatu Śrem","case_kind":"budowa nowego/nowych obiektów budowlanych","parcel_ids":["302603_5.0006.272/20","302603_5.0006.272/21","302603_5.0006.69"],"location_quality":"dokładny","gunb_url":"https://wyszukiwarka.gunb.gov.pl/","parcel_count":3,"parcel_shard":"x068-y208","parcel_id":"302603_5.0006.69","location_source":"powiat śremski (wfs)"}},{"type":"Feature","id":"ST-WK-SR/WNIOSEK/25608/2025::302603_5.0006.68/6","geometry":{"type":"Polygon","coordinates":[[[17.2110278845162,52.0724008222847],[17.2107512939299,52.0719815607886],[17.2110474017971,52.0716245564261],[17.211323850328,52.0720436365291],[17.2110278845162,52.0724008222847]]]},"properties":{"case_id":"ST-WK-SR/WNIOSEK/25608/2025","source_type":"wniosek_decyzja","received_date":"2025-12-17","decision_date":"2026-04-14","status":"decyzja wydana","description":"Budowa budynku mieszkalnego jednorodzinnego z wewnętrzną instalacją gazu i zbiornikiem bezodpływowym","address":"Kiełczynek","city":"Kiełczynek","office":"Starosta Powiatu Śrem","case_kind":"Budynek mieszkalny jednorodzinny","parcel_ids":["302603_5.0006.68/6"],"location_quality":"dokładny","gunb_url":"https://wyszukiwarka.gunb.gov.pl/","parcel_count":1,"parcel_shard":"x068-y208","parcel_id":"302603_5.0006.68/6","location_source":"powiat śremski (wfs)"}},{"type":"Feature","id":"ST-WK-SR/WNIOSEK/8030/2026::302603_5.0009.134","geometry":{"type":"Polygon","coordinates":[[[17.199079733977,52.0687886108421],[17.198930406287,52.0686965391921],[17.1989366633076,52.0664085613403],[17.1992928171546,52.0666625275006],[17.1993932082167,52.0667378594324],[17.1994884385513,52.0668063389607],[17.2006083042354,52.06594024503],[17.2007084114905,52.0659964161207],[17.1995889566516,52.0668634637577],[17.1997979047545,52.0669973692634],[17.2000579081506,52.0671471174438],[17.2012073655702,52.0671302074633],[17.2015228055169,52.0671638855541],[17.201416074514,52.0687779488821],[17.199079733977,52.0687886108421]]]},"properties":{"case_id":"ST-WK-SR/WNIOSEK/8030/2026","source_type":"wniosek_decyzja","received_date":"2026-04-28","decision_date":"2026-07-22","status":"decyzja wydana","description":"Budowa budynku mieszkalnego jednorodzinnego wraz z zbiornikiem bezodpływowym o poj. 10m3","address":"Konarzyce","city":"Konarzyce","office":"Starosta Powiatu Śrem","case_kind":"Budynek mieszkalny jednorodzinny","parcel_ids":["302603_5.0009.134"],"location_quality":"dokładny","gunb_url":"https://wyszukiwarka.gunb.gov.pl/","parcel_count":1,"parcel_shard":"x068-y208","parcel_id":"302603_5.0009.134","location_source":"powiat śremski (wfs)"}},{"type":"Feature","id":"ST-WK-SR/WNIOSEK/19027/2025::302603_5.0010.59/8","geometry":{"type":"Polygon","coordinates":[[[17.1355311921736,52.0785387656315],[17.1354447975529,52.0784320260226],[17.1348183844951,52.0776557043014],[17.1345654280946,52.0773846511649],[17.1331538668153,52.0777806345657],[17.1315598935158,52.0755929509326],[17.1330691222912,52.0751145642738],[17.1331450015069,52.0750904947121],[17.1334328948045,52.0755068186485],[17.1338152086145,52.0759508508789],[17.1344583116276,52.0769429702169],[17.1347285239565,52.0773389302126],[17.1349227272156,52.0776235734139],[17.1355492811722,52.0783999854656],[17.1356383237204,52.0785102942878],[17.1355311921736,52.0785387656315]]]},"properties":{"case_id":"ST-WK-SR/WNIOSEK/19027/2025","source_type":"wniosek_decyzja","received_date":"2025-09-17","decision_date":"2025-10-27","status":"decyzja wydana","description":"Budowa instalacji fotowoltaicznej o mocy do 200kW","address":"Łężek","city":"Łężek","office":"Starosta Powiatu Śrem","case_kind":"Obiekt budowlany inny niż budynek mieszkalny jednorodzinny","parcel_ids":["302603_5.0010.59/8","302603_5.0010.59/9"],"location_quality":"dokładny","gunb_url":"https://wyszukiwarka.gunb.gov.pl/","parcel_count":2,"parcel_shard":"x068-y208","parcel_id":"302603_5.0010.59/8","location_source":"powiat śremski (wfs)"}},{"type":"Feature","id":"ST-WK-SR/WNIOSEK/19027/2025::302603_5.0010.59/9","geometry":{"type":"Polygon","coordinates":[[[17.1332468318567,52.0791114796318],[17.129564405573,52.0736436130234],[17.1300313092168,52.0735322448849],[17.1310915044341,52.0730590381053],[17.1315250848973,52.0726598687545],[17.1320606503386,52.0733858213051],[17.1325532459908,52.0741060351531],[17.1327110084831,52.0744629504685],[17.1331450015069,52.0750904947121],[17.1330691222912,52.0751145642738],[17.1315598935158,52.0755929509326],[17.1331538668153,52.0777806345657],[17.1345654280946,52.0773846511649],[17.1348183844951,52.0776557043014],[17.1354447975529,52.0784320260226],[17.1355311921736,52.0785387656315],[17.1332468318567,52.0791114796318]]]},"properties":{"case_id":"ST-WK-SR/WNIOSEK/19027/2025","source_type":"wniosek_decyzja","received_date":"2025-09-17","decision_date":"2025-10-27","status":"decyzja wydana","description":"Budowa instalacji fotowoltaicznej o mocy do 200kW","address":"Łężek","city":"Łężek","office":"Starosta Powiatu Śrem","case_kind":"Obiekt budowlany inny niż budynek mieszkalny jednorodzinny","parcel_ids":["302603_5.0010.59/8","302603_5.0010.59/9"],"location_quality":"dokładny","gunb_url":"https://wyszukiwarka.gunb.gov.pl/","parcel_count":2,"parcel_shard":"x068-y208","parcel_id":"302603_5.0010.59/9","location_source":"powiat śremski (wfs)"}},{"type":"Feature","id":"ST-WK-SR/WNIOSEK/20927/2025::302603_5.0011.218/2","geometry":{"type":"Polygon","coordinates":[[[17.2342293071243,52.0196323634858],[17.2338679780911,52.0186969868536],[17.2354479436885,52.0183503144448],[17.2356676492392,52.018535774514],[17.2360057196015,52.0188211900374],[17.2363837484243,52.0191402847173],[17.236422476085,52.0191729097145],[17.2342293071243,52.0196323634858]]]},"properties":{"case_id":"ST-WK-SR/WNIOSEK/20927/2025","source_type":"wniosek_decyzja","received_date":"2025-10-13","decision_date":"2026-03-30","status":"decyzja wydana","description":"Budowa pięciostanowiskowej bieżni lekkoatletycznej oraz skoczni do skoku w dal w ramach zadania \"Budowa kompleksu sportowego w Mchach","address":"Mchy","city":"Mchy","office":"Starosta Powiatu Śrem","case_kind":"Obiekt budowlany inny niż budynek mieszkalny jednorodzinny","parcel_ids":["302603_5.0011.218/2","302603_5.0011.224/3"],"location_quality":"dokładny","gunb_url":"https://wyszukiwarka.gunb.gov.pl/","parcel_count":2,"parcel_shard":"x068-y208","parcel_id":"302603_5.0011.218/2","location_source":"powiat śremski (wfs)"}},{"type":"Feature","id":"ST-WK-SR/WNIOSEK/20927/2025::302603_5.0011.224/3","geometry":{"type":"Polygon","coordinates":[[[17.2338679780911,52.0186969868536],[17.2336497585612,52.0181274875359],[17.234700362888,52.017719145456],[17.2353224909912,52.0182443778224],[17.2354479436885,52.0183503144448],[17.2338679780911,52.0186969868536]]]},"properties":{"case_id":"ST-WK-SR/WNIOSEK/20927/2025","source_type":"wniosek_decyzja","received_date":"2025-10-13","decision_date":"2026-03-30","status":"decyzja wydana","description":"Budowa pięciostanowiskowej bieżni lekkoatletycznej oraz skoczni do skoku w dal w ramach zadania \"Budowa kompleksu sportowego w Mchach","address":"Mchy","city":"Mchy","office":"Starosta Powiatu Śrem","case_kind":"Obiekt budowlany inny niż budynek mieszkalny jednorodzinny","parcel_ids":["302603_5.0011.218/2","302603_5.0011.224/3"],"location_quality":"dokładny","gunb_url":"https://wyszukiwarka.gunb.gov.pl/","parcel_count":2,"parcel_shard":"x068-y208","parcel_id":"302603_5.0011.224/3","location_source":"powiat śremski (wfs)"}},{"type":"Feature","id":"ST-WK-SR/WNIOSEK/5045/2026::302603_5.0011.22/6","geometry":{"type":"Polygon","coordinates":[[[17.235094810797,52.028204814854],[17.2352532252407,52.0285535968134],[17.2348181494447,52.0286288795484],[17.2346597396776,52.0282800071401],[17.235094810797,52.028204814854]]]},"properties":{"case_id":"ST-WK-SR/WNIOSEK/5045/2026","source_type":"wniosek_decyzja","received_date":"2026-03-17","decision_date":"2026-05-19","status":"decyzja wydana","description":"Budowa budynku mieszkalnego jednorodzinnego wraz z niezbedną infrastrukturą","address":"Mchy","city":"Mchy","office":"Starosta Powiatu Śrem","case_kind":"Budynek mieszkalny jednorodzinny","parcel_ids":["302603_5.0011.22/6"],"location_quality":"dokładny","gunb_url":"https://wyszukiwarka.gunb.gov.pl/","parcel_count":1,"parcel_shard":"x068-y208","parcel_id":"302603_5.0011.22/6","location_source":"powiat śremski (wfs)"}},{"type":"Feature","id":"ST-WK-SR/ZGŁOSZENIE/1854/2026::302603_5.0011.275/4","geometry":{"type":"Polygon","coordinates":[[[17.2368394523387,52.0179944381409],[17.2354116457227,52.0167647094465],[17.2362472051218,52.0164175186063],[17.2377502549645,52.0178565387882],[17.2375366373011,52.0179314081102],[17.2373500007542,52.0177697064883],[17.2368394523387,52.0179944381409]]]},"properties":{"case_id":"ST-WK-SR/ZGŁOSZENIE/1854/2026","source_type":"zgloszenie","received_date":"2026-06-10","decision_date":null,"status":"Brak sprzeciwu","description":"Przebudowa pomieszczeń poddasza w budynku mieszkalnym jednorodzinnym.","address":"Mchy","city":"Mchy","office":"Starosta Powiatu Śrem","case_kind":"odbudowa istniejącego/istniejących obiektów budowlanych","parcel_ids":["302603_5.0011.275/4"],"location_quality":"dokładny","gunb_url":"https://wyszukiwarka.gunb.gov.pl/","parcel_count":1,"parcel_shard":"x068-y208","parcel_id":"302603_5.0011.275/4","location_source":"powiat śremski (wfs)"}},{"type":"Feature","id":"ST-WK-SR/WNIOSEK/20119/2025::302603_5.0016.125/9","geometry":{"type":"Polygon","coordinates":[[[17.2100694606839,52.0291048235199],[17.2110358060742,52.0292259306998],[17.2100141004584,52.030891605771],[17.2091260714543,52.0306924012719],[17.2085234236769,52.0305560775478],[17.208792585337,52.0303232061191],[17.2093275057202,52.0298783320356],[17.2100166410882,52.0291814188325],[17.2100694606839,52.0291048235199]]]},"properties":{"case_id":"ST-WK-SR/WNIOSEK/20119/2025","source_type":"wniosek_decyzja","received_date":"2025-10-03","decision_date":"2026-03-09","status":"decyzja wydana","description":"Budowa zbiornika przeciwpożarowego o pojemności 200 m3","address":"Włościejewki","city":"Włościejewki","office":"Starosta Powiatu Śrem","case_kind":"Obiekt budowlany inny niż budynek mieszkalny jednorodzinny","parcel_ids":["302603_5.0016.125/9"],"location_quality":"dokładny","gunb_url":"https://wyszukiwarka.gunb.gov.pl/","parcel_count":1,"parcel_shard":"x068-y208","parcel_id":"302603_5.0016.125/9","location_source":"powiat śremski (wfs)"}},{"type":"Feature","id":"ST-WK-SR/WNIOSEK/25485/2025::302603_5.0017.407/1","geometry":{"type":"Polygon","coordinates":[[[17.2023655038172,52.0922115467837],[17.2025772785879,52.0918959448107],[17.2033188401644,52.0920847657744],[17.2031683405327,52.0923089910183],[17.2023655038172,52.0922115467837]]]},"properties":{"case_id":"ST-WK-SR/WNIOSEK/25485/2025","source_type":"wniosek_decyzja","received_date":"2025-12-16","decision_date":"2026-02-03","status":"decyzja wydana","description":"Budowa budynku mieszkalnego jednorodzinnego","address":"Zaborowo","city":"Zaborowo","office":"Starosta Powiatu Śrem","case_kind":"Budynek mieszkalny jednorodzinny","parcel_ids":["302603_5.0017.407/1"],"location_quality":"dokładny","gunb_url":"https://wyszukiwarka.gunb.gov.pl/","parcel_count":1,"parcel_shard":"x068-y208","parcel_id":"302603_5.0017.407/1","location_source":"powiat śremski (wfs)"}},{"type":"Feature","id":"ST-WK-SR/WNIOSEK/25712/2025::302604_4.0007.1076/3","geometry":{"type":"Polygon","coordinates":[[[17.0196503787591,52.0921452275778],[17.0193273644675,52.0919853627345],[17.0194721582572,52.0918719106076],[17.019809822765,52.0920716509596],[17.0196503787591,52.0921452275778]]]},"properties":{"case_id":"ST-WK-SR/WNIOSEK/25712/2025","source_type":"wniosek_decyzja","received_date":"2025-12-17","decision_date":"2026-06-09","status":"decyzja wydana","description":"Budowa tarasu widokowego wraz ze schodami zewnętrznymi nad istniejącym budynkiem przedszkola.","address":"Śrem","city":"Śrem","office":"Starosta Powiatu Śrem","case_kind":"Obiekt budowlany inny niż budynek mieszkalny jednorodzinny","parcel_ids":["302604_4.0007.1076/3"],"location_quality":"dokładny","gunb_url":"https://wyszukiwarka.gunb.gov.pl/","parcel_count":1,"parcel_shard":"x068-y208","parcel_id":"302604_4.0007.1076/3","location_source":"powiat śremski (wfs)"}},{"type":"Feature","id":"ST-WK-SR/ZGŁOSZENIE/1827/2026::302604_4.0007.1199","geometry":{"type":"Polygon","coordinates":[[[17.0006534352744,52.0808782320313],[17.0013580016264,52.0800707272223],[17.001631280206,52.0797560090623],[17.0019162117877,52.0794280135075],[17.0020100897323,52.0793199605084],[17.0021839622915,52.079119753102],[17.0025379485342,52.0786736501029],[17.0028380994313,52.0782955110262],[17.0030306382306,52.0783394371926],[17.0028881397635,52.07850269253],[17.0025257398908,52.0789178242527],[17.0024325706901,52.0790245131405],[17.0022782133643,52.0792012808333],[17.0017321803473,52.079830206926],[17.0014526249265,52.0801521942355],[17.0013440637504,52.0802767377315],[17.0012407628852,52.0803952296311],[17.0008750112717,52.0808149513746],[17.0007371436694,52.0809728705679],[17.0006940577757,52.080994965074],[17.0006095430576,52.0809120435389],[17.0006368780758,52.0808860597585],[17.0006534352744,52.0808782320313]]]},"properties":{"case_id":"ST-WK-SR/ZGŁOSZENIE/1827/2026","source_type":"zgloszenie","received_date":"2026-06-08","decision_date":null,"status":"Brak sprzeciwu","description":"Budowa sieci wodociągowej","address":"Śrem","city":"Śrem","office":"Starosta Powiatu Śrem","case_kind":"budowa nowego/nowych obiektów budowlanych","parcel_ids":["302604_4.0007.1187/5","302604_4.0007.1199","302604_4.0007.1200","302604_4.0007.1203/1"],"location_quality":"dokładny","gunb_url":"https://wyszukiwarka.gunb.gov.pl/","parcel_count":3,"parcel_shard":"x068-y208","parcel_id":"302604_4.0007.1199","location_source":"powiat śremski (wfs)"}},{"type":"Feature","id":"ST-WK-SR/ZGŁOSZENIE/1827/2026::302604_4.0007.1200","geometry":{"type":"Polygon","coordinates":[[[17.0006095430576,52.0809120435389],[17.0006940577757,52.080994965074],[17.0006340192816,52.0810185009262],[16.9997947495089,52.0813895521674],[16.9997236928293,52.0814210012043],[16.9995382092545,52.0815029843782],[16.9994925183936,52.0813922819346],[17.000114157281,52.081125025387],[17.0004718499717,52.0809712425174],[17.0006095430576,52.0809120435389]]]},"properties":{"case_id":"ST-WK-SR/ZGŁOSZENIE/1827/2026","source_type":"zgloszenie","received_date":"2026-06-08","decision_date":null,"status":"Brak sprzeciwu","description":"Budowa sieci wodociągowej","address":"Śrem","city":"Śrem","office":"Starosta Powiatu Śrem","case_kind":"budowa nowego/nowych obiektów budowlanych","parcel_ids":["302604_4.0007.1187/5","302604_4.0007.1199","302604_4.0007.1200","302604_4.0007.1203/1"],"location_quality":"dokładny","gunb_url":"https://wyszukiwarka.gunb.gov.pl/","parcel_count":3,"parcel_shard":"x068-y208","parcel_id":"302604_4.0007.1200","location_source":"powiat śremski (wfs)"}},{"type":"Feature","id":"ST-WK-SR/ZGŁOSZENIE/1827/2026::302604_4.0007.1203/1","geometry":{"type":"Polygon","coordinates":[[[17.0008750112717,52.0808149513746],[17.0008871520246,52.0808590536692],[17.0009385378537,52.0809029572507],[17.0010951579726,52.0809724571571],[17.0011610262555,52.0810016683794],[17.0012739717676,52.0810442323444],[17.0013646411682,52.0810731947899],[17.0015186774729,52.0811085430524],[17.0016551207433,52.0811322543119],[17.0016843322107,52.0811365777076],[17.0018848628035,52.0811654139783],[17.0018701927933,52.0812140852039],[17.0018582293944,52.0812538498037],[17.0018518223193,52.0812746938216],[17.0017196259732,52.0812551859233],[17.0015596966107,52.0816862942821],[17.0009513652245,52.0811587091172],[17.0007371436694,52.0809728705679],[17.0008750112717,52.0808149513746]]]},"properties":{"case_id":"ST-WK-SR/ZGŁOSZENIE/1827/2026","source_type":"zgloszenie","received_date":"2026-06-08","decision_date":null,"status":"Brak sprzeciwu","description":"Budowa sieci wodociągowej","address":"Śrem","city":"Śrem","office":"Starosta Powiatu Śrem","case_kind":"budowa nowego/nowych obiektów budowlanych","parcel_ids":["302604_4.0007.1187/5","302604_4.0007.1199","302604_4.0007.1200","302604_4.0007.1203/1"],"location_quality":"dokładny","gunb_url":"https://wyszukiwarka.gunb.gov.pl/","parcel_count":3,"parcel_shard":"x068-y208","parcel_id":"302604_4.0007.1203/1","location_source":"powiat śremski (wfs)"}},{"type":"Feature","id":"ST-WK-SR/WNIOSEK/12213/2026::302604_4.0007.1262/22","geometry":{"type":"Polygon","coordinates":[[[17.0165159345924,52.0837817975052],[17.0164148456391,52.0836326952961],[17.0173843488783,52.0833418649541],[17.0176165324363,52.083272152236],[17.0176509295786,52.0833196256167],[17.0175268128743,52.08335769006],[17.0165521561541,52.0837131370047],[17.0165260799778,52.0837777247215],[17.0165159345924,52.0837817975052]]]},"properties":{"case_id":"ST-WK-SR/WNIOSEK/12213/2026","source_type":"wniosek_decyzja","received_date":"2026-06-26","decision_date":"2026-07-29","status":"decyzja wydana","description":"Przebudowa pomieszczeń na kondygnacjach podziemnych, przebudowa instalacji gazowej, modernizacja systemu ogrzeawania, montaż urządzeń grzewczych, montaż instalacji PV","address":"Śrem","city":"Śrem","office":"Starosta Powiatu Śrem","case_kind":"Obiekt budowlany inny niż budynek mieszkalny jednorodzinny","parcel_ids":["302604_4.0007.1262/22","302604_4.0007.1890/2","302604_4.0007.1890/3","302604_4.0007.1890/4"],"location_quality":"dokładny","gunb_url":"https://wyszukiwarka.gunb.gov.pl/","parcel_count":4,"parcel_shard":"x068-y208","parcel_id":"302604_4.0007.1262/22","location_source":"powiat śremski (wfs)"}},{"type":"Feature","id":"ST-WK-SR/WNIOSEK/12213/2026::302604_4.0007.1890/2","geometry":{"type":"Polygon","coordinates":[[[17.0164148456391,52.0836326952961],[17.0163035660656,52.0834674425507],[17.0172794914297,52.0831962802224],[17.0173843488783,52.0833418649541],[17.0164148456391,52.0836326952961]]]},"properties":{"case_id":"ST-WK-SR/WNIOSEK/12213/2026","source_type":"wniosek_decyzja","received_date":"2026-06-26","decision_date":"2026-07-29","status":"decyzja wydana","description":"Przebudowa pomieszczeń na kondygnacjach podziemnych, przebudowa instalacji gazowej, modernizacja systemu ogrzeawania, montaż urządzeń grzewczych, montaż instalacji PV","address":"Śrem","city":"Śrem","office":"Starosta Powiatu Śrem","case_kind":"Obiekt budowlany inny niż budynek mieszkalny jednorodzinny","parcel_ids":["302604_4.0007.1262/22","302604_4.0007.1890/2","302604_4.0007.1890/3","302604_4.0007.1890/4"],"location_quality":"dokładny","gunb_url":"https://wyszukiwarka.gunb.gov.pl/","parcel_count":4,"parcel_shard":"x068-y208","parcel_id":"302604_4.0007.1890/2","location_source":"powiat śremski (wfs)"}},{"type":"Feature","id":"ST-WK-SR/WNIOSEK/12213/2026::302604_4.0007.1890/3","geometry":{"type":"Polygon","coordinates":[[[17.0163035660656,52.0834674425507],[17.016211474196,52.0833308086546],[17.0161090657937,52.0831806313699],[17.0161046687365,52.0831018110794],[17.0161036102469,52.0830779035589],[17.017013441197,52.0828267112957],[17.0170175698807,52.0828323622999],[17.0170354150469,52.0828572096655],[17.017100894257,52.0829480768313],[17.0172794914297,52.0831962802224],[17.0163035660656,52.0834674425507]]]},"properties":{"case_id":"ST-WK-SR/WNIOSEK/12213/2026","source_type":"wniosek_decyzja","received_date":"2026-06-26","decision_date":"2026-07-29","status":"decyzja wydana","description":"Przebudowa pomieszczeń na kondygnacjach podziemnych, przebudowa instalacji gazowej, modernizacja systemu ogrzeawania, montaż urządzeń grzewczych, montaż instalacji PV","address":"Śrem","city":"Śrem","office":"Starosta Powiatu Śrem","case_kind":"Obiekt budowlany inny niż budynek mieszkalny jednorodzinny","parcel_ids":["302604_4.0007.1262/22","302604_4.0007.1890/2","302604_4.0007.1890/3","302604_4.0007.1890/4"],"location_quality":"dokładny","gunb_url":"https://wyszukiwarka.gunb.gov.pl/","parcel_count":4,"parcel_shard":"x068-y208","parcel_id":"302604_4.0007.1890/3","location_source":"powiat śremski (wfs)"}},{"type":"Feature","id":"ST-WK-SR/WNIOSEK/12213/2026::302604_4.0007.1890/4","geometry":{"type":"Polygon","coordinates":[[[17.017013441197,52.0828267112957],[17.0161036102469,52.0830779035589],[17.0160908623241,52.0827849908383],[17.0160905010061,52.0827759130565],[17.0161848264043,52.0827662004869],[17.0163062686141,52.0827537123035],[17.0164837851344,52.0827093298676],[17.0166857663521,52.0826588533545],[17.0168610977897,52.0826150160566],[17.0169255446621,52.0827045379822],[17.017013441197,52.0828267112957]]]},"properties":{"case_id":"ST-WK-SR/WNIOSEK/12213/2026","source_type":"wniosek_decyzja","received_date":"2026-06-26","decision_date":"2026-07-29","status":"decyzja wydana","description":"Przebudowa pomieszczeń na kondygnacjach podziemnych, przebudowa instalacji gazowej, modernizacja systemu ogrzeawania, montaż urządzeń grzewczych, montaż instalacji PV","address":"Śrem","city":"Śrem","office":"Starosta Powiatu Śrem","case_kind":"Obiekt budowlany inny niż budynek mieszkalny jednorodzinny","parcel_ids":["302604_4.0007.1262/22","302604_4.0007.1890/2","302604_4.0007.1890/3","302604_4.0007.1890/4"],"location_quality":"dokładny","gunb_url":"https://wyszukiwarka.gunb.gov.pl/","parcel_count":4,"parcel_shard":"x068-y208","parcel_id":"302604_4.0007.1890/4","location_source":"powiat śremski (wfs)"}},{"type":"Feature","id":"ST-WK-SR/WNIOSEK/9968/2026::302604_4.0007.1457","geometry":{"type":"Polygon","coordinates":[[[17.0252978880998,52.0937919936492],[17.0254468283244,52.0936903325969],[17.0259105781095,52.0938502069803],[17.025833286977,52.0939505754284],[17.0257923330822,52.0940320481374],[17.0256009422314,52.0939131575614],[17.0255146270122,52.0938680214816],[17.0252978880998,52.0937919936492]]]},"properties":{"case_id":"ST-WK-SR/WNIOSEK/9968/2026","source_type":"wniosek_decyzja","received_date":"2026-05-22","decision_date":"2026-06-08","status":"decyzja wydana","description":"Rozbiórka budynku garażowego w granicy działki","address":"Józefa Bema, Śrem","city":"Śrem","office":"Starosta Powiatu Śrem","case_kind":"Obiekt budowlany inny niż budynek mieszkalny jednorodzinny","parcel_ids":["302604_4.0007.1457"],"location_quality":"dokładny","gunb_url":"https://wyszukiwarka.gunb.gov.pl/","parcel_count":1,"parcel_shard":"x068-y208","parcel_id":"302604_4.0007.1457","location_source":"powiat śremski (wfs)"}},{"type":"Feature","id":"ST-WK-SR/WNIOSEK/21103/2025::302604_4.0007.15/1","geometry":{"type":"Polygon","coordinates":[[[17.0145167992913,52.1008849290962],[17.0144651206327,52.1008647636619],[17.0145215019704,52.1008096015049],[17.0146531583396,52.1006805972182],[17.0148925400717,52.1004570605234],[17.0149480752942,52.1004683289969],[17.0149120961212,52.1005026089906],[17.0147037980212,52.1007010683619],[17.0145167992913,52.1008849290962]]]},"properties":{"case_id":"ST-WK-SR/WNIOSEK/21103/2025","source_type":"wniosek_decyzja","received_date":"2025-10-15","decision_date":"2026-03-04","status":"decyzja wydana","description":"Budowa i rozbudowa sieci wodociągowej  oraz sieci kanalizacji wraz z budową tłoczni ścieków","address":"Śrem","city":"Śrem","office":"Starosta Powiatu Śrem","case_kind":"Obiekt budowlany inny niż budynek mieszkalny jednorodzinny","parcel_ids":["302604_4.0007.15/1","302604_4.0007.16/9","302604_4.0007.48/2"],"location_quality":"dokładny","gunb_url":"https://wyszukiwarka.gunb.gov.pl/","parcel_count":3,"parcel_shard":"x068-y208","parcel_id":"302604_4.0007.15/1","location_source":"powiat śremski (wfs)"}},{"type":"Feature","id":"ST-WK-SR/WNIOSEK/21103/2025::302604_4.0007.16/9","geometry":{"type":"Polygon","coordinates":[[[17.0127450595397,52.0997973664989],[17.0127871546606,52.0998047433637],[17.0130848205547,52.0998569586223],[17.0140103076689,52.1000190834918],[17.014730766232,52.1000952649924],[17.0144358442556,52.1003643923947],[17.0141180571281,52.1006456986767],[17.0145215019704,52.1008096015049],[17.0144651206327,52.1008647636619],[17.0144262963302,52.1009028985132],[17.0141940643496,52.1011304400505],[17.0137882783243,52.1009733475733],[17.0123988894614,52.1009501218725],[17.0123877862392,52.1012016991801],[17.0122011808308,52.1011986077963],[17.0117416432452,52.1011295020215],[17.011934942474,52.1008260630571],[17.0125749034322,52.0997675464002],[17.0127450595397,52.0997973664989]]]},"properties":{"case_id":"ST-WK-SR/WNIOSEK/21103/2025","source_type":"wniosek_decyzja","received_date":"2025-10-15","decision_date":"2026-03-04","status":"decyzja wydana","description":"Budowa i rozbudowa sieci wodociągowej  oraz sieci kanalizacji wraz z budową tłoczni ścieków","address":"Śrem","city":"Śrem","office":"Starosta Powiatu Śrem","case_kind":"Obiekt budowlany inny niż budynek mieszkalny jednorodzinny","parcel_ids":["302604_4.0007.15/1","302604_4.0007.16/9","302604_4.0007.48/2"],"location_quality":"dokładny","gunb_url":"https://wyszukiwarka.gunb.gov.pl/","parcel_count":3,"parcel_shard":"x068-y208","parcel_id":"302604_4.0007.16/9","location_source":"powiat śremski (wfs)"}},{"type":"Feature","id":"ST-WK-SR/WNIOSEK/21103/2025::302604_4.0007.48/2","geometry":{"type":"Polygon","coordinates":[[[17.0138148938195,52.1015763717033],[17.0138670612806,52.1015235908112],[17.0144779743189,52.1009229740767],[17.0145167992913,52.1008849290962],[17.0147037980212,52.1007010683619],[17.0149120961212,52.1005026089906],[17.0150378615488,52.1005517958774],[17.0148256949565,52.1007503514311],[17.0140169403478,52.1015169087146],[17.0139794862969,52.1015605897916],[17.0138148938195,52.1015763717033]]]},"properties":{"case_id":"ST-WK-SR/WNIOSEK/21103/2025","source_type":"wniosek_decyzja","received_date":"2025-10-15","decision_date":"2026-03-04","status":"decyzja wydana","description":"Budowa i rozbudowa sieci wodociągowej  oraz sieci kanalizacji wraz z budową tłoczni ścieków","address":"Śrem","city":"Śrem","office":"Starosta Powiatu Śrem","case_kind":"Obiekt budowlany inny niż budynek mieszkalny jednorodzinny","parcel_ids":["302604_4.0007.15/1","302604_4.0007.16/9","302604_4.0007.48/2"],"location_quality":"dokładny","gunb_url":"https://wyszukiwarka.gunb.gov.pl/","parcel_count":3,"parcel_shard":"x068-y208","parcel_id":"302604_4.0007.48/2","location_source":"powiat śremski (wfs)"}},{"type":"Feature","id":"ST-WK-SR/ZGŁOSZENIE/1318/2026::302604_4.0007.15/2","geometry":{"type":"Polygon","coordinates":[[[17.0144779743189,52.1009229740767],[17.0144262963302,52.1009028985132],[17.0144651206327,52.1008647636619],[17.0145167992913,52.1008849290962],[17.0144779743189,52.1009229740767]]]},"properties":{"case_id":"ST-WK-SR/ZGŁOSZENIE/1318/2026","source_type":"zgloszenie","received_date":"2026-04-28","decision_date":null,"status":"Brak sprzeciwu","description":"Budowa sieci energetycznej nn 0,4 kV","address":"Śrem","city":"Śrem","office":"Starosta Powiatu Śrem","case_kind":"budowa nowego/nowych obiektów budowlanych","parcel_ids":["302604_4.0007.15/2","302604_4.0007.16/9"],"location_quality":"dokładny","gunb_url":"https://wyszukiwarka.gunb.gov.pl/","parcel_count":2,"parcel_shard":"x068-y208","parcel_id":"302604_4.0007.15/2","location_source":"powiat śremski (wfs)"}},{"type":"Feature","id":"ST-WK-SR/ZGŁOSZENIE/1318/2026::302604_4.0007.16/9","geometry":{"type":"Polygon","coordinates":[[[17.0127450595397,52.0997973664989],[17.0127871546606,52.0998047433637],[17.0130848205547,52.0998569586223],[17.0140103076689,52.1000190834918],[17.014730766232,52.1000952649924],[17.0144358442556,52.1003643923947],[17.0141180571281,52.1006456986767],[17.0145215019704,52.1008096015049],[17.0144651206327,52.1008647636619],[17.0144262963302,52.1009028985132],[17.0141940643496,52.1011304400505],[17.0137882783243,52.1009733475733],[17.0123988894614,52.1009501218725],[17.0123877862392,52.1012016991801],[17.0122011808308,52.1011986077963],[17.0117416432452,52.1011295020215],[17.011934942474,52.1008260630571],[17.0125749034322,52.0997675464002],[17.0127450595397,52.0997973664989]]]},"properties":{"case_id":"ST-WK-SR/ZGŁOSZENIE/1318/2026","source_type":"zgloszenie","received_date":"2026-04-28","decision_date":null,"status":"Brak sprzeciwu","description":"Budowa sieci energetycznej nn 0,4 kV","address":"Śrem","city":"Śrem","office":"Starosta Powiatu Śrem","case_kind":"budowa nowego/nowych obiektów budowlanych","parcel_ids":["302604_4.0007.15/2","302604_4.0007.16/9"],"location_quality":"dokładny","gunb_url":"https://wyszukiwarka.gunb.gov.pl/","parcel_count":2,"parcel_shard":"x068-y208","parcel_id":"302604_4.0007.16/9","location_source":"powiat śremski (wfs)"}},{"type":"Feature","id":"ST-WK-SR/WNIOSEK/21102/2025::302604_4.0007.15/3","geometry":{"type":"Polygon","coordinates":[[[17.0114520523862,52.1015041293418],[17.0115220368581,52.1014075596893],[17.0119045102255,52.1015018663145],[17.0122318669528,52.1015708899487],[17.0124972749511,52.1016104283703],[17.0127488518712,52.1016281322382],[17.0129493816187,52.101619485481],[17.0132567136107,52.1015651650062],[17.0137892928111,52.1015271827997],[17.0140923256003,52.1012301675088],[17.0141940643496,52.1011304400505],[17.0144262963302,52.1009028985132],[17.0144779743189,52.1009229740767],[17.0138670612806,52.1015235908112],[17.0138148938195,52.1015763717033],[17.0132612554818,52.1016206853381],[17.0129296308819,52.1016812195079],[17.0127302294177,52.1016863385892],[17.0124803450827,52.1016633432103],[17.0121344524817,52.1016197803612],[17.0114520523862,52.1015041293418]]]},"properties":{"case_id":"ST-WK-SR/WNIOSEK/21102/2025","source_type":"wniosek_decyzja","received_date":"2025-10-15","decision_date":"2026-03-04","status":"decyzja wydana","description":"Przebudowa seici kanalizacji deszczowej","address":"Śrem","city":"Śrem","office":"Starosta Powiatu Śrem","case_kind":"Obiekt budowlany inny niż budynek mieszkalny jednorodzinny","parcel_ids":["302604_4.0007.15/3","302604_4.0007.16/6","302604_4.0007.48/2"],"location_quality":"dokładny","gunb_url":"https://wyszukiwarka.gunb.gov.pl/","parcel_count":3,"parcel_shard":"x068-y208","parcel_id":"302604_4.0007.15/3","location_source":"powiat śremski (wfs)"}},{"type":"Feature","id":"ST-WK-SR/WNIOSEK/21102/2025::302604_4.0007.16/6","geometry":{"type":"Polygon","coordinates":[[[17.0117416432452,52.1011295020215],[17.0122011808308,52.1011986077963],[17.0123877862392,52.1012016991801],[17.0140923256003,52.1012301675088],[17.0137892928111,52.1015271827997],[17.0132567136107,52.1015651650062],[17.0129493816187,52.101619485481],[17.0127488518712,52.1016281322382],[17.0124972749511,52.1016104283703],[17.0122318669528,52.1015708899487],[17.0119045102255,52.1015018663145],[17.0115220368581,52.1014075596893],[17.0117103357227,52.1011786925784],[17.0117416432452,52.1011295020215]]]},"properties":{"case_id":"ST-WK-SR/WNIOSEK/21102/2025","source_type":"wniosek_decyzja","received_date":"2025-10-15","decision_date":"2026-03-04","status":"decyzja wydana","description":"Przebudowa seici kanalizacji deszczowej","address":"Śrem","city":"Śrem","office":"Starosta Powiatu Śrem","case_kind":"Obiekt budowlany inny niż budynek mieszkalny jednorodzinny","parcel_ids":["302604_4.0007.15/3","302604_4.0007.16/6","302604_4.0007.48/2"],"location_quality":"dokładny","gunb_url":"https://wyszukiwarka.gunb.gov.pl/","parcel_count":3,"parcel_shard":"x068-y208","parcel_id":"302604_4.0007.16/6","location_source":"powiat śremski (wfs)"}},{"type":"Feature","id":"ST-WK-SR/WNIOSEK/21102/2025::302604_4.0007.48/2","geometry":{"type":"Polygon","coordinates":[[[17.0138148938195,52.1015763717033],[17.0138670612806,52.1015235908112],[17.0144779743189,52.1009229740767],[17.0145167992913,52.1008849290962],[17.0147037980212,52.1007010683619],[17.0149120961212,52.1005026089906],[17.0150378615488,52.1005517958774],[17.0148256949565,52.1007503514311],[17.0140169403478,52.1015169087146],[17.0139794862969,52.1015605897916],[17.0138148938195,52.1015763717033]]]},"properties":{"case_id":"ST-WK-SR/WNIOSEK/21102/2025","source_type":"wniosek_decyzja","received_date":"2025-10-15","decision_date":"2026-03-04","status":"decyzja wydana","description":"Przebudowa seici kanalizacji deszczowej","address":"Śrem","city":"Śrem","office":"Starosta Powiatu Śrem","case_kind":"Obiekt budowlany inny niż budynek mieszkalny jednorodzinny","parcel_ids":["302604_4.0007.15/3","302604_4.0007.16/6","302604_4.0007.48/2"],"location_quality":"dokładny","gunb_url":"https://wyszukiwarka.gunb.gov.pl/","parcel_count":3,"parcel_shard":"x068-y208","parcel_id":"302604_4.0007.48/2","location_source":"powiat śremski (wfs)"}},{"type":"Feature","id":"ST-WK-SR/WNIOSEK/22430/2025::302604_4.0007.1586/1","geometry":{"type":"Polygon","coordinates":[[[17.0241240982423,52.0933290581442],[17.0243311095412,52.0932628218263],[17.0246014078656,52.0931815517683],[17.0245309537164,52.0930080178113],[17.0247394122435,52.0929219108932],[17.0247888716329,52.0929014482444],[17.0249997553111,52.0930505750888],[17.0251533389901,52.093150613114],[17.0244762722056,52.0934805515773],[17.0244041385402,52.0935503413203],[17.0241653539822,52.0933605764651],[17.0241240982423,52.0933290581442]]]},"properties":{"case_id":"ST-WK-SR/WNIOSEK/22430/2025","source_type":"wniosek_decyzja","received_date":"2025-10-31","decision_date":"2026-02-27","status":"decyzja wydana","description":"Rozbudowa budynku szkoły ponadpodstawowej","address":"Józefa Wybickiego 2, Śrem","city":"Śrem","office":"Starosta Powiatu Śrem","case_kind":"Obiekt budowlany inny niż budynek mieszkalny jednorodzinny","parcel_ids":["302604_4.0007.1586/1","302604_4.0007.2548","302604_4.0007.2549"],"location_quality":"dokładny","gunb_url":"https://wyszukiwarka.gunb.gov.pl/","parcel_count":3,"parcel_shard":"x068-y208","parcel_id":"302604_4.0007.1586/1","location_source":"powiat śremski (wfs)"}},{"type":"Feature","id":"ST-WK-SR/WNIOSEK/22430/2025::302604_4.0007.2548","geometry":{"type":"Polygon","coordinates":[[[17.0240256965796,52.0932121348885],[17.0242298188207,52.0931497726273],[17.0243311095412,52.0932628218263],[17.0241240982423,52.0933290581442],[17.0240256965796,52.0932121348885]]]},"properties":{"case_id":"ST-WK-SR/WNIOSEK/22430/2025","source_type":"wniosek_decyzja","received_date":"2025-10-31","decision_date":"2026-02-27","status":"decyzja wydana","description":"Rozbudowa budynku szkoły ponadpodstawowej","address":"Józefa Wybickiego 2, Śrem","city":"Śrem","office":"Starosta Powiatu Śrem","case_kind":"Obiekt budowlany inny niż budynek mieszkalny jednorodzinny","parcel_ids":["302604_4.0007.1586/1","302604_4.0007.2548","302604_4.0007.2549"],"location_quality":"dokładny","gunb_url":"https://wyszukiwarka.gunb.gov.pl/","parcel_count":3,"parcel_shard":"x068-y208","parcel_id":"302604_4.0007.2548","location_source":"powiat śremski (wfs)"}},{"type":"Feature","id":"ST-WK-SR/WNIOSEK/22430/2025::302604_4.0007.2549","geometry":{"type":"Polygon","coordinates":[[[17.0240256965796,52.0932121348885],[17.0242076191016,52.0931386411417],[17.0245309537164,52.0930080178113],[17.0246014078656,52.0931815517683],[17.0243311095412,52.0932628218263],[17.0242298188207,52.0931497726273],[17.0240256965796,52.0932121348885]]]},"properties":{"case_id":"ST-WK-SR/WNIOSEK/22430/2025","source_type":"wniosek_decyzja","received_date":"2025-10-31","decision_date":"2026-02-27","status":"decyzja wydana","description":"Rozbudowa budynku szkoły ponadpodstawowej","address":"Józefa Wybickiego 2, Śrem","city":"Śrem","office":"Starosta Powiatu Śrem","case_kind":"Obiekt budowlany inny niż budynek mieszkalny jednorodzinny","parcel_ids":["302604_4.0007.1586/1","302604_4.0007.2548","302604_4.0007.2549"],"location_quality":"dokładny","gunb_url":"https://wyszukiwarka.gunb.gov.pl/","parcel_count":3,"parcel_shard":"x068-y208","parcel_id":"302604_4.0007.2549","location_source":"powiat śremski (wfs)"}},{"type":"Feature","id":"ST-WK-SR/WNIOSEK/3442/2026::302604_4.0007.1608","geometry":{"type":"Polygon","coordinates":[[[17.0213984994831,52.0915931883056],[17.0212956473576,52.0915316739002],[17.0211974943631,52.0914729696944],[17.0211634439399,52.0914526170453],[17.0224317662872,52.0909239587102],[17.0224454535818,52.0909388398789],[17.0224200476244,52.0910121753121],[17.0224921410618,52.0911252229137],[17.0223243812771,52.0911896314586],[17.0221652049903,52.0912506884348],[17.0220432857757,52.0912986908454],[17.0219113271222,52.0913505880759],[17.0216880424914,52.0914438348053],[17.0213984994831,52.0915931883056]]]},"properties":{"case_id":"ST-WK-SR/WNIOSEK/3442/2026","source_type":"wniosek_decyzja","received_date":"2026-01-29","decision_date":"2026-03-04","status":"decyzja wydana","description":"Rozbudowa wewnętrznej instalacji gazowej","address":"Śrem","city":"Śrem","office":"Starosta Powiatu Śrem","case_kind":"Obiekt budowlany inny niż budynek mieszkalny jednorodzinny","parcel_ids":["302604_4.0007.1608","302604_4.0007.2654/1"],"location_quality":"dokładny","gunb_url":"https://wyszukiwarka.gunb.gov.pl/","parcel_count":2,"parcel_shard":"x068-y208","parcel_id":"302604_4.0007.1608","location_source":"powiat śremski (wfs)"}},{"type":"Feature","id":"ST-WK-SR/WNIOSEK/3442/2026::302604_4.0007.2654/1","geometry":{"type":"Polygon","coordinates":[[[17.0211634439399,52.0914526170453],[17.0210602665776,52.0913909455756],[17.0213298163541,52.0912227751373],[17.0214699914619,52.0913084756901],[17.0218609986867,52.0911459678476],[17.0224317662872,52.0909239587102],[17.0211634439399,52.0914526170453]]]},"properties":{"case_id":"ST-WK-SR/WNIOSEK/3442/2026","source_type":"wniosek_decyzja","received_date":"2026-01-29","decision_date":"2026-03-04","status":"decyzja wydana","description":"Rozbudowa wewnętrznej instalacji gazowej","address":"Śrem","city":"Śrem","office":"Starosta Powiatu Śrem","case_kind":"Obiekt budowlany inny niż budynek mieszkalny jednorodzinny","parcel_ids":["302604_4.0007.1608","302604_4.0007.2654/1"],"location_quality":"dokładny","gunb_url":"https://wyszukiwarka.gunb.gov.pl/","parcel_count":2,"parcel_shard":"x068-y208","parcel_id":"302604_4.0007.2654/1","location_source":"powiat śremski (wfs)"}},{"type":"Feature","id":"ST-WK-SR/WNIOSEK/24846/2025::302604_4.0007.1998/17","geometry":{"type":"Polygon","coordinates":[[[17.0208654297188,52.0842142818646],[17.0209711767088,52.0842847131685],[17.0205273652174,52.0845350146315],[17.0204225014886,52.0844655691035],[17.0208654297188,52.0842142818646]]]},"properties":{"case_id":"ST-WK-SR/WNIOSEK/24846/2025","source_type":"wniosek_decyzja","received_date":"2025-12-08","decision_date":"2026-01-08","status":"decyzja wydana","description":"Rozbudowa wewnętrznej instalacji gazowej w lokalu mieszkalnym nr 5 w budynku mieszkalnym wielorodzinnym","address":"Jana Kochanowskiego 1, Śrem","city":"Śrem","office":"Starosta Powiatu Śrem","case_kind":"Obiekt budowlany inny niż budynek mieszkalny jednorodzinny","parcel_ids":["302604_4.0007.1998/17"],"location_quality":"dokładny","gunb_url":"https://wyszukiwarka.gunb.gov.pl/","parcel_count":1,"parcel_shard":"x068-y208","parcel_id":"302604_4.0007.1998/17","location_source":"powiat śremski (wfs)"}},{"type":"Feature","id":"ST-WK-SR/WNIOSEK/10169/2026::302604_4.0007.2003/4","geometry":{"type":"Polygon","coordinates":[[[17.0217902198612,52.0852828146017],[17.0216638428674,52.0852080333357],[17.0220206762368,52.084978630678],[17.0221464260913,52.0850541001077],[17.0217902198612,52.0852828146017]]]},"properties":{"case_id":"ST-WK-SR/WNIOSEK/10169/2026","source_type":"wniosek_decyzja","received_date":"2026-05-28","decision_date":"2026-06-16","status":"decyzja wydana","description":"Przebudowa wewnętrznej instalacji gazowej w lokalu mieszkalnym w budynku mieszkalnym wielorodzinnym","address":"Śrem","city":"Śrem","office":"Starosta Powiatu Śrem","case_kind":"Obiekt budowlany inny niż budynek mieszkalny jednorodzinny","parcel_ids":["302604_4.0007.2003/4"],"location_quality":"dokładny","gunb_url":"https://wyszukiwarka.gunb.gov.pl/","parcel_count":1,"parcel_shard":"x068-y208","parcel_id":"302604_4.0007.2003/4","location_source":"powiat śremski (wfs)"}},{"type":"Feature","id":"ST-WK-SR/WNIOSEK/21073/2025::302604_4.0007.2023/2","geometry":{"type":"Polygon","coordinates":[[[17.0268396308304,52.0842089274114],[17.0270690278131,52.0843786697871],[17.0281207825634,52.0851568285511],[17.0276062686037,52.0855038205516],[17.0274072799702,52.0856377242848],[17.0270619540609,52.0855704448344],[17.0269568611936,52.085658402273],[17.0268613348424,52.0857383307747],[17.0266742182175,52.0856389346286],[17.0266411027769,52.0856213256478],[17.0264608148978,52.0857586774845],[17.0263460044529,52.0858172696507],[17.0261569560667,52.0858800390267],[17.0260307887851,52.0859047765602],[17.025730824484,52.0856497582077],[17.0256585677523,52.0855903774371],[17.0256408629798,52.0854913721585],[17.0255103595604,52.0853913555178],[17.0253599423851,52.0853566579226],[17.0251814098396,52.0852190905246],[17.0255003805068,52.0849016676142],[17.0260424881192,52.0846482669438],[17.0260603164014,52.0846517193086],[17.0261414571022,52.0845979923483],[17.0261054019486,52.0845034466632],[17.026050584447,52.0844350250225],[17.0260481635656,52.0844240657523],[17.0261303917704,52.0843602679378],[17.0262789736896,52.0843105639007],[17.0262759301195,52.0842761453645],[17.0262747457004,52.0842112670993],[17.0268396308304,52.0842089274114]]]},"properties":{"case_id":"ST-WK-SR/WNIOSEK/21073/2025","source_type":"wniosek_decyzja","received_date":"2025-10-14","decision_date":"2025-10-29","status":"decyzja wydana","description":"Projekt zamienny - remont cokołu elewacji budynku głównego \"A\" Zakładu Opiekuńczo-Leczniczego Samodzielnego Publicznego Zakładu Opieki Zdrowotnej w Śremie","address":"Adama Mickiewicza 7, Śrem","city":"Śrem","office":"Starosta Powiatu Śrem","case_kind":"Obiekt budowlany inny niż budynek mieszkalny jednorodzinny","parcel_ids":["302604_4.0007.2023/2"],"location_quality":"dokładny","gunb_url":"https://wyszukiwarka.gunb.gov.pl/","parcel_count":1,"parcel_shard":"x068-y208","parcel_id":"302604_4.0007.2023/2","location_source":"powiat śremski (wfs)"}},{"type":"Feature","id":"ST-WK-SR/WNIOSEK/26342/2025::302604_4.0007.2023/2","geometry":{"type":"Polygon","coordinates":[[[17.0268396308304,52.0842089274114],[17.0270690278131,52.0843786697871],[17.0281207825634,52.0851568285511],[17.0276062686037,52.0855038205516],[17.0274072799702,52.0856377242848],[17.0270619540609,52.0855704448344],[17.0269568611936,52.085658402273],[17.0268613348424,52.0857383307747],[17.0266742182175,52.0856389346286],[17.0266411027769,52.0856213256478],[17.0264608148978,52.0857586774845],[17.0263460044529,52.0858172696507],[17.0261569560667,52.0858800390267],[17.0260307887851,52.0859047765602],[17.025730824484,52.0856497582077],[17.0256585677523,52.0855903774371],[17.0256408629798,52.0854913721585],[17.0255103595604,52.0853913555178],[17.0253599423851,52.0853566579226],[17.0251814098396,52.0852190905246],[17.0255003805068,52.0849016676142],[17.0260424881192,52.0846482669438],[17.0260603164014,52.0846517193086],[17.0261414571022,52.0845979923483],[17.0261054019486,52.0845034466632],[17.026050584447,52.0844350250225],[17.0260481635656,52.0844240657523],[17.0261303917704,52.0843602679378],[17.0262789736896,52.0843105639007],[17.0262759301195,52.0842761453645],[17.0262747457004,52.0842112670993],[17.0268396308304,52.0842089274114]]]},"properties":{"case_id":"ST-WK-SR/WNIOSEK/26342/2025","source_type":"wniosek_decyzja","received_date":"2025-12-29","decision_date":"2026-01-28","status":"decyzja wydana","description":"Remont i przebudowa budynku składnicy akt","address":"Śrem","city":"Śrem","office":"Starosta Powiatu Śrem","case_kind":"Obiekt budowlany inny niż budynek mieszkalny jednorodzinny","parcel_ids":["302604_4.0007.2023/2"],"location_quality":"dokładny","gunb_url":"https://wyszukiwarka.gunb.gov.pl/","parcel_count":1,"parcel_shard":"x068-y208","parcel_id":"302604_4.0007.2023/2","location_source":"powiat śremski (wfs)"}},{"type":"Feature","id":"ST-WK-SR/WNIOSEK/2781/2026::302604_4.0007.2056/1","geometry":{"type":"Polygon","coordinates":[[[17.0233110331858,52.0849485156336],[17.0232352892314,52.0849996311643],[17.0229047394363,52.0848070245713],[17.0229732904871,52.0847641067016],[17.0233110331858,52.0849485156336]]]},"properties":{"case_id":"ST-WK-SR/WNIOSEK/2781/2026","source_type":"wniosek_decyzja","received_date":"2026-02-13","decision_date":"2026-07-20","status":"decyzja wydana","description":"Budowa wiaty","address":"Powstańców Wielkopolskich, Śrem","city":"Śrem","office":"Starosta Powiatu Śrem","case_kind":"Obiekt budowlany inny niż budynek mieszkalny jednorodzinny","parcel_ids":["302604_4.0007.2056/1","302604_4.0007.2057/1","302604_4.0007.2058/3"],"location_quality":"dokładny","gunb_url":"https://wyszukiwarka.gunb.gov.pl/","parcel_count":3,"parcel_shard":"x068-y208","parcel_id":"302604_4.0007.2056/1","location_source":"powiat śremski (wfs)"}},{"type":"Feature","id":"ST-WK-SR/WNIOSEK/2781/2026::302604_4.0007.2057/1","geometry":{"type":"Polygon","coordinates":[[[17.023388547718,52.0848953330221],[17.0233110331858,52.0849485156336],[17.0229732904871,52.0847641067016],[17.0230519771054,52.0847132655767],[17.0230745429763,52.084725513501],[17.023388547718,52.0848953330221]]]},"properties":{"case_id":"ST-WK-SR/WNIOSEK/2781/2026","source_type":"wniosek_decyzja","received_date":"2026-02-13","decision_date":"2026-07-20","status":"decyzja wydana","description":"Budowa wiaty","address":"Powstańców Wielkopolskich, Śrem","city":"Śrem","office":"Starosta Powiatu Śrem","case_kind":"Obiekt budowlany inny niż budynek mieszkalny jednorodzinny","parcel_ids":["302604_4.0007.2056/1","302604_4.0007.2057/1","302604_4.0007.2058/3"],"location_quality":"dokładny","gunb_url":"https://wyszukiwarka.gunb.gov.pl/","parcel_count":3,"parcel_shard":"x068-y208","parcel_id":"302604_4.0007.2057/1","location_source":"powiat śremski (wfs)"}},{"type":"Feature","id":"ST-WK-SR/WNIOSEK/2781/2026::302604_4.0007.2058/3","geometry":{"type":"Polygon","coordinates":[[[17.0230745429763,52.084725513501],[17.0233260432605,52.0845697978143],[17.0236935722979,52.0847725756164],[17.0234564005487,52.0849320249122],[17.023388547718,52.0848953330221],[17.0230745429763,52.084725513501]]]},"properties":{"case_id":"ST-WK-SR/WNIOSEK/2781/2026","source_type":"wniosek_decyzja","received_date":"2026-02-13","decision_date":"2026-07-20","status":"decyzja wydana","description":"Budowa wiaty","address":"Powstańców Wielkopolskich, Śrem","city":"Śrem","office":"Starosta Powiatu Śrem","case_kind":"Obiekt budowlany inny niż budynek mieszkalny jednorodzinny","parcel_ids":["302604_4.0007.2056/1","302604_4.0007.2057/1","302604_4.0007.2058/3"],"location_quality":"dokładny","gunb_url":"https://wyszukiwarka.gunb.gov.pl/","parcel_count":3,"parcel_shard":"x068-y208","parcel_id":"302604_4.0007.2058/3","location_source":"powiat śremski (wfs)"}},{"type":"Feature","id":"ST-WK-SR/WNIOSEK/25210/2025::302604_4.0007.2062/1","geometry":{"type":"Polygon","coordinates":[[[17.0244662819378,52.0847309953541],[17.0241076621834,52.0844925073725],[17.0238520103188,52.0843224776716],[17.0241123101187,52.084229027578],[17.0243017056495,52.0843786692528],[17.0243125682325,52.0843869966362],[17.024323871347,52.084395682266],[17.0243718835504,52.0844339221305],[17.0244487754476,52.0844894246491],[17.0245069153392,52.0845166677877],[17.0246194947696,52.084564423295],[17.0246473101328,52.0845762058308],[17.0244662819378,52.0847309953541]]]},"properties":{"case_id":"ST-WK-SR/WNIOSEK/25210/2025","source_type":"wniosek_decyzja","received_date":"2025-12-12","decision_date":"2026-02-10","status":"decyzja wydana","description":"Przebudowa i modernizacja budynków szpitala wraz z wyposażeniem w celu poprawy warunków świadczenia usług medycznych - rozbudowa i zmiana sposobu użytkowania budynku przy ul. Mickiewicza 66","address":"Adama Mickiewicza 66, Śrem","city":"Śrem","office":"Starosta Powiatu Śrem","case_kind":"Obiekt budowlany inny niż budynek mieszkalny jednorodzinny","parcel_ids":["302604_4.0007.2062/1"],"location_quality":"dokładny","gunb_url":"https://wyszukiwarka.gunb.gov.pl/","parcel_count":1,"parcel_shard":"x068-y208","parcel_id":"302604_4.0007.2062/1","location_source":"powiat śremski (wfs)"}},{"type":"Feature","id":"ST-WK-SR/WNIOSEK/20178/2025::302604_4.0007.2083/2","geometry":{"type":"Polygon","coordinates":[[[17.0267014434996,52.0831907150042],[17.0266405835424,52.0832255047657],[17.0266036587975,52.0832796389152],[17.0263669750279,52.0831535283909],[17.026069722353,52.08307533112],[17.0260804521222,52.0830589985631],[17.0262616753031,52.0827824959222],[17.0267014434996,52.0831907150042]]]},"properties":{"case_id":"ST-WK-SR/WNIOSEK/20178/2025","source_type":"wniosek_decyzja","received_date":"2025-10-01","decision_date":"2025-12-29","status":"decyzja wydana","description":"Rozbudowa przebudowa i nadbudowa wraz ze zmianą sposobu użytkowania budynku gospodarczego na mieszkalny jednorodinny","address":"Gostyńska, Śrem","city":"Śrem","office":"Starosta Powiatu Śrem","case_kind":"Budynek mieszkalny jednorodzinny","parcel_ids":["302604_4.0007.2083/2"],"location_quality":"dokładny","gunb_url":"https://wyszukiwarka.gunb.gov.pl/","parcel_count":1,"parcel_shard":"x068-y208","parcel_id":"302604_4.0007.2083/2","location_source":"powiat śremski (wfs)"}},{"type":"Feature","id":"ST-WK-SR/WNIOSEK/7594/2026::302604_4.0007.2205/149","geometry":{"type":"Polygon","coordinates":[[[17.0088816238446,52.0758177975576],[17.0083157021144,52.0756963059212],[17.0087587890387,52.0748977863785],[17.0087777222512,52.0748637861419],[17.009356513251,52.0749824651286],[17.0088816238446,52.0758177975576]]]},"properties":{"case_id":"ST-WK-SR/WNIOSEK/7594/2026","source_type":"wniosek_decyzja","received_date":"2026-04-22","decision_date":"2026-05-18","status":"decyzja wydana","description":"Dobudowa balkon do mieszkania w budynku mieszkalnym wielorodzinnym","address":"Śrem","city":"Śrem","office":"Starosta Powiatu Śrem","case_kind":"Budynek mieszkalny jednorodzinny","parcel_ids":["302604_4.0007.2205/149"],"location_quality":"dokładny","gunb_url":"https://wyszukiwarka.gunb.gov.pl/","parcel_count":1,"parcel_shard":"x068-y208","parcel_id":"302604_4.0007.2205/149","location_source":"powiat śremski (wfs)"}},{"type":"Feature","id":"ST-WK-SR/WNIOSEK/20967/2025::302604_4.0007.2205/167","geometry":{"type":"Polygon","coordinates":[[[17.0094846084374,52.0765647482352],[17.0089970538583,52.077380601571],[17.008508130568,52.0772687404182],[17.0084914951994,52.0772965763157],[17.0083002703696,52.0772536672039],[17.0083219458697,52.0772172872113],[17.0088048326059,52.0764067974976],[17.0091619336868,52.076489312403],[17.0094846084374,52.0765647482352]]]},"properties":{"case_id":"ST-WK-SR/WNIOSEK/20967/2025","source_type":"wniosek_decyzja","received_date":"2025-10-10","decision_date":"2025-10-27","status":"decyzja wydana","description":"Budowa dźwigu osobowego przy budynku przedszkola","address":"Tadeusza Bora Komorowskiego, Śrem","city":"Śrem","office":"Starosta Powiatu Śrem","case_kind":"Obiekt budowlany inny niż budynek mieszkalny jednorodzinny","parcel_ids":["302604_4.0007.2205/167"],"location_quality":"dokładny","gunb_url":"https://wyszukiwarka.gunb.gov.pl/","parcel_count":1,"parcel_shard":"x068-y208","parcel_id":"302604_4.0007.2205/167","location_source":"powiat śremski (wfs)"}},{"type":"Feature","id":"ST-WK-SR/WNIOSEK/1602/2026::302604_4.0007.2209","geometry":{"type":"Polygon","coordinates":[[[17.0099846057221,52.0737946616932],[17.0114354230372,52.0741074790746],[17.0109564434215,52.0749471440298],[17.0092739688559,52.0745747651516],[17.0099846057221,52.0737946616932]]]},"properties":{"case_id":"ST-WK-SR/WNIOSEK/1602/2026","source_type":"wniosek_decyzja","received_date":"2026-01-27","decision_date":"2026-03-20","status":"decyzja wydana","description":"Przebudowa budynku mieszkalnego wielorodzinnego (dobudowa balkonu)","address":"Śrem","city":"Śrem","office":"Starosta Powiatu Śrem","case_kind":"Obiekt budowlany inny niż budynek mieszkalny jednorodzinny","parcel_ids":["302604_4.0007.2209"],"location_quality":"dokładny","gunb_url":"https://wyszukiwarka.gunb.gov.pl/","parcel_count":1,"parcel_shard":"x068-y208","parcel_id":"302604_4.0007.2209","location_source":"powiat śremski (wfs)"}},{"type":"Feature","id":"ST-WK-SR/WNIOSEK/22799/2025::302604_4.0007.2216/5","geometry":{"type":"Polygon","coordinates":[[[17.0204739133449,52.0724517865547],[17.0188158640942,52.0713636813898],[17.0188355129011,52.0713202975694],[17.0190661435362,52.0710579575164],[17.0192390443947,52.0708568196963],[17.0193812363936,52.0706458827452],[17.0194733558937,52.0704297875841],[17.0195209490767,52.0702088776787],[17.0195261142525,52.0699903382717],[17.0195097035195,52.0697732995422],[17.0194770567053,52.06951262061],[17.0194248846882,52.0691790062835],[17.0195807025435,52.0691087048776],[17.0200590412916,52.0695126258284],[17.0202145272443,52.0696253436677],[17.020232129272,52.0696757211685],[17.020453107038,52.0698259110278],[17.0205292401528,52.0698438457625],[17.0210557298411,52.0701725595474],[17.0216972983692,52.0705367050006],[17.0224208261054,52.0710094547595],[17.0228409509635,52.0713683045352],[17.0231328401123,52.0715934171081],[17.0235821639934,52.0719540591767],[17.0235161959595,52.0719681883124],[17.023325966204,52.0719660579742],[17.0231702915425,52.0719432400549],[17.0228973444111,52.0718838261374],[17.0226367650418,52.0718390260948],[17.0224195389543,52.0718167483436],[17.0221779787306,52.0718164744788],[17.0219623042668,52.0717873590606],[17.0217918179434,52.0717167609917],[17.0215165516224,52.0715463356075],[17.0213107599058,52.071568604854],[17.0210036311842,52.0718214651658],[17.0208962793957,52.0720853322579],[17.0207445654311,52.0722531490816],[17.0204739133449,52.0724517865547]]]},"properties":{"case_id":"ST-WK-SR/WNIOSEK/22799/2025","source_type":"wniosek_decyzja","received_date":"2025-11-06","decision_date":"2025-12-29","status":"decyzja wydana","description":"Budowa wagi samochodwej","address":"750-lecia 11, Śrem","city":"Śrem","office":"Starosta Powiatu Śrem","case_kind":"Obiekt budowlany inny niż budynek mieszkalny jednorodzinny","parcel_ids":["302604_4.0007.2216/5"],"location_quality":"dokładny","gunb_url":"https://wyszukiwarka.gunb.gov.pl/","parcel_count":1,"parcel_shard":"x068-y208","parcel_id":"302604_4.0007.2216/5","location_source":"powiat śremski (wfs)"}},{"type":"Feature","id":"ST-WK-SR/WNIOSEK/18443/2025::302604_4.0007.2294/1","geometry":{"type":"Polygon","coordinates":[[[17.0190136013409,52.0784197060447],[17.0192075268739,52.0785190043045],[17.0188598549231,52.0787437572319],[17.0183847228566,52.0790510408621],[17.0180841270994,52.0789676936574],[17.0189234492648,52.0784774093248],[17.0190136013409,52.0784197060447]]]},"properties":{"case_id":"ST-WK-SR/WNIOSEK/18443/2025","source_type":"wniosek_decyzja","received_date":"2025-09-08","decision_date":"2025-11-06","status":"decyzja wydana","description":"Budowa budynku mieszkalno-usługowego","address":"Grunwaldzka, Śrem","city":"Śrem","office":"Starosta Powiatu Śrem","case_kind":"Obiekt budowlany inny niż budynek mieszkalny jednorodzinny","parcel_ids":["302604_4.0007.2294/1"],"location_quality":"dokładny","gunb_url":"https://wyszukiwarka.gunb.gov.pl/","parcel_count":1,"parcel_shard":"x068-y208","parcel_id":"302604_4.0007.2294/1","location_source":"powiat śremski (wfs)"}},{"type":"Feature","id":"ST-WK-SR/WNIOSEK/810/2026::302604_4.0007.2374","geometry":{"type":"Polygon","coordinates":[[[17.0258597151835,52.0805929065478],[17.0260129984278,52.0807014020898],[17.0260844825339,52.0808117521826],[17.0261570080931,52.0809246160188],[17.0259955329551,52.0809659986923],[17.0257632769912,52.0806157650402],[17.0258597151835,52.0805929065478]]]},"properties":{"case_id":"ST-WK-SR/WNIOSEK/810/2026","source_type":"wniosek_decyzja","received_date":"2026-01-14","decision_date":"2026-02-23","status":"decyzja wydana","description":"Rozbudowa wewnętrznej instalacji gazowej w budynku mieszkalnym wielorodzinnym","address":"Jasna, Śrem","city":"Śrem","office":"Starosta Powiatu Śrem","case_kind":"Obiekt budowlany inny niż budynek mieszkalny jednorodzinny","parcel_ids":["302604_4.0007.2374"],"location_quality":"dokładny","gunb_url":"https://wyszukiwarka.gunb.gov.pl/","parcel_count":1,"parcel_shard":"x068-y208","parcel_id":"302604_4.0007.2374","location_source":"powiat śremski (wfs)"}},{"type":"Feature","id":"ST-WK-SR/WNIOSEK/10690/2026::302604_4.0007.2458/19","geometry":{"type":"Polygon","coordinates":[[[17.0220939135776,52.072529678304],[17.0213186501507,52.0723238837584],[17.0213319843426,52.072309578526],[17.0214928831658,52.072103891],[17.0216068492586,52.0719968582482],[17.0217265649523,52.0719538982795],[17.0220930170182,52.0719389732421],[17.0224796066994,52.071943761782],[17.0225013338405,52.0719470232878],[17.0222093954594,52.0723645333261],[17.0220939135776,52.072529678304]]]},"properties":{"case_id":"ST-WK-SR/WNIOSEK/10690/2026","source_type":"wniosek_decyzja","received_date":"2026-06-03","decision_date":"2026-08-06","status":"decyzja wydana","description":"Budowa fundamentu pod kontener na odpady tłuszczów jadalnych","address":"Grunwaldzka 26C, Śrem","city":"Śrem","office":"Starosta Powiatu Śrem","case_kind":"Obiekt budowlany inny niż budynek mieszkalny jednorodzinny","parcel_ids":["302604_4.0007.2458/19"],"location_quality":"dokładny","gunb_url":"https://wyszukiwarka.gunb.gov.pl/","parcel_count":1,"parcel_shard":"x068-y208","parcel_id":"302604_4.0007.2458/19","location_source":"powiat śremski (wfs)"}},{"type":"Feature","id":"ST-WK-SR/WNIOSEK/6896/2026::302604_4.0007.2465/7","geometry":{"type":"Polygon","coordinates":[[[17.0244669081064,52.0717662858104],[17.0245004414713,52.0717286827002],[17.0245796304918,52.0717555000915],[17.0245016345094,52.0717756722741],[17.0244669081064,52.0717662858104]]]},"properties":{"case_id":"ST-WK-SR/WNIOSEK/6896/2026","source_type":"wniosek_decyzja","received_date":"2026-04-08","decision_date":"2026-05-08","status":"decyzja wydana","description":"Budowa budynku usługowego","address":"Śrem","city":"Śrem","office":"Starosta Powiatu Śrem","case_kind":"Obiekt budowlany inny niż budynek mieszkalny jednorodzinny","parcel_ids":["302604_4.0007.2465/7","302604_4.0007.2465/8","302604_4.0007.2465/9"],"location_quality":"dokładny","gunb_url":"https://wyszukiwarka.gunb.gov.pl/","parcel_count":3,"parcel_shard":"x068-y208","parcel_id":"302604_4.0007.2465/7","location_source":"powiat śremski (wfs)"}},{"type":"Feature","id":"ST-WK-SR/WNIOSEK/6896/2026::302604_4.0007.2465/8","geometry":{"type":"Polygon","coordinates":[[[17.0249860897466,52.0712428801458],[17.0251187107924,52.0711181424256],[17.026061251683,52.0704800383155],[17.0260889328449,52.0704780817312],[17.0258559684296,52.0706361633135],[17.0252435078078,52.071048704294],[17.0251278133201,52.0711302719418],[17.0249860897466,52.0712428801458]]]},"properties":{"case_id":"ST-WK-SR/WNIOSEK/6896/2026","source_type":"wniosek_decyzja","received_date":"2026-04-08","decision_date":"2026-05-08","status":"decyzja wydana","description":"Budowa budynku usługowego","address":"Śrem","city":"Śrem","office":"Starosta Powiatu Śrem","case_kind":"Obiekt budowlany inny niż budynek mieszkalny jednorodzinny","parcel_ids":["302604_4.0007.2465/7","302604_4.0007.2465/8","302604_4.0007.2465/9"],"location_quality":"dokładny","gunb_url":"https://wyszukiwarka.gunb.gov.pl/","parcel_count":3,"parcel_shard":"x068-y208","parcel_id":"302604_4.0007.2465/8","location_source":"powiat śremski (wfs)"}},{"type":"Feature","id":"ST-WK-SR/WNIOSEK/6896/2026::302604_4.0007.2465/9","geometry":{"type":"Polygon","coordinates":[[[17.0245796304918,52.0717555000915],[17.0245004414713,52.0717286827002],[17.0246609722695,52.0715486682047],[17.0249860897466,52.0712428801458],[17.0251278133201,52.0711302719418],[17.0252435078078,52.071048704294],[17.0258559684296,52.0706361633135],[17.0260889328449,52.0704780817312],[17.0264813693507,52.0704503425042],[17.0267061466174,52.07030191518],[17.0268719473282,52.0703291473766],[17.0268111640638,52.0703713993749],[17.0260796556838,52.0707784686791],[17.0258653244856,52.0709566460106],[17.0255893503367,52.0713648545111],[17.0255119428506,52.0714450883633],[17.0254187713479,52.0715055039488],[17.0252810693027,52.0715607496271],[17.0252357479285,52.0715662789915],[17.0246700621864,52.0717321115589],[17.0245796304918,52.0717555000915]]]},"properties":{"case_id":"ST-WK-SR/WNIOSEK/6896/2026","source_type":"wniosek_decyzja","received_date":"2026-04-08","decision_date":"2026-05-08","status":"decyzja wydana","description":"Budowa budynku usługowego","address":"Śrem","city":"Śrem","office":"Starosta Powiatu Śrem","case_kind":"Obiekt budowlany inny niż budynek mieszkalny jednorodzinny","parcel_ids":["302604_4.0007.2465/7","302604_4.0007.2465/8","302604_4.0007.2465/9"],"location_quality":"dokładny","gunb_url":"https://wyszukiwarka.gunb.gov.pl/","parcel_count":3,"parcel_shard":"x068-y208","parcel_id":"302604_4.0007.2465/9","location_source":"powiat śremski (wfs)"}},{"type":"Feature","id":"ST-WK-SR/WNIOSEK/22884/2025::302604_4.0007.2467/16","geometry":{"type":"Polygon","coordinates":[[[17.0219625307187,52.0705789439702],[17.021796508915,52.0704705067689],[17.0217023727496,52.0704167937126],[17.0220259160571,52.0702078950629],[17.0218761201022,52.0699478798405],[17.0220203240328,52.0699164491007],[17.0223199080571,52.0698524131714],[17.0226192912401,52.0697871638639],[17.0233153239527,52.0696353367752],[17.023597881768,52.0695737732603],[17.0239210634693,52.0697218803208],[17.0234571370127,52.0703358906245],[17.0227865793863,52.0700854924348],[17.0219625307187,52.0705789439702]]]},"properties":{"case_id":"ST-WK-SR/WNIOSEK/22884/2025","source_type":"wniosek_decyzja","received_date":"2025-10-31","decision_date":"2025-12-22","status":"decyzja wydana","description":"Przebudowa sieci energetycznej polegająca na likwidacja kolizji z infrastrukturą energetyczną","address":"Śrem","city":"Śrem","office":"Starosta Powiatu Śrem","case_kind":"Obiekt budowlany inny niż budynek mieszkalny jednorodzinny","parcel_ids":["302604_4.0007.2467/16"],"location_quality":"dokładny","gunb_url":"https://wyszukiwarka.gunb.gov.pl/","parcel_count":1,"parcel_shard":"x068-y208","parcel_id":"302604_4.0007.2467/16","location_source":"powiat śremski (wfs)"}},{"type":"Feature","id":"ST-WK-SR/WNIOSEK/8924/2026::302604_4.0007.2467/3","geometry":{"type":"Polygon","coordinates":[[[17.0228116222497,52.0711898184237],[17.0234141858109,52.0703926102127],[17.024306467841,52.0706487953481],[17.0238091706865,52.0713066355506],[17.0235384737467,52.0716648396148],[17.0232468275253,52.0715375996003],[17.0229592885662,52.071315560302],[17.0228116222497,52.0711898184237]]]},"properties":{"case_id":"ST-WK-SR/WNIOSEK/8924/2026","source_type":"wniosek_decyzja","received_date":"2026-05-08","decision_date":"2026-07-08","status":"decyzja wydana","description":"Budowa telekomunikacyjnego obiektu budowlanego","address":"Jeziorna -/-, Śrem","city":"Śrem","office":"Starosta Powiatu Śrem","case_kind":"Obiekt budowlany inny niż budynek mieszkalny jednorodzinny","parcel_ids":["302604_4.0007.2467/3"],"location_quality":"dokładny","gunb_url":"https://wyszukiwarka.gunb.gov.pl/","parcel_count":1,"parcel_shard":"x068-y208","parcel_id":"302604_4.0007.2467/3","location_source":"powiat śremski (wfs)"}},{"type":"Feature","id":"ST-WK-SR/WNIOSEK/22079/2025::302604_4.0007.2473/6","geometry":{"type":"Polygon","coordinates":[[[17.0313623566417,52.0798650462706],[17.0315077803574,52.0796825100326],[17.0318099840896,52.0793032259593],[17.0318615487886,52.0792384386648],[17.0327135665499,52.0793659180243],[17.0326938531199,52.0799449571451],[17.0326591536574,52.0800205699833],[17.0313623566417,52.0798650462706]]]},"properties":{"case_id":"ST-WK-SR/WNIOSEK/22079/2025","source_type":"wniosek_decyzja","received_date":"2025-10-27","decision_date":"2025-12-03","status":"decyzja wydana","description":"Budowa budynków tymczasowych - 17 hal magazynowych","address":"16, Śrem","city":"Śrem","office":"Starosta Powiatu Śrem","case_kind":"Obiekt budowlany inny niż budynek mieszkalny jednorodzinny","parcel_ids":["302604_4.0007.2473/6"],"location_quality":"dokładny","gunb_url":"https://wyszukiwarka.gunb.gov.pl/","parcel_count":1,"parcel_shard":"x068-y208","parcel_id":"302604_4.0007.2473/6","location_source":"powiat śremski (wfs)"}},{"type":"Feature","id":"ST-WK-SR/WNIOSEK/8027/2026::302604_4.0007.2482/5","geometry":{"type":"Polygon","coordinates":[[[17.0331286785179,52.0770722497245],[17.0329158959717,52.0770192744792],[17.030712483401,52.0764706736467],[17.0304341016698,52.0764013588902],[17.0306928160958,52.0760073981251],[17.0316331182565,52.0745613664323],[17.0318623624834,52.0742060545886],[17.0320931640064,52.0745003688276],[17.0330794071193,52.0747503993654],[17.0332805063291,52.0750866915816],[17.0332296164605,52.0752889191517],[17.0332252007308,52.0761364133753],[17.0332677272923,52.076327029734],[17.0331973649838,52.0767020852452],[17.0331286785179,52.0770722497245]]]},"properties":{"case_id":"ST-WK-SR/WNIOSEK/8027/2026","source_type":"wniosek_decyzja","received_date":"2026-04-28","decision_date":"2026-05-26","status":"decyzja wydana","description":"Przebudowa hali bieżnikowania opon w zakresie wymian świetlika dachowego i likwidacji otworów bramowych","address":"Gostyńska, Śrem","city":"Śrem","office":"Starosta Powiatu Śrem","case_kind":"Obiekt budowlany inny niż budynek mieszkalny jednorodzinny","parcel_ids":["302604_4.0007.2482/5"],"location_quality":"dokładny","gunb_url":"https://wyszukiwarka.gunb.gov.pl/","parcel_count":1,"parcel_shard":"x068-y208","parcel_id":"302604_4.0007.2482/5","location_source":"powiat śremski (wfs)"}},{"type":"Feature","id":"ST-WK-SR/WNIOSEK/17410/2025::302604_4.0007.2482/5","geometry":{"type":"Polygon","coordinates":[[[17.0331286785179,52.0770722497245],[17.0329158959717,52.0770192744792],[17.030712483401,52.0764706736467],[17.0304341016698,52.0764013588902],[17.0306928160958,52.0760073981251],[17.0316331182565,52.0745613664323],[17.0318623624834,52.0742060545886],[17.0320931640064,52.0745003688276],[17.0330794071193,52.0747503993654],[17.0332805063291,52.0750866915816],[17.0332296164605,52.0752889191517],[17.0332252007308,52.0761364133753],[17.0332677272923,52.076327029734],[17.0331973649838,52.0767020852452],[17.0331286785179,52.0770722497245]]]},"properties":{"case_id":"ST-WK-SR/WNIOSEK/17410/2025","source_type":"wniosek_decyzja","received_date":"2025-08-25","decision_date":"2025-12-05","status":"decyzja wydana","description":"Budowa boksu magazynowego z zadaszeniem.","address":"Gostyńska 51, Śrem","city":"Śrem","office":"Starosta Powiatu Śrem","case_kind":"Obiekt budowlany inny niż budynek mieszkalny jednorodzinny","parcel_ids":["302604_4.0007.2482/5"],"location_quality":"dokładny","gunb_url":"https://wyszukiwarka.gunb.gov.pl/","parcel_count":1,"parcel_shard":"x068-y208","parcel_id":"302604_4.0007.2482/5","location_source":"powiat śremski (wfs)"}},{"type":"Feature","id":"ST-WK-SR/WNIOSEK/11255/2026::302604_4.0007.2506/16","geometry":{"type":"Polygon","coordinates":[[[17.0303225817043,52.0823001534093],[17.0313948570099,52.0815019235609],[17.0313748632462,52.081464770057],[17.0313415031661,52.0814529159891],[17.0311024232371,52.0813679765258],[17.0313558536294,52.0809122780483],[17.0319742169637,52.0810454145405],[17.0321331586443,52.0810708196328],[17.0328299344429,52.0812296014501],[17.0334386325368,52.0813935017562],[17.0345347601013,52.0807403438946],[17.0350837781709,52.080434117548],[17.035537706965,52.080818170133],[17.0359183584441,52.0810888253589],[17.0364676998554,52.0815604903275],[17.0368269276298,52.0821740433768],[17.0371172429796,52.0824935116543],[17.0369029998254,52.0826301744593],[17.0366778929059,52.0826868692296],[17.0347479423147,52.0828939710575],[17.0345213996571,52.0829360138693],[17.0339371347476,52.0831094893528],[17.0336386377489,52.0831851891246],[17.0330351225833,52.0833788542297],[17.0327278035906,52.0834647361621],[17.0317770820709,52.0836113617592],[17.0315884059503,52.0836638010413],[17.0311865769488,52.0838280798998],[17.0306855402418,52.0834821770128],[17.0308470964524,52.0834503161008],[17.0323605262118,52.0831516920184],[17.032118705401,52.0828899513735],[17.0319678581213,52.0829104553092],[17.031944999215,52.0828253997498],[17.0317137493738,52.0825896039694],[17.031885522249,52.0824857994261],[17.0318413239179,52.0824324496591],[17.0315826747403,52.0825829906796],[17.0305736728367,52.0828842129398],[17.0305128935555,52.0828555425296],[17.0303517679161,52.0825569686604],[17.0302172347565,52.0824093280725],[17.0302439162255,52.0823862085253],[17.0302540484341,52.0823774289466],[17.0303177967437,52.082322190758],[17.0303090843959,52.0822908457661],[17.0303225817043,52.0823001534093]]]},"properties":{"case_id":"ST-WK-SR/WNIOSEK/11255/2026","source_type":"wniosek_decyzja","received_date":"2026-06-12","decision_date":"2026-08-13","status":"decyzja wydana","description":"Remont budynku niemieszkalnego","address":"Śrem","city":"Śrem","office":"Starosta Powiatu Śrem","case_kind":"Obiekt budowlany inny niż budynek mieszkalny jednorodzinny","parcel_ids":["302604_4.0007.2506/16"],"location_quality":"dokładny","gunb_url":"https://wyszukiwarka.gunb.gov.pl/","parcel_count":1,"parcel_shard":"x068-y208","parcel_id":"302604_4.0007.2506/16","location_source":"powiat śremski (wfs)"}},{"type":"Feature","id":"ST-WK-SR/WNIOSEK/5724/2026::302604_4.0007.2516/4","geometry":{"type":"Polygon","coordinates":[[[17.0210401486156,52.0955911265678],[17.020889972906,52.0955200256612],[17.0208568063156,52.095503669734],[17.0208614065172,52.095500180711],[17.0207788598768,52.0954594737283],[17.0207692814966,52.095466841417],[17.0206036197174,52.0953851464738],[17.0206131981213,52.0953777787988],[17.020530083023,52.0953367908515],[17.0204867630094,52.0953211461837],[17.0203642835997,52.0952582680652],[17.020238412667,52.0951949669515],[17.0200918266637,52.0951189704466],[17.020335163948,52.0950712922012],[17.0207442572578,52.095279440177],[17.0209226005286,52.0951652932596],[17.021273686323,52.0953452948361],[17.0211199486658,52.0954705160266],[17.0210401486156,52.0955911265678]]]},"properties":{"case_id":"ST-WK-SR/WNIOSEK/5724/2026","source_type":"wniosek_decyzja","received_date":"2026-03-25","decision_date":"2026-03-27","status":"decyzja wydana","description":"Budowa zbiorników retencyjnych","address":"Śrem","city":"Śrem","office":"Starosta Powiatu Śrem","case_kind":"Obiekt budowlany inny niż budynek mieszkalny jednorodzinny","parcel_ids":["302604_4.0007.2516/4","302604_4.0007.2516/5"],"location_quality":"dokładny","gunb_url":"https://wyszukiwarka.gunb.gov.pl/","parcel_count":2,"parcel_shard":"x068-y208","parcel_id":"302604_4.0007.2516/4","location_source":"powiat śremski (wfs)"}},{"type":"Feature","id":"ST-WK-SR/WNIOSEK/5724/2026::302604_4.0007.2516/5","geometry":{"type":"Polygon","coordinates":[[[17.020335163948,52.0950712922012],[17.0209005908165,52.0947153691672],[17.0215422869653,52.0951260685738],[17.021273686323,52.0953452948361],[17.0209226005286,52.0951652932596],[17.0207442572578,52.095279440177],[17.020335163948,52.0950712922012]]]},"properties":{"case_id":"ST-WK-SR/WNIOSEK/5724/2026","source_type":"wniosek_decyzja","received_date":"2026-03-25","decision_date":"2026-03-27","status":"decyzja wydana","description":"Budowa zbiorników retencyjnych","address":"Śrem","city":"Śrem","office":"Starosta Powiatu Śrem","case_kind":"Obiekt budowlany inny niż budynek mieszkalny jednorodzinny","parcel_ids":["302604_4.0007.2516/4","302604_4.0007.2516/5"],"location_quality":"dokładny","gunb_url":"https://wyszukiwarka.gunb.gov.pl/","parcel_count":2,"parcel_shard":"x068-y208","parcel_id":"302604_4.0007.2516/5","location_source":"powiat śremski (wfs)"}},{"type":"Feature","id":"ST-WK-SR/WNIOSEK/9656/2026::302604_4.0007.271/35","geometry":{"type":"Polygon","coordinates":[[[17.0094820777699,52.0955254227869],[17.0094650697363,52.0955138648148],[17.0092722033745,52.0953827595839],[17.009233213238,52.0953562581576],[17.0099322671588,52.0950878357471],[17.0101250176323,52.0952785711173],[17.0094820777699,52.0955254227869]]]},"properties":{"case_id":"ST-WK-SR/WNIOSEK/9656/2026","source_type":"wniosek_decyzja","received_date":"2026-05-21","decision_date":"2026-08-24","status":"decyzja wydana","description":"Budowa 3 budynków mieszkalnych jednorodzinnych wolnostojących z infrastrukturą towarzyszącą","address":"Śrem","city":"Śrem","office":"Starosta Powiatu Śrem","case_kind":"Budynek mieszkalny jednorodzinny","parcel_ids":["302604_4.0007.271/35"],"location_quality":"dokładny","gunb_url":"https://wyszukiwarka.gunb.gov.pl/","parcel_count":1,"parcel_shard":"x068-y208","parcel_id":"302604_4.0007.271/35","location_source":"powiat śremski (wfs)"}},{"type":"Feature","id":"ST-WK-SR/WNIOSEK/24988/2025::302604_4.0007.2979/5","geometry":{"type":"Polygon","coordinates":[[[17.0056048803409,52.0826440243343],[17.0055836827483,52.0826384209748],[17.0055615630143,52.0826265279356],[17.0055468548338,52.0826106588776],[17.0055414702382,52.0825928758834],[17.005545146809,52.082577134842],[17.0055944620592,52.0824676400532],[17.0056205957475,52.0823830303854],[17.0056296571973,52.0823654763844],[17.005648230135,52.0823516709621],[17.0056733985904,52.0823418919961],[17.0057022599259,52.0823382151144],[17.0057253273694,52.0823402175963],[17.0057434790008,52.082348256533],[17.0057509766368,52.082355876033],[17.0057535464467,52.0823679140092],[17.0063031617929,52.082446455965],[17.0063386515159,52.0824512098439],[17.0063747208414,52.0824554227448],[17.0064174962001,52.0824588975808],[17.0065077085009,52.082523633077],[17.0064848580618,52.0826487340741],[17.0067001962061,52.0828620631329],[17.0071824890886,52.0826773245387],[17.0075099826378,52.0825521699137],[17.0072996531251,52.0823455699508],[17.0075923695404,52.0822332779025],[17.0076696705914,52.0823077571178],[17.0078882324645,52.0825224231125],[17.0078972150395,52.0825334540509],[17.007906358299,52.0825464621123],[17.0079127261045,52.0825590286035],[17.0079179327672,52.0825724073811],[17.0079218236499,52.0825854303405],[17.0079236759616,52.0825989984118],[17.0079233404561,52.0826126625853],[17.0079211068996,52.0826261523549],[17.007916828037,52.0826392883744],[17.0079115292299,52.0826526070618],[17.007904030494,52.082664403858],[17.0078942020422,52.0826768364947],[17.0078826180757,52.0826886448833],[17.007870155353,52.0827000063199],[17.0078560803134,52.0827103835347],[17.0078405402239,52.0827199558916],[17.0078233884997,52.0827286339227],[17.0078052080641,52.0827363260834],[17.0067944753077,52.0831198698121],[17.0064940575537,52.0830807176782],[17.0061938080445,52.0827700076689],[17.0061242396512,52.0827541136673],[17.0060871629752,52.0827321952807],[17.0060695913933,52.0827237053173],[17.0060511544396,52.0827165661368],[17.0060316995352,52.0827098792781],[17.0060112313625,52.0827042739382],[17.005990332181,52.0826995687119],[17.0059691458677,52.0826954935252],[17.0059481061391,52.0826915078044],[17.0056048803409,52.0826440243343]]]},"properties":{"case_id":"ST-WK-SR/WNIOSEK/24988/2025","source_type":"wniosek_decyzja","received_date":"2025-12-08","decision_date":"2026-01-14","status":"decyzja wydana","description":"Przebudowa i zmiana sposobu użytkowania na żłobek części budynku mieszkalnego wielorodzinnego z usługami.","address":"Fryderyka Chopina 4, Śrem","city":"Śrem","office":"Starosta Powiatu Śrem","case_kind":"Obiekt budowlany inny niż budynek mieszkalny jednorodzinny","parcel_ids":["302604_4.0007.2979/5"],"location_quality":"dokładny","gunb_url":"https://wyszukiwarka.gunb.gov.pl/","parcel_count":1,"parcel_shard":"x068-y208","parcel_id":"302604_4.0007.2979/5","location_source":"powiat śremski (wfs)"}},{"type":"Feature","id":"ST-WK-SR/WNIOSEK/3277/2026::302604_4.0007.2989/12","geometry":{"type":"Polygon","coordinates":[[[17.0057591986326,52.088394907895],[17.0066221614315,52.0886373308668],[17.0069015584377,52.0887225416857],[17.0069613282614,52.0887407336614],[17.0069340366376,52.0887791936887],[17.0077058357005,52.0890343617627],[17.0076663753603,52.0890651259558],[17.0074925119535,52.0892311052365],[17.0071158094981,52.0897276426794],[17.0070747621681,52.0897609280451],[17.0070267250591,52.089776704734],[17.0069626954974,52.0897809308984],[17.0068272744666,52.0897416726417],[17.0065893379725,52.0896727707562],[17.0065547683443,52.0897192025357],[17.0056674807602,52.0894555564984],[17.0053362192277,52.0898967812226],[17.0051724140978,52.0898651885156],[17.0051850798007,52.0898513908244],[17.0054013975482,52.0896157383995],[17.0053077300151,52.0894260803634],[17.0052586888003,52.0893267806687],[17.0051502049266,52.0891071176034],[17.0051032877599,52.089012116514],[17.0050092420254,52.0888216843813],[17.0049502252282,52.0887021806422],[17.0054474138092,52.0885971199578],[17.0057591986326,52.088394907895]]]},"properties":{"case_id":"ST-WK-SR/WNIOSEK/3277/2026","source_type":"wniosek_decyzja","received_date":"2026-02-19","decision_date":"2026-03-12","status":"decyzja wydana","description":"Projekt zamienny dotyczący decyzji nr AB.6740.223.2021; AB.6740.315.2024; AB.6740.316.2024; AB.6740.170.2025 Szpitala Powiatowego im. Tadeusza Malińskiego w Śremie Sp. z o. o.","address":"Józefa Chełmońskiego 1, Śrem","city":"Śrem","office":"Starosta Powiatu Śrem","case_kind":"Obiekt budowlany inny niż budynek mieszkalny jednorodzinny","parcel_ids":["302604_4.0007.2989/12"],"location_quality":"dokładny","gunb_url":"https://wyszukiwarka.gunb.gov.pl/","parcel_count":1,"parcel_shard":"x068-y208","parcel_id":"302604_4.0007.2989/12","location_source":"powiat śremski (wfs)"}},{"type":"Feature","id":"ST-WK-SR/WNIOSEK/7548/2026::302604_4.0007.2989/12","geometry":{"type":"Polygon","coordinates":[[[17.0057591986326,52.088394907895],[17.0066221614315,52.0886373308668],[17.0069015584377,52.0887225416857],[17.0069613282614,52.0887407336614],[17.0069340366376,52.0887791936887],[17.0077058357005,52.0890343617627],[17.0076663753603,52.0890651259558],[17.0074925119535,52.0892311052365],[17.0071158094981,52.0897276426794],[17.0070747621681,52.0897609280451],[17.0070267250591,52.089776704734],[17.0069626954974,52.0897809308984],[17.0068272744666,52.0897416726417],[17.0065893379725,52.0896727707562],[17.0065547683443,52.0897192025357],[17.0056674807602,52.0894555564984],[17.0053362192277,52.0898967812226],[17.0051724140978,52.0898651885156],[17.0051850798007,52.0898513908244],[17.0054013975482,52.0896157383995],[17.0053077300151,52.0894260803634],[17.0052586888003,52.0893267806687],[17.0051502049266,52.0891071176034],[17.0051032877599,52.089012116514],[17.0050092420254,52.0888216843813],[17.0049502252282,52.0887021806422],[17.0054474138092,52.0885971199578],[17.0057591986326,52.088394907895]]]},"properties":{"case_id":"ST-WK-SR/WNIOSEK/7548/2026","source_type":"wniosek_decyzja","received_date":"2026-04-21","decision_date":"2026-05-08","status":"decyzja wydana","description":"Budowa zadaszenia wejścia do Poradni Szpitalnych oraz wejścia Głównego Szpitala Powiatowego im. Tadeusza Malińskiego w Śremie Sp. z o. o.","address":"Józefa Chełmońskiego 1, Śrem","city":"Śrem","office":"Starosta Powiatu Śrem","case_kind":"Obiekt budowlany inny niż budynek mieszkalny jednorodzinny","parcel_ids":["302604_4.0007.2989/12"],"location_quality":"dokładny","gunb_url":"https://wyszukiwarka.gunb.gov.pl/","parcel_count":1,"parcel_shard":"x068-y208","parcel_id":"302604_4.0007.2989/12","location_source":"powiat śremski (wfs)"}},{"type":"Feature","id":"ST-WK-SR/WNIOSEK/1899/2026::302604_4.0007.2989/12","geometry":{"type":"Polygon","coordinates":[[[17.0057591986326,52.088394907895],[17.0066221614315,52.0886373308668],[17.0069015584377,52.0887225416857],[17.0069613282614,52.0887407336614],[17.0069340366376,52.0887791936887],[17.0077058357005,52.0890343617627],[17.0076663753603,52.0890651259558],[17.0074925119535,52.0892311052365],[17.0071158094981,52.0897276426794],[17.0070747621681,52.0897609280451],[17.0070267250591,52.089776704734],[17.0069626954974,52.0897809308984],[17.0068272744666,52.0897416726417],[17.0065893379725,52.0896727707562],[17.0065547683443,52.0897192025357],[17.0056674807602,52.0894555564984],[17.0053362192277,52.0898967812226],[17.0051724140978,52.0898651885156],[17.0051850798007,52.0898513908244],[17.0054013975482,52.0896157383995],[17.0053077300151,52.0894260803634],[17.0052586888003,52.0893267806687],[17.0051502049266,52.0891071176034],[17.0051032877599,52.089012116514],[17.0050092420254,52.0888216843813],[17.0049502252282,52.0887021806422],[17.0054474138092,52.0885971199578],[17.0057591986326,52.088394907895]]]},"properties":{"case_id":"ST-WK-SR/WNIOSEK/1899/2026","source_type":"wniosek_decyzja","received_date":"2026-01-30","decision_date":"2026-03-12","status":"decyzja wydana","description":"Ułozenie linii kablowych nn i sn oraz posadowienie prefabrykowanej, kontenerowej stacji transformatorowej na terenie Szpitala Powiatowego w Śremie.","address":"Józefa Chełmońskiego 1, Śrem","city":"Śrem","office":"Starosta Powiatu Śrem","case_kind":"Obiekt budowlany inny niż budynek mieszkalny jednorodzinny","parcel_ids":["302604_4.0007.2989/12","302604_4.0007.2989/4","302604_4.0007.2989/8"],"location_quality":"dokładny","gunb_url":"https://wyszukiwarka.gunb.gov.pl/","parcel_count":3,"parcel_shard":"x068-y208","parcel_id":"302604_4.0007.2989/12","location_source":"powiat śremski (wfs)"}},{"type":"Feature","id":"ST-WK-SR/WNIOSEK/1899/2026::302604_4.0007.2989/4","geometry":{"type":"Polygon","coordinates":[[[17.0062097070418,52.0902122254083],[17.0061940577726,52.0902038750544],[17.0065547683443,52.0897192025357],[17.0065893379725,52.0896727707562],[17.0068272744666,52.0897416726417],[17.0069626954974,52.0897809308984],[17.0070267250591,52.089776704734],[17.0070747621681,52.0897609280451],[17.0071158094981,52.0897276426794],[17.0074925119535,52.0892311052365],[17.0076663753603,52.0890651259558],[17.0077058357005,52.0890343617627],[17.0080574809172,52.0887583024006],[17.0080865643769,52.0887727863711],[17.0081522267482,52.088805606675],[17.007856802442,52.0890336691163],[17.0077904432167,52.0890848828792],[17.0075985416563,52.0892504488554],[17.0074383661954,52.0894591555912],[17.0073952042672,52.0895170359887],[17.0070994817284,52.0899049508677],[17.0069904519616,52.0899018435591],[17.0069012900376,52.0898627241941],[17.0067398574923,52.0898185954926],[17.0066785895142,52.089821375464],[17.0066251731673,52.0898398638688],[17.0064704204718,52.090044799525],[17.0063927420358,52.0901946847826],[17.006327278942,52.0902804443294],[17.0062097070418,52.0902122254083]]]},"properties":{"case_id":"ST-WK-SR/WNIOSEK/1899/2026","source_type":"wniosek_decyzja","received_date":"2026-01-30","decision_date":"2026-03-12","status":"decyzja wydana","description":"Ułozenie linii kablowych nn i sn oraz posadowienie prefabrykowanej, kontenerowej stacji transformatorowej na terenie Szpitala Powiatowego w Śremie.","address":"Józefa Chełmońskiego 1, Śrem","city":"Śrem","office":"Starosta Powiatu Śrem","case_kind":"Obiekt budowlany inny niż budynek mieszkalny jednorodzinny","parcel_ids":["302604_4.0007.2989/12","302604_4.0007.2989/4","302604_4.0007.2989/8"],"location_quality":"dokładny","gunb_url":"https://wyszukiwarka.gunb.gov.pl/","parcel_count":3,"parcel_shard":"x068-y208","parcel_id":"302604_4.0007.2989/4","location_source":"powiat śremski (wfs)"}},{"type":"Feature","id":"ST-WK-SR/WNIOSEK/1899/2026::302604_4.0007.2989/8","geometry":{"type":"Polygon","coordinates":[[[17.0071460424693,52.0899063472165],[17.0070994817284,52.0899049508677],[17.0073952042672,52.0895170359887],[17.007409076803,52.0895469435551],[17.0081509596396,52.0897806198571],[17.0081502104076,52.0897974313097],[17.0081537192081,52.0899342330801],[17.0081565471301,52.0899804282244],[17.0081673136367,52.0900344212023],[17.0082492082884,52.090057919495],[17.0081740566537,52.0901571730906],[17.007966995089,52.0900975527641],[17.0079411384203,52.0901326829951],[17.0078580748993,52.0901090080297],[17.0071460424693,52.0899063472165]]]},"properties":{"case_id":"ST-WK-SR/WNIOSEK/1899/2026","source_type":"wniosek_decyzja","received_date":"2026-01-30","decision_date":"2026-03-12","status":"decyzja wydana","description":"Ułozenie linii kablowych nn i sn oraz posadowienie prefabrykowanej, kontenerowej stacji transformatorowej na terenie Szpitala Powiatowego w Śremie.","address":"Józefa Chełmońskiego 1, Śrem","city":"Śrem","office":"Starosta Powiatu Śrem","case_kind":"Obiekt budowlany inny niż budynek mieszkalny jednorodzinny","parcel_ids":["302604_4.0007.2989/12","302604_4.0007.2989/4","302604_4.0007.2989/8"],"location_quality":"dokładny","gunb_url":"https://wyszukiwarka.gunb.gov.pl/","parcel_count":3,"parcel_shard":"x068-y208","parcel_id":"302604_4.0007.2989/8","location_source":"powiat śremski (wfs)"}},{"type":"Feature","id":"ST-WK-SR/WNIOSEK/25059/2025::302604_4.0007.2989/12","geometry":{"type":"Polygon","coordinates":[[[17.0057591986326,52.088394907895],[17.0066221614315,52.0886373308668],[17.0069015584377,52.0887225416857],[17.0069613282614,52.0887407336614],[17.0069340366376,52.0887791936887],[17.0077058357005,52.0890343617627],[17.0076663753603,52.0890651259558],[17.0074925119535,52.0892311052365],[17.0071158094981,52.0897276426794],[17.0070747621681,52.0897609280451],[17.0070267250591,52.089776704734],[17.0069626954974,52.0897809308984],[17.0068272744666,52.0897416726417],[17.0065893379725,52.0896727707562],[17.0065547683443,52.0897192025357],[17.0056674807602,52.0894555564984],[17.0053362192277,52.0898967812226],[17.0051724140978,52.0898651885156],[17.0051850798007,52.0898513908244],[17.0054013975482,52.0896157383995],[17.0053077300151,52.0894260803634],[17.0052586888003,52.0893267806687],[17.0051502049266,52.0891071176034],[17.0051032877599,52.089012116514],[17.0050092420254,52.0888216843813],[17.0049502252282,52.0887021806422],[17.0054474138092,52.0885971199578],[17.0057591986326,52.088394907895]]]},"properties":{"case_id":"ST-WK-SR/WNIOSEK/25059/2025","source_type":"wniosek_decyzja","received_date":"2025-12-05","decision_date":"2025-12-11","status":"decyzja wydana","description":"Przebudowa parteru budynku C na potrzeby poradni lekarskiej i rejestracji ogólnej Szpitala Powiatowego im. Tadeusza Malińskiego w Śremie","address":"Józefa Chełmońskiego 1, Śrem","city":"Śrem","office":"Starosta Powiatu Śrem","case_kind":"Obiekt budowlany inny niż budynek mieszkalny jednorodzinny","parcel_ids":["302604_4.0007.2989/12"],"location_quality":"dokładny","gunb_url":"https://wyszukiwarka.gunb.gov.pl/","parcel_count":1,"parcel_shard":"x068-y208","parcel_id":"302604_4.0007.2989/12","location_source":"powiat śremski (wfs)"}},{"type":"Feature","id":"ST-WK-SR/WNIOSEK/22883/2025::302604_4.0007.2989/13","geometry":{"type":"Polygon","coordinates":[[[17.0066221614315,52.0886373308668],[17.0057591986326,52.088394907895],[17.0058174586106,52.088357035049],[17.0059542019952,52.0883297423546],[17.005874637291,52.0881664194769],[17.0058425516016,52.0881005565199],[17.0062997870291,52.0880013724623],[17.0067670631723,52.0878995231044],[17.006902148029,52.0883785563735],[17.0066221614315,52.0886373308668]]]},"properties":{"case_id":"ST-WK-SR/WNIOSEK/22883/2025","source_type":"wniosek_decyzja","received_date":"2025-11-06","decision_date":"2025-11-14","status":"decyzja wydana","description":"Budowa miejsc parkingowych przy Szpitalu Powiatowym im. Tadeusza Malińskiego w Śremie Sp. z o. o.","address":"Józefa Chełmońskiego, Śrem","city":"Śrem","office":"Starosta Powiatu Śrem","case_kind":"Obiekt budowlany inny niż budynek mieszkalny jednorodzinny","parcel_ids":["302604_4.0007.2989/13"],"location_quality":"dokładny","gunb_url":"https://wyszukiwarka.gunb.gov.pl/","parcel_count":1,"parcel_shard":"x068-y208","parcel_id":"302604_4.0007.2989/13","location_source":"powiat śremski (wfs)"}},{"type":"Feature","id":"ST-WK-SR/WNIOSEK/3420/2026::302604_4.0007.497","geometry":{"type":"Polygon","coordinates":[[[17.0224155289304,52.0947279872702],[17.0225121432042,52.0946651139452],[17.022768307408,52.0948107830963],[17.0228756917551,52.0948759705534],[17.022993547791,52.0949423764643],[17.0229227136161,52.0949864987425],[17.0228505015989,52.0949633544774],[17.0228169512029,52.0949552046208],[17.0227937628109,52.094942828972],[17.0225488163361,52.0948053109743],[17.0224155289304,52.0947279872702]]]},"properties":{"case_id":"ST-WK-SR/WNIOSEK/3420/2026","source_type":"wniosek_decyzja","received_date":"2025-11-28","decision_date":"2026-02-24","status":"decyzja wydana","description":"Zmiana sposobu użytkowania budynku gospodarczego na budynek mieszkalny","address":"Śrem","city":"Śrem","office":"Starosta Powiatu Śrem","case_kind":"Budynek mieszkalny jednorodzinny","parcel_ids":["302604_4.0007.497","302604_4.0007.500"],"location_quality":"dokładny","gunb_url":"https://wyszukiwarka.gunb.gov.pl/","parcel_count":2,"parcel_shard":"x068-y208","parcel_id":"302604_4.0007.497","location_source":"powiat śremski (wfs)"}},{"type":"Feature","id":"ST-WK-SR/WNIOSEK/3420/2026::302604_4.0007.500","geometry":{"type":"Polygon","coordinates":[[[17.0225121432042,52.0946651139452],[17.0225999203772,52.0946098359893],[17.0227566772891,52.0946966418592],[17.0228115169478,52.094726971766],[17.0228571816813,52.0947528313234],[17.022768307408,52.0948107830963],[17.0225121432042,52.0946651139452]]]},"properties":{"case_id":"ST-WK-SR/WNIOSEK/3420/2026","source_type":"wniosek_decyzja","received_date":"2025-11-28","decision_date":"2026-02-24","status":"decyzja wydana","description":"Zmiana sposobu użytkowania budynku gospodarczego na budynek mieszkalny","address":"Śrem","city":"Śrem","office":"Starosta Powiatu Śrem","case_kind":"Budynek mieszkalny jednorodzinny","parcel_ids":["302604_4.0007.497","302604_4.0007.500"],"location_quality":"dokładny","gunb_url":"https://wyszukiwarka.gunb.gov.pl/","parcel_count":2,"parcel_shard":"x068-y208","parcel_id":"302604_4.0007.500","location_source":"powiat śremski (wfs)"}},{"type":"Feature","id":"ST-WK-SR/WNIOSEK/18231/2025::302604_4.0007.726/6","geometry":{"type":"Polygon","coordinates":[[[17.0066469497135,52.0902685607578],[17.0066523268541,52.090269997881],[17.0067478011564,52.0901387591678],[17.0068005967683,52.0901542506629],[17.0069904519616,52.0899018435591],[17.0070994817284,52.0899049508677],[17.0071460424693,52.0899063472165],[17.0078580748993,52.0901090080297],[17.0078080854637,52.0901756679723],[17.0071877914376,52.0908222917835],[17.0070877629691,52.0907555908381],[17.0065787419846,52.0904403300937],[17.0065453739274,52.0904079207543],[17.0066469497135,52.0902685607578]]]},"properties":{"case_id":"ST-WK-SR/WNIOSEK/18231/2025","source_type":"wniosek_decyzja","received_date":"2025-09-05","decision_date":"2025-10-16","status":"decyzja wydana","description":"Budowa samoobsługowej myjni bezdotykowej 4-stanowiskowej typ Adbud","address":"1B, Śrem","city":"Śrem","office":"Starosta Powiatu Śrem","case_kind":"Obiekt budowlany inny niż budynek mieszkalny jednorodzinny","parcel_ids":["302604_4.0007.726/6","302604_4.0007.726/7"],"location_quality":"dokładny","gunb_url":"https://wyszukiwarka.gunb.gov.pl/","parcel_count":2,"parcel_shard":"x068-y208","parcel_id":"302604_4.0007.726/6","location_source":"powiat śremski (wfs)"}},{"type":"Feature","id":"ST-WK-SR/WNIOSEK/18231/2025::302604_4.0007.726/7","geometry":{"type":"Polygon","coordinates":[[[17.0071877914376,52.0908222917835],[17.0078080854637,52.0901756679723],[17.0084783237473,52.0903506677364],[17.008431619989,52.0905906857223],[17.0076258414066,52.0911141879335],[17.0071877914376,52.0908222917835]]]},"properties":{"case_id":"ST-WK-SR/WNIOSEK/18231/2025","source_type":"wniosek_decyzja","received_date":"2025-09-05","decision_date":"2025-10-16","status":"decyzja wydana","description":"Budowa samoobsługowej myjni bezdotykowej 4-stanowiskowej typ Adbud","address":"1B, Śrem","city":"Śrem","office":"Starosta Powiatu Śrem","case_kind":"Obiekt budowlany inny niż budynek mieszkalny jednorodzinny","parcel_ids":["302604_4.0007.726/6","302604_4.0007.726/7"],"location_quality":"dokładny","gunb_url":"https://wyszukiwarka.gunb.gov.pl/","parcel_count":2,"parcel_shard":"x068-y208","parcel_id":"302604_4.0007.726/7","location_source":"powiat śremski (wfs)"}},{"type":"Feature","id":"ST-WK-SR/WNIOSEK/7447/2026::302604_4.0007.764/5","geometry":{"type":"Polygon","coordinates":[[[17.0119358512651,52.0911255184658],[17.0114665405636,52.0912590140746],[17.0114551624057,52.0912465436628],[17.0119039613959,52.0910894779697],[17.0119358512651,52.0911255184658]]]},"properties":{"case_id":"ST-WK-SR/WNIOSEK/7447/2026","source_type":"wniosek_decyzja","received_date":"2026-04-20","decision_date":"2026-06-19","status":"decyzja wydana","description":"Zmiana sposobu użytkowania budynku gospodarczego na mieszkalny jednorodzinny dwulokalowy z przebudową","address":"Floriana Marciniaka 8, Śrem","city":"Śrem","office":"Starosta Powiatu Śrem","case_kind":"Budynek mieszkalny jednorodzinny","parcel_ids":["302604_4.0007.764/5","302604_4.0007.771"],"location_quality":"dokładny","gunb_url":"https://wyszukiwarka.gunb.gov.pl/","parcel_count":2,"parcel_shard":"x068-y208","parcel_id":"302604_4.0007.764/5","location_source":"powiat śremski (wfs)"}},{"type":"Feature","id":"ST-WK-SR/WNIOSEK/7447/2026::302604_4.0007.771","geometry":{"type":"Polygon","coordinates":[[[17.0114551624057,52.0912465436628],[17.0112445406266,52.0910197771334],[17.0116957380859,52.0908614248331],[17.0119039613959,52.0910894779697],[17.0114551624057,52.0912465436628]]]},"properties":{"case_id":"ST-WK-SR/WNIOSEK/7447/2026","source_type":"wniosek_decyzja","received_date":"2026-04-20","decision_date":"2026-06-19","status":"decyzja wydana","description":"Zmiana sposobu użytkowania budynku gospodarczego na mieszkalny jednorodzinny dwulokalowy z przebudową","address":"Floriana Marciniaka 8, Śrem","city":"Śrem","office":"Starosta Powiatu Śrem","case_kind":"Budynek mieszkalny jednorodzinny","parcel_ids":["302604_4.0007.764/5","302604_4.0007.771"],"location_quality":"dokładny","gunb_url":"https://wyszukiwarka.gunb.gov.pl/","parcel_count":2,"parcel_shard":"x068-y208","parcel_id":"302604_4.0007.771","location_source":"powiat śremski (wfs)"}},{"type":"Feature","id":"ST-WK-SR/WNIOSEK/11305/2026::302604_4.0007.845","geometry":{"type":"Polygon","coordinates":[[[17.0174204937463,52.0912447617283],[17.0175699853747,52.0913861498902],[17.0172929322433,52.0915092131145],[17.0171718420462,52.0914279027419],[17.0171434509512,52.0914413857117],[17.0170896113207,52.0913906642008],[17.0171013057516,52.0913858874678],[17.0173938157621,52.0912565571926],[17.0174204937463,52.0912447617283]]]},"properties":{"case_id":"ST-WK-SR/WNIOSEK/11305/2026","source_type":"wniosek_decyzja","received_date":"2026-06-12","decision_date":"2026-06-30","status":"decyzja wydana","description":"Rozbudowa wewnętrznej instalacji gazowej w dwóch lokalach w budynku mieszkalnym jednorodzinnym","address":"Śrem","city":"Śrem","office":"Starosta Powiatu Śrem","case_kind":"Obiekt budowlany inny niż budynek mieszkalny jednorodzinny","parcel_ids":["302604_4.0007.845"],"location_quality":"dokładny","gunb_url":"https://wyszukiwarka.gunb.gov.pl/","parcel_count":1,"parcel_shard":"x068-y208","parcel_id":"302604_4.0007.845","location_source":"powiat śremski (wfs)"}},{"type":"Feature","id":"ST-WK-SR/WNIOSEK/630/2026::302604_4.0007.900","geometry":{"type":"Polygon","coordinates":[[[17.0209951006083,52.093774031678],[17.0213128875499,52.0939351796822],[17.021480762149,52.0940232291648],[17.0215660344917,52.094062297533],[17.0214576423346,52.0941543979772],[17.0209001619607,52.0938464035401],[17.0209951006083,52.093774031678]]]},"properties":{"case_id":"ST-WK-SR/WNIOSEK/630/2026","source_type":"wniosek_decyzja","received_date":"2026-01-13","decision_date":"2026-02-17","status":"decyzja wydana","description":"Montaż szyldu reklamowego, semafora reklamowego oraz bankomatu na elewacji budynku","address":"Szewska, Śrem","city":"Śrem","office":"Starosta Powiatu Śrem","case_kind":"Obiekt budowlany inny niż budynek mieszkalny jednorodzinny","parcel_ids":["302604_4.0007.900"],"location_quality":"dokładny","gunb_url":"https://wyszukiwarka.gunb.gov.pl/","parcel_count":1,"parcel_shard":"x068-y208","parcel_id":"302604_4.0007.900","location_source":"powiat śremski (wfs)"}},{"type":"Feature","id":"ST-WK-SR/WNIOSEK/22957/2025::302604_4.0007.951","geometry":{"type":"Polygon","coordinates":[[[17.019943031944,52.0940566029161],[17.0200157746547,52.0940930939557],[17.0199453905253,52.0941480103884],[17.0199572572437,52.0941539082313],[17.0199220688116,52.0941897879657],[17.0197022308237,52.094371170524],[17.0196174577603,52.0944225604369],[17.0195625945859,52.0943826201134],[17.0196922326992,52.094266574682],[17.0197704943322,52.0942001516832],[17.0198428720771,52.0941392058792],[17.019943031944,52.0940566029161]]]},"properties":{"case_id":"ST-WK-SR/WNIOSEK/22957/2025","source_type":"wniosek_decyzja","received_date":"2025-11-07","decision_date":"2026-02-10","status":"decyzja wydana","description":"Rozbudowa wewnętrznej instalacji gazowej w lokalu mieszkalnym w budynku wielorodzinnym","address":"Tadeusza Kościuszki 10, Śrem","city":"Śrem","office":"Starosta Powiatu Śrem","case_kind":"Obiekt budowlany inny niż budynek mieszkalny jednorodzinny","parcel_ids":["302604_4.0007.951"],"location_quality":"dokładny","gunb_url":"https://wyszukiwarka.gunb.gov.pl/","parcel_count":1,"parcel_shard":"x068-y208","parcel_id":"302604_4.0007.951","location_source":"powiat śremski (wfs)"}},{"type":"Feature","id":"ST-WK-SR/WNIOSEK/10697/2026::302604_4.0007.952","geometry":{"type":"Polygon","coordinates":[[[17.0198314092803,52.0940014238773],[17.019943031944,52.0940566029161],[17.0198428720771,52.0941392058792],[17.0197704943322,52.0942001516832],[17.0196922326992,52.094266574682],[17.0195625945859,52.0943826201134],[17.019503658968,52.0943391597585],[17.0195772018513,52.0942579056572],[17.0195827586843,52.0942600614341],[17.0197230538434,52.094125523055],[17.0197761296963,52.094074624807],[17.0197709834594,52.0940727446587],[17.0198314092803,52.0940014238773]]]},"properties":{"case_id":"ST-WK-SR/WNIOSEK/10697/2026","source_type":"wniosek_decyzja","received_date":"2026-06-03","decision_date":"2026-06-23","status":"decyzja wydana","description":"Rozbiórka komina murowanego","address":"12, Śrem","city":"Śrem","office":"Starosta Powiatu Śrem","case_kind":"Obiekt budowlany inny niż budynek mieszkalny jednorodzinny","parcel_ids":["302604_4.0007.952"],"location_quality":"dokładny","gunb_url":"https://wyszukiwarka.gunb.gov.pl/","parcel_count":1,"parcel_shard":"x068-y208","parcel_id":"302604_4.0007.952","location_source":"powiat śremski (wfs)"}},{"type":"Feature","id":"ST-WK-SR/WNIOSEK/15370/2026::302604_4.0007.316/2","geometry":{"type":"Polygon","coordinates":[[[17.0152506818016,52.1001081554329],[17.014730766232,52.1000952649924],[17.0148928432488,52.0998103978786],[17.0150857145348,52.0994710668271],[17.0149387384329,52.0994446483353],[17.0140869838809,52.0992915428435],[17.015704199042,52.0987453590081],[17.0163111709869,52.0989515817054],[17.0165657528752,52.099082814893],[17.0156786913696,52.0997550485774],[17.0154387476414,52.0999469765372],[17.0152506818016,52.1001081554329]]]},"properties":{"case_id":"ST-WK-SR/WNIOSEK/15370/2026","source_type":"wniosek_decyzja","received_date":"2026-08-06","decision_date":"2026-08-21","status":"decyzja wydana","description":"Rozbiórka budynków: strażnicy, kotłowni, prób ogniowych, gospodarczego.","address":"Straży Pożarnej 1, Śrem","city":"Śrem","office":"Starosta Powiatu Śrem","case_kind":"Obiekt budowlany inny niż budynek mieszkalny jednorodzinny","parcel_ids":["302604_4.0007.AR_8.316/2"],"location_quality":"dokładny","gunb_url":"https://wyszukiwarka.gunb.gov.pl/","parcel_count":1,"parcel_shard":"x068-y208","parcel_id":"302604_4.0007.316/2","location_source":"powiat śremski (wfs)"}},{"type":"Feature","id":"ST-WK-SR/WNIOSEK/13221/2026::302604_4.0007.316/2","geometry":{"type":"Polygon","coordinates":[[[17.0152506818016,52.1001081554329],[17.014730766232,52.1000952649924],[17.0148928432488,52.0998103978786],[17.0150857145348,52.0994710668271],[17.0149387384329,52.0994446483353],[17.0140869838809,52.0992915428435],[17.015704199042,52.0987453590081],[17.0163111709869,52.0989515817054],[17.0165657528752,52.099082814893],[17.0156786913696,52.0997550485774],[17.0154387476414,52.0999469765372],[17.0152506818016,52.1001081554329]]]},"properties":{"case_id":"ST-WK-SR/WNIOSEK/13221/2026","source_type":"wniosek_decyzja","received_date":"2026-07-09","decision_date":"2026-07-21","status":"decyzja wydana","description":"Rozbiórka sześciu budynków: strażnicy OSP, magazynu kontenerowego, warsztatu nr 1, warsztatu nr 2, warsztatu nr 3 oraz wieży do suszenia węży.","address":"Straży Pożarnej 1, Śrem","city":"Śrem","office":"Starosta Powiatu Śrem","case_kind":"Obiekt budowlany inny niż budynek mieszkalny jednorodzinny","parcel_ids":["302604_4.0007.AR_8.316/2"],"location_quality":"dokładny","gunb_url":"https://wyszukiwarka.gunb.gov.pl/","parcel_count":1,"parcel_shard":"x068-y208","parcel_id":"302604_4.0007.316/2","location_source":"powiat śremski (wfs)"}},{"type":"Feature","id":"ST-WK-SR/WNIOSEK/2585/2026::302604_5.0004.40/11","geometry":{"type":"Polygon","coordinates":[[[17.0657286775155,52.0901019723254],[17.0658320021604,52.0897481480316],[17.0693425795123,52.0896302230935],[17.0693715899991,52.0899891714174],[17.0687501297209,52.0900204257587],[17.0675412891521,52.090073100012],[17.0669489976922,52.0901097741964],[17.0666140447826,52.090120958432],[17.0661615692044,52.090126420451],[17.0657429938283,52.0901037225163],[17.0657286775155,52.0901019723254]]]},"properties":{"case_id":"ST-WK-SR/WNIOSEK/2585/2026","source_type":"wniosek_decyzja","received_date":"2026-02-12","decision_date":"2026-03-31","status":"decyzja wydana","description":"Budowa budynku mieszkalnego jednorodzinnego dwulokalowego","address":"Bystrzek","city":"Bystrzek","office":"Starosta Powiatu Śrem","case_kind":"Budynek mieszkalny jednorodzinny","parcel_ids":["302604_5.0004.40/11"],"location_quality":"dokładny","gunb_url":"https://wyszukiwarka.gunb.gov.pl/","parcel_count":1,"parcel_shard":"x068-y208","parcel_id":"302604_5.0004.40/11","location_source":"powiat śremski (wfs)"}},{"type":"Feature","id":"ST-WK-SR/WNIOSEK/2582/2026::302604_5.0004.40/11","geometry":{"type":"Polygon","coordinates":[[[17.0657286775155,52.0901019723254],[17.0658320021604,52.0897481480316],[17.0693425795123,52.0896302230935],[17.0693715899991,52.0899891714174],[17.0687501297209,52.0900204257587],[17.0675412891521,52.090073100012],[17.0669489976922,52.0901097741964],[17.0666140447826,52.090120958432],[17.0661615692044,52.090126420451],[17.0657429938283,52.0901037225163],[17.0657286775155,52.0901019723254]]]},"properties":{"case_id":"ST-WK-SR/WNIOSEK/2582/2026","source_type":"wniosek_decyzja","received_date":"2026-02-12","decision_date":"2026-03-31","status":"decyzja wydana","description":"Budowa budynku mieszkalnego jednorodzinnego dwulokalowego","address":"Bystrzek","city":"Bystrzek","office":"Starosta Powiatu Śrem","case_kind":"Budynek mieszkalny jednorodzinny","parcel_ids":["302604_5.0004.40/11"],"location_quality":"dokładny","gunb_url":"https://wyszukiwarka.gunb.gov.pl/","parcel_count":1,"parcel_shard":"x068-y208","parcel_id":"302604_5.0004.40/11","location_source":"powiat śremski (wfs)"}},{"type":"Feature","id":"ST-WK-SR/WNIOSEK/2761/2026::302604_5.0004.40/11","geometry":{"type":"Polygon","coordinates":[[[17.0657286775155,52.0901019723254],[17.0658320021604,52.0897481480316],[17.0693425795123,52.0896302230935],[17.0693715899991,52.0899891714174],[17.0687501297209,52.0900204257587],[17.0675412891521,52.090073100012],[17.0669489976922,52.0901097741964],[17.0666140447826,52.090120958432],[17.0661615692044,52.090126420451],[17.0657429938283,52.0901037225163],[17.0657286775155,52.0901019723254]]]},"properties":{"case_id":"ST-WK-SR/WNIOSEK/2761/2026","source_type":"wniosek_decyzja","received_date":"2026-02-16","decision_date":"2026-03-31","status":"decyzja wydana","description":"Budowa budynku mieszkalnego jednorodzinnego","address":"Bystrzek","city":"Bystrzek","office":"Starosta Powiatu Śrem","case_kind":"Budynek mieszkalny jednorodzinny","parcel_ids":["302604_5.0004.40/11"],"location_quality":"dokładny","gunb_url":"https://wyszukiwarka.gunb.gov.pl/","parcel_count":1,"parcel_shard":"x068-y208","parcel_id":"302604_5.0004.40/11","location_source":"powiat śremski (wfs)"}},{"type":"Feature","id":"ST-WK-SR/WNIOSEK/2787/2026::302604_5.0004.40/11","geometry":{"type":"Polygon","coordinates":[[[17.0657286775155,52.0901019723254],[17.0658320021604,52.0897481480316],[17.0693425795123,52.0896302230935],[17.0693715899991,52.0899891714174],[17.0687501297209,52.0900204257587],[17.0675412891521,52.090073100012],[17.0669489976922,52.0901097741964],[17.0666140447826,52.090120958432],[17.0661615692044,52.090126420451],[17.0657429938283,52.0901037225163],[17.0657286775155,52.0901019723254]]]},"properties":{"case_id":"ST-WK-SR/WNIOSEK/2787/2026","source_type":"wniosek_decyzja","received_date":"2026-02-16","decision_date":"2026-03-31","status":"decyzja wydana","description":"Budowa budynku mieszkalnego jednorodzinnego dwulokalowego","address":"Bystrzek","city":"Bystrzek","office":"Starosta Powiatu Śrem","case_kind":"Budynek mieszkalny jednorodzinny","parcel_ids":["302604_5.0004.40/11"],"location_quality":"dokładny","gunb_url":"https://wyszukiwarka.gunb.gov.pl/","parcel_count":1,"parcel_shard":"x068-y208","parcel_id":"302604_5.0004.40/11","location_source":"powiat śremski (wfs)"}},{"type":"Feature","id":"ST-WK-SR/WNIOSEK/2576/2026::302604_5.0004.40/11","geometry":{"type":"Polygon","coordinates":[[[17.0657286775155,52.0901019723254],[17.0658320021604,52.0897481480316],[17.0693425795123,52.0896302230935],[17.0693715899991,52.0899891714174],[17.0687501297209,52.0900204257587],[17.0675412891521,52.090073100012],[17.0669489976922,52.0901097741964],[17.0666140447826,52.090120958432],[17.0661615692044,52.090126420451],[17.0657429938283,52.0901037225163],[17.0657286775155,52.0901019723254]]]},"properties":{"case_id":"ST-WK-SR/WNIOSEK/2576/2026","source_type":"wniosek_decyzja","received_date":"2026-02-12","decision_date":"2026-03-31","status":"decyzja wydana","description":"Budowa budynku mieszkalnego jednorodzinnego dwulokalowego","address":"Bystrzek","city":"Bystrzek","office":"Starosta Powiatu Śrem","case_kind":"Budynek mieszkalny jednorodzinny","parcel_ids":["302604_5.0004.40/11"],"location_quality":"dokładny","gunb_url":"https://wyszukiwarka.gunb.gov.pl/","parcel_count":1,"parcel_shard":"x068-y208","parcel_id":"302604_5.0004.40/11","location_source":"powiat śremski (wfs)"}},{"type":"Feature","id":"ST-WK-SR/WNIOSEK/2577/2026::302604_5.0004.40/11","geometry":{"type":"Polygon","coordinates":[[[17.0657286775155,52.0901019723254],[17.0658320021604,52.0897481480316],[17.0693425795123,52.0896302230935],[17.0693715899991,52.0899891714174],[17.0687501297209,52.0900204257587],[17.0675412891521,52.090073100012],[17.0669489976922,52.0901097741964],[17.0666140447826,52.090120958432],[17.0661615692044,52.090126420451],[17.0657429938283,52.0901037225163],[17.0657286775155,52.0901019723254]]]},"properties":{"case_id":"ST-WK-SR/WNIOSEK/2577/2026","source_type":"wniosek_decyzja","received_date":"2026-02-12","decision_date":"2026-03-31","status":"decyzja wydana","description":"Budowa budynku mieszkalnego dwulokalowego","address":"Bystrzek","city":"Bystrzek","office":"Starosta Powiatu Śrem","case_kind":"Budynek mieszkalny jednorodzinny","parcel_ids":["302604_5.0004.40/11"],"location_quality":"dokładny","gunb_url":"https://wyszukiwarka.gunb.gov.pl/","parcel_count":1,"parcel_shard":"x068-y208","parcel_id":"302604_5.0004.40/11","location_source":"powiat śremski (wfs)"}},{"type":"Feature","id":"ST-WK-SR/WNIOSEK/2845/2026::302604_5.0004.40/11","geometry":{"type":"Polygon","coordinates":[[[17.0657286775155,52.0901019723254],[17.0658320021604,52.0897481480316],[17.0693425795123,52.0896302230935],[17.0693715899991,52.0899891714174],[17.0687501297209,52.0900204257587],[17.0675412891521,52.090073100012],[17.0669489976922,52.0901097741964],[17.0666140447826,52.090120958432],[17.0661615692044,52.090126420451],[17.0657429938283,52.0901037225163],[17.0657286775155,52.0901019723254]]]},"properties":{"case_id":"ST-WK-SR/WNIOSEK/2845/2026","source_type":"wniosek_decyzja","received_date":"2026-02-16","decision_date":"2026-03-31","status":"decyzja wydana","description":"Budowa budynku mieszkalnego jednorodzinnego dwulokalowego","address":"Bystrzek","city":"Bystrzek","office":"Starosta Powiatu Śrem","case_kind":"Budynek mieszkalny jednorodzinny","parcel_ids":["302604_5.0004.40/11"],"location_quality":"dokładny","gunb_url":"https://wyszukiwarka.gunb.gov.pl/","parcel_count":1,"parcel_shard":"x068-y208","parcel_id":"302604_5.0004.40/11","location_source":"powiat śremski (wfs)"}},{"type":"Feature","id":"ST-WK-SR/WNIOSEK/2848/2026::302604_5.0004.40/11","geometry":{"type":"Polygon","coordinates":[[[17.0657286775155,52.0901019723254],[17.0658320021604,52.0897481480316],[17.0693425795123,52.0896302230935],[17.0693715899991,52.0899891714174],[17.0687501297209,52.0900204257587],[17.0675412891521,52.090073100012],[17.0669489976922,52.0901097741964],[17.0666140447826,52.090120958432],[17.0661615692044,52.090126420451],[17.0657429938283,52.0901037225163],[17.0657286775155,52.0901019723254]]]},"properties":{"case_id":"ST-WK-SR/WNIOSEK/2848/2026","source_type":"wniosek_decyzja","received_date":"2026-02-16","decision_date":"2026-03-31","status":"decyzja wydana","description":"Budowa budynku mieszkalnego jednorodzinnego dwulokalowego","address":"Bystrzek","city":"Bystrzek","office":"Starosta Powiatu Śrem","case_kind":"Budynek mieszkalny jednorodzinny","parcel_ids":["302604_5.0004.40/11"],"location_quality":"dokładny","gunb_url":"https://wyszukiwarka.gunb.gov.pl/","parcel_count":1,"parcel_shard":"x068-y208","parcel_id":"302604_5.0004.40/11","location_source":"powiat śremski (wfs)"}},{"type":"Feature","id":"ST-WK-SR/WNIOSEK/2791/2026::302604_5.0004.40/11","geometry":{"type":"Polygon","coordinates":[[[17.0657286775155,52.0901019723254],[17.0658320021604,52.0897481480316],[17.0693425795123,52.0896302230935],[17.0693715899991,52.0899891714174],[17.0687501297209,52.0900204257587],[17.0675412891521,52.090073100012],[17.0669489976922,52.0901097741964],[17.0666140447826,52.090120958432],[17.0661615692044,52.090126420451],[17.0657429938283,52.0901037225163],[17.0657286775155,52.0901019723254]]]},"properties":{"case_id":"ST-WK-SR/WNIOSEK/2791/2026","source_type":"wniosek_decyzja","received_date":"2026-02-16","decision_date":"2026-03-31","status":"decyzja wydana","description":"Budowa budynku mieszkalnego jednorodzinnego dwulokalowego","address":"Bystrzek","city":"Bystrzek","office":"Starosta Powiatu Śrem","case_kind":"Budynek mieszkalny jednorodzinny","parcel_ids":["302604_5.0004.40/11"],"location_quality":"dokładny","gunb_url":"https://wyszukiwarka.gunb.gov.pl/","parcel_count":1,"parcel_shard":"x068-y208","parcel_id":"302604_5.0004.40/11","location_source":"powiat śremski (wfs)"}},{"type":"Feature","id":"ST-WK-SR/WNIOSEK/25332/2025::302604_5.0004.70/12","geometry":{"type":"Polygon","coordinates":[[[17.0889159791082,52.0867501492547],[17.0894361575923,52.0868706555854],[17.0893410575103,52.0870268548761],[17.0887464929323,52.0870554266249],[17.088731596407,52.0870561204101],[17.0889159791082,52.0867501492547]]]},"properties":{"case_id":"ST-WK-SR/WNIOSEK/25332/2025","source_type":"wniosek_decyzja","received_date":"2025-12-12","decision_date":"2026-03-02","status":"decyzja wydana","description":"Budowa budynku mieszkalnego jednorodzinnego","address":"Bystrzek","city":"Bystrzek","office":"Starosta Powiatu Śrem","case_kind":"Budynek mieszkalny jednorodzinny","parcel_ids":["302604_5.0004.70/12"],"location_quality":"dokładny","gunb_url":"https://wyszukiwarka.gunb.gov.pl/","parcel_count":1,"parcel_shard":"x068-y208","parcel_id":"302604_5.0004.70/12","location_source":"powiat śremski (wfs)"}},{"type":"Feature","id":"ST-WK-SR/ZGŁOSZENIE/1539/2026::302604_5.0006.133/7","geometry":{"type":"Polygon","coordinates":[[[17.1149767996651,52.1143622248541],[17.1162818513095,52.1146575561831],[17.1161530674798,52.1148785390101],[17.1155559367638,52.1147322978715],[17.1148363009281,52.114556482505],[17.1149767996651,52.1143622248541]]]},"properties":{"case_id":"ST-WK-SR/ZGŁOSZENIE/1539/2026","source_type":"zgloszenie","received_date":"2026-05-14","decision_date":null,"status":"Brak sprzeciwu","description":"Budowa budynku mieszkalnego jednorodzinnego","address":"Dąbrowa","city":"Dąbrowa","office":"Starosta Powiatu Śrem","case_kind":"budowa nowego/nowych obiektów budowlanych","parcel_ids":["302604_5.0006.133/7"],"location_quality":"dokładny","gunb_url":"https://wyszukiwarka.gunb.gov.pl/","parcel_count":1,"parcel_shard":"x068-y208","parcel_id":"302604_5.0006.133/7","location_source":"powiat śremski (wfs)"}},{"type":"Feature","id":"ST-WK-SR/WNIOSEK/25715/2025::302604_5.0006.143/9","geometry":{"type":"Polygon","coordinates":[[[17.1154447055052,52.1126279509748],[17.1152487392829,52.1131626409877],[17.1143557484882,52.1131019180846],[17.1143876307129,52.1130401393726],[17.1142879111283,52.1130184479488],[17.1144891862974,52.1126228635362],[17.1147598699767,52.1120911801054],[17.1148486882387,52.1120661408199],[17.1155800640717,52.1122604268224],[17.1163184963567,52.1124616994676],[17.1161385302296,52.1127178401841],[17.1154447055052,52.1126279509748]]]},"properties":{"case_id":"ST-WK-SR/WNIOSEK/25715/2025","source_type":"wniosek_decyzja","received_date":"2025-12-15","decision_date":"2026-03-16","status":"decyzja wydana","description":"Budowa wiaty o konstrukcji typu Caroprt","address":"Dąbrowa","city":"Dąbrowa","office":"Starosta Powiatu Śrem","case_kind":"Obiekt budowlany inny niż budynek mieszkalny jednorodzinny","parcel_ids":["302604_5.0006.143/9"],"location_quality":"dokładny","gunb_url":"https://wyszukiwarka.gunb.gov.pl/","parcel_count":1,"parcel_shard":"x068-y208","parcel_id":"302604_5.0006.143/9","location_source":"powiat śremski (wfs)"}},{"type":"Feature","id":"ST-WK-SR/ZGŁOSZENIE/4149/2025::302604_5.0006.170","geometry":{"type":"Polygon","coordinates":[[[17.1206842858845,52.1193128976704],[17.1198809719572,52.1189437592478],[17.1188844903046,52.1184870222535],[17.1183558990213,52.1182447986258],[17.1181916356588,52.1181694670552],[17.1180096412632,52.1180858156074],[17.1179240858895,52.1180466566774],[17.1176586092834,52.1179247285566],[17.1176486250621,52.1179201597682],[17.1173949751178,52.1178037525808],[17.1173136579344,52.1177663824017],[17.1171169640597,52.1177231365121],[17.1169053019299,52.1176765892673],[17.1167170452626,52.1176352151577],[17.1165616384821,52.1176010312755],[17.1164399496051,52.1175742739611],[17.1160760936589,52.1174942086219],[17.1161482336176,52.1174148799034],[17.1172858990345,52.1176684038344],[17.1174021005838,52.1176943304306],[17.1185122107909,52.1182035432842],[17.1188682379626,52.1183651929523],[17.1191544498073,52.11849813702],[17.1196694869825,52.1187343072283],[17.1201378792299,52.1189489887442],[17.12060613044,52.1191637590651],[17.120756210371,52.1192335737688],[17.1206842858845,52.1193128976704]]]},"properties":{"case_id":"ST-WK-SR/ZGŁOSZENIE/4149/2025","source_type":"zgloszenie","received_date":"2025-12-23","decision_date":null,"status":"Brak sprzeciwu","description":"Budowa linii kablowej SN 15 kV z trzema słupami krańcowymi SN 15 kV oraz demontaż odcinka linii SN 15 kV.","address":"Dąbrowa","city":"Dąbrowa","office":"Starosta Powiatu Śrem","case_kind":"budowa nowego/nowych obiektów budowlanych","parcel_ids":["302604_5.0006.170","302604_5.0006.423/12","302604_5.0006.423/13"],"location_quality":"dokładny","gunb_url":"https://wyszukiwarka.gunb.gov.pl/","parcel_count":3,"parcel_shard":"x068-y208","parcel_id":"302604_5.0006.170","location_source":"powiat śremski (wfs)"}},{"type":"Feature","id":"ST-WK-SR/ZGŁOSZENIE/4149/2025::302604_5.0006.423/12","geometry":{"type":"Polygon","coordinates":[[[17.1175718395525,52.118533115185],[17.117762335618,52.1183357231329],[17.1180985332048,52.1184586510225],[17.1178753892599,52.1186441428781],[17.1175718395525,52.118533115185]]]},"properties":{"case_id":"ST-WK-SR/ZGŁOSZENIE/4149/2025","source_type":"zgloszenie","received_date":"2025-12-23","decision_date":null,"status":"Brak sprzeciwu","description":"Budowa linii kablowej SN 15 kV z trzema słupami krańcowymi SN 15 kV oraz demontaż odcinka linii SN 15 kV.","address":"Dąbrowa","city":"Dąbrowa","office":"Starosta Powiatu Śrem","case_kind":"budowa nowego/nowych obiektów budowlanych","parcel_ids":["302604_5.0006.170","302604_5.0006.423/12","302604_5.0006.423/13"],"location_quality":"dokładny","gunb_url":"https://wyszukiwarka.gunb.gov.pl/","parcel_count":3,"parcel_shard":"x068-y208","parcel_id":"302604_5.0006.423/12","location_source":"powiat śremski (wfs)"}},{"type":"Feature","id":"ST-WK-SR/ZGŁOSZENIE/4149/2025::302604_5.0006.423/13","geometry":{"type":"Polygon","coordinates":[[[17.1180985332048,52.1184586510225],[17.117762335618,52.1183357231329],[17.117456902876,52.1182240518719],[17.1171514716747,52.1181123798233],[17.1168460420139,52.118000706987],[17.1167785189319,52.1179760570791],[17.1163577469072,52.11794410859],[17.1158376116045,52.1177774344043],[17.1159214216114,52.1176780458561],[17.1160871180523,52.1177307816635],[17.1160568465789,52.1177666533707],[17.1162310833696,52.1178224486493],[17.1163929997368,52.1178743551979],[17.1166659134536,52.1178950953498],[17.116817241319,52.117906565268],[17.1169079866142,52.1179396920923],[17.1171709424128,52.1180358568138],[17.1174414373506,52.1181347738194],[17.1177354181636,52.1182422249025],[17.1179902608483,52.1183353609945],[17.1181182260476,52.1183198328391],[17.1182096175952,52.1182438845436],[17.1181916356588,52.1181694670552],[17.1183558990213,52.1182447986258],[17.1180985332048,52.1184586510225]]]},"properties":{"case_id":"ST-WK-SR/ZGŁOSZENIE/4149/2025","source_type":"zgloszenie","received_date":"2025-12-23","decision_date":null,"status":"Brak sprzeciwu","description":"Budowa linii kablowej SN 15 kV z trzema słupami krańcowymi SN 15 kV oraz demontaż odcinka linii SN 15 kV.","address":"Dąbrowa","city":"Dąbrowa","office":"Starosta Powiatu Śrem","case_kind":"budowa nowego/nowych obiektów budowlanych","parcel_ids":["302604_5.0006.170","302604_5.0006.423/12","302604_5.0006.423/13"],"location_quality":"dokładny","gunb_url":"https://wyszukiwarka.gunb.gov.pl/","parcel_count":3,"parcel_shard":"x068-y208","parcel_id":"302604_5.0006.423/13","location_source":"powiat śremski (wfs)"}},{"type":"Feature","id":"ST-WK-SR/WNIOSEK/13841/2026::302604_5.0006.224/6","geometry":{"type":"Polygon","coordinates":[[[17.1405282084975,52.1149458170126],[17.1399385805367,52.1150348200697],[17.1399173932763,52.1150380295859],[17.1398356963817,52.1148353421061],[17.1404468343286,52.1147443449211],[17.1405282084975,52.1149458170126]]]},"properties":{"case_id":"ST-WK-SR/WNIOSEK/13841/2026","source_type":"wniosek_decyzja","received_date":"2026-07-20","decision_date":"2026-08-26","status":"decyzja wydana","description":"Projekt zamienny: Budowa budynku mieszkalnego jednorodzinnego.","address":"Grodzewo","city":"Grodzewo","office":"Starosta Powiatu Śrem","case_kind":"Budynek mieszkalny jednorodzinny","parcel_ids":["302604_5.0006.224/6","302604_5.0006.224/8"],"location_quality":"dokładny","gunb_url":"https://wyszukiwarka.gunb.gov.pl/","parcel_count":2,"parcel_shard":"x068-y208","parcel_id":"302604_5.0006.224/6","location_source":"powiat śremski (wfs)"}},{"type":"Feature","id":"ST-WK-SR/WNIOSEK/13841/2026::302604_5.0006.224/8","geometry":{"type":"Polygon","coordinates":[[[17.1399385805367,52.1150348200697],[17.1405282084975,52.1149458170126],[17.1406612203554,52.1152800718767],[17.1401039352242,52.115364182547],[17.1399953131602,52.1150910501367],[17.1399385805367,52.1150348200697]]]},"properties":{"case_id":"ST-WK-SR/WNIOSEK/13841/2026","source_type":"wniosek_decyzja","received_date":"2026-07-20","decision_date":"2026-08-26","status":"decyzja wydana","description":"Projekt zamienny: Budowa budynku mieszkalnego jednorodzinnego.","address":"Grodzewo","city":"Grodzewo","office":"Starosta Powiatu Śrem","case_kind":"Budynek mieszkalny jednorodzinny","parcel_ids":["302604_5.0006.224/6","302604_5.0006.224/8"],"location_quality":"dokładny","gunb_url":"https://wyszukiwarka.gunb.gov.pl/","parcel_count":2,"parcel_shard":"x068-y208","parcel_id":"302604_5.0006.224/8","location_source":"powiat śremski (wfs)"}},{"type":"Feature","id":"ST-WK-SR/WNIOSEK/544/2026::302604_5.0006.230/4","geometry":{"type":"Polygon","coordinates":[[[17.1404217804204,52.1181569527243],[17.1403952420239,52.1180868316841],[17.1404867945926,52.1180713204562],[17.1408459709664,52.1180105718234],[17.1410289294226,52.1179795475369],[17.1410567878111,52.118049408415],[17.1408738290711,52.1180804327416],[17.1404217804204,52.1181569527243]]]},"properties":{"case_id":"ST-WK-SR/WNIOSEK/544/2026","source_type":"wniosek_decyzja","received_date":"2026-01-09","decision_date":"2026-02-23","status":"decyzja wydana","description":"Budowa sieci wodociągowej","address":"Grodzewo","city":"Grodzewo","office":"Starosta Powiatu Śrem","case_kind":"Obiekt budowlany inny niż budynek mieszkalny jednorodzinny","parcel_ids":["302604_5.0006.230/4","302604_5.0006.230/5","302604_5.0006.233","302604_5.0006.240/1"],"location_quality":"dokładny","gunb_url":"https://wyszukiwarka.gunb.gov.pl/","parcel_count":4,"parcel_shard":"x068-y208","parcel_id":"302604_5.0006.230/4","location_source":"powiat śremski (wfs)"}},{"type":"Feature","id":"ST-WK-SR/WNIOSEK/544/2026::302604_5.0006.230/5","geometry":{"type":"Polygon","coordinates":[[[17.1410567878111,52.118049408415],[17.1417824749696,52.1200697387784],[17.141745636779,52.1203000158638],[17.14166177866,52.1200667930013],[17.1415166667009,52.1196627094076],[17.141373633195,52.119264572895],[17.1412326815085,52.1188722037412],[17.1410936741563,52.1184851515305],[17.140959795964,52.1181124276032],[17.1408738290711,52.1180804327416],[17.1410567878111,52.118049408415]]]},"properties":{"case_id":"ST-WK-SR/WNIOSEK/544/2026","source_type":"wniosek_decyzja","received_date":"2026-01-09","decision_date":"2026-02-23","status":"decyzja wydana","description":"Budowa sieci wodociągowej","address":"Grodzewo","city":"Grodzewo","office":"Starosta Powiatu Śrem","case_kind":"Obiekt budowlany inny niż budynek mieszkalny jednorodzinny","parcel_ids":["302604_5.0006.230/4","302604_5.0006.230/5","302604_5.0006.233","302604_5.0006.240/1"],"location_quality":"dokładny","gunb_url":"https://wyszukiwarka.gunb.gov.pl/","parcel_count":4,"parcel_shard":"x068-y208","parcel_id":"302604_5.0006.230/5","location_source":"powiat śremski (wfs)"}},{"type":"Feature","id":"ST-WK-SR/WNIOSEK/544/2026::302604_5.0006.233","geometry":{"type":"Polygon","coordinates":[[[17.1411303631543,52.1205864094179],[17.1404609399174,52.1187660158563],[17.1402482794444,52.1181875204453],[17.140048775657,52.1176379168703],[17.1402135016513,52.1176067992907],[17.1402298978723,52.1176500618262],[17.1403787098898,52.1180430288922],[17.1403952420239,52.1180868316841],[17.1404217804204,52.1181569527243],[17.140572814034,52.1185560476237],[17.1407189912758,52.1189420741264],[17.1408672554639,52.1193335983736],[17.1410176049806,52.1197307102316],[17.141170179,52.1201337702136],[17.1413818138691,52.1206928443445],[17.1411303631543,52.1205864094179]]]},"properties":{"case_id":"ST-WK-SR/WNIOSEK/544/2026","source_type":"wniosek_decyzja","received_date":"2026-01-09","decision_date":"2026-02-23","status":"decyzja wydana","description":"Budowa sieci wodociągowej","address":"Grodzewo","city":"Grodzewo","office":"Starosta Powiatu Śrem","case_kind":"Obiekt budowlany inny niż budynek mieszkalny jednorodzinny","parcel_ids":["302604_5.0006.230/4","302604_5.0006.230/5","302604_5.0006.233","302604_5.0006.240/1"],"location_quality":"dokładny","gunb_url":"https://wyszukiwarka.gunb.gov.pl/","parcel_count":4,"parcel_shard":"x068-y208","parcel_id":"302604_5.0006.233","location_source":"powiat śremski (wfs)"}},{"type":"Feature","id":"ST-WK-SR/WNIOSEK/544/2026::302604_5.0006.240/1","geometry":{"type":"Polygon","coordinates":[[[17.1400012000546,52.1182281376092],[17.1399727820915,52.1181583525448],[17.1400256578969,52.11814966019],[17.1400911544209,52.1180845245707],[17.1399996429836,52.1178323695383],[17.1399155296645,52.1176055249984],[17.140048775657,52.1176379168703],[17.1402482794444,52.1181875204453],[17.1400012000546,52.1182281376092]]]},"properties":{"case_id":"ST-WK-SR/WNIOSEK/544/2026","source_type":"wniosek_decyzja","received_date":"2026-01-09","decision_date":"2026-02-23","status":"decyzja wydana","description":"Budowa sieci wodociągowej","address":"Grodzewo","city":"Grodzewo","office":"Starosta Powiatu Śrem","case_kind":"Obiekt budowlany inny niż budynek mieszkalny jednorodzinny","parcel_ids":["302604_5.0006.230/4","302604_5.0006.230/5","302604_5.0006.233","302604_5.0006.240/1"],"location_quality":"dokładny","gunb_url":"https://wyszukiwarka.gunb.gov.pl/","parcel_count":4,"parcel_shard":"x068-y208","parcel_id":"302604_5.0006.240/1","location_source":"powiat śremski (wfs)"}},{"type":"Feature","id":"ST-WK-SR/WNIOSEK/8260/2026::302604_5.0006.245/6","geometry":{"type":"Polygon","coordinates":[[[17.1388542024821,52.1168487084867],[17.1387521178242,52.116585060261],[17.1394671181623,52.1164773897314],[17.1395519246533,52.1166907575217],[17.139490035083,52.1167506161792],[17.1388542024821,52.1168487084867]]]},"properties":{"case_id":"ST-WK-SR/WNIOSEK/8260/2026","source_type":"wniosek_decyzja","received_date":"2026-04-29","decision_date":"2026-06-08","status":"decyzja wydana","description":"Budowa budynku mieszkalnego jednorodzinnego wraz ze zbiornikiem bezodpływowym","address":"Grodzewo","city":"Grodzewo","office":"Starosta Powiatu Śrem","case_kind":"Budynek mieszkalny jednorodzinny","parcel_ids":["302604_5.0006.245/6"],"location_quality":"dokładny","gunb_url":"https://wyszukiwarka.gunb.gov.pl/","parcel_count":1,"parcel_shard":"x068-y208","parcel_id":"302604_5.0006.245/6","location_source":"powiat śremski (wfs)"}},{"type":"Feature","id":"ST-WK-SR/WNIOSEK/22698/2025::302604_5.0006.248/19","geometry":{"type":"Polygon","coordinates":[[[17.1353482604772,52.1155395809083],[17.1357815499373,52.1154764027119],[17.1359496389804,52.1159494098386],[17.1355147407805,52.1160079705454],[17.1353482604772,52.1155395809083]]]},"properties":{"case_id":"ST-WK-SR/WNIOSEK/22698/2025","source_type":"wniosek_decyzja","received_date":"2025-11-05","decision_date":"2026-01-19","status":"decyzja wydana","description":"Budowa budynku mieszkalnego jednorodzinnego dwulokalowego wraz ze zbiornikami bezodpływowymi","address":"Niesłabin","city":"Niesłabin","office":"Starosta Powiatu Śrem","case_kind":"Budynek mieszkalny jednorodzinny","parcel_ids":["302604_5.0006.248/19"],"location_quality":"dokładny","gunb_url":"https://wyszukiwarka.gunb.gov.pl/","parcel_count":1,"parcel_shard":"x068-y208","parcel_id":"302604_5.0006.248/19","location_source":"powiat śremski (wfs)"}},{"type":"Feature","id":"ST-WK-SR/WNIOSEK/19182/2025::302604_5.0006.248/21","geometry":{"type":"Polygon","coordinates":[[[17.1363903908488,52.1158900814754],[17.1362206289416,52.115412377361],[17.1363641268839,52.1153914243653],[17.1366166714324,52.115354518252],[17.1367960112013,52.1158354377483],[17.1363903908488,52.1158900814754]]]},"properties":{"case_id":"ST-WK-SR/WNIOSEK/19182/2025","source_type":"wniosek_decyzja","received_date":"2025-09-19","decision_date":"2025-12-12","status":"decyzja wydana","description":"Budowa budynku mieszkalnego jednorodzinnego dwulokalowego","address":"Grodzewo","city":"Grodzewo","office":"Starosta Powiatu Śrem","case_kind":"Budynek mieszkalny jednorodzinny","parcel_ids":["302604_5.0006.248/21"],"location_quality":"dokładny","gunb_url":"https://wyszukiwarka.gunb.gov.pl/","parcel_count":1,"parcel_shard":"x068-y208","parcel_id":"302604_5.0006.248/21","location_source":"powiat śremski (wfs)"}},{"type":"Feature","id":"ST-WK-SR/WNIOSEK/22702/2025::302604_5.0006.248/22","geometry":{"type":"Polygon","coordinates":[[[17.1367960112013,52.1158354377483],[17.1366166714324,52.115354518252],[17.1367335572199,52.1153374815078],[17.1370087576344,52.1152973478999],[17.1371815759812,52.1157835220659],[17.1367960112013,52.1158354377483]]]},"properties":{"case_id":"ST-WK-SR/WNIOSEK/22702/2025","source_type":"wniosek_decyzja","received_date":"2025-11-05","decision_date":"2026-01-19","status":"decyzja wydana","description":"Budowa budynku mieszkalnego jednorodzinnego dwulokalowego wraz ze zbiornikami bezodpływowymi","address":"Dąbrowa","city":"Dąbrowa","office":"Starosta Powiatu Śrem","case_kind":"Budynek mieszkalny jednorodzinny","parcel_ids":["302604_5.0006.248/22"],"location_quality":"dokładny","gunb_url":"https://wyszukiwarka.gunb.gov.pl/","parcel_count":1,"parcel_shard":"x068-y208","parcel_id":"302604_5.0006.248/22","location_source":"powiat śremski (wfs)"}},{"type":"Feature","id":"ST-WK-SR/WNIOSEK/22791/2025::302604_5.0006.248/23","geometry":{"type":"Polygon","coordinates":[[[17.1371815759812,52.1157835220659],[17.1370087576344,52.1152973478999],[17.1371029877088,52.1152836273112],[17.137380424362,52.1152431670265],[17.1375906054497,52.1157284629541],[17.1371815759812,52.1157835220659]]]},"properties":{"case_id":"ST-WK-SR/WNIOSEK/22791/2025","source_type":"wniosek_decyzja","received_date":"2025-11-05","decision_date":"2026-01-20","status":"decyzja wydana","description":"Budynek mieszkalny jednorodzinny dwulokalowy","address":"Dąbrowa","city":"Dąbrowa","office":"Starosta Powiatu Śrem","case_kind":"Budynek mieszkalny jednorodzinny","parcel_ids":["302604_5.0006.248/23"],"location_quality":"dokładny","gunb_url":"https://wyszukiwarka.gunb.gov.pl/","parcel_count":1,"parcel_shard":"x068-y208","parcel_id":"302604_5.0006.248/23","location_source":"powiat śremski (wfs)"}},{"type":"Feature","id":"ST-WK-SR/WNIOSEK/7432/2026::302604_5.0006.248/32","geometry":{"type":"Polygon","coordinates":[[[17.1357643343435,52.1167889808778],[17.1352900012582,52.1165574459822],[17.1351925568095,52.1165341098162],[17.1350270318996,52.1161473050437],[17.1355529816842,52.1160764707971],[17.1358040153333,52.1167830699032],[17.1357643343435,52.1167889808778]]]},"properties":{"case_id":"ST-WK-SR/WNIOSEK/7432/2026","source_type":"wniosek_decyzja","received_date":"2026-04-20","decision_date":"2026-05-13","status":"decyzja wydana","description":"Budowa budynku mieszkalnego jednorodzinnego","address":"Dąbrowa","city":"Dąbrowa","office":"Starosta Powiatu Śrem","case_kind":"Budynek mieszkalny jednorodzinny","parcel_ids":["302604_5.0006.248/32"],"location_quality":"dokładny","gunb_url":"https://wyszukiwarka.gunb.gov.pl/","parcel_count":1,"parcel_shard":"x068-y208","parcel_id":"302604_5.0006.248/32","location_source":"powiat śremski (wfs)"}},{"type":"Feature","id":"ST-WK-SR/WNIOSEK/927/2026::302604_5.0006.248/8","geometry":{"type":"Polygon","coordinates":[[[17.1379736176674,52.114578442795],[17.1382009064682,52.115164076537],[17.1379389267268,52.1152025005308],[17.1377203731085,52.1146562933077],[17.1378136228321,52.11463749962],[17.1379736176674,52.114578442795]]]},"properties":{"case_id":"ST-WK-SR/WNIOSEK/927/2026","source_type":"wniosek_decyzja","received_date":"2026-01-16","decision_date":"2026-03-10","status":"decyzja wydana","description":"Zabudowa istniejącego zadaszonego tarasu wraz z przebudową budynku mieszkalnego jednorodzinnego.","address":"33, Grodzewo","city":"Grodzewo","office":"Starosta Powiatu Śrem","case_kind":"Budynek mieszkalny jednorodzinny","parcel_ids":["302604_5.0006.248/8"],"location_quality":"dokładny","gunb_url":"https://wyszukiwarka.gunb.gov.pl/","parcel_count":1,"parcel_shard":"x068-y208","parcel_id":"302604_5.0006.248/8","location_source":"powiat śremski (wfs)"}},{"type":"Feature","id":"ST-WK-SR/WNIOSEK/8918/2026::302604_5.0006.344/7","geometry":{"type":"Polygon","coordinates":[[[17.1100816189793,52.1096775228786],[17.110439144335,52.1097225414449],[17.1103074487367,52.1101187986321],[17.1099856407959,52.1100782562007],[17.1099557406291,52.1100561373586],[17.1100816189793,52.1096775228786]]]},"properties":{"case_id":"ST-WK-SR/WNIOSEK/8918/2026","source_type":"wniosek_decyzja","received_date":"2026-05-11","decision_date":"2026-07-09","status":"decyzja wydana","description":"Budowa budynku mieszkalnego dwulokalowego","address":"Dąbrowa","city":"Dąbrowa","office":"Starosta Powiatu Śrem","case_kind":"Budynek mieszkalny jednorodzinny","parcel_ids":["302604_5.0006.344/7"],"location_quality":"dokładny","gunb_url":"https://wyszukiwarka.gunb.gov.pl/","parcel_count":1,"parcel_shard":"x068-y208","parcel_id":"302604_5.0006.344/7","location_source":"powiat śremski (wfs)"}},{"type":"Feature","id":"ST-WK-SR/ZGŁOSZENIE/2853/2025::302604_5.0006.344/9","geometry":{"type":"Polygon","coordinates":[[[17.1104493797463,52.11078933093],[17.1105296840417,52.1107628505584],[17.1106676425233,52.1103018615851],[17.1106093955335,52.1102485689019],[17.1102782062339,52.1102068528922],[17.1099207056254,52.1101618215605],[17.1095632058402,52.1101167890805],[17.1095778348788,52.1100727550948],[17.1095983154918,52.1100111074984],[17.1099557406291,52.1100561373586],[17.1099856407959,52.1100782562007],[17.1103074487367,52.1101187986321],[17.1106358365456,52.1101601689755],[17.1107205765081,52.110124979694],[17.1108264166979,52.1097713042654],[17.1109679393513,52.1097893667884],[17.1109165436129,52.1099660458064],[17.1108811710726,52.1100784005924],[17.1108117545586,52.1103096814892],[17.1107440655893,52.1105421438331],[17.1106515099804,52.1108430880207],[17.1104493797463,52.11078933093]]]},"properties":{"case_id":"ST-WK-SR/ZGŁOSZENIE/2853/2025","source_type":"zgloszenie","received_date":"2025-09-09","decision_date":null,"status":"Brak sprzeciwu","description":"Rozbudowa sieci wodociągowej","address":"Dąbrowa","city":"Dąbrowa","office":"Starosta Powiatu Śrem","case_kind":"rozbudowa istniejącego/istniejących obiektów budowlanych","parcel_ids":["302604_5.0006.344/9"],"location_quality":"dokładny","gunb_url":"https://wyszukiwarka.gunb.gov.pl/","parcel_count":1,"parcel_shard":"x068-y208","parcel_id":"302604_5.0006.344/9","location_source":"powiat śremski (wfs)"}},{"type":"Feature","id":"ST-WK-SR/WNIOSEK/20116/2025::302604_5.0006.345/6","geometry":{"type":"Polygon","coordinates":[[[17.1108117545586,52.1103096814892],[17.1108811710726,52.1100784005924],[17.1117021093383,52.1101768068443],[17.1116296371066,52.1104077955481],[17.1108117545586,52.1103096814892]]]},"properties":{"case_id":"ST-WK-SR/WNIOSEK/20116/2025","source_type":"wniosek_decyzja","received_date":"2025-10-02","decision_date":"2026-02-18","status":"decyzja wydana","description":"Budowa budynku mieszkalnego jednorodzinnego","address":"Dąbrowa","city":"Dąbrowa","office":"Starosta Powiatu Śrem","case_kind":"Budynek mieszkalny jednorodzinny","parcel_ids":["302604_5.0006.345/6"],"location_quality":"dokładny","gunb_url":"https://wyszukiwarka.gunb.gov.pl/","parcel_count":1,"parcel_shard":"x068-y208","parcel_id":"302604_5.0006.345/6","location_source":"powiat śremski (wfs)"}},{"type":"Feature","id":"ST-WK-SR/ZGŁOSZENIE/3818/2025::302604_5.0006.423/1","geometry":{"type":"Polygon","coordinates":[[[17.1164399496051,52.1175742739611],[17.1162310833696,52.1178224486493],[17.1160568465789,52.1177666533707],[17.1160871180523,52.1177307816635],[17.1159214216114,52.1176780458561],[17.1160760936589,52.1174942086219],[17.1164399496051,52.1175742739611]]]},"properties":{"case_id":"ST-WK-SR/ZGŁOSZENIE/3818/2025","source_type":"zgloszenie","received_date":"2025-11-27","decision_date":null,"status":"Brak sprzeciwu","description":"Budowa dwóch zbiorników podziemnych o pojemności 6700dm3 każdy wraz z siecią gazową ś/c oraz przyłączami","address":"Dąbrowa","city":"Dąbrowa","office":"Starosta Powiatu Śrem","case_kind":"budowa nowego/nowych obiektów budowlanych","parcel_ids":["302604_5.0006.423/1","302604_5.0006.423/10","302604_5.0006.423/11","302604_5.0006.423/12","302604_5.0006.423/13","302604_5.0006.423/2","302604_5.0006.423/3","302604_5.0006.423/4","302604_5.0006.423/5","302604_5.0006.423/6","302604_5.0006.423/7","302604_5.0006.423/8","302604_5.0006.423/9"],"location_quality":"dokładny","gunb_url":"https://wyszukiwarka.gunb.gov.pl/","parcel_count":13,"parcel_shard":"x068-y208","parcel_id":"302604_5.0006.423/1","location_source":"powiat śremski (wfs)"}},{"type":"Feature","id":"ST-WK-SR/ZGŁOSZENIE/3818/2025::302604_5.0006.423/10","geometry":{"type":"Polygon","coordinates":[[[17.1171514716747,52.1181123798233],[17.117456902876,52.1182240518719],[17.1172664059473,52.1184214434342],[17.1171259376832,52.1183701480992],[17.1169610092577,52.1183098367352],[17.1171514716747,52.1181123798233]]]},"properties":{"case_id":"ST-WK-SR/ZGŁOSZENIE/3818/2025","source_type":"zgloszenie","received_date":"2025-11-27","decision_date":null,"status":"Brak sprzeciwu","description":"Budowa dwóch zbiorników podziemnych o pojemności 6700dm3 każdy wraz z siecią gazową ś/c oraz przyłączami","address":"Dąbrowa","city":"Dąbrowa","office":"Starosta Powiatu Śrem","case_kind":"budowa nowego/nowych obiektów budowlanych","parcel_ids":["302604_5.0006.423/1","302604_5.0006.423/10","302604_5.0006.423/11","302604_5.0006.423/12","302604_5.0006.423/13","302604_5.0006.423/2","302604_5.0006.423/3","302604_5.0006.423/4","302604_5.0006.423/5","302604_5.0006.423/6","302604_5.0006.423/7","302604_5.0006.423/8","302604_5.0006.423/9"],"location_quality":"dokładny","gunb_url":"https://wyszukiwarka.gunb.gov.pl/","parcel_count":13,"parcel_shard":"x068-y208","parcel_id":"302604_5.0006.423/10","location_source":"powiat śremski (wfs)"}},{"type":"Feature","id":"ST-WK-SR/ZGŁOSZENIE/3818/2025::302604_5.0006.423/11","geometry":{"type":"Polygon","coordinates":[[[17.1175025477244,52.1185077893638],[17.1172664059473,52.1184214434342],[17.117456902876,52.1182240518719],[17.117762335618,52.1183357231329],[17.1175718395525,52.118533115185],[17.1175025477244,52.1185077893638]]]},"properties":{"case_id":"ST-WK-SR/ZGŁOSZENIE/3818/2025","source_type":"zgloszenie","received_date":"2025-11-27","decision_date":null,"status":"Brak sprzeciwu","description":"Budowa dwóch zbiorników podziemnych o pojemności 6700dm3 każdy wraz z siecią gazową ś/c oraz przyłączami","address":"Dąbrowa","city":"Dąbrowa","office":"Starosta Powiatu Śrem","case_kind":"budowa nowego/nowych obiektów budowlanych","parcel_ids":["302604_5.0006.423/1","302604_5.0006.423/10","302604_5.0006.423/11","302604_5.0006.423/12","302604_5.0006.423/13","302604_5.0006.423/2","302604_5.0006.423/3","302604_5.0006.423/4","302604_5.0006.423/5","302604_5.0006.423/6","302604_5.0006.423/7","302604_5.0006.423/8","302604_5.0006.423/9"],"location_quality":"dokładny","gunb_url":"https://wyszukiwarka.gunb.gov.pl/","parcel_count":13,"parcel_shard":"x068-y208","parcel_id":"302604_5.0006.423/11","location_source":"powiat śremski (wfs)"}},{"type":"Feature","id":"ST-WK-SR/ZGŁOSZENIE/3818/2025::302604_5.0006.423/12","geometry":{"type":"Polygon","coordinates":[[[17.1175718395525,52.118533115185],[17.117762335618,52.1183357231329],[17.1180985332048,52.1184586510225],[17.1178753892599,52.1186441428781],[17.1175718395525,52.118533115185]]]},"properties":{"case_id":"ST-WK-SR/ZGŁOSZENIE/3818/2025","source_type":"zgloszenie","received_date":"2025-11-27","decision_date":null,"status":"Brak sprzeciwu","description":"Budowa dwóch zbiorników podziemnych o pojemności 6700dm3 każdy wraz z siecią gazową ś/c oraz przyłączami","address":"Dąbrowa","city":"Dąbrowa","office":"Starosta Powiatu Śrem","case_kind":"budowa nowego/nowych obiektów budowlanych","parcel_ids":["302604_5.0006.423/1","302604_5.0006.423/10","302604_5.0006.423/11","302604_5.0006.423/12","302604_5.0006.423/13","302604_5.0006.423/2","302604_5.0006.423/3","302604_5.0006.423/4","302604_5.0006.423/5","302604_5.0006.423/6","302604_5.0006.423/7","302604_5.0006.423/8","302604_5.0006.423/9"],"location_quality":"dokładny","gunb_url":"https://wyszukiwarka.gunb.gov.pl/","parcel_count":13,"parcel_shard":"x068-y208","parcel_id":"302604_5.0006.423/12","location_source":"powiat śremski (wfs)"}},{"type":"Feature","id":"ST-WK-SR/ZGŁOSZENIE/3818/2025::302604_5.0006.423/13","geometry":{"type":"Polygon","coordinates":[[[17.1180985332048,52.1184586510225],[17.117762335618,52.1183357231329],[17.117456902876,52.1182240518719],[17.1171514716747,52.1181123798233],[17.1168460420139,52.118000706987],[17.1167785189319,52.1179760570791],[17.1163577469072,52.11794410859],[17.1158376116045,52.1177774344043],[17.1159214216114,52.1176780458561],[17.1160871180523,52.1177307816635],[17.1160568465789,52.1177666533707],[17.1162310833696,52.1178224486493],[17.1163929997368,52.1178743551979],[17.1166659134536,52.1178950953498],[17.116817241319,52.117906565268],[17.1169079866142,52.1179396920923],[17.1171709424128,52.1180358568138],[17.1174414373506,52.1181347738194],[17.1177354181636,52.1182422249025],[17.1179902608483,52.1183353609945],[17.1181182260476,52.1183198328391],[17.1182096175952,52.1182438845436],[17.1181916356588,52.1181694670552],[17.1183558990213,52.1182447986258],[17.1180985332048,52.1184586510225]]]},"properties":{"case_id":"ST-WK-SR/ZGŁOSZENIE/3818/2025","source_type":"zgloszenie","received_date":"2025-11-27","decision_date":null,"status":"Brak sprzeciwu","description":"Budowa dwóch zbiorników podziemnych o pojemności 6700dm3 każdy wraz z siecią gazową ś/c oraz przyłączami","address":"Dąbrowa","city":"Dąbrowa","office":"Starosta Powiatu Śrem","case_kind":"budowa nowego/nowych obiektów budowlanych","parcel_ids":["302604_5.0006.423/1","302604_5.0006.423/10","302604_5.0006.423/11","302604_5.0006.423/12","302604_5.0006.423/13","302604_5.0006.423/2","302604_5.0006.423/3","302604_5.0006.423/4","302604_5.0006.423/5","302604_5.0006.423/6","302604_5.0006.423/7","302604_5.0006.423/8","302604_5.0006.423/9"],"location_quality":"dokładny","gunb_url":"https://wyszukiwarka.gunb.gov.pl/","parcel_count":13,"parcel_shard":"x068-y208","parcel_id":"302604_5.0006.423/13","location_source":"powiat śremski (wfs)"}},{"type":"Feature","id":"ST-WK-SR/ZGŁOSZENIE/3818/2025::302604_5.0006.423/2","geometry":{"type":"Polygon","coordinates":[[[17.1167170452626,52.1176352151577],[17.1166659134536,52.1178950953498],[17.1163929997368,52.1178743551979],[17.1162310833696,52.1178224486493],[17.1164399496051,52.1175742739611],[17.1165616384821,52.1176010312755],[17.1167170452626,52.1176352151577]]]},"properties":{"case_id":"ST-WK-SR/ZGŁOSZENIE/3818/2025","source_type":"zgloszenie","received_date":"2025-11-27","decision_date":null,"status":"Brak sprzeciwu","description":"Budowa dwóch zbiorników podziemnych o pojemności 6700dm3 każdy wraz z siecią gazową ś/c oraz przyłączami","address":"Dąbrowa","city":"Dąbrowa","office":"Starosta Powiatu Śrem","case_kind":"budowa nowego/nowych obiektów budowlanych","parcel_ids":["302604_5.0006.423/1","302604_5.0006.423/10","302604_5.0006.423/11","302604_5.0006.423/12","302604_5.0006.423/13","302604_5.0006.423/2","302604_5.0006.423/3","302604_5.0006.423/4","302604_5.0006.423/5","302604_5.0006.423/6","302604_5.0006.423/7","302604_5.0006.423/8","302604_5.0006.423/9"],"location_quality":"dokładny","gunb_url":"https://wyszukiwarka.gunb.gov.pl/","parcel_count":13,"parcel_shard":"x068-y208","parcel_id":"302604_5.0006.423/2","location_source":"powiat śremski (wfs)"}},{"type":"Feature","id":"ST-WK-SR/ZGŁOSZENIE/3818/2025::302604_5.0006.423/3","geometry":{"type":"Polygon","coordinates":[[[17.1171169640597,52.1177231365121],[17.1169079866142,52.1179396920923],[17.116817241319,52.117906565268],[17.1166659134536,52.1178950953498],[17.1167170452626,52.1176352151577],[17.1169053019299,52.1176765892673],[17.1171169640597,52.1177231365121]]]},"properties":{"case_id":"ST-WK-SR/ZGŁOSZENIE/3818/2025","source_type":"zgloszenie","received_date":"2025-11-27","decision_date":null,"status":"Brak sprzeciwu","description":"Budowa dwóch zbiorników podziemnych o pojemności 6700dm3 każdy wraz z siecią gazową ś/c oraz przyłączami","address":"Dąbrowa","city":"Dąbrowa","office":"Starosta Powiatu Śrem","case_kind":"budowa nowego/nowych obiektów budowlanych","parcel_ids":["302604_5.0006.423/1","302604_5.0006.423/10","302604_5.0006.423/11","302604_5.0006.423/12","302604_5.0006.423/13","302604_5.0006.423/2","302604_5.0006.423/3","302604_5.0006.423/4","302604_5.0006.423/5","302604_5.0006.423/6","302604_5.0006.423/7","302604_5.0006.423/8","302604_5.0006.423/9"],"location_quality":"dokładny","gunb_url":"https://wyszukiwarka.gunb.gov.pl/","parcel_count":13,"parcel_shard":"x068-y208","parcel_id":"302604_5.0006.423/3","location_source":"powiat śremski (wfs)"}},{"type":"Feature","id":"ST-WK-SR/ZGŁOSZENIE/3818/2025::302604_5.0006.423/4","geometry":{"type":"Polygon","coordinates":[[[17.1173949751178,52.1178037525808],[17.1171709424128,52.1180358568138],[17.1169079866142,52.1179396920923],[17.1171169640597,52.1177231365121],[17.1173136579344,52.1177663824017],[17.1173949751178,52.1178037525808]]]},"properties":{"case_id":"ST-WK-SR/ZGŁOSZENIE/3818/2025","source_type":"zgloszenie","received_date":"2025-11-27","decision_date":null,"status":"Brak sprzeciwu","description":"Budowa dwóch zbiorników podziemnych o pojemności 6700dm3 każdy wraz z siecią gazową ś/c oraz przyłączami","address":"Dąbrowa","city":"Dąbrowa","office":"Starosta Powiatu Śrem","case_kind":"budowa nowego/nowych obiektów budowlanych","parcel_ids":["302604_5.0006.423/1","302604_5.0006.423/10","302604_5.0006.423/11","302604_5.0006.423/12","302604_5.0006.423/13","302604_5.0006.423/2","302604_5.0006.423/3","302604_5.0006.423/4","302604_5.0006.423/5","302604_5.0006.423/6","302604_5.0006.423/7","302604_5.0006.423/8","302604_5.0006.423/9"],"location_quality":"dokładny","gunb_url":"https://wyszukiwarka.gunb.gov.pl/","parcel_count":13,"parcel_shard":"x068-y208","parcel_id":"302604_5.0006.423/4","location_source":"powiat śremski (wfs)"}},{"type":"Feature","id":"ST-WK-SR/ZGŁOSZENIE/3818/2025::302604_5.0006.423/5","geometry":{"type":"Polygon","coordinates":[[[17.1176486250621,52.1179201597682],[17.1174414373506,52.1181347738194],[17.1171709424128,52.1180358568138],[17.1173949751178,52.1178037525808],[17.1176486250621,52.1179201597682]]]},"properties":{"case_id":"ST-WK-SR/ZGŁOSZENIE/3818/2025","source_type":"zgloszenie","received_date":"2025-11-27","decision_date":null,"status":"Brak sprzeciwu","description":"Budowa dwóch zbiorników podziemnych o pojemności 6700dm3 każdy wraz z siecią gazową ś/c oraz przyłączami","address":"Dąbrowa","city":"Dąbrowa","office":"Starosta Powiatu Śrem","case_kind":"budowa nowego/nowych obiektów budowlanych","parcel_ids":["302604_5.0006.423/1","302604_5.0006.423/10","302604_5.0006.423/11","302604_5.0006.423/12","302604_5.0006.423/13","302604_5.0006.423/2","302604_5.0006.423/3","302604_5.0006.423/4","302604_5.0006.423/5","302604_5.0006.423/6","302604_5.0006.423/7","302604_5.0006.423/8","302604_5.0006.423/9"],"location_quality":"dokładny","gunb_url":"https://wyszukiwarka.gunb.gov.pl/","parcel_count":13,"parcel_shard":"x068-y208","parcel_id":"302604_5.0006.423/5","location_source":"powiat śremski (wfs)"}},{"type":"Feature","id":"ST-WK-SR/ZGŁOSZENIE/3818/2025::302604_5.0006.423/6","geometry":{"type":"Polygon","coordinates":[[[17.1179240858895,52.1180466566774],[17.1177354181636,52.1182422249025],[17.1174414373506,52.1181347738194],[17.1176486250621,52.1179201597682],[17.1176586092834,52.1179247285566],[17.1179240858895,52.1180466566774]]]},"properties":{"case_id":"ST-WK-SR/ZGŁOSZENIE/3818/2025","source_type":"zgloszenie","received_date":"2025-11-27","decision_date":null,"status":"Brak sprzeciwu","description":"Budowa dwóch zbiorników podziemnych o pojemności 6700dm3 każdy wraz z siecią gazową ś/c oraz przyłączami","address":"Dąbrowa","city":"Dąbrowa","office":"Starosta Powiatu Śrem","case_kind":"budowa nowego/nowych obiektów budowlanych","parcel_ids":["302604_5.0006.423/1","302604_5.0006.423/10","302604_5.0006.423/11","302604_5.0006.423/12","302604_5.0006.423/13","302604_5.0006.423/2","302604_5.0006.423/3","302604_5.0006.423/4","302604_5.0006.423/5","302604_5.0006.423/6","302604_5.0006.423/7","302604_5.0006.423/8","302604_5.0006.423/9"],"location_quality":"dokładny","gunb_url":"https://wyszukiwarka.gunb.gov.pl/","parcel_count":13,"parcel_shard":"x068-y208","parcel_id":"302604_5.0006.423/6","location_source":"powiat śremski (wfs)"}},{"type":"Feature","id":"ST-WK-SR/ZGŁOSZENIE/3818/2025::302604_5.0006.423/7","geometry":{"type":"Polygon","coordinates":[[[17.1181916356588,52.1181694670552],[17.1182096175952,52.1182438845436],[17.1181182260476,52.1183198328391],[17.1179902608483,52.1183353609945],[17.1177354181636,52.1182422249025],[17.1179240858895,52.1180466566774],[17.1180096412632,52.1180858156074],[17.1181916356588,52.1181694670552]]]},"properties":{"case_id":"ST-WK-SR/ZGŁOSZENIE/3818/2025","source_type":"zgloszenie","received_date":"2025-11-27","decision_date":null,"status":"Brak sprzeciwu","description":"Budowa dwóch zbiorników podziemnych o pojemności 6700dm3 każdy wraz z siecią gazową ś/c oraz przyłączami","address":"Dąbrowa","city":"Dąbrowa","office":"Starosta Powiatu Śrem","case_kind":"budowa nowego/nowych obiektów budowlanych","parcel_ids":["302604_5.0006.423/1","302604_5.0006.423/10","302604_5.0006.423/11","302604_5.0006.423/12","302604_5.0006.423/13","302604_5.0006.423/2","302604_5.0006.423/3","302604_5.0006.423/4","302604_5.0006.423/5","302604_5.0006.423/6","302604_5.0006.423/7","302604_5.0006.423/8","302604_5.0006.423/9"],"location_quality":"dokładny","gunb_url":"https://wyszukiwarka.gunb.gov.pl/","parcel_count":13,"parcel_shard":"x068-y208","parcel_id":"302604_5.0006.423/7","location_source":"powiat śremski (wfs)"}},{"type":"Feature","id":"ST-WK-SR/ZGŁOSZENIE/3818/2025::302604_5.0006.423/8","geometry":{"type":"Polygon","coordinates":[[[17.1163577469072,52.11794410859],[17.1167785189319,52.1179760570791],[17.1168460420139,52.118000706987],[17.1166555595059,52.1181981685798],[17.1166006020994,52.1181780918276],[17.1162869108733,52.118063389571],[17.1163577469072,52.11794410859]]]},"properties":{"case_id":"ST-WK-SR/ZGŁOSZENIE/3818/2025","source_type":"zgloszenie","received_date":"2025-11-27","decision_date":null,"status":"Brak sprzeciwu","description":"Budowa dwóch zbiorników podziemnych o pojemności 6700dm3 każdy wraz z siecią gazową ś/c oraz przyłączami","address":"Dąbrowa","city":"Dąbrowa","office":"Starosta Powiatu Śrem","case_kind":"budowa nowego/nowych obiektów budowlanych","parcel_ids":["302604_5.0006.423/1","302604_5.0006.423/10","302604_5.0006.423/11","302604_5.0006.423/12","302604_5.0006.423/13","302604_5.0006.423/2","302604_5.0006.423/3","302604_5.0006.423/4","302604_5.0006.423/5","302604_5.0006.423/6","302604_5.0006.423/7","302604_5.0006.423/8","302604_5.0006.423/9"],"location_quality":"dokładny","gunb_url":"https://wyszukiwarka.gunb.gov.pl/","parcel_count":13,"parcel_shard":"x068-y208","parcel_id":"302604_5.0006.423/8","location_source":"powiat śremski (wfs)"}},{"type":"Feature","id":"ST-WK-SR/ZGŁOSZENIE/3818/2025::302604_5.0006.423/9","geometry":{"type":"Polygon","coordinates":[[[17.1168460420139,52.118000706987],[17.1171514716747,52.1181123798233],[17.1169610092577,52.1183098367352],[17.1168247097194,52.1182600346588],[17.1166555595059,52.1181981685798],[17.1168460420139,52.118000706987]]]},"properties":{"case_id":"ST-WK-SR/ZGŁOSZENIE/3818/2025","source_type":"zgloszenie","received_date":"2025-11-27","decision_date":null,"status":"Brak sprzeciwu","description":"Budowa dwóch zbiorników podziemnych o pojemności 6700dm3 każdy wraz z siecią gazową ś/c oraz przyłączami","address":"Dąbrowa","city":"Dąbrowa","office":"Starosta Powiatu Śrem","case_kind":"budowa nowego/nowych obiektów budowlanych","parcel_ids":["302604_5.0006.423/1","302604_5.0006.423/10","302604_5.0006.423/11","302604_5.0006.423/12","302604_5.0006.423/13","302604_5.0006.423/2","302604_5.0006.423/3","302604_5.0006.423/4","302604_5.0006.423/5","302604_5.0006.423/6","302604_5.0006.423/7","302604_5.0006.423/8","302604_5.0006.423/9"],"location_quality":"dokładny","gunb_url":"https://wyszukiwarka.gunb.gov.pl/","parcel_count":13,"parcel_shard":"x068-y208","parcel_id":"302604_5.0006.423/9","location_source":"powiat śremski (wfs)"}},{"type":"Feature","id":"ST-WK-SR/ZGŁOSZENIE/1855/2026::302604_5.0012.22/1","geometry":{"type":"Polygon","coordinates":[[[17.0736583193702,52.1557888085364],[17.073706780109,52.1558767973952],[17.0743969973747,52.1571277631077],[17.0751046966238,52.158413549919],[17.0755899300478,52.1600705709854],[17.0756012675272,52.1601090133126],[17.0753895474759,52.1602715504255],[17.075333969088,52.1600676854333],[17.0752450530349,52.1597413465012],[17.0752015603887,52.1595817533009],[17.0750482937644,52.1590189478133],[17.0749629241182,52.1587068759043],[17.0749428210777,52.1586332854837],[17.0748900989039,52.1584407339123],[17.0747884306681,52.1582559226017],[17.0746853415579,52.1580686108625],[17.0743575955013,52.1574730724261],[17.0742508819555,52.1572792822799],[17.0741902181024,52.1571689058397],[17.0734541489184,52.1558334288027],[17.0734068321621,52.1557458314638],[17.0736583193702,52.1557888085364]]]},"properties":{"case_id":"ST-WK-SR/ZGŁOSZENIE/1855/2026","source_type":"zgloszenie","received_date":"2026-06-09","decision_date":null,"status":"Brak sprzeciwu","description":"Budowa elektroenergetycznej linii kablowej 15 kV.","address":"Kaleje","city":"Kaleje","office":"Starosta Powiatu Śrem","case_kind":"budowa nowego/nowych obiektów budowlanych","parcel_ids":["302604_5.0012.22/1","302604_5.0012.28","302604_5.0012.30/4","302604_5.0014.1","302604_5.0014.13/11","302604_5.0014.13/13"],"location_quality":"dokładny","gunb_url":"https://wyszukiwarka.gunb.gov.pl/","parcel_count":6,"parcel_shard":"x068-y208","parcel_id":"302604_5.0012.22/1","location_source":"powiat śremski (wfs)"}},{"type":"Feature","id":"ST-WK-SR/ZGŁOSZENIE/1855/2026::302604_5.0012.28","geometry":{"type":"Polygon","coordinates":[[[17.0824632018692,52.1608381022823],[17.0799887907688,52.1605515213642],[17.0784440758448,52.1603955996908],[17.0774171097566,52.1602919276357],[17.0760266313048,52.1601515274359],[17.0756012675272,52.1601090133126],[17.0755899300478,52.1600705709854],[17.0800007173113,52.1605162443278],[17.0824755360445,52.1608028595569],[17.0824632018692,52.1608381022823]]]},"properties":{"case_id":"ST-WK-SR/ZGŁOSZENIE/1855/2026","source_type":"zgloszenie","received_date":"2026-06-09","decision_date":null,"status":"Brak sprzeciwu","description":"Budowa elektroenergetycznej linii kablowej 15 kV.","address":"Kaleje","city":"Kaleje","office":"Starosta Powiatu Śrem","case_kind":"budowa nowego/nowych obiektów budowlanych","parcel_ids":["302604_5.0012.22/1","302604_5.0012.28","302604_5.0012.30/4","302604_5.0014.1","302604_5.0014.13/11","302604_5.0014.13/13"],"location_quality":"dokładny","gunb_url":"https://wyszukiwarka.gunb.gov.pl/","parcel_count":6,"parcel_shard":"x068-y208","parcel_id":"302604_5.0012.28","location_source":"powiat śremski (wfs)"}},{"type":"Feature","id":"ST-WK-SR/ZGŁOSZENIE/1855/2026::302604_5.0012.30/4","geometry":{"type":"Polygon","coordinates":[[[17.0824755360445,52.1608028595569],[17.0830949941603,52.1590353709103],[17.0835960392934,52.1575855648886],[17.0836163970595,52.1575266535357],[17.0836220204493,52.1575103912534],[17.0836417671718,52.1575138013081],[17.083813093448,52.1575595431301],[17.0836757212704,52.15795779248],[17.0832929951068,52.1590663961363],[17.082691351834,52.1608264801778],[17.0826786206346,52.1608630366596],[17.0824632018692,52.1608381022823],[17.0824755360445,52.1608028595569]]]},"properties":{"case_id":"ST-WK-SR/ZGŁOSZENIE/1855/2026","source_type":"zgloszenie","received_date":"2026-06-09","decision_date":null,"status":"Brak sprzeciwu","description":"Budowa elektroenergetycznej linii kablowej 15 kV.","address":"Kaleje","city":"Kaleje","office":"Starosta Powiatu Śrem","case_kind":"budowa nowego/nowych obiektów budowlanych","parcel_ids":["302604_5.0012.22/1","302604_5.0012.28","302604_5.0012.30/4","302604_5.0014.1","302604_5.0014.13/11","302604_5.0014.13/13"],"location_quality":"dokładny","gunb_url":"https://wyszukiwarka.gunb.gov.pl/","parcel_count":6,"parcel_shard":"x068-y208","parcel_id":"302604_5.0012.30/4","location_source":"powiat śremski (wfs)"}},{"type":"Feature","id":"ST-WK-SR/ZGŁOSZENIE/1855/2026::302604_5.0014.1","geometry":{"type":"Polygon","coordinates":[[[17.0907401007624,52.1454535127212],[17.0906639581295,52.1455609291012],[17.0901266624482,52.146318457457],[17.0898658898744,52.1466861499878],[17.089738386715,52.1468659633233],[17.0896052730903,52.1470537603906],[17.0895286910027,52.1471616269251],[17.0894922023373,52.1472129919938],[17.0893971611161,52.1473470810455],[17.0892305246189,52.1475818546228],[17.0890580899754,52.1478249540371],[17.0889630470837,52.1479591325726],[17.0888443462052,52.1481262035618],[17.088710878387,52.1483144051982],[17.0885975822922,52.1484752096318],[17.0884638916144,52.1486648049968],[17.0883302006844,52.1488544900826],[17.0881965078177,52.1490440850944],[17.0881877223566,52.149056286859],[17.0880861801582,52.1492007886091],[17.0879930102621,52.1493327124397],[17.0878767733685,52.149497480634],[17.0877406009529,52.1496903907886],[17.0877023368745,52.1497445946357],[17.0876652435236,52.1497973724113],[17.0875537610641,52.149955994011],[17.0874441452262,52.1501118866078],[17.0871944780241,52.1504672318169],[17.0871354847774,52.1505511735425],[17.0867760876601,52.1510624042261],[17.086655053549,52.1512371114208],[17.0862740463235,52.1517836031668],[17.0861698760982,52.1519328974403],[17.0856669210624,52.152654069839],[17.0854884920819,52.1529030164839],[17.0853870493638,52.153094985136],[17.085366855562,52.1531332041403],[17.0851971264662,52.1535996595799],[17.0848517717647,52.1545757182063],[17.0847309342858,52.1549172465433],[17.0845863511918,52.1553337880663],[17.0844123266397,52.1558354119316],[17.0843537270565,52.1560040840297],[17.0843139228711,52.156118463118],[17.0842737040431,52.156234862339],[17.0842239177939,52.1563780474819],[17.0842214522172,52.1563851391357],[17.0839479299267,52.1571718641439],[17.083813093448,52.1575595431301],[17.0836417671718,52.1575138013081],[17.0836220204493,52.1575103912534],[17.0840736987176,52.1562086547012],[17.084313315605,52.1555179394611],[17.084325544352,52.1554826517984],[17.0845309740333,52.1548905631245],[17.0849956796194,52.1535728023679],[17.0850020947498,52.1535553416986],[17.0850186315893,52.1535103399746],[17.0851522088593,52.1531469058536],[17.0851725947562,52.1530914636461],[17.0853228993688,52.1528148927576],[17.0853545135476,52.1527568944602],[17.0854824560285,52.1525751434819],[17.0857477350666,52.1521981143323],[17.0861331116186,52.151650437732],[17.0863412414242,52.1513546966825],[17.0864609543114,52.1511845688526],[17.0868166464915,52.150681297773],[17.0874103148011,52.1498412784222],[17.0875151721351,52.1496930443164],[17.0877271818032,52.1493921631999],[17.0878544225173,52.149211306272],[17.0878893318687,52.1491617821342],[17.0879185643438,52.1491204779052],[17.0880759103126,52.1488972717703],[17.0881467798685,52.1487966803864],[17.0881775855489,52.1487530032476],[17.0882706076318,52.1486210797525],[17.0883724269394,52.1484767206377],[17.0884967420001,52.1483002820452],[17.0885225605622,52.1482640561085],[17.0886246487004,52.1481189227564],[17.0887286947627,52.1479716993208],[17.0888369345936,52.1478185406688],[17.0889242016984,52.1476950574659],[17.0889824571818,52.1476126253698],[17.0890466493303,52.1475218906666],[17.0891223631785,52.1474147466541],[17.0892272069774,52.1472662411552],[17.0892394516058,52.1472489933728],[17.0893321962108,52.1471177350425],[17.0894288056123,52.1469810517191],[17.0896735492802,52.1466347293711],[17.0900970030268,52.1460413192828],[17.0903516751009,52.1456843534055],[17.0905543517256,52.1454003085189],[17.0905717637469,52.1454045525997],[17.0907401007624,52.1454535127212]]]},"properties":{"case_id":"ST-WK-SR/ZGŁOSZENIE/1855/2026","source_type":"zgloszenie","received_date":"2026-06-09","decision_date":null,"status":"Brak sprzeciwu","description":"Budowa elektroenergetycznej linii kablowej 15 kV.","address":"Kaleje","city":"Kaleje","office":"Starosta Powiatu Śrem","case_kind":"budowa nowego/nowych obiektów budowlanych","parcel_ids":["302604_5.0012.22/1","302604_5.0012.28","302604_5.0012.30/4","302604_5.0014.1","302604_5.0014.13/11","302604_5.0014.13/13"],"location_quality":"dokładny","gunb_url":"https://wyszukiwarka.gunb.gov.pl/","parcel_count":6,"parcel_shard":"x068-y208","parcel_id":"302604_5.0014.1","location_source":"powiat śremski (wfs)"}},{"type":"Feature","id":"ST-WK-SR/ZGŁOSZENIE/1855/2026::302604_5.0014.13/11","geometry":{"type":"Polygon","coordinates":[[[17.0899715120654,52.1473909878524],[17.0894788956345,52.1473217140113],[17.0893971611161,52.1473470810455],[17.0894922023373,52.1472129919938],[17.0895264892175,52.1472546692014],[17.0899611672841,52.1473157877566],[17.0900429014346,52.1472904203186],[17.0900792434514,52.1472390555865],[17.0901954110201,52.147255364563],[17.0901589230227,52.1473067298437],[17.0901932105859,52.1473484068634],[17.0902801169051,52.1473605943568],[17.0902325251466,52.1474277293677],[17.0899715120654,52.1473909878524]]]},"properties":{"case_id":"ST-WK-SR/ZGŁOSZENIE/1855/2026","source_type":"zgloszenie","received_date":"2026-06-09","decision_date":null,"status":"Brak sprzeciwu","description":"Budowa elektroenergetycznej linii kablowej 15 kV.","address":"Kaleje","city":"Kaleje","office":"Starosta Powiatu Śrem","case_kind":"budowa nowego/nowych obiektów budowlanych","parcel_ids":["302604_5.0012.22/1","302604_5.0012.28","302604_5.0012.30/4","302604_5.0014.1","302604_5.0014.13/11","302604_5.0014.13/13"],"location_quality":"dokładny","gunb_url":"https://wyszukiwarka.gunb.gov.pl/","parcel_count":6,"parcel_shard":"x068-y208","parcel_id":"302604_5.0014.13/11","location_source":"powiat śremski (wfs)"}},{"type":"Feature","id":"ST-WK-SR/ZGŁOSZENIE/1855/2026::302604_5.0014.13/13","geometry":{"type":"Polygon","coordinates":[[[17.0907050903997,52.14732711458],[17.0906721699283,52.1474156967268],[17.0902801169051,52.1473605943568],[17.0901932105859,52.1473484068634],[17.0901589230227,52.1473067298437],[17.0901954110201,52.147255364563],[17.0907050903997,52.14732711458]]]},"properties":{"case_id":"ST-WK-SR/ZGŁOSZENIE/1855/2026","source_type":"zgloszenie","received_date":"2026-06-09","decision_date":null,"status":"Brak sprzeciwu","description":"Budowa elektroenergetycznej linii kablowej 15 kV.","address":"Kaleje","city":"Kaleje","office":"Starosta Powiatu Śrem","case_kind":"budowa nowego/nowych obiektów budowlanych","parcel_ids":["302604_5.0012.22/1","302604_5.0012.28","302604_5.0012.30/4","302604_5.0014.1","302604_5.0014.13/11","302604_5.0014.13/13"],"location_quality":"dokładny","gunb_url":"https://wyszukiwarka.gunb.gov.pl/","parcel_count":6,"parcel_shard":"x068-y208","parcel_id":"302604_5.0014.13/13","location_source":"powiat śremski (wfs)"}},{"type":"Feature","id":"ST-WK-SR/WNIOSEK/19197/2025::302604_5.0012.225/3","geometry":{"type":"Polygon","coordinates":[[[17.076955420534,52.1681288817022],[17.0770978766907,52.1681883289645],[17.0772606228832,52.168256203799],[17.0770097026879,52.1684865827658],[17.076703307986,52.1683603292782],[17.076955420534,52.1681288817022]]]},"properties":{"case_id":"ST-WK-SR/WNIOSEK/19197/2025","source_type":"wniosek_decyzja","received_date":"2025-09-19","decision_date":"2025-10-31","status":"decyzja wydana","description":"Budowa budynku mieszkalnego jednorodzinnego","address":"Kaleje","city":"Kaleje","office":"Starosta Powiatu Śrem","case_kind":"Budynek mieszkalny jednorodzinny","parcel_ids":["302604_5.0012.225/3"],"location_quality":"dokładny","gunb_url":"https://wyszukiwarka.gunb.gov.pl/","parcel_count":1,"parcel_shard":"x068-y208","parcel_id":"302604_5.0012.225/3","location_source":"powiat śremski (wfs)"}},{"type":"Feature","id":"ST-WK-SR/WNIOSEK/20075/2025::302604_5.0012.70/1","geometry":{"type":"Polygon","coordinates":[[[17.0758957344833,52.1703350974942],[17.0758387131878,52.1703873448122],[17.075826762288,52.1703499632736],[17.0754259257037,52.1701849132645],[17.0751161903644,52.1700573736959],[17.0748064568088,52.1699298333287],[17.074599968768,52.1698448059616],[17.0745816690417,52.1698616077813],[17.0744298400631,52.1697990874054],[17.0744806737492,52.1697524235334],[17.0758957344833,52.1703350974942]]]},"properties":{"case_id":"ST-WK-SR/WNIOSEK/20075/2025","source_type":"wniosek_decyzja","received_date":"2025-09-12","decision_date":"2026-02-27","status":"decyzja wydana","description":"Budowa budynku mieszkalnego jednorodzinnego","address":"Kaleje","city":"Kaleje","office":"Starosta Powiatu Śrem","case_kind":"Budynek mieszkalny jednorodzinny","parcel_ids":["302604_5.0012.70/1","302604_5.0012.70/4"],"location_quality":"dokładny","gunb_url":"https://wyszukiwarka.gunb.gov.pl/","parcel_count":2,"parcel_shard":"x068-y208","parcel_id":"302604_5.0012.70/1","location_source":"powiat śremski (wfs)"}},{"type":"Feature","id":"ST-WK-SR/WNIOSEK/20075/2025::302604_5.0012.70/4","geometry":{"type":"Polygon","coordinates":[[[17.0745553026127,52.1701604291551],[17.0748064568088,52.1699298333287],[17.0751161903644,52.1700573736959],[17.074865037032,52.1702879701862],[17.0745553026127,52.1701604291551]]]},"properties":{"case_id":"ST-WK-SR/WNIOSEK/20075/2025","source_type":"wniosek_decyzja","received_date":"2025-09-12","decision_date":"2026-02-27","status":"decyzja wydana","description":"Budowa budynku mieszkalnego jednorodzinnego","address":"Kaleje","city":"Kaleje","office":"Starosta Powiatu Śrem","case_kind":"Budynek mieszkalny jednorodzinny","parcel_ids":["302604_5.0012.70/1","302604_5.0012.70/4"],"location_quality":"dokładny","gunb_url":"https://wyszukiwarka.gunb.gov.pl/","parcel_count":2,"parcel_shard":"x068-y208","parcel_id":"302604_5.0012.70/4","location_source":"powiat śremski (wfs)"}},{"type":"Feature","id":"ST-WK-SR/WNIOSEK/18742/2025::302604_5.0012.70/3","geometry":{"type":"Polygon","coordinates":[[[17.074865037032,52.1702879701862],[17.0751161903644,52.1700573736959],[17.0754259257037,52.1701849132645],[17.0751747732205,52.1704155104183],[17.074865037032,52.1702879701862]]]},"properties":{"case_id":"ST-WK-SR/WNIOSEK/18742/2025","source_type":"wniosek_decyzja","received_date":"2025-09-12","decision_date":"2026-02-26","status":"decyzja wydana","description":"Budowa budynku mieszkalnego jednorodzinnego","address":"Kaleje","city":"Kaleje","office":"Starosta Powiatu Śrem","case_kind":"Budynek mieszkalny jednorodzinny","parcel_ids":["302604_5.0012.70/3"],"location_quality":"dokładny","gunb_url":"https://wyszukiwarka.gunb.gov.pl/","parcel_count":1,"parcel_shard":"x068-y208","parcel_id":"302604_5.0012.70/3","location_source":"powiat śremski (wfs)"}},{"type":"Feature","id":"ST-WK-SR/WNIOSEK/18746/2025::302604_5.0012.70/5","geometry":{"type":"Polygon","coordinates":[[[17.0741969846118,52.1700128806767],[17.0744298400631,52.1697990874054],[17.0745816690417,52.1698616077813],[17.074599968768,52.1698448059616],[17.0748064568088,52.1699298333287],[17.0745553026127,52.1701604291551],[17.0743488139763,52.1700754013541],[17.0741969846118,52.1700128806767]]]},"properties":{"case_id":"ST-WK-SR/WNIOSEK/18746/2025","source_type":"wniosek_decyzja","received_date":"2025-09-12","decision_date":"2026-02-26","status":"decyzja wydana","description":"Budowa budynku mieszkalnego jednorodzinnego","address":"Kaleje","city":"Kaleje","office":"Starosta Powiatu Śrem","case_kind":"Budynek mieszkalny jednorodzinny","parcel_ids":["302604_5.0012.70/5"],"location_quality":"dokładny","gunb_url":"https://wyszukiwarka.gunb.gov.pl/","parcel_count":1,"parcel_shard":"x068-y208","parcel_id":"302604_5.0012.70/5","location_source":"powiat śremski (wfs)"}},{"type":"Feature","id":"ST-WK-SR/WNIOSEK/18739/2025::302604_5.0012.70/6","geometry":{"type":"Polygon","coordinates":[[[17.0744806737492,52.1697524235334],[17.0744298400631,52.1697990874054],[17.0741969846118,52.1700128806767],[17.0738701528108,52.1698783124685],[17.074154302755,52.1696180214269],[17.0744806737492,52.1697524235334]]]},"properties":{"case_id":"ST-WK-SR/WNIOSEK/18739/2025","source_type":"wniosek_decyzja","received_date":"2025-09-12","decision_date":"2026-02-26","status":"decyzja wydana","description":"Budowa budynku mieszkalnego jednorodzinnego","address":"Kaleje","city":"Kaleje","office":"Starosta Powiatu Śrem","case_kind":"Budynek mieszkalny jednorodzinny","parcel_ids":["302604_5.0012.70/6"],"location_quality":"dokładny","gunb_url":"https://wyszukiwarka.gunb.gov.pl/","parcel_count":1,"parcel_shard":"x068-y208","parcel_id":"302604_5.0012.70/6","location_source":"powiat śremski (wfs)"}},{"type":"Feature","id":"ST-WK-SR/WNIOSEK/20021/2025::302604_5.0014.13/32","geometry":{"type":"Polygon","coordinates":[[[17.0918879094139,52.1479554549336],[17.0919919032074,52.1476747328318],[17.0921978846369,52.1477036491843],[17.0922561695758,52.1477487461087],[17.092254952501,52.1480070540108],[17.0919796700114,52.1479685341748],[17.0918879094139,52.1479554549336]]]},"properties":{"case_id":"ST-WK-SR/WNIOSEK/20021/2025","source_type":"wniosek_decyzja","received_date":"2025-10-01","decision_date":"2025-12-03","status":"decyzja wydana","description":"Przebudowa budynku mieszkalnego jednorodzinnego","address":"Luciny","city":"Luciny","office":"Starosta Powiatu Śrem","case_kind":"Budynek mieszkalny jednorodzinny","parcel_ids":["302604_5.0014.13/32"],"location_quality":"dokładny","gunb_url":"https://wyszukiwarka.gunb.gov.pl/","parcel_count":1,"parcel_shard":"x068-y208","parcel_id":"302604_5.0014.13/32","location_source":"powiat śremski (wfs)"}},{"type":"Feature","id":"ST-WK-SR/WNIOSEK/930/2026::302604_5.0014.141/7","geometry":{"type":"Polygon","coordinates":[[[17.0920979646458,52.1443578434291],[17.0922192779551,52.1441842242288],[17.0923636973353,52.1439775345179],[17.0926901101524,52.1440257056541],[17.0925821443878,52.1444858752018],[17.0920979646458,52.1443578434291]]]},"properties":{"case_id":"ST-WK-SR/WNIOSEK/930/2026","source_type":"wniosek_decyzja","received_date":"2026-01-19","decision_date":"2026-03-19","status":"decyzja wydana","description":"Budowa budynku mieszkalnego jednorodzinnego","address":"Luciny","city":"Luciny","office":"Starosta Powiatu Śrem","case_kind":"Budynek mieszkalny jednorodzinny","parcel_ids":["302604_5.0014.141/7"],"location_quality":"dokładny","gunb_url":"https://wyszukiwarka.gunb.gov.pl/","parcel_count":1,"parcel_shard":"x068-y208","parcel_id":"302604_5.0014.141/7","location_source":"powiat śremski (wfs)"}},{"type":"Feature","id":"ST-WK-SR/WNIOSEK/12215/2026::302604_5.0016.133/12","geometry":{"type":"Polygon","coordinates":[[[17.0650856835376,52.112174966878],[17.0654631234981,52.1123117031644],[17.0652119299225,52.1125744136503],[17.0648309045232,52.1124415130448],[17.0650856835376,52.112174966878]]]},"properties":{"case_id":"ST-WK-SR/WNIOSEK/12215/2026","source_type":"wniosek_decyzja","received_date":"2026-06-25","decision_date":"2026-07-27","status":"decyzja wydana","description":"Budowa budynku mieszkalnego jdnorodzinnego i zbiornika bezodpływowego","address":"Jagodowa, Mechlin","city":"Mechlin","office":"Starosta Powiatu Śrem","case_kind":"Budynek mieszkalny jednorodzinny","parcel_ids":["302604_5.0016.133/12"],"location_quality":"dokładny","gunb_url":"https://wyszukiwarka.gunb.gov.pl/","parcel_count":1,"parcel_shard":"x068-y208","parcel_id":"302604_5.0016.133/12","location_source":"powiat śremski (wfs)"}},{"type":"Feature","id":"ST-WK-SR/WNIOSEK/20138/2025::302604_5.0016.133/13","geometry":{"type":"Polygon","coordinates":[[[17.0654631234981,52.1123117031644],[17.0658404198032,52.1124484370899],[17.0655929557076,52.112707402888],[17.0652119299225,52.1125744136503],[17.0654631234981,52.1123117031644]]]},"properties":{"case_id":"ST-WK-SR/WNIOSEK/20138/2025","source_type":"wniosek_decyzja","received_date":"2025-10-03","decision_date":"2025-11-05","status":"decyzja wydana","description":"Budowa budynku mieszkalnego jednorodzinnego wraz ze zbiornikiem bezodpływowym na ścieki o poj. 10 m3 i zbiornikiem na gaz o poj. 4,85 m3","address":"Mechlin","city":"Mechlin","office":"Starosta Powiatu Śrem","case_kind":"Budynek mieszkalny jednorodzinny","parcel_ids":["302604_5.0016.133/13"],"location_quality":"dokładny","gunb_url":"https://wyszukiwarka.gunb.gov.pl/","parcel_count":1,"parcel_shard":"x068-y208","parcel_id":"302604_5.0016.133/13","location_source":"powiat śremski (wfs)"}},{"type":"Feature","id":"ST-WK-SR/WNIOSEK/21087/2025::302604_5.0016.141/60","geometry":{"type":"Polygon","coordinates":[[[17.0674537313033,52.1084748210878],[17.0674244710271,52.108865304295],[17.0670744317267,52.1088536187027],[17.0671038331686,52.1084622362887],[17.0674537313033,52.1084748210878]]]},"properties":{"case_id":"ST-WK-SR/WNIOSEK/21087/2025","source_type":"wniosek_decyzja","received_date":"2025-10-15","decision_date":"2025-12-16","status":"decyzja wydana","description":"Budowa budynku mieszkalnego jednorodzinnego na podstawie projektu gotowego \"Eryk","address":"Żurawinowa, Mechlin","city":"Mechlin","office":"Starosta Powiatu Śrem","case_kind":"Budynek mieszkalny jednorodzinny","parcel_ids":["302604_5.0016.141/60"],"location_quality":"dokładny","gunb_url":"https://wyszukiwarka.gunb.gov.pl/","parcel_count":1,"parcel_shard":"x068-y208","parcel_id":"302604_5.0016.141/60","location_source":"powiat śremski (wfs)"}},{"type":"Feature","id":"ST-WK-SR/WNIOSEK/1836/2026::302604_5.0016.155","geometry":{"type":"Polygon","coordinates":[[[17.0744522897629,52.1133105255314],[17.0748607077366,52.1135104061944],[17.0741269924784,52.1140661849611],[17.0737165120897,52.1138921427212],[17.0738786105422,52.1137640805227],[17.0744522897629,52.1133105255314]]]},"properties":{"case_id":"ST-WK-SR/WNIOSEK/1836/2026","source_type":"wniosek_decyzja","received_date":"2026-02-02","decision_date":"2026-03-24","status":"decyzja wydana","description":"Budowa budynku mieszkalnego jednorodzinnego wolnostojącego wraz z infrastrukturą towarzyszącą","address":"Dąbrowska 3, Mechlin","city":"Mechlin","office":"Starosta Powiatu Śrem","case_kind":"Budynek mieszkalny jednorodzinny","parcel_ids":["302604_5.0016.155"],"location_quality":"dokładny","gunb_url":"https://wyszukiwarka.gunb.gov.pl/","parcel_count":1,"parcel_shard":"x068-y208","parcel_id":"302604_5.0016.155","location_source":"powiat śremski (wfs)"}},{"type":"Feature","id":"ST-WK-SR/WNIOSEK/11046/2026::302604_5.0016.191/2","geometry":{"type":"Polygon","coordinates":[[[17.0744750755204,52.112418373446],[17.0742961502229,52.112558291416],[17.0747455397465,52.1127853953058],[17.0747927071063,52.1128174896358],[17.0743488726505,52.1131573754267],[17.0739861133566,52.1129946403448],[17.0741732435538,52.1124961734503],[17.074220562005,52.1123153990838],[17.0744750755204,52.112418373446]]]},"properties":{"case_id":"ST-WK-SR/WNIOSEK/11046/2026","source_type":"wniosek_decyzja","received_date":"2026-06-10","decision_date":"2026-07-14","status":"decyzja wydana","description":"Budowa budynku gospodarczego- garażowego","address":"Dąbrowska 2, Mechlin","city":"Mechlin","office":"Starosta Powiatu Śrem","case_kind":"Obiekt budowlany inny niż budynek mieszkalny jednorodzinny","parcel_ids":["302604_5.0016.191/2"],"location_quality":"dokładny","gunb_url":"https://wyszukiwarka.gunb.gov.pl/","parcel_count":1,"parcel_shard":"x068-y208","parcel_id":"302604_5.0016.191/2","location_source":"powiat śremski (wfs)"}},{"type":"Feature","id":"ST-WK-SR/WNIOSEK/13213/2026::302604_5.0016.277/1","geometry":{"type":"Polygon","coordinates":[[[17.0794635388569,52.1144182019671],[17.0800320599674,52.1140699436581],[17.0803357775337,52.1142519863743],[17.079765116605,52.114604903277],[17.0794635388569,52.1144182019671]]]},"properties":{"case_id":"ST-WK-SR/WNIOSEK/13213/2026","source_type":"wniosek_decyzja","received_date":"2026-07-13","decision_date":"2026-08-03","status":"decyzja wydana","description":"Budowa budynku mieszkalnego jednorodzinnego.","address":"Mechlin","city":"Mechlin","office":"Starosta Powiatu Śrem","case_kind":"Budynek mieszkalny jednorodzinny","parcel_ids":["302604_5.0016.277/1"],"location_quality":"dokładny","gunb_url":"https://wyszukiwarka.gunb.gov.pl/","parcel_count":1,"parcel_shard":"x068-y208","parcel_id":"302604_5.0016.277/1","location_source":"powiat śremski (wfs)"}},{"type":"Feature","id":"ST-WK-SR/WNIOSEK/23233/2025::302604_5.0016.416/13","geometry":{"type":"Polygon","coordinates":[[[17.0408528860538,52.0919508286011],[17.0413516715609,52.0919496474646],[17.0413627458524,52.0920185579681],[17.0414351245742,52.0920533887002],[17.04159543392,52.092062146372],[17.0417318353836,52.0932258764908],[17.0413615992199,52.0932628093123],[17.0402965319595,52.0933694135423],[17.0404748724744,52.0929337600819],[17.0405102819287,52.0928474797529],[17.0408261949419,52.0920250866069],[17.0408528860538,52.0919508286011]]]},"properties":{"case_id":"ST-WK-SR/WNIOSEK/23233/2025","source_type":"wniosek_decyzja","received_date":"2025-11-14","decision_date":"2025-11-20","status":"decyzja wydana","description":"Przebudowa budynku handlowego","address":"3, Kawcze","city":"Kawcze","office":"Starosta Powiatu Śrem","case_kind":"Obiekt budowlany inny niż budynek mieszkalny jednorodzinny","parcel_ids":["302604_5.0016.416/13"],"location_quality":"dokładny","gunb_url":"https://wyszukiwarka.gunb.gov.pl/","parcel_count":1,"parcel_shard":"x068-y208","parcel_id":"302604_5.0016.416/13","location_source":"powiat śremski (wfs)"}},{"type":"Feature","id":"ST-WK-SR/WNIOSEK/13216/2026::302604_5.0016.549/68","geometry":{"type":"Polygon","coordinates":[[[17.083096977427,52.1131397763305],[17.0829007653291,52.1129665229639],[17.0833827430122,52.1127619696189],[17.0834095174556,52.1127855532451],[17.08357895608,52.1129352221618],[17.083096977427,52.1131397763305]]]},"properties":{"case_id":"ST-WK-SR/WNIOSEK/13216/2026","source_type":"wniosek_decyzja","received_date":"2026-07-10","decision_date":"2026-08-13","status":"decyzja wydana","description":"Budowa budynku mieszkalnego dwulokalowego","address":"Mechlin","city":"Mechlin","office":"Starosta Powiatu Śrem","case_kind":"Budynek mieszkalny jednorodzinny","parcel_ids":["302604_5.0016.549/68"],"location_quality":"dokładny","gunb_url":"https://wyszukiwarka.gunb.gov.pl/","parcel_count":1,"parcel_shard":"x068-y208","parcel_id":"302604_5.0016.549/68","location_source":"powiat śremski (wfs)"}},{"type":"Feature","id":"ST-WK-SR/WNIOSEK/6414/2026::302604_5.0016.552/12","geometry":{"type":"Polygon","coordinates":[[[17.0757867119919,52.1161022233475],[17.0759448309634,52.115946888834],[17.0759589886422,52.1159329782505],[17.0765132818781,52.1161200501948],[17.0764195680227,52.1162251068487],[17.0763337035273,52.1163106307184],[17.0757867119919,52.1161022233475]]]},"properties":{"case_id":"ST-WK-SR/WNIOSEK/6414/2026","source_type":"wniosek_decyzja","received_date":"2026-04-02","decision_date":"2026-06-12","status":"decyzja wydana","description":"Projekt zamienny - budowa budynku mieszkalnego jednorodzinnego dwulokalowego wraz ze zbiornikiem bezodpływowym na ścieki i  infrastrukturą towarzyszącą.","address":"Mechlin","city":"Mechlin","office":"Starosta Powiatu Śrem","case_kind":"Budynek mieszkalny jednorodzinny","parcel_ids":["302604_5.0016.552/12","302604_5.0016.552/13","302604_5.0016.552/14"],"location_quality":"dokładny","gunb_url":"https://wyszukiwarka.gunb.gov.pl/","parcel_count":3,"parcel_shard":"x068-y208","parcel_id":"302604_5.0016.552/12","location_source":"powiat śremski (wfs)"}},{"type":"Feature","id":"ST-WK-SR/WNIOSEK/6414/2026::302604_5.0016.552/13","geometry":{"type":"Polygon","coordinates":[[[17.0759589886422,52.1159329782505],[17.0761457190674,52.1157495549703],[17.0766818862946,52.1159305519192],[17.0765132818781,52.1161200501948],[17.0759589886422,52.1159329782505]]]},"properties":{"case_id":"ST-WK-SR/WNIOSEK/6414/2026","source_type":"wniosek_decyzja","received_date":"2026-04-02","decision_date":"2026-06-12","status":"decyzja wydana","description":"Projekt zamienny - budowa budynku mieszkalnego jednorodzinnego dwulokalowego wraz ze zbiornikiem bezodpływowym na ścieki i  infrastrukturą towarzyszącą.","address":"Mechlin","city":"Mechlin","office":"Starosta Powiatu Śrem","case_kind":"Budynek mieszkalny jednorodzinny","parcel_ids":["302604_5.0016.552/12","302604_5.0016.552/13","302604_5.0016.552/14"],"location_quality":"dokładny","gunb_url":"https://wyszukiwarka.gunb.gov.pl/","parcel_count":3,"parcel_shard":"x068-y208","parcel_id":"302604_5.0016.552/13","location_source":"powiat śremski (wfs)"}},{"type":"Feature","id":"ST-WK-SR/WNIOSEK/6414/2026::302604_5.0016.552/14","geometry":{"type":"Polygon","coordinates":[[[17.0761457190674,52.1157495549703],[17.0763489930082,52.1155497227702],[17.0767875831002,52.1157188993969],[17.0768147618443,52.1157814001648],[17.0766818862946,52.1159305519192],[17.0761457190674,52.1157495549703]]]},"properties":{"case_id":"ST-WK-SR/WNIOSEK/6414/2026","source_type":"wniosek_decyzja","received_date":"2026-04-02","decision_date":"2026-06-12","status":"decyzja wydana","description":"Projekt zamienny - budowa budynku mieszkalnego jednorodzinnego dwulokalowego wraz ze zbiornikiem bezodpływowym na ścieki i  infrastrukturą towarzyszącą.","address":"Mechlin","city":"Mechlin","office":"Starosta Powiatu Śrem","case_kind":"Budynek mieszkalny jednorodzinny","parcel_ids":["302604_5.0016.552/12","302604_5.0016.552/13","302604_5.0016.552/14"],"location_quality":"dokładny","gunb_url":"https://wyszukiwarka.gunb.gov.pl/","parcel_count":3,"parcel_shard":"x068-y208","parcel_id":"302604_5.0016.552/14","location_source":"powiat śremski (wfs)"}},{"type":"Feature","id":"ST-WK-SR/WNIOSEK/6425/2026::302604_5.0016.552/13","geometry":{"type":"Polygon","coordinates":[[[17.0759589886422,52.1159329782505],[17.0761457190674,52.1157495549703],[17.0766818862946,52.1159305519192],[17.0765132818781,52.1161200501948],[17.0759589886422,52.1159329782505]]]},"properties":{"case_id":"ST-WK-SR/WNIOSEK/6425/2026","source_type":"wniosek_decyzja","received_date":"2026-04-02","decision_date":"2026-06-12","status":"decyzja wydana","description":"Budowa budynku mieszkalnego jednorodzinnego dwulokalowego wraz ze zbiornikiem bezodpływowym na ścieki z infrastrukturą towarzyszącą","address":"Mechlin","city":"Mechlin","office":"Starosta Powiatu Śrem","case_kind":"Budynek mieszkalny jednorodzinny","parcel_ids":["302604_5.0016.552/13"],"location_quality":"dokładny","gunb_url":"https://wyszukiwarka.gunb.gov.pl/","parcel_count":1,"parcel_shard":"x068-y208","parcel_id":"302604_5.0016.552/13","location_source":"powiat śremski (wfs)"}},{"type":"Feature","id":"ST-WK-SR/WNIOSEK/6423/2026::302604_5.0016.552/14","geometry":{"type":"Polygon","coordinates":[[[17.0761457190674,52.1157495549703],[17.0763489930082,52.1155497227702],[17.0767875831002,52.1157188993969],[17.0768147618443,52.1157814001648],[17.0766818862946,52.1159305519192],[17.0761457190674,52.1157495549703]]]},"properties":{"case_id":"ST-WK-SR/WNIOSEK/6423/2026","source_type":"wniosek_decyzja","received_date":"2026-04-02","decision_date":"2026-06-12","status":"decyzja wydana","description":"Budowa budynku mieszkalnego jednorodzinnego dwulokalowego wraz ze zbiornikiem bezodpływowym na ścieki z infrastrukturą towarzyszącą","address":"Mechlin","city":"Mechlin","office":"Starosta Powiatu Śrem","case_kind":"Budynek mieszkalny jednorodzinny","parcel_ids":["302604_5.0016.552/14"],"location_quality":"dokładny","gunb_url":"https://wyszukiwarka.gunb.gov.pl/","parcel_count":1,"parcel_shard":"x068-y208","parcel_id":"302604_5.0016.552/14","location_source":"powiat śremski (wfs)"}},{"type":"Feature","id":"ST-WK-SR/WNIOSEK/3764/2026::302604_5.0016.552/42","geometry":{"type":"Polygon","coordinates":[[[17.0745949811865,52.1147520218489],[17.0744231512186,52.1149208190833],[17.0738652295381,52.1147056656297],[17.073900253809,52.1146711565249],[17.0740370626171,52.1145367793348],[17.0745949811865,52.1147520218489]]]},"properties":{"case_id":"ST-WK-SR/WNIOSEK/3764/2026","source_type":"wniosek_decyzja","received_date":"2026-03-02","decision_date":"2026-05-12","status":"decyzja wydana","description":"Budowa budynku mieszkalnego jednorodzinnego dwulokalowego (etap 2)","address":"Mechlin","city":"Mechlin","office":"Starosta Powiatu Śrem","case_kind":"Budynek mieszkalny jednorodzinny","parcel_ids":["302604_5.0016.552/42","302604_5.0016.552/43"],"location_quality":"dokładny","gunb_url":"https://wyszukiwarka.gunb.gov.pl/","parcel_count":2,"parcel_shard":"x068-y208","parcel_id":"302604_5.0016.552/42","location_source":"powiat śremski (wfs)"}},{"type":"Feature","id":"ST-WK-SR/WNIOSEK/3764/2026::302604_5.0016.552/43","geometry":{"type":"Polygon","coordinates":[[[17.0744231512186,52.1149208190833],[17.0742513180986,52.115089705931],[17.0736932510417,52.1148744606496],[17.0738652295381,52.1147056656297],[17.0744231512186,52.1149208190833]]]},"properties":{"case_id":"ST-WK-SR/WNIOSEK/3764/2026","source_type":"wniosek_decyzja","received_date":"2026-03-02","decision_date":"2026-05-12","status":"decyzja wydana","description":"Budowa budynku mieszkalnego jednorodzinnego dwulokalowego (etap 2)","address":"Mechlin","city":"Mechlin","office":"Starosta Powiatu Śrem","case_kind":"Budynek mieszkalny jednorodzinny","parcel_ids":["302604_5.0016.552/42","302604_5.0016.552/43"],"location_quality":"dokładny","gunb_url":"https://wyszukiwarka.gunb.gov.pl/","parcel_count":2,"parcel_shard":"x068-y208","parcel_id":"302604_5.0016.552/43","location_source":"powiat śremski (wfs)"}},{"type":"Feature","id":"ST-WK-SR/WNIOSEK/3762/2026::302604_5.0016.552/42","geometry":{"type":"Polygon","coordinates":[[[17.0745949811865,52.1147520218489],[17.0744231512186,52.1149208190833],[17.0738652295381,52.1147056656297],[17.073900253809,52.1146711565249],[17.0740370626171,52.1145367793348],[17.0745949811865,52.1147520218489]]]},"properties":{"case_id":"ST-WK-SR/WNIOSEK/3762/2026","source_type":"wniosek_decyzja","received_date":"2026-03-02","decision_date":"2026-05-12","status":"decyzja wydana","description":"Budowa budynku mieszkalnego jednorodzinnego dwulokalowego (etap 1)","address":"Mechlin","city":"Mechlin","office":"Starosta Powiatu Śrem","case_kind":"Budynek mieszkalny jednorodzinny","parcel_ids":["302604_5.0016.552/42","302604_5.0016.552/43"],"location_quality":"dokładny","gunb_url":"https://wyszukiwarka.gunb.gov.pl/","parcel_count":2,"parcel_shard":"x068-y208","parcel_id":"302604_5.0016.552/42","location_source":"powiat śremski (wfs)"}},{"type":"Feature","id":"ST-WK-SR/WNIOSEK/3762/2026::302604_5.0016.552/43","geometry":{"type":"Polygon","coordinates":[[[17.0744231512186,52.1149208190833],[17.0742513180986,52.115089705931],[17.0736932510417,52.1148744606496],[17.0738652295381,52.1147056656297],[17.0744231512186,52.1149208190833]]]},"properties":{"case_id":"ST-WK-SR/WNIOSEK/3762/2026","source_type":"wniosek_decyzja","received_date":"2026-03-02","decision_date":"2026-05-12","status":"decyzja wydana","description":"Budowa budynku mieszkalnego jednorodzinnego dwulokalowego (etap 1)","address":"Mechlin","city":"Mechlin","office":"Starosta Powiatu Śrem","case_kind":"Budynek mieszkalny jednorodzinny","parcel_ids":["302604_5.0016.552/42","302604_5.0016.552/43"],"location_quality":"dokładny","gunb_url":"https://wyszukiwarka.gunb.gov.pl/","parcel_count":2,"parcel_shard":"x068-y208","parcel_id":"302604_5.0016.552/43","location_source":"powiat śremski (wfs)"}},{"type":"Feature","id":"ST-WK-SR/WNIOSEK/10270/2026::302604_5.0016.552/44","geometry":{"type":"Polygon","coordinates":[[[17.0742513180986,52.115089705931],[17.0740793377014,52.115258591367],[17.0735214153581,52.1150433464176],[17.0736932510417,52.1148744606496],[17.0742513180986,52.115089705931]]]},"properties":{"case_id":"ST-WK-SR/WNIOSEK/10270/2026","source_type":"wniosek_decyzja","received_date":"2026-05-29","decision_date":"2026-06-12","status":"decyzja wydana","description":"Budowa budynku mieszkalnego jednorodzinnego dwulokalowego wraz z zbiornikiem bezodplywowym","address":"Mechlin","city":"Mechlin","office":"Starosta Powiatu Śrem","case_kind":"Budynek mieszkalny jednorodzinny","parcel_ids":["302604_5.0016.552/44","302604_5.0016.552/45"],"location_quality":"dokładny","gunb_url":"https://wyszukiwarka.gunb.gov.pl/","parcel_count":2,"parcel_shard":"x068-y208","parcel_id":"302604_5.0016.552/44","location_source":"powiat śremski (wfs)"}},{"type":"Feature","id":"ST-WK-SR/WNIOSEK/10270/2026::302604_5.0016.552/45","geometry":{"type":"Polygon","coordinates":[[[17.0740793377014,52.115258591367],[17.0739075019763,52.1154274776877],[17.0733495783647,52.1152122319266],[17.0733871353149,52.1151753160752],[17.0735214153581,52.1150433464176],[17.0740793377014,52.115258591367]]]},"properties":{"case_id":"ST-WK-SR/WNIOSEK/10270/2026","source_type":"wniosek_decyzja","received_date":"2026-05-29","decision_date":"2026-06-12","status":"decyzja wydana","description":"Budowa budynku mieszkalnego jednorodzinnego dwulokalowego wraz z zbiornikiem bezodplywowym","address":"Mechlin","city":"Mechlin","office":"Starosta Powiatu Śrem","case_kind":"Budynek mieszkalny jednorodzinny","parcel_ids":["302604_5.0016.552/44","302604_5.0016.552/45"],"location_quality":"dokładny","gunb_url":"https://wyszukiwarka.gunb.gov.pl/","parcel_count":2,"parcel_shard":"x068-y208","parcel_id":"302604_5.0016.552/45","location_source":"powiat śremski (wfs)"}},{"type":"Feature","id":"ST-WK-SR/WNIOSEK/10274/2026::302604_5.0016.552/44","geometry":{"type":"Polygon","coordinates":[[[17.0742513180986,52.115089705931],[17.0740793377014,52.115258591367],[17.0735214153581,52.1150433464176],[17.0736932510417,52.1148744606496],[17.0742513180986,52.115089705931]]]},"properties":{"case_id":"ST-WK-SR/WNIOSEK/10274/2026","source_type":"wniosek_decyzja","received_date":"2026-05-28","decision_date":"2026-06-12","status":"decyzja wydana","description":"Budowa budynku mieszkalnego jednorodzinnego dwulokalowego wraz z zbiornikiem bezodpływowym","address":"Dąbrowa","city":"Dąbrowa","office":"Starosta Powiatu Śrem","case_kind":"Budynek mieszkalny jednorodzinny","parcel_ids":["302604_5.0016.552/44","302604_5.0016.552/45"],"location_quality":"dokładny","gunb_url":"https://wyszukiwarka.gunb.gov.pl/","parcel_count":2,"parcel_shard":"x068-y208","parcel_id":"302604_5.0016.552/44","location_source":"powiat śremski (wfs)"}},{"type":"Feature","id":"ST-WK-SR/WNIOSEK/10274/2026::302604_5.0016.552/45","geometry":{"type":"Polygon","coordinates":[[[17.0740793377014,52.115258591367],[17.0739075019763,52.1154274776877],[17.0733495783647,52.1152122319266],[17.0733871353149,52.1151753160752],[17.0735214153581,52.1150433464176],[17.0740793377014,52.115258591367]]]},"properties":{"case_id":"ST-WK-SR/WNIOSEK/10274/2026","source_type":"wniosek_decyzja","received_date":"2026-05-28","decision_date":"2026-06-12","status":"decyzja wydana","description":"Budowa budynku mieszkalnego jednorodzinnego dwulokalowego wraz z zbiornikiem bezodpływowym","address":"Dąbrowa","city":"Dąbrowa","office":"Starosta Powiatu Śrem","case_kind":"Budynek mieszkalny jednorodzinny","parcel_ids":["302604_5.0016.552/44","302604_5.0016.552/45"],"location_quality":"dokładny","gunb_url":"https://wyszukiwarka.gunb.gov.pl/","parcel_count":2,"parcel_shard":"x068-y208","parcel_id":"302604_5.0016.552/45","location_source":"powiat śremski (wfs)"}},{"type":"Feature","id":"ST-WK-SR/WNIOSEK/12052/2026::302604_5.0016.57/14","geometry":{"type":"Polygon","coordinates":[[[17.0785515861712,52.1167653284418],[17.0785712165027,52.1167111748153],[17.0786038177575,52.1165615449765],[17.0792497451754,52.1166813695127],[17.0791793298844,52.1168817948752],[17.0785515861712,52.1167653284418]]]},"properties":{"case_id":"ST-WK-SR/WNIOSEK/12052/2026","source_type":"wniosek_decyzja","received_date":"2026-06-23","decision_date":"2026-08-18","status":"decyzja wydana","description":"Budynek mieszkalny jednorodzinny","address":"Mechlin","city":"Mechlin","office":"Starosta Powiatu Śrem","case_kind":"Budynek mieszkalny jednorodzinny","parcel_ids":["302604_5.0016.57/14"],"location_quality":"dokładny","gunb_url":"https://wyszukiwarka.gunb.gov.pl/","parcel_count":1,"parcel_shard":"x068-y208","parcel_id":"302604_5.0016.57/14","location_source":"powiat śremski (wfs)"}},{"type":"Feature","id":"ST-WK-SR/WNIOSEK/9707/2026::302604_5.0018.175/8","geometry":{"type":"Polygon","coordinates":[[[17.0148522172798,52.1429965070928],[17.0148778090354,52.1426370625673],[17.0152421079469,52.142646794223],[17.0152171021687,52.1430060572724],[17.0148522172798,52.1429965070928]]]},"properties":{"case_id":"ST-WK-SR/WNIOSEK/9707/2026","source_type":"wniosek_decyzja","received_date":"2026-05-19","decision_date":"2026-07-24","status":"decyzja wydana","description":"Budowa budynku mieszkalnego jednorodzinnego","address":"Niesłabin","city":"Niesłabin","office":"Starosta Powiatu Śrem","case_kind":"Budynek mieszkalny jednorodzinny","parcel_ids":["302604_5.0018.175/8"],"location_quality":"dokładny","gunb_url":"https://wyszukiwarka.gunb.gov.pl/","parcel_count":1,"parcel_shard":"x068-y208","parcel_id":"302604_5.0018.175/8","location_source":"powiat śremski (wfs)"}},{"type":"Feature","id":"ST-WK-SR/WNIOSEK/7977/2026::302604_5.0018.176/9","geometry":{"type":"Polygon","coordinates":[[[17.0139889405629,52.1449789667257],[17.0140333818433,52.1445675906714],[17.0145232595191,52.1445864256037],[17.0144741266842,52.1449987513202],[17.0139889405629,52.1449789667257]]]},"properties":{"case_id":"ST-WK-SR/WNIOSEK/7977/2026","source_type":"wniosek_decyzja","received_date":"2026-04-27","decision_date":"2026-06-05","status":"decyzja wydana","description":"Budowa dwóch budynków usługowych: budynku warsztatu oraz budynku magazynu części wraz ze zbiornikiem bezodpływowym oraz studnią","address":"Niesłabin","city":"Niesłabin","office":"Starosta Powiatu Śrem","case_kind":"Obiekt budowlany inny niż budynek mieszkalny jednorodzinny","parcel_ids":["302604_5.0018.176/9"],"location_quality":"dokładny","gunb_url":"https://wyszukiwarka.gunb.gov.pl/","parcel_count":1,"parcel_shard":"x068-y208","parcel_id":"302604_5.0018.176/9","location_source":"powiat śremski (wfs)"}},{"type":"Feature","id":"ST-WK-SR/WNIOSEK/17741/2025::302604_5.0018.431/12","geometry":{"type":"Polygon","coordinates":[[[17.004140495362,52.1415327566998],[17.0042681191509,52.1414369418179],[17.0043783744922,52.1413731578259],[17.004754236098,52.1413934078181],[17.005610285074,52.1414395476079],[17.005621686174,52.1413605478391],[17.005737975347,52.1413668313018],[17.0059219668823,52.1413767413155],[17.0058754518475,52.141720596127],[17.005828450958,52.1417844653382],[17.0048361112084,52.1417311551186],[17.0047106877103,52.1417211803823],[17.0041520451761,52.1416914307937],[17.004140495362,52.1415327566998]]]},"properties":{"case_id":"ST-WK-SR/WNIOSEK/17741/2025","source_type":"wniosek_decyzja","received_date":"2025-08-27","decision_date":"2025-11-14","status":"decyzja wydana","description":"Odbudowa budynku gospodarczego i zmiana sposobu użytkowania na budynek garażowy wraz z rozbiurką budynku gospodarczego","address":"Niesłabin","city":"Niesłabin","office":"Starosta Powiatu Śrem","case_kind":"Obiekt budowlany inny niż budynek mieszkalny jednorodzinny","parcel_ids":["302604_5.0018.431/12"],"location_quality":"dokładny","gunb_url":"https://wyszukiwarka.gunb.gov.pl/","parcel_count":1,"parcel_shard":"x068-y208","parcel_id":"302604_5.0018.431/12","location_source":"powiat śremski (wfs)"}},{"type":"Feature","id":"ST-WK-SR/WNIOSEK/7457/2026::302604_5.0019.455/13","geometry":{"type":"Polygon","coordinates":[[[17.0036861005659,52.0722113510677],[17.0039978749134,52.0718234139418],[17.0043243394122,52.0719235345796],[17.004012567196,52.0723114725499],[17.0036861005659,52.0722113510677]]]},"properties":{"case_id":"ST-WK-SR/WNIOSEK/7457/2026","source_type":"wniosek_decyzja","received_date":"2026-04-21","decision_date":"2026-07-13","status":"decyzja wydana","description":"Budowa budynku mieszkalnego jednorodzinnego wolnostojącego","address":"Nochowo","city":"Nochowo","office":"Starosta Powiatu Śrem","case_kind":"Obiekt budowlany inny niż budynek mieszkalny jednorodzinny","parcel_ids":["302604_5.0019.455/13"],"location_quality":"dokładny","gunb_url":"https://wyszukiwarka.gunb.gov.pl/","parcel_count":1,"parcel_shard":"x068-y208","parcel_id":"302604_5.0019.455/13","location_source":"powiat śremski (wfs)"}},{"type":"Feature","id":"ST-WK-SR/ZGŁOSZENIE/982/2026::302604_5.0019.461/4","geometry":{"type":"Polygon","coordinates":[[[17.0009766903256,52.0686219020274],[17.00102589848,52.0685866356494],[17.001462999921,52.0687174340285],[17.0018696781408,52.0688391646151],[17.0021976563342,52.0689373279474],[17.0025259747069,52.0690351110154],[17.0028542945181,52.0691328931995],[17.003245620541,52.0692495549254],[17.0033557426774,52.0692376073727],[17.0034658365002,52.0691010176352],[17.0034431625005,52.0690187051349],[17.0032869752258,52.0689723210201],[17.0033758419529,52.0688589213676],[17.0036568672874,52.0689425098009],[17.0035833210677,52.0690368301511],[17.0033440015036,52.0693326040829],[17.0025579083332,52.06909549451],[17.0009766903256,52.0686219020274]]]},"properties":{"case_id":"ST-WK-SR/ZGŁOSZENIE/982/2026","source_type":"zgloszenie","received_date":"2026-04-01","decision_date":null,"status":"Brak sprzeciwu","description":"Budowa sieci wodociągowej i sieci kanalizacji sanitarnej","address":"Nochowo","city":"Nochowo","office":"Starosta Powiatu Śrem","case_kind":"budowa nowego/nowych obiektów budowlanych","parcel_ids":["302604_5.0019.461/4","302604_5.0019.462/7"],"location_quality":"dokładny","gunb_url":"https://wyszukiwarka.gunb.gov.pl/","parcel_count":2,"parcel_shard":"x068-y208","parcel_id":"302604_5.0019.461/4","location_source":"powiat śremski (wfs)"}},{"type":"Feature","id":"ST-WK-SR/ZGŁOSZENIE/982/2026::302604_5.0019.462/7","geometry":{"type":"Polygon","coordinates":[[[17.0009417738259,52.0702190032287],[17.0015398076761,52.0694783135018],[17.0017412481432,52.0692287974412],[17.0019026362165,52.0690290065699],[17.0018626818648,52.0689370776233],[17.0014297798093,52.0688074848021],[17.0012046376968,52.0687400524709],[17.0011726697678,52.0687804984652],[17.0008029412082,52.0686696849061],[17.000865425355,52.0685885111476],[17.0009766903256,52.0686219020274],[17.0025579083332,52.06909549451],[17.0025253680897,52.0691354866063],[17.0021775078806,52.0690313340147],[17.0020337542725,52.069068227188],[17.0018795664565,52.0692590909307],[17.0016703253893,52.0695183383785],[17.0015209310681,52.0697033998729],[17.0013715355097,52.0698884611689],[17.0012221386999,52.0700735222572],[17.0010725928216,52.0702586717752],[17.0009417738259,52.0702190032287]]]},"properties":{"case_id":"ST-WK-SR/ZGŁOSZENIE/982/2026","source_type":"zgloszenie","received_date":"2026-04-01","decision_date":null,"status":"Brak sprzeciwu","description":"Budowa sieci wodociągowej i sieci kanalizacji sanitarnej","address":"Nochowo","city":"Nochowo","office":"Starosta Powiatu Śrem","case_kind":"budowa nowego/nowych obiektów budowlanych","parcel_ids":["302604_5.0019.461/4","302604_5.0019.462/7"],"location_quality":"dokładny","gunb_url":"https://wyszukiwarka.gunb.gov.pl/","parcel_count":2,"parcel_shard":"x068-y208","parcel_id":"302604_5.0019.462/7","location_source":"powiat śremski (wfs)"}},{"type":"Feature","id":"ST-WK-SR/WNIOSEK/24151/2025::302604_5.0019.462/10","geometry":{"type":"Polygon","coordinates":[[[17.0000009907652,52.0690064154138],[17.0002393727175,52.0687683607753],[17.0012232367128,52.0690699901146],[17.0017412481432,52.0692287974412],[17.0015398076761,52.0694783135018],[17.0000009907652,52.0690064154138]]]},"properties":{"case_id":"ST-WK-SR/WNIOSEK/24151/2025","source_type":"wniosek_decyzja","received_date":"2025-11-26","decision_date":"2026-01-19","status":"decyzja wydana","description":"Budowa budynku mieszkalnego jednorodzinnego","address":"Nochowo","city":"Nochowo","office":"Starosta Powiatu Śrem","case_kind":"Budynek mieszkalny jednorodzinny","parcel_ids":["302604_5.0019.462/10"],"location_quality":"dokładny","gunb_url":"https://wyszukiwarka.gunb.gov.pl/","parcel_count":1,"parcel_shard":"x068-y208","parcel_id":"302604_5.0019.462/10","location_source":"powiat śremski (wfs)"}},{"type":"Feature","id":"ST-WK-SR/WNIOSEK/6206/2026::302604_5.0020.100/22","geometry":{"type":"Polygon","coordinates":[[[17.0982951171841,52.0688283805663],[17.0977729903544,52.0688268854918],[17.0976267707314,52.0688263813898],[17.0975711887349,52.0686252270734],[17.0982206360462,52.0685572701231],[17.0982951171841,52.0688283805663]]]},"properties":{"case_id":"ST-WK-SR/WNIOSEK/6206/2026","source_type":"wniosek_decyzja","received_date":"2026-03-31","decision_date":"2026-04-14","status":"decyzja wydana","description":"Budowa budynku mieszkalnego jednorodzinnego.","address":"Olsza","city":"Olsza","office":"Starosta Powiatu Śrem","case_kind":"Budynek mieszkalny jednorodzinny","parcel_ids":["302604_5.0020.100/22"],"location_quality":"dokładny","gunb_url":"https://wyszukiwarka.gunb.gov.pl/","parcel_count":1,"parcel_shard":"x068-y208","parcel_id":"302604_5.0020.100/22","location_source":"powiat śremski (wfs)"}},{"type":"Feature","id":"ST-WK-SR/WNIOSEK/459/2026::302604_5.0022.212","geometry":{"type":"Polygon","coordinates":[[[17.0357141465756,52.0466003645473],[17.0359321023489,52.0463666987106],[17.0360049088746,52.046283955451],[17.0366195723564,52.0464130323438],[17.038023715213,52.0467079402296],[17.0378325689094,52.0470817558114],[17.0377672866837,52.0471930620254],[17.0366862284503,52.0469558536819],[17.0361388635496,52.0468028389408],[17.0358563693273,52.0467182226666],[17.0356703294006,52.0466624336303],[17.0357141465756,52.0466003645473]]]},"properties":{"case_id":"ST-WK-SR/WNIOSEK/459/2026","source_type":"wniosek_decyzja","received_date":"2026-01-09","decision_date":"2026-02-02","status":"decyzja wydana","description":"Budowa wewnętrznej instalacji gazowej w budynku mieszkalnym jednorodzinnym","address":"5, Ostrowo","city":"Ostrowo","office":"Starosta Powiatu Śrem","case_kind":"Obiekt budowlany inny niż budynek mieszkalny jednorodzinny","parcel_ids":["302604_5.0022.212"],"location_quality":"dokładny","gunb_url":"https://wyszukiwarka.gunb.gov.pl/","parcel_count":1,"parcel_shard":"x068-y208","parcel_id":"302604_5.0022.212","location_source":"powiat śremski (wfs)"}},{"type":"Feature","id":"ST-WK-SR/WNIOSEK/23218/2025::302604_5.0022.231","geometry":{"type":"Polygon","coordinates":[[[17.0411775452591,52.044560906917],[17.0414567934632,52.0448543358695],[17.0400215591481,52.0445673862428],[17.0392792248501,52.0444175483051],[17.0393234854151,52.0443260436869],[17.0393689701475,52.0442013144836],[17.0401310934562,52.0443602077618],[17.040728279681,52.0444756542031],[17.0411775452591,52.044560906917]]]},"properties":{"case_id":"ST-WK-SR/WNIOSEK/23218/2025","source_type":"wniosek_decyzja","received_date":"2025-11-13","decision_date":"2025-12-16","status":"decyzja wydana","description":"Budowa wewnętrznej instalacji gazowej w budynku mieszkalnym jednorodzinnym","address":"Ostrowo","city":"Ostrowo","office":"Starosta Powiatu Śrem","case_kind":"Budynek mieszkalny jednorodzinny","parcel_ids":["302604_5.0022.231"],"location_quality":"dokładny","gunb_url":"https://wyszukiwarka.gunb.gov.pl/","parcel_count":1,"parcel_shard":"x068-y208","parcel_id":"302604_5.0022.231","location_source":"powiat śremski (wfs)"}},{"type":"Feature","id":"ST-WK-SR/WNIOSEK/21878/2025::302604_5.0022.261/23","geometry":{"type":"Polygon","coordinates":[[[17.0530076607636,52.0348410807046],[17.0522060475257,52.0345321909574],[17.052226542779,52.0344912248852],[17.0523841151963,52.0343566496526],[17.053183364304,52.0346651717476],[17.0530076607636,52.0348410807046]]]},"properties":{"case_id":"ST-WK-SR/WNIOSEK/21878/2025","source_type":"wniosek_decyzja","received_date":"2025-10-24","decision_date":"2025-10-30","status":"decyzja wydana","description":"Budowa wewnętrznej instalacji gazowej w budynku rekreacji indywiduaklnej","address":"Ostrowo","city":"Ostrowo","office":"Starosta Powiatu Śrem","case_kind":"Obiekt budowlany inny niż budynek mieszkalny jednorodzinny","parcel_ids":["302604_5.0022.261/23"],"location_quality":"dokładny","gunb_url":"https://wyszukiwarka.gunb.gov.pl/","parcel_count":1,"parcel_shard":"x068-y208","parcel_id":"302604_5.0022.261/23","location_source":"powiat śremski (wfs)"}},{"type":"Feature","id":"ST-WK-SR/WNIOSEK/22347/2025::302604_5.0023.49/1","geometry":{"type":"Polygon","coordinates":[[[17.015789990418,52.0583683985701],[17.0157062785847,52.0583491835417],[17.015133918674,52.0582185656461],[17.0151067930861,52.0582121370359],[17.0150858184407,52.0580917883298],[17.015120736588,52.0580289823703],[17.015776969178,52.0582111745645],[17.015789990418,52.0583683985701]]]},"properties":{"case_id":"ST-WK-SR/WNIOSEK/22347/2025","source_type":"wniosek_decyzja","received_date":"2025-10-29","decision_date":"2025-12-12","status":"decyzja wydana","description":"Budowa budynku letniskowego","address":"Pełczyn","city":"Pełczyn","office":"Starosta Powiatu Śrem","case_kind":"Budynek mieszkalny jednorodzinny","parcel_ids":["302604_5.0023.49/1"],"location_quality":"dokładny","gunb_url":"https://wyszukiwarka.gunb.gov.pl/","parcel_count":1,"parcel_shard":"x068-y208","parcel_id":"302604_5.0023.49/1","location_source":"powiat śremski (wfs)"}},{"type":"Feature","id":"ST-WK-SR/WNIOSEK/26199/2025::302604_5.0023.76/6","geometry":{"type":"Polygon","coordinates":[[[17.0143357211028,52.054423507455],[17.0144227729151,52.0542243358885],[17.0145630900964,52.0539036385253],[17.0148204592887,52.0539418334878],[17.0147411446092,52.0543792598269],[17.0143357211028,52.054423507455]]]},"properties":{"case_id":"ST-WK-SR/WNIOSEK/26199/2025","source_type":"wniosek_decyzja","received_date":"2025-12-23","decision_date":"2026-02-17","status":"decyzja wydana","description":"Budynek mieszkalny jednorodzinny wraz ze zbiornikiem bezodpływowym","address":"Pełczyn","city":"Pełczyn","office":"Starosta Powiatu Śrem","case_kind":"Budynek mieszkalny jednorodzinny","parcel_ids":["302604_5.0023.76/6"],"location_quality":"dokładny","gunb_url":"https://wyszukiwarka.gunb.gov.pl/","parcel_count":1,"parcel_shard":"x068-y208","parcel_id":"302604_5.0023.76/6","location_source":"powiat śremski (wfs)"}},{"type":"Feature","id":"ST-WK-SR/WNIOSEK/12674/2026::302604_5.0025.134/6","geometry":{"type":"Polygon","coordinates":[[[17.0573366128261,52.0698105187214],[17.0580049727482,52.0695119356005],[17.0581653922812,52.0696531000488],[17.0575010969227,52.0699507025194],[17.0573366128261,52.0698105187214]]]},"properties":{"case_id":"ST-WK-SR/WNIOSEK/12674/2026","source_type":"wniosek_decyzja","received_date":"2026-07-02","decision_date":"2026-07-24","status":"decyzja wydana","description":"Budowa budynku gospodarczo-garażowego wraz z infrastrukturą towarzyszącą","address":"Pysząca","city":"Pysząca","office":"Starosta Powiatu Śrem","case_kind":"Obiekt budowlany inny niż budynek mieszkalny jednorodzinny","parcel_ids":["302604_5.0025.134/6","302604_5.0025.134/7"],"location_quality":"dokładny","gunb_url":"https://wyszukiwarka.gunb.gov.pl/","parcel_count":2,"parcel_shard":"x068-y208","parcel_id":"302604_5.0025.134/6","location_source":"powiat śremski (wfs)"}},{"type":"Feature","id":"ST-WK-SR/WNIOSEK/12674/2026::302604_5.0025.134/7","geometry":{"type":"Polygon","coordinates":[[[17.0571710938418,52.069671045471],[17.0578341221213,52.0693732639405],[17.0580049727482,52.0695119356005],[17.0573366128261,52.0698105187214],[17.0571710938418,52.069671045471]]]},"properties":{"case_id":"ST-WK-SR/WNIOSEK/12674/2026","source_type":"wniosek_decyzja","received_date":"2026-07-02","decision_date":"2026-07-24","status":"decyzja wydana","description":"Budowa budynku gospodarczo-garażowego wraz z infrastrukturą towarzyszącą","address":"Pysząca","city":"Pysząca","office":"Starosta Powiatu Śrem","case_kind":"Obiekt budowlany inny niż budynek mieszkalny jednorodzinny","parcel_ids":["302604_5.0025.134/6","302604_5.0025.134/7"],"location_quality":"dokładny","gunb_url":"https://wyszukiwarka.gunb.gov.pl/","parcel_count":2,"parcel_shard":"x068-y208","parcel_id":"302604_5.0025.134/7","location_source":"powiat śremski (wfs)"}},{"type":"Feature","id":"ST-WK-SR/WNIOSEK/10276/2026::302604_5.0025.172/3","geometry":{"type":"Polygon","coordinates":[[[17.0601837307145,52.0667822009858],[17.0597659059735,52.0664073797761],[17.0600632701552,52.0662754672895],[17.0604896142813,52.0665992976818],[17.0604101630275,52.066632549985],[17.060451238692,52.0666697292508],[17.0601837307145,52.0667822009858]]]},"properties":{"case_id":"ST-WK-SR/WNIOSEK/10276/2026","source_type":"wniosek_decyzja","received_date":"2026-05-29","decision_date":"2026-06-11","status":"decyzja wydana","description":"Przebudowa budynku mieszkalnego jednorodzinnego wraz z częściową rozbiórką.","address":"Śremska 8, Pysząca","city":"Pysząca","office":"Starosta Powiatu Śrem","case_kind":"Budynek mieszkalny jednorodzinny","parcel_ids":["302604_5.0025.172/3"],"location_quality":"dokładny","gunb_url":"https://wyszukiwarka.gunb.gov.pl/","parcel_count":1,"parcel_shard":"x068-y208","parcel_id":"302604_5.0025.172/3","location_source":"powiat śremski (wfs)"}},{"type":"Feature","id":"ST-WK-SR/ZGŁOSZENIE/1243/2026::302604_5.0025.33","geometry":{"type":"Polygon","coordinates":[[[17.060655922796,52.080808956036],[17.0585950691842,52.0800169380124],[17.0581253189004,52.0798344659951],[17.0578397335001,52.079656875343],[17.0577504061732,52.0796013446774],[17.0575837390571,52.0792077183724],[17.0575783779913,52.0791852049368],[17.0575464674772,52.079051834118],[17.0574925600739,52.0788269669937],[17.0574392006445,52.0786038119783],[17.0574041594288,52.0784625963098],[17.0573552238953,52.0782564387195],[17.0573064160017,52.0780519141048],[17.0572612378529,52.0775479556261],[17.0572052059764,52.0761541142949],[17.0570661855393,52.075730192074],[17.0569817416407,52.0756137883825],[17.056910290453,52.0755154104158],[17.0567297582373,52.0753363952316],[17.0559935554981,52.0749340966888],[17.0557509328306,52.074828812226],[17.0552231044145,52.0747046753073],[17.0533407393644,52.0744181635175],[17.0531467670905,52.0743375273906],[17.0530853867312,52.0743119973822],[17.0532847867702,52.074254202746],[17.0534081134334,52.0742956942621],[17.0536273570941,52.0743289657271],[17.0545466970609,52.0744687428312],[17.0546394492511,52.0744828254197],[17.0552863801672,52.0745811396945],[17.0556527754225,52.0746605846481],[17.0558568918894,52.0747155653252],[17.0561222164565,52.0748314729971],[17.0565176968934,52.0750359494687],[17.0568985818149,52.0752561131001],[17.0570532832711,52.0753659960828],[17.0570821090561,52.075410128665],[17.057269990122,52.0756971682206],[17.0573392097584,52.0759261645671],[17.057405880524,52.0761470788635],[17.0575188470504,52.0780368399781],[17.0577921507318,52.0791794439732],[17.0579306288105,52.079521564062],[17.0581827301365,52.0796736450817],[17.0581982765596,52.0796831227239],[17.0582399269756,52.0797082459709],[17.05826603175,52.0797239814608],[17.0587136191756,52.0799080535029],[17.0601266573387,52.0804522089397],[17.060763436473,52.0806974076292],[17.0607621343294,52.0806986703684],[17.0606635154048,52.0808006597007],[17.060655922796,52.080808956036]]]},"properties":{"case_id":"ST-WK-SR/ZGŁOSZENIE/1243/2026","source_type":"zgloszenie","received_date":"2026-04-21","decision_date":null,"status":"Brak sprzeciwu","description":"Budowa sieci energetycznej nn 0,4 kV","address":"Sosnowiec","city":"Sosnowiec","office":"Starosta Powiatu Śrem","case_kind":"budowa nowego/nowych obiektów budowlanych","parcel_ids":["302604_5.0025.33","302604_5.0025.48/4","302604_5.0025.483","302604_5.0025.57/3","302604_5.0025.59/1","302604_5.0025.60","302604_5.0025.63/2","302604_5.0025.64","302604_5.0025.79/2","302604_5.0025.91/16","302604_5.0025.92"],"location_quality":"dokładny","gunb_url":"https://wyszukiwarka.gunb.gov.pl/","parcel_count":11,"parcel_shard":"x068-y208","parcel_id":"302604_5.0025.33","location_source":"powiat śremski (wfs)"}},{"type":"Feature","id":"ST-WK-SR/ZGŁOSZENIE/1243/2026::302604_5.0025.48/4","geometry":{"type":"Polygon","coordinates":[[[17.0567297582373,52.0753363952316],[17.0559322967744,52.0754973726821],[17.0562406582804,52.0766683680732],[17.055787565276,52.0768246299703],[17.0545168212527,52.0771053380039],[17.054302964782,52.0771409966417],[17.0541407121244,52.0766070314244],[17.0534470888112,52.076613584807],[17.0532969421116,52.0761808858116],[17.0530401697513,52.0754404739386],[17.0529257694236,52.075110673233],[17.0528723272972,52.075070394462],[17.052828621628,52.0749398337844],[17.0528425884162,52.0747636923441],[17.0531467670905,52.0743375273906],[17.0533407393644,52.0744181635175],[17.0552231044145,52.0747046753073],[17.0557509328306,52.074828812226],[17.0559935554981,52.0749340966888],[17.0567297582373,52.0753363952316]]]},"properties":{"case_id":"ST-WK-SR/ZGŁOSZENIE/1243/2026","source_type":"zgloszenie","received_date":"2026-04-21","decision_date":null,"status":"Brak sprzeciwu","description":"Budowa sieci energetycznej nn 0,4 kV","address":"Sosnowiec","city":"Sosnowiec","office":"Starosta Powiatu Śrem","case_kind":"budowa nowego/nowych obiektów budowlanych","parcel_ids":["302604_5.0025.33","302604_5.0025.48/4","302604_5.0025.483","302604_5.0025.57/3","302604_5.0025.59/1","302604_5.0025.60","302604_5.0025.63/2","302604_5.0025.64","302604_5.0025.79/2","302604_5.0025.91/16","302604_5.0025.92"],"location_quality":"dokładny","gunb_url":"https://wyszukiwarka.gunb.gov.pl/","parcel_count":11,"parcel_shard":"x068-y208","parcel_id":"302604_5.0025.48/4","location_source":"powiat śremski (wfs)"}},{"type":"Feature","id":"ST-WK-SR/ZGŁOSZENIE/1243/2026::302604_5.0025.483","geometry":{"type":"Polygon","coordinates":[[[17.0527551525255,52.0749389700015],[17.0527933048667,52.0747421645432],[17.0530853867312,52.0743119973822],[17.0531467670905,52.0743375273906],[17.0528425884162,52.0747636923441],[17.052828621628,52.0749398337844],[17.0527551525255,52.0749389700015]]]},"properties":{"case_id":"ST-WK-SR/ZGŁOSZENIE/1243/2026","source_type":"zgloszenie","received_date":"2026-04-21","decision_date":null,"status":"Brak sprzeciwu","description":"Budowa sieci energetycznej nn 0,4 kV","address":"Sosnowiec","city":"Sosnowiec","office":"Starosta Powiatu Śrem","case_kind":"budowa nowego/nowych obiektów budowlanych","parcel_ids":["302604_5.0025.33","302604_5.0025.48/4","302604_5.0025.483","302604_5.0025.57/3","302604_5.0025.59/1","302604_5.0025.60","302604_5.0025.63/2","302604_5.0025.64","302604_5.0025.79/2","302604_5.0025.91/16","302604_5.0025.92"],"location_quality":"dokładny","gunb_url":"https://wyszukiwarka.gunb.gov.pl/","parcel_count":11,"parcel_shard":"x068-y208","parcel_id":"302604_5.0025.483","location_source":"powiat śremski (wfs)"}},{"type":"Feature","id":"ST-WK-SR/ZGŁOSZENIE/1243/2026::302604_5.0025.57/3","geometry":{"type":"Polygon","coordinates":[[[17.0546394492511,52.0744828254197],[17.0554443990358,52.0741246994484],[17.055869917283,52.0746012714326],[17.0556527754225,52.0746605846481],[17.0552863801672,52.0745811396945],[17.0546394492511,52.0744828254197]]]},"properties":{"case_id":"ST-WK-SR/ZGŁOSZENIE/1243/2026","source_type":"zgloszenie","received_date":"2026-04-21","decision_date":null,"status":"Brak sprzeciwu","description":"Budowa sieci energetycznej nn 0,4 kV","address":"Sosnowiec","city":"Sosnowiec","office":"Starosta Powiatu Śrem","case_kind":"budowa nowego/nowych obiektów budowlanych","parcel_ids":["302604_5.0025.33","302604_5.0025.48/4","302604_5.0025.483","302604_5.0025.57/3","302604_5.0025.59/1","302604_5.0025.60","302604_5.0025.63/2","302604_5.0025.64","302604_5.0025.79/2","302604_5.0025.91/16","302604_5.0025.92"],"location_quality":"dokładny","gunb_url":"https://wyszukiwarka.gunb.gov.pl/","parcel_count":11,"parcel_shard":"x068-y208","parcel_id":"302604_5.0025.57/3","location_source":"powiat śremski (wfs)"}},{"type":"Feature","id":"ST-WK-SR/ZGŁOSZENIE/1243/2026::302604_5.0025.59/1","geometry":{"type":"Polygon","coordinates":[[[17.0579536564795,52.0749083956647],[17.0574629951389,52.0741539197932],[17.0584272122678,52.0739138242908],[17.0589005153201,52.0746499255635],[17.0582810399206,52.074776536696],[17.0580871240791,52.0748392838091],[17.0579536564795,52.0749083956647]]]},"properties":{"case_id":"ST-WK-SR/ZGŁOSZENIE/1243/2026","source_type":"zgloszenie","received_date":"2026-04-21","decision_date":null,"status":"Brak sprzeciwu","description":"Budowa sieci energetycznej nn 0,4 kV","address":"Sosnowiec","city":"Sosnowiec","office":"Starosta Powiatu Śrem","case_kind":"budowa nowego/nowych obiektów budowlanych","parcel_ids":["302604_5.0025.33","302604_5.0025.48/4","302604_5.0025.483","302604_5.0025.57/3","302604_5.0025.59/1","302604_5.0025.60","302604_5.0025.63/2","302604_5.0025.64","302604_5.0025.79/2","302604_5.0025.91/16","302604_5.0025.92"],"location_quality":"dokładny","gunb_url":"https://wyszukiwarka.gunb.gov.pl/","parcel_count":11,"parcel_shard":"x068-y208","parcel_id":"302604_5.0025.59/1","location_source":"powiat śremski (wfs)"}},{"type":"Feature","id":"ST-WK-SR/ZGŁOSZENIE/1243/2026::302604_5.0025.60","geometry":{"type":"Polygon","coordinates":[[[17.0589005153201,52.0746499255635],[17.0584272122678,52.0739138242908],[17.0578516095764,52.0730186755523],[17.0582637263628,52.0730046578852],[17.0589665466009,52.0730894693285],[17.0596659212205,52.0741754951951],[17.0597212835225,52.0743359492698],[17.0597016376021,52.0744089151613],[17.0596454508859,52.0744736407736],[17.0595917394991,52.074504109785],[17.0594863808772,52.0745338488299],[17.0589005153201,52.0746499255635]]]},"properties":{"case_id":"ST-WK-SR/ZGŁOSZENIE/1243/2026","source_type":"zgloszenie","received_date":"2026-04-21","decision_date":null,"status":"Brak sprzeciwu","description":"Budowa sieci energetycznej nn 0,4 kV","address":"Sosnowiec","city":"Sosnowiec","office":"Starosta Powiatu Śrem","case_kind":"budowa nowego/nowych obiektów budowlanych","parcel_ids":["302604_5.0025.33","302604_5.0025.48/4","302604_5.0025.483","302604_5.0025.57/3","302604_5.0025.59/1","302604_5.0025.60","302604_5.0025.63/2","302604_5.0025.64","302604_5.0025.79/2","302604_5.0025.91/16","302604_5.0025.92"],"location_quality":"dokładny","gunb_url":"https://wyszukiwarka.gunb.gov.pl/","parcel_count":11,"parcel_shard":"x068-y208","parcel_id":"302604_5.0025.60","location_source":"powiat śremski (wfs)"}},{"type":"Feature","id":"ST-WK-SR/ZGŁOSZENIE/1243/2026::302604_5.0025.63/2","geometry":{"type":"Polygon","coordinates":[[[17.0570532832711,52.0753659960828],[17.0568985818149,52.0752561131001],[17.0565176968934,52.0750359494687],[17.0572945079559,52.0748496862887],[17.0574862110106,52.0751741081777],[17.0574293129093,52.0752074632087],[17.0570532832711,52.0753659960828]]]},"properties":{"case_id":"ST-WK-SR/ZGŁOSZENIE/1243/2026","source_type":"zgloszenie","received_date":"2026-04-21","decision_date":null,"status":"Brak sprzeciwu","description":"Budowa sieci energetycznej nn 0,4 kV","address":"Sosnowiec","city":"Sosnowiec","office":"Starosta Powiatu Śrem","case_kind":"budowa nowego/nowych obiektów budowlanych","parcel_ids":["302604_5.0025.33","302604_5.0025.48/4","302604_5.0025.483","302604_5.0025.57/3","302604_5.0025.59/1","302604_5.0025.60","302604_5.0025.63/2","302604_5.0025.64","302604_5.0025.79/2","302604_5.0025.91/16","302604_5.0025.92"],"location_quality":"dokładny","gunb_url":"https://wyszukiwarka.gunb.gov.pl/","parcel_count":11,"parcel_shard":"x068-y208","parcel_id":"302604_5.0025.63/2","location_source":"powiat śremski (wfs)"}},{"type":"Feature","id":"ST-WK-SR/ZGŁOSZENIE/1243/2026::302604_5.0025.64","geometry":{"type":"Polygon","coordinates":[[[17.0570821090561,52.075410128665],[17.0570532832711,52.0753659960828],[17.0574293129093,52.0752074632087],[17.0574862110106,52.0751741081777],[17.0577669230442,52.0750091427924],[17.0579536564795,52.0749083956647],[17.0580871240791,52.0748392838091],[17.0582810399206,52.074776536696],[17.0589005153201,52.0746499255635],[17.0594863808772,52.0745338488299],[17.0595917394991,52.074504109785],[17.0596454508859,52.0744736407736],[17.0597016376021,52.0744089151613],[17.0597212835225,52.0743359492698],[17.0596659212205,52.0741754951951],[17.0589665466009,52.0730894693285],[17.0590867392341,52.0731055268735],[17.0597344842914,52.0741587308699],[17.0597930809004,52.0743220508326],[17.0597692540653,52.0744175930672],[17.0596944424857,52.074504672613],[17.0596199799313,52.0745477942959],[17.0595084781957,52.0745756657466],[17.0589408130957,52.0746878178069],[17.0583213380326,52.0748145190348],[17.0581278628042,52.0748776243363],[17.0579817458083,52.074951631573],[17.0577957292334,52.0750509381436],[17.0574697572889,52.0752455351848],[17.0570821090561,52.075410128665]]]},"properties":{"case_id":"ST-WK-SR/ZGŁOSZENIE/1243/2026","source_type":"zgloszenie","received_date":"2026-04-21","decision_date":null,"status":"Brak sprzeciwu","description":"Budowa sieci energetycznej nn 0,4 kV","address":"Sosnowiec","city":"Sosnowiec","office":"Starosta Powiatu Śrem","case_kind":"budowa nowego/nowych obiektów budowlanych","parcel_ids":["302604_5.0025.33","302604_5.0025.48/4","302604_5.0025.483","302604_5.0025.57/3","302604_5.0025.59/1","302604_5.0025.60","302604_5.0025.63/2","302604_5.0025.64","302604_5.0025.79/2","302604_5.0025.91/16","302604_5.0025.92"],"location_quality":"dokładny","gunb_url":"https://wyszukiwarka.gunb.gov.pl/","parcel_count":11,"parcel_shard":"x068-y208","parcel_id":"302604_5.0025.64","location_source":"powiat śremski (wfs)"}},{"type":"Feature","id":"ST-WK-SR/ZGŁOSZENIE/1243/2026::302604_5.0025.79/2","geometry":{"type":"Polygon","coordinates":[[[17.0501683726785,52.0719112300042],[17.0503362867405,52.0718099240159],[17.0510574804073,52.0722260892388],[17.0513609018624,52.0724011751375],[17.0514674695431,52.072462677848],[17.0515545843683,52.0725352097449],[17.0518663202935,52.0727948021554],[17.0518780726815,52.0728045625012],[17.0521597553232,52.0730804315042],[17.05221712116,52.0731365188233],[17.0523115020536,52.0732398596832],[17.0525862558365,52.0735408299265],[17.0527333524768,52.0737019805931],[17.052911519237,52.0738971896435],[17.0529923564864,52.0739856517419],[17.0530817356232,52.0740836147301],[17.0531748719016,52.0741773406446],[17.0532847867702,52.074254202746],[17.0530853867312,52.0743119973822],[17.0520751251188,52.0732928794657],[17.0512987193015,52.0725858315984],[17.0501683726785,52.0719112300042]]]},"properties":{"case_id":"ST-WK-SR/ZGŁOSZENIE/1243/2026","source_type":"zgloszenie","received_date":"2026-04-21","decision_date":null,"status":"Brak sprzeciwu","description":"Budowa sieci energetycznej nn 0,4 kV","address":"Sosnowiec","city":"Sosnowiec","office":"Starosta Powiatu Śrem","case_kind":"budowa nowego/nowych obiektów budowlanych","parcel_ids":["302604_5.0025.33","302604_5.0025.48/4","302604_5.0025.483","302604_5.0025.57/3","302604_5.0025.59/1","302604_5.0025.60","302604_5.0025.63/2","302604_5.0025.64","302604_5.0025.79/2","302604_5.0025.91/16","302604_5.0025.92"],"location_quality":"dokładny","gunb_url":"https://wyszukiwarka.gunb.gov.pl/","parcel_count":11,"parcel_shard":"x068-y208","parcel_id":"302604_5.0025.79/2","location_source":"powiat śremski (wfs)"}},{"type":"Feature","id":"ST-WK-SR/ZGŁOSZENIE/1243/2026::302604_5.0025.91/16","geometry":{"type":"Polygon","coordinates":[[[17.0527333524768,52.0737019805931],[17.0528329871738,52.0737194580751],[17.0533224372243,52.0735529296774],[17.0533968820917,52.0735072944063],[17.053639949086,52.0733580094812],[17.0536545938325,52.0733476246944],[17.0538945723882,52.073178483184],[17.0541346949811,52.0730093407014],[17.0543748157538,52.0728401977246],[17.0545860798925,52.0726913732304],[17.0547780568212,52.0725560046516],[17.0549691628158,52.0724212678629],[17.0551651987302,52.0722831888595],[17.0551858921225,52.0722941730372],[17.0542423515089,52.0729583838371],[17.052911519237,52.0738971896435],[17.0527333524768,52.0737019805931]]]},"properties":{"case_id":"ST-WK-SR/ZGŁOSZENIE/1243/2026","source_type":"zgloszenie","received_date":"2026-04-21","decision_date":null,"status":"Brak sprzeciwu","description":"Budowa sieci energetycznej nn 0,4 kV","address":"Sosnowiec","city":"Sosnowiec","office":"Starosta Powiatu Śrem","case_kind":"budowa nowego/nowych obiektów budowlanych","parcel_ids":["302604_5.0025.33","302604_5.0025.48/4","302604_5.0025.483","302604_5.0025.57/3","302604_5.0025.59/1","302604_5.0025.60","302604_5.0025.63/2","302604_5.0025.64","302604_5.0025.79/2","302604_5.0025.91/16","302604_5.0025.92"],"location_quality":"dokładny","gunb_url":"https://wyszukiwarka.gunb.gov.pl/","parcel_count":11,"parcel_shard":"x068-y208","parcel_id":"302604_5.0025.91/16","location_source":"powiat śremski (wfs)"}},{"type":"Feature","id":"ST-WK-SR/ZGŁOSZENIE/1243/2026::302604_5.0025.92","geometry":{"type":"Polygon","coordinates":[[[17.052911519237,52.0738971896435],[17.0542423515089,52.0729583838371],[17.0551858921225,52.0722941730372],[17.0552628538855,52.0722399942646],[17.055424949585,52.0721246775572],[17.0559976452586,52.0717174998378],[17.0560633235436,52.0716708128696],[17.0562696292175,52.0715062713101],[17.0565372174579,52.0712929893277],[17.0566162100057,52.0712511131521],[17.0573288804101,52.0708733219492],[17.057678541266,52.0706877191016],[17.0576575726951,52.070796938351],[17.0573171127045,52.0709806902078],[17.056979810741,52.071160759929],[17.0566348106494,52.0713448993284],[17.0565873292474,52.0713702230895],[17.0561571660765,52.0717275894947],[17.0559496736204,52.0718737242983],[17.0558729781444,52.0719278483524],[17.055632829875,52.0720969706605],[17.0552808198958,52.0723451091825],[17.0549970667795,52.0725431088087],[17.0548312935453,52.0726587823054],[17.0547586852998,52.0727131078426],[17.0543429716077,52.0730059706895],[17.0530844892409,52.0738927668297],[17.0529923564864,52.0739856517419],[17.052911519237,52.0738971896435]]]},"properties":{"case_id":"ST-WK-SR/ZGŁOSZENIE/1243/2026","source_type":"zgloszenie","received_date":"2026-04-21","decision_date":null,"status":"Brak sprzeciwu","description":"Budowa sieci energetycznej nn 0,4 kV","address":"Sosnowiec","city":"Sosnowiec","office":"Starosta Powiatu Śrem","case_kind":"budowa nowego/nowych obiektów budowlanych","parcel_ids":["302604_5.0025.33","302604_5.0025.48/4","302604_5.0025.483","302604_5.0025.57/3","302604_5.0025.59/1","302604_5.0025.60","302604_5.0025.63/2","302604_5.0025.64","302604_5.0025.79/2","302604_5.0025.91/16","302604_5.0025.92"],"location_quality":"dokładny","gunb_url":"https://wyszukiwarka.gunb.gov.pl/","parcel_count":11,"parcel_shard":"x068-y208","parcel_id":"302604_5.0025.92","location_source":"powiat śremski (wfs)"}},{"type":"Feature","id":"ST-WK-SR/ZGŁOSZENIE/1046/2026::302604_5.0025.77/5","geometry":{"type":"Polygon","coordinates":[[[17.0430778222062,52.062682992982],[17.0430001286749,52.0627582947192],[17.0430449042563,52.0628823816427],[17.0437827632738,52.0631720242702],[17.0437977247422,52.063182404387],[17.0453228379222,52.0640865581445],[17.0468987341703,52.0650220785031],[17.0480141418646,52.0657004305228],[17.0483817396448,52.0658996216529],[17.0483502471585,52.0659183291437],[17.0479688754615,52.0657114513204],[17.0468688489113,52.0650411400326],[17.0464327592026,52.064782437273],[17.0446926538187,52.06375010386],[17.0443879334799,52.0635693182085],[17.04256281137,52.0628529720198],[17.0428143335575,52.0627055731803],[17.0429748539964,52.0626114943776],[17.0430778222062,52.062682992982]]]},"properties":{"case_id":"ST-WK-SR/ZGŁOSZENIE/1046/2026","source_type":"zgloszenie","received_date":"2026-04-03","decision_date":null,"status":"Brak sprzeciwu","description":"Budowa sieci gazowej o ciśnieniu roboczym nie wyższym niż 0,5 MPa","address":"Pysząca","city":"Pysząca","office":"Starosta Powiatu Śrem","case_kind":"budowa nowego/nowych obiektów budowlanych","parcel_ids":["302604_5.0025.77/5"],"location_quality":"dokładny","gunb_url":"https://wyszukiwarka.gunb.gov.pl/","parcel_count":1,"parcel_shard":"x068-y208","parcel_id":"302604_5.0025.77/5","location_source":"powiat śremski (wfs)"}},{"type":"Feature","id":"ST-WK-SR/WNIOSEK/23429/2025::302604_5.0028.11/121","geometry":{"type":"Polygon","coordinates":[[[17.0502142341439,52.1235121677028],[17.0500963993006,52.1233675876081],[17.0501743399687,52.1233830459157],[17.0503930514072,52.1233125066187],[17.0506518431083,52.1232290410492],[17.0509104719103,52.1231456365176],[17.0511690853366,52.1230622223095],[17.0514277565847,52.1229787900287],[17.0516863678982,52.1228953836555],[17.051945096012,52.122811932723],[17.052203705587,52.1227285162194],[17.0524623874035,52.1226450907495],[17.0527209950675,52.1225616730983],[17.0529797193284,52.1224782198692],[17.0532383836699,52.1223947925577],[17.0534748609875,52.1223185119452],[17.0535423880526,52.122398149842],[17.0532934132532,52.1224784558295],[17.0530348511222,52.1225618661074],[17.0527762736011,52.1226452667002],[17.0525176801568,52.1227286845831],[17.0522590711491,52.1228121017814],[17.0520004319852,52.1228955181619],[17.0517417916634,52.1229789429645],[17.0514831209828,52.1230623759403],[17.0512244347531,52.1231458082225],[17.0509657473654,52.1232292489175],[17.0507070296325,52.1233126977946],[17.0504482963351,52.1233961459864],[17.0502398034135,52.12346338814],[17.0502142341439,52.1235121677028]]]},"properties":{"case_id":"ST-WK-SR/WNIOSEK/23429/2025","source_type":"wniosek_decyzja","received_date":"2025-11-18","decision_date":"2026-01-23","status":"decyzja wydana","description":"Budowa ulicy Cyrkoniowej w Zbrudzewie","address":"Cyrkoniowa, Zbrudzewo","city":"Zbrudzewo","office":"Starosta Powiatu Śrem","case_kind":"Obiekt budowlany inny niż budynek mieszkalny jednorodzinny","parcel_ids":["302604_5.0028.11/121","302604_5.0028.11/270","302604_5.0028.12/106"],"location_quality":"dokładny","gunb_url":"https://wyszukiwarka.gunb.gov.pl/","parcel_count":3,"parcel_shard":"x068-y208","parcel_id":"302604_5.0028.11/121","location_source":"powiat śremski (wfs)"}},{"type":"Feature","id":"ST-WK-SR/WNIOSEK/23429/2025::302604_5.0028.11/270","geometry":{"type":"Polygon","coordinates":[[[17.0504453365219,52.1239957048079],[17.0502510723565,52.1237575717398],[17.0501199988011,52.1235968861022],[17.049988926192,52.1234362003245],[17.049857852608,52.1232756042593],[17.0497502600513,52.1231438695297],[17.0496325755771,52.122999200282],[17.0495249862429,52.1228673754834],[17.0493939159715,52.1227067789033],[17.0492628466459,52.1225461821831],[17.0491319242415,52.1223855864882],[17.0490102495967,52.1222364802079],[17.0490903817331,52.1222106113379],[17.0493491532854,52.1221272203741],[17.0496077798017,52.1220437377862],[17.0498664034255,52.1219603444906],[17.0501341427521,52.1218739680769],[17.0504018791482,52.1217876809234],[17.0506696164121,52.121701303288],[17.0509372047451,52.1216150137312],[17.0512049399469,52.1215286348655],[17.051472674139,52.1214422553894],[17.0517404053743,52.1213559651641],[17.0520081374894,52.1212695844571],[17.0522289670754,52.1211983757051],[17.052461705223,52.1211233074318],[17.0525292286855,52.1212029459056],[17.0520756603648,52.1213492231922],[17.0518170443382,52.1214326213755],[17.0515584254523,52.1215161088607],[17.0512996615132,52.1215995047243],[17.0510410407006,52.1216829910614],[17.0507824208375,52.1217663869494],[17.0505238000192,52.1218497822681],[17.0502651782309,52.1219331770173],[17.0500064075775,52.1220166598853],[17.0497477838782,52.1221000534867],[17.0494891573011,52.1221835363806],[17.0492568504929,52.1222584225198],[17.0492314268548,52.1223072030494],[17.0493363069671,52.1224358604414],[17.0494410474404,52.1225642469568],[17.0495590221462,52.1227089187544],[17.0496639041524,52.122837575857],[17.0497686464724,52.1229659620827],[17.0498866252119,52.1231105436849],[17.0499914833345,52.1232390384991],[17.0500963993006,52.1233675876081],[17.0502142341439,52.1235121677028],[17.0503485677158,52.123676807321],[17.0504829303419,52.1238415009456],[17.0505747273324,52.1239539630037],[17.0504453365219,52.1239957048079]]]},"properties":{"case_id":"ST-WK-SR/WNIOSEK/23429/2025","source_type":"wniosek_decyzja","received_date":"2025-11-18","decision_date":"2026-01-23","status":"decyzja wydana","description":"Budowa ulicy Cyrkoniowej w Zbrudzewie","address":"Cyrkoniowa, Zbrudzewo","city":"Zbrudzewo","office":"Starosta Powiatu Śrem","case_kind":"Obiekt budowlany inny niż budynek mieszkalny jednorodzinny","parcel_ids":["302604_5.0028.11/121","302604_5.0028.11/270","302604_5.0028.12/106"],"location_quality":"dokładny","gunb_url":"https://wyszukiwarka.gunb.gov.pl/","parcel_count":3,"parcel_shard":"x068-y208","parcel_id":"302604_5.0028.11/270","location_source":"powiat śremski (wfs)"}},{"type":"Feature","id":"ST-WK-SR/WNIOSEK/23429/2025::302604_5.0028.12/106","geometry":{"type":"Polygon","coordinates":[[[17.0555202584939,52.1216587330522],[17.0555877882276,52.1217383697935],[17.0553453329801,52.121816620098],[17.0551032894794,52.1218946934337],[17.0548447786182,52.121978072127],[17.0545862520083,52.1220614591101],[17.0543277244435,52.1221448455245],[17.0540691959237,52.1222282313701],[17.0538106662334,52.12231162562],[17.0535521211964,52.1223950102037],[17.0535423880526,52.122398149842],[17.0534748609875,52.1223185119452],[17.0534968119232,52.1223114346949],[17.0537554891196,52.1222279973681],[17.0540142095426,52.122144541843],[17.0542728702193,52.1220611032531],[17.0545314709785,52.1219776905816],[17.0547900709545,52.1218942683491],[17.0550488607193,52.1218108021379],[17.0555202584939,52.1216587330522]]]},"properties":{"case_id":"ST-WK-SR/WNIOSEK/23429/2025","source_type":"wniosek_decyzja","received_date":"2025-11-18","decision_date":"2026-01-23","status":"decyzja wydana","description":"Budowa ulicy Cyrkoniowej w Zbrudzewie","address":"Cyrkoniowa, Zbrudzewo","city":"Zbrudzewo","office":"Starosta Powiatu Śrem","case_kind":"Obiekt budowlany inny niż budynek mieszkalny jednorodzinny","parcel_ids":["302604_5.0028.11/121","302604_5.0028.11/270","302604_5.0028.12/106"],"location_quality":"dokładny","gunb_url":"https://wyszukiwarka.gunb.gov.pl/","parcel_count":3,"parcel_shard":"x068-y208","parcel_id":"302604_5.0028.12/106","location_source":"powiat śremski (wfs)"}},{"type":"Feature","id":"ST-WK-SR/ZGŁOSZENIE/1500/2026::302604_5.0028.11/121","geometry":{"type":"Polygon","coordinates":[[[17.0502142341439,52.1235121677028],[17.0500963993006,52.1233675876081],[17.0501743399687,52.1233830459157],[17.0503930514072,52.1233125066187],[17.0506518431083,52.1232290410492],[17.0509104719103,52.1231456365176],[17.0511690853366,52.1230622223095],[17.0514277565847,52.1229787900287],[17.0516863678982,52.1228953836555],[17.051945096012,52.122811932723],[17.052203705587,52.1227285162194],[17.0524623874035,52.1226450907495],[17.0527209950675,52.1225616730983],[17.0529797193284,52.1224782198692],[17.0532383836699,52.1223947925577],[17.0534748609875,52.1223185119452],[17.0535423880526,52.122398149842],[17.0532934132532,52.1224784558295],[17.0530348511222,52.1225618661074],[17.0527762736011,52.1226452667002],[17.0525176801568,52.1227286845831],[17.0522590711491,52.1228121017814],[17.0520004319852,52.1228955181619],[17.0517417916634,52.1229789429645],[17.0514831209828,52.1230623759403],[17.0512244347531,52.1231458082225],[17.0509657473654,52.1232292489175],[17.0507070296325,52.1233126977946],[17.0504482963351,52.1233961459864],[17.0502398034135,52.12346338814],[17.0502142341439,52.1235121677028]]]},"properties":{"case_id":"ST-WK-SR/ZGŁOSZENIE/1500/2026","source_type":"zgloszenie","received_date":"2026-05-12","decision_date":null,"status":"Brak sprzeciwu","description":"Budowa sieci energetycznej nn 0,4 kV","address":"Cyrkoniowa, Zbrudzewo","city":"Zbrudzewo","office":"Starosta Powiatu Śrem","case_kind":"budowa nowego/nowych obiektów budowlanych","parcel_ids":["302604_5.0028.11/121"],"location_quality":"dokładny","gunb_url":"https://wyszukiwarka.gunb.gov.pl/","parcel_count":1,"parcel_shard":"x068-y208","parcel_id":"302604_5.0028.11/121","location_source":"powiat śremski (wfs)"}},{"type":"Feature","id":"ST-WK-SR/WNIOSEK/22743/2025::302604_5.0028.11/25","geometry":{"type":"Polygon","coordinates":[[[17.0519025482499,52.1265670990688],[17.0517558366342,52.126385095541],[17.0517958289759,52.1263132362932],[17.0522223716819,52.1261858446259],[17.0524041166239,52.1264172637068],[17.0519025482499,52.1265670990688]]]},"properties":{"case_id":"ST-WK-SR/WNIOSEK/22743/2025","source_type":"wniosek_decyzja","received_date":"2025-11-05","decision_date":"2026-01-19","status":"decyzja wydana","description":"Budowa budynku mieszkalnego jednorodzinnego dwulokalowego","address":"Zbrudzewo","city":"Zbrudzewo","office":"Starosta Powiatu Śrem","case_kind":"Budynek mieszkalny jednorodzinny","parcel_ids":["302604_5.0028.11/25"],"location_quality":"dokładny","gunb_url":"https://wyszukiwarka.gunb.gov.pl/","parcel_count":1,"parcel_shard":"x068-y208","parcel_id":"302604_5.0028.11/25","location_source":"powiat śremski (wfs)"}},{"type":"Feature","id":"ST-WK-SR/WNIOSEK/6864/2026::302604_5.0028.11/26","geometry":{"type":"Polygon","coordinates":[[[17.0524041166239,52.1264172637068],[17.0522223716819,52.1261858446259],[17.0526231282849,52.1260662646277],[17.0527401764353,52.1260912371612],[17.0528842684463,52.1262739669878],[17.0524041166239,52.1264172637068]]]},"properties":{"case_id":"ST-WK-SR/WNIOSEK/6864/2026","source_type":"wniosek_decyzja","received_date":"2026-03-11","decision_date":"2026-04-10","status":"decyzja wydana","description":"Budowa budynku mieszkalnego jednorodzinnego","address":"Szmaragdowa, Zbrudzewo","city":"Zbrudzewo","office":"Starosta Powiatu Śrem","case_kind":"Budynek mieszkalny jednorodzinny","parcel_ids":["302604_5.0028.11/26"],"location_quality":"dokładny","gunb_url":"https://wyszukiwarka.gunb.gov.pl/","parcel_count":1,"parcel_shard":"x068-y208","parcel_id":"302604_5.0028.11/26","location_source":"powiat śremski (wfs)"}},{"type":"Feature","id":"ST-WK-SR/WNIOSEK/3681/2026::302604_5.0028.11/81","geometry":{"type":"Polygon","coordinates":[[[17.0547411201848,52.1238124063195],[17.0549031005605,52.1240034355689],[17.0549404240785,52.1240474502531],[17.0544058909337,52.1242150213405],[17.0542105220599,52.1239787952618],[17.0547411201848,52.1238124063195]]]},"properties":{"case_id":"ST-WK-SR/WNIOSEK/3681/2026","source_type":"wniosek_decyzja","received_date":"2026-02-27","decision_date":"2026-06-10","status":"decyzja wydana","description":"Budowa budynku mieszkalnego jednorodzinnego","address":"Bursztynowa, Zbrudzewo","city":"Zbrudzewo","office":"Starosta Powiatu Śrem","case_kind":"Budynek mieszkalny jednorodzinny","parcel_ids":["302604_5.0028.11/81"],"location_quality":"dokładny","gunb_url":"https://wyszukiwarka.gunb.gov.pl/","parcel_count":1,"parcel_shard":"x068-y208","parcel_id":"302604_5.0028.11/81","location_source":"powiat śremski (wfs)"}},{"type":"Feature","id":"ST-WK-SR/WNIOSEK/19374/2025::302604_5.0028.12/14","geometry":{"type":"Polygon","coordinates":[[[17.0568451492567,52.1233770008368],[17.057041217085,52.1236082764308],[17.0570043107473,52.1236811163055],[17.0567692566783,52.123756937026],[17.056532619821,52.123477882036],[17.0568451492567,52.1233770008368]]]},"properties":{"case_id":"ST-WK-SR/WNIOSEK/19374/2025","source_type":"wniosek_decyzja","received_date":"2025-09-23","decision_date":"2025-10-14","status":"decyzja wydana","description":"Budowa budynku mieszkalnego jednorodzinnego wraz z infrastrukturą towarzyszącą","address":"Zbrudzewo","city":"Zbrudzewo","office":"Starosta Powiatu Śrem","case_kind":"Budynek mieszkalny jednorodzinny","parcel_ids":["302604_5.0028.12/14"],"location_quality":"dokładny","gunb_url":"https://wyszukiwarka.gunb.gov.pl/","parcel_count":1,"parcel_shard":"x068-y208","parcel_id":"302604_5.0028.12/14","location_source":"powiat śremski (wfs)"}},{"type":"Feature","id":"ST-WK-SR/WNIOSEK/21066/2025::302604_5.0028.12/7","geometry":{"type":"Polygon","coordinates":[[[17.0572527566725,52.123702331287],[17.0574554667838,52.1239414048911],[17.0570440473984,52.1240740701977],[17.0568813274802,52.1238830462911],[17.0569182349588,52.12381029634],[17.0572527566725,52.123702331287]]]},"properties":{"case_id":"ST-WK-SR/WNIOSEK/21066/2025","source_type":"wniosek_decyzja","received_date":"2025-10-15","decision_date":"2025-11-12","status":"decyzja wydana","description":"Budowa budynku mieszkalnego jednorodzinnego wolnostojącego wraz z wewnętrzną instalacją gazu - projekt zamienny","address":"Zbrudzewo","city":"Zbrudzewo","office":"Starosta Powiatu Śrem","case_kind":"Budynek mieszkalny jednorodzinny","parcel_ids":["302604_5.0028.12/7"],"location_quality":"dokładny","gunb_url":"https://wyszukiwarka.gunb.gov.pl/","parcel_count":1,"parcel_shard":"x068-y208","parcel_id":"302604_5.0028.12/7","location_source":"powiat śremski (wfs)"}},{"type":"Feature","id":"ST-WK-SR/WNIOSEK/5210/2026::302604_5.0028.121","geometry":{"type":"Polygon","coordinates":[[[17.0302899227235,52.1159757090913],[17.0315525834331,52.1155647439854],[17.0316862199952,52.1158509634816],[17.0301348459197,52.1163995877741],[17.0298179902615,52.1162521758852],[17.0299424888469,52.1161760688472],[17.0302899227235,52.1159757090913]]]},"properties":{"case_id":"ST-WK-SR/WNIOSEK/5210/2026","source_type":"wniosek_decyzja","received_date":"2026-03-19","decision_date":"2026-05-12","status":"decyzja wydana","description":"Budowa dwóch budynków mieszkalnych jednorodzinnych","address":"Długa, Śrem","city":"Śrem","office":"Starosta Powiatu Śrem","case_kind":"Budynek mieszkalny jednorodzinny","parcel_ids":["302604_5.0028.121"],"location_quality":"dokładny","gunb_url":"https://wyszukiwarka.gunb.gov.pl/","parcel_count":1,"parcel_shard":"x068-y208","parcel_id":"302604_5.0028.121","location_source":"powiat śremski (wfs)"}},{"type":"Feature","id":"ST-WK-SR/ZGŁOSZENIE/1994/2026::302604_5.0028.15/1","geometry":{"type":"Polygon","coordinates":[[[17.0447975876094,52.1220841972124],[17.0461928295766,52.1225804969245],[17.0462801214363,52.1225673941902],[17.0463741807765,52.1225532812367],[17.0465012889409,52.1225113004762],[17.0465590838143,52.1224921735886],[17.0471049726852,52.1223114299261],[17.0479586495225,52.1220288165195],[17.0480358142526,52.1220032956245],[17.0480353261656,52.1221366917931],[17.0478924970637,52.1221866539668],[17.0475898750269,52.1222925175265],[17.0464403443205,52.1226944668241],[17.0464235756015,52.1226974861163],[17.0463601454539,52.1227088326756],[17.0460991213368,52.1226962545272],[17.0447709233914,52.1222091091722],[17.0447975876094,52.1220841972124]]]},"properties":{"case_id":"ST-WK-SR/ZGŁOSZENIE/1994/2026","source_type":"zgloszenie","received_date":"2026-06-16","decision_date":null,"status":"Brak sprzeciwu","description":"Budowa sieci wodociągowej i sieci kanalizacji sanitarnej","address":"Zbrudzewo","city":"Zbrudzewo","office":"Starosta Powiatu Śrem","case_kind":"budowa nowego/nowych obiektów budowlanych","parcel_ids":["302604_5.0028.15/1","302604_5.0028.15/2","302604_5.0028.16/14","302604_5.0028.16/21","302604_5.0028.16/8","302604_5.0028.17/11","302604_5.0028.18/14","302604_5.0028.18/5","302604_5.0028.19/102","302604_5.0028.19/103","302604_5.0028.19/104","302604_5.0028.19/105","302604_5.0028.19/106","302604_5.0028.19/107","302604_5.0028.19/108","302604_5.0028.20/149","302604_5.0028.20/26","302604_5.0028.20/57","302604_5.0028.20/70","302604_5.0028.20/81","302604_5.0028.20/92","302604_5.0028.471/2","302604_5.0028.471/25","302604_5.0028.471/3","302604_5.0028.471/30","302604_5.0028.471/35","302604_5.0028.471/40","302604_5.0028.471/63"],"location_quality":"dokładny","gunb_url":"https://wyszukiwarka.gunb.gov.pl/","parcel_count":27,"parcel_shard":"x068-y208","parcel_id":"302604_5.0028.15/1","location_source":"powiat śremski (wfs)"}},{"type":"Feature","id":"ST-WK-SR/ZGŁOSZENIE/1994/2026::302604_5.0028.15/2","geometry":{"type":"Polygon","coordinates":[[[17.0495843707824,52.1215007836902],[17.0496517727875,52.1214789161928],[17.0500199435009,52.1213594640346],[17.0503602088936,52.1212490114967],[17.0503882582379,52.1212400118864],[17.0506299749742,52.1211614700579],[17.0507575662347,52.1211218249413],[17.0511288627475,52.1210061695272],[17.0511331251462,52.1210048555962],[17.0515000094424,52.120890601621],[17.0515304357826,52.1208811391429],[17.0518708603377,52.1207751200616],[17.0519212767577,52.1207594366114],[17.052132056441,52.1206938097807],[17.0524053047957,52.1206087308653],[17.0527026584514,52.1205161151456],[17.0530942268444,52.1203942348261],[17.053236361095,52.120349985882],[17.0533565826238,52.12031311091],[17.0534865020988,52.1202733475743],[17.0536153956237,52.1202337556233],[17.0539306444548,52.1201370560063],[17.0542704357231,52.1200328225688],[17.0545352728823,52.1199515361837],[17.054796584444,52.1198712096492],[17.0550579248985,52.119790958411],[17.0553718123986,52.1196947076851],[17.0556261063025,52.1196166681319],[17.0556417893475,52.1196118421248],[17.0559288289582,52.1195230006082],[17.0563854754886,52.1193815868034],[17.0568127226042,52.1192493736413],[17.0571444370893,52.1191466852158],[17.0577154186532,52.1189698682572],[17.0582963890182,52.118789982461],[17.0584519658292,52.1187418446142],[17.058596070084,52.1188328451792],[17.05785455464,52.1190583310175],[17.0558143075377,52.1196787199197],[17.0557493072493,52.119699169373],[17.055704412185,52.1197131707547],[17.0554183097416,52.1198021292741],[17.0550263148358,52.1199240138768],[17.0546391677892,52.1200444080581],[17.0542535309024,52.1201643118921],[17.0537487779011,52.1203200339382],[17.0534768724976,52.1204039582709],[17.053323696036,52.1204512131515],[17.0532059822969,52.1204881597845],[17.0529394784226,52.1205720363732],[17.0526745927949,52.1206552961978],[17.0524110277309,52.120738206505],[17.0521932772159,52.120806688733],[17.0519593071845,52.1208801838726],[17.0517389567809,52.1209495084663],[17.0514699503077,52.1210340806761],[17.0512007949087,52.1211187409501],[17.0509822856305,52.1211874719896],[17.0509291298985,52.1212046387669],[17.0506613980297,52.1212909271535],[17.0503938092036,52.1213773059644],[17.0501260752743,52.1214635931117],[17.0498583383998,52.121549969519],[17.0495906005009,52.1216363453157],[17.0493318322396,52.12171973684],[17.0490732090251,52.1218031289605],[17.0488145848403,52.1218865205204],[17.0485108195571,52.1219845575103],[17.0485062611644,52.1219860487168],[17.048290861951,52.1220554967208],[17.0482261228343,52.1220764001526],[17.0480353261656,52.1221366917931],[17.0480358142526,52.1220032956245],[17.048190832337,52.1219529432273],[17.0485475409208,52.1218372680487],[17.0489155715045,52.121717818195],[17.0492837461278,52.1215983683627],[17.0495843707824,52.1215007836902]]]},"properties":{"case_id":"ST-WK-SR/ZGŁOSZENIE/1994/2026","source_type":"zgloszenie","received_date":"2026-06-16","decision_date":null,"status":"Brak sprzeciwu","description":"Budowa sieci wodociągowej i sieci kanalizacji sanitarnej","address":"Zbrudzewo","city":"Zbrudzewo","office":"Starosta Powiatu Śrem","case_kind":"budowa nowego/nowych obiektów budowlanych","parcel_ids":["302604_5.0028.15/1","302604_5.0028.15/2","302604_5.0028.16/14","302604_5.0028.16/21","302604_5.0028.16/8","302604_5.0028.17/11","302604_5.0028.18/14","302604_5.0028.18/5","302604_5.0028.19/102","302604_5.0028.19/103","302604_5.0028.19/104","302604_5.0028.19/105","302604_5.0028.19/106","302604_5.0028.19/107","302604_5.0028.19/108","302604_5.0028.20/149","302604_5.0028.20/26","302604_5.0028.20/57","302604_5.0028.20/70","302604_5.0028.20/81","302604_5.0028.20/92","302604_5.0028.471/2","302604_5.0028.471/25","302604_5.0028.471/3","302604_5.0028.471/30","302604_5.0028.471/35","302604_5.0028.471/40","302604_5.0028.471/63"],"location_quality":"dokładny","gunb_url":"https://wyszukiwarka.gunb.gov.pl/","parcel_count":27,"parcel_shard":"x068-y208","parcel_id":"302604_5.0028.15/2","location_source":"powiat śremski (wfs)"}},{"type":"Feature","id":"ST-WK-SR/ZGŁOSZENIE/1994/2026::302604_5.0028.16/14","geometry":{"type":"Polygon","coordinates":[[[17.0536321648313,52.1192834810118],[17.0535643502827,52.119203840799],[17.0538268594141,52.119121998024],[17.0540873123687,52.1190406774742],[17.0543477624885,52.1189594462006],[17.0544157259632,52.119038997273],[17.0540238734747,52.1191612392122],[17.0536321648313,52.1192834810118]]]},"properties":{"case_id":"ST-WK-SR/ZGŁOSZENIE/1994/2026","source_type":"zgloszenie","received_date":"2026-06-16","decision_date":null,"status":"Brak sprzeciwu","description":"Budowa sieci wodociągowej i sieci kanalizacji sanitarnej","address":"Zbrudzewo","city":"Zbrudzewo","office":"Starosta Powiatu Śrem","case_kind":"budowa nowego/nowych obiektów budowlanych","parcel_ids":["302604_5.0028.15/1","302604_5.0028.15/2","302604_5.0028.16/14","302604_5.0028.16/21","302604_5.0028.16/8","302604_5.0028.17/11","302604_5.0028.18/14","302604_5.0028.18/5","302604_5.0028.19/102","302604_5.0028.19/103","302604_5.0028.19/104","302604_5.0028.19/105","302604_5.0028.19/106","302604_5.0028.19/107","302604_5.0028.19/108","302604_5.0028.20/149","302604_5.0028.20/26","302604_5.0028.20/57","302604_5.0028.20/70","302604_5.0028.20/81","302604_5.0028.20/92","302604_5.0028.471/2","302604_5.0028.471/25","302604_5.0028.471/3","302604_5.0028.471/30","302604_5.0028.471/35","302604_5.0028.471/40","302604_5.0028.471/63"],"location_quality":"dokładny","gunb_url":"https://wyszukiwarka.gunb.gov.pl/","parcel_count":27,"parcel_shard":"x068-y208","parcel_id":"302604_5.0028.16/14","location_source":"powiat śremski (wfs)"}},{"type":"Feature","id":"ST-WK-SR/ZGŁOSZENIE/1994/2026::302604_5.0028.16/21","geometry":{"type":"Polygon","coordinates":[[[17.0532918072607,52.1188840108859],[17.0532527726638,52.1188381274453],[17.0540377262507,52.1185962337123],[17.0540742067289,52.1186389808038],[17.0538138982781,52.118720482255],[17.0535535888741,52.1188019831205],[17.0532918072607,52.1188840108859]]]},"properties":{"case_id":"ST-WK-SR/ZGŁOSZENIE/1994/2026","source_type":"zgloszenie","received_date":"2026-06-16","decision_date":null,"status":"Brak sprzeciwu","description":"Budowa sieci wodociągowej i sieci kanalizacji sanitarnej","address":"Zbrudzewo","city":"Zbrudzewo","office":"Starosta Powiatu Śrem","case_kind":"budowa nowego/nowych obiektów budowlanych","parcel_ids":["302604_5.0028.15/1","302604_5.0028.15/2","302604_5.0028.16/14","302604_5.0028.16/21","302604_5.0028.16/8","302604_5.0028.17/11","302604_5.0028.18/14","302604_5.0028.18/5","302604_5.0028.19/102","302604_5.0028.19/103","302604_5.0028.19/104","302604_5.0028.19/105","302604_5.0028.19/106","302604_5.0028.19/107","302604_5.0028.19/108","302604_5.0028.20/149","302604_5.0028.20/26","302604_5.0028.20/57","302604_5.0028.20/70","302604_5.0028.20/81","302604_5.0028.20/92","302604_5.0028.471/2","302604_5.0028.471/25","302604_5.0028.471/3","302604_5.0028.471/30","302604_5.0028.471/35","302604_5.0028.471/40","302604_5.0028.471/63"],"location_quality":"dokładny","gunb_url":"https://wyszukiwarka.gunb.gov.pl/","parcel_count":27,"parcel_shard":"x068-y208","parcel_id":"302604_5.0028.16/21","location_source":"powiat śremski (wfs)"}},{"type":"Feature","id":"ST-WK-SR/ZGŁOSZENIE/1994/2026::302604_5.0028.16/8","geometry":{"type":"Polygon","coordinates":[[[17.0544920994176,52.1195146345636],[17.0542319268744,52.119596407665],[17.0539689624882,52.1196789667421],[17.0539011467371,52.1195993267248],[17.0541605842434,52.1195178180943],[17.0544216361866,52.1194358724313],[17.0546843044327,52.1193533998626],[17.0547522691078,52.1194329507392],[17.0544920994176,52.1195146345636]]]},"properties":{"case_id":"ST-WK-SR/ZGŁOSZENIE/1994/2026","source_type":"zgloszenie","received_date":"2026-06-16","decision_date":null,"status":"Brak sprzeciwu","description":"Budowa sieci wodociągowej i sieci kanalizacji sanitarnej","address":"Zbrudzewo","city":"Zbrudzewo","office":"Starosta Powiatu Śrem","case_kind":"budowa nowego/nowych obiektów budowlanych","parcel_ids":["302604_5.0028.15/1","302604_5.0028.15/2","302604_5.0028.16/14","302604_5.0028.16/21","302604_5.0028.16/8","302604_5.0028.17/11","302604_5.0028.18/14","302604_5.0028.18/5","302604_5.0028.19/102","302604_5.0028.19/103","302604_5.0028.19/104","302604_5.0028.19/105","302604_5.0028.19/106","302604_5.0028.19/107","302604_5.0028.19/108","302604_5.0028.20/149","302604_5.0028.20/26","302604_5.0028.20/57","302604_5.0028.20/70","302604_5.0028.20/81","302604_5.0028.20/92","302604_5.0028.471/2","302604_5.0028.471/25","302604_5.0028.471/3","302604_5.0028.471/30","302604_5.0028.471/35","302604_5.0028.471/40","302604_5.0028.471/63"],"location_quality":"dokładny","gunb_url":"https://wyszukiwarka.gunb.gov.pl/","parcel_count":27,"parcel_shard":"x068-y208","parcel_id":"302604_5.0028.16/8","location_source":"powiat śremski (wfs)"}},{"type":"Feature","id":"ST-WK-SR/ZGŁOSZENIE/1994/2026::302604_5.0028.17/11","geometry":{"type":"Polygon","coordinates":[[[17.0532527726638,52.1188381274453],[17.0532918072607,52.1188840108859],[17.0529534461941,52.1189899607456],[17.0526463919573,52.1190860944073],[17.0526132198751,52.1191493742717],[17.0527135116419,52.119267295924],[17.0528157982243,52.1193875704345],[17.0529135090825,52.1194068709309],[17.0532257011549,52.1193095194744],[17.0535643502827,52.119203840799],[17.0536321648313,52.1192834810118],[17.0532935152646,52.1193891598765],[17.0529847033315,52.119485460082],[17.0529521325309,52.1195479359255],[17.0530514270089,52.1196647706847],[17.0531534291447,52.1197847729599],[17.0532501248086,52.1198037953753],[17.0535630679274,52.1197055502345],[17.0539011467371,52.1195993267248],[17.0539689624882,52.1196789667421],[17.053630885126,52.1197851005783],[17.0533210283071,52.1198823819733],[17.0532890568567,52.1199441436627],[17.0535188524806,52.1202143752102],[17.0536153956237,52.1202337556233],[17.0534865020988,52.1202733475743],[17.0531893236607,52.1199237486632],[17.0524706914744,52.1190786314426],[17.0532527726638,52.1188381274453]]]},"properties":{"case_id":"ST-WK-SR/ZGŁOSZENIE/1994/2026","source_type":"zgloszenie","received_date":"2026-06-16","decision_date":null,"status":"Brak sprzeciwu","description":"Budowa sieci wodociągowej i sieci kanalizacji sanitarnej","address":"Zbrudzewo","city":"Zbrudzewo","office":"Starosta Powiatu Śrem","case_kind":"budowa nowego/nowych obiektów budowlanych","parcel_ids":["302604_5.0028.15/1","302604_5.0028.15/2","302604_5.0028.16/14","302604_5.0028.16/21","302604_5.0028.16/8","302604_5.0028.17/11","302604_5.0028.18/14","302604_5.0028.18/5","302604_5.0028.19/102","302604_5.0028.19/103","302604_5.0028.19/104","302604_5.0028.19/105","302604_5.0028.19/106","302604_5.0028.19/107","302604_5.0028.19/108","302604_5.0028.20/149","302604_5.0028.20/26","302604_5.0028.20/57","302604_5.0028.20/70","302604_5.0028.20/81","302604_5.0028.20/92","302604_5.0028.471/2","302604_5.0028.471/25","302604_5.0028.471/3","302604_5.0028.471/30","302604_5.0028.471/35","302604_5.0028.471/40","302604_5.0028.471/63"],"location_quality":"dokładny","gunb_url":"https://wyszukiwarka.gunb.gov.pl/","parcel_count":27,"parcel_shard":"x068-y208","parcel_id":"302604_5.0028.17/11","location_source":"powiat śremski (wfs)"}},{"type":"Feature","id":"ST-WK-SR/ZGŁOSZENIE/1994/2026::302604_5.0028.18/14","geometry":{"type":"Polygon","coordinates":[[[17.0517308069955,52.1193727378552],[17.0516881036145,52.1193224486825],[17.0524706914744,52.1190786314426],[17.0531893236607,52.1199237486632],[17.0530582065597,52.1199649401682],[17.0527986184746,52.1200464451768],[17.0524077651555,52.1201691392003],[17.0523400955423,52.1200895893349],[17.0526783261257,52.1199833705418],[17.052993624717,52.1198843369004],[17.0530236281998,52.1198258851061],[17.052921341981,52.1197055209067],[17.0528209046126,52.1195875084007],[17.0527210131151,52.1195677408961],[17.0524080824897,52.1196653547329],[17.052069281174,52.1197710288806],[17.0520016146707,52.119691388957],[17.0523402695516,52.1195857138273],[17.0526562864608,52.1194871362798],[17.0526864227735,52.1194293148015],[17.0525832833901,52.1193079547424],[17.0524818544746,52.1191885857349],[17.0523824038904,52.1191687316113],[17.0520691738235,52.1192667915433],[17.0517308069955,52.1193727378552]]]},"properties":{"case_id":"ST-WK-SR/ZGŁOSZENIE/1994/2026","source_type":"zgloszenie","received_date":"2026-06-16","decision_date":null,"status":"Brak sprzeciwu","description":"Budowa sieci wodociągowej i sieci kanalizacji sanitarnej","address":"Zbrudzewo","city":"Zbrudzewo","office":"Starosta Powiatu Śrem","case_kind":"budowa nowego/nowych obiektów budowlanych","parcel_ids":["302604_5.0028.15/1","302604_5.0028.15/2","302604_5.0028.16/14","302604_5.0028.16/21","302604_5.0028.16/8","302604_5.0028.17/11","302604_5.0028.18/14","302604_5.0028.18/5","302604_5.0028.19/102","302604_5.0028.19/103","302604_5.0028.19/104","302604_5.0028.19/105","302604_5.0028.19/106","302604_5.0028.19/107","302604_5.0028.19/108","302604_5.0028.20/149","302604_5.0028.20/26","302604_5.0028.20/57","302604_5.0028.20/70","302604_5.0028.20/81","302604_5.0028.20/92","302604_5.0028.471/2","302604_5.0028.471/25","302604_5.0028.471/3","302604_5.0028.471/30","302604_5.0028.471/35","302604_5.0028.471/40","302604_5.0028.471/63"],"location_quality":"dokładny","gunb_url":"https://wyszukiwarka.gunb.gov.pl/","parcel_count":27,"parcel_shard":"x068-y208","parcel_id":"302604_5.0028.18/14","location_source":"powiat śremski (wfs)"}},{"type":"Feature","id":"ST-WK-SR/ZGŁOSZENIE/1994/2026::302604_5.0028.18/5","geometry":{"type":"Polygon","coordinates":[[[17.0533565826238,52.12031311091],[17.0533877652713,52.1202541292094],[17.0531586830402,52.1199847120753],[17.0530582065597,52.1199649401682],[17.0531893236607,52.1199237486632],[17.0534865020988,52.1202733475743],[17.0533565826238,52.12031311091]]]},"properties":{"case_id":"ST-WK-SR/ZGŁOSZENIE/1994/2026","source_type":"zgloszenie","received_date":"2026-06-16","decision_date":null,"status":"Brak sprzeciwu","description":"Budowa sieci wodociągowej i sieci kanalizacji sanitarnej","address":"Zbrudzewo","city":"Zbrudzewo","office":"Starosta Powiatu Śrem","case_kind":"budowa nowego/nowych obiektów budowlanych","parcel_ids":["302604_5.0028.15/1","302604_5.0028.15/2","302604_5.0028.16/14","302604_5.0028.16/21","302604_5.0028.16/8","302604_5.0028.17/11","302604_5.0028.18/14","302604_5.0028.18/5","302604_5.0028.19/102","302604_5.0028.19/103","302604_5.0028.19/104","302604_5.0028.19/105","302604_5.0028.19/106","302604_5.0028.19/107","302604_5.0028.19/108","302604_5.0028.20/149","302604_5.0028.20/26","302604_5.0028.20/57","302604_5.0028.20/70","302604_5.0028.20/81","302604_5.0028.20/92","302604_5.0028.471/2","302604_5.0028.471/25","302604_5.0028.471/3","302604_5.0028.471/30","302604_5.0028.471/35","302604_5.0028.471/40","302604_5.0028.471/63"],"location_quality":"dokładny","gunb_url":"https://wyszukiwarka.gunb.gov.pl/","parcel_count":27,"parcel_shard":"x068-y208","parcel_id":"302604_5.0028.18/5","location_source":"powiat śremski (wfs)"}},{"type":"Feature","id":"ST-WK-SR/ZGŁOSZENIE/1994/2026::302604_5.0028.19/102","geometry":{"type":"Polygon","coordinates":[[[17.0492189182703,52.1173575845679],[17.0492945619201,52.11744618876],[17.0495404380523,52.1177343545356],[17.0497877408568,52.1180242390146],[17.049909826819,52.1181673258724],[17.0500334792568,52.1183123127186],[17.050155995175,52.1184558521793],[17.0502782275568,52.1185990296869],[17.0504275255766,52.1187740634142],[17.0505826669404,52.1189558851131],[17.0507049020426,52.1190990621855],[17.0508563397217,52.1192766292519],[17.0509708841483,52.1194107559617],[17.0510619196186,52.1195174591849],[17.050905521837,52.1195662606378],[17.0508103582169,52.1194547642414],[17.050549932937,52.1191495863372],[17.0504278403689,52.119006590015],[17.0502803935613,52.1188337283805],[17.0501320929741,52.1186598709643],[17.0500098609034,52.1185166933096],[17.0498789424557,52.1183631990007],[17.0497471681135,52.1182087988252],[17.0496250825666,52.118065711813],[17.0493806275829,52.1177792654524],[17.0491367443279,52.1174935422245],[17.0490619179586,52.117405752314],[17.0492189182703,52.1173575845679]]]},"properties":{"case_id":"ST-WK-SR/ZGŁOSZENIE/1994/2026","source_type":"zgloszenie","received_date":"2026-06-16","decision_date":null,"status":"Brak sprzeciwu","description":"Budowa sieci wodociągowej i sieci kanalizacji sanitarnej","address":"Zbrudzewo","city":"Zbrudzewo","office":"Starosta Powiatu Śrem","case_kind":"budowa nowego/nowych obiektów budowlanych","parcel_ids":["302604_5.0028.15/1","302604_5.0028.15/2","302604_5.0028.16/14","302604_5.0028.16/21","302604_5.0028.16/8","302604_5.0028.17/11","302604_5.0028.18/14","302604_5.0028.18/5","302604_5.0028.19/102","302604_5.0028.19/103","302604_5.0028.19/104","302604_5.0028.19/105","302604_5.0028.19/106","302604_5.0028.19/107","302604_5.0028.19/108","302604_5.0028.20/149","302604_5.0028.20/26","302604_5.0028.20/57","302604_5.0028.20/70","302604_5.0028.20/81","302604_5.0028.20/92","302604_5.0028.471/2","302604_5.0028.471/25","302604_5.0028.471/3","302604_5.0028.471/30","302604_5.0028.471/35","302604_5.0028.471/40","302604_5.0028.471/63"],"location_quality":"dokładny","gunb_url":"https://wyszukiwarka.gunb.gov.pl/","parcel_count":27,"parcel_shard":"x068-y208","parcel_id":"302604_5.0028.19/102","location_source":"powiat śremski (wfs)"}},{"type":"Feature","id":"ST-WK-SR/ZGŁOSZENIE/1994/2026::302604_5.0028.19/103","geometry":{"type":"Polygon","coordinates":[[[17.0547107731362,52.1183921473364],[17.0546449960549,52.1183127937188],[17.0545085989454,52.1181483849795],[17.0543672227814,52.1179778241881],[17.0542345319486,52.1178177591701],[17.05409557486,52.1176502734198],[17.0539561923008,52.1174822447882],[17.0538235043791,52.1173221793062],[17.0536943755604,52.1171664565495],[17.0535800526109,52.1170286490766],[17.0534473654829,52.1168686730402],[17.0532138876427,52.1165869966018],[17.0529799805046,52.1163050465857],[17.0529126437903,52.1162237919019],[17.0529831829939,52.1162021576777],[17.0548234859775,52.1183579071316],[17.0547107731362,52.1183921473364]]]},"properties":{"case_id":"ST-WK-SR/ZGŁOSZENIE/1994/2026","source_type":"zgloszenie","received_date":"2026-06-16","decision_date":null,"status":"Brak sprzeciwu","description":"Budowa sieci wodociągowej i sieci kanalizacji sanitarnej","address":"Zbrudzewo","city":"Zbrudzewo","office":"Starosta Powiatu Śrem","case_kind":"budowa nowego/nowych obiektów budowlanych","parcel_ids":["302604_5.0028.15/1","302604_5.0028.15/2","302604_5.0028.16/14","302604_5.0028.16/21","302604_5.0028.16/8","302604_5.0028.17/11","302604_5.0028.18/14","302604_5.0028.18/5","302604_5.0028.19/102","302604_5.0028.19/103","302604_5.0028.19/104","302604_5.0028.19/105","302604_5.0028.19/106","302604_5.0028.19/107","302604_5.0028.19/108","302604_5.0028.20/149","302604_5.0028.20/26","302604_5.0028.20/57","302604_5.0028.20/70","302604_5.0028.20/81","302604_5.0028.20/92","302604_5.0028.471/2","302604_5.0028.471/25","302604_5.0028.471/3","302604_5.0028.471/30","302604_5.0028.471/35","302604_5.0028.471/40","302604_5.0028.471/63"],"location_quality":"dokładny","gunb_url":"https://wyszukiwarka.gunb.gov.pl/","parcel_count":27,"parcel_shard":"x068-y208","parcel_id":"302604_5.0028.19/103","location_source":"powiat śremski (wfs)"}},{"type":"Feature","id":"ST-WK-SR/ZGŁOSZENIE/1994/2026::302604_5.0028.19/104","geometry":{"type":"Polygon","coordinates":[[[17.0524706914744,52.1190786314426],[17.0516881036145,52.1193224486825],[17.0511921479522,52.1194768919222],[17.0510619196186,52.1195174591849],[17.0509708841483,52.1194107559617],[17.0511672184894,52.1194475696403],[17.0516910737073,52.1192841544566],[17.0519553518683,52.1192017008888],[17.0522158067467,52.1191204743593],[17.0524764066533,52.119039248414],[17.0527368615458,52.1189579308497],[17.0529973136008,52.1188767025615],[17.0532577647045,52.1187954737049],[17.0535182148576,52.1187142442621],[17.0537786659881,52.1186329243713],[17.0540391142683,52.1185516937654],[17.0542995616121,52.1184704625825],[17.0546127736438,52.1183727561257],[17.0546449960549,52.1183127937188],[17.0547107731362,52.1183921473364],[17.0540377262507,52.1185962337123],[17.0532527726638,52.1188381274453],[17.0524706914744,52.1190786314426]]]},"properties":{"case_id":"ST-WK-SR/ZGŁOSZENIE/1994/2026","source_type":"zgloszenie","received_date":"2026-06-16","decision_date":null,"status":"Brak sprzeciwu","description":"Budowa sieci wodociągowej i sieci kanalizacji sanitarnej","address":"Zbrudzewo","city":"Zbrudzewo","office":"Starosta Powiatu Śrem","case_kind":"budowa nowego/nowych obiektów budowlanych","parcel_ids":["302604_5.0028.15/1","302604_5.0028.15/2","302604_5.0028.16/14","302604_5.0028.16/21","302604_5.0028.16/8","302604_5.0028.17/11","302604_5.0028.18/14","302604_5.0028.18/5","302604_5.0028.19/102","302604_5.0028.19/103","302604_5.0028.19/104","302604_5.0028.19/105","302604_5.0028.19/106","302604_5.0028.19/107","302604_5.0028.19/108","302604_5.0028.20/149","302604_5.0028.20/26","302604_5.0028.20/57","302604_5.0028.20/70","302604_5.0028.20/81","302604_5.0028.20/92","302604_5.0028.471/2","302604_5.0028.471/25","302604_5.0028.471/3","302604_5.0028.471/30","302604_5.0028.471/35","302604_5.0028.471/40","302604_5.0028.471/63"],"location_quality":"dokładny","gunb_url":"https://wyszukiwarka.gunb.gov.pl/","parcel_count":27,"parcel_shard":"x068-y208","parcel_id":"302604_5.0028.19/104","location_source":"powiat śremski (wfs)"}},{"type":"Feature","id":"ST-WK-SR/ZGŁOSZENIE/1994/2026::302604_5.0028.19/105","geometry":{"type":"Polygon","coordinates":[[[17.0507049020426,52.1190990621855],[17.0505826669404,52.1189558851131],[17.0506620542369,52.1189716244391],[17.0508616464828,52.1189099544825],[17.0511225262039,52.1188293629472],[17.0513835509724,52.1187487720049],[17.051644576699,52.1186680906118],[17.0519054536137,52.11858749733],[17.0521664755756,52.1185069046313],[17.052427498508,52.1184262214909],[17.052688518593,52.1183456276329],[17.0529493841393,52.1182653914825],[17.0532104099657,52.1181844369903],[17.0534714291438,52.1181037515138],[17.053732299501,52.1180231541507],[17.053993314918,52.1179425573687],[17.0542024496302,52.1178779922402],[17.0542345319486,52.1178177591701],[17.0543672227814,52.1179778241881],[17.0542687959142,52.1179579798493],[17.0539595751554,52.1180534703787],[17.0536987050166,52.1181340682467],[17.0534376879716,52.1182146643576],[17.0531766699811,52.1182952598887],[17.0529157951359,52.1183759458725],[17.0526547752837,52.118456540236],[17.052393754486,52.1185371340197],[17.0521327327433,52.1186177272147],[17.0518718541589,52.1186984108728],[17.0516108305544,52.1187790029001],[17.0513605354381,52.1188562651668],[17.0507298670633,52.1190510865636],[17.0507049020426,52.1190990621855]]]},"properties":{"case_id":"ST-WK-SR/ZGŁOSZENIE/1994/2026","source_type":"zgloszenie","received_date":"2026-06-16","decision_date":null,"status":"Brak sprzeciwu","description":"Budowa sieci wodociągowej i sieci kanalizacji sanitarnej","address":"Zbrudzewo","city":"Zbrudzewo","office":"Starosta Powiatu Śrem","case_kind":"budowa nowego/nowych obiektów budowlanych","parcel_ids":["302604_5.0028.15/1","302604_5.0028.15/2","302604_5.0028.16/14","302604_5.0028.16/21","302604_5.0028.16/8","302604_5.0028.17/11","302604_5.0028.18/14","302604_5.0028.18/5","302604_5.0028.19/102","302604_5.0028.19/103","302604_5.0028.19/104","302604_5.0028.19/105","302604_5.0028.19/106","302604_5.0028.19/107","302604_5.0028.19/108","302604_5.0028.20/149","302604_5.0028.20/26","302604_5.0028.20/57","302604_5.0028.20/70","302604_5.0028.20/81","302604_5.0028.20/92","302604_5.0028.471/2","302604_5.0028.471/25","302604_5.0028.471/3","302604_5.0028.471/30","302604_5.0028.471/35","302604_5.0028.471/40","302604_5.0028.471/63"],"location_quality":"dokładny","gunb_url":"https://wyszukiwarka.gunb.gov.pl/","parcel_count":27,"parcel_shard":"x068-y208","parcel_id":"302604_5.0028.19/105","location_source":"powiat śremski (wfs)"}},{"type":"Feature","id":"ST-WK-SR/ZGŁOSZENIE/1994/2026::302604_5.0028.19/106","geometry":{"type":"Polygon","coordinates":[[[17.0502782275568,52.1185990296869],[17.050155995175,52.1184558521793],[17.0502355255146,52.118471682828],[17.050441571837,52.1184085375818],[17.0507030237473,52.1183284009855],[17.0509644728259,52.1182483536789],[17.0512259228682,52.1181682159196],[17.0514872240899,52.1180881662691],[17.0517486722794,52.1180080273385],[17.0520101176251,52.1179279776884],[17.0522715620306,52.1178479274477],[17.0525328614367,52.1177677855931],[17.0527943039901,52.1176877341901],[17.0530557475184,52.1176075923257],[17.0533171882052,52.1175275397508],[17.0535786298655,52.1174473967234],[17.0537912796927,52.1173822313648],[17.0538235043791,52.1173221793062],[17.0539561923008,52.1174822447882],[17.0538576245209,52.117462219206],[17.0536551155964,52.1175242303417],[17.0533936736301,52.1176043735348],[17.053132378597,52.1176844274449],[17.0528709347629,52.1177645694754],[17.052609491889,52.1178446210443],[17.052348194079,52.1179246732027],[17.0520867474367,52.1180048134711],[17.0518253017852,52.1180848632874],[17.0515638532749,52.1181650023928],[17.0513025517329,52.1182450522091],[17.0510411013701,52.1183251901342],[17.0507796519852,52.1184052376159],[17.0505183457464,52.1184853755422],[17.0503033349195,52.1185512350598],[17.0502782275568,52.1185990296869]]]},"properties":{"case_id":"ST-WK-SR/ZGŁOSZENIE/1994/2026","source_type":"zgloszenie","received_date":"2026-06-16","decision_date":null,"status":"Brak sprzeciwu","description":"Budowa sieci wodociągowej i sieci kanalizacji sanitarnej","address":"Zbrudzewo","city":"Zbrudzewo","office":"Starosta Powiatu Śrem","case_kind":"budowa nowego/nowych obiektów budowlanych","parcel_ids":["302604_5.0028.15/1","302604_5.0028.15/2","302604_5.0028.16/14","302604_5.0028.16/21","302604_5.0028.16/8","302604_5.0028.17/11","302604_5.0028.18/14","302604_5.0028.18/5","302604_5.0028.19/102","302604_5.0028.19/103","302604_5.0028.19/104","302604_5.0028.19/105","302604_5.0028.19/106","302604_5.0028.19/107","302604_5.0028.19/108","302604_5.0028.20/149","302604_5.0028.20/26","302604_5.0028.20/57","302604_5.0028.20/70","302604_5.0028.20/81","302604_5.0028.20/92","302604_5.0028.471/2","302604_5.0028.471/25","302604_5.0028.471/3","302604_5.0028.471/30","302604_5.0028.471/35","302604_5.0028.471/40","302604_5.0028.471/63"],"location_quality":"dokładny","gunb_url":"https://wyszukiwarka.gunb.gov.pl/","parcel_count":27,"parcel_shard":"x068-y208","parcel_id":"302604_5.0028.19/106","location_source":"powiat śremski (wfs)"}},{"type":"Feature","id":"ST-WK-SR/ZGŁOSZENIE/1994/2026::302604_5.0028.19/107","geometry":{"type":"Polygon","coordinates":[[[17.049909826819,52.1181673258724],[17.0497877408568,52.1180242390146],[17.0498669859714,52.1180397080903],[17.050174330842,52.1179435839897],[17.0504996102242,52.1178416713214],[17.0508250321945,52.1177398487822],[17.0511503067101,52.1176380241557],[17.0514757257334,52.1175361998048],[17.0518009973021,52.1174343733763],[17.0521264133641,52.1173325472043],[17.0524516819864,52.1172307189649],[17.0527770951159,52.1171288909815],[17.0531023607776,52.117027060922],[17.0534155728533,52.1169289981199],[17.0534473654829,52.1168686730402],[17.0535800526109,52.1170286490766],[17.0534816205643,52.1170091635592],[17.0532710005481,52.1170750637189],[17.0530106998114,52.1171565634474],[17.0527505460093,52.1172379739075],[17.0524902433662,52.117319472483],[17.0522299417009,52.1174008806112],[17.0519696371807,52.1174823780248],[17.051709331707,52.1175638748618],[17.0514490272131,52.1176452812424],[17.0511888658369,52.1177267780895],[17.0509285575329,52.1178082731882],[17.0506682502103,52.1178896778306],[17.0504079400297,52.1179711717584],[17.0501476288956,52.1180526651094],[17.0499347940785,52.1181192605355],[17.049909826819,52.1181673258724]]]},"properties":{"case_id":"ST-WK-SR/ZGŁOSZENIE/1994/2026","source_type":"zgloszenie","received_date":"2026-06-16","decision_date":null,"status":"Brak sprzeciwu","description":"Budowa sieci wodociągowej i sieci kanalizacji sanitarnej","address":"Zbrudzewo","city":"Zbrudzewo","office":"Starosta Powiatu Śrem","case_kind":"budowa nowego/nowych obiektów budowlanych","parcel_ids":["302604_5.0028.15/1","302604_5.0028.15/2","302604_5.0028.16/14","302604_5.0028.16/21","302604_5.0028.16/8","302604_5.0028.17/11","302604_5.0028.18/14","302604_5.0028.18/5","302604_5.0028.19/102","302604_5.0028.19/103","302604_5.0028.19/104","302604_5.0028.19/105","302604_5.0028.19/106","302604_5.0028.19/107","302604_5.0028.19/108","302604_5.0028.20/149","302604_5.0028.20/26","302604_5.0028.20/57","302604_5.0028.20/70","302604_5.0028.20/81","302604_5.0028.20/92","302604_5.0028.471/2","302604_5.0028.471/25","302604_5.0028.471/3","302604_5.0028.471/30","302604_5.0028.471/35","302604_5.0028.471/40","302604_5.0028.471/63"],"location_quality":"dokładny","gunb_url":"https://wyszukiwarka.gunb.gov.pl/","parcel_count":27,"parcel_shard":"x068-y208","parcel_id":"302604_5.0028.19/107","location_source":"powiat śremski (wfs)"}},{"type":"Feature","id":"ST-WK-SR/ZGŁOSZENIE/1994/2026::302604_5.0028.19/108","geometry":{"type":"Polygon","coordinates":[[[17.0492189182703,52.1173575845679],[17.0529126437903,52.1162237919019],[17.0529799805046,52.1163050465857],[17.0528818460751,52.1162853831812],[17.0525709958974,52.1163823849633],[17.0522455896699,52.1164841225502],[17.0519201838804,52.116585769351],[17.0515946306413,52.1166874140832],[17.0512692219096,52.1167890590716],[17.0509436638086,52.1168907918524],[17.0506182521337,52.1169924350373],[17.0502926930086,52.117094076134],[17.0499672764709,52.1171958073593],[17.0496417144023,52.1172974466426],[17.0493195294288,52.1173981235598],[17.0492945619201,52.11744618876],[17.0492189182703,52.1173575845679]]]},"properties":{"case_id":"ST-WK-SR/ZGŁOSZENIE/1994/2026","source_type":"zgloszenie","received_date":"2026-06-16","decision_date":null,"status":"Brak sprzeciwu","description":"Budowa sieci wodociągowej i sieci kanalizacji sanitarnej","address":"Zbrudzewo","city":"Zbrudzewo","office":"Starosta Powiatu Śrem","case_kind":"budowa nowego/nowych obiektów budowlanych","parcel_ids":["302604_5.0028.15/1","302604_5.0028.15/2","302604_5.0028.16/14","302604_5.0028.16/21","302604_5.0028.16/8","302604_5.0028.17/11","302604_5.0028.18/14","302604_5.0028.18/5","302604_5.0028.19/102","302604_5.0028.19/103","302604_5.0028.19/104","302604_5.0028.19/105","302604_5.0028.19/106","302604_5.0028.19/107","302604_5.0028.19/108","302604_5.0028.20/149","302604_5.0028.20/26","302604_5.0028.20/57","302604_5.0028.20/70","302604_5.0028.20/81","302604_5.0028.20/92","302604_5.0028.471/2","302604_5.0028.471/25","302604_5.0028.471/3","302604_5.0028.471/30","302604_5.0028.471/35","302604_5.0028.471/40","302604_5.0028.471/63"],"location_quality":"dokładny","gunb_url":"https://wyszukiwarka.gunb.gov.pl/","parcel_count":27,"parcel_shard":"x068-y208","parcel_id":"302604_5.0028.19/108","location_source":"powiat śremski (wfs)"}},{"type":"Feature","id":"ST-WK-SR/ZGŁOSZENIE/1994/2026::302604_5.0028.20/26","geometry":{"type":"Polygon","coordinates":[[[17.0556417893475,52.1196118421248],[17.055673869103,52.1195516985432],[17.0555571092267,52.1194111771116],[17.0554416354573,52.1192720140933],[17.055343061168,52.1192520796023],[17.0550792629236,52.1193328368309],[17.0547522691078,52.1194329507392],[17.0546843044327,52.1193533998626],[17.0550061540783,52.1192548627842],[17.0552767129641,52.1191720027226],[17.0553086431059,52.1191120378043],[17.0552101118262,52.1189934134295],[17.0551103014225,52.1188731608428],[17.0550121623055,52.1188534093282],[17.0547468679542,52.1189359514569],[17.0544157259632,52.119038997273],[17.0543477624885,52.1189594462006],[17.0546764051851,52.1188571894747],[17.05494581717,52.1187732423978],[17.0549773133144,52.1187130943222],[17.0548767913333,52.1185920268941],[17.0547776936185,52.1184726785406],[17.0546795612375,52.1184526571538],[17.0544129662248,52.1185346488068],[17.0540742067289,52.1186389808038],[17.0540377262507,52.1185962337123],[17.0547107731362,52.1183921473364],[17.0548234859775,52.1183579071316],[17.054866455368,52.1183420728545],[17.05503232811,52.1185419510323],[17.0551983463869,52.1187419200053],[17.0553643680581,52.1189417988821],[17.0555303874075,52.1191418572489],[17.0556964101215,52.1193418255281],[17.0558303979747,52.1195031575644],[17.0559288289582,52.1195230006082],[17.0556417893475,52.1196118421248]]]},"properties":{"case_id":"ST-WK-SR/ZGŁOSZENIE/1994/2026","source_type":"zgloszenie","received_date":"2026-06-16","decision_date":null,"status":"Brak sprzeciwu","description":"Budowa sieci wodociągowej i sieci kanalizacji sanitarnej","address":"Zbrudzewo","city":"Zbrudzewo","office":"Starosta Powiatu Śrem","case_kind":"budowa nowego/nowych obiektów budowlanych","parcel_ids":["302604_5.0028.15/1","302604_5.0028.15/2","302604_5.0028.16/14","302604_5.0028.16/21","302604_5.0028.16/8","302604_5.0028.17/11","302604_5.0028.18/14","302604_5.0028.18/5","302604_5.0028.19/102","302604_5.0028.19/103","302604_5.0028.19/104","302604_5.0028.19/105","302604_5.0028.19/106","302604_5.0028.19/107","302604_5.0028.19/108","302604_5.0028.20/149","302604_5.0028.20/26","302604_5.0028.20/57","302604_5.0028.20/70","302604_5.0028.20/81","302604_5.0028.20/92","302604_5.0028.471/2","302604_5.0028.471/25","302604_5.0028.471/3","302604_5.0028.471/30","302604_5.0028.471/35","302604_5.0028.471/40","302604_5.0028.471/63"],"location_quality":"dokładny","gunb_url":"https://wyszukiwarka.gunb.gov.pl/","parcel_count":27,"parcel_shard":"x068-y208","parcel_id":"302604_5.0028.20/26","location_source":"powiat śremski (wfs)"}},{"type":"Feature","id":"ST-WK-SR/ZGŁOSZENIE/1994/2026::302604_5.0028.20/57","geometry":{"type":"Polygon","coordinates":[[[17.050549932937,52.1191495863372],[17.0504709737753,52.1191342997985],[17.0498753184199,52.1193232866277],[17.0494860521996,52.1194467927086],[17.0490967838362,52.1195702974976],[17.0486863437685,52.1197005510855],[17.0484640695636,52.1197711123897],[17.0483961298815,52.1198759954026],[17.0482644738702,52.1199080093004],[17.0481594327458,52.1197667661291],[17.0486323521166,52.1196167052145],[17.0489957486109,52.1195014421799],[17.0493591451442,52.1193860881508],[17.0497223919207,52.1192708216772],[17.0500857828225,52.1191555552548],[17.0504031612909,52.1190548375295],[17.0504278403689,52.119006590015],[17.050549932937,52.1191495863372]]]},"properties":{"case_id":"ST-WK-SR/ZGŁOSZENIE/1994/2026","source_type":"zgloszenie","received_date":"2026-06-16","decision_date":null,"status":"Brak sprzeciwu","description":"Budowa sieci wodociągowej i sieci kanalizacji sanitarnej","address":"Zbrudzewo","city":"Zbrudzewo","office":"Starosta Powiatu Śrem","case_kind":"budowa nowego/nowych obiektów budowlanych","parcel_ids":["302604_5.0028.15/1","302604_5.0028.15/2","302604_5.0028.16/14","302604_5.0028.16/21","302604_5.0028.16/8","302604_5.0028.17/11","302604_5.0028.18/14","302604_5.0028.18/5","302604_5.0028.19/102","302604_5.0028.19/103","302604_5.0028.19/104","302604_5.0028.19/105","302604_5.0028.19/106","302604_5.0028.19/107","302604_5.0028.19/108","302604_5.0028.20/149","302604_5.0028.20/26","302604_5.0028.20/57","302604_5.0028.20/70","302604_5.0028.20/81","302604_5.0028.20/92","302604_5.0028.471/2","302604_5.0028.471/25","302604_5.0028.471/3","302604_5.0028.471/30","302604_5.0028.471/35","302604_5.0028.471/40","302604_5.0028.471/63"],"location_quality":"dokładny","gunb_url":"https://wyszukiwarka.gunb.gov.pl/","parcel_count":27,"parcel_shard":"x068-y208","parcel_id":"302604_5.0028.20/57","location_source":"powiat śremski (wfs)"}},{"type":"Feature","id":"ST-WK-SR/ZGŁOSZENIE/1994/2026::302604_5.0028.20/70","geometry":{"type":"Polygon","coordinates":[[[17.0501320929741,52.1186598709643],[17.0500529907534,52.1186444931102],[17.049741207732,52.1187430978191],[17.0493776771618,52.1188581822948],[17.0490141428163,52.1189733555082],[17.048650608527,52.1190884377175],[17.048287072371,52.1192035188023],[17.0482750172864,52.119207376298],[17.048214956561,52.1193262544684],[17.0480997966188,52.1193584912184],[17.0480652140602,52.1192889131965],[17.0480177231035,52.1191878622241],[17.0485751564325,52.1190113395537],[17.0489386902918,52.1188962575717],[17.0493022222847,52.1187811744562],[17.0496657524112,52.1186660902074],[17.049985035655,52.1185649395555],[17.0500098609034,52.1185166933096],[17.0501320929741,52.1186598709643]]]},"properties":{"case_id":"ST-WK-SR/ZGŁOSZENIE/1994/2026","source_type":"zgloszenie","received_date":"2026-06-16","decision_date":null,"status":"Brak sprzeciwu","description":"Budowa sieci wodociągowej i sieci kanalizacji sanitarnej","address":"Zbrudzewo","city":"Zbrudzewo","office":"Starosta Powiatu Śrem","case_kind":"budowa nowego/nowych obiektów budowlanych","parcel_ids":["302604_5.0028.15/1","302604_5.0028.15/2","302604_5.0028.16/14","302604_5.0028.16/21","302604_5.0028.16/8","302604_5.0028.17/11","302604_5.0028.18/14","302604_5.0028.18/5","302604_5.0028.19/102","302604_5.0028.19/103","302604_5.0028.19/104","302604_5.0028.19/105","302604_5.0028.19/106","302604_5.0028.19/107","302604_5.0028.19/108","302604_5.0028.20/149","302604_5.0028.20/26","302604_5.0028.20/57","302604_5.0028.20/70","302604_5.0028.20/81","302604_5.0028.20/92","302604_5.0028.471/2","302604_5.0028.471/25","302604_5.0028.471/3","302604_5.0028.471/30","302604_5.0028.471/35","302604_5.0028.471/40","302604_5.0028.471/63"],"location_quality":"dokładny","gunb_url":"https://wyszukiwarka.gunb.gov.pl/","parcel_count":27,"parcel_shard":"x068-y208","parcel_id":"302604_5.0028.20/70","location_source":"powiat śremski (wfs)"}},{"type":"Feature","id":"ST-WK-SR/ZGŁOSZENIE/1994/2026::302604_5.0028.20/81","geometry":{"type":"Polygon","coordinates":[[[17.0497471681135,52.1182087988252],[17.0496679227441,52.1181933296668],[17.0493557193953,52.118291210923],[17.0489913347708,52.1184053885039],[17.0486270923578,52.1185196559926],[17.0482628500128,52.1186338324819],[17.0479892987157,52.1187196184119],[17.0479598901249,52.1187704338115],[17.0478568439194,52.118796116875],[17.0478309482981,52.1186683655477],[17.0483164576391,52.1185162504133],[17.0486486563491,52.1184120617446],[17.0489804117375,52.1183080483392],[17.0493117238263,52.1182042101921],[17.0496001150074,52.1181137770726],[17.0496250825666,52.118065711813],[17.0497471681135,52.1182087988252]]]},"properties":{"case_id":"ST-WK-SR/ZGŁOSZENIE/1994/2026","source_type":"zgloszenie","received_date":"2026-06-16","decision_date":null,"status":"Brak sprzeciwu","description":"Budowa sieci wodociągowej i sieci kanalizacji sanitarnej","address":"Zbrudzewo","city":"Zbrudzewo","office":"Starosta Powiatu Śrem","case_kind":"budowa nowego/nowych obiektów budowlanych","parcel_ids":["302604_5.0028.15/1","302604_5.0028.15/2","302604_5.0028.16/14","302604_5.0028.16/21","302604_5.0028.16/8","302604_5.0028.17/11","302604_5.0028.18/14","302604_5.0028.18/5","302604_5.0028.19/102","302604_5.0028.19/103","302604_5.0028.19/104","302604_5.0028.19/105","302604_5.0028.19/106","302604_5.0028.19/107","302604_5.0028.19/108","302604_5.0028.20/149","302604_5.0028.20/26","302604_5.0028.20/57","302604_5.0028.20/70","302604_5.0028.20/81","302604_5.0028.20/92","302604_5.0028.471/2","302604_5.0028.471/25","302604_5.0028.471/3","302604_5.0028.471/30","302604_5.0028.471/35","302604_5.0028.471/40","302604_5.0028.471/63"],"location_quality":"dokładny","gunb_url":"https://wyszukiwarka.gunb.gov.pl/","parcel_count":27,"parcel_shard":"x068-y208","parcel_id":"302604_5.0028.20/81","location_source":"powiat śremski (wfs)"}},{"type":"Feature","id":"ST-WK-SR/ZGŁOSZENIE/1994/2026::302604_5.0028.20/92","geometry":{"type":"Polygon","coordinates":[[[17.0491367443279,52.1174935422245],[17.0490576464313,52.1174780738437],[17.0487820427919,52.1175646539895],[17.0484504346498,52.1176688477897],[17.0481188268745,52.1177729507776],[17.0477872156457,52.1178771426949],[17.0476133239404,52.1179318244999],[17.0476085225482,52.1180063875912],[17.0474822200004,52.1180546225727],[17.0473581030236,52.1178907540806],[17.0475311500447,52.1178414587347],[17.0479170489661,52.1177316838199],[17.0480116506543,52.1177047640663],[17.0490619179586,52.117405752314],[17.0491367443279,52.1174935422245]]]},"properties":{"case_id":"ST-WK-SR/ZGŁOSZENIE/1994/2026","source_type":"zgloszenie","received_date":"2026-06-16","decision_date":null,"status":"Brak sprzeciwu","description":"Budowa sieci wodociągowej i sieci kanalizacji sanitarnej","address":"Zbrudzewo","city":"Zbrudzewo","office":"Starosta Powiatu Śrem","case_kind":"budowa nowego/nowych obiektów budowlanych","parcel_ids":["302604_5.0028.15/1","302604_5.0028.15/2","302604_5.0028.16/14","302604_5.0028.16/21","302604_5.0028.16/8","302604_5.0028.17/11","302604_5.0028.18/14","302604_5.0028.18/5","302604_5.0028.19/102","302604_5.0028.19/103","302604_5.0028.19/104","302604_5.0028.19/105","302604_5.0028.19/106","302604_5.0028.19/107","302604_5.0028.19/108","302604_5.0028.20/149","302604_5.0028.20/26","302604_5.0028.20/57","302604_5.0028.20/70","302604_5.0028.20/81","302604_5.0028.20/92","302604_5.0028.471/2","302604_5.0028.471/25","302604_5.0028.471/3","302604_5.0028.471/30","302604_5.0028.471/35","302604_5.0028.471/40","302604_5.0028.471/63"],"location_quality":"dokładny","gunb_url":"https://wyszukiwarka.gunb.gov.pl/","parcel_count":27,"parcel_shard":"x068-y208","parcel_id":"302604_5.0028.20/92","location_source":"powiat śremski (wfs)"}},{"type":"Feature","id":"ST-WK-SR/ZGŁOSZENIE/1994/2026::302604_5.0028.471/2","geometry":{"type":"Polygon","coordinates":[[[17.0508181797534,52.1196570611021],[17.0505536067583,52.1197394198578],[17.0501823193499,52.1198550735278],[17.0498111760228,52.1199707271988],[17.0494398847999,52.1200863785051],[17.0490685916619,52.1202020286382],[17.0486972966241,52.1203176775803],[17.0483259996566,52.1204333253489],[17.047954700789,52.1205489719354],[17.0475834000067,52.1206646173397],[17.0472298829911,52.1207747427347],[17.0472038817068,52.1208231586503],[17.047308756367,52.1209516380954],[17.0474134856384,52.1210801162646],[17.0475314518244,52.1212247002125],[17.0476363264504,52.1213532692299],[17.0477412016729,52.1214818381574],[17.0478591699555,52.1216264217803],[17.0479754311118,52.1217689242078],[17.048113037011,52.1219376645269],[17.048190832337,52.1219529432273],[17.0480358142526,52.1220032956245],[17.0479586495225,52.1220288165195],[17.0479839360628,52.1219796756153],[17.0469820080697,52.120751347738],[17.0485326200799,52.1202683520548],[17.048557710871,52.1202976649499],[17.0493403181504,52.120053868808],[17.0501229315437,52.1198100673368],[17.0505142277905,52.1196881691423],[17.0507752970245,52.1196068315305],[17.0508181797534,52.1196570611021]]]},"properties":{"case_id":"ST-WK-SR/ZGŁOSZENIE/1994/2026","source_type":"zgloszenie","received_date":"2026-06-16","decision_date":null,"status":"Brak sprzeciwu","description":"Budowa sieci wodociągowej i sieci kanalizacji sanitarnej","address":"Zbrudzewo","city":"Zbrudzewo","office":"Starosta Powiatu Śrem","case_kind":"budowa nowego/nowych obiektów budowlanych","parcel_ids":["302604_5.0028.15/1","302604_5.0028.15/2","302604_5.0028.16/14","302604_5.0028.16/21","302604_5.0028.16/8","302604_5.0028.17/11","302604_5.0028.18/14","302604_5.0028.18/5","302604_5.0028.19/102","302604_5.0028.19/103","302604_5.0028.19/104","302604_5.0028.19/105","302604_5.0028.19/106","302604_5.0028.19/107","302604_5.0028.19/108","302604_5.0028.20/149","302604_5.0028.20/26","302604_5.0028.20/57","302604_5.0028.20/70","302604_5.0028.20/81","302604_5.0028.20/92","302604_5.0028.471/2","302604_5.0028.471/25","302604_5.0028.471/3","302604_5.0028.471/30","302604_5.0028.471/35","302604_5.0028.471/40","302604_5.0028.471/63"],"location_quality":"dokładny","gunb_url":"https://wyszukiwarka.gunb.gov.pl/","parcel_count":27,"parcel_shard":"x068-y208","parcel_id":"302604_5.0028.471/2","location_source":"powiat śremski (wfs)"}},{"type":"Feature","id":"ST-WK-SR/ZGŁOSZENIE/1994/2026::302604_5.0028.471/25","geometry":{"type":"Polygon","coordinates":[[[17.0511921479522,52.1194768919222],[17.0512350291144,52.1195272112084],[17.0511727573701,52.119647421293],[17.051240716199,52.1197269741598],[17.0513492745089,52.1198543111845],[17.0514715144877,52.1199974874637],[17.0515800740987,52.1201248242745],[17.051688780319,52.1202521621607],[17.0518110205627,52.1203954279537],[17.0519315535604,52.1205366126075],[17.0520522275732,52.1206780679085],[17.052132056441,52.1206938097807],[17.0519212767577,52.1207594366114],[17.0518708603377,52.1207751200616],[17.051895832709,52.1207267847363],[17.051775159054,52.1205853292707],[17.0516546264275,52.1204441444617],[17.0515323865605,52.1203008785112],[17.051423680675,52.1201735404851],[17.0513149773212,52.1200461124915],[17.0511927396094,52.1199028461835],[17.0510841797306,52.11977559889],[17.0510163651875,52.11969613697],[17.0508181797534,52.1196570611021],[17.0507752970245,52.1196068315305],[17.050905521837,52.1195662606378],[17.0510619196186,52.1195174591849],[17.0511921479522,52.1194768919222]]]},"properties":{"case_id":"ST-WK-SR/ZGŁOSZENIE/1994/2026","source_type":"zgloszenie","received_date":"2026-06-16","decision_date":null,"status":"Brak sprzeciwu","description":"Budowa sieci wodociągowej i sieci kanalizacji sanitarnej","address":"Zbrudzewo","city":"Zbrudzewo","office":"Starosta Powiatu Śrem","case_kind":"budowa nowego/nowych obiektów budowlanych","parcel_ids":["302604_5.0028.15/1","302604_5.0028.15/2","302604_5.0028.16/14","302604_5.0028.16/21","302604_5.0028.16/8","302604_5.0028.17/11","302604_5.0028.18/14","302604_5.0028.18/5","302604_5.0028.19/102","302604_5.0028.19/103","302604_5.0028.19/104","302604_5.0028.19/105","302604_5.0028.19/106","302604_5.0028.19/107","302604_5.0028.19/108","302604_5.0028.20/149","302604_5.0028.20/26","302604_5.0028.20/57","302604_5.0028.20/70","302604_5.0028.20/81","302604_5.0028.20/92","302604_5.0028.471/2","302604_5.0028.471/25","302604_5.0028.471/3","302604_5.0028.471/30","302604_5.0028.471/35","302604_5.0028.471/40","302604_5.0028.471/63"],"location_quality":"dokładny","gunb_url":"https://wyszukiwarka.gunb.gov.pl/","parcel_count":27,"parcel_shard":"x068-y208","parcel_id":"302604_5.0028.471/25","location_source":"powiat śremski (wfs)"}},{"type":"Feature","id":"ST-WK-SR/ZGŁOSZENIE/1994/2026::302604_5.0028.471/3","geometry":{"type":"Polygon","coordinates":[[[17.0516546264275,52.1204441444617],[17.0515753802387,52.1204284968389],[17.0512129082925,52.120541438317],[17.0508417618704,52.1206570951999],[17.0504703215506,52.1207727485552],[17.0500990253147,52.1208884019011],[17.0497278731636,52.121004055239],[17.0493567190979,52.1211197074045],[17.0489854171181,52.1212353572046],[17.0486141132376,52.1213510058315],[17.0482428074427,52.1214666532672],[17.0478851710244,52.1215780057149],[17.0478591699555,52.1216264217803],[17.0477412016729,52.1214818381574],[17.0478195685533,52.1214976610169],[17.0481767645975,52.1213863950958],[17.0485480698852,52.1212707478617],[17.0489193732727,52.1211550994456],[17.0492905287459,52.1210394486633],[17.049661828304,52.1209237978831],[17.050033271946,52.1208081471034],[17.0504044197695,52.1206925826467],[17.0507757135981,52.120576928329],[17.0511470055121,52.12046127282],[17.0515075657569,52.1203489453382],[17.0515323865605,52.1203008785112],[17.0516546264275,52.1204441444617]]]},"properties":{"case_id":"ST-WK-SR/ZGŁOSZENIE/1994/2026","source_type":"zgloszenie","received_date":"2026-06-16","decision_date":null,"status":"Brak sprzeciwu","description":"Budowa sieci wodociągowej i sieci kanalizacji sanitarnej","address":"Zbrudzewo","city":"Zbrudzewo","office":"Starosta Powiatu Śrem","case_kind":"budowa nowego/nowych obiektów budowlanych","parcel_ids":["302604_5.0028.15/1","302604_5.0028.15/2","302604_5.0028.16/14","302604_5.0028.16/21","302604_5.0028.16/8","302604_5.0028.17/11","302604_5.0028.18/14","302604_5.0028.18/5","302604_5.0028.19/102","302604_5.0028.19/103","302604_5.0028.19/104","302604_5.0028.19/105","302604_5.0028.19/106","302604_5.0028.19/107","302604_5.0028.19/108","302604_5.0028.20/149","302604_5.0028.20/26","302604_5.0028.20/57","302604_5.0028.20/70","302604_5.0028.20/81","302604_5.0028.20/92","302604_5.0028.471/2","302604_5.0028.471/25","302604_5.0028.471/3","302604_5.0028.471/30","302604_5.0028.471/35","302604_5.0028.471/40","302604_5.0028.471/63"],"location_quality":"dokładny","gunb_url":"https://wyszukiwarka.gunb.gov.pl/","parcel_count":27,"parcel_shard":"x068-y208","parcel_id":"302604_5.0028.471/3","location_source":"powiat śremski (wfs)"}},{"type":"Feature","id":"ST-WK-SR/ZGŁOSZENIE/1994/2026::302604_5.0028.471/30","geometry":{"type":"Polygon","coordinates":[[[17.0524077651555,52.1201691392003],[17.0521095296436,52.12026210661],[17.0518359889691,52.1203472723698],[17.0518110205627,52.1203954279537],[17.051688780319,52.1202521621607],[17.0517680262382,52.1202678097049],[17.0520417144471,52.1201825554074],[17.0523400955423,52.1200895893349],[17.0524077651555,52.1201691392003]]]},"properties":{"case_id":"ST-WK-SR/ZGŁOSZENIE/1994/2026","source_type":"zgloszenie","received_date":"2026-06-16","decision_date":null,"status":"Brak sprzeciwu","description":"Budowa sieci wodociągowej i sieci kanalizacji sanitarnej","address":"Zbrudzewo","city":"Zbrudzewo","office":"Starosta Powiatu Śrem","case_kind":"budowa nowego/nowych obiektów budowlanych","parcel_ids":["302604_5.0028.15/1","302604_5.0028.15/2","302604_5.0028.16/14","302604_5.0028.16/21","302604_5.0028.16/8","302604_5.0028.17/11","302604_5.0028.18/14","302604_5.0028.18/5","302604_5.0028.19/102","302604_5.0028.19/103","302604_5.0028.19/104","302604_5.0028.19/105","302604_5.0028.19/106","302604_5.0028.19/107","302604_5.0028.19/108","302604_5.0028.20/149","302604_5.0028.20/26","302604_5.0028.20/57","302604_5.0028.20/70","302604_5.0028.20/81","302604_5.0028.20/92","302604_5.0028.471/2","302604_5.0028.471/25","302604_5.0028.471/3","302604_5.0028.471/30","302604_5.0028.471/35","302604_5.0028.471/40","302604_5.0028.471/63"],"location_quality":"dokładny","gunb_url":"https://wyszukiwarka.gunb.gov.pl/","parcel_count":27,"parcel_shard":"x068-y208","parcel_id":"302604_5.0028.471/30","location_source":"powiat śremski (wfs)"}},{"type":"Feature","id":"ST-WK-SR/ZGŁOSZENIE/1994/2026::302604_5.0028.471/35","geometry":{"type":"Polygon","coordinates":[[[17.052069281174,52.1197710288806],[17.0517700199942,52.1198642568263],[17.0514963332353,52.1199495105114],[17.0514715144877,52.1199974874637],[17.0513492745089,52.1198543111845],[17.0514285196005,52.1198699589587],[17.051702060012,52.1197847042549],[17.0520016146707,52.119691388957],[17.052069281174,52.1197710288806]]]},"properties":{"case_id":"ST-WK-SR/ZGŁOSZENIE/1994/2026","source_type":"zgloszenie","received_date":"2026-06-16","decision_date":null,"status":"Brak sprzeciwu","description":"Budowa sieci wodociągowej i sieci kanalizacji sanitarnej","address":"Zbrudzewo","city":"Zbrudzewo","office":"Starosta Powiatu Śrem","case_kind":"budowa nowego/nowych obiektów budowlanych","parcel_ids":["302604_5.0028.15/1","302604_5.0028.15/2","302604_5.0028.16/14","302604_5.0028.16/21","302604_5.0028.16/8","302604_5.0028.17/11","302604_5.0028.18/14","302604_5.0028.18/5","302604_5.0028.19/102","302604_5.0028.19/103","302604_5.0028.19/104","302604_5.0028.19/105","302604_5.0028.19/106","302604_5.0028.19/107","302604_5.0028.19/108","302604_5.0028.20/149","302604_5.0028.20/26","302604_5.0028.20/57","302604_5.0028.20/70","302604_5.0028.20/81","302604_5.0028.20/92","302604_5.0028.471/2","302604_5.0028.471/25","302604_5.0028.471/3","302604_5.0028.471/30","302604_5.0028.471/35","302604_5.0028.471/40","302604_5.0028.471/63"],"location_quality":"dokładny","gunb_url":"https://wyszukiwarka.gunb.gov.pl/","parcel_count":27,"parcel_shard":"x068-y208","parcel_id":"302604_5.0028.471/35","location_source":"powiat śremski (wfs)"}},{"type":"Feature","id":"ST-WK-SR/ZGŁOSZENIE/1994/2026::302604_5.0028.471/40","geometry":{"type":"Polygon","coordinates":[[[17.0512350291144,52.1195272112084],[17.0511921479522,52.1194768919222],[17.0516881036145,52.1193224486825],[17.0517308069955,52.1193727378552],[17.0514303722794,52.1194663150305],[17.0512350291144,52.1195272112084]]]},"properties":{"case_id":"ST-WK-SR/ZGŁOSZENIE/1994/2026","source_type":"zgloszenie","received_date":"2026-06-16","decision_date":null,"status":"Brak sprzeciwu","description":"Budowa sieci wodociągowej i sieci kanalizacji sanitarnej","address":"Zbrudzewo","city":"Zbrudzewo","office":"Starosta Powiatu Śrem","case_kind":"budowa nowego/nowych obiektów budowlanych","parcel_ids":["302604_5.0028.15/1","302604_5.0028.15/2","302604_5.0028.16/14","302604_5.0028.16/21","302604_5.0028.16/8","302604_5.0028.17/11","302604_5.0028.18/14","302604_5.0028.18/5","302604_5.0028.19/102","302604_5.0028.19/103","302604_5.0028.19/104","302604_5.0028.19/105","302604_5.0028.19/106","302604_5.0028.19/107","302604_5.0028.19/108","302604_5.0028.20/149","302604_5.0028.20/26","302604_5.0028.20/57","302604_5.0028.20/70","302604_5.0028.20/81","302604_5.0028.20/92","302604_5.0028.471/2","302604_5.0028.471/25","302604_5.0028.471/3","302604_5.0028.471/30","302604_5.0028.471/35","302604_5.0028.471/40","302604_5.0028.471/63"],"location_quality":"dokładny","gunb_url":"https://wyszukiwarka.gunb.gov.pl/","parcel_count":27,"parcel_shard":"x068-y208","parcel_id":"302604_5.0028.471/40","location_source":"powiat śremski (wfs)"}},{"type":"Feature","id":"ST-WK-SR/ZGŁOSZENIE/1994/2026::302604_5.0028.471/63","geometry":{"type":"Polygon","coordinates":[[[17.0513149773212,52.1200461124915],[17.0512357319604,52.1200304646387],[17.0508831124136,52.1201402486393],[17.0505118225,52.1202559033334],[17.0501406766692,52.120371558019],[17.0497693829413,52.1204872103404],[17.0493980872983,52.1206028614886],[17.0490267878318,52.1207186013164],[17.0486554883726,52.1208342501093],[17.048284186999,52.1209498977108],[17.0479128837106,52.1210655441301],[17.0475574530008,52.1211762842266],[17.0475314518244,52.1212247002125],[17.0474134856384,52.1210801162646],[17.0474918516954,52.1210959393438],[17.0478469880368,52.1209852869572],[17.0482182908176,52.120869640739],[17.0485895916982,52.1207539933388],[17.0489608906495,52.120638344756],[17.0493321877005,52.1205226949912],[17.049703482851,52.1204070440534],[17.0500746300898,52.1202913907506],[17.0504459213964,52.1201757374486],[17.0508172108175,52.1200600829648],[17.0511679186601,52.1199509129403],[17.0511927396094,52.1199028461835],[17.0513149773212,52.1200461124915]]]},"properties":{"case_id":"ST-WK-SR/ZGŁOSZENIE/1994/2026","source_type":"zgloszenie","received_date":"2026-06-16","decision_date":null,"status":"Brak sprzeciwu","description":"Budowa sieci wodociągowej i sieci kanalizacji sanitarnej","address":"Zbrudzewo","city":"Zbrudzewo","office":"Starosta Powiatu Śrem","case_kind":"budowa nowego/nowych obiektów budowlanych","parcel_ids":["302604_5.0028.15/1","302604_5.0028.15/2","302604_5.0028.16/14","302604_5.0028.16/21","302604_5.0028.16/8","302604_5.0028.17/11","302604_5.0028.18/14","302604_5.0028.18/5","302604_5.0028.19/102","302604_5.0028.19/103","302604_5.0028.19/104","302604_5.0028.19/105","302604_5.0028.19/106","302604_5.0028.19/107","302604_5.0028.19/108","302604_5.0028.20/149","302604_5.0028.20/26","302604_5.0028.20/57","302604_5.0028.20/70","302604_5.0028.20/81","302604_5.0028.20/92","302604_5.0028.471/2","302604_5.0028.471/25","302604_5.0028.471/3","302604_5.0028.471/30","302604_5.0028.471/35","302604_5.0028.471/40","302604_5.0028.471/63"],"location_quality":"dokładny","gunb_url":"https://wyszukiwarka.gunb.gov.pl/","parcel_count":27,"parcel_shard":"x068-y208","parcel_id":"302604_5.0028.471/63","location_source":"powiat śremski (wfs)"}},{"type":"Feature","id":"ST-WK-SR/ZGŁOSZENIE/729/2026::302604_5.0028.19/102","geometry":{"type":"Polygon","coordinates":[[[17.0492189182703,52.1173575845679],[17.0492945619201,52.11744618876],[17.0495404380523,52.1177343545356],[17.0497877408568,52.1180242390146],[17.049909826819,52.1181673258724],[17.0500334792568,52.1183123127186],[17.050155995175,52.1184558521793],[17.0502782275568,52.1185990296869],[17.0504275255766,52.1187740634142],[17.0505826669404,52.1189558851131],[17.0507049020426,52.1190990621855],[17.0508563397217,52.1192766292519],[17.0509708841483,52.1194107559617],[17.0510619196186,52.1195174591849],[17.050905521837,52.1195662606378],[17.0508103582169,52.1194547642414],[17.050549932937,52.1191495863372],[17.0504278403689,52.119006590015],[17.0502803935613,52.1188337283805],[17.0501320929741,52.1186598709643],[17.0500098609034,52.1185166933096],[17.0498789424557,52.1183631990007],[17.0497471681135,52.1182087988252],[17.0496250825666,52.118065711813],[17.0493806275829,52.1177792654524],[17.0491367443279,52.1174935422245],[17.0490619179586,52.117405752314],[17.0492189182703,52.1173575845679]]]},"properties":{"case_id":"ST-WK-SR/ZGŁOSZENIE/729/2026","source_type":"zgloszenie","received_date":"2026-03-12","decision_date":null,"status":"Brak sprzeciwu","description":"Rozbudowa sieci wodociągowej","address":"Zbrudzewo","city":"Zbrudzewo","office":"Starosta Powiatu Śrem","case_kind":"rozbudowa istniejącego/istniejących obiektów budowlanych","parcel_ids":["302604_5.0028.19/102","302604_5.0028.19/105"],"location_quality":"dokładny","gunb_url":"https://wyszukiwarka.gunb.gov.pl/","parcel_count":2,"parcel_shard":"x068-y208","parcel_id":"302604_5.0028.19/102","location_source":"powiat śremski (wfs)"}},{"type":"Feature","id":"ST-WK-SR/ZGŁOSZENIE/729/2026::302604_5.0028.19/105","geometry":{"type":"Polygon","coordinates":[[[17.0507049020426,52.1190990621855],[17.0505826669404,52.1189558851131],[17.0506620542369,52.1189716244391],[17.0508616464828,52.1189099544825],[17.0511225262039,52.1188293629472],[17.0513835509724,52.1187487720049],[17.051644576699,52.1186680906118],[17.0519054536137,52.11858749733],[17.0521664755756,52.1185069046313],[17.052427498508,52.1184262214909],[17.052688518593,52.1183456276329],[17.0529493841393,52.1182653914825],[17.0532104099657,52.1181844369903],[17.0534714291438,52.1181037515138],[17.053732299501,52.1180231541507],[17.053993314918,52.1179425573687],[17.0542024496302,52.1178779922402],[17.0542345319486,52.1178177591701],[17.0543672227814,52.1179778241881],[17.0542687959142,52.1179579798493],[17.0539595751554,52.1180534703787],[17.0536987050166,52.1181340682467],[17.0534376879716,52.1182146643576],[17.0531766699811,52.1182952598887],[17.0529157951359,52.1183759458725],[17.0526547752837,52.118456540236],[17.052393754486,52.1185371340197],[17.0521327327433,52.1186177272147],[17.0518718541589,52.1186984108728],[17.0516108305544,52.1187790029001],[17.0513605354381,52.1188562651668],[17.0507298670633,52.1190510865636],[17.0507049020426,52.1190990621855]]]},"properties":{"case_id":"ST-WK-SR/ZGŁOSZENIE/729/2026","source_type":"zgloszenie","received_date":"2026-03-12","decision_date":null,"status":"Brak sprzeciwu","description":"Rozbudowa sieci wodociągowej","address":"Zbrudzewo","city":"Zbrudzewo","office":"Starosta Powiatu Śrem","case_kind":"rozbudowa istniejącego/istniejących obiektów budowlanych","parcel_ids":["302604_5.0028.19/102","302604_5.0028.19/105"],"location_quality":"dokładny","gunb_url":"https://wyszukiwarka.gunb.gov.pl/","parcel_count":2,"parcel_shard":"x068-y208","parcel_id":"302604_5.0028.19/105","location_source":"powiat śremski (wfs)"}},{"type":"Feature","id":"ST-WK-SR/WNIOSEK/21396/2025::302604_5.0028.19/20","geometry":{"type":"Polygon","coordinates":[[[17.0531766699811,52.1182952598887],[17.0534376879716,52.1182146643576],[17.0536100273482,52.1184260114527],[17.0533490065138,52.1185066972156],[17.0531766699811,52.1182952598887]]]},"properties":{"case_id":"ST-WK-SR/WNIOSEK/21396/2025","source_type":"wniosek_decyzja","received_date":"2025-10-17","decision_date":"2025-11-27","status":"decyzja wydana","description":"Budowa budynku mieszkalnego jednorodzinnego oraz zbiornik bezodpływowy","address":"Zbrudzewo","city":"Zbrudzewo","office":"Starosta Powiatu Śrem","case_kind":"Budynek mieszkalny jednorodzinny","parcel_ids":["302604_5.0028.19/20"],"location_quality":"dokładny","gunb_url":"https://wyszukiwarka.gunb.gov.pl/","parcel_count":1,"parcel_shard":"x068-y208","parcel_id":"302604_5.0028.19/20","location_source":"powiat śremski (wfs)"}},{"type":"Feature","id":"ST-WK-SR/WNIOSEK/3733/2026::302604_5.0028.2/42","geometry":{"type":"Polygon","coordinates":[[[17.0479481454653,52.1303124044116],[17.047629968692,52.1303506414579],[17.0474257107989,52.1301080191169],[17.0477074241542,52.1300263450139],[17.0479481454653,52.1303124044116]]]},"properties":{"case_id":"ST-WK-SR/WNIOSEK/3733/2026","source_type":"wniosek_decyzja","received_date":"2026-02-27","decision_date":"2026-05-18","status":"decyzja wydana","description":"Budowa budynku mieszkalnego jednorodzinnego","address":"Zbrudzewo","city":"Zbrudzewo","office":"Starosta Powiatu Śrem","case_kind":"Budynek mieszkalny jednorodzinny","parcel_ids":["302604_5.0028.2/42"],"location_quality":"dokładny","gunb_url":"https://wyszukiwarka.gunb.gov.pl/","parcel_count":1,"parcel_shard":"x068-y208","parcel_id":"302604_5.0028.2/42","location_source":"powiat śremski (wfs)"}},{"type":"Feature","id":"ST-WK-SR/ZGŁOSZENIE/784/2026::302604_5.0028.20/138","geometry":{"type":"Polygon","coordinates":[[[17.0529831829939,52.1162021576777],[17.053068130649,52.1161757855167],[17.0532097500977,52.1163481475333],[17.053396040659,52.1165759655363],[17.0534354637963,52.1166240991232],[17.0535984118643,52.1168235963998],[17.0537300490022,52.1169849120739],[17.053863196362,52.1171439027812],[17.0540303778388,52.1173436131665],[17.0541977048695,52.1175434143538],[17.0543648893179,52.117743124264],[17.0545320771562,52.1179427440747],[17.0546992645746,52.118142453519],[17.054866455368,52.1183420728545],[17.0548234859775,52.1183579071316],[17.0529831829939,52.1162021576777]]]},"properties":{"case_id":"ST-WK-SR/ZGŁOSZENIE/784/2026","source_type":"zgloszenie","received_date":"2026-03-04","decision_date":null,"status":"Brak sprzeciwu","description":"Budowa sieci kablowej elektroenergetycznej nn 0,4 kV.","address":"Zbrudzewo","city":"Zbrudzewo","office":"Starosta Powiatu Śrem","case_kind":"budowa nowego/nowych obiektów budowlanych","parcel_ids":["302604_5.0028.20/138","302604_5.0028.20/151","302604_5.0028.20/153","302604_5.0028.20/154","302604_5.0028.20/156","302604_5.0028.20/157","302604_5.0028.20/158","302604_5.0028.20/159","302604_5.0028.20/162","302604_5.0028.20/163","302604_5.0028.20/165","302604_5.0028.20/167","302604_5.0028.20/168","302604_5.0028.20/170","302604_5.0028.20/172","302604_5.0028.20/173","302604_5.0028.20/175","302604_5.0028.20/177","302604_5.0028.20/179","302604_5.0028.20/181","302604_5.0028.20/182","302604_5.0028.20/184","302604_5.0028.20/186","302604_5.0028.20/188","302604_5.0028.20/190","302604_5.0028.20/191","302604_5.0028.20/192","302604_5.0028.20/194","302604_5.0028.20/195","302604_5.0028.20/197","302604_5.0028.20/199","302604_5.0028.20/200","302604_5.0028.20/201","302604_5.0028.20/202","302604_5.0028.20/204","302604_5.0028.20/219","302604_5.0028.20/221"],"location_quality":"dokładny","gunb_url":"https://wyszukiwarka.gunb.gov.pl/","parcel_count":37,"parcel_shard":"x068-y208","parcel_id":"302604_5.0028.20/138","location_source":"powiat śremski (wfs)"}},{"type":"Feature","id":"ST-WK-SR/ZGŁOSZENIE/784/2026::302604_5.0028.20/151","geometry":{"type":"Polygon","coordinates":[[[17.0538453385081,52.1148980635928],[17.0539247339954,52.1149734566717],[17.0485523481191,52.1165785053638],[17.0468140605026,52.1170977345346],[17.0467357347645,52.1169982313502],[17.0468332572291,52.1170191532691],[17.0473094904962,52.1168768543011],[17.0477857188425,52.1167346432459],[17.0480482989789,52.1166561395285],[17.048271643781,52.1165894525729],[17.0485863309638,52.1165184688906],[17.0489677785728,52.1164045200791],[17.0492305006856,52.1163260148759],[17.0496770368633,52.1161926348484],[17.0501235704084,52.1160592531086],[17.0503862884814,52.1159807453016],[17.0508630853218,52.1158383466817],[17.0512308579575,52.1157284150517],[17.0516825257003,52.1155934508699],[17.0519518491325,52.1155130153182],[17.0523247579221,52.1154015935951],[17.0527765650761,52.1152666263536],[17.0530392738984,52.1151881125832],[17.0532953692267,52.1151116124099],[17.0538232790767,52.1149538829285],[17.0538453385081,52.1148980635928]]]},"properties":{"case_id":"ST-WK-SR/ZGŁOSZENIE/784/2026","source_type":"zgloszenie","received_date":"2026-03-04","decision_date":null,"status":"Brak sprzeciwu","description":"Budowa sieci kablowej elektroenergetycznej nn 0,4 kV.","address":"Zbrudzewo","city":"Zbrudzewo","office":"Starosta Powiatu Śrem","case_kind":"budowa nowego/nowych obiektów budowlanych","parcel_ids":["302604_5.0028.20/138","302604_5.0028.20/151","302604_5.0028.20/153","302604_5.0028.20/154","302604_5.0028.20/156","302604_5.0028.20/157","302604_5.0028.20/158","302604_5.0028.20/159","302604_5.0028.20/162","302604_5.0028.20/163","302604_5.0028.20/165","302604_5.0028.20/167","302604_5.0028.20/168","302604_5.0028.20/170","302604_5.0028.20/172","302604_5.0028.20/173","302604_5.0028.20/175","302604_5.0028.20/177","302604_5.0028.20/179","302604_5.0028.20/181","302604_5.0028.20/182","302604_5.0028.20/184","302604_5.0028.20/186","302604_5.0028.20/188","302604_5.0028.20/190","302604_5.0028.20/191","302604_5.0028.20/192","302604_5.0028.20/194","302604_5.0028.20/195","302604_5.0028.20/197","302604_5.0028.20/199","302604_5.0028.20/200","302604_5.0028.20/201","302604_5.0028.20/202","302604_5.0028.20/204","302604_5.0028.20/219","302604_5.0028.20/221"],"location_quality":"dokładny","gunb_url":"https://wyszukiwarka.gunb.gov.pl/","parcel_count":37,"parcel_shard":"x068-y208","parcel_id":"302604_5.0028.20/151","location_source":"powiat śremski (wfs)"}},{"type":"Feature","id":"ST-WK-SR/ZGŁOSZENIE/784/2026::302604_5.0028.20/153","geometry":{"type":"Polygon","coordinates":[[[17.0530167918511,52.1147539827617],[17.0532953692267,52.1151116124099],[17.0530392738984,52.1151881125832],[17.052941748639,52.1151673755294],[17.0526943129607,52.1148490938305],[17.0530167918511,52.1147539827617]]]},"properties":{"case_id":"ST-WK-SR/ZGŁOSZENIE/784/2026","source_type":"zgloszenie","received_date":"2026-03-04","decision_date":null,"status":"Brak sprzeciwu","description":"Budowa sieci kablowej elektroenergetycznej nn 0,4 kV.","address":"Zbrudzewo","city":"Zbrudzewo","office":"Starosta Powiatu Śrem","case_kind":"budowa nowego/nowych obiektów budowlanych","parcel_ids":["302604_5.0028.20/138","302604_5.0028.20/151","302604_5.0028.20/153","302604_5.0028.20/154","302604_5.0028.20/156","302604_5.0028.20/157","302604_5.0028.20/158","302604_5.0028.20/159","302604_5.0028.20/162","302604_5.0028.20/163","302604_5.0028.20/165","302604_5.0028.20/167","302604_5.0028.20/168","302604_5.0028.20/170","302604_5.0028.20/172","302604_5.0028.20/173","302604_5.0028.20/175","302604_5.0028.20/177","302604_5.0028.20/179","302604_5.0028.20/181","302604_5.0028.20/182","302604_5.0028.20/184","302604_5.0028.20/186","302604_5.0028.20/188","302604_5.0028.20/190","302604_5.0028.20/191","302604_5.0028.20/192","302604_5.0028.20/194","302604_5.0028.20/195","302604_5.0028.20/197","302604_5.0028.20/199","302604_5.0028.20/200","302604_5.0028.20/201","302604_5.0028.20/202","302604_5.0028.20/204","302604_5.0028.20/219","302604_5.0028.20/221"],"location_quality":"dokładny","gunb_url":"https://wyszukiwarka.gunb.gov.pl/","parcel_count":37,"parcel_shard":"x068-y208","parcel_id":"302604_5.0028.20/153","location_source":"powiat śremski (wfs)"}},{"type":"Feature","id":"ST-WK-SR/ZGŁOSZENIE/784/2026::302604_5.0028.20/154","geometry":{"type":"Polygon","coordinates":[[[17.0526943129607,52.1148490938305],[17.052561852579,52.1146788720009],[17.0533647367017,52.1144421905145],[17.0533800644572,52.1144566688327],[17.0535329027163,52.1146017324872],[17.0530167918511,52.1147539827617],[17.0526943129607,52.1148490938305]]]},"properties":{"case_id":"ST-WK-SR/ZGŁOSZENIE/784/2026","source_type":"zgloszenie","received_date":"2026-03-04","decision_date":null,"status":"Brak sprzeciwu","description":"Budowa sieci kablowej elektroenergetycznej nn 0,4 kV.","address":"Zbrudzewo","city":"Zbrudzewo","office":"Starosta Powiatu Śrem","case_kind":"budowa nowego/nowych obiektów budowlanych","parcel_ids":["302604_5.0028.20/138","302604_5.0028.20/151","302604_5.0028.20/153","302604_5.0028.20/154","302604_5.0028.20/156","302604_5.0028.20/157","302604_5.0028.20/158","302604_5.0028.20/159","302604_5.0028.20/162","302604_5.0028.20/163","302604_5.0028.20/165","302604_5.0028.20/167","302604_5.0028.20/168","302604_5.0028.20/170","302604_5.0028.20/172","302604_5.0028.20/173","302604_5.0028.20/175","302604_5.0028.20/177","302604_5.0028.20/179","302604_5.0028.20/181","302604_5.0028.20/182","302604_5.0028.20/184","302604_5.0028.20/186","302604_5.0028.20/188","302604_5.0028.20/190","302604_5.0028.20/191","302604_5.0028.20/192","302604_5.0028.20/194","302604_5.0028.20/195","302604_5.0028.20/197","302604_5.0028.20/199","302604_5.0028.20/200","302604_5.0028.20/201","302604_5.0028.20/202","302604_5.0028.20/204","302604_5.0028.20/219","302604_5.0028.20/221"],"location_quality":"dokładny","gunb_url":"https://wyszukiwarka.gunb.gov.pl/","parcel_count":37,"parcel_shard":"x068-y208","parcel_id":"302604_5.0028.20/154","location_source":"powiat śremski (wfs)"}},{"type":"Feature","id":"ST-WK-SR/ZGŁOSZENIE/784/2026::302604_5.0028.20/156","geometry":{"type":"Polygon","coordinates":[[[17.0524295410736,52.1145085613274],[17.0522845784278,52.1143221498559],[17.0530094354346,52.1141053885792],[17.0531964259015,52.1142826471401],[17.0524295410736,52.1145085613274]]]},"properties":{"case_id":"ST-WK-SR/ZGŁOSZENIE/784/2026","source_type":"zgloszenie","received_date":"2026-03-04","decision_date":null,"status":"Brak sprzeciwu","description":"Budowa sieci kablowej elektroenergetycznej nn 0,4 kV.","address":"Zbrudzewo","city":"Zbrudzewo","office":"Starosta Powiatu Śrem","case_kind":"budowa nowego/nowych obiektów budowlanych","parcel_ids":["302604_5.0028.20/138","302604_5.0028.20/151","302604_5.0028.20/153","302604_5.0028.20/154","302604_5.0028.20/156","302604_5.0028.20/157","302604_5.0028.20/158","302604_5.0028.20/159","302604_5.0028.20/162","302604_5.0028.20/163","302604_5.0028.20/165","302604_5.0028.20/167","302604_5.0028.20/168","302604_5.0028.20/170","302604_5.0028.20/172","302604_5.0028.20/173","302604_5.0028.20/175","302604_5.0028.20/177","302604_5.0028.20/179","302604_5.0028.20/181","302604_5.0028.20/182","302604_5.0028.20/184","302604_5.0028.20/186","302604_5.0028.20/188","302604_5.0028.20/190","302604_5.0028.20/191","302604_5.0028.20/192","302604_5.0028.20/194","302604_5.0028.20/195","302604_5.0028.20/197","302604_5.0028.20/199","302604_5.0028.20/200","302604_5.0028.20/201","302604_5.0028.20/202","302604_5.0028.20/204","302604_5.0028.20/219","302604_5.0028.20/221"],"location_quality":"dokładny","gunb_url":"https://wyszukiwarka.gunb.gov.pl/","parcel_count":37,"parcel_shard":"x068-y208","parcel_id":"302604_5.0028.20/156","location_source":"powiat śremski (wfs)"}},{"type":"Feature","id":"ST-WK-SR/ZGŁOSZENIE/784/2026::302604_5.0028.20/157","geometry":{"type":"Polygon","coordinates":[[[17.0522845784278,52.1143221498559],[17.0524295410736,52.1145085613274],[17.052561852579,52.1146788720009],[17.0526943129607,52.1148490938305],[17.052941748639,52.1151673755294],[17.0530392738984,52.1151881125832],[17.0527765650761,52.1152666263536],[17.0528103952779,52.1152065874493],[17.0526762369782,52.1150337455565],[17.052513088284,52.1148235493602],[17.0523503656873,52.1146139855292],[17.0522169179132,52.1144422273766],[17.0521532250835,52.1143614509206],[17.0522845784278,52.1143221498559]]]},"properties":{"case_id":"ST-WK-SR/ZGŁOSZENIE/784/2026","source_type":"zgloszenie","received_date":"2026-03-04","decision_date":null,"status":"Brak sprzeciwu","description":"Budowa sieci kablowej elektroenergetycznej nn 0,4 kV.","address":"Zbrudzewo","city":"Zbrudzewo","office":"Starosta Powiatu Śrem","case_kind":"budowa nowego/nowych obiektów budowlanych","parcel_ids":["302604_5.0028.20/138","302604_5.0028.20/151","302604_5.0028.20/153","302604_5.0028.20/154","302604_5.0028.20/156","302604_5.0028.20/157","302604_5.0028.20/158","302604_5.0028.20/159","302604_5.0028.20/162","302604_5.0028.20/163","302604_5.0028.20/165","302604_5.0028.20/167","302604_5.0028.20/168","302604_5.0028.20/170","302604_5.0028.20/172","302604_5.0028.20/173","302604_5.0028.20/175","302604_5.0028.20/177","302604_5.0028.20/179","302604_5.0028.20/181","302604_5.0028.20/182","302604_5.0028.20/184","302604_5.0028.20/186","302604_5.0028.20/188","302604_5.0028.20/190","302604_5.0028.20/191","302604_5.0028.20/192","302604_5.0028.20/194","302604_5.0028.20/195","302604_5.0028.20/197","302604_5.0028.20/199","302604_5.0028.20/200","302604_5.0028.20/201","302604_5.0028.20/202","302604_5.0028.20/204","302604_5.0028.20/219","302604_5.0028.20/221"],"location_quality":"dokładny","gunb_url":"https://wyszukiwarka.gunb.gov.pl/","parcel_count":37,"parcel_shard":"x068-y208","parcel_id":"302604_5.0028.20/157","location_source":"powiat śremski (wfs)"}},{"type":"Feature","id":"ST-WK-SR/ZGŁOSZENIE/784/2026::302604_5.0028.20/158","geometry":{"type":"Polygon","coordinates":[[[17.0523247579221,52.1154015935951],[17.052157579501,52.1151886680817],[17.0526762369782,52.1150337455565],[17.0528103952779,52.1152065874493],[17.0527765650761,52.1152666263536],[17.0523247579221,52.1154015935951]]]},"properties":{"case_id":"ST-WK-SR/ZGŁOSZENIE/784/2026","source_type":"zgloszenie","received_date":"2026-03-04","decision_date":null,"status":"Brak sprzeciwu","description":"Budowa sieci kablowej elektroenergetycznej nn 0,4 kV.","address":"Zbrudzewo","city":"Zbrudzewo","office":"Starosta Powiatu Śrem","case_kind":"budowa nowego/nowych obiektów budowlanych","parcel_ids":["302604_5.0028.20/138","302604_5.0028.20/151","302604_5.0028.20/153","302604_5.0028.20/154","302604_5.0028.20/156","302604_5.0028.20/157","302604_5.0028.20/158","302604_5.0028.20/159","302604_5.0028.20/162","302604_5.0028.20/163","302604_5.0028.20/165","302604_5.0028.20/167","302604_5.0028.20/168","302604_5.0028.20/170","302604_5.0028.20/172","302604_5.0028.20/173","302604_5.0028.20/175","302604_5.0028.20/177","302604_5.0028.20/179","302604_5.0028.20/181","302604_5.0028.20/182","302604_5.0028.20/184","302604_5.0028.20/186","302604_5.0028.20/188","302604_5.0028.20/190","302604_5.0028.20/191","302604_5.0028.20/192","302604_5.0028.20/194","302604_5.0028.20/195","302604_5.0028.20/197","302604_5.0028.20/199","302604_5.0028.20/200","302604_5.0028.20/201","302604_5.0028.20/202","302604_5.0028.20/204","302604_5.0028.20/219","302604_5.0028.20/221"],"location_quality":"dokładny","gunb_url":"https://wyszukiwarka.gunb.gov.pl/","parcel_count":37,"parcel_shard":"x068-y208","parcel_id":"302604_5.0028.20/158","location_source":"powiat śremski (wfs)"}},{"type":"Feature","id":"ST-WK-SR/ZGŁOSZENIE/784/2026::302604_5.0028.20/159","geometry":{"type":"Polygon","coordinates":[[[17.052157579501,52.1151886680817],[17.0521066859002,52.1151239035863],[17.05199281557,52.1149789974727],[17.052513088284,52.1148235493602],[17.0526762369782,52.1150337455565],[17.052157579501,52.1151886680817]]]},"properties":{"case_id":"ST-WK-SR/ZGŁOSZENIE/784/2026","source_type":"zgloszenie","received_date":"2026-03-04","decision_date":null,"status":"Brak sprzeciwu","description":"Budowa sieci kablowej elektroenergetycznej nn 0,4 kV.","address":"Zbrudzewo","city":"Zbrudzewo","office":"Starosta Powiatu Śrem","case_kind":"budowa nowego/nowych obiektów budowlanych","parcel_ids":["302604_5.0028.20/138","302604_5.0028.20/151","302604_5.0028.20/153","302604_5.0028.20/154","302604_5.0028.20/156","302604_5.0028.20/157","302604_5.0028.20/158","302604_5.0028.20/159","302604_5.0028.20/162","302604_5.0028.20/163","302604_5.0028.20/165","302604_5.0028.20/167","302604_5.0028.20/168","302604_5.0028.20/170","302604_5.0028.20/172","302604_5.0028.20/173","302604_5.0028.20/175","302604_5.0028.20/177","302604_5.0028.20/179","302604_5.0028.20/181","302604_5.0028.20/182","302604_5.0028.20/184","302604_5.0028.20/186","302604_5.0028.20/188","302604_5.0028.20/190","302604_5.0028.20/191","302604_5.0028.20/192","302604_5.0028.20/194","302604_5.0028.20/195","302604_5.0028.20/197","302604_5.0028.20/199","302604_5.0028.20/200","302604_5.0028.20/201","302604_5.0028.20/202","302604_5.0028.20/204","302604_5.0028.20/219","302604_5.0028.20/221"],"location_quality":"dokładny","gunb_url":"https://wyszukiwarka.gunb.gov.pl/","parcel_count":37,"parcel_shard":"x068-y208","parcel_id":"302604_5.0028.20/159","location_source":"powiat śremski (wfs)"}},{"type":"Feature","id":"ST-WK-SR/ZGŁOSZENIE/784/2026::302604_5.0028.20/162","geometry":{"type":"Polygon","coordinates":[[[17.0522169179132,52.1144422273766],[17.0521193946584,52.1144214896508],[17.0516624489122,52.1145581207884],[17.0513734408599,52.1146445092736],[17.0510845776831,52.1147308982191],[17.0506446710393,52.1148623595278],[17.050375493302,52.1149428831602],[17.0501990287867,52.1149956605176],[17.0497294355137,52.115136047234],[17.0494668672551,52.1152145547813],[17.049017105888,52.1153489865773],[17.0485673418482,52.1154834166361],[17.0483046216364,52.1155620102619],[17.0480226534212,52.115646290213],[17.0476798522276,52.1157487735978],[17.0473986153766,52.1158328782061],[17.047135893003,52.115911379328],[17.0466604032322,52.1160535038426],[17.0461852043115,52.1161955389175],[17.04615136257,52.1162556657298],[17.0460876801244,52.1161747962046],[17.0521532250835,52.1143614509206],[17.0522169179132,52.1144422273766]]]},"properties":{"case_id":"ST-WK-SR/ZGŁOSZENIE/784/2026","source_type":"zgloszenie","received_date":"2026-03-04","decision_date":null,"status":"Brak sprzeciwu","description":"Budowa sieci kablowej elektroenergetycznej nn 0,4 kV.","address":"Zbrudzewo","city":"Zbrudzewo","office":"Starosta Powiatu Śrem","case_kind":"budowa nowego/nowych obiektów budowlanych","parcel_ids":["302604_5.0028.20/138","302604_5.0028.20/151","302604_5.0028.20/153","302604_5.0028.20/154","302604_5.0028.20/156","302604_5.0028.20/157","302604_5.0028.20/158","302604_5.0028.20/159","302604_5.0028.20/162","302604_5.0028.20/163","302604_5.0028.20/165","302604_5.0028.20/167","302604_5.0028.20/168","302604_5.0028.20/170","302604_5.0028.20/172","302604_5.0028.20/173","302604_5.0028.20/175","302604_5.0028.20/177","302604_5.0028.20/179","302604_5.0028.20/181","302604_5.0028.20/182","302604_5.0028.20/184","302604_5.0028.20/186","302604_5.0028.20/188","302604_5.0028.20/190","302604_5.0028.20/191","302604_5.0028.20/192","302604_5.0028.20/194","302604_5.0028.20/195","302604_5.0028.20/197","302604_5.0028.20/199","302604_5.0028.20/200","302604_5.0028.20/201","302604_5.0028.20/202","302604_5.0028.20/204","302604_5.0028.20/219","302604_5.0028.20/221"],"location_quality":"dokładny","gunb_url":"https://wyszukiwarka.gunb.gov.pl/","parcel_count":37,"parcel_shard":"x068-y208","parcel_id":"302604_5.0028.20/162","location_source":"powiat śremski (wfs)"}},{"type":"Feature","id":"ST-WK-SR/ZGŁOSZENIE/784/2026::302604_5.0028.20/163","geometry":{"type":"Polygon","coordinates":[[[17.0516624489122,52.1145581207884],[17.0518286256242,52.1147698705267],[17.0519547187069,52.114930424633],[17.0516655704481,52.1150164531827],[17.0513734408599,52.1146445092736],[17.0516624489122,52.1145581207884]]]},"properties":{"case_id":"ST-WK-SR/ZGŁOSZENIE/784/2026","source_type":"zgloszenie","received_date":"2026-03-04","decision_date":null,"status":"Brak sprzeciwu","description":"Budowa sieci kablowej elektroenergetycznej nn 0,4 kV.","address":"Zbrudzewo","city":"Zbrudzewo","office":"Starosta Powiatu Śrem","case_kind":"budowa nowego/nowych obiektów budowlanych","parcel_ids":["302604_5.0028.20/138","302604_5.0028.20/151","302604_5.0028.20/153","302604_5.0028.20/154","302604_5.0028.20/156","302604_5.0028.20/157","302604_5.0028.20/158","302604_5.0028.20/159","302604_5.0028.20/162","302604_5.0028.20/163","302604_5.0028.20/165","302604_5.0028.20/167","302604_5.0028.20/168","302604_5.0028.20/170","302604_5.0028.20/172","302604_5.0028.20/173","302604_5.0028.20/175","302604_5.0028.20/177","302604_5.0028.20/179","302604_5.0028.20/181","302604_5.0028.20/182","302604_5.0028.20/184","302604_5.0028.20/186","302604_5.0028.20/188","302604_5.0028.20/190","302604_5.0028.20/191","302604_5.0028.20/192","302604_5.0028.20/194","302604_5.0028.20/195","302604_5.0028.20/197","302604_5.0028.20/199","302604_5.0028.20/200","302604_5.0028.20/201","302604_5.0028.20/202","302604_5.0028.20/204","302604_5.0028.20/219","302604_5.0028.20/221"],"location_quality":"dokładny","gunb_url":"https://wyszukiwarka.gunb.gov.pl/","parcel_count":37,"parcel_shard":"x068-y208","parcel_id":"302604_5.0028.20/163","location_source":"powiat śremski (wfs)"}},{"type":"Feature","id":"ST-WK-SR/ZGŁOSZENIE/784/2026::302604_5.0028.20/165","geometry":{"type":"Polygon","coordinates":[[[17.0510845776831,52.1147308982191],[17.0513764191867,52.1151025708729],[17.051158233628,52.1151675075703],[17.0506411605095,52.1149107775576],[17.0506446710393,52.1148623595278],[17.0510845776831,52.1147308982191]]]},"properties":{"case_id":"ST-WK-SR/ZGŁOSZENIE/784/2026","source_type":"zgloszenie","received_date":"2026-03-04","decision_date":null,"status":"Brak sprzeciwu","description":"Budowa sieci kablowej elektroenergetycznej nn 0,4 kV.","address":"Zbrudzewo","city":"Zbrudzewo","office":"Starosta Powiatu Śrem","case_kind":"budowa nowego/nowych obiektów budowlanych","parcel_ids":["302604_5.0028.20/138","302604_5.0028.20/151","302604_5.0028.20/153","302604_5.0028.20/154","302604_5.0028.20/156","302604_5.0028.20/157","302604_5.0028.20/158","302604_5.0028.20/159","302604_5.0028.20/162","302604_5.0028.20/163","302604_5.0028.20/165","302604_5.0028.20/167","302604_5.0028.20/168","302604_5.0028.20/170","302604_5.0028.20/172","302604_5.0028.20/173","302604_5.0028.20/175","302604_5.0028.20/177","302604_5.0028.20/179","302604_5.0028.20/181","302604_5.0028.20/182","302604_5.0028.20/184","302604_5.0028.20/186","302604_5.0028.20/188","302604_5.0028.20/190","302604_5.0028.20/191","302604_5.0028.20/192","302604_5.0028.20/194","302604_5.0028.20/195","302604_5.0028.20/197","302604_5.0028.20/199","302604_5.0028.20/200","302604_5.0028.20/201","302604_5.0028.20/202","302604_5.0028.20/204","302604_5.0028.20/219","302604_5.0028.20/221"],"location_quality":"dokładny","gunb_url":"https://wyszukiwarka.gunb.gov.pl/","parcel_count":37,"parcel_shard":"x068-y208","parcel_id":"302604_5.0028.20/165","location_source":"powiat śremski (wfs)"}},{"type":"Feature","id":"ST-WK-SR/ZGŁOSZENIE/784/2026::302604_5.0028.20/167","geometry":{"type":"Polygon","coordinates":[[[17.0514590309579,52.1153168845091],[17.0521066859002,52.1151239035863],[17.052157579501,52.1151886680817],[17.0523247579221,52.1154015935951],[17.0519518491325,52.1155130153182],[17.051828024587,52.115500065361],[17.0514590309579,52.1153168845091]]]},"properties":{"case_id":"ST-WK-SR/ZGŁOSZENIE/784/2026","source_type":"zgloszenie","received_date":"2026-03-04","decision_date":null,"status":"Brak sprzeciwu","description":"Budowa sieci kablowej elektroenergetycznej nn 0,4 kV.","address":"Zbrudzewo","city":"Zbrudzewo","office":"Starosta Powiatu Śrem","case_kind":"budowa nowego/nowych obiektów budowlanych","parcel_ids":["302604_5.0028.20/138","302604_5.0028.20/151","302604_5.0028.20/153","302604_5.0028.20/154","302604_5.0028.20/156","302604_5.0028.20/157","302604_5.0028.20/158","302604_5.0028.20/159","302604_5.0028.20/162","302604_5.0028.20/163","302604_5.0028.20/165","302604_5.0028.20/167","302604_5.0028.20/168","302604_5.0028.20/170","302604_5.0028.20/172","302604_5.0028.20/173","302604_5.0028.20/175","302604_5.0028.20/177","302604_5.0028.20/179","302604_5.0028.20/181","302604_5.0028.20/182","302604_5.0028.20/184","302604_5.0028.20/186","302604_5.0028.20/188","302604_5.0028.20/190","302604_5.0028.20/191","302604_5.0028.20/192","302604_5.0028.20/194","302604_5.0028.20/195","302604_5.0028.20/197","302604_5.0028.20/199","302604_5.0028.20/200","302604_5.0028.20/201","302604_5.0028.20/202","302604_5.0028.20/204","302604_5.0028.20/219","302604_5.0028.20/221"],"location_quality":"dokładny","gunb_url":"https://wyszukiwarka.gunb.gov.pl/","parcel_count":37,"parcel_shard":"x068-y208","parcel_id":"302604_5.0028.20/167","location_source":"powiat śremski (wfs)"}},{"type":"Feature","id":"ST-WK-SR/ZGŁOSZENIE/784/2026::302604_5.0028.20/168","geometry":{"type":"Polygon","coordinates":[[[17.0506446710393,52.1148623595278],[17.0506411605095,52.1149107775576],[17.051158233628,52.1151675075703],[17.0514590309579,52.1153168845091],[17.051828024587,52.115500065361],[17.0519518491325,52.1155130153182],[17.0516825257003,52.1155934508699],[17.0516851669538,52.1155446663083],[17.0512825107925,52.1153447657934],[17.0509809916375,52.1151950230626],[17.0504983035859,52.114955377068],[17.050375493302,52.1149428831602],[17.0506446710393,52.1148623595278]]]},"properties":{"case_id":"ST-WK-SR/ZGŁOSZENIE/784/2026","source_type":"zgloszenie","received_date":"2026-03-04","decision_date":null,"status":"Brak sprzeciwu","description":"Budowa sieci kablowej elektroenergetycznej nn 0,4 kV.","address":"Zbrudzewo","city":"Zbrudzewo","office":"Starosta Powiatu Śrem","case_kind":"budowa nowego/nowych obiektów budowlanych","parcel_ids":["302604_5.0028.20/138","302604_5.0028.20/151","302604_5.0028.20/153","302604_5.0028.20/154","302604_5.0028.20/156","302604_5.0028.20/157","302604_5.0028.20/158","302604_5.0028.20/159","302604_5.0028.20/162","302604_5.0028.20/163","302604_5.0028.20/165","302604_5.0028.20/167","302604_5.0028.20/168","302604_5.0028.20/170","302604_5.0028.20/172","302604_5.0028.20/173","302604_5.0028.20/175","302604_5.0028.20/177","302604_5.0028.20/179","302604_5.0028.20/181","302604_5.0028.20/182","302604_5.0028.20/184","302604_5.0028.20/186","302604_5.0028.20/188","302604_5.0028.20/190","302604_5.0028.20/191","302604_5.0028.20/192","302604_5.0028.20/194","302604_5.0028.20/195","302604_5.0028.20/197","302604_5.0028.20/199","302604_5.0028.20/200","302604_5.0028.20/201","302604_5.0028.20/202","302604_5.0028.20/204","302604_5.0028.20/219","302604_5.0028.20/221"],"location_quality":"dokładny","gunb_url":"https://wyszukiwarka.gunb.gov.pl/","parcel_count":37,"parcel_shard":"x068-y208","parcel_id":"302604_5.0028.20/168","location_source":"powiat śremski (wfs)"}},{"type":"Feature","id":"ST-WK-SR/ZGŁOSZENIE/784/2026::302604_5.0028.20/170","geometry":{"type":"Polygon","coordinates":[[[17.0509957037016,52.1154303621317],[17.0512308579575,52.1157284150517],[17.0508630853218,52.1158383466817],[17.0506906334055,52.1156196241972],[17.0506279367907,52.1155401133009],[17.0509957037016,52.1154303621317]]]},"properties":{"case_id":"ST-WK-SR/ZGŁOSZENIE/784/2026","source_type":"zgloszenie","received_date":"2026-03-04","decision_date":null,"status":"Brak sprzeciwu","description":"Budowa sieci kablowej elektroenergetycznej nn 0,4 kV.","address":"Zbrudzewo","city":"Zbrudzewo","office":"Starosta Powiatu Śrem","case_kind":"budowa nowego/nowych obiektów budowlanych","parcel_ids":["302604_5.0028.20/138","302604_5.0028.20/151","302604_5.0028.20/153","302604_5.0028.20/154","302604_5.0028.20/156","302604_5.0028.20/157","302604_5.0028.20/158","302604_5.0028.20/159","302604_5.0028.20/162","302604_5.0028.20/163","302604_5.0028.20/165","302604_5.0028.20/167","302604_5.0028.20/168","302604_5.0028.20/170","302604_5.0028.20/172","302604_5.0028.20/173","302604_5.0028.20/175","302604_5.0028.20/177","302604_5.0028.20/179","302604_5.0028.20/181","302604_5.0028.20/182","302604_5.0028.20/184","302604_5.0028.20/186","302604_5.0028.20/188","302604_5.0028.20/190","302604_5.0028.20/191","302604_5.0028.20/192","302604_5.0028.20/194","302604_5.0028.20/195","302604_5.0028.20/197","302604_5.0028.20/199","302604_5.0028.20/200","302604_5.0028.20/201","302604_5.0028.20/202","302604_5.0028.20/204","302604_5.0028.20/219","302604_5.0028.20/221"],"location_quality":"dokładny","gunb_url":"https://wyszukiwarka.gunb.gov.pl/","parcel_count":37,"parcel_shard":"x068-y208","parcel_id":"302604_5.0028.20/170","location_source":"powiat śremski (wfs)"}},{"type":"Feature","id":"ST-WK-SR/ZGŁOSZENIE/784/2026::302604_5.0028.20/172","geometry":{"type":"Polygon","coordinates":[[[17.0504751121501,52.115345996368],[17.0503736063097,52.1152171872117],[17.0501990287867,52.1149956605176],[17.050375493302,52.1149428831602],[17.0504983035859,52.114955377068],[17.0509809916375,52.1151950230626],[17.0504751121501,52.115345996368]]]},"properties":{"case_id":"ST-WK-SR/ZGŁOSZENIE/784/2026","source_type":"zgloszenie","received_date":"2026-03-04","decision_date":null,"status":"Brak sprzeciwu","description":"Budowa sieci kablowej elektroenergetycznej nn 0,4 kV.","address":"Zbrudzewo","city":"Zbrudzewo","office":"Starosta Powiatu Śrem","case_kind":"budowa nowego/nowych obiektów budowlanych","parcel_ids":["302604_5.0028.20/138","302604_5.0028.20/151","302604_5.0028.20/153","302604_5.0028.20/154","302604_5.0028.20/156","302604_5.0028.20/157","302604_5.0028.20/158","302604_5.0028.20/159","302604_5.0028.20/162","302604_5.0028.20/163","302604_5.0028.20/165","302604_5.0028.20/167","302604_5.0028.20/168","302604_5.0028.20/170","302604_5.0028.20/172","302604_5.0028.20/173","302604_5.0028.20/175","302604_5.0028.20/177","302604_5.0028.20/179","302604_5.0028.20/181","302604_5.0028.20/182","302604_5.0028.20/184","302604_5.0028.20/186","302604_5.0028.20/188","302604_5.0028.20/190","302604_5.0028.20/191","302604_5.0028.20/192","302604_5.0028.20/194","302604_5.0028.20/195","302604_5.0028.20/197","302604_5.0028.20/199","302604_5.0028.20/200","302604_5.0028.20/201","302604_5.0028.20/202","302604_5.0028.20/204","302604_5.0028.20/219","302604_5.0028.20/221"],"location_quality":"dokładny","gunb_url":"https://wyszukiwarka.gunb.gov.pl/","parcel_count":37,"parcel_shard":"x068-y208","parcel_id":"302604_5.0028.20/172","location_source":"powiat śremski (wfs)"}},{"type":"Feature","id":"ST-WK-SR/ZGŁOSZENIE/784/2026::302604_5.0028.20/173","geometry":{"type":"Polygon","coordinates":[[[17.0501990287867,52.1149956605176],[17.0503736063097,52.1152171872117],[17.0498365717551,52.115377614099],[17.0496957472154,52.1151960864145],[17.0497294355137,52.115136047234],[17.0501990287867,52.1149956605176]]]},"properties":{"case_id":"ST-WK-SR/ZGŁOSZENIE/784/2026","source_type":"zgloszenie","received_date":"2026-03-04","decision_date":null,"status":"Brak sprzeciwu","description":"Budowa sieci kablowej elektroenergetycznej nn 0,4 kV.","address":"Zbrudzewo","city":"Zbrudzewo","office":"Starosta Powiatu Śrem","case_kind":"budowa nowego/nowych obiektów budowlanych","parcel_ids":["302604_5.0028.20/138","302604_5.0028.20/151","302604_5.0028.20/153","302604_5.0028.20/154","302604_5.0028.20/156","302604_5.0028.20/157","302604_5.0028.20/158","302604_5.0028.20/159","302604_5.0028.20/162","302604_5.0028.20/163","302604_5.0028.20/165","302604_5.0028.20/167","302604_5.0028.20/168","302604_5.0028.20/170","302604_5.0028.20/172","302604_5.0028.20/173","302604_5.0028.20/175","302604_5.0028.20/177","302604_5.0028.20/179","302604_5.0028.20/181","302604_5.0028.20/182","302604_5.0028.20/184","302604_5.0028.20/186","302604_5.0028.20/188","302604_5.0028.20/190","302604_5.0028.20/191","302604_5.0028.20/192","302604_5.0028.20/194","302604_5.0028.20/195","302604_5.0028.20/197","302604_5.0028.20/199","302604_5.0028.20/200","302604_5.0028.20/201","302604_5.0028.20/202","302604_5.0028.20/204","302604_5.0028.20/219","302604_5.0028.20/221"],"location_quality":"dokładny","gunb_url":"https://wyszukiwarka.gunb.gov.pl/","parcel_count":37,"parcel_shard":"x068-y208","parcel_id":"302604_5.0028.20/173","location_source":"powiat śremski (wfs)"}},{"type":"Feature","id":"ST-WK-SR/ZGŁOSZENIE/784/2026::302604_5.0028.20/175","geometry":{"type":"Polygon","coordinates":[[[17.0499936029254,52.1155797652442],[17.050532402505,52.115418812568],[17.0506279367907,52.1155401133009],[17.0506906334055,52.1156196241972],[17.050149922828,52.1157811015001],[17.0499936029254,52.1155797652442]]]},"properties":{"case_id":"ST-WK-SR/ZGŁOSZENIE/784/2026","source_type":"zgloszenie","received_date":"2026-03-04","decision_date":null,"status":"Brak sprzeciwu","description":"Budowa sieci kablowej elektroenergetycznej nn 0,4 kV.","address":"Zbrudzewo","city":"Zbrudzewo","office":"Starosta Powiatu Śrem","case_kind":"budowa nowego/nowych obiektów budowlanych","parcel_ids":["302604_5.0028.20/138","302604_5.0028.20/151","302604_5.0028.20/153","302604_5.0028.20/154","302604_5.0028.20/156","302604_5.0028.20/157","302604_5.0028.20/158","302604_5.0028.20/159","302604_5.0028.20/162","302604_5.0028.20/163","302604_5.0028.20/165","302604_5.0028.20/167","302604_5.0028.20/168","302604_5.0028.20/170","302604_5.0028.20/172","302604_5.0028.20/173","302604_5.0028.20/175","302604_5.0028.20/177","302604_5.0028.20/179","302604_5.0028.20/181","302604_5.0028.20/182","302604_5.0028.20/184","302604_5.0028.20/186","302604_5.0028.20/188","302604_5.0028.20/190","302604_5.0028.20/191","302604_5.0028.20/192","302604_5.0028.20/194","302604_5.0028.20/195","302604_5.0028.20/197","302604_5.0028.20/199","302604_5.0028.20/200","302604_5.0028.20/201","302604_5.0028.20/202","302604_5.0028.20/204","302604_5.0028.20/219","302604_5.0028.20/221"],"location_quality":"dokładny","gunb_url":"https://wyszukiwarka.gunb.gov.pl/","parcel_count":37,"parcel_shard":"x068-y208","parcel_id":"302604_5.0028.20/175","location_source":"powiat śremski (wfs)"}},{"type":"Feature","id":"ST-WK-SR/ZGŁOSZENIE/784/2026::302604_5.0028.20/177","geometry":{"type":"Polygon","coordinates":[[[17.0503862884814,52.1159807453016],[17.0501235704084,52.1160592531086],[17.0501574047557,52.1159992149968],[17.0500235387265,52.1158267319611],[17.0498603959004,52.1156167119026],[17.0496976848754,52.1154070546145],[17.0495643909716,52.1152352946957],[17.0494668672551,52.1152145547813],[17.0497294355137,52.115136047234],[17.0496957472154,52.1151960864145],[17.0498365717551,52.115377614099],[17.0499936029254,52.1155797652442],[17.050149922828,52.1157811015001],[17.0502887646669,52.1159599161968],[17.0503862884814,52.1159807453016]]]},"properties":{"case_id":"ST-WK-SR/ZGŁOSZENIE/784/2026","source_type":"zgloszenie","received_date":"2026-03-04","decision_date":null,"status":"Brak sprzeciwu","description":"Budowa sieci kablowej elektroenergetycznej nn 0,4 kV.","address":"Zbrudzewo","city":"Zbrudzewo","office":"Starosta Powiatu Śrem","case_kind":"budowa nowego/nowych obiektów budowlanych","parcel_ids":["302604_5.0028.20/138","302604_5.0028.20/151","302604_5.0028.20/153","302604_5.0028.20/154","302604_5.0028.20/156","302604_5.0028.20/157","302604_5.0028.20/158","302604_5.0028.20/159","302604_5.0028.20/162","302604_5.0028.20/163","302604_5.0028.20/165","302604_5.0028.20/167","302604_5.0028.20/168","302604_5.0028.20/170","302604_5.0028.20/172","302604_5.0028.20/173","302604_5.0028.20/175","302604_5.0028.20/177","302604_5.0028.20/179","302604_5.0028.20/181","302604_5.0028.20/182","302604_5.0028.20/184","302604_5.0028.20/186","302604_5.0028.20/188","302604_5.0028.20/190","302604_5.0028.20/191","302604_5.0028.20/192","302604_5.0028.20/194","302604_5.0028.20/195","302604_5.0028.20/197","302604_5.0028.20/199","302604_5.0028.20/200","302604_5.0028.20/201","302604_5.0028.20/202","302604_5.0028.20/204","302604_5.0028.20/219","302604_5.0028.20/221"],"location_quality":"dokładny","gunb_url":"https://wyszukiwarka.gunb.gov.pl/","parcel_count":37,"parcel_shard":"x068-y208","parcel_id":"302604_5.0028.20/177","location_source":"powiat śremski (wfs)"}},{"type":"Feature","id":"ST-WK-SR/ZGŁOSZENIE/784/2026::302604_5.0028.20/179","geometry":{"type":"Polygon","coordinates":[[[17.0495107383196,52.1159799823151],[17.0493465697975,52.1157702229172],[17.0498603959004,52.1156167119026],[17.0500235387265,52.1158267319611],[17.0495107383196,52.1159799823151]]]},"properties":{"case_id":"ST-WK-SR/ZGŁOSZENIE/784/2026","source_type":"zgloszenie","received_date":"2026-03-04","decision_date":null,"status":"Brak sprzeciwu","description":"Budowa sieci kablowej elektroenergetycznej nn 0,4 kV.","address":"Zbrudzewo","city":"Zbrudzewo","office":"Starosta Powiatu Śrem","case_kind":"budowa nowego/nowych obiektów budowlanych","parcel_ids":["302604_5.0028.20/138","302604_5.0028.20/151","302604_5.0028.20/153","302604_5.0028.20/154","302604_5.0028.20/156","302604_5.0028.20/157","302604_5.0028.20/158","302604_5.0028.20/159","302604_5.0028.20/162","302604_5.0028.20/163","302604_5.0028.20/165","302604_5.0028.20/167","302604_5.0028.20/168","302604_5.0028.20/170","302604_5.0028.20/172","302604_5.0028.20/173","302604_5.0028.20/175","302604_5.0028.20/177","302604_5.0028.20/179","302604_5.0028.20/181","302604_5.0028.20/182","302604_5.0028.20/184","302604_5.0028.20/186","302604_5.0028.20/188","302604_5.0028.20/190","302604_5.0028.20/191","302604_5.0028.20/192","302604_5.0028.20/194","302604_5.0028.20/195","302604_5.0028.20/197","302604_5.0028.20/199","302604_5.0028.20/200","302604_5.0028.20/201","302604_5.0028.20/202","302604_5.0028.20/204","302604_5.0028.20/219","302604_5.0028.20/221"],"location_quality":"dokładny","gunb_url":"https://wyszukiwarka.gunb.gov.pl/","parcel_count":37,"parcel_shard":"x068-y208","parcel_id":"302604_5.0028.20/179","location_source":"powiat śremski (wfs)"}},{"type":"Feature","id":"ST-WK-SR/ZGŁOSZENIE/784/2026::302604_5.0028.20/181","geometry":{"type":"Polygon","coordinates":[[[17.0491828330814,52.1155608262979],[17.049017105888,52.1153489865773],[17.0494668672551,52.1152145547813],[17.0495643909716,52.1152352946957],[17.0496976848754,52.1154070546145],[17.0491828330814,52.1155608262979]]]},"properties":{"case_id":"ST-WK-SR/ZGŁOSZENIE/784/2026","source_type":"zgloszenie","received_date":"2026-03-04","decision_date":null,"status":"Brak sprzeciwu","description":"Budowa sieci kablowej elektroenergetycznej nn 0,4 kV.","address":"Zbrudzewo","city":"Zbrudzewo","office":"Starosta Powiatu Śrem","case_kind":"budowa nowego/nowych obiektów budowlanych","parcel_ids":["302604_5.0028.20/138","302604_5.0028.20/151","302604_5.0028.20/153","302604_5.0028.20/154","302604_5.0028.20/156","302604_5.0028.20/157","302604_5.0028.20/158","302604_5.0028.20/159","302604_5.0028.20/162","302604_5.0028.20/163","302604_5.0028.20/165","302604_5.0028.20/167","302604_5.0028.20/168","302604_5.0028.20/170","302604_5.0028.20/172","302604_5.0028.20/173","302604_5.0028.20/175","302604_5.0028.20/177","302604_5.0028.20/179","302604_5.0028.20/181","302604_5.0028.20/182","302604_5.0028.20/184","302604_5.0028.20/186","302604_5.0028.20/188","302604_5.0028.20/190","302604_5.0028.20/191","302604_5.0028.20/192","302604_5.0028.20/194","302604_5.0028.20/195","302604_5.0028.20/197","302604_5.0028.20/199","302604_5.0028.20/200","302604_5.0028.20/201","302604_5.0028.20/202","302604_5.0028.20/204","302604_5.0028.20/219","302604_5.0028.20/221"],"location_quality":"dokładny","gunb_url":"https://wyszukiwarka.gunb.gov.pl/","parcel_count":37,"parcel_shard":"x068-y208","parcel_id":"302604_5.0028.20/181","location_source":"powiat śremski (wfs)"}},{"type":"Feature","id":"ST-WK-SR/ZGŁOSZENIE/784/2026::302604_5.0028.20/182","geometry":{"type":"Polygon","coordinates":[[[17.049017105888,52.1153489865773],[17.0491828330814,52.1155608262979],[17.0486681237549,52.1157145968952],[17.0485335038459,52.1155435441585],[17.0485673418482,52.1154834166361],[17.049017105888,52.1153489865773]]]},"properties":{"case_id":"ST-WK-SR/ZGŁOSZENIE/784/2026","source_type":"zgloszenie","received_date":"2026-03-04","decision_date":null,"status":"Brak sprzeciwu","description":"Budowa sieci kablowej elektroenergetycznej nn 0,4 kV.","address":"Zbrudzewo","city":"Zbrudzewo","office":"Starosta Powiatu Śrem","case_kind":"budowa nowego/nowych obiektów budowlanych","parcel_ids":["302604_5.0028.20/138","302604_5.0028.20/151","302604_5.0028.20/153","302604_5.0028.20/154","302604_5.0028.20/156","302604_5.0028.20/157","302604_5.0028.20/158","302604_5.0028.20/159","302604_5.0028.20/162","302604_5.0028.20/163","302604_5.0028.20/165","302604_5.0028.20/167","302604_5.0028.20/168","302604_5.0028.20/170","302604_5.0028.20/172","302604_5.0028.20/173","302604_5.0028.20/175","302604_5.0028.20/177","302604_5.0028.20/179","302604_5.0028.20/181","302604_5.0028.20/182","302604_5.0028.20/184","302604_5.0028.20/186","302604_5.0028.20/188","302604_5.0028.20/190","302604_5.0028.20/191","302604_5.0028.20/192","302604_5.0028.20/194","302604_5.0028.20/195","302604_5.0028.20/197","302604_5.0028.20/199","302604_5.0028.20/200","302604_5.0028.20/201","302604_5.0028.20/202","302604_5.0028.20/204","302604_5.0028.20/219","302604_5.0028.20/221"],"location_quality":"dokładny","gunb_url":"https://wyszukiwarka.gunb.gov.pl/","parcel_count":37,"parcel_shard":"x068-y208","parcel_id":"302604_5.0028.20/182","location_source":"powiat śremski (wfs)"}},{"type":"Feature","id":"ST-WK-SR/ZGŁOSZENIE/784/2026::302604_5.0028.20/184","geometry":{"type":"Polygon","coordinates":[[[17.0488327401928,52.1159237316795],[17.0493465697975,52.1157702229172],[17.0495107383196,52.1159799823151],[17.0489976424715,52.1161332280581],[17.0488327401928,52.1159237316795]]]},"properties":{"case_id":"ST-WK-SR/ZGŁOSZENIE/784/2026","source_type":"zgloszenie","received_date":"2026-03-04","decision_date":null,"status":"Brak sprzeciwu","description":"Budowa sieci kablowej elektroenergetycznej nn 0,4 kV.","address":"Zbrudzewo","city":"Zbrudzewo","office":"Starosta Powiatu Śrem","case_kind":"budowa nowego/nowych obiektów budowlanych","parcel_ids":["302604_5.0028.20/138","302604_5.0028.20/151","302604_5.0028.20/153","302604_5.0028.20/154","302604_5.0028.20/156","302604_5.0028.20/157","302604_5.0028.20/158","302604_5.0028.20/159","302604_5.0028.20/162","302604_5.0028.20/163","302604_5.0028.20/165","302604_5.0028.20/167","302604_5.0028.20/168","302604_5.0028.20/170","302604_5.0028.20/172","302604_5.0028.20/173","302604_5.0028.20/175","302604_5.0028.20/177","302604_5.0028.20/179","302604_5.0028.20/181","302604_5.0028.20/182","302604_5.0028.20/184","302604_5.0028.20/186","302604_5.0028.20/188","302604_5.0028.20/190","302604_5.0028.20/191","302604_5.0028.20/192","302604_5.0028.20/194","302604_5.0028.20/195","302604_5.0028.20/197","302604_5.0028.20/199","302604_5.0028.20/200","302604_5.0028.20/201","302604_5.0028.20/202","302604_5.0028.20/204","302604_5.0028.20/219","302604_5.0028.20/221"],"location_quality":"dokładny","gunb_url":"https://wyszukiwarka.gunb.gov.pl/","parcel_count":37,"parcel_shard":"x068-y208","parcel_id":"302604_5.0028.20/184","location_source":"powiat śremski (wfs)"}},{"type":"Feature","id":"ST-WK-SR/ZGŁOSZENIE/784/2026::302604_5.0028.20/186","geometry":{"type":"Polygon","coordinates":[[[17.0485335038459,52.1155435441585],[17.0486681237549,52.1157145968952],[17.0488327401928,52.1159237316795],[17.0489976424715,52.1161332280581],[17.0491329766716,52.1163051848045],[17.0492305006856,52.1163260148759],[17.0489677785728,52.1164045200791],[17.049001614739,52.1163444823116],[17.04861850236,52.1158577377588],[17.0484021455566,52.1155827511392],[17.0483046216364,52.1155620102619],[17.0485673418482,52.1154834166361],[17.0485335038459,52.1155435441585]]]},"properties":{"case_id":"ST-WK-SR/ZGŁOSZENIE/784/2026","source_type":"zgloszenie","received_date":"2026-03-04","decision_date":null,"status":"Brak sprzeciwu","description":"Budowa sieci kablowej elektroenergetycznej nn 0,4 kV.","address":"Zbrudzewo","city":"Zbrudzewo","office":"Starosta Powiatu Śrem","case_kind":"budowa nowego/nowych obiektów budowlanych","parcel_ids":["302604_5.0028.20/138","302604_5.0028.20/151","302604_5.0028.20/153","302604_5.0028.20/154","302604_5.0028.20/156","302604_5.0028.20/157","302604_5.0028.20/158","302604_5.0028.20/159","302604_5.0028.20/162","302604_5.0028.20/163","302604_5.0028.20/165","302604_5.0028.20/167","302604_5.0028.20/168","302604_5.0028.20/170","302604_5.0028.20/172","302604_5.0028.20/173","302604_5.0028.20/175","302604_5.0028.20/177","302604_5.0028.20/179","302604_5.0028.20/181","302604_5.0028.20/182","302604_5.0028.20/184","302604_5.0028.20/186","302604_5.0028.20/188","302604_5.0028.20/190","302604_5.0028.20/191","302604_5.0028.20/192","302604_5.0028.20/194","302604_5.0028.20/195","302604_5.0028.20/197","302604_5.0028.20/199","302604_5.0028.20/200","302604_5.0028.20/201","302604_5.0028.20/202","302604_5.0028.20/204","302604_5.0028.20/219","302604_5.0028.20/221"],"location_quality":"dokładny","gunb_url":"https://wyszukiwarka.gunb.gov.pl/","parcel_count":37,"parcel_shard":"x068-y208","parcel_id":"302604_5.0028.20/186","location_source":"powiat śremski (wfs)"}},{"type":"Feature","id":"ST-WK-SR/ZGŁOSZENIE/784/2026::302604_5.0028.20/188","geometry":{"type":"Polygon","coordinates":[[[17.0482714388873,52.1159615366857],[17.0480226534212,52.115646290213],[17.0483046216364,52.1155620102619],[17.0484021455566,52.1155827511392],[17.04861850236,52.1158577377588],[17.0482714388873,52.1159615366857]]]},"properties":{"case_id":"ST-WK-SR/ZGŁOSZENIE/784/2026","source_type":"zgloszenie","received_date":"2026-03-04","decision_date":null,"status":"Brak sprzeciwu","description":"Budowa sieci kablowej elektroenergetycznej nn 0,4 kV.","address":"Zbrudzewo","city":"Zbrudzewo","office":"Starosta Powiatu Śrem","case_kind":"budowa nowego/nowych obiektów budowlanych","parcel_ids":["302604_5.0028.20/138","302604_5.0028.20/151","302604_5.0028.20/153","302604_5.0028.20/154","302604_5.0028.20/156","302604_5.0028.20/157","302604_5.0028.20/158","302604_5.0028.20/159","302604_5.0028.20/162","302604_5.0028.20/163","302604_5.0028.20/165","302604_5.0028.20/167","302604_5.0028.20/168","302604_5.0028.20/170","302604_5.0028.20/172","302604_5.0028.20/173","302604_5.0028.20/175","302604_5.0028.20/177","302604_5.0028.20/179","302604_5.0028.20/181","302604_5.0028.20/182","302604_5.0028.20/184","302604_5.0028.20/186","302604_5.0028.20/188","302604_5.0028.20/190","302604_5.0028.20/191","302604_5.0028.20/192","302604_5.0028.20/194","302604_5.0028.20/195","302604_5.0028.20/197","302604_5.0028.20/199","302604_5.0028.20/200","302604_5.0028.20/201","302604_5.0028.20/202","302604_5.0028.20/204","302604_5.0028.20/219","302604_5.0028.20/221"],"location_quality":"dokładny","gunb_url":"https://wyszukiwarka.gunb.gov.pl/","parcel_count":37,"parcel_shard":"x068-y208","parcel_id":"302604_5.0028.20/188","location_source":"powiat śremski (wfs)"}},{"type":"Feature","id":"ST-WK-SR/ZGŁOSZENIE/784/2026::302604_5.0028.20/190","geometry":{"type":"Polygon","coordinates":[[[17.0479287818046,52.1160640219558],[17.0475817170487,52.1161677289716],[17.0473647774444,52.1158929155092],[17.0473986153766,52.1158328782061],[17.0476798522276,52.1157487735978],[17.0479287818046,52.1160640219558]]]},"properties":{"case_id":"ST-WK-SR/ZGŁOSZENIE/784/2026","source_type":"zgloszenie","received_date":"2026-03-04","decision_date":null,"status":"Brak sprzeciwu","description":"Budowa sieci kablowej elektroenergetycznej nn 0,4 kV.","address":"Zbrudzewo","city":"Zbrudzewo","office":"Starosta Powiatu Śrem","case_kind":"budowa nowego/nowych obiektów budowlanych","parcel_ids":["302604_5.0028.20/138","302604_5.0028.20/151","302604_5.0028.20/153","302604_5.0028.20/154","302604_5.0028.20/156","302604_5.0028.20/157","302604_5.0028.20/158","302604_5.0028.20/159","302604_5.0028.20/162","302604_5.0028.20/163","302604_5.0028.20/165","302604_5.0028.20/167","302604_5.0028.20/168","302604_5.0028.20/170","302604_5.0028.20/172","302604_5.0028.20/173","302604_5.0028.20/175","302604_5.0028.20/177","302604_5.0028.20/179","302604_5.0028.20/181","302604_5.0028.20/182","302604_5.0028.20/184","302604_5.0028.20/186","302604_5.0028.20/188","302604_5.0028.20/190","302604_5.0028.20/191","302604_5.0028.20/192","302604_5.0028.20/194","302604_5.0028.20/195","302604_5.0028.20/197","302604_5.0028.20/199","302604_5.0028.20/200","302604_5.0028.20/201","302604_5.0028.20/202","302604_5.0028.20/204","302604_5.0028.20/219","302604_5.0028.20/221"],"location_quality":"dokładny","gunb_url":"https://wyszukiwarka.gunb.gov.pl/","parcel_count":37,"parcel_shard":"x068-y208","parcel_id":"302604_5.0028.20/190","location_source":"powiat śremski (wfs)"}},{"type":"Feature","id":"ST-WK-SR/ZGŁOSZENIE/784/2026::302604_5.0028.20/191","geometry":{"type":"Polygon","coordinates":[[[17.0480482989789,52.1166561395285],[17.0477857188425,52.1167346432459],[17.0478195568651,52.1166746058306],[17.0476880511977,52.1165081612812],[17.0475266977969,52.1163036352395],[17.0473651998719,52.1160991077901],[17.0472334171276,52.1159321211826],[17.047135893003,52.115911379328],[17.0473986153766,52.1158328782061],[17.0473647774444,52.1158929155092],[17.0475817170487,52.1161677289716],[17.0479507747962,52.1166353084779],[17.0480482989789,52.1166561395285]]]},"properties":{"case_id":"ST-WK-SR/ZGŁOSZENIE/784/2026","source_type":"zgloszenie","received_date":"2026-03-04","decision_date":null,"status":"Brak sprzeciwu","description":"Budowa sieci kablowej elektroenergetycznej nn 0,4 kV.","address":"Zbrudzewo","city":"Zbrudzewo","office":"Starosta Powiatu Śrem","case_kind":"budowa nowego/nowych obiektów budowlanych","parcel_ids":["302604_5.0028.20/138","302604_5.0028.20/151","302604_5.0028.20/153","302604_5.0028.20/154","302604_5.0028.20/156","302604_5.0028.20/157","302604_5.0028.20/158","302604_5.0028.20/159","302604_5.0028.20/162","302604_5.0028.20/163","302604_5.0028.20/165","302604_5.0028.20/167","302604_5.0028.20/168","302604_5.0028.20/170","302604_5.0028.20/172","302604_5.0028.20/173","302604_5.0028.20/175","302604_5.0028.20/177","302604_5.0028.20/179","302604_5.0028.20/181","302604_5.0028.20/182","302604_5.0028.20/184","302604_5.0028.20/186","302604_5.0028.20/188","302604_5.0028.20/190","302604_5.0028.20/191","302604_5.0028.20/192","302604_5.0028.20/194","302604_5.0028.20/195","302604_5.0028.20/197","302604_5.0028.20/199","302604_5.0028.20/200","302604_5.0028.20/201","302604_5.0028.20/202","302604_5.0028.20/204","302604_5.0028.20/219","302604_5.0028.20/221"],"location_quality":"dokładny","gunb_url":"https://wyszukiwarka.gunb.gov.pl/","parcel_count":37,"parcel_shard":"x068-y208","parcel_id":"302604_5.0028.20/191","location_source":"powiat śremski (wfs)"}},{"type":"Feature","id":"ST-WK-SR/ZGŁOSZENIE/784/2026::302604_5.0028.20/192","geometry":{"type":"Polygon","coordinates":[[[17.0473094904962,52.1168768543011],[17.0471464356093,52.116669977069],[17.0476880511977,52.1165081612812],[17.0478195568651,52.1166746058306],[17.0477857188425,52.1167346432459],[17.0473094904962,52.1168768543011]]]},"properties":{"case_id":"ST-WK-SR/ZGŁOSZENIE/784/2026","source_type":"zgloszenie","received_date":"2026-03-04","decision_date":null,"status":"Brak sprzeciwu","description":"Budowa sieci kablowej elektroenergetycznej nn 0,4 kV.","address":"Zbrudzewo","city":"Zbrudzewo","office":"Starosta Powiatu Śrem","case_kind":"budowa nowego/nowych obiektów budowlanych","parcel_ids":["302604_5.0028.20/138","302604_5.0028.20/151","302604_5.0028.20/153","302604_5.0028.20/154","302604_5.0028.20/156","302604_5.0028.20/157","302604_5.0028.20/158","302604_5.0028.20/159","302604_5.0028.20/162","302604_5.0028.20/163","302604_5.0028.20/165","302604_5.0028.20/167","302604_5.0028.20/168","302604_5.0028.20/170","302604_5.0028.20/172","302604_5.0028.20/173","302604_5.0028.20/175","302604_5.0028.20/177","302604_5.0028.20/179","302604_5.0028.20/181","302604_5.0028.20/182","302604_5.0028.20/184","302604_5.0028.20/186","302604_5.0028.20/188","302604_5.0028.20/190","302604_5.0028.20/191","302604_5.0028.20/192","302604_5.0028.20/194","302604_5.0028.20/195","302604_5.0028.20/197","302604_5.0028.20/199","302604_5.0028.20/200","302604_5.0028.20/201","302604_5.0028.20/202","302604_5.0028.20/204","302604_5.0028.20/219","302604_5.0028.20/221"],"location_quality":"dokładny","gunb_url":"https://wyszukiwarka.gunb.gov.pl/","parcel_count":37,"parcel_shard":"x068-y208","parcel_id":"302604_5.0028.20/192","location_source":"powiat śremski (wfs)"}},{"type":"Feature","id":"ST-WK-SR/ZGŁOSZENIE/784/2026::302604_5.0028.20/194","geometry":{"type":"Polygon","coordinates":[[[17.0469850841146,52.1164654502918],[17.0468238819897,52.1162608346177],[17.0473651998719,52.1160991077901],[17.0475266977969,52.1163036352395],[17.0469850841146,52.1164654502918]]]},"properties":{"case_id":"ST-WK-SR/ZGŁOSZENIE/784/2026","source_type":"zgloszenie","received_date":"2026-03-04","decision_date":null,"status":"Brak sprzeciwu","description":"Budowa sieci kablowej elektroenergetycznej nn 0,4 kV.","address":"Zbrudzewo","city":"Zbrudzewo","office":"Starosta Powiatu Śrem","case_kind":"budowa nowego/nowych obiektów budowlanych","parcel_ids":["302604_5.0028.20/138","302604_5.0028.20/151","302604_5.0028.20/153","302604_5.0028.20/154","302604_5.0028.20/156","302604_5.0028.20/157","302604_5.0028.20/158","302604_5.0028.20/159","302604_5.0028.20/162","302604_5.0028.20/163","302604_5.0028.20/165","302604_5.0028.20/167","302604_5.0028.20/168","302604_5.0028.20/170","302604_5.0028.20/172","302604_5.0028.20/173","302604_5.0028.20/175","302604_5.0028.20/177","302604_5.0028.20/179","302604_5.0028.20/181","302604_5.0028.20/182","302604_5.0028.20/184","302604_5.0028.20/186","302604_5.0028.20/188","302604_5.0028.20/190","302604_5.0028.20/191","302604_5.0028.20/192","302604_5.0028.20/194","302604_5.0028.20/195","302604_5.0028.20/197","302604_5.0028.20/199","302604_5.0028.20/200","302604_5.0028.20/201","302604_5.0028.20/202","302604_5.0028.20/204","302604_5.0028.20/219","302604_5.0028.20/221"],"location_quality":"dokładny","gunb_url":"https://wyszukiwarka.gunb.gov.pl/","parcel_count":37,"parcel_shard":"x068-y208","parcel_id":"302604_5.0028.20/194","location_source":"powiat śremski (wfs)"}},{"type":"Feature","id":"ST-WK-SR/ZGŁOSZENIE/784/2026::302604_5.0028.20/195","geometry":{"type":"Polygon","coordinates":[[[17.0468238819897,52.1162608346177],[17.0466604032322,52.1160535038426],[17.047135893003,52.115911379328],[17.0472334171276,52.1159321211826],[17.0473651998719,52.1160991077901],[17.0468238819897,52.1162608346177]]]},"properties":{"case_id":"ST-WK-SR/ZGŁOSZENIE/784/2026","source_type":"zgloszenie","received_date":"2026-03-04","decision_date":null,"status":"Brak sprzeciwu","description":"Budowa sieci kablowej elektroenergetycznej nn 0,4 kV.","address":"Zbrudzewo","city":"Zbrudzewo","office":"Starosta Powiatu Śrem","case_kind":"budowa nowego/nowych obiektów budowlanych","parcel_ids":["302604_5.0028.20/138","302604_5.0028.20/151","302604_5.0028.20/153","302604_5.0028.20/154","302604_5.0028.20/156","302604_5.0028.20/157","302604_5.0028.20/158","302604_5.0028.20/159","302604_5.0028.20/162","302604_5.0028.20/163","302604_5.0028.20/165","302604_5.0028.20/167","302604_5.0028.20/168","302604_5.0028.20/170","302604_5.0028.20/172","302604_5.0028.20/173","302604_5.0028.20/175","302604_5.0028.20/177","302604_5.0028.20/179","302604_5.0028.20/181","302604_5.0028.20/182","302604_5.0028.20/184","302604_5.0028.20/186","302604_5.0028.20/188","302604_5.0028.20/190","302604_5.0028.20/191","302604_5.0028.20/192","302604_5.0028.20/194","302604_5.0028.20/195","302604_5.0028.20/197","302604_5.0028.20/199","302604_5.0028.20/200","302604_5.0028.20/201","302604_5.0028.20/202","302604_5.0028.20/204","302604_5.0028.20/219","302604_5.0028.20/221"],"location_quality":"dokładny","gunb_url":"https://wyszukiwarka.gunb.gov.pl/","parcel_count":37,"parcel_shard":"x068-y208","parcel_id":"302604_5.0028.20/195","location_source":"powiat śremski (wfs)"}},{"type":"Feature","id":"ST-WK-SR/ZGŁOSZENIE/784/2026::302604_5.0028.20/197","geometry":{"type":"Polygon","coordinates":[[[17.0462827081066,52.1164224702497],[17.0468238819897,52.1162608346177],[17.0469850841146,52.1164654502918],[17.0464437604265,52.1166271753417],[17.0462827081066,52.1164224702497]]]},"properties":{"case_id":"ST-WK-SR/ZGŁOSZENIE/784/2026","source_type":"zgloszenie","received_date":"2026-03-04","decision_date":null,"status":"Brak sprzeciwu","description":"Budowa sieci kablowej elektroenergetycznej nn 0,4 kV.","address":"Zbrudzewo","city":"Zbrudzewo","office":"Starosta Powiatu Śrem","case_kind":"budowa nowego/nowych obiektów budowlanych","parcel_ids":["302604_5.0028.20/138","302604_5.0028.20/151","302604_5.0028.20/153","302604_5.0028.20/154","302604_5.0028.20/156","302604_5.0028.20/157","302604_5.0028.20/158","302604_5.0028.20/159","302604_5.0028.20/162","302604_5.0028.20/163","302604_5.0028.20/165","302604_5.0028.20/167","302604_5.0028.20/168","302604_5.0028.20/170","302604_5.0028.20/172","302604_5.0028.20/173","302604_5.0028.20/175","302604_5.0028.20/177","302604_5.0028.20/179","302604_5.0028.20/181","302604_5.0028.20/182","302604_5.0028.20/184","302604_5.0028.20/186","302604_5.0028.20/188","302604_5.0028.20/190","302604_5.0028.20/191","302604_5.0028.20/192","302604_5.0028.20/194","302604_5.0028.20/195","302604_5.0028.20/197","302604_5.0028.20/199","302604_5.0028.20/200","302604_5.0028.20/201","302604_5.0028.20/202","302604_5.0028.20/204","302604_5.0028.20/219","302604_5.0028.20/221"],"location_quality":"dokładny","gunb_url":"https://wyszukiwarka.gunb.gov.pl/","parcel_count":37,"parcel_shard":"x068-y208","parcel_id":"302604_5.0028.20/197","location_source":"powiat śremski (wfs)"}},{"type":"Feature","id":"ST-WK-SR/ZGŁOSZENIE/784/2026::302604_5.0028.20/199","geometry":{"type":"Polygon","coordinates":[[[17.0466048161319,52.1168317903421],[17.0471464356093,52.116669977069],[17.0473094904962,52.1168768543011],[17.0468332572291,52.1170191532691],[17.0467357347645,52.1169982313502],[17.0466048161319,52.1168317903421]]]},"properties":{"case_id":"ST-WK-SR/ZGŁOSZENIE/784/2026","source_type":"zgloszenie","received_date":"2026-03-04","decision_date":null,"status":"Brak sprzeciwu","description":"Budowa sieci kablowej elektroenergetycznej nn 0,4 kV.","address":"Zbrudzewo","city":"Zbrudzewo","office":"Starosta Powiatu Śrem","case_kind":"budowa nowego/nowych obiektów budowlanych","parcel_ids":["302604_5.0028.20/138","302604_5.0028.20/151","302604_5.0028.20/153","302604_5.0028.20/154","302604_5.0028.20/156","302604_5.0028.20/157","302604_5.0028.20/158","302604_5.0028.20/159","302604_5.0028.20/162","302604_5.0028.20/163","302604_5.0028.20/165","302604_5.0028.20/167","302604_5.0028.20/168","302604_5.0028.20/170","302604_5.0028.20/172","302604_5.0028.20/173","302604_5.0028.20/175","302604_5.0028.20/177","302604_5.0028.20/179","302604_5.0028.20/181","302604_5.0028.20/182","302604_5.0028.20/184","302604_5.0028.20/186","302604_5.0028.20/188","302604_5.0028.20/190","302604_5.0028.20/191","302604_5.0028.20/192","302604_5.0028.20/194","302604_5.0028.20/195","302604_5.0028.20/197","302604_5.0028.20/199","302604_5.0028.20/200","302604_5.0028.20/201","302604_5.0028.20/202","302604_5.0028.20/204","302604_5.0028.20/219","302604_5.0028.20/221"],"location_quality":"dokładny","gunb_url":"https://wyszukiwarka.gunb.gov.pl/","parcel_count":37,"parcel_shard":"x068-y208","parcel_id":"302604_5.0028.20/199","location_source":"powiat śremski (wfs)"}},{"type":"Feature","id":"ST-WK-SR/ZGŁOSZENIE/784/2026::302604_5.0028.20/200","geometry":{"type":"Polygon","coordinates":[[[17.0460876801244,52.1161747962046],[17.04615136257,52.1162556657298],[17.0462827081066,52.1164224702497],[17.0464437604265,52.1166271753417],[17.0466048161319,52.1168317903421],[17.0467357347645,52.1169982313502],[17.0468140605026,52.1170977345346],[17.0466826942486,52.1171370294263],[17.0465338614569,52.1169479730582],[17.0463870237461,52.1167612695458],[17.0462417469851,52.1165767356289],[17.0460983230584,52.1163943736874],[17.0459563178599,52.1162140004329],[17.0460876801244,52.1161747962046]]]},"properties":{"case_id":"ST-WK-SR/ZGŁOSZENIE/784/2026","source_type":"zgloszenie","received_date":"2026-03-04","decision_date":null,"status":"Brak sprzeciwu","description":"Budowa sieci kablowej elektroenergetycznej nn 0,4 kV.","address":"Zbrudzewo","city":"Zbrudzewo","office":"Starosta Powiatu Śrem","case_kind":"budowa nowego/nowych obiektów budowlanych","parcel_ids":["302604_5.0028.20/138","302604_5.0028.20/151","302604_5.0028.20/153","302604_5.0028.20/154","302604_5.0028.20/156","302604_5.0028.20/157","302604_5.0028.20/158","302604_5.0028.20/159","302604_5.0028.20/162","302604_5.0028.20/163","302604_5.0028.20/165","302604_5.0028.20/167","302604_5.0028.20/168","302604_5.0028.20/170","302604_5.0028.20/172","302604_5.0028.20/173","302604_5.0028.20/175","302604_5.0028.20/177","302604_5.0028.20/179","302604_5.0028.20/181","302604_5.0028.20/182","302604_5.0028.20/184","302604_5.0028.20/186","302604_5.0028.20/188","302604_5.0028.20/190","302604_5.0028.20/191","302604_5.0028.20/192","302604_5.0028.20/194","302604_5.0028.20/195","302604_5.0028.20/197","302604_5.0028.20/199","302604_5.0028.20/200","302604_5.0028.20/201","302604_5.0028.20/202","302604_5.0028.20/204","302604_5.0028.20/219","302604_5.0028.20/221"],"location_quality":"dokładny","gunb_url":"https://wyszukiwarka.gunb.gov.pl/","parcel_count":37,"parcel_shard":"x068-y208","parcel_id":"302604_5.0028.20/200","location_source":"powiat śremski (wfs)"}},{"type":"Feature","id":"ST-WK-SR/ZGŁOSZENIE/784/2026::302604_5.0028.20/201","geometry":{"type":"Polygon","coordinates":[[[17.0459416856985,52.117125013899],[17.0465338614569,52.1169479730582],[17.0466826942486,52.1171370294263],[17.0464641923622,52.1172023144343],[17.0460975467654,52.1173117885756],[17.0459416856985,52.117125013899]]]},"properties":{"case_id":"ST-WK-SR/ZGŁOSZENIE/784/2026","source_type":"zgloszenie","received_date":"2026-03-04","decision_date":null,"status":"Brak sprzeciwu","description":"Budowa sieci kablowej elektroenergetycznej nn 0,4 kV.","address":"Zbrudzewo","city":"Zbrudzewo","office":"Starosta Powiatu Śrem","case_kind":"budowa nowego/nowych obiektów budowlanych","parcel_ids":["302604_5.0028.20/138","302604_5.0028.20/151","302604_5.0028.20/153","302604_5.0028.20/154","302604_5.0028.20/156","302604_5.0028.20/157","302604_5.0028.20/158","302604_5.0028.20/159","302604_5.0028.20/162","302604_5.0028.20/163","302604_5.0028.20/165","302604_5.0028.20/167","302604_5.0028.20/168","302604_5.0028.20/170","302604_5.0028.20/172","302604_5.0028.20/173","302604_5.0028.20/175","302604_5.0028.20/177","302604_5.0028.20/179","302604_5.0028.20/181","302604_5.0028.20/182","302604_5.0028.20/184","302604_5.0028.20/186","302604_5.0028.20/188","302604_5.0028.20/190","302604_5.0028.20/191","302604_5.0028.20/192","302604_5.0028.20/194","302604_5.0028.20/195","302604_5.0028.20/197","302604_5.0028.20/199","302604_5.0028.20/200","302604_5.0028.20/201","302604_5.0028.20/202","302604_5.0028.20/204","302604_5.0028.20/219","302604_5.0028.20/221"],"location_quality":"dokładny","gunb_url":"https://wyszukiwarka.gunb.gov.pl/","parcel_count":37,"parcel_shard":"x068-y208","parcel_id":"302604_5.0028.20/201","location_source":"powiat śremski (wfs)"}},{"type":"Feature","id":"ST-WK-SR/ZGŁOSZENIE/784/2026::302604_5.0028.20/202","geometry":{"type":"Polygon","coordinates":[[[17.0459416856985,52.117125013899],[17.0457877968644,52.1169404097542],[17.0463870237461,52.1167612695458],[17.0465338614569,52.1169479730582],[17.0459416856985,52.117125013899]]]},"properties":{"case_id":"ST-WK-SR/ZGŁOSZENIE/784/2026","source_type":"zgloszenie","received_date":"2026-03-04","decision_date":null,"status":"Brak sprzeciwu","description":"Budowa sieci kablowej elektroenergetycznej nn 0,4 kV.","address":"Zbrudzewo","city":"Zbrudzewo","office":"Starosta Powiatu Śrem","case_kind":"budowa nowego/nowych obiektów budowlanych","parcel_ids":["302604_5.0028.20/138","302604_5.0028.20/151","302604_5.0028.20/153","302604_5.0028.20/154","302604_5.0028.20/156","302604_5.0028.20/157","302604_5.0028.20/158","302604_5.0028.20/159","302604_5.0028.20/162","302604_5.0028.20/163","302604_5.0028.20/165","302604_5.0028.20/167","302604_5.0028.20/168","302604_5.0028.20/170","302604_5.0028.20/172","302604_5.0028.20/173","302604_5.0028.20/175","302604_5.0028.20/177","302604_5.0028.20/179","302604_5.0028.20/181","302604_5.0028.20/182","302604_5.0028.20/184","302604_5.0028.20/186","302604_5.0028.20/188","302604_5.0028.20/190","302604_5.0028.20/191","302604_5.0028.20/192","302604_5.0028.20/194","302604_5.0028.20/195","302604_5.0028.20/197","302604_5.0028.20/199","302604_5.0028.20/200","302604_5.0028.20/201","302604_5.0028.20/202","302604_5.0028.20/204","302604_5.0028.20/219","302604_5.0028.20/221"],"location_quality":"dokładny","gunb_url":"https://wyszukiwarka.gunb.gov.pl/","parcel_count":37,"parcel_shard":"x068-y208","parcel_id":"302604_5.0028.20/202","location_source":"powiat śremski (wfs)"}},{"type":"Feature","id":"ST-WK-SR/ZGŁOSZENIE/784/2026::302604_5.0028.20/204","geometry":{"type":"Polygon","coordinates":[[[17.045635613058,52.1167580662361],[17.0454851399814,52.1165777137742],[17.0460983230584,52.1163943736874],[17.0462417469851,52.1165767356289],[17.045635613058,52.1167580662361]]]},"properties":{"case_id":"ST-WK-SR/ZGŁOSZENIE/784/2026","source_type":"zgloszenie","received_date":"2026-03-04","decision_date":null,"status":"Brak sprzeciwu","description":"Budowa sieci kablowej elektroenergetycznej nn 0,4 kV.","address":"Zbrudzewo","city":"Zbrudzewo","office":"Starosta Powiatu Śrem","case_kind":"budowa nowego/nowych obiektów budowlanych","parcel_ids":["302604_5.0028.20/138","302604_5.0028.20/151","302604_5.0028.20/153","302604_5.0028.20/154","302604_5.0028.20/156","302604_5.0028.20/157","302604_5.0028.20/158","302604_5.0028.20/159","302604_5.0028.20/162","302604_5.0028.20/163","302604_5.0028.20/165","302604_5.0028.20/167","302604_5.0028.20/168","302604_5.0028.20/170","302604_5.0028.20/172","302604_5.0028.20/173","302604_5.0028.20/175","302604_5.0028.20/177","302604_5.0028.20/179","302604_5.0028.20/181","302604_5.0028.20/182","302604_5.0028.20/184","302604_5.0028.20/186","302604_5.0028.20/188","302604_5.0028.20/190","302604_5.0028.20/191","302604_5.0028.20/192","302604_5.0028.20/194","302604_5.0028.20/195","302604_5.0028.20/197","302604_5.0028.20/199","302604_5.0028.20/200","302604_5.0028.20/201","302604_5.0028.20/202","302604_5.0028.20/204","302604_5.0028.20/219","302604_5.0028.20/221"],"location_quality":"dokładny","gunb_url":"https://wyszukiwarka.gunb.gov.pl/","parcel_count":37,"parcel_shard":"x068-y208","parcel_id":"302604_5.0028.20/204","location_source":"powiat śremski (wfs)"}},{"type":"Feature","id":"ST-WK-SR/ZGŁOSZENIE/784/2026::302604_5.0028.20/219","geometry":{"type":"Polygon","coordinates":[[[17.0529126437903,52.1162237919019],[17.0528463043797,52.1161437136596],[17.0528131338121,52.1161037194605],[17.051928183027,52.1156650847642],[17.0518055784136,52.1156565488048],[17.0520821024086,52.1155739238108],[17.0520733516242,52.1156216705759],[17.0529845983113,52.1160733684769],[17.053068130649,52.1161757855167],[17.0529831829939,52.1162021576777],[17.0529126437903,52.1162237919019]]]},"properties":{"case_id":"ST-WK-SR/ZGŁOSZENIE/784/2026","source_type":"zgloszenie","received_date":"2026-03-04","decision_date":null,"status":"Brak sprzeciwu","description":"Budowa sieci kablowej elektroenergetycznej nn 0,4 kV.","address":"Zbrudzewo","city":"Zbrudzewo","office":"Starosta Powiatu Śrem","case_kind":"budowa nowego/nowych obiektów budowlanych","parcel_ids":["302604_5.0028.20/138","302604_5.0028.20/151","302604_5.0028.20/153","302604_5.0028.20/154","302604_5.0028.20/156","302604_5.0028.20/157","302604_5.0028.20/158","302604_5.0028.20/159","302604_5.0028.20/162","302604_5.0028.20/163","302604_5.0028.20/165","302604_5.0028.20/167","302604_5.0028.20/168","302604_5.0028.20/170","302604_5.0028.20/172","302604_5.0028.20/173","302604_5.0028.20/175","302604_5.0028.20/177","302604_5.0028.20/179","302604_5.0028.20/181","302604_5.0028.20/182","302604_5.0028.20/184","302604_5.0028.20/186","302604_5.0028.20/188","302604_5.0028.20/190","302604_5.0028.20/191","302604_5.0028.20/192","302604_5.0028.20/194","302604_5.0028.20/195","302604_5.0028.20/197","302604_5.0028.20/199","302604_5.0028.20/200","302604_5.0028.20/201","302604_5.0028.20/202","302604_5.0028.20/204","302604_5.0028.20/219","302604_5.0028.20/221"],"location_quality":"dokładny","gunb_url":"https://wyszukiwarka.gunb.gov.pl/","parcel_count":37,"parcel_shard":"x068-y208","parcel_id":"302604_5.0028.20/219","location_source":"powiat śremski (wfs)"}},{"type":"Feature","id":"ST-WK-SR/ZGŁOSZENIE/784/2026::302604_5.0028.20/221","geometry":{"type":"Polygon","coordinates":[[[17.0540104995808,52.1150548842904],[17.0538991695173,52.115031071171],[17.0520821024086,52.1155739238108],[17.0518055784136,52.1156565488048],[17.0486514877814,52.1165988995367],[17.0485829756243,52.1166143456849],[17.0485523481191,52.1165785053638],[17.0539247339954,52.1149734566717],[17.0540104995808,52.1150548842904]]]},"properties":{"case_id":"ST-WK-SR/ZGŁOSZENIE/784/2026","source_type":"zgloszenie","received_date":"2026-03-04","decision_date":null,"status":"Brak sprzeciwu","description":"Budowa sieci kablowej elektroenergetycznej nn 0,4 kV.","address":"Zbrudzewo","city":"Zbrudzewo","office":"Starosta Powiatu Śrem","case_kind":"budowa nowego/nowych obiektów budowlanych","parcel_ids":["302604_5.0028.20/138","302604_5.0028.20/151","302604_5.0028.20/153","302604_5.0028.20/154","302604_5.0028.20/156","302604_5.0028.20/157","302604_5.0028.20/158","302604_5.0028.20/159","302604_5.0028.20/162","302604_5.0028.20/163","302604_5.0028.20/165","302604_5.0028.20/167","302604_5.0028.20/168","302604_5.0028.20/170","302604_5.0028.20/172","302604_5.0028.20/173","302604_5.0028.20/175","302604_5.0028.20/177","302604_5.0028.20/179","302604_5.0028.20/181","302604_5.0028.20/182","302604_5.0028.20/184","302604_5.0028.20/186","302604_5.0028.20/188","302604_5.0028.20/190","302604_5.0028.20/191","302604_5.0028.20/192","302604_5.0028.20/194","302604_5.0028.20/195","302604_5.0028.20/197","302604_5.0028.20/199","302604_5.0028.20/200","302604_5.0028.20/201","302604_5.0028.20/202","302604_5.0028.20/204","302604_5.0028.20/219","302604_5.0028.20/221"],"location_quality":"dokładny","gunb_url":"https://wyszukiwarka.gunb.gov.pl/","parcel_count":37,"parcel_shard":"x068-y208","parcel_id":"302604_5.0028.20/221","location_source":"powiat śremski (wfs)"}},{"type":"Feature","id":"ST-WK-SR/WNIOSEK/23625/2025::302604_5.0028.20/35","geometry":{"type":"Polygon","coordinates":[[[17.0562166038185,52.1191780913209],[17.0563854754886,52.1193815868034],[17.0559288289582,52.1195230006082],[17.0558303979747,52.1195031575644],[17.0556964101215,52.1193418255281],[17.0562166038185,52.1191780913209]]]},"properties":{"case_id":"ST-WK-SR/WNIOSEK/23625/2025","source_type":"wniosek_decyzja","received_date":"2025-11-19","decision_date":"2025-12-16","status":"decyzja wydana","description":"Budowa budynku mieszkalnego jednorodzinnego z częścią usługową - wydzielony lokal","address":"Zbrudzewo","city":"Zbrudzewo","office":"Starosta Powiatu Śrem","case_kind":"Budynek mieszkalny jednorodzinny","parcel_ids":["302604_5.0028.20/35"],"location_quality":"dokładny","gunb_url":"https://wyszukiwarka.gunb.gov.pl/","parcel_count":1,"parcel_shard":"x068-y208","parcel_id":"302604_5.0028.20/35","location_source":"powiat śremski (wfs)"}},{"type":"Feature","id":"ST-WK-SR/WNIOSEK/1432/2026::302604_5.0028.20/35","geometry":{"type":"Polygon","coordinates":[[[17.0562166038185,52.1191780913209],[17.0563854754886,52.1193815868034],[17.0559288289582,52.1195230006082],[17.0558303979747,52.1195031575644],[17.0556964101215,52.1193418255281],[17.0562166038185,52.1191780913209]]]},"properties":{"case_id":"ST-WK-SR/WNIOSEK/1432/2026","source_type":"wniosek_decyzja","received_date":"2026-01-23","decision_date":"2026-04-08","status":"decyzja wydana","description":"Rozbudowa budynku mieszkalnego jednorodzinnego dwulokalowego","address":"Zbrudzewo","city":"Zbrudzewo","office":"Starosta Powiatu Śrem","case_kind":"Budynek mieszkalny jednorodzinny","parcel_ids":["302604_5.0028.20/35"],"location_quality":"dokładny","gunb_url":"https://wyszukiwarka.gunb.gov.pl/","parcel_count":1,"parcel_shard":"x068-y208","parcel_id":"302604_5.0028.20/35","location_source":"powiat śremski (wfs)"}},{"type":"Feature","id":"ST-WK-SR/WNIOSEK/8830/2026::302604_5.0028.20/35","geometry":{"type":"Polygon","coordinates":[[[17.0562166038185,52.1191780913209],[17.0563854754886,52.1193815868034],[17.0559288289582,52.1195230006082],[17.0558303979747,52.1195031575644],[17.0556964101215,52.1193418255281],[17.0562166038185,52.1191780913209]]]},"properties":{"case_id":"ST-WK-SR/WNIOSEK/8830/2026","source_type":"wniosek_decyzja","received_date":"2026-05-07","decision_date":"2026-07-22","status":"decyzja wydana","description":"Projekt zamienny - rozbudowa i budowa budynku mieszkalnego jednorodzinnego.","address":"Zbrudzewo","city":"Zbrudzewo","office":"Starosta Powiatu Śrem","case_kind":"Budynek mieszkalny jednorodzinny","parcel_ids":["302604_5.0028.20/35","302604_5.0028.20/36"],"location_quality":"dokładny","gunb_url":"https://wyszukiwarka.gunb.gov.pl/","parcel_count":2,"parcel_shard":"x068-y208","parcel_id":"302604_5.0028.20/35","location_source":"powiat śremski (wfs)"}},{"type":"Feature","id":"ST-WK-SR/WNIOSEK/8830/2026::302604_5.0028.20/36","geometry":{"type":"Polygon","coordinates":[[[17.0556964101215,52.1193418255281],[17.0555303874075,52.1191418572489],[17.0560505793598,52.1189781237611],[17.0562166038185,52.1191780913209],[17.0556964101215,52.1193418255281]]]},"properties":{"case_id":"ST-WK-SR/WNIOSEK/8830/2026","source_type":"wniosek_decyzja","received_date":"2026-05-07","decision_date":"2026-07-22","status":"decyzja wydana","description":"Projekt zamienny - rozbudowa i budowa budynku mieszkalnego jednorodzinnego.","address":"Zbrudzewo","city":"Zbrudzewo","office":"Starosta Powiatu Śrem","case_kind":"Budynek mieszkalny jednorodzinny","parcel_ids":["302604_5.0028.20/35","302604_5.0028.20/36"],"location_quality":"dokładny","gunb_url":"https://wyszukiwarka.gunb.gov.pl/","parcel_count":2,"parcel_shard":"x068-y208","parcel_id":"302604_5.0028.20/36","location_source":"powiat śremski (wfs)"}},{"type":"Feature","id":"ST-WK-SR/WNIOSEK/467/2026::302604_5.0028.20/61","geometry":{"type":"Polygon","coordinates":[[[17.0491868573826,52.1191799483904],[17.0495503929782,52.1190647746513],[17.0497223919207,52.1192708216772],[17.0493591451442,52.1193860881508],[17.0491868573826,52.1191799483904]]]},"properties":{"case_id":"ST-WK-SR/WNIOSEK/467/2026","source_type":"wniosek_decyzja","received_date":"2026-01-09","decision_date":"2026-02-13","status":"decyzja wydana","description":"Budowa budynku mieszkalnego jednorodzinnego","address":"Zbrudzewo","city":"Zbrudzewo","office":"Starosta Powiatu Śrem","case_kind":"Budynek mieszkalny jednorodzinny","parcel_ids":["302604_5.0028.20/61"],"location_quality":"dokładny","gunb_url":"https://wyszukiwarka.gunb.gov.pl/","parcel_count":1,"parcel_shard":"x068-y208","parcel_id":"302604_5.0028.20/61","location_source":"powiat śremski (wfs)"}},{"type":"Feature","id":"ST-WK-SR/WNIOSEK/472/2026::302604_5.0028.20/62","geometry":{"type":"Polygon","coordinates":[[[17.0495503929782,52.1190647746513],[17.0499139247983,52.1189496896589],[17.0500857828225,52.1191555552548],[17.0497223919207,52.1192708216772],[17.0495503929782,52.1190647746513]]]},"properties":{"case_id":"ST-WK-SR/WNIOSEK/472/2026","source_type":"wniosek_decyzja","received_date":"2026-01-09","decision_date":"2026-02-13","status":"decyzja wydana","description":"Budowa budynku mieszkalnego jednorodzinnego","address":"Zbrudzewo","city":"Zbrudzewo","office":"Starosta Powiatu Śrem","case_kind":"Budynek mieszkalny jednorodzinny","parcel_ids":["302604_5.0028.20/62"],"location_quality":"dokładny","gunb_url":"https://wyszukiwarka.gunb.gov.pl/","parcel_count":1,"parcel_shard":"x068-y208","parcel_id":"302604_5.0028.20/62","location_source":"powiat śremski (wfs)"}},{"type":"Feature","id":"ST-WK-SR/WNIOSEK/24223/2025::302604_5.0028.20/64","geometry":{"type":"Polygon","coordinates":[[[17.0480652140602,52.1192889131965],[17.0480997966188,52.1193584912184],[17.048214956561,52.1193262544684],[17.0482750172864,52.119207376298],[17.048287072371,52.1192035188023],[17.0484597844368,52.1194101127269],[17.0484797173784,52.1194340023626],[17.0480187603531,52.1195777776346],[17.0479198220461,52.1194448526292],[17.0480652140602,52.1192889131965]]]},"properties":{"case_id":"ST-WK-SR/WNIOSEK/24223/2025","source_type":"wniosek_decyzja","received_date":"2025-11-27","decision_date":"2026-02-18","status":"decyzja wydana","description":"Budowa budynku mieszkalnego jednorodzinnego","address":"Zbrudzewo","city":"Zbrudzewo","office":"Starosta Powiatu Śrem","case_kind":"Budynek mieszkalny jednorodzinny","parcel_ids":["302604_5.0028.20/64"],"location_quality":"dokładny","gunb_url":"https://wyszukiwarka.gunb.gov.pl/","parcel_count":1,"parcel_shard":"x068-y208","parcel_id":"302604_5.0028.20/64","location_source":"powiat śremski (wfs)"}},{"type":"Feature","id":"ST-WK-SR/WNIOSEK/13551/2026::302604_5.0028.20/72","geometry":{"type":"Polygon","coordinates":[[[17.0484178633881,52.1188212287027],[17.0487821068903,52.1187070517491],[17.0489386902918,52.1188962575717],[17.0485751564325,52.1190113395537],[17.0484178633881,52.1188212287027]]]},"properties":{"case_id":"ST-WK-SR/WNIOSEK/13551/2026","source_type":"wniosek_decyzja","received_date":"2026-07-16","decision_date":"2026-08-25","status":"decyzja wydana","description":"Budowa budynku mieszkalnego jednorodzinnego","address":"Zbrudzewo","city":"Zbrudzewo","office":"Starosta Powiatu Śrem","case_kind":"Budynek mieszkalny jednorodzinny","parcel_ids":["302604_5.0028.20/72"],"location_quality":"dokładny","gunb_url":"https://wyszukiwarka.gunb.gov.pl/","parcel_count":1,"parcel_shard":"x068-y208","parcel_id":"302604_5.0028.20/72","location_source":"powiat śremski (wfs)"}},{"type":"Feature","id":"ST-WK-SR/WNIOSEK/13529/2026::302604_5.0028.20/76","geometry":{"type":"Polygon","coordinates":[[[17.0478568439194,52.118796116875],[17.0479598901249,52.1187704338115],[17.0479892987157,52.1187196184119],[17.0482628500128,52.1186338324819],[17.0484178633881,52.1188212287027],[17.047918826577,52.1189776392333],[17.0478744043302,52.1188833541016],[17.0478568439194,52.118796116875]]]},"properties":{"case_id":"ST-WK-SR/WNIOSEK/13529/2026","source_type":"wniosek_decyzja","received_date":"2026-07-16","decision_date":"2026-08-25","status":"decyzja wydana","description":"Budowa budynku mieszkalnego jednorodzinnego","address":"Zbrudzewo","city":"Zbrudzewo","office":"Starosta Powiatu Śrem","case_kind":"Budynek mieszkalny jednorodzinny","parcel_ids":["302604_5.0028.20/76"],"location_quality":"dokładny","gunb_url":"https://wyszukiwarka.gunb.gov.pl/","parcel_count":1,"parcel_shard":"x068-y208","parcel_id":"302604_5.0028.20/76","location_source":"powiat śremski (wfs)"}},{"type":"Feature","id":"ST-WK-SR/WNIOSEK/13532/2026::302604_5.0028.20/77","geometry":{"type":"Polygon","coordinates":[[[17.0482628500128,52.1186338324819],[17.0486270923578,52.1185196559926],[17.0487821068903,52.1187070517491],[17.0484178633881,52.1188212287027],[17.0482628500128,52.1186338324819]]]},"properties":{"case_id":"ST-WK-SR/WNIOSEK/13532/2026","source_type":"wniosek_decyzja","received_date":"2026-07-16","decision_date":"2026-08-25","status":"decyzja wydana","description":"Budowa budynku mieszkalnego jednorodzinnego","address":"Zbrudzewo","city":"Zbrudzewo","office":"Starosta Powiatu Śrem","case_kind":"Budynek mieszkalny jednorodzinny","parcel_ids":["302604_5.0028.20/77"],"location_quality":"dokładny","gunb_url":"https://wyszukiwarka.gunb.gov.pl/","parcel_count":1,"parcel_shard":"x068-y208","parcel_id":"302604_5.0028.20/77","location_source":"powiat śremski (wfs)"}},{"type":"Feature","id":"ST-WK-SR/WNIOSEK/13530/2026::302604_5.0028.20/80","geometry":{"type":"Polygon","coordinates":[[[17.0498789424557,52.1183631990007],[17.0495107362142,52.1184786057324],[17.0493557193953,52.118291210923],[17.0496679227441,52.1181933296668],[17.0497471681135,52.1182087988252],[17.0498789424557,52.1183631990007]]]},"properties":{"case_id":"ST-WK-SR/WNIOSEK/13530/2026","source_type":"wniosek_decyzja","received_date":"2026-07-16","decision_date":"2026-08-25","status":"decyzja wydana","description":"Budowa budynku mieszkalnego jednorodzinnego","address":"Zbrudzewo","city":"Zbrudzewo","office":"Starosta Powiatu Śrem","case_kind":"Budynek mieszkalny jednorodzinny","parcel_ids":["302604_5.0028.20/80"],"location_quality":"dokładny","gunb_url":"https://wyszukiwarka.gunb.gov.pl/","parcel_count":1,"parcel_shard":"x068-y208","parcel_id":"302604_5.0028.20/80","location_source":"powiat śremski (wfs)"}},{"type":"Feature","id":"ST-WK-SR/ZGŁOSZENIE/142/2026::302604_5.0028.232/3","geometry":{"type":"Polygon","coordinates":[[[17.0313191261251,52.1197604110218],[17.0314524921805,52.1199502089842],[17.0315857273173,52.1201399172573],[17.0316771614346,52.1202701567007],[17.0317815925076,52.1204186037886],[17.0319148170947,52.1206084374894],[17.032377088432,52.1212283204464],[17.0324989334811,52.1213917051713],[17.0326207794971,52.1215550897675],[17.0328035503452,52.1218001664149],[17.0331081732597,52.122208626856],[17.0337730614425,52.1235312733007],[17.0340574858858,52.1238081669536],[17.0343695439344,52.1241121129188],[17.0342390966156,52.1241438823608],[17.0336436991083,52.1235580321266],[17.0329913315219,52.1222320660389],[17.031790086184,52.1206437378377],[17.0311913089704,52.1197893741026],[17.0307325209632,52.1190138457336],[17.0304700633453,52.1187728149309],[17.0302292233089,52.1187133996661],[17.029443816095,52.1185425407917],[17.0290939842111,52.1184807195449],[17.0292597512774,52.1184283482732],[17.0294877018627,52.1184626686732],[17.0302202920745,52.1186225589291],[17.0302882519414,52.1186374095796],[17.030567335404,52.1187152078865],[17.0306889803028,52.1188260129412],[17.0308573872028,52.1189820939472],[17.031113945517,52.1194135268817],[17.0311244560704,52.1194313826973],[17.0312205415404,52.1195937855941],[17.0313191261251,52.1197604110218]]]},"properties":{"case_id":"ST-WK-SR/ZGŁOSZENIE/142/2026","source_type":"zgloszenie","received_date":"2026-01-19","decision_date":null,"status":"Brak sprzeciwu","description":"Rozbudowa sieci wodociągowej","address":"Zbrudzewo","city":"Zbrudzewo","office":"Starosta Powiatu Śrem","case_kind":"rozbudowa istniejącego/istniejących obiektów budowlanych","parcel_ids":["302604_5.0028.232/3"],"location_quality":"dokładny","gunb_url":"https://wyszukiwarka.gunb.gov.pl/","parcel_count":1,"parcel_shard":"x068-y208","parcel_id":"302604_5.0028.232/3","location_source":"powiat śremski (wfs)"}},{"type":"Feature","id":"ST-WK-SR/WNIOSEK/18046/2025::302604_5.0028.301/2","geometry":{"type":"Polygon","coordinates":[[[17.0416063803415,52.1330696501389],[17.0412575400682,52.1340418037567],[17.0408718023083,52.1341172527147],[17.0408509690668,52.1341949812692],[17.038920726837,52.1328710058676],[17.0395099991253,52.132497553703],[17.040917315212,52.1316058918809],[17.0411282251972,52.1318359797751],[17.0412876274919,52.1320190361158],[17.0414607097484,52.1322667694053],[17.0416071900316,52.1325829905695],[17.0416380059078,52.1327419973781],[17.0416385084197,52.1328738624383],[17.0416063803415,52.1330696501389]]]},"properties":{"case_id":"ST-WK-SR/WNIOSEK/18046/2025","source_type":"wniosek_decyzja","received_date":"2025-09-01","decision_date":"2026-03-12","status":"decyzja wydana","description":"Projekt zamienny - budowa budynku usługowego, stacji paliw z wiata, myjni dwustanowiskowej oraz zbiorników bezodpływowych na ścieki bytowe i technologiczne","address":"Zbrudzewo","city":"Zbrudzewo","office":"Starosta Powiatu Śrem","case_kind":"Obiekt budowlany inny niż budynek mieszkalny jednorodzinny","parcel_ids":["302604_5.0028.301/2","302604_5.0028.338/8"],"location_quality":"dokładny","gunb_url":"https://wyszukiwarka.gunb.gov.pl/","parcel_count":2,"parcel_shard":"x068-y208","parcel_id":"302604_5.0028.301/2","location_source":"powiat śremski (wfs)"}},{"type":"Feature","id":"ST-WK-SR/WNIOSEK/18046/2025::302604_5.0028.338/8","geometry":{"type":"Polygon","coordinates":[[[17.0416063803415,52.1330696501389],[17.0416385084197,52.1328738624383],[17.0416380059078,52.1327419973781],[17.0416071900316,52.1325829905695],[17.0414607097484,52.1322667694053],[17.0412876274919,52.1320190361158],[17.0416127563213,52.132115523573],[17.0417891047023,52.1323985556743],[17.0416063803415,52.1330696501389]]]},"properties":{"case_id":"ST-WK-SR/WNIOSEK/18046/2025","source_type":"wniosek_decyzja","received_date":"2025-09-01","decision_date":"2026-03-12","status":"decyzja wydana","description":"Projekt zamienny - budowa budynku usługowego, stacji paliw z wiata, myjni dwustanowiskowej oraz zbiorników bezodpływowych na ścieki bytowe i technologiczne","address":"Zbrudzewo","city":"Zbrudzewo","office":"Starosta Powiatu Śrem","case_kind":"Obiekt budowlany inny niż budynek mieszkalny jednorodzinny","parcel_ids":["302604_5.0028.301/2","302604_5.0028.338/8"],"location_quality":"dokładny","gunb_url":"https://wyszukiwarka.gunb.gov.pl/","parcel_count":2,"parcel_shard":"x068-y208","parcel_id":"302604_5.0028.338/8","location_source":"powiat śremski (wfs)"}},{"type":"Feature","id":"ST-WK-SR/ZGŁOSZENIE/2615/2026::302604_5.0028.32/11","geometry":{"type":"Polygon","coordinates":[[[17.0469803938343,52.1100783670891],[17.0473219441353,52.1099125182033],[17.0481354615542,52.1095180221384],[17.0481793116201,52.1095592323624],[17.0470294786256,52.1101171341684],[17.0469803938343,52.1100783670891]]]},"properties":{"case_id":"ST-WK-SR/ZGŁOSZENIE/2615/2026","source_type":"zgloszenie","received_date":"2026-08-10","decision_date":null,"status":"Brak sprzeciwu","description":"Budowa sieci wodociągowej","address":"Zbrudzewo","city":"Zbrudzewo","office":"Starosta Powiatu Śrem","case_kind":"budowa nowego/nowych obiektów budowlanych","parcel_ids":["302604_5.0028.32/11","302604_5.0028.32/13"],"location_quality":"dokładny","gunb_url":"https://wyszukiwarka.gunb.gov.pl/","parcel_count":2,"parcel_shard":"x068-y208","parcel_id":"302604_5.0028.32/11","location_source":"powiat śremski (wfs)"}},{"type":"Feature","id":"ST-WK-SR/ZGŁOSZENIE/2615/2026::302604_5.0028.32/13","geometry":{"type":"Polygon","coordinates":[[[17.0462156437808,52.1101723525965],[17.0463687592338,52.1100980004589],[17.0467735259286,52.109901376271],[17.0468027002922,52.1099357342421],[17.0468977779828,52.1100102221136],[17.0469803938343,52.1100783670891],[17.0470294786256,52.1101171341684],[17.0481793116201,52.1095592323624],[17.0487028841267,52.1100527725018],[17.0477801819371,52.1105374187648],[17.0471270098908,52.1108775646094],[17.0462156437808,52.1101723525965]]]},"properties":{"case_id":"ST-WK-SR/ZGŁOSZENIE/2615/2026","source_type":"zgloszenie","received_date":"2026-08-10","decision_date":null,"status":"Brak sprzeciwu","description":"Budowa sieci wodociągowej","address":"Zbrudzewo","city":"Zbrudzewo","office":"Starosta Powiatu Śrem","case_kind":"budowa nowego/nowych obiektów budowlanych","parcel_ids":["302604_5.0028.32/11","302604_5.0028.32/13"],"location_quality":"dokładny","gunb_url":"https://wyszukiwarka.gunb.gov.pl/","parcel_count":2,"parcel_shard":"x068-y208","parcel_id":"302604_5.0028.32/13","location_source":"powiat śremski (wfs)"}},{"type":"Feature","id":"ST-WK-SR/WNIOSEK/7617/2026::302604_5.0028.34/19","geometry":{"type":"Polygon","coordinates":[[[17.0402486308935,52.1127492021991],[17.0400509096105,52.1124660824663],[17.040389083884,52.1123815599536],[17.0405862385217,52.1126639554613],[17.0402486308935,52.1127492021991]]]},"properties":{"case_id":"ST-WK-SR/WNIOSEK/7617/2026","source_type":"wniosek_decyzja","received_date":"2026-04-22","decision_date":"2026-07-21","status":"decyzja wydana","description":"Budowa budynku mieszkalnego jednorodzinnego wraz z przydomową oczyszczalnią ścieków.","address":"Zbrudzewo","city":"Zbrudzewo","office":"Starosta Powiatu Śrem","case_kind":"Budynek mieszkalny jednorodzinny","parcel_ids":["302604_5.0028.34/19"],"location_quality":"dokładny","gunb_url":"https://wyszukiwarka.gunb.gov.pl/","parcel_count":1,"parcel_shard":"x068-y208","parcel_id":"302604_5.0028.34/19","location_source":"powiat śremski (wfs)"}},{"type":"Feature","id":"ST-WK-SR/WNIOSEK/24589/2025::302604_5.0028.34/26","geometry":{"type":"Polygon","coordinates":[[[17.0406891855625,52.1137782499706],[17.0405553358016,52.1135866112733],[17.040604542328,52.1135454862387],[17.0411386541881,52.1134129409378],[17.0412870239604,52.113628785379],[17.0406891855625,52.1137782499706]]]},"properties":{"case_id":"ST-WK-SR/WNIOSEK/24589/2025","source_type":"wniosek_decyzja","received_date":"2025-12-03","decision_date":"2026-02-16","status":"decyzja wydana","description":"Budowa budynku mieszkalnego jednorodzinnego dwulokalowego","address":"Zbrudzewo","city":"Zbrudzewo","office":"Starosta Powiatu Śrem","case_kind":"Budynek mieszkalny jednorodzinny","parcel_ids":["302604_5.0028.34/26"],"location_quality":"dokładny","gunb_url":"https://wyszukiwarka.gunb.gov.pl/","parcel_count":1,"parcel_shard":"x068-y208","parcel_id":"302604_5.0028.34/26","location_source":"powiat śremski (wfs)"}},{"type":"Feature","id":"ST-WK-SR/WNIOSEK/24564/2025::302604_5.0028.34/27","geometry":{"type":"Polygon","coordinates":[[[17.0408333739506,52.1139848031155],[17.0406891855625,52.1137782499706],[17.0412870239604,52.113628785379],[17.0414293093493,52.1138356818552],[17.0408333739506,52.1139848031155]]]},"properties":{"case_id":"ST-WK-SR/WNIOSEK/24564/2025","source_type":"wniosek_decyzja","received_date":"2025-12-03","decision_date":"2026-02-16","status":"decyzja wydana","description":"Budowa budynku mieszkalnego jednorodzinnego dwulokalowego","address":"Zbrudzewo","city":"Zbrudzewo","office":"Starosta Powiatu Śrem","case_kind":"Budynek mieszkalny jednorodzinny","parcel_ids":["302604_5.0028.34/27"],"location_quality":"dokładny","gunb_url":"https://wyszukiwarka.gunb.gov.pl/","parcel_count":1,"parcel_shard":"x068-y208","parcel_id":"302604_5.0028.34/27","location_source":"powiat śremski (wfs)"}},{"type":"Feature","id":"ST-WK-SR/WNIOSEK/2485/2026::302604_5.0028.34/34","geometry":{"type":"Polygon","coordinates":[[[17.0418897080605,52.1134778291549],[17.0412870239604,52.113628785379],[17.0411386541881,52.1134129409378],[17.0416503066973,52.1132859631149],[17.0417652585239,52.11329696417],[17.0418897080605,52.1134778291549]]]},"properties":{"case_id":"ST-WK-SR/WNIOSEK/2485/2026","source_type":"wniosek_decyzja","received_date":"2026-02-11","decision_date":"2026-03-09","status":"decyzja wydana","description":"Budowa budynku mieszkalnego dwulokalowego","address":"Zbrudzewo","city":"Zbrudzewo","office":"Starosta Powiatu Śrem","case_kind":"Budynek mieszkalny jednorodzinny","parcel_ids":["302604_5.0028.34/34"],"location_quality":"dokładny","gunb_url":"https://wyszukiwarka.gunb.gov.pl/","parcel_count":1,"parcel_shard":"x068-y208","parcel_id":"302604_5.0028.34/34","location_source":"powiat śremski (wfs)"}},{"type":"Feature","id":"ST-WK-SR/WNIOSEK/2483/2026::302604_5.0028.34/35","geometry":{"type":"Polygon","coordinates":[[[17.0415575548211,52.1129954299877],[17.0416794581675,52.1131724095956],[17.0416214488053,52.1132156206902],[17.0410930662018,52.1133466867701],[17.0409550259592,52.1131462060128],[17.0415575548211,52.1129954299877]]]},"properties":{"case_id":"ST-WK-SR/WNIOSEK/2483/2026","source_type":"wniosek_decyzja","received_date":"2026-02-11","decision_date":"2026-03-09","status":"decyzja wydana","description":"Budowa budynku mieszkalnego jednorodzinnego dwulokalowego","address":"Zbrudzewo","city":"Zbrudzewo","office":"Starosta Powiatu Śrem","case_kind":"Budynek mieszkalny jednorodzinny","parcel_ids":["302604_5.0028.34/35"],"location_quality":"dokładny","gunb_url":"https://wyszukiwarka.gunb.gov.pl/","parcel_count":1,"parcel_shard":"x068-y208","parcel_id":"302604_5.0028.34/35","location_source":"powiat śremski (wfs)"}},{"type":"Feature","id":"ST-WK-SR/WNIOSEK/3167/2026::302604_5.0028.4/29","geometry":{"type":"Polygon","coordinates":[[[17.0503466547923,52.12828747728],[17.0502265877504,52.1281236448277],[17.0505593336518,52.1280312296301],[17.0506190831604,52.1281127838956],[17.0506794016694,52.1281950617554],[17.0503466547923,52.12828747728]]]},"properties":{"case_id":"ST-WK-SR/WNIOSEK/3167/2026","source_type":"wniosek_decyzja","received_date":"2026-02-20","decision_date":"2026-04-01","status":"decyzja wydana","description":"Budowa budynku mieszkalnego jednorodzinnego","address":"Śrem","city":"Śrem","office":"Starosta Powiatu Śrem","case_kind":"Budynek mieszkalny jednorodzinny","parcel_ids":["302604_5.0028.4/29"],"location_quality":"dokładny","gunb_url":"https://wyszukiwarka.gunb.gov.pl/","parcel_count":1,"parcel_shard":"x068-y208","parcel_id":"302604_5.0028.4/29","location_source":"powiat śremski (wfs)"}},{"type":"Feature","id":"ST-WK-SR/WNIOSEK/17689/2025::302604_5.0028.4/84","geometry":{"type":"Polygon","coordinates":[[[17.0495684079252,52.1278136431811],[17.0494482028286,52.1276496290312],[17.0497142493991,52.127575823337],[17.0498343092672,52.127739836042],[17.0497774557715,52.1277556464985],[17.0495684079252,52.1278136431811]]]},"properties":{"case_id":"ST-WK-SR/WNIOSEK/17689/2025","source_type":"wniosek_decyzja","received_date":"2025-08-28","decision_date":"2025-10-27","status":"decyzja wydana","description":"Budowa budynku mieszkalnego jednorodzinnego oraz zbiornika bezodpływowego na ścieki o poj. 8m3","address":"Śrem","city":"Śrem","office":"Starosta Powiatu Śrem","case_kind":"Budynek mieszkalny jednorodzinny","parcel_ids":["302604_5.0028.4/84"],"location_quality":"dokładny","gunb_url":"https://wyszukiwarka.gunb.gov.pl/","parcel_count":1,"parcel_shard":"x068-y208","parcel_id":"302604_5.0028.4/84","location_source":"powiat śremski (wfs)"}},{"type":"Feature","id":"ST-WK-SR/WNIOSEK/2779/2026::302604_5.0028.471/53","geometry":{"type":"Polygon","coordinates":[[[17.0475314518244,52.1212247002125],[17.0475574530008,52.1211762842266],[17.0479128837106,52.1210655441301],[17.0480448236854,52.1212259696931],[17.0476363264504,52.1213532692299],[17.0475314518244,52.1212247002125]]]},"properties":{"case_id":"ST-WK-SR/WNIOSEK/2779/2026","source_type":"wniosek_decyzja","received_date":"2026-02-16","decision_date":"2026-03-17","status":"decyzja wydana","description":"budowa budynku mieszkalnego jednorodzinnego","address":"Zbrudzewo","city":"Zbrudzewo","office":"Starosta Powiatu Śrem","case_kind":"Budynek mieszkalny jednorodzinny","parcel_ids":["302604_5.0028.471/53"],"location_quality":"dokładny","gunb_url":"https://wyszukiwarka.gunb.gov.pl/","parcel_count":1,"parcel_shard":"x068-y208","parcel_id":"302604_5.0028.471/53","location_source":"powiat śremski (wfs)"}},{"type":"Feature","id":"ST-WK-SR/WNIOSEK/2780/2026::302604_5.0028.471/54","geometry":{"type":"Polygon","coordinates":[[[17.0479128837106,52.1210655441301],[17.048284186999,52.1209498977108],[17.0484161279737,52.1211103228619],[17.0480448236854,52.1212259696931],[17.0479128837106,52.1210655441301]]]},"properties":{"case_id":"ST-WK-SR/WNIOSEK/2780/2026","source_type":"wniosek_decyzja","received_date":"2026-02-16","decision_date":"2026-03-17","status":"decyzja wydana","description":"budowa budynku mieszkalnego jednorodzinnego","address":"Zbrudzewo","city":"Zbrudzewo","office":"Starosta Powiatu Śrem","case_kind":"Budynek mieszkalny jednorodzinny","parcel_ids":["302604_5.0028.471/54"],"location_quality":"dokładny","gunb_url":"https://wyszukiwarka.gunb.gov.pl/","parcel_count":1,"parcel_shard":"x068-y208","parcel_id":"302604_5.0028.471/54","location_source":"powiat śremski (wfs)"}},{"type":"Feature","id":"ST-WK-SR/WNIOSEK/2786/2026::302604_5.0028.471/55","geometry":{"type":"Polygon","coordinates":[[[17.048284186999,52.1209498977108],[17.0486554883726,52.1208342501093],[17.0487874303471,52.1209946748485],[17.0484161279737,52.1211103228619],[17.048284186999,52.1209498977108]]]},"properties":{"case_id":"ST-WK-SR/WNIOSEK/2786/2026","source_type":"wniosek_decyzja","received_date":"2026-02-16","decision_date":"2026-03-17","status":"decyzja wydana","description":"budowa budynku mieszkalnego jednorodzinnego","address":"Zbrudzewo","city":"Zbrudzewo","office":"Starosta Powiatu Śrem","case_kind":"Budynek mieszkalny jednorodzinny","parcel_ids":["302604_5.0028.471/55"],"location_quality":"dokładny","gunb_url":"https://wyszukiwarka.gunb.gov.pl/","parcel_count":1,"parcel_shard":"x068-y208","parcel_id":"302604_5.0028.471/55","location_source":"powiat śremski (wfs)"}},{"type":"Feature","id":"ST-WK-SR/WNIOSEK/2795/2026::302604_5.0028.471/56","geometry":{"type":"Polygon","coordinates":[[[17.0486554883726,52.1208342501093],[17.0490267878318,52.1207186013164],[17.0491587308203,52.1208790256529],[17.0487874303471,52.1209946748485],[17.0486554883726,52.1208342501093]]]},"properties":{"case_id":"ST-WK-SR/WNIOSEK/2795/2026","source_type":"wniosek_decyzja","received_date":"2026-02-16","decision_date":"2026-03-17","status":"decyzja wydana","description":"Budowa budynku mieszkalnego jednorodzinnego","address":"Zbrudzewo","city":"Zbrudzewo","office":"Starosta Powiatu Śrem","case_kind":"Budynek mieszkalny jednorodzinny","parcel_ids":["302604_5.0028.471/56"],"location_quality":"dokładny","gunb_url":"https://wyszukiwarka.gunb.gov.pl/","parcel_count":1,"parcel_shard":"x068-y208","parcel_id":"302604_5.0028.471/56","location_source":"powiat śremski (wfs)"}},{"type":"Feature","id":"ST-WK-SR/WNIOSEK/22877/2025::302604_5.0028.5/110","geometry":{"type":"Polygon","coordinates":[[[17.0467180806154,52.1271260507084],[17.0465980300133,52.1269622146051],[17.0468642269474,52.1268882367796],[17.0469842764137,52.1270521624832],[17.0467307143642,52.1271225575767],[17.0467180806154,52.1271260507084]]]},"properties":{"case_id":"ST-WK-SR/WNIOSEK/22877/2025","source_type":"wniosek_decyzja","received_date":"2025-11-07","decision_date":"2025-12-08","status":"decyzja wydana","description":"Budowa budynku mieszkalnego jednorodzinnego dwulokalowego","address":"Zbrudzewo","city":"Zbrudzewo","office":"Starosta Powiatu Śrem","case_kind":"Budynek mieszkalny jednorodzinny","parcel_ids":["302604_5.0028.5/110"],"location_quality":"dokładny","gunb_url":"https://wyszukiwarka.gunb.gov.pl/","parcel_count":1,"parcel_shard":"x068-y208","parcel_id":"302604_5.0028.5/110","location_source":"powiat śremski (wfs)"}},{"type":"Feature","id":"ST-WK-SR/WNIOSEK/22862/2025::302604_5.0028.5/111","geometry":{"type":"Polygon","coordinates":[[[17.0469842764137,52.1270521624832],[17.0468642269474,52.1268882367796],[17.0471304210841,52.1268143482138],[17.0472504732565,52.1269781837852],[17.0469967641025,52.1270486681356],[17.0469842764137,52.1270521624832]]]},"properties":{"case_id":"ST-WK-SR/WNIOSEK/22862/2025","source_type":"wniosek_decyzja","received_date":"2025-11-07","decision_date":"2025-12-08","status":"decyzja wydana","description":"Budowa budynku mieszkalnego jednorodzinnego dwulokalowego","address":"Zbrudzewo","city":"Zbrudzewo","office":"Starosta Powiatu Śrem","case_kind":"Budynek mieszkalny jednorodzinny","parcel_ids":["302604_5.0028.5/111"],"location_quality":"dokładny","gunb_url":"https://wyszukiwarka.gunb.gov.pl/","parcel_count":1,"parcel_shard":"x068-y208","parcel_id":"302604_5.0028.5/111","location_source":"powiat śremski (wfs)"}},{"type":"Feature","id":"ST-WK-SR/WNIOSEK/22896/2025::302604_5.0028.5/112","geometry":{"type":"Polygon","coordinates":[[[17.0472504732565,52.1269781837852],[17.0471304210841,52.1268143482138],[17.047396616265,52.1267403691754],[17.0475166673174,52.1269042943472],[17.047262960919,52.1269746894092],[17.0472504732565,52.1269781837852]]]},"properties":{"case_id":"ST-WK-SR/WNIOSEK/22896/2025","source_type":"wniosek_decyzja","received_date":"2025-11-07","decision_date":"2025-12-16","status":"decyzja wydana","description":"Budowa budynku mieszkalnego jednorodzinnego dwulokalowego","address":"Zbrudzewo","city":"Zbrudzewo","office":"Starosta Powiatu Śrem","case_kind":"Budynek mieszkalny jednorodzinny","parcel_ids":["302604_5.0028.5/112"],"location_quality":"dokładny","gunb_url":"https://wyszukiwarka.gunb.gov.pl/","parcel_count":1,"parcel_shard":"x068-y208","parcel_id":"302604_5.0028.5/112","location_source":"powiat śremski (wfs)"}},{"type":"Feature","id":"ST-WK-SR/WNIOSEK/23665/2025::302604_5.0028.5/96","geometry":{"type":"Polygon","coordinates":[[[17.0464645733482,52.1271938391043],[17.0467180806154,52.1271260507084],[17.0467307143642,52.1271225575767],[17.0468509118927,52.1272863947189],[17.046586330195,52.1273598462935],[17.0464645733482,52.1271938391043]]]},"properties":{"case_id":"ST-WK-SR/WNIOSEK/23665/2025","source_type":"wniosek_decyzja","received_date":"2025-11-19","decision_date":"2025-12-16","status":"decyzja wydana","description":"Budynek mieszkalny jednorodzinny dwulokalowy","address":"Zbrudzewo","city":"Zbrudzewo","office":"Starosta Powiatu Śrem","case_kind":"Budynek mieszkalny jednorodzinny","parcel_ids":["302604_5.0028.5/96"],"location_quality":"dokładny","gunb_url":"https://wyszukiwarka.gunb.gov.pl/","parcel_count":1,"parcel_shard":"x068-y208","parcel_id":"302604_5.0028.5/96","location_source":"powiat śremski (wfs)"}},{"type":"Feature","id":"ST-WK-SR/WNIOSEK/22870/2025::302604_5.0028.5/97","geometry":{"type":"Polygon","coordinates":[[[17.0468509118927,52.1272863947189],[17.0467307143642,52.1271225575767],[17.0469842764137,52.1270521624832],[17.0469967641025,52.1270486681356],[17.0471169624222,52.1272125050252],[17.0468509118927,52.1272863947189]]]},"properties":{"case_id":"ST-WK-SR/WNIOSEK/22870/2025","source_type":"wniosek_decyzja","received_date":"2025-11-07","decision_date":"2025-12-08","status":"decyzja wydana","description":"Budynek mieszkalny jednorodzinny dwulokalowy","address":"Zbrudzewo","city":"Zbrudzewo","office":"Starosta Powiatu Śrem","case_kind":"Budynek mieszkalny jednorodzinny","parcel_ids":["302604_5.0028.5/97"],"location_quality":"dokładny","gunb_url":"https://wyszukiwarka.gunb.gov.pl/","parcel_count":1,"parcel_shard":"x068-y208","parcel_id":"302604_5.0028.5/97","location_source":"powiat śremski (wfs)"}},{"type":"Feature","id":"ST-WK-SR/WNIOSEK/22905/2025::302604_5.0028.5/98","geometry":{"type":"Polygon","coordinates":[[[17.0471169624222,52.1272125050252],[17.0469967641025,52.1270486681356],[17.0472504732565,52.1269781837852],[17.047262960919,52.1269746894092],[17.0473831580889,52.1271386158985],[17.0471169624222,52.1272125050252]]]},"properties":{"case_id":"ST-WK-SR/WNIOSEK/22905/2025","source_type":"wniosek_decyzja","received_date":"2025-11-07","decision_date":"2025-12-08","status":"decyzja wydana","description":"Budowa budynku mieszkalnego jednorodzinnego dwulokalowego","address":"Zbrudzewo","city":"Zbrudzewo","office":"Starosta Powiatu Śrem","case_kind":"Budynek mieszkalny jednorodzinny","parcel_ids":["302604_5.0028.5/98"],"location_quality":"dokładny","gunb_url":"https://wyszukiwarka.gunb.gov.pl/","parcel_count":1,"parcel_shard":"x068-y208","parcel_id":"302604_5.0028.5/98","location_source":"powiat śremski (wfs)"}},{"type":"Feature","id":"ST-WK-SR/WNIOSEK/23131/2025::302604_5.0028.5/99","geometry":{"type":"Polygon","coordinates":[[[17.0473831580889,52.1271386158985],[17.047262960919,52.1269746894092],[17.0475166673174,52.1269042943472],[17.0475290089055,52.1269007987652],[17.0476492068826,52.1270647249842],[17.0473831580889,52.1271386158985]]]},"properties":{"case_id":"ST-WK-SR/WNIOSEK/23131/2025","source_type":"wniosek_decyzja","received_date":"2025-11-07","decision_date":"2025-12-16","status":"decyzja wydana","description":"Budowa budynku mieszkalnego jednorodzinnego dwulokalowego","address":"Śrem","city":"Śrem","office":"Starosta Powiatu Śrem","case_kind":"Budynek mieszkalny jednorodzinny","parcel_ids":["302604_5.0028.5/99"],"location_quality":"dokładny","gunb_url":"https://wyszukiwarka.gunb.gov.pl/","parcel_count":1,"parcel_shard":"x068-y208","parcel_id":"302604_5.0028.5/99","location_source":"powiat śremski (wfs)"}},{"type":"Feature","id":"ST-WK-SR/WNIOSEK/10541/2026::302604_5.0028.12/12","geometry":{"type":"Polygon","coordinates":[[[17.0559117786296,52.1236781001287],[17.0562222725494,52.1235779463152],[17.0564587619706,52.1238570024079],[17.0561484126887,52.1239571563653],[17.0559117786296,52.1236781001287]]]},"properties":{"case_id":"ST-WK-SR/WNIOSEK/10541/2026","source_type":"wniosek_decyzja","received_date":"2026-06-02","decision_date":"2026-07-02","status":"decyzja wydana","description":"Budowa budynku mieszkalnego jednorodzinnego dwulokalowego","address":"Zbrudzewo","city":"Zbrudzewo","office":"Starosta Powiatu Śrem","case_kind":"Budynek mieszkalny jednorodzinny","parcel_ids":["302604_5.0028.AR_5.12/12"],"location_quality":"dokładny","gunb_url":"https://wyszukiwarka.gunb.gov.pl/","parcel_count":1,"parcel_shard":"x068-y208","parcel_id":"302604_5.0028.12/12","location_source":"powiat śremski (wfs)"}}]}