{"type":"FeatureCollection","features":[{"type":"Feature","id":"ST-WK-GN/WNIOSEK/11289/2026::300304_2.0002.216","geometry":{"type":"Polygon","coordinates":[[[17.1927966598844,52.56325869861],[17.193160424056,52.5631419148994],[17.1935258199113,52.5630245120685],[17.1934494251728,52.5629360946861],[17.1933228821383,52.5628238784213],[17.1924762105269,52.5628879392404],[17.1927966598844,52.56325869861]]]},"properties":{"case_id":"ST-WK-GN/WNIOSEK/11289/2026","source_type":"wniosek_decyzja","received_date":"2026-06-11","decision_date":"2026-06-23","status":"decyzja wydana","description":"Budowa budynku letniskowego","address":"Dąbrówka Kościelna","city":"Dąbrówka Kościelna","office":"Starosta Powiatu Gniezno","case_kind":"Obiekt budowlany inny niż budynek mieszkalny jednorodzinny","parcel_ids":["300304_2.0002.216"],"location_quality":"dokładny","gunb_url":"https://wyszukiwarka.gunb.gov.pl/","parcel_count":1,"parcel_shard":"x068-y210","parcel_id":"300304_2.0002.216","location_source":"powiat gnieźnieński (wfs)"}},{"type":"Feature","id":"ST-WK-GN/WNIOSEK/6042/2026::300304_2.0002.40/77","geometry":{"type":"Polygon","coordinates":[[[17.1736813542153,52.564973394363],[17.173419881322,52.5655887121101],[17.1742575292938,52.5657208124391],[17.1743432306682,52.5657343825416],[17.1745075949954,52.5651020356207],[17.1736813542153,52.564973394363]]]},"properties":{"case_id":"ST-WK-GN/WNIOSEK/6042/2026","source_type":"wniosek_decyzja","received_date":"2026-03-27","decision_date":"2026-04-07","status":"decyzja wydana","description":"budowa budynków mieszkalnych jednorodzinnych","address":"Dąbrówka Kościelna","city":"Dąbrówka Kościelna","office":"Starosta Powiatu Gniezno","case_kind":"Budynek mieszkalny jednorodzinny","parcel_ids":["300304_2.0002.40/77"],"location_quality":"dokładny","gunb_url":"https://wyszukiwarka.gunb.gov.pl/","parcel_count":1,"parcel_shard":"x068-y210","parcel_id":"300304_2.0002.40/77","location_source":"powiat gnieźnieński (wfs)"}},{"type":"Feature","id":"ST-WK-GN/WNIOSEK/22064/2025::300304_2.0007.12/1","geometry":{"type":"Polygon","coordinates":[[[17.2370384901139,52.5791046335176],[17.2372696176827,52.5787763755975],[17.2361242297519,52.5788923894205],[17.2359344576571,52.5786319691951],[17.2351633885661,52.5782545546947],[17.2345121998079,52.5776865688152],[17.2342451177838,52.5776289008002],[17.2283629863887,52.5828170080792],[17.2300920901138,52.5835232556046],[17.2323183163922,52.5844591829488],[17.2327833293432,52.5842602502123],[17.2332444642368,52.584038103131],[17.2336837903693,52.583720996383],[17.2347769565665,52.5830189615563],[17.2351454644222,52.5827173892814],[17.2355618208881,52.5820652577516],[17.23581759402,52.5813649048803],[17.2360154636911,52.581075350183],[17.2367746095378,52.5797045479772],[17.2370384901139,52.5791046335176]]]},"properties":{"case_id":"ST-WK-GN/WNIOSEK/22064/2025","source_type":"wniosek_decyzja","received_date":"2025-10-16","decision_date":"2025-11-06","status":"decyzja wydana","description":"budowa sieci kanalizacji sanitarnej","address":"Kiszkowo","city":"Kiszkowo","office":"Starosta Powiatu Gniezno","case_kind":"Obiekt budowlany inny niż budynek mieszkalny jednorodzinny","parcel_ids":["300304_2.0007.12/1","300304_2.0007.12/2","300304_2.0007.12/3","300304_2.0007.19/2","300304_2.0007.20","300304_2.0007.21/2","300304_2.0007.22","300304_2.0007.7/15","300304_2.0007.7/4","300304_2.0007.8","300304_2.0009.45","300304_2.0009.46/2","300304_2.0009.47","300304_2.0009.48","300304_2.0009.49","300304_2.0009.50","300304_2.0009.51","300304_2.0009.53","300304_2.0009.54","300304_2.0009.55","300304_2.0009.56","300304_2.0009.57","300304_2.0009.58/13","300304_2.0009.58/8","300304_2.0009.64","300304_2.0009.73"],"location_quality":"dokładny","gunb_url":"https://wyszukiwarka.gunb.gov.pl/","parcel_count":24,"parcel_shard":"x068-y210","parcel_id":"300304_2.0007.12/1","location_source":"powiat gnieźnieński (wfs)"}},{"type":"Feature","id":"ST-WK-GN/WNIOSEK/22064/2025::300304_2.0007.12/2","geometry":{"type":"Polygon","coordinates":[[[17.2283629863887,52.5828170080792],[17.2342451177838,52.5776289008002],[17.2338835880057,52.5775508385406],[17.2333835194427,52.5769813074386],[17.2328975107657,52.5767057525902],[17.2316799545196,52.5765557685643],[17.2305150429617,52.576061279594],[17.2242476242847,52.5817820971794],[17.2258067157359,52.5817896038037],[17.2261209857392,52.5818814418283],[17.2283629863887,52.5828170080792]]]},"properties":{"case_id":"ST-WK-GN/WNIOSEK/22064/2025","source_type":"wniosek_decyzja","received_date":"2025-10-16","decision_date":"2025-11-06","status":"decyzja wydana","description":"budowa sieci kanalizacji sanitarnej","address":"Kiszkowo","city":"Kiszkowo","office":"Starosta Powiatu Gniezno","case_kind":"Obiekt budowlany inny niż budynek mieszkalny jednorodzinny","parcel_ids":["300304_2.0007.12/1","300304_2.0007.12/2","300304_2.0007.12/3","300304_2.0007.19/2","300304_2.0007.20","300304_2.0007.21/2","300304_2.0007.22","300304_2.0007.7/15","300304_2.0007.7/4","300304_2.0007.8","300304_2.0009.45","300304_2.0009.46/2","300304_2.0009.47","300304_2.0009.48","300304_2.0009.49","300304_2.0009.50","300304_2.0009.51","300304_2.0009.53","300304_2.0009.54","300304_2.0009.55","300304_2.0009.56","300304_2.0009.57","300304_2.0009.58/13","300304_2.0009.58/8","300304_2.0009.64","300304_2.0009.73"],"location_quality":"dokładny","gunb_url":"https://wyszukiwarka.gunb.gov.pl/","parcel_count":24,"parcel_shard":"x068-y210","parcel_id":"300304_2.0007.12/2","location_source":"powiat gnieźnieński (wfs)"}},{"type":"Feature","id":"ST-WK-GN/WNIOSEK/22064/2025::300304_2.0007.12/3","geometry":{"type":"Polygon","coordinates":[[[17.2242476242847,52.5817820971794],[17.2305150429617,52.576061279594],[17.2303232268866,52.5759798541399],[17.2288809320829,52.5761461741992],[17.2288719286031,52.5761380269233],[17.2288359214909,52.5761554975875],[17.2285158704251,52.5763109617418],[17.2284509438222,52.5763454996538],[17.2283950126815,52.5763718277516],[17.2282016511958,52.5764534313357],[17.2281183701009,52.5764914443906],[17.2280431742234,52.5765226796825],[17.2279061281868,52.5765728345495],[17.2277341003981,52.5766240193618],[17.2275444799033,52.5766856942797],[17.2274155135499,52.5767293404946],[17.2273520257925,52.5767658644175],[17.2271918879768,52.5768455261571],[17.2271014974803,52.5769018263653],[17.2267549807172,52.5771270348786],[17.2266780309747,52.5771739857753],[17.2265816904406,52.5772162264118],[17.2265071202331,52.577245307845],[17.2264174975925,52.5772746503957],[17.2263446190025,52.5772914300615],[17.2261614561725,52.577329598014],[17.2260814775803,52.5773390513399],[17.2255960028454,52.5773871955052],[17.2242877159148,52.577521801693],[17.2241816795238,52.5775364754711],[17.2241140672445,52.5775473565949],[17.2240154363675,52.5775687294104],[17.2239089143215,52.5775941846241],[17.2238248899079,52.5776238315284],[17.2237295006808,52.5776537633693],[17.223635576785,52.5776926022515],[17.2235358061082,52.5777367052796],[17.2234327342374,52.5777922904279],[17.2232964015221,52.5778766865878],[17.2227192420712,52.5782201721691],[17.2226248302977,52.5782697919107],[17.2216825652387,52.5787023666911],[17.2206490402228,52.579063782457],[17.219949457906,52.5792788279545],[17.2192236038259,52.5794027437835],[17.2184645420341,52.5795354234016],[17.2197999941114,52.5816145628689],[17.2216817788071,52.5816788926356],[17.2242476242847,52.5817820971794]]]},"properties":{"case_id":"ST-WK-GN/WNIOSEK/22064/2025","source_type":"wniosek_decyzja","received_date":"2025-10-16","decision_date":"2025-11-06","status":"decyzja wydana","description":"budowa sieci kanalizacji sanitarnej","address":"Kiszkowo","city":"Kiszkowo","office":"Starosta Powiatu Gniezno","case_kind":"Obiekt budowlany inny niż budynek mieszkalny jednorodzinny","parcel_ids":["300304_2.0007.12/1","300304_2.0007.12/2","300304_2.0007.12/3","300304_2.0007.19/2","300304_2.0007.20","300304_2.0007.21/2","300304_2.0007.22","300304_2.0007.7/15","300304_2.0007.7/4","300304_2.0007.8","300304_2.0009.45","300304_2.0009.46/2","300304_2.0009.47","300304_2.0009.48","300304_2.0009.49","300304_2.0009.50","300304_2.0009.51","300304_2.0009.53","300304_2.0009.54","300304_2.0009.55","300304_2.0009.56","300304_2.0009.57","300304_2.0009.58/13","300304_2.0009.58/8","300304_2.0009.64","300304_2.0009.73"],"location_quality":"dokładny","gunb_url":"https://wyszukiwarka.gunb.gov.pl/","parcel_count":24,"parcel_shard":"x068-y210","parcel_id":"300304_2.0007.12/3","location_source":"powiat gnieźnieński (wfs)"}},{"type":"Feature","id":"ST-WK-GN/WNIOSEK/22064/2025::300304_2.0007.19/2","geometry":{"type":"Polygon","coordinates":[[[17.2320377712109,52.5845380706073],[17.2323183163922,52.5844591829488],[17.2300920901138,52.5835232556046],[17.2283629863887,52.5828170080792],[17.2261209857392,52.5818814418283],[17.2258067157359,52.5817896038037],[17.2242476242847,52.5817820971794],[17.2216817788071,52.5816788926356],[17.2197999941114,52.5816145628689],[17.2194599277708,52.5816029024176],[17.2172457547629,52.5815145423325],[17.2153815137747,52.5814452187204],[17.2143719104735,52.5814027195376],[17.2144189799887,52.5811260401479],[17.214415514005,52.5807349959345],[17.2144194755777,52.5806128334506],[17.2144944326143,52.5804326461497],[17.2153159250052,52.579705314086],[17.2153315530855,52.5796398097187],[17.2153320647001,52.5795037440745],[17.215349062161,52.5790310302638],[17.2153327304734,52.5787062976041],[17.2153381540411,52.5783777546282],[17.2152436174618,52.5783677812943],[17.2152412024898,52.5787178240635],[17.2152551236294,52.5790370584565],[17.2152483265586,52.5796346002026],[17.2151628498425,52.5797867939516],[17.2144145183415,52.5804251004606],[17.2143122348237,52.5806268928967],[17.2143111862395,52.5807459862701],[17.2143095311504,52.5810804305223],[17.2141264371667,52.5813944886191],[17.2118895855391,52.5812837523027],[17.2113365154054,52.5812423948493],[17.210700084226,52.5811163867553],[17.2099922338349,52.580928861356],[17.2086741692989,52.5805856247525],[17.2081481502401,52.5804743852555],[17.2072086644781,52.5803102643126],[17.2062771675016,52.5800862412928],[17.2050738380364,52.5798198356776],[17.2043096086089,52.5796393592125],[17.2038850510592,52.5795468817648],[17.2031393655987,52.5793740445569],[17.202076878315,52.5791118345004],[17.2017964196703,52.5790392011036],[17.1995676342178,52.5785107322515],[17.1994805696657,52.5785013630353],[17.1980772066214,52.5781546247728],[17.197664697668,52.578057322654],[17.1966986363307,52.5778341855372],[17.1958732253867,52.5776517666573],[17.1949233247964,52.5774213536953],[17.1936036118057,52.5771071667949],[17.1935176653846,52.5770751865123],[17.1931876239863,52.5769867511023],[17.192560782995,52.5768762422901],[17.1920182772414,52.5767860344131],[17.191422040738,52.5766805989671],[17.1912081559702,52.5766460283511],[17.1907941345878,52.5765791629827],[17.1902235821734,52.5764870015199],[17.1896245053151,52.5763902873581],[17.1890252824455,52.5762934808461],[17.1889682270936,52.5762842010312],[17.1885871740149,52.5762226674354],[17.1860791775627,52.5760344209709],[17.1856691292144,52.5760036511],[17.185420324125,52.5759849487648],[17.1853635952375,52.5761329377801],[17.1868877015369,52.5762043096382],[17.1885650865813,52.5763273814455],[17.1897921403697,52.576544959319],[17.1909349797211,52.5767512064105],[17.1912885029737,52.5768296593544],[17.1915664517998,52.5768796794317],[17.1919346030076,52.5769472812902],[17.1925007569817,52.5770409814648],[17.1929643222233,52.5771926491613],[17.193110923668,52.5772387453456],[17.1935462221075,52.5772449314913],[17.1936275311942,52.5772589563897],[17.1937532784504,52.5772880661157],[17.1945328981496,52.577467105421],[17.1948465797022,52.5775439245914],[17.1957681131537,52.5777582846777],[17.1966780608131,52.5779653184996],[17.1975525626738,52.578180950058],[17.1979900582132,52.5783090748053],[17.1984905836946,52.5784024064129],[17.1987702182438,52.5784685800603],[17.1994300250769,52.578618456343],[17.2011953997964,52.5790564303098],[17.2016792936521,52.5791765160543],[17.2020018407739,52.5792523780205],[17.2030820997719,52.579519902283],[17.2041356209654,52.5797713579699],[17.2048767826915,52.5799352213004],[17.2051072683685,52.5799861405869],[17.2060959992049,52.5802219600929],[17.2070423971686,52.5804457379144],[17.2080441824372,52.580624769503],[17.2084378211333,52.5807089226507],[17.2085732453376,52.580743545519],[17.2093295972757,52.5809405676402],[17.2097369108034,52.5810446976861],[17.209848360369,52.5810732256326],[17.2101536610523,52.5811360210427],[17.2104875098689,52.5812046186982],[17.2107680478099,52.5812814554848],[17.2111670204716,52.5813907413769],[17.2114417084043,52.5814353367659],[17.211684168445,52.5814747745886],[17.2122137662465,52.5814665341533],[17.2124692716727,52.5814625899992],[17.212944749927,52.581481015796],[17.2134625196393,52.5815069771657],[17.2136433763217,52.581515952415],[17.213720194341,52.5815168304334],[17.2150035873342,52.5815729497163],[17.2166584774618,52.5816435953209],[17.2168518331184,52.5816490033398],[17.2186335362478,52.5817127504144],[17.2212050569237,52.5818105840235],[17.2242271167662,52.5819485188213],[17.225358870643,52.5819993553098],[17.2255445125604,52.5820130538024],[17.2256726459523,52.5820296255569],[17.2257358779453,52.5820478467952],[17.2258840812294,52.5821000067531],[17.2267624508773,52.5824178665317],[17.2279759941532,52.5828586385507],[17.2282620993984,52.5829642590483],[17.2284920484598,52.5830629507348],[17.2293568178057,52.5834226481556],[17.2299678851315,52.5836717184284],[17.2310364554818,52.5841268718183],[17.2316935126125,52.5843966997154],[17.2320377712109,52.5845380706073]]]},"properties":{"case_id":"ST-WK-GN/WNIOSEK/22064/2025","source_type":"wniosek_decyzja","received_date":"2025-10-16","decision_date":"2025-11-06","status":"decyzja wydana","description":"budowa sieci kanalizacji sanitarnej","address":"Kiszkowo","city":"Kiszkowo","office":"Starosta Powiatu Gniezno","case_kind":"Obiekt budowlany inny niż budynek mieszkalny jednorodzinny","parcel_ids":["300304_2.0007.12/1","300304_2.0007.12/2","300304_2.0007.12/3","300304_2.0007.19/2","300304_2.0007.20","300304_2.0007.21/2","300304_2.0007.22","300304_2.0007.7/15","300304_2.0007.7/4","300304_2.0007.8","300304_2.0009.45","300304_2.0009.46/2","300304_2.0009.47","300304_2.0009.48","300304_2.0009.49","300304_2.0009.50","300304_2.0009.51","300304_2.0009.53","300304_2.0009.54","300304_2.0009.55","300304_2.0009.56","300304_2.0009.57","300304_2.0009.58/13","300304_2.0009.58/8","300304_2.0009.64","300304_2.0009.73"],"location_quality":"dokładny","gunb_url":"https://wyszukiwarka.gunb.gov.pl/","parcel_count":24,"parcel_shard":"x068-y210","parcel_id":"300304_2.0007.19/2","location_source":"powiat gnieźnieński (wfs)"}},{"type":"Feature","id":"ST-WK-GN/WNIOSEK/22064/2025::300304_2.0007.20","geometry":{"type":"Polygon","coordinates":[[[17.2371661690479,52.5791029138739],[17.2371903827047,52.5790580396659],[17.2374164261241,52.5788164533567],[17.2372696176827,52.5787763755975],[17.2370384901139,52.5791046335176],[17.2367746095378,52.5797045479772],[17.2360154636911,52.581075350183],[17.23581759402,52.5813649048803],[17.2355618208881,52.5820652577516],[17.2351454644222,52.5827173892814],[17.2347769565665,52.5830189615563],[17.2336837903693,52.583720996383],[17.2332444642368,52.584038103131],[17.2327833293432,52.5842602502123],[17.2323183163922,52.5844591829488],[17.2324754636752,52.5845179903161],[17.2326248066058,52.5844079393305],[17.2330357145054,52.5842301147506],[17.233248839158,52.5841411208748],[17.2333029470387,52.5841142621918],[17.2334275123688,52.58404662653],[17.2335427544334,52.583976877565],[17.2337609179956,52.5838316851552],[17.2342361489876,52.5835144218082],[17.234938068371,52.5830504836158],[17.2350436693069,52.5829771835644],[17.2351666720843,52.5828799834857],[17.2353564872999,52.5827226086806],[17.2354300515305,52.5826480216108],[17.2355335614973,52.5825033676866],[17.2356013624844,52.5823933957321],[17.2356799233209,52.582189899488],[17.2357467566865,52.5819808861893],[17.2359372501003,52.5814719933611],[17.2359756504598,52.5814170758479],[17.2361667091755,52.581080206884],[17.2364236249636,52.5806319362465],[17.2366829925115,52.5801912031506],[17.2368197202554,52.5799333237393],[17.2369170127895,52.5797069985595],[17.2371304827277,52.5791852318332],[17.2371661690479,52.5791029138739]]]},"properties":{"case_id":"ST-WK-GN/WNIOSEK/22064/2025","source_type":"wniosek_decyzja","received_date":"2025-10-16","decision_date":"2025-11-06","status":"decyzja wydana","description":"budowa sieci kanalizacji sanitarnej","address":"Kiszkowo","city":"Kiszkowo","office":"Starosta Powiatu Gniezno","case_kind":"Obiekt budowlany inny niż budynek mieszkalny jednorodzinny","parcel_ids":["300304_2.0007.12/1","300304_2.0007.12/2","300304_2.0007.12/3","300304_2.0007.19/2","300304_2.0007.20","300304_2.0007.21/2","300304_2.0007.22","300304_2.0007.7/15","300304_2.0007.7/4","300304_2.0007.8","300304_2.0009.45","300304_2.0009.46/2","300304_2.0009.47","300304_2.0009.48","300304_2.0009.49","300304_2.0009.50","300304_2.0009.51","300304_2.0009.53","300304_2.0009.54","300304_2.0009.55","300304_2.0009.56","300304_2.0009.57","300304_2.0009.58/13","300304_2.0009.58/8","300304_2.0009.64","300304_2.0009.73"],"location_quality":"dokładny","gunb_url":"https://wyszukiwarka.gunb.gov.pl/","parcel_count":24,"parcel_shard":"x068-y210","parcel_id":"300304_2.0007.20","location_source":"powiat gnieźnieński (wfs)"}},{"type":"Feature","id":"ST-WK-GN/WNIOSEK/22064/2025::300304_2.0007.21/2","geometry":{"type":"Polygon","coordinates":[[[17.2451382801479,52.5836071174816],[17.245568716354,52.5835401548751],[17.2456540208218,52.5834049271011],[17.2456678549496,52.5833338567663],[17.2456485803892,52.5832811910554],[17.2441665032311,52.5823649960546],[17.2430737368145,52.5816903076267],[17.2407701046231,52.5815795363477],[17.2389846130271,52.5812222374474],[17.2369170127895,52.5797069985595],[17.2368197202554,52.5799333237393],[17.2366829925115,52.5801912031506],[17.2364236249636,52.5806319362465],[17.2361667091755,52.581080206884],[17.2359756504598,52.5814170758479],[17.2359372501003,52.5814719933611],[17.2357467566865,52.5819808861893],[17.2356799233209,52.582189899488],[17.2356013624844,52.5823933957321],[17.2355335614973,52.5825033676866],[17.2354300515305,52.5826480216108],[17.2353564872999,52.5827226086806],[17.2351666720843,52.5828799834857],[17.2350436693069,52.5829771835644],[17.234938068371,52.5830504836158],[17.2342361489876,52.5835144218082],[17.2337609179956,52.5838316851552],[17.2335427544334,52.583976877565],[17.2334275123688,52.58404662653],[17.2333029470387,52.5841142621918],[17.233248839158,52.5841411208748],[17.2330357145054,52.5842301147506],[17.2326248066058,52.5844079393305],[17.2324754636752,52.5845179903161],[17.2337688658994,52.585035859746],[17.2340163229409,52.5850269396945],[17.2344881803288,52.5848845043982],[17.2348195181535,52.5848317100737],[17.2353464229236,52.5848409055643],[17.2358748950273,52.5848572815597],[17.2377535701885,52.5850953659391],[17.2380332630616,52.5851697156631],[17.23824021501,52.5851983926437],[17.2385166713135,52.5852157738308],[17.2389884660077,52.5852075988441],[17.239521720265,52.5851017014478],[17.2405033290475,52.5850586461508],[17.2411924300566,52.5849091259373],[17.2413650081874,52.5848351409154],[17.2415577105121,52.5847426344684],[17.241736000719,52.5845622957275],[17.2419031757672,52.5843554059115],[17.2420028534852,52.5842811393213],[17.2422766374044,52.5842174543489],[17.2430574776436,52.5840662259669],[17.2434928838391,52.5839836083461],[17.2436993763525,52.5839197932771],[17.2440681570339,52.5837400651252],[17.2443099740154,52.583692347397],[17.2451382801479,52.5836071174816]]]},"properties":{"case_id":"ST-WK-GN/WNIOSEK/22064/2025","source_type":"wniosek_decyzja","received_date":"2025-10-16","decision_date":"2025-11-06","status":"decyzja wydana","description":"budowa sieci kanalizacji sanitarnej","address":"Kiszkowo","city":"Kiszkowo","office":"Starosta Powiatu Gniezno","case_kind":"Obiekt budowlany inny niż budynek mieszkalny jednorodzinny","parcel_ids":["300304_2.0007.12/1","300304_2.0007.12/2","300304_2.0007.12/3","300304_2.0007.19/2","300304_2.0007.20","300304_2.0007.21/2","300304_2.0007.22","300304_2.0007.7/15","300304_2.0007.7/4","300304_2.0007.8","300304_2.0009.45","300304_2.0009.46/2","300304_2.0009.47","300304_2.0009.48","300304_2.0009.49","300304_2.0009.50","300304_2.0009.51","300304_2.0009.53","300304_2.0009.54","300304_2.0009.55","300304_2.0009.56","300304_2.0009.57","300304_2.0009.58/13","300304_2.0009.58/8","300304_2.0009.64","300304_2.0009.73"],"location_quality":"dokładny","gunb_url":"https://wyszukiwarka.gunb.gov.pl/","parcel_count":24,"parcel_shard":"x068-y210","parcel_id":"300304_2.0007.21/2","location_source":"powiat gnieźnieński (wfs)"}},{"type":"Feature","id":"ST-WK-GN/WNIOSEK/22064/2025::300304_2.0007.22","geometry":{"type":"Polygon","coordinates":[[[17.2453541960093,52.5836103931942],[17.2455956357478,52.5835678875611],[17.245568716354,52.5835401548751],[17.2451382801479,52.5836071174816],[17.2443099740154,52.583692347397],[17.2440681570339,52.5837400651252],[17.2436993763525,52.5839197932771],[17.2434928838391,52.5839836083461],[17.2430574776436,52.5840662259669],[17.2422766374044,52.5842174543489],[17.2420028534852,52.5842811393213],[17.2419031757672,52.5843554059115],[17.241736000719,52.5845622957275],[17.2415577105121,52.5847426344684],[17.2413650081874,52.5848351409154],[17.2411924300566,52.5849091259373],[17.2405033290475,52.5850586461508],[17.239521720265,52.5851017014478],[17.2389884660077,52.5852075988441],[17.2385166713135,52.5852157738308],[17.23824021501,52.5851983926437],[17.2380332630616,52.5851697156631],[17.2377535701885,52.5850953659391],[17.2358748950273,52.5848572815597],[17.2353464229236,52.5848409055643],[17.2348195181535,52.5848317100737],[17.2344881803288,52.5848845043982],[17.2340163229409,52.5850269396945],[17.2337688658994,52.585035859746],[17.2335615468599,52.5852139060674],[17.2336907165479,52.5852291721389],[17.2338677096245,52.5851299215378],[17.2340530821132,52.5850514828935],[17.2345033010838,52.5849131940653],[17.234825786057,52.5848604414948],[17.2353452907334,52.5848678743684],[17.2358708465034,52.584886960502],[17.237739140976,52.5851324642154],[17.2380085242012,52.5851967965751],[17.2382317184927,52.5852262952321],[17.2385566778756,52.5852517147337],[17.2389991954583,52.585238825413],[17.2395437769419,52.5851301777006],[17.2405392642197,52.58508768517],[17.2412368418526,52.5849432473259],[17.2414114903915,52.5848696118628],[17.2416078890624,52.5847662124105],[17.2417920035894,52.5845798239221],[17.2419700298985,52.5843676692063],[17.2420475504331,52.5843030356167],[17.2422886961216,52.584237169857],[17.2430880868476,52.5840941213122],[17.2435196419293,52.5840103536257],[17.2437357146451,52.5839456836522],[17.2438582278484,52.583903212707],[17.2441077588669,52.5837787024255],[17.2442489039717,52.5837393772589],[17.2444376680787,52.5837082717802],[17.2453541960093,52.5836103931942]]]},"properties":{"case_id":"ST-WK-GN/WNIOSEK/22064/2025","source_type":"wniosek_decyzja","received_date":"2025-10-16","decision_date":"2025-11-06","status":"decyzja wydana","description":"budowa sieci kanalizacji sanitarnej","address":"Kiszkowo","city":"Kiszkowo","office":"Starosta Powiatu Gniezno","case_kind":"Obiekt budowlany inny niż budynek mieszkalny jednorodzinny","parcel_ids":["300304_2.0007.12/1","300304_2.0007.12/2","300304_2.0007.12/3","300304_2.0007.19/2","300304_2.0007.20","300304_2.0007.21/2","300304_2.0007.22","300304_2.0007.7/15","300304_2.0007.7/4","300304_2.0007.8","300304_2.0009.45","300304_2.0009.46/2","300304_2.0009.47","300304_2.0009.48","300304_2.0009.49","300304_2.0009.50","300304_2.0009.51","300304_2.0009.53","300304_2.0009.54","300304_2.0009.55","300304_2.0009.56","300304_2.0009.57","300304_2.0009.58/13","300304_2.0009.58/8","300304_2.0009.64","300304_2.0009.73"],"location_quality":"dokładny","gunb_url":"https://wyszukiwarka.gunb.gov.pl/","parcel_count":24,"parcel_shard":"x068-y210","parcel_id":"300304_2.0007.22","location_source":"powiat gnieźnieński (wfs)"}},{"type":"Feature","id":"ST-WK-GN/WNIOSEK/22064/2025::300304_2.0007.7/15","geometry":{"type":"Polygon","coordinates":[[[17.2153381540411,52.5783777546282],[17.2153327304734,52.5787062976041],[17.215349062161,52.5790310302638],[17.2153320647001,52.5795037440745],[17.2153315530855,52.5796398097187],[17.2153159250052,52.579705314086],[17.2154961842182,52.579632542199],[17.2168274690625,52.5793798211742],[17.2174318147037,52.5792612285244],[17.2177820921805,52.579193081674],[17.2173743255155,52.5789436837387],[17.2168822981326,52.5785797671141],[17.2162344676127,52.5780928584491],[17.216214702313,52.5780595641659],[17.2156000991945,52.5783485734065],[17.2153381540411,52.5783777546282]]]},"properties":{"case_id":"ST-WK-GN/WNIOSEK/22064/2025","source_type":"wniosek_decyzja","received_date":"2025-10-16","decision_date":"2025-11-06","status":"decyzja wydana","description":"budowa sieci kanalizacji sanitarnej","address":"Kiszkowo","city":"Kiszkowo","office":"Starosta Powiatu Gniezno","case_kind":"Obiekt budowlany inny niż budynek mieszkalny jednorodzinny","parcel_ids":["300304_2.0007.12/1","300304_2.0007.12/2","300304_2.0007.12/3","300304_2.0007.19/2","300304_2.0007.20","300304_2.0007.21/2","300304_2.0007.22","300304_2.0007.7/15","300304_2.0007.7/4","300304_2.0007.8","300304_2.0009.45","300304_2.0009.46/2","300304_2.0009.47","300304_2.0009.48","300304_2.0009.49","300304_2.0009.50","300304_2.0009.51","300304_2.0009.53","300304_2.0009.54","300304_2.0009.55","300304_2.0009.56","300304_2.0009.57","300304_2.0009.58/13","300304_2.0009.58/8","300304_2.0009.64","300304_2.0009.73"],"location_quality":"dokładny","gunb_url":"https://wyszukiwarka.gunb.gov.pl/","parcel_count":24,"parcel_shard":"x068-y210","parcel_id":"300304_2.0007.7/15","location_source":"powiat gnieźnieński (wfs)"}},{"type":"Feature","id":"ST-WK-GN/WNIOSEK/22064/2025::300304_2.0007.7/4","geometry":{"type":"Polygon","coordinates":[[[17.2181456114553,52.5795747166777],[17.2177820921805,52.579193081674],[17.2174318147037,52.5792612285244],[17.2175407412506,52.5793994371704],[17.2172333143861,52.5795112139556],[17.2174693785772,52.5797623324831],[17.2175087141602,52.5798054738199],[17.2181456114553,52.5795747166777]]]},"properties":{"case_id":"ST-WK-GN/WNIOSEK/22064/2025","source_type":"wniosek_decyzja","received_date":"2025-10-16","decision_date":"2025-11-06","status":"decyzja wydana","description":"budowa sieci kanalizacji sanitarnej","address":"Kiszkowo","city":"Kiszkowo","office":"Starosta Powiatu Gniezno","case_kind":"Obiekt budowlany inny niż budynek mieszkalny jednorodzinny","parcel_ids":["300304_2.0007.12/1","300304_2.0007.12/2","300304_2.0007.12/3","300304_2.0007.19/2","300304_2.0007.20","300304_2.0007.21/2","300304_2.0007.22","300304_2.0007.7/15","300304_2.0007.7/4","300304_2.0007.8","300304_2.0009.45","300304_2.0009.46/2","300304_2.0009.47","300304_2.0009.48","300304_2.0009.49","300304_2.0009.50","300304_2.0009.51","300304_2.0009.53","300304_2.0009.54","300304_2.0009.55","300304_2.0009.56","300304_2.0009.57","300304_2.0009.58/13","300304_2.0009.58/8","300304_2.0009.64","300304_2.0009.73"],"location_quality":"dokładny","gunb_url":"https://wyszukiwarka.gunb.gov.pl/","parcel_count":24,"parcel_shard":"x068-y210","parcel_id":"300304_2.0007.7/4","location_source":"powiat gnieźnieński (wfs)"}},{"type":"Feature","id":"ST-WK-GN/WNIOSEK/22064/2025::300304_2.0007.8","geometry":{"type":"Polygon","coordinates":[[[17.2181456114553,52.5795747166777],[17.2194599277708,52.5816029024176],[17.2197999941114,52.5816145628689],[17.2184645420341,52.5795354234016],[17.218368555722,52.5795395414625],[17.2183418997627,52.5795196207629],[17.218272930468,52.5794663693642],[17.2181495360151,52.579366720444],[17.2179574055529,52.5791847880723],[17.2174809204173,52.5788362051075],[17.2174553972621,52.578820388239],[17.2171834735463,52.5786393532537],[17.2169512536393,52.5784738214237],[17.2169065827873,52.578450886099],[17.2166689606723,52.5782797231874],[17.2163377358286,52.5780240463015],[17.2163782706666,52.5779130413082],[17.2164015764744,52.5778646702635],[17.2166608164642,52.5776983798138],[17.2166889341526,52.5776694004295],[17.2168121142748,52.577584531764],[17.2169430396813,52.5774577442766],[17.2171590824856,52.5772823028103],[17.2171926569447,52.5772532084724],[17.217204479208,52.5772428184001],[17.2174116680998,52.577019511818],[17.2174913724348,52.576890800935],[17.2175159722483,52.5768278634407],[17.21751625861,52.576815189285],[17.2175222011787,52.5765432801944],[17.2174512084333,52.5763732856111],[17.2169460454372,52.5760006233908],[17.2168374250568,52.5759256220489],[17.2162373204253,52.5754735786896],[17.2154184554417,52.5748543354819],[17.2151967874435,52.5746866848328],[17.2150996455252,52.5746132383496],[17.2142464431681,52.5739699978992],[17.2136000876944,52.5737122887623],[17.2135229942946,52.5736810916677],[17.2130629155495,52.5735760455927],[17.2097218078309,52.5724870954469],[17.2095017359777,52.572535506568],[17.2095869439317,52.5725639093477],[17.2125915563442,52.5735376487621],[17.2132675149238,52.5737558622497],[17.2138939580614,52.5739657585304],[17.2139633043836,52.5739906991197],[17.2140133384026,52.5740167161348],[17.2140729576807,52.574054463609],[17.2144538370412,52.5743411508318],[17.2148357660803,52.5746288207008],[17.215505896226,52.5751389728776],[17.2164485145674,52.575851900966],[17.2166659420653,52.5760171827296],[17.216792519504,52.5761127741799],[17.2168877083291,52.5761752539919],[17.2169175337395,52.5762011823808],[17.2170330631402,52.5763579413422],[17.2171010150058,52.5764369033364],[17.2171550113172,52.5765087388531],[17.2171891452634,52.5765849793294],[17.2172219527118,52.576661315747],[17.2172373100759,52.576746270393],[17.2172321319613,52.5768169384231],[17.2172082890353,52.5768934440204],[17.2171794860638,52.576950558588],[17.2171034367813,52.5770287409344],[17.2170203956525,52.5771142353369],[17.216842309715,52.5772809646717],[17.2168762078189,52.5773650813217],[17.2168355606191,52.5774273647344],[17.2168143150818,52.5774605674374],[17.2166123172151,52.5776279245981],[17.216235714905,52.5778822921908],[17.2161184933747,52.5779614141776],[17.216189352361,52.5780167961566],[17.216214702313,52.5780595641659],[17.2162344676127,52.5780928584491],[17.2168822981326,52.5785797671141],[17.2173743255155,52.5789436837387],[17.2177820921805,52.579193081674],[17.2181456114553,52.5795747166777]]]},"properties":{"case_id":"ST-WK-GN/WNIOSEK/22064/2025","source_type":"wniosek_decyzja","received_date":"2025-10-16","decision_date":"2025-11-06","status":"decyzja wydana","description":"budowa sieci kanalizacji sanitarnej","address":"Kiszkowo","city":"Kiszkowo","office":"Starosta Powiatu Gniezno","case_kind":"Obiekt budowlany inny niż budynek mieszkalny jednorodzinny","parcel_ids":["300304_2.0007.12/1","300304_2.0007.12/2","300304_2.0007.12/3","300304_2.0007.19/2","300304_2.0007.20","300304_2.0007.21/2","300304_2.0007.22","300304_2.0007.7/15","300304_2.0007.7/4","300304_2.0007.8","300304_2.0009.45","300304_2.0009.46/2","300304_2.0009.47","300304_2.0009.48","300304_2.0009.49","300304_2.0009.50","300304_2.0009.51","300304_2.0009.53","300304_2.0009.54","300304_2.0009.55","300304_2.0009.56","300304_2.0009.57","300304_2.0009.58/13","300304_2.0009.58/8","300304_2.0009.64","300304_2.0009.73"],"location_quality":"dokładny","gunb_url":"https://wyszukiwarka.gunb.gov.pl/","parcel_count":24,"parcel_shard":"x068-y210","parcel_id":"300304_2.0007.8","location_source":"powiat gnieźnieński (wfs)"}},{"type":"Feature","id":"ST-WK-GN/WNIOSEK/22064/2025::300304_2.0009.45","geometry":{"type":"Polygon","coordinates":[[[17.252925921919,52.5897430413342],[17.2526719494802,52.5896871172524],[17.2523911385425,52.5896326715873],[17.2517468416905,52.5894985652883],[17.2510253817436,52.5893506278803],[17.2509536540707,52.5893339071396],[17.249375586043,52.5890048647975],[17.2487999437773,52.5888833008754],[17.2482878245446,52.5887750791473],[17.2479287646922,52.5886994627523],[17.2470921913455,52.5885202420052],[17.2466704886078,52.5884234627295],[17.2462777385323,52.58834223459],[17.2456478569608,52.5882093455076],[17.2449579917366,52.5880637579781],[17.2447385611338,52.5880211068474],[17.2435899060329,52.5877912490237],[17.2423302277153,52.5875397292384],[17.2415912410382,52.5873944368676],[17.240844910049,52.5872474750657],[17.2397656438614,52.5870349210268],[17.238880271093,52.5868654844977],[17.2380796654474,52.5867009905187],[17.2376864321803,52.5866068787409],[17.2374589767572,52.5865513104874],[17.2368094919761,52.5863182186241],[17.2357520910026,52.5858853194859],[17.2354797369856,52.5857738150569],[17.234904887706,52.5855346403688],[17.2343967129296,52.5853232021225],[17.2340930396167,52.5851966736455],[17.2339507998863,52.5851373357588],[17.2337515191142,52.5852690595861],[17.2341167694375,52.5854267239765],[17.2342457914497,52.5854825609931],[17.2345119604493,52.5855937478766],[17.2354787565207,52.5859997511104],[17.2355767532864,52.5860413609507],[17.2363088302419,52.5863521988386],[17.2367512144389,52.586496152365],[17.2373784903885,52.5866725132794],[17.2375342706972,52.5867209654315],[17.2377706420167,52.586780332378],[17.2379905648884,52.586829013354],[17.2385064871303,52.5869319905038],[17.2396925816841,52.5871657530585],[17.2422602679195,52.5876640903212],[17.242979381462,52.5878021159583],[17.2435273513812,52.5879084220286],[17.2446893610207,52.5881400327735],[17.245216275882,52.5882493980048],[17.2453423045351,52.5882724297441],[17.2466696767811,52.5885544554615],[17.2477735753541,52.5887861355327],[17.249296113248,52.5891055655139],[17.2506265937759,52.5893847438688],[17.2519084967987,52.5896756199513],[17.2523319610462,52.5897656510998],[17.2527484148153,52.5898515023145],[17.2533680954741,52.5899794359977],[17.2541648819227,52.590140725215],[17.2546740993931,52.5902476169381],[17.2547408593181,52.5902630190181],[17.2552795369127,52.5903766847202],[17.2556152140573,52.5904392134853],[17.255787105514,52.5904726984069],[17.2558225400618,52.5903584222475],[17.2543815303814,52.5900516747123],[17.252925921919,52.5897430413342]]]},"properties":{"case_id":"ST-WK-GN/WNIOSEK/22064/2025","source_type":"wniosek_decyzja","received_date":"2025-10-16","decision_date":"2025-11-06","status":"decyzja wydana","description":"budowa sieci kanalizacji sanitarnej","address":"Kiszkowo","city":"Kiszkowo","office":"Starosta Powiatu Gniezno","case_kind":"Obiekt budowlany inny niż budynek mieszkalny jednorodzinny","parcel_ids":["300304_2.0007.12/1","300304_2.0007.12/2","300304_2.0007.12/3","300304_2.0007.19/2","300304_2.0007.20","300304_2.0007.21/2","300304_2.0007.22","300304_2.0007.7/15","300304_2.0007.7/4","300304_2.0007.8","300304_2.0009.45","300304_2.0009.46/2","300304_2.0009.47","300304_2.0009.48","300304_2.0009.49","300304_2.0009.50","300304_2.0009.51","300304_2.0009.53","300304_2.0009.54","300304_2.0009.55","300304_2.0009.56","300304_2.0009.57","300304_2.0009.58/13","300304_2.0009.58/8","300304_2.0009.64","300304_2.0009.73"],"location_quality":"dokładny","gunb_url":"https://wyszukiwarka.gunb.gov.pl/","parcel_count":24,"parcel_shard":"x068-y210","parcel_id":"300304_2.0009.45","location_source":"powiat gnieźnieński (wfs)"}},{"type":"Feature","id":"ST-WK-GN/WNIOSEK/22064/2025::300304_2.0009.46/2","geometry":{"type":"Polygon","coordinates":[[[17.2340849687059,52.5850757794196],[17.2339507998863,52.5851373357588],[17.2340930396167,52.5851966736455],[17.2343967129296,52.5853232021225],[17.234904887706,52.5855346403688],[17.2351735524989,52.585621659171],[17.2357706853143,52.5858688919223],[17.2357520910026,52.5858853194859],[17.2368094919761,52.5863182186241],[17.2374589767572,52.5865513104874],[17.2376864321803,52.5866068787409],[17.2380796654474,52.5867009905187],[17.238880271093,52.5868654844977],[17.2382960129791,52.5863675130389],[17.2376642166652,52.5858292388476],[17.2371348009283,52.5853780791981],[17.2367480306708,52.5850486267511],[17.2358620513461,52.5849262788647],[17.2353488447762,52.5849036290855],[17.2348744650985,52.5848940058624],[17.2345598414299,52.5849383628055],[17.2340849687059,52.5850757794196]]]},"properties":{"case_id":"ST-WK-GN/WNIOSEK/22064/2025","source_type":"wniosek_decyzja","received_date":"2025-10-16","decision_date":"2025-11-06","status":"decyzja wydana","description":"budowa sieci kanalizacji sanitarnej","address":"Kiszkowo","city":"Kiszkowo","office":"Starosta Powiatu Gniezno","case_kind":"Obiekt budowlany inny niż budynek mieszkalny jednorodzinny","parcel_ids":["300304_2.0007.12/1","300304_2.0007.12/2","300304_2.0007.12/3","300304_2.0007.19/2","300304_2.0007.20","300304_2.0007.21/2","300304_2.0007.22","300304_2.0007.7/15","300304_2.0007.7/4","300304_2.0007.8","300304_2.0009.45","300304_2.0009.46/2","300304_2.0009.47","300304_2.0009.48","300304_2.0009.49","300304_2.0009.50","300304_2.0009.51","300304_2.0009.53","300304_2.0009.54","300304_2.0009.55","300304_2.0009.56","300304_2.0009.57","300304_2.0009.58/13","300304_2.0009.58/8","300304_2.0009.64","300304_2.0009.73"],"location_quality":"dokładny","gunb_url":"https://wyszukiwarka.gunb.gov.pl/","parcel_count":24,"parcel_shard":"x068-y210","parcel_id":"300304_2.0009.46/2","location_source":"powiat gnieźnieński (wfs)"}},{"type":"Feature","id":"ST-WK-GN/WNIOSEK/22064/2025::300304_2.0009.47","geometry":{"type":"Polygon","coordinates":[[[17.2382960129791,52.5863675130389],[17.238880271093,52.5868654844977],[17.2397656438614,52.5870349210268],[17.240844910049,52.5872474750657],[17.2393013578102,52.5859392561215],[17.2385848584579,52.5852860041314],[17.2382625927045,52.5852635378914],[17.2379662025115,52.5852220735155],[17.2377763801268,52.5851712946161],[17.2367480306708,52.5850486267511],[17.2371348009283,52.5853780791981],[17.2376642166652,52.5858292388476],[17.2382960129791,52.5863675130389]]]},"properties":{"case_id":"ST-WK-GN/WNIOSEK/22064/2025","source_type":"wniosek_decyzja","received_date":"2025-10-16","decision_date":"2025-11-06","status":"decyzja wydana","description":"budowa sieci kanalizacji sanitarnej","address":"Kiszkowo","city":"Kiszkowo","office":"Starosta Powiatu Gniezno","case_kind":"Obiekt budowlany inny niż budynek mieszkalny jednorodzinny","parcel_ids":["300304_2.0007.12/1","300304_2.0007.12/2","300304_2.0007.12/3","300304_2.0007.19/2","300304_2.0007.20","300304_2.0007.21/2","300304_2.0007.22","300304_2.0007.7/15","300304_2.0007.7/4","300304_2.0007.8","300304_2.0009.45","300304_2.0009.46/2","300304_2.0009.47","300304_2.0009.48","300304_2.0009.49","300304_2.0009.50","300304_2.0009.51","300304_2.0009.53","300304_2.0009.54","300304_2.0009.55","300304_2.0009.56","300304_2.0009.57","300304_2.0009.58/13","300304_2.0009.58/8","300304_2.0009.64","300304_2.0009.73"],"location_quality":"dokładny","gunb_url":"https://wyszukiwarka.gunb.gov.pl/","parcel_count":24,"parcel_shard":"x068-y210","parcel_id":"300304_2.0009.47","location_source":"powiat gnieźnieński (wfs)"}},{"type":"Feature","id":"ST-WK-GN/WNIOSEK/22064/2025::300304_2.0009.48","geometry":{"type":"Polygon","coordinates":[[[17.2385848584579,52.5852860041314],[17.2393013578102,52.5859392561215],[17.240844910049,52.5872474750657],[17.2415912410382,52.5873944368676],[17.2405287299485,52.5864939246774],[17.2401626947066,52.5861835798442],[17.2396810505173,52.5857754281571],[17.2390571093008,52.5852673109589],[17.2385848584579,52.5852860041314]]]},"properties":{"case_id":"ST-WK-GN/WNIOSEK/22064/2025","source_type":"wniosek_decyzja","received_date":"2025-10-16","decision_date":"2025-11-06","status":"decyzja wydana","description":"budowa sieci kanalizacji sanitarnej","address":"Kiszkowo","city":"Kiszkowo","office":"Starosta Powiatu Gniezno","case_kind":"Obiekt budowlany inny niż budynek mieszkalny jednorodzinny","parcel_ids":["300304_2.0007.12/1","300304_2.0007.12/2","300304_2.0007.12/3","300304_2.0007.19/2","300304_2.0007.20","300304_2.0007.21/2","300304_2.0007.22","300304_2.0007.7/15","300304_2.0007.7/4","300304_2.0007.8","300304_2.0009.45","300304_2.0009.46/2","300304_2.0009.47","300304_2.0009.48","300304_2.0009.49","300304_2.0009.50","300304_2.0009.51","300304_2.0009.53","300304_2.0009.54","300304_2.0009.55","300304_2.0009.56","300304_2.0009.57","300304_2.0009.58/13","300304_2.0009.58/8","300304_2.0009.64","300304_2.0009.73"],"location_quality":"dokładny","gunb_url":"https://wyszukiwarka.gunb.gov.pl/","parcel_count":24,"parcel_shard":"x068-y210","parcel_id":"300304_2.0009.48","location_source":"powiat gnieźnieński (wfs)"}},{"type":"Feature","id":"ST-WK-GN/WNIOSEK/22064/2025::300304_2.0009.49","geometry":{"type":"Polygon","coordinates":[[[17.2405287299485,52.5864939246774],[17.2415912410382,52.5873944368676],[17.2423302277153,52.5875397292384],[17.2435899060329,52.5877912490237],[17.2447385611338,52.5880211068474],[17.2449579917366,52.5880637579781],[17.2448536836294,52.5879768142929],[17.2434498163811,52.5867832306732],[17.2431855076074,52.5865541590073],[17.2422687648775,52.5857704069923],[17.2413927589281,52.5850365893653],[17.2412746689671,52.5849702098853],[17.2405338010221,52.5851218649328],[17.2395530681297,52.5851642871711],[17.2390571093008,52.5852673109589],[17.2396810505173,52.5857754281571],[17.2401626947066,52.5861835798442],[17.2405287299485,52.5864939246774]]]},"properties":{"case_id":"ST-WK-GN/WNIOSEK/22064/2025","source_type":"wniosek_decyzja","received_date":"2025-10-16","decision_date":"2025-11-06","status":"decyzja wydana","description":"budowa sieci kanalizacji sanitarnej","address":"Kiszkowo","city":"Kiszkowo","office":"Starosta Powiatu Gniezno","case_kind":"Obiekt budowlany inny niż budynek mieszkalny jednorodzinny","parcel_ids":["300304_2.0007.12/1","300304_2.0007.12/2","300304_2.0007.12/3","300304_2.0007.19/2","300304_2.0007.20","300304_2.0007.21/2","300304_2.0007.22","300304_2.0007.7/15","300304_2.0007.7/4","300304_2.0007.8","300304_2.0009.45","300304_2.0009.46/2","300304_2.0009.47","300304_2.0009.48","300304_2.0009.49","300304_2.0009.50","300304_2.0009.51","300304_2.0009.53","300304_2.0009.54","300304_2.0009.55","300304_2.0009.56","300304_2.0009.57","300304_2.0009.58/13","300304_2.0009.58/8","300304_2.0009.64","300304_2.0009.73"],"location_quality":"dokładny","gunb_url":"https://wyszukiwarka.gunb.gov.pl/","parcel_count":24,"parcel_shard":"x068-y210","parcel_id":"300304_2.0009.49","location_source":"powiat gnieźnieński (wfs)"}},{"type":"Feature","id":"ST-WK-GN/WNIOSEK/22064/2025::300304_2.0009.50","geometry":{"type":"Polygon","coordinates":[[[17.2434498163811,52.5867832306732],[17.2448536836294,52.5879768142929],[17.2449579917366,52.5880637579781],[17.2456478569608,52.5882093455076],[17.2451953608852,52.5878267465868],[17.2438161173179,52.5866276216572],[17.2426132919054,52.5856077864215],[17.2417412727199,52.5848685753456],[17.2416300001056,52.5847988224046],[17.2412746689671,52.5849702098853],[17.2413927589281,52.5850365893653],[17.2422687648775,52.5857704069923],[17.2431855076074,52.5865541590073],[17.2434498163811,52.5867832306732]]]},"properties":{"case_id":"ST-WK-GN/WNIOSEK/22064/2025","source_type":"wniosek_decyzja","received_date":"2025-10-16","decision_date":"2025-11-06","status":"decyzja wydana","description":"budowa sieci kanalizacji sanitarnej","address":"Kiszkowo","city":"Kiszkowo","office":"Starosta Powiatu Gniezno","case_kind":"Obiekt budowlany inny niż budynek mieszkalny jednorodzinny","parcel_ids":["300304_2.0007.12/1","300304_2.0007.12/2","300304_2.0007.12/3","300304_2.0007.19/2","300304_2.0007.20","300304_2.0007.21/2","300304_2.0007.22","300304_2.0007.7/15","300304_2.0007.7/4","300304_2.0007.8","300304_2.0009.45","300304_2.0009.46/2","300304_2.0009.47","300304_2.0009.48","300304_2.0009.49","300304_2.0009.50","300304_2.0009.51","300304_2.0009.53","300304_2.0009.54","300304_2.0009.55","300304_2.0009.56","300304_2.0009.57","300304_2.0009.58/13","300304_2.0009.58/8","300304_2.0009.64","300304_2.0009.73"],"location_quality":"dokładny","gunb_url":"https://wyszukiwarka.gunb.gov.pl/","parcel_count":24,"parcel_shard":"x068-y210","parcel_id":"300304_2.0009.50","location_source":"powiat gnieźnieński (wfs)"}},{"type":"Feature","id":"ST-WK-GN/WNIOSEK/22064/2025::300304_2.0009.51","geometry":{"type":"Polygon","coordinates":[[[17.2451953608852,52.5878267465868],[17.2456478569608,52.5882093455076],[17.2462777385323,52.58834223459],[17.245506661825,52.5876924818776],[17.2441027509971,52.5864840589538],[17.2429068845138,52.5854776750594],[17.2420131541078,52.5847256275269],[17.2418343144766,52.5845997543755],[17.2416300001056,52.5847988224046],[17.2417412727199,52.5848685753456],[17.2426132919054,52.5856077864215],[17.2438161173179,52.5866276216572],[17.2451953608852,52.5878267465868]]]},"properties":{"case_id":"ST-WK-GN/WNIOSEK/22064/2025","source_type":"wniosek_decyzja","received_date":"2025-10-16","decision_date":"2025-11-06","status":"decyzja wydana","description":"budowa sieci kanalizacji sanitarnej","address":"Kiszkowo","city":"Kiszkowo","office":"Starosta Powiatu Gniezno","case_kind":"Obiekt budowlany inny niż budynek mieszkalny jednorodzinny","parcel_ids":["300304_2.0007.12/1","300304_2.0007.12/2","300304_2.0007.12/3","300304_2.0007.19/2","300304_2.0007.20","300304_2.0007.21/2","300304_2.0007.22","300304_2.0007.7/15","300304_2.0007.7/4","300304_2.0007.8","300304_2.0009.45","300304_2.0009.46/2","300304_2.0009.47","300304_2.0009.48","300304_2.0009.49","300304_2.0009.50","300304_2.0009.51","300304_2.0009.53","300304_2.0009.54","300304_2.0009.55","300304_2.0009.56","300304_2.0009.57","300304_2.0009.58/13","300304_2.0009.58/8","300304_2.0009.64","300304_2.0009.73"],"location_quality":"dokładny","gunb_url":"https://wyszukiwarka.gunb.gov.pl/","parcel_count":24,"parcel_shard":"x068-y210","parcel_id":"300304_2.0009.51","location_source":"powiat gnieźnieński (wfs)"}},{"type":"Feature","id":"ST-WK-GN/WNIOSEK/22064/2025::300304_2.0009.53","geometry":{"type":"Polygon","coordinates":[[[17.245905131833,52.5875174295797],[17.2470921913455,52.5885202420052],[17.2479287646922,52.5886994627523],[17.2463154700539,52.5873384970362],[17.2449051010556,52.5861339044314],[17.24371487767,52.5851195025636],[17.2431118029337,52.5846054144814],[17.2426333782568,52.5842019058432],[17.2423046807191,52.5842523726714],[17.2421801588788,52.5842880208626],[17.242125488534,52.5843051794575],[17.2424694860651,52.5845715503626],[17.24261033747,52.5846922117061],[17.2433179658883,52.5852928932216],[17.2445149948345,52.5863089741489],[17.245905131833,52.5875174295797]]]},"properties":{"case_id":"ST-WK-GN/WNIOSEK/22064/2025","source_type":"wniosek_decyzja","received_date":"2025-10-16","decision_date":"2025-11-06","status":"decyzja wydana","description":"budowa sieci kanalizacji sanitarnej","address":"Kiszkowo","city":"Kiszkowo","office":"Starosta Powiatu Gniezno","case_kind":"Obiekt budowlany inny niż budynek mieszkalny jednorodzinny","parcel_ids":["300304_2.0007.12/1","300304_2.0007.12/2","300304_2.0007.12/3","300304_2.0007.19/2","300304_2.0007.20","300304_2.0007.21/2","300304_2.0007.22","300304_2.0007.7/15","300304_2.0007.7/4","300304_2.0007.8","300304_2.0009.45","300304_2.0009.46/2","300304_2.0009.47","300304_2.0009.48","300304_2.0009.49","300304_2.0009.50","300304_2.0009.51","300304_2.0009.53","300304_2.0009.54","300304_2.0009.55","300304_2.0009.56","300304_2.0009.57","300304_2.0009.58/13","300304_2.0009.58/8","300304_2.0009.64","300304_2.0009.73"],"location_quality":"dokładny","gunb_url":"https://wyszukiwarka.gunb.gov.pl/","parcel_count":24,"parcel_shard":"x068-y210","parcel_id":"300304_2.0009.53","location_source":"powiat gnieźnieński (wfs)"}},{"type":"Feature","id":"ST-WK-GN/WNIOSEK/22064/2025::300304_2.0009.54","geometry":{"type":"Polygon","coordinates":[[[17.2463154700539,52.5873384970362],[17.2479287646922,52.5886994627523],[17.2482878245446,52.5887750791473],[17.2487999437773,52.5888833008754],[17.2467402846291,52.5871498589302],[17.2431782163388,52.5841033962934],[17.2426333782568,52.5842019058432],[17.2431118029337,52.5846054144814],[17.24371487767,52.5851195025636],[17.2449051010556,52.5861339044314],[17.2463154700539,52.5873384970362]]]},"properties":{"case_id":"ST-WK-GN/WNIOSEK/22064/2025","source_type":"wniosek_decyzja","received_date":"2025-10-16","decision_date":"2025-11-06","status":"decyzja wydana","description":"budowa sieci kanalizacji sanitarnej","address":"Kiszkowo","city":"Kiszkowo","office":"Starosta Powiatu Gniezno","case_kind":"Obiekt budowlany inny niż budynek mieszkalny jednorodzinny","parcel_ids":["300304_2.0007.12/1","300304_2.0007.12/2","300304_2.0007.12/3","300304_2.0007.19/2","300304_2.0007.20","300304_2.0007.21/2","300304_2.0007.22","300304_2.0007.7/15","300304_2.0007.7/4","300304_2.0007.8","300304_2.0009.45","300304_2.0009.46/2","300304_2.0009.47","300304_2.0009.48","300304_2.0009.49","300304_2.0009.50","300304_2.0009.51","300304_2.0009.53","300304_2.0009.54","300304_2.0009.55","300304_2.0009.56","300304_2.0009.57","300304_2.0009.58/13","300304_2.0009.58/8","300304_2.0009.64","300304_2.0009.73"],"location_quality":"dokładny","gunb_url":"https://wyszukiwarka.gunb.gov.pl/","parcel_count":24,"parcel_shard":"x068-y210","parcel_id":"300304_2.0009.54","location_source":"powiat gnieźnieński (wfs)"}},{"type":"Feature","id":"ST-WK-GN/WNIOSEK/22064/2025::300304_2.0009.55","geometry":{"type":"Polygon","coordinates":[[[17.2431782163388,52.5841033962934],[17.2467402846291,52.5871498589302],[17.2487999437773,52.5888833008754],[17.249375586043,52.5890048647975],[17.2481913075523,52.5880082045693],[17.2470225004866,52.5870245723551],[17.2456465591091,52.5858114503267],[17.2444456104811,52.5848012419718],[17.2439567261711,52.5843887113637],[17.2435953239162,52.5840777588624],[17.2435388623355,52.58403614638],[17.2431782163388,52.5841033962934]]]},"properties":{"case_id":"ST-WK-GN/WNIOSEK/22064/2025","source_type":"wniosek_decyzja","received_date":"2025-10-16","decision_date":"2025-11-06","status":"decyzja wydana","description":"budowa sieci kanalizacji sanitarnej","address":"Kiszkowo","city":"Kiszkowo","office":"Starosta Powiatu Gniezno","case_kind":"Obiekt budowlany inny niż budynek mieszkalny jednorodzinny","parcel_ids":["300304_2.0007.12/1","300304_2.0007.12/2","300304_2.0007.12/3","300304_2.0007.19/2","300304_2.0007.20","300304_2.0007.21/2","300304_2.0007.22","300304_2.0007.7/15","300304_2.0007.7/4","300304_2.0007.8","300304_2.0009.45","300304_2.0009.46/2","300304_2.0009.47","300304_2.0009.48","300304_2.0009.49","300304_2.0009.50","300304_2.0009.51","300304_2.0009.53","300304_2.0009.54","300304_2.0009.55","300304_2.0009.56","300304_2.0009.57","300304_2.0009.58/13","300304_2.0009.58/8","300304_2.0009.64","300304_2.0009.73"],"location_quality":"dokładny","gunb_url":"https://wyszukiwarka.gunb.gov.pl/","parcel_count":24,"parcel_shard":"x068-y210","parcel_id":"300304_2.0009.55","location_source":"powiat gnieźnieński (wfs)"}},{"type":"Feature","id":"ST-WK-GN/WNIOSEK/22064/2025::300304_2.0009.56","geometry":{"type":"Polygon","coordinates":[[[17.2481913075523,52.5880082045693],[17.249375586043,52.5890048647975],[17.2509536540707,52.5893339071396],[17.2510253817436,52.5893506278803],[17.2509164395814,52.589257638761],[17.2507200814045,52.5890901306046],[17.2506093944587,52.5889956921802],[17.2502597391525,52.5886972560071],[17.2501323284386,52.5885885112336],[17.2493927100396,52.5879023475408],[17.2477806071635,52.5864918720388],[17.2461196457158,52.5851178296864],[17.2446288187539,52.5838844136035],[17.2444213338288,52.5837292361231],[17.2442686869779,52.5837630101188],[17.243900215971,52.5839438159476],[17.2435388623355,52.58403614638],[17.2435953239162,52.5840777588624],[17.2439567261711,52.5843887113637],[17.2444456104811,52.5848012419718],[17.2456465591091,52.5858114503267],[17.2470225004866,52.5870245723551],[17.2481913075523,52.5880082045693]]]},"properties":{"case_id":"ST-WK-GN/WNIOSEK/22064/2025","source_type":"wniosek_decyzja","received_date":"2025-10-16","decision_date":"2025-11-06","status":"decyzja wydana","description":"budowa sieci kanalizacji sanitarnej","address":"Kiszkowo","city":"Kiszkowo","office":"Starosta Powiatu Gniezno","case_kind":"Obiekt budowlany inny niż budynek mieszkalny jednorodzinny","parcel_ids":["300304_2.0007.12/1","300304_2.0007.12/2","300304_2.0007.12/3","300304_2.0007.19/2","300304_2.0007.20","300304_2.0007.21/2","300304_2.0007.22","300304_2.0007.7/15","300304_2.0007.7/4","300304_2.0007.8","300304_2.0009.45","300304_2.0009.46/2","300304_2.0009.47","300304_2.0009.48","300304_2.0009.49","300304_2.0009.50","300304_2.0009.51","300304_2.0009.53","300304_2.0009.54","300304_2.0009.55","300304_2.0009.56","300304_2.0009.57","300304_2.0009.58/13","300304_2.0009.58/8","300304_2.0009.64","300304_2.0009.73"],"location_quality":"dokładny","gunb_url":"https://wyszukiwarka.gunb.gov.pl/","parcel_count":24,"parcel_shard":"x068-y210","parcel_id":"300304_2.0009.56","location_source":"powiat gnieźnieński (wfs)"}},{"type":"Feature","id":"ST-WK-GN/WNIOSEK/22064/2025::300304_2.0009.58/8","geometry":{"type":"Polygon","coordinates":[[[17.2542616474666,52.5883953378194],[17.254175000166,52.5883209840866],[17.2538977511819,52.5884020470349],[17.2536301840427,52.5884802782672],[17.2535193624208,52.5885126800246],[17.2533551021687,52.5885511164449],[17.2531017639036,52.5886103962866],[17.2530156010598,52.5885927234356],[17.2527089827109,52.5882910515792],[17.2525484417026,52.5883379887851],[17.2527041156421,52.5884912567207],[17.252845332699,52.5886301934458],[17.2531294810316,52.5889096526406],[17.253140720497,52.5889274708708],[17.2534318076651,52.5893902295699],[17.2535967325401,52.5893505918906],[17.2531797581049,52.5886883838574],[17.2535779947491,52.5885952690087],[17.2539237055703,52.5884941463559],[17.2542616474666,52.5883953378194]]]},"properties":{"case_id":"ST-WK-GN/WNIOSEK/22064/2025","source_type":"wniosek_decyzja","received_date":"2025-10-16","decision_date":"2025-11-06","status":"decyzja wydana","description":"budowa sieci kanalizacji sanitarnej","address":"Kiszkowo","city":"Kiszkowo","office":"Starosta Powiatu Gniezno","case_kind":"Obiekt budowlany inny niż budynek mieszkalny jednorodzinny","parcel_ids":["300304_2.0007.12/1","300304_2.0007.12/2","300304_2.0007.12/3","300304_2.0007.19/2","300304_2.0007.20","300304_2.0007.21/2","300304_2.0007.22","300304_2.0007.7/15","300304_2.0007.7/4","300304_2.0007.8","300304_2.0009.45","300304_2.0009.46/2","300304_2.0009.47","300304_2.0009.48","300304_2.0009.49","300304_2.0009.50","300304_2.0009.51","300304_2.0009.53","300304_2.0009.54","300304_2.0009.55","300304_2.0009.56","300304_2.0009.57","300304_2.0009.58/13","300304_2.0009.58/8","300304_2.0009.64","300304_2.0009.73"],"location_quality":"dokładny","gunb_url":"https://wyszukiwarka.gunb.gov.pl/","parcel_count":24,"parcel_shard":"x068-y210","parcel_id":"300304_2.0009.58/8","location_source":"powiat gnieźnieński (wfs)"}},{"type":"Feature","id":"ST-WK-GN/WNIOSEK/22064/2025::300304_2.0009.64","geometry":{"type":"Polygon","coordinates":[[[17.251471831115,52.5839484050719],[17.2518414235288,52.5841146788237],[17.2518001532531,52.5840392923093],[17.2515630864964,52.5839308844301],[17.2514787496303,52.5839133190249],[17.2512289843249,52.5838830761286],[17.2510475138943,52.5838848569072],[17.2502444535757,52.5839705455836],[17.2501060603818,52.5840055504765],[17.2494129746761,52.5843664457346],[17.2493116001716,52.584400191789],[17.2491859379553,52.5843819261301],[17.2488944829215,52.5843231191526],[17.2486072208202,52.5842463155229],[17.2483823634172,52.5840892178592],[17.2482617158565,52.5838893731708],[17.2481852044799,52.5836794283644],[17.2481032000723,52.5836142137823],[17.2478483920146,52.5835363525108],[17.247793694865,52.5835285277515],[17.2462216447268,52.5834830841118],[17.2455956357478,52.5835678875611],[17.2453541960093,52.5836103931942],[17.2444376680787,52.5837082717802],[17.2442489039717,52.5837393772589],[17.2441077588669,52.5837787024255],[17.2438582278484,52.583903212707],[17.2437357146451,52.5839456836522],[17.2435196419293,52.5840103536257],[17.2430880868476,52.5840941213122],[17.2422886961216,52.584237169857],[17.2420475504331,52.5843030356167],[17.2419700298985,52.5843676692063],[17.2417920035894,52.5845798239221],[17.2416078890624,52.5847662124105],[17.2414114903915,52.5848696118628],[17.2412368418526,52.5849432473259],[17.2405392642197,52.58508768517],[17.2395437769419,52.5851301777006],[17.2389991954583,52.585238825413],[17.2385566778756,52.5852517147337],[17.2382317184927,52.5852262952321],[17.2380085242012,52.5851967965751],[17.237739140976,52.5851324642154],[17.2358708465034,52.584886960502],[17.2353452907334,52.5848678743684],[17.234825786057,52.5848604414948],[17.2345033010838,52.5849131940653],[17.2340530821132,52.5850514828935],[17.2338677096245,52.5851299215378],[17.2336907165479,52.5852291721389],[17.2337515191142,52.5852690595861],[17.2339507998863,52.5851373357588],[17.2340849687059,52.5850757794196],[17.2345598414299,52.5849383628055],[17.2348744650985,52.5848940058624],[17.2353488447762,52.5849036290855],[17.2358620513461,52.5849262788647],[17.2367480306708,52.5850486267511],[17.2377763801268,52.5851712946161],[17.2379662025115,52.5852220735155],[17.2382625927045,52.5852635378914],[17.2385848584579,52.5852860041314],[17.2390571093008,52.5852673109589],[17.2395530681297,52.5851642871711],[17.2405338010221,52.5851218649328],[17.2412746689671,52.5849702098853],[17.2416300001056,52.5847988224046],[17.2418343144766,52.5845997543755],[17.2420759466207,52.5843424462134],[17.242125488534,52.5843051794575],[17.2421801588788,52.5842880208626],[17.2423046807191,52.5842523726714],[17.2426333782568,52.5842019058432],[17.2431782163388,52.5841033962934],[17.2435388623355,52.58403614638],[17.243900215971,52.5839438159476],[17.2442686869779,52.5837630101188],[17.2444213338288,52.5837292361231],[17.2453605170674,52.5836427189256],[17.2459465736152,52.5835491213],[17.2466854748154,52.5835221924881],[17.2474897794074,52.5835548919099],[17.247828133201,52.5835670089553],[17.2480845572415,52.5836556478307],[17.2481332461371,52.5837686588707],[17.2481881881706,52.5839086030892],[17.2483120907193,52.5841318004232],[17.2485843391075,52.5843021506467],[17.2493586327868,52.5844651255097],[17.2495931525996,52.5843333063095],[17.2501595807521,52.5840248842231],[17.2510524458048,52.5839234804712],[17.251471831115,52.5839484050719]]]},"properties":{"case_id":"ST-WK-GN/WNIOSEK/22064/2025","source_type":"wniosek_decyzja","received_date":"2025-10-16","decision_date":"2025-11-06","status":"decyzja wydana","description":"budowa sieci kanalizacji sanitarnej","address":"Kiszkowo","city":"Kiszkowo","office":"Starosta Powiatu Gniezno","case_kind":"Obiekt budowlany inny niż budynek mieszkalny jednorodzinny","parcel_ids":["300304_2.0007.12/1","300304_2.0007.12/2","300304_2.0007.12/3","300304_2.0007.19/2","300304_2.0007.20","300304_2.0007.21/2","300304_2.0007.22","300304_2.0007.7/15","300304_2.0007.7/4","300304_2.0007.8","300304_2.0009.45","300304_2.0009.46/2","300304_2.0009.47","300304_2.0009.48","300304_2.0009.49","300304_2.0009.50","300304_2.0009.51","300304_2.0009.53","300304_2.0009.54","300304_2.0009.55","300304_2.0009.56","300304_2.0009.57","300304_2.0009.58/13","300304_2.0009.58/8","300304_2.0009.64","300304_2.0009.73"],"location_quality":"dokładny","gunb_url":"https://wyszukiwarka.gunb.gov.pl/","parcel_count":24,"parcel_shard":"x068-y210","parcel_id":"300304_2.0009.64","location_source":"powiat gnieźnieński (wfs)"}},{"type":"Feature","id":"ST-WK-GN/WNIOSEK/22064/2025::300304_2.0009.73","geometry":{"type":"Polygon","coordinates":[[[17.2604365194731,52.5875538475327],[17.2605387110863,52.5875261100914],[17.2607836204175,52.587510879862],[17.2609409279751,52.587566276508],[17.2606409828589,52.587393395123],[17.2605251413967,52.5874266825194],[17.2599972666327,52.5875846368565],[17.2595913540987,52.58769526119],[17.2590221409065,52.5878589490217],[17.2587543702144,52.5879325591895],[17.2587121962892,52.5879441527439],[17.2584859872454,52.5880070204346],[17.2582174893736,52.5880816404538],[17.2580833610528,52.588118916709],[17.257945361195,52.5881506039199],[17.2575843215897,52.5882332707215],[17.2574889195181,52.5882612427],[17.2574479074337,52.5882733083286],[17.2573829347131,52.5882924124047],[17.2573956925485,52.5883086176228],[17.2549781176237,52.5890176686307],[17.2549652140044,52.5890015537085],[17.2548304688568,52.5890287111168],[17.2545754413213,52.5891016058679],[17.2543204128704,52.5891745000385],[17.2540653834454,52.5892473936101],[17.2540351143051,52.5892515623813],[17.2539831274439,52.5892596359295],[17.253932371921,52.5892715682019],[17.2536791782122,52.5893307769622],[17.2535967325401,52.5893505918906],[17.2534318076651,52.5893902295699],[17.2533230656902,52.5894163642081],[17.2523911385425,52.5896326715873],[17.2526719494802,52.5896871172524],[17.2537223100754,52.5894235904134],[17.2546733723901,52.5891848963981],[17.254713820663,52.5891747219137],[17.2549444547535,52.5891171491501],[17.2549793069965,52.5891060895895],[17.2551884031147,52.5890397374113],[17.2554191257199,52.5889666142421],[17.25563235768,52.5888988791908],[17.2557311322751,52.5888690945017],[17.2559486128405,52.5888062108906],[17.2561619029545,52.5887445383539],[17.2563734320527,52.5886838531499],[17.2566712915047,52.5886007856821],[17.2570371059037,52.5884987653925],[17.2574820324936,52.5883764105971],[17.2577339421389,52.5883101894287],[17.2579654011601,52.5882486522565],[17.2581540675803,52.5881984702992],[17.2584052308863,52.5881317124088],[17.2586996103043,52.588041103278],[17.2587311093416,52.5880350161402],[17.2590668067325,52.5879434793174],[17.2593057377961,52.5878762026848],[17.2596467448274,52.5877891804187],[17.260206872978,52.5876182549854],[17.2604365194731,52.5875538475327]]]},"properties":{"case_id":"ST-WK-GN/WNIOSEK/22064/2025","source_type":"wniosek_decyzja","received_date":"2025-10-16","decision_date":"2025-11-06","status":"decyzja wydana","description":"budowa sieci kanalizacji sanitarnej","address":"Kiszkowo","city":"Kiszkowo","office":"Starosta Powiatu Gniezno","case_kind":"Obiekt budowlany inny niż budynek mieszkalny jednorodzinny","parcel_ids":["300304_2.0007.12/1","300304_2.0007.12/2","300304_2.0007.12/3","300304_2.0007.19/2","300304_2.0007.20","300304_2.0007.21/2","300304_2.0007.22","300304_2.0007.7/15","300304_2.0007.7/4","300304_2.0007.8","300304_2.0009.45","300304_2.0009.46/2","300304_2.0009.47","300304_2.0009.48","300304_2.0009.49","300304_2.0009.50","300304_2.0009.51","300304_2.0009.53","300304_2.0009.54","300304_2.0009.55","300304_2.0009.56","300304_2.0009.57","300304_2.0009.58/13","300304_2.0009.58/8","300304_2.0009.64","300304_2.0009.73"],"location_quality":"dokładny","gunb_url":"https://wyszukiwarka.gunb.gov.pl/","parcel_count":24,"parcel_shard":"x068-y210","parcel_id":"300304_2.0009.73","location_source":"powiat gnieźnieński (wfs)"}},{"type":"Feature","id":"ST-WK-GN/WNIOSEK/22171/2025::300304_2.0007.178","geometry":{"type":"Polygon","coordinates":[[[17.1951818963201,52.5713295933791],[17.1953972171406,52.5708627406864],[17.1949190122977,52.5708268480226],[17.1948952007201,52.5713272130161],[17.1950914762424,52.5713609110444],[17.1951818963201,52.5713295933791]]]},"properties":{"case_id":"ST-WK-GN/WNIOSEK/22171/2025","source_type":"wniosek_decyzja","received_date":"2025-10-22","decision_date":"2025-12-03","status":"decyzja wydana","description":"budynek letniskowy","address":"Karczewo","city":"Karczewo","office":"Starosta Powiatu Gniezno","case_kind":"Obiekt budowlany inny niż budynek mieszkalny jednorodzinny","parcel_ids":["300304_2.0007.178"],"location_quality":"dokładny","gunb_url":"https://wyszukiwarka.gunb.gov.pl/","parcel_count":1,"parcel_shard":"x068-y210","parcel_id":"300304_2.0007.178","location_source":"powiat gnieźnieński (wfs)"}},{"type":"Feature","id":"ST-WK-GN/WNIOSEK/323/2026::300304_2.0007.3/48","geometry":{"type":"Polygon","coordinates":[[[17.1899514033715,52.5718121754316],[17.1897431018404,52.5722906030635],[17.1902847779088,52.5723780392318],[17.1903679548388,52.5721871358238],[17.1904902017085,52.5719062741167],[17.1899514033715,52.5718121754316]]]},"properties":{"case_id":"ST-WK-GN/WNIOSEK/323/2026","source_type":"wniosek_decyzja","received_date":"2025-12-22","decision_date":"2026-01-22","status":"decyzja wydana","description":"Budowa budynku mieszkalnego jednorodzinnego","address":"Karczewo","city":"Karczewo","office":"Starosta Powiatu Gniezno","case_kind":"Budynek mieszkalny jednorodzinny","parcel_ids":["300304_2.0007.3/48"],"location_quality":"dokładny","gunb_url":"https://wyszukiwarka.gunb.gov.pl/","parcel_count":1,"parcel_shard":"x068-y210","parcel_id":"300304_2.0007.3/48","location_source":"powiat gnieźnieński (wfs)"}},{"type":"Feature","id":"ST-WK-GN/WNIOSEK/10409/2026::300304_2.0007.3/49","geometry":{"type":"Polygon","coordinates":[[[17.1904902017085,52.5719062741167],[17.1903679548388,52.5721871358238],[17.1912132271177,52.5723504533395],[17.1913358776965,52.5720541299148],[17.1904902017085,52.5719062741167]]]},"properties":{"case_id":"ST-WK-GN/WNIOSEK/10409/2026","source_type":"wniosek_decyzja","received_date":"2026-05-29","decision_date":"2026-06-16","status":"decyzja wydana","description":"Budowa budynku gospodarczego z funkcją garażową","address":"Karczewo","city":"Karczewo","office":"Starosta Powiatu Gniezno","case_kind":"Obiekt budowlany inny niż budynek mieszkalny jednorodzinny","parcel_ids":["300304_2.0007.3/49"],"location_quality":"dokładny","gunb_url":"https://wyszukiwarka.gunb.gov.pl/","parcel_count":1,"parcel_shard":"x068-y210","parcel_id":"300304_2.0007.3/49","location_source":"powiat gnieźnieński (wfs)"}},{"type":"Feature","id":"ST-WK-GN/WNIOSEK/9100/2026::300304_2.0008.124","geometry":{"type":"Polygon","coordinates":[[[17.196521104522,52.5718683080376],[17.1959022001273,52.5717623658781],[17.1958032715391,52.5719788679197],[17.1964178913653,52.5720840205444],[17.196521104522,52.5718683080376]]]},"properties":{"case_id":"ST-WK-GN/WNIOSEK/9100/2026","source_type":"wniosek_decyzja","received_date":"2026-05-06","decision_date":"2026-05-26","status":"decyzja wydana","description":"budynek letniskowy","address":"Karczewo","city":"Karczewo","office":"Starosta Powiatu Gniezno","case_kind":"Obiekt budowlany inny niż budynek mieszkalny jednorodzinny","parcel_ids":["300304_2.0008.124"],"location_quality":"dokładny","gunb_url":"https://wyszukiwarka.gunb.gov.pl/","parcel_count":1,"parcel_shard":"x068-y210","parcel_id":"300304_2.0008.124","location_source":"powiat gnieźnieński (wfs)"}},{"type":"Feature","id":"ST-WK-GN/WNIOSEK/9075/2026::300304_2.0008.154","geometry":{"type":"Polygon","coordinates":[[[17.2112461257032,52.5684293806752],[17.2107848333532,52.5682852945559],[17.2106554650526,52.5682449775019],[17.2103152991135,52.5686494793579],[17.2109037047438,52.5688364755244],[17.2112461257032,52.5684293806752]]]},"properties":{"case_id":"ST-WK-GN/WNIOSEK/9075/2026","source_type":"wniosek_decyzja","received_date":"2026-05-06","decision_date":"2026-05-08","status":"decyzja wydana","description":"budowa budunku mieszkalnego jednorodzinnego z budynkiem gospodarczo - garażowym oraz bezodpływowym zbiornikiem na ścieki","address":"Karczewko","city":"Karczewko","office":"Starosta Powiatu Gniezno","case_kind":"Budynek mieszkalny jednorodzinny","parcel_ids":["300304_2.0008.154"],"location_quality":"dokładny","gunb_url":"https://wyszukiwarka.gunb.gov.pl/","parcel_count":1,"parcel_shard":"x068-y210","parcel_id":"300304_2.0008.154","location_source":"powiat gnieźnieński (wfs)"}},{"type":"Feature","id":"ST-WK-GN/WNIOSEK/7934/2026::300304_2.0008.155","geometry":{"type":"Polygon","coordinates":[[[17.2109037047438,52.5688364755244],[17.2114921121785,52.5690236485072],[17.2118235889935,52.5686097385776],[17.2115702781611,52.568530670599],[17.2112461257032,52.5684293806752],[17.2109037047438,52.5688364755244]]]},"properties":{"case_id":"ST-WK-GN/WNIOSEK/7934/2026","source_type":"wniosek_decyzja","received_date":"2026-04-16","decision_date":"2026-05-08","status":"decyzja wydana","description":"Budowa budynku mieszkalnego jednorodzinnego wolnostojącego oraz szamba bezodpływowego","address":"Karczewko","city":"Karczewko","office":"Starosta Powiatu Gniezno","case_kind":"Budynek mieszkalny jednorodzinny","parcel_ids":["300304_2.0008.155"],"location_quality":"dokładny","gunb_url":"https://wyszukiwarka.gunb.gov.pl/","parcel_count":1,"parcel_shard":"x068-y210","parcel_id":"300304_2.0008.155","location_source":"powiat gnieźnieński (wfs)"}},{"type":"Feature","id":"ST-WK-GN/WNIOSEK/22065/2025::300304_2.0008.169","geometry":{"type":"Polygon","coordinates":[[[17.2123944542119,52.5687881624026],[17.212602798846,52.5685368222298],[17.2122387178502,52.56842475424],[17.2118832916685,52.5683154389515],[17.2117779702804,52.5682830123487],[17.2115702781611,52.568530670599],[17.2118235889935,52.5686097385776],[17.2123944542119,52.5687881624026]]]},"properties":{"case_id":"ST-WK-GN/WNIOSEK/22065/2025","source_type":"wniosek_decyzja","received_date":"2025-10-16","decision_date":"2025-12-23","status":"decyzja wydana","description":"budowa budynku mieszkalnego jednorodzinnego wraz ze zbiornikiem szczelnym na nieczystości ciekłe","address":"Karczewko","city":"Karczewko","office":"Starosta Powiatu Gniezno","case_kind":"Budynek mieszkalny jednorodzinny","parcel_ids":["300304_2.0008.169"],"location_quality":"dokładny","gunb_url":"https://wyszukiwarka.gunb.gov.pl/","parcel_count":1,"parcel_shard":"x068-y210","parcel_id":"300304_2.0008.169","location_source":"powiat gnieźnieński (wfs)"}},{"type":"Feature","id":"ST-WK-GN/WNIOSEK/22158/2025::300304_2.0008.3/17","geometry":{"type":"Polygon","coordinates":[[[17.194917646455,52.5675268568203],[17.1949930283606,52.5674901254789],[17.1953347756243,52.5673267551221],[17.1951076900816,52.5671451187497],[17.1946382576249,52.5673627055443],[17.1948349648455,52.5675200291085],[17.194917646455,52.5675268568203]]]},"properties":{"case_id":"ST-WK-GN/WNIOSEK/22158/2025","source_type":"wniosek_decyzja","received_date":"2025-10-20","decision_date":"2025-11-05","status":"decyzja wydana","description":"rozbudowa budynku letniskowego","address":"Karczewko","city":"Karczewko","office":"Starosta Powiatu Gniezno","case_kind":"Obiekt budowlany inny niż budynek mieszkalny jednorodzinny","parcel_ids":["300304_2.0008.3/17"],"location_quality":"dokładny","gunb_url":"https://wyszukiwarka.gunb.gov.pl/","parcel_count":1,"parcel_shard":"x068-y210","parcel_id":"300304_2.0008.3/17","location_source":"powiat gnieźnieński (wfs)"}},{"type":"Feature","id":"ST-WK-GN/WNIOSEK/20091/2025::300304_2.0008.34/99","geometry":{"type":"Polygon","coordinates":[[[17.2135888683448,52.564694201425],[17.2137802597107,52.5644487718997],[17.2135155049524,52.5643758251613],[17.2133274979542,52.5646206996149],[17.2135888683448,52.564694201425]]]},"properties":{"case_id":"ST-WK-GN/WNIOSEK/20091/2025","source_type":"wniosek_decyzja","received_date":"2025-09-02","decision_date":"2025-09-24","status":"decyzja wydana","description":"Budynek mieszkalny jednorodzinny","address":"Kiszkowo","city":"Kiszkowo","office":"Starosta Powiatu Gniezno","case_kind":"Budynek mieszkalny jednorodzinny","parcel_ids":["300304_2.0008.34/99"],"location_quality":"dokładny","gunb_url":"https://wyszukiwarka.gunb.gov.pl/","parcel_count":1,"parcel_shard":"x068-y210","parcel_id":"300304_2.0008.34/99","location_source":"powiat gnieźnieński (wfs)"}},{"type":"Feature","id":"ST-WK-GN/WNIOSEK/21775/2025::300304_2.0020.9/2","geometry":{"type":"Polygon","coordinates":[[[17.207475508231,52.5613351535175],[17.2078447590013,52.5607811425095],[17.2078538727787,52.5606324422407],[17.2077418420258,52.5604905780663],[17.2072723666213,52.5605228866116],[17.2070073010056,52.5605556241141],[17.2062032232135,52.5607246972206],[17.2053198264243,52.560847382878],[17.2051928320337,52.5608339299776],[17.2043677822264,52.560989243056],[17.2046447060485,52.5615004937201],[17.2046973939221,52.5618345167696],[17.2048175333305,52.5620234737195],[17.2056751695663,52.561840314993],[17.207475508231,52.5613351535175]]]},"properties":{"case_id":"ST-WK-GN/WNIOSEK/21775/2025","source_type":"wniosek_decyzja","received_date":"2025-09-23","decision_date":"2025-10-16","status":"decyzja wydana","description":"budowa instalacji gazowej","address":"Turostówko","city":"Turostówko","office":"Starosta Powiatu Gniezno","case_kind":"Obiekt budowlany inny niż budynek mieszkalny jednorodzinny","parcel_ids":["300304_2.0020.9/2"],"location_quality":"dokładny","gunb_url":"https://wyszukiwarka.gunb.gov.pl/","parcel_count":1,"parcel_shard":"x068-y210","parcel_id":"300304_2.0020.9/2","location_source":"powiat gnieźnieński (wfs)"}},{"type":"Feature","id":"ST-WK-OB/WNIOSEK/12440/2026::301602_4.0001.1650","geometry":{"type":"Polygon","coordinates":[[[17.0011053039217,52.7484081159566],[17.0011026894926,52.7482710617643],[17.0011333346415,52.7482712440738],[17.0011316211194,52.748277459882],[17.0011267676233,52.7484084949927],[17.0011053039217,52.7484081159566]]]},"properties":{"case_id":"ST-WK-OB/WNIOSEK/12440/2026","source_type":"wniosek_decyzja","received_date":"2026-06-30","decision_date":"2026-08-20","status":"decyzja wydana","description":"Budowa ulic: Wąskiej oraz Braci Skotarczaków w Rogoźnie","address":"Rogoźno","city":"Rogoźno","office":"Starosta Powiatu Oborniki Wielkopolskie","case_kind":"Obiekt budowlany inny niż budynek mieszkalny jednorodzinny","parcel_ids":["301602_4.0001.1650","301602_4.0001.1653","301602_4.0001.1656","301602_4.0001.1662","301602_4.0001.1667","301602_4.0001.1668/1","301602_4.0001.1669/1","301602_4.0001.1670/1","301602_4.0001.1671/1","301602_4.0001.1676/2","301602_4.0001.1676/9","301602_4.0001.1677/1","301602_4.0001.1677/2","301602_4.0001.1678","301602_4.0001.1679/1","301602_4.0001.1680","301602_4.0001.1681/2","301602_4.0001.1685","301602_4.0001.1686/1","301602_4.0001.1690/1","301602_4.0001.1694/1","301602_4.0001.1698/1","301602_4.0001.1701/1","301602_4.0001.1705/1","301602_4.0001.1708/1","301602_4.0001.1712/1","301602_4.0001.1715/1","301602_4.0001.1716/1","301602_4.0001.1774","301602_4.0001.1775/1","301602_4.0001.1776","301602_4.0001.1777/1","301602_4.0001.1778/3"],"location_quality":"dokładny","gunb_url":"https://wyszukiwarka.gunb.gov.pl/","parcel_count":33,"parcel_shard":"x068-y210","parcel_id":"301602_4.0001.1650","location_source":"powiat obornicki (wfs)"}},{"type":"Feature","id":"ST-WK-OB/WNIOSEK/12440/2026::301602_4.0001.1653","geometry":{"type":"Polygon","coordinates":[[[17.001169563565,52.7481398240763],[17.0011333346415,52.7482712440738],[17.0011026894926,52.7482710617643],[17.0011235401479,52.7481377343155],[17.001169563565,52.7481398240763]]]},"properties":{"case_id":"ST-WK-OB/WNIOSEK/12440/2026","source_type":"wniosek_decyzja","received_date":"2026-06-30","decision_date":"2026-08-20","status":"decyzja wydana","description":"Budowa ulic: Wąskiej oraz Braci Skotarczaków w Rogoźnie","address":"Rogoźno","city":"Rogoźno","office":"Starosta Powiatu Oborniki Wielkopolskie","case_kind":"Obiekt budowlany inny niż budynek mieszkalny jednorodzinny","parcel_ids":["301602_4.0001.1650","301602_4.0001.1653","301602_4.0001.1656","301602_4.0001.1662","301602_4.0001.1667","301602_4.0001.1668/1","301602_4.0001.1669/1","301602_4.0001.1670/1","301602_4.0001.1671/1","301602_4.0001.1676/2","301602_4.0001.1676/9","301602_4.0001.1677/1","301602_4.0001.1677/2","301602_4.0001.1678","301602_4.0001.1679/1","301602_4.0001.1680","301602_4.0001.1681/2","301602_4.0001.1685","301602_4.0001.1686/1","301602_4.0001.1690/1","301602_4.0001.1694/1","301602_4.0001.1698/1","301602_4.0001.1701/1","301602_4.0001.1705/1","301602_4.0001.1708/1","301602_4.0001.1712/1","301602_4.0001.1715/1","301602_4.0001.1716/1","301602_4.0001.1774","301602_4.0001.1775/1","301602_4.0001.1776","301602_4.0001.1777/1","301602_4.0001.1778/3"],"location_quality":"dokładny","gunb_url":"https://wyszukiwarka.gunb.gov.pl/","parcel_count":33,"parcel_shard":"x068-y210","parcel_id":"301602_4.0001.1653","location_source":"powiat obornicki (wfs)"}},{"type":"Feature","id":"ST-WK-OB/WNIOSEK/12440/2026::301602_4.0001.1656","geometry":{"type":"Polygon","coordinates":[[[17.0012293267996,52.7478661110651],[17.0012622376547,52.747872238279],[17.0012532618166,52.7478988165801],[17.0011834764843,52.7480932230087],[17.001169563565,52.7481398240763],[17.0011235401479,52.7481377343155],[17.0011611611238,52.7480302117614],[17.0012293267996,52.7478661110651]]]},"properties":{"case_id":"ST-WK-OB/WNIOSEK/12440/2026","source_type":"wniosek_decyzja","received_date":"2026-06-30","decision_date":"2026-08-20","status":"decyzja wydana","description":"Budowa ulic: Wąskiej oraz Braci Skotarczaków w Rogoźnie","address":"Rogoźno","city":"Rogoźno","office":"Starosta Powiatu Oborniki Wielkopolskie","case_kind":"Obiekt budowlany inny niż budynek mieszkalny jednorodzinny","parcel_ids":["301602_4.0001.1650","301602_4.0001.1653","301602_4.0001.1656","301602_4.0001.1662","301602_4.0001.1667","301602_4.0001.1668/1","301602_4.0001.1669/1","301602_4.0001.1670/1","301602_4.0001.1671/1","301602_4.0001.1676/2","301602_4.0001.1676/9","301602_4.0001.1677/1","301602_4.0001.1677/2","301602_4.0001.1678","301602_4.0001.1679/1","301602_4.0001.1680","301602_4.0001.1681/2","301602_4.0001.1685","301602_4.0001.1686/1","301602_4.0001.1690/1","301602_4.0001.1694/1","301602_4.0001.1698/1","301602_4.0001.1701/1","301602_4.0001.1705/1","301602_4.0001.1708/1","301602_4.0001.1712/1","301602_4.0001.1715/1","301602_4.0001.1716/1","301602_4.0001.1774","301602_4.0001.1775/1","301602_4.0001.1776","301602_4.0001.1777/1","301602_4.0001.1778/3"],"location_quality":"dokładny","gunb_url":"https://wyszukiwarka.gunb.gov.pl/","parcel_count":33,"parcel_shard":"x068-y210","parcel_id":"301602_4.0001.1656","location_source":"powiat obornicki (wfs)"}},{"type":"Feature","id":"ST-WK-OB/WNIOSEK/12440/2026::301602_4.0001.1662","geometry":{"type":"Polygon","coordinates":[[[17.0013177301139,52.7477190537697],[17.0013104245268,52.7477393275102],[17.0012688443857,52.7478547162943],[17.0012622376547,52.747872238279],[17.0012293267996,52.7478661110651],[17.0012780816301,52.7477335123306],[17.0012876636853,52.7477072933828],[17.0013177301139,52.7477190537697]]]},"properties":{"case_id":"ST-WK-OB/WNIOSEK/12440/2026","source_type":"wniosek_decyzja","received_date":"2026-06-30","decision_date":"2026-08-20","status":"decyzja wydana","description":"Budowa ulic: Wąskiej oraz Braci Skotarczaków w Rogoźnie","address":"Rogoźno","city":"Rogoźno","office":"Starosta Powiatu Oborniki Wielkopolskie","case_kind":"Obiekt budowlany inny niż budynek mieszkalny jednorodzinny","parcel_ids":["301602_4.0001.1650","301602_4.0001.1653","301602_4.0001.1656","301602_4.0001.1662","301602_4.0001.1667","301602_4.0001.1668/1","301602_4.0001.1669/1","301602_4.0001.1670/1","301602_4.0001.1671/1","301602_4.0001.1676/2","301602_4.0001.1676/9","301602_4.0001.1677/1","301602_4.0001.1677/2","301602_4.0001.1678","301602_4.0001.1679/1","301602_4.0001.1680","301602_4.0001.1681/2","301602_4.0001.1685","301602_4.0001.1686/1","301602_4.0001.1690/1","301602_4.0001.1694/1","301602_4.0001.1698/1","301602_4.0001.1701/1","301602_4.0001.1705/1","301602_4.0001.1708/1","301602_4.0001.1712/1","301602_4.0001.1715/1","301602_4.0001.1716/1","301602_4.0001.1774","301602_4.0001.1775/1","301602_4.0001.1776","301602_4.0001.1777/1","301602_4.0001.1778/3"],"location_quality":"dokładny","gunb_url":"https://wyszukiwarka.gunb.gov.pl/","parcel_count":33,"parcel_shard":"x068-y210","parcel_id":"301602_4.0001.1662","location_source":"powiat obornicki (wfs)"}},{"type":"Feature","id":"ST-WK-OB/WNIOSEK/12440/2026::301602_4.0001.1667","geometry":{"type":"Polygon","coordinates":[[[17.0014078560523,52.747024544252],[17.0013405251826,52.747226207949],[17.001341963055,52.7472381091418],[17.0013642285167,52.7472500813541],[17.001484774196,52.7472674211124],[17.0014270986883,52.7474185088768],[17.0013215252146,52.7477085219564],[17.0013177301139,52.7477190537697],[17.0012876636853,52.7477072933828],[17.001366282784,52.7475576120355],[17.001424397257,52.7474006611774],[17.0014733834495,52.7472703614427],[17.0013193232137,52.7472530248585],[17.0013279940639,52.7472231781593],[17.0013814709312,52.7470176780831],[17.0014095045081,52.7470160652637],[17.0014520255591,52.7470195021568],[17.001451487886,52.7470250831138],[17.0014078560523,52.747024544252]]]},"properties":{"case_id":"ST-WK-OB/WNIOSEK/12440/2026","source_type":"wniosek_decyzja","received_date":"2026-06-30","decision_date":"2026-08-20","status":"decyzja wydana","description":"Budowa ulic: Wąskiej oraz Braci Skotarczaków w Rogoźnie","address":"Rogoźno","city":"Rogoźno","office":"Starosta Powiatu Oborniki Wielkopolskie","case_kind":"Obiekt budowlany inny niż budynek mieszkalny jednorodzinny","parcel_ids":["301602_4.0001.1650","301602_4.0001.1653","301602_4.0001.1656","301602_4.0001.1662","301602_4.0001.1667","301602_4.0001.1668/1","301602_4.0001.1669/1","301602_4.0001.1670/1","301602_4.0001.1671/1","301602_4.0001.1676/2","301602_4.0001.1676/9","301602_4.0001.1677/1","301602_4.0001.1677/2","301602_4.0001.1678","301602_4.0001.1679/1","301602_4.0001.1680","301602_4.0001.1681/2","301602_4.0001.1685","301602_4.0001.1686/1","301602_4.0001.1690/1","301602_4.0001.1694/1","301602_4.0001.1698/1","301602_4.0001.1701/1","301602_4.0001.1705/1","301602_4.0001.1708/1","301602_4.0001.1712/1","301602_4.0001.1715/1","301602_4.0001.1716/1","301602_4.0001.1774","301602_4.0001.1775/1","301602_4.0001.1776","301602_4.0001.1777/1","301602_4.0001.1778/3"],"location_quality":"dokładny","gunb_url":"https://wyszukiwarka.gunb.gov.pl/","parcel_count":33,"parcel_shard":"x068-y210","parcel_id":"301602_4.0001.1667","location_source":"powiat obornicki (wfs)"}},{"type":"Feature","id":"ST-WK-OB/WNIOSEK/12440/2026::301602_4.0001.1668/1","geometry":{"type":"Polygon","coordinates":[[[17.0012688443857,52.7478547162943],[17.0013795510334,52.747877781347],[17.0013693170598,52.7479021072424],[17.0012532618166,52.7478988165801],[17.0012622376547,52.747872238279],[17.0012688443857,52.7478547162943]]]},"properties":{"case_id":"ST-WK-OB/WNIOSEK/12440/2026","source_type":"wniosek_decyzja","received_date":"2026-06-30","decision_date":"2026-08-20","status":"decyzja wydana","description":"Budowa ulic: Wąskiej oraz Braci Skotarczaków w Rogoźnie","address":"Rogoźno","city":"Rogoźno","office":"Starosta Powiatu Oborniki Wielkopolskie","case_kind":"Obiekt budowlany inny niż budynek mieszkalny jednorodzinny","parcel_ids":["301602_4.0001.1650","301602_4.0001.1653","301602_4.0001.1656","301602_4.0001.1662","301602_4.0001.1667","301602_4.0001.1668/1","301602_4.0001.1669/1","301602_4.0001.1670/1","301602_4.0001.1671/1","301602_4.0001.1676/2","301602_4.0001.1676/9","301602_4.0001.1677/1","301602_4.0001.1677/2","301602_4.0001.1678","301602_4.0001.1679/1","301602_4.0001.1680","301602_4.0001.1681/2","301602_4.0001.1685","301602_4.0001.1686/1","301602_4.0001.1690/1","301602_4.0001.1694/1","301602_4.0001.1698/1","301602_4.0001.1701/1","301602_4.0001.1705/1","301602_4.0001.1708/1","301602_4.0001.1712/1","301602_4.0001.1715/1","301602_4.0001.1716/1","301602_4.0001.1774","301602_4.0001.1775/1","301602_4.0001.1776","301602_4.0001.1777/1","301602_4.0001.1778/3"],"location_quality":"dokładny","gunb_url":"https://wyszukiwarka.gunb.gov.pl/","parcel_count":33,"parcel_shard":"x068-y210","parcel_id":"301602_4.0001.1668/1","location_source":"powiat obornicki (wfs)"}},{"type":"Feature","id":"ST-WK-OB/WNIOSEK/12440/2026::301602_4.0001.1669/1","geometry":{"type":"Polygon","coordinates":[[[17.0012688443857,52.7478547162943],[17.0013104245268,52.7477393275102],[17.0014266727739,52.7477649645507],[17.0013795510334,52.747877781347],[17.0012688443857,52.7478547162943]]]},"properties":{"case_id":"ST-WK-OB/WNIOSEK/12440/2026","source_type":"wniosek_decyzja","received_date":"2026-06-30","decision_date":"2026-08-20","status":"decyzja wydana","description":"Budowa ulic: Wąskiej oraz Braci Skotarczaków w Rogoźnie","address":"Rogoźno","city":"Rogoźno","office":"Starosta Powiatu Oborniki Wielkopolskie","case_kind":"Obiekt budowlany inny niż budynek mieszkalny jednorodzinny","parcel_ids":["301602_4.0001.1650","301602_4.0001.1653","301602_4.0001.1656","301602_4.0001.1662","301602_4.0001.1667","301602_4.0001.1668/1","301602_4.0001.1669/1","301602_4.0001.1670/1","301602_4.0001.1671/1","301602_4.0001.1676/2","301602_4.0001.1676/9","301602_4.0001.1677/1","301602_4.0001.1677/2","301602_4.0001.1678","301602_4.0001.1679/1","301602_4.0001.1680","301602_4.0001.1681/2","301602_4.0001.1685","301602_4.0001.1686/1","301602_4.0001.1690/1","301602_4.0001.1694/1","301602_4.0001.1698/1","301602_4.0001.1701/1","301602_4.0001.1705/1","301602_4.0001.1708/1","301602_4.0001.1712/1","301602_4.0001.1715/1","301602_4.0001.1716/1","301602_4.0001.1774","301602_4.0001.1775/1","301602_4.0001.1776","301602_4.0001.1777/1","301602_4.0001.1778/3"],"location_quality":"dokładny","gunb_url":"https://wyszukiwarka.gunb.gov.pl/","parcel_count":33,"parcel_shard":"x068-y210","parcel_id":"301602_4.0001.1669/1","location_source":"powiat obornicki (wfs)"}},{"type":"Feature","id":"ST-WK-OB/WNIOSEK/12440/2026::301602_4.0001.1670/1","geometry":{"type":"Polygon","coordinates":[[[17.0013104245268,52.7477393275102],[17.0013177301139,52.7477190537697],[17.0013215252146,52.7477085219564],[17.001439220291,52.7477343527281],[17.0014266727739,52.7477649645507],[17.0013104245268,52.7477393275102]]]},"properties":{"case_id":"ST-WK-OB/WNIOSEK/12440/2026","source_type":"wniosek_decyzja","received_date":"2026-06-30","decision_date":"2026-08-20","status":"decyzja wydana","description":"Budowa ulic: Wąskiej oraz Braci Skotarczaków w Rogoźnie","address":"Rogoźno","city":"Rogoźno","office":"Starosta Powiatu Oborniki Wielkopolskie","case_kind":"Obiekt budowlany inny niż budynek mieszkalny jednorodzinny","parcel_ids":["301602_4.0001.1650","301602_4.0001.1653","301602_4.0001.1656","301602_4.0001.1662","301602_4.0001.1667","301602_4.0001.1668/1","301602_4.0001.1669/1","301602_4.0001.1670/1","301602_4.0001.1671/1","301602_4.0001.1676/2","301602_4.0001.1676/9","301602_4.0001.1677/1","301602_4.0001.1677/2","301602_4.0001.1678","301602_4.0001.1679/1","301602_4.0001.1680","301602_4.0001.1681/2","301602_4.0001.1685","301602_4.0001.1686/1","301602_4.0001.1690/1","301602_4.0001.1694/1","301602_4.0001.1698/1","301602_4.0001.1701/1","301602_4.0001.1705/1","301602_4.0001.1708/1","301602_4.0001.1712/1","301602_4.0001.1715/1","301602_4.0001.1716/1","301602_4.0001.1774","301602_4.0001.1775/1","301602_4.0001.1776","301602_4.0001.1777/1","301602_4.0001.1778/3"],"location_quality":"dokładny","gunb_url":"https://wyszukiwarka.gunb.gov.pl/","parcel_count":33,"parcel_shard":"x068-y210","parcel_id":"301602_4.0001.1670/1","location_source":"powiat obornicki (wfs)"}},{"type":"Feature","id":"ST-WK-OB/WNIOSEK/12440/2026::301602_4.0001.1671/1","geometry":{"type":"Polygon","coordinates":[[[17.0013215252146,52.7477085219564],[17.0014270986883,52.7474185088768],[17.0015693114358,52.7474230600057],[17.001439220291,52.7477343527281],[17.0013215252146,52.7477085219564]]]},"properties":{"case_id":"ST-WK-OB/WNIOSEK/12440/2026","source_type":"wniosek_decyzja","received_date":"2026-06-30","decision_date":"2026-08-20","status":"decyzja wydana","description":"Budowa ulic: Wąskiej oraz Braci Skotarczaków w Rogoźnie","address":"Rogoźno","city":"Rogoźno","office":"Starosta Powiatu Oborniki Wielkopolskie","case_kind":"Obiekt budowlany inny niż budynek mieszkalny jednorodzinny","parcel_ids":["301602_4.0001.1650","301602_4.0001.1653","301602_4.0001.1656","301602_4.0001.1662","301602_4.0001.1667","301602_4.0001.1668/1","301602_4.0001.1669/1","301602_4.0001.1670/1","301602_4.0001.1671/1","301602_4.0001.1676/2","301602_4.0001.1676/9","301602_4.0001.1677/1","301602_4.0001.1677/2","301602_4.0001.1678","301602_4.0001.1679/1","301602_4.0001.1680","301602_4.0001.1681/2","301602_4.0001.1685","301602_4.0001.1686/1","301602_4.0001.1690/1","301602_4.0001.1694/1","301602_4.0001.1698/1","301602_4.0001.1701/1","301602_4.0001.1705/1","301602_4.0001.1708/1","301602_4.0001.1712/1","301602_4.0001.1715/1","301602_4.0001.1716/1","301602_4.0001.1774","301602_4.0001.1775/1","301602_4.0001.1776","301602_4.0001.1777/1","301602_4.0001.1778/3"],"location_quality":"dokładny","gunb_url":"https://wyszukiwarka.gunb.gov.pl/","parcel_count":33,"parcel_shard":"x068-y210","parcel_id":"301602_4.0001.1671/1","location_source":"powiat obornicki (wfs)"}},{"type":"Feature","id":"ST-WK-OB/WNIOSEK/12440/2026::301602_4.0001.1676/2","geometry":{"type":"Polygon","coordinates":[[[17.001451487886,52.7470250831138],[17.0013925953384,52.7471782696914],[17.001440179738,52.7472281901968],[17.001484554737,52.7472306308535],[17.0014984757627,52.7472306581754],[17.001484774196,52.7472674211124],[17.0013642285167,52.7472500813541],[17.001341963055,52.7472381091418],[17.0013405251826,52.747226207949],[17.0014078560523,52.747024544252],[17.001451487886,52.7470250831138]]]},"properties":{"case_id":"ST-WK-OB/WNIOSEK/12440/2026","source_type":"wniosek_decyzja","received_date":"2026-06-30","decision_date":"2026-08-20","status":"decyzja wydana","description":"Budowa ulic: Wąskiej oraz Braci Skotarczaków w Rogoźnie","address":"Rogoźno","city":"Rogoźno","office":"Starosta Powiatu Oborniki Wielkopolskie","case_kind":"Obiekt budowlany inny niż budynek mieszkalny jednorodzinny","parcel_ids":["301602_4.0001.1650","301602_4.0001.1653","301602_4.0001.1656","301602_4.0001.1662","301602_4.0001.1667","301602_4.0001.1668/1","301602_4.0001.1669/1","301602_4.0001.1670/1","301602_4.0001.1671/1","301602_4.0001.1676/2","301602_4.0001.1676/9","301602_4.0001.1677/1","301602_4.0001.1677/2","301602_4.0001.1678","301602_4.0001.1679/1","301602_4.0001.1680","301602_4.0001.1681/2","301602_4.0001.1685","301602_4.0001.1686/1","301602_4.0001.1690/1","301602_4.0001.1694/1","301602_4.0001.1698/1","301602_4.0001.1701/1","301602_4.0001.1705/1","301602_4.0001.1708/1","301602_4.0001.1712/1","301602_4.0001.1715/1","301602_4.0001.1716/1","301602_4.0001.1774","301602_4.0001.1775/1","301602_4.0001.1776","301602_4.0001.1777/1","301602_4.0001.1778/3"],"location_quality":"dokładny","gunb_url":"https://wyszukiwarka.gunb.gov.pl/","parcel_count":33,"parcel_shard":"x068-y210","parcel_id":"301602_4.0001.1676/2","location_source":"powiat obornicki (wfs)"}},{"type":"Feature","id":"ST-WK-OB/WNIOSEK/12440/2026::301602_4.0001.1676/9","geometry":{"type":"Polygon","coordinates":[[[17.0014984757627,52.7472306581754],[17.0016363761387,52.7472364025164],[17.0015693114358,52.7474230600057],[17.0014270986883,52.7474185088768],[17.001484774196,52.7472674211124],[17.0014984757627,52.7472306581754]]]},"properties":{"case_id":"ST-WK-OB/WNIOSEK/12440/2026","source_type":"wniosek_decyzja","received_date":"2026-06-30","decision_date":"2026-08-20","status":"decyzja wydana","description":"Budowa ulic: Wąskiej oraz Braci Skotarczaków w Rogoźnie","address":"Rogoźno","city":"Rogoźno","office":"Starosta Powiatu Oborniki Wielkopolskie","case_kind":"Obiekt budowlany inny niż budynek mieszkalny jednorodzinny","parcel_ids":["301602_4.0001.1650","301602_4.0001.1653","301602_4.0001.1656","301602_4.0001.1662","301602_4.0001.1667","301602_4.0001.1668/1","301602_4.0001.1669/1","301602_4.0001.1670/1","301602_4.0001.1671/1","301602_4.0001.1676/2","301602_4.0001.1676/9","301602_4.0001.1677/1","301602_4.0001.1677/2","301602_4.0001.1678","301602_4.0001.1679/1","301602_4.0001.1680","301602_4.0001.1681/2","301602_4.0001.1685","301602_4.0001.1686/1","301602_4.0001.1690/1","301602_4.0001.1694/1","301602_4.0001.1698/1","301602_4.0001.1701/1","301602_4.0001.1705/1","301602_4.0001.1708/1","301602_4.0001.1712/1","301602_4.0001.1715/1","301602_4.0001.1716/1","301602_4.0001.1774","301602_4.0001.1775/1","301602_4.0001.1776","301602_4.0001.1777/1","301602_4.0001.1778/3"],"location_quality":"dokładny","gunb_url":"https://wyszukiwarka.gunb.gov.pl/","parcel_count":33,"parcel_shard":"x068-y210","parcel_id":"301602_4.0001.1676/9","location_source":"powiat obornicki (wfs)"}},{"type":"Feature","id":"ST-WK-OB/WNIOSEK/12440/2026::301602_4.0001.1677/1","geometry":{"type":"Polygon","coordinates":[[[17.001484554737,52.7472306308535],[17.001440179738,52.7472281901968],[17.0013925953384,52.7471782696914],[17.001451487886,52.7470250831138],[17.0014779642771,52.7470265642312],[17.0015365697396,52.7470737914263],[17.001484554737,52.7472306308535]]]},"properties":{"case_id":"ST-WK-OB/WNIOSEK/12440/2026","source_type":"wniosek_decyzja","received_date":"2026-06-30","decision_date":"2026-08-20","status":"decyzja wydana","description":"Budowa ulic: Wąskiej oraz Braci Skotarczaków w Rogoźnie","address":"Rogoźno","city":"Rogoźno","office":"Starosta Powiatu Oborniki Wielkopolskie","case_kind":"Obiekt budowlany inny niż budynek mieszkalny jednorodzinny","parcel_ids":["301602_4.0001.1650","301602_4.0001.1653","301602_4.0001.1656","301602_4.0001.1662","301602_4.0001.1667","301602_4.0001.1668/1","301602_4.0001.1669/1","301602_4.0001.1670/1","301602_4.0001.1671/1","301602_4.0001.1676/2","301602_4.0001.1676/9","301602_4.0001.1677/1","301602_4.0001.1677/2","301602_4.0001.1678","301602_4.0001.1679/1","301602_4.0001.1680","301602_4.0001.1681/2","301602_4.0001.1685","301602_4.0001.1686/1","301602_4.0001.1690/1","301602_4.0001.1694/1","301602_4.0001.1698/1","301602_4.0001.1701/1","301602_4.0001.1705/1","301602_4.0001.1708/1","301602_4.0001.1712/1","301602_4.0001.1715/1","301602_4.0001.1716/1","301602_4.0001.1774","301602_4.0001.1775/1","301602_4.0001.1776","301602_4.0001.1777/1","301602_4.0001.1778/3"],"location_quality":"dokładny","gunb_url":"https://wyszukiwarka.gunb.gov.pl/","parcel_count":33,"parcel_shard":"x068-y210","parcel_id":"301602_4.0001.1677/1","location_source":"powiat obornicki (wfs)"}},{"type":"Feature","id":"ST-WK-OB/WNIOSEK/12440/2026::301602_4.0001.1677/2","geometry":{"type":"Polygon","coordinates":[[[17.0018004279001,52.747050488475],[17.001675886409,52.7471406611142],[17.0016363761387,52.7472364025164],[17.0014984757627,52.7472306581754],[17.001484554737,52.7472306308535],[17.0015365697396,52.7470737914263],[17.0014779642771,52.7470265642312],[17.0016570738183,52.7470371491071],[17.0018004279001,52.747050488475]]]},"properties":{"case_id":"ST-WK-OB/WNIOSEK/12440/2026","source_type":"wniosek_decyzja","received_date":"2026-06-30","decision_date":"2026-08-20","status":"decyzja wydana","description":"Budowa ulic: Wąskiej oraz Braci Skotarczaków w Rogoźnie","address":"Rogoźno","city":"Rogoźno","office":"Starosta Powiatu Oborniki Wielkopolskie","case_kind":"Obiekt budowlany inny niż budynek mieszkalny jednorodzinny","parcel_ids":["301602_4.0001.1650","301602_4.0001.1653","301602_4.0001.1656","301602_4.0001.1662","301602_4.0001.1667","301602_4.0001.1668/1","301602_4.0001.1669/1","301602_4.0001.1670/1","301602_4.0001.1671/1","301602_4.0001.1676/2","301602_4.0001.1676/9","301602_4.0001.1677/1","301602_4.0001.1677/2","301602_4.0001.1678","301602_4.0001.1679/1","301602_4.0001.1680","301602_4.0001.1681/2","301602_4.0001.1685","301602_4.0001.1686/1","301602_4.0001.1690/1","301602_4.0001.1694/1","301602_4.0001.1698/1","301602_4.0001.1701/1","301602_4.0001.1705/1","301602_4.0001.1708/1","301602_4.0001.1712/1","301602_4.0001.1715/1","301602_4.0001.1716/1","301602_4.0001.1774","301602_4.0001.1775/1","301602_4.0001.1776","301602_4.0001.1777/1","301602_4.0001.1778/3"],"location_quality":"dokładny","gunb_url":"https://wyszukiwarka.gunb.gov.pl/","parcel_count":33,"parcel_shard":"x068-y210","parcel_id":"301602_4.0001.1677/2","location_source":"powiat obornicki (wfs)"}},{"type":"Feature","id":"ST-WK-OB/WNIOSEK/12440/2026::301602_4.0001.1678","geometry":{"type":"Polygon","coordinates":[[[17.0009885659398,52.7469332122204],[17.0014654391461,52.7469835574889],[17.0014520255591,52.7470195021568],[17.0014095045081,52.7470160652637],[17.0013814709312,52.7470176780831],[17.0009583046887,52.7469758051386],[17.0009885659398,52.7469332122204]]]},"properties":{"case_id":"ST-WK-OB/WNIOSEK/12440/2026","source_type":"wniosek_decyzja","received_date":"2026-06-30","decision_date":"2026-08-20","status":"decyzja wydana","description":"Budowa ulic: Wąskiej oraz Braci Skotarczaków w Rogoźnie","address":"Rogoźno","city":"Rogoźno","office":"Starosta Powiatu Oborniki Wielkopolskie","case_kind":"Obiekt budowlany inny niż budynek mieszkalny jednorodzinny","parcel_ids":["301602_4.0001.1650","301602_4.0001.1653","301602_4.0001.1656","301602_4.0001.1662","301602_4.0001.1667","301602_4.0001.1668/1","301602_4.0001.1669/1","301602_4.0001.1670/1","301602_4.0001.1671/1","301602_4.0001.1676/2","301602_4.0001.1676/9","301602_4.0001.1677/1","301602_4.0001.1677/2","301602_4.0001.1678","301602_4.0001.1679/1","301602_4.0001.1680","301602_4.0001.1681/2","301602_4.0001.1685","301602_4.0001.1686/1","301602_4.0001.1690/1","301602_4.0001.1694/1","301602_4.0001.1698/1","301602_4.0001.1701/1","301602_4.0001.1705/1","301602_4.0001.1708/1","301602_4.0001.1712/1","301602_4.0001.1715/1","301602_4.0001.1716/1","301602_4.0001.1774","301602_4.0001.1775/1","301602_4.0001.1776","301602_4.0001.1777/1","301602_4.0001.1778/3"],"location_quality":"dokładny","gunb_url":"https://wyszukiwarka.gunb.gov.pl/","parcel_count":33,"parcel_shard":"x068-y210","parcel_id":"301602_4.0001.1678","location_source":"powiat obornicki (wfs)"}},{"type":"Feature","id":"ST-WK-OB/WNIOSEK/12440/2026::301602_4.0001.1679/1","geometry":{"type":"Polygon","coordinates":[[[17.0010490912762,52.7468613628183],[17.0010908035107,52.7468834459671],[17.0016067259777,52.7469376083487],[17.0017122889943,52.7468699422593],[17.0016449616725,52.7470299354811],[17.001589709036,52.7470305046841],[17.0014520255591,52.7470195021568],[17.0014654391461,52.7469835574889],[17.0009885659398,52.7469332122204],[17.0010490912762,52.7468613628183]]]},"properties":{"case_id":"ST-WK-OB/WNIOSEK/12440/2026","source_type":"wniosek_decyzja","received_date":"2026-06-30","decision_date":"2026-08-20","status":"decyzja wydana","description":"Budowa ulic: Wąskiej oraz Braci Skotarczaków w Rogoźnie","address":"Rogoźno","city":"Rogoźno","office":"Starosta Powiatu Oborniki Wielkopolskie","case_kind":"Obiekt budowlany inny niż budynek mieszkalny jednorodzinny","parcel_ids":["301602_4.0001.1650","301602_4.0001.1653","301602_4.0001.1656","301602_4.0001.1662","301602_4.0001.1667","301602_4.0001.1668/1","301602_4.0001.1669/1","301602_4.0001.1670/1","301602_4.0001.1671/1","301602_4.0001.1676/2","301602_4.0001.1676/9","301602_4.0001.1677/1","301602_4.0001.1677/2","301602_4.0001.1678","301602_4.0001.1679/1","301602_4.0001.1680","301602_4.0001.1681/2","301602_4.0001.1685","301602_4.0001.1686/1","301602_4.0001.1690/1","301602_4.0001.1694/1","301602_4.0001.1698/1","301602_4.0001.1701/1","301602_4.0001.1705/1","301602_4.0001.1708/1","301602_4.0001.1712/1","301602_4.0001.1715/1","301602_4.0001.1716/1","301602_4.0001.1774","301602_4.0001.1775/1","301602_4.0001.1776","301602_4.0001.1777/1","301602_4.0001.1778/3"],"location_quality":"dokładny","gunb_url":"https://wyszukiwarka.gunb.gov.pl/","parcel_count":33,"parcel_shard":"x068-y210","parcel_id":"301602_4.0001.1679/1","location_source":"powiat obornicki (wfs)"}},{"type":"Feature","id":"ST-WK-OB/WNIOSEK/12440/2026::301602_4.0001.1680","geometry":{"type":"Polygon","coordinates":[[[17.0017122889943,52.7468699422593],[17.0017281727506,52.7468742502219],[17.0016570738183,52.7470371491071],[17.0014779642771,52.7470265642312],[17.001451487886,52.7470250831138],[17.0014520255591,52.7470195021568],[17.001589709036,52.7470305046841],[17.0016449616725,52.7470299354811],[17.0017122889943,52.7468699422593]]]},"properties":{"case_id":"ST-WK-OB/WNIOSEK/12440/2026","source_type":"wniosek_decyzja","received_date":"2026-06-30","decision_date":"2026-08-20","status":"decyzja wydana","description":"Budowa ulic: Wąskiej oraz Braci Skotarczaków w Rogoźnie","address":"Rogoźno","city":"Rogoźno","office":"Starosta Powiatu Oborniki Wielkopolskie","case_kind":"Obiekt budowlany inny niż budynek mieszkalny jednorodzinny","parcel_ids":["301602_4.0001.1650","301602_4.0001.1653","301602_4.0001.1656","301602_4.0001.1662","301602_4.0001.1667","301602_4.0001.1668/1","301602_4.0001.1669/1","301602_4.0001.1670/1","301602_4.0001.1671/1","301602_4.0001.1676/2","301602_4.0001.1676/9","301602_4.0001.1677/1","301602_4.0001.1677/2","301602_4.0001.1678","301602_4.0001.1679/1","301602_4.0001.1680","301602_4.0001.1681/2","301602_4.0001.1685","301602_4.0001.1686/1","301602_4.0001.1690/1","301602_4.0001.1694/1","301602_4.0001.1698/1","301602_4.0001.1701/1","301602_4.0001.1705/1","301602_4.0001.1708/1","301602_4.0001.1712/1","301602_4.0001.1715/1","301602_4.0001.1716/1","301602_4.0001.1774","301602_4.0001.1775/1","301602_4.0001.1776","301602_4.0001.1777/1","301602_4.0001.1778/3"],"location_quality":"dokładny","gunb_url":"https://wyszukiwarka.gunb.gov.pl/","parcel_count":33,"parcel_shard":"x068-y210","parcel_id":"301602_4.0001.1680","location_source":"powiat obornicki (wfs)"}},{"type":"Feature","id":"ST-WK-OB/WNIOSEK/12440/2026::301602_4.0001.1681/2","geometry":{"type":"Polygon","coordinates":[[[17.0032302581729,52.7470164893992],[17.0036796235003,52.7470625024537],[17.0036626539896,52.7471225557651],[17.0035908059345,52.7472149223633],[17.0035923244315,52.7472752300435],[17.0033607066695,52.7472711826348],[17.0033638679013,52.7472278315929],[17.0033649323936,52.7472132338008],[17.0033690502413,52.7471958820991],[17.0032865646762,52.7471893447243],[17.0032262247424,52.7471802930429],[17.0031691519487,52.7471738822163],[17.0031313352447,52.7471704010073],[17.0026609540776,52.747127099184],[17.002367633768,52.7471018962067],[17.0022381802545,52.747091019592],[17.0021441839684,52.7470824099056],[17.0018004279001,52.747050488475],[17.0016570738183,52.7470371491071],[17.0017281727506,52.7468742502219],[17.0018580802542,52.7468864815909],[17.0027460760307,52.7469700863787],[17.0029236324659,52.7469869683063],[17.0032302581729,52.7470164893992]]]},"properties":{"case_id":"ST-WK-OB/WNIOSEK/12440/2026","source_type":"wniosek_decyzja","received_date":"2026-06-30","decision_date":"2026-08-20","status":"decyzja wydana","description":"Budowa ulic: Wąskiej oraz Braci Skotarczaków w Rogoźnie","address":"Rogoźno","city":"Rogoźno","office":"Starosta Powiatu Oborniki Wielkopolskie","case_kind":"Obiekt budowlany inny niż budynek mieszkalny jednorodzinny","parcel_ids":["301602_4.0001.1650","301602_4.0001.1653","301602_4.0001.1656","301602_4.0001.1662","301602_4.0001.1667","301602_4.0001.1668/1","301602_4.0001.1669/1","301602_4.0001.1670/1","301602_4.0001.1671/1","301602_4.0001.1676/2","301602_4.0001.1676/9","301602_4.0001.1677/1","301602_4.0001.1677/2","301602_4.0001.1678","301602_4.0001.1679/1","301602_4.0001.1680","301602_4.0001.1681/2","301602_4.0001.1685","301602_4.0001.1686/1","301602_4.0001.1690/1","301602_4.0001.1694/1","301602_4.0001.1698/1","301602_4.0001.1701/1","301602_4.0001.1705/1","301602_4.0001.1708/1","301602_4.0001.1712/1","301602_4.0001.1715/1","301602_4.0001.1716/1","301602_4.0001.1774","301602_4.0001.1775/1","301602_4.0001.1776","301602_4.0001.1777/1","301602_4.0001.1778/3"],"location_quality":"dokładny","gunb_url":"https://wyszukiwarka.gunb.gov.pl/","parcel_count":33,"parcel_shard":"x068-y210","parcel_id":"301602_4.0001.1681/2","location_source":"powiat obornicki (wfs)"}},{"type":"Feature","id":"ST-WK-OB/WNIOSEK/12440/2026::301602_4.0001.1685","geometry":{"type":"Polygon","coordinates":[[[17.0024251495116,52.7452586893876],[17.0023623361785,52.7454271936905],[17.0023000856798,52.7455966745848],[17.0021981473449,52.7455867736486],[17.0021395980599,52.7457455277706],[17.0020719864141,52.7459063007806],[17.0020109025096,52.7460704197804],[17.0019514357573,52.7462338333718],[17.0018868578841,52.7463992369758],[17.0018261670537,52.7465504447346],[17.001787918008,52.7467185042907],[17.0017281727506,52.7468742502219],[17.0017122889943,52.7468699422593],[17.001757850226,52.7467165489183],[17.0018166349355,52.7465044096356],[17.0018808288589,52.7463320598371],[17.0019311504796,52.7462033842098],[17.0019827110352,52.7460750563937],[17.002046357906,52.7459017440579],[17.0021106314836,52.7457519005974],[17.0021614947157,52.7456132754106],[17.0021796465123,52.7455825791319],[17.0022952711429,52.7455286468749],[17.0023408784244,52.7454227918672],[17.0024034089763,52.7452544144069],[17.0024251495116,52.7452586893876]]]},"properties":{"case_id":"ST-WK-OB/WNIOSEK/12440/2026","source_type":"wniosek_decyzja","received_date":"2026-06-30","decision_date":"2026-08-20","status":"decyzja wydana","description":"Budowa ulic: Wąskiej oraz Braci Skotarczaków w Rogoźnie","address":"Rogoźno","city":"Rogoźno","office":"Starosta Powiatu Oborniki Wielkopolskie","case_kind":"Obiekt budowlany inny niż budynek mieszkalny jednorodzinny","parcel_ids":["301602_4.0001.1650","301602_4.0001.1653","301602_4.0001.1656","301602_4.0001.1662","301602_4.0001.1667","301602_4.0001.1668/1","301602_4.0001.1669/1","301602_4.0001.1670/1","301602_4.0001.1671/1","301602_4.0001.1676/2","301602_4.0001.1676/9","301602_4.0001.1677/1","301602_4.0001.1677/2","301602_4.0001.1678","301602_4.0001.1679/1","301602_4.0001.1680","301602_4.0001.1681/2","301602_4.0001.1685","301602_4.0001.1686/1","301602_4.0001.1690/1","301602_4.0001.1694/1","301602_4.0001.1698/1","301602_4.0001.1701/1","301602_4.0001.1705/1","301602_4.0001.1708/1","301602_4.0001.1712/1","301602_4.0001.1715/1","301602_4.0001.1716/1","301602_4.0001.1774","301602_4.0001.1775/1","301602_4.0001.1776","301602_4.0001.1777/1","301602_4.0001.1778/3"],"location_quality":"dokładny","gunb_url":"https://wyszukiwarka.gunb.gov.pl/","parcel_count":33,"parcel_shard":"x068-y210","parcel_id":"301602_4.0001.1685","location_source":"powiat obornicki (wfs)"}},{"type":"Feature","id":"ST-WK-OB/WNIOSEK/12440/2026::301602_4.0001.1686/1","geometry":{"type":"Polygon","coordinates":[[[17.001787918008,52.7467185042907],[17.0019065302999,52.7467289304119],[17.0018580802542,52.7468864815909],[17.0017281727506,52.7468742502219],[17.001787918008,52.7467185042907]]]},"properties":{"case_id":"ST-WK-OB/WNIOSEK/12440/2026","source_type":"wniosek_decyzja","received_date":"2026-06-30","decision_date":"2026-08-20","status":"decyzja wydana","description":"Budowa ulic: Wąskiej oraz Braci Skotarczaków w Rogoźnie","address":"Rogoźno","city":"Rogoźno","office":"Starosta Powiatu Oborniki Wielkopolskie","case_kind":"Obiekt budowlany inny niż budynek mieszkalny jednorodzinny","parcel_ids":["301602_4.0001.1650","301602_4.0001.1653","301602_4.0001.1656","301602_4.0001.1662","301602_4.0001.1667","301602_4.0001.1668/1","301602_4.0001.1669/1","301602_4.0001.1670/1","301602_4.0001.1671/1","301602_4.0001.1676/2","301602_4.0001.1676/9","301602_4.0001.1677/1","301602_4.0001.1677/2","301602_4.0001.1678","301602_4.0001.1679/1","301602_4.0001.1680","301602_4.0001.1681/2","301602_4.0001.1685","301602_4.0001.1686/1","301602_4.0001.1690/1","301602_4.0001.1694/1","301602_4.0001.1698/1","301602_4.0001.1701/1","301602_4.0001.1705/1","301602_4.0001.1708/1","301602_4.0001.1712/1","301602_4.0001.1715/1","301602_4.0001.1716/1","301602_4.0001.1774","301602_4.0001.1775/1","301602_4.0001.1776","301602_4.0001.1777/1","301602_4.0001.1778/3"],"location_quality":"dokładny","gunb_url":"https://wyszukiwarka.gunb.gov.pl/","parcel_count":33,"parcel_shard":"x068-y210","parcel_id":"301602_4.0001.1686/1","location_source":"powiat obornicki (wfs)"}},{"type":"Feature","id":"ST-WK-OB/WNIOSEK/12440/2026::301602_4.0001.1690/1","geometry":{"type":"Polygon","coordinates":[[[17.0018261670537,52.7465504447346],[17.0019589355088,52.7465620191083],[17.0019065302999,52.7467289304119],[17.001787918008,52.7467185042907],[17.0018261670537,52.7465504447346]]]},"properties":{"case_id":"ST-WK-OB/WNIOSEK/12440/2026","source_type":"wniosek_decyzja","received_date":"2026-06-30","decision_date":"2026-08-20","status":"decyzja wydana","description":"Budowa ulic: Wąskiej oraz Braci Skotarczaków w Rogoźnie","address":"Rogoźno","city":"Rogoźno","office":"Starosta Powiatu Oborniki Wielkopolskie","case_kind":"Obiekt budowlany inny niż budynek mieszkalny jednorodzinny","parcel_ids":["301602_4.0001.1650","301602_4.0001.1653","301602_4.0001.1656","301602_4.0001.1662","301602_4.0001.1667","301602_4.0001.1668/1","301602_4.0001.1669/1","301602_4.0001.1670/1","301602_4.0001.1671/1","301602_4.0001.1676/2","301602_4.0001.1676/9","301602_4.0001.1677/1","301602_4.0001.1677/2","301602_4.0001.1678","301602_4.0001.1679/1","301602_4.0001.1680","301602_4.0001.1681/2","301602_4.0001.1685","301602_4.0001.1686/1","301602_4.0001.1690/1","301602_4.0001.1694/1","301602_4.0001.1698/1","301602_4.0001.1701/1","301602_4.0001.1705/1","301602_4.0001.1708/1","301602_4.0001.1712/1","301602_4.0001.1715/1","301602_4.0001.1716/1","301602_4.0001.1774","301602_4.0001.1775/1","301602_4.0001.1776","301602_4.0001.1777/1","301602_4.0001.1778/3"],"location_quality":"dokładny","gunb_url":"https://wyszukiwarka.gunb.gov.pl/","parcel_count":33,"parcel_shard":"x068-y210","parcel_id":"301602_4.0001.1690/1","location_source":"powiat obornicki (wfs)"}},{"type":"Feature","id":"ST-WK-OB/WNIOSEK/12440/2026::301602_4.0001.1694/1","geometry":{"type":"Polygon","coordinates":[[[17.0020098731678,52.7464099717708],[17.0019751869524,52.7465117256579],[17.0019589355088,52.7465620191083],[17.0018261670537,52.7465504447346],[17.0018868578841,52.7463992369758],[17.0020098731678,52.7464099717708]]]},"properties":{"case_id":"ST-WK-OB/WNIOSEK/12440/2026","source_type":"wniosek_decyzja","received_date":"2026-06-30","decision_date":"2026-08-20","status":"decyzja wydana","description":"Budowa ulic: Wąskiej oraz Braci Skotarczaków w Rogoźnie","address":"Rogoźno","city":"Rogoźno","office":"Starosta Powiatu Oborniki Wielkopolskie","case_kind":"Obiekt budowlany inny niż budynek mieszkalny jednorodzinny","parcel_ids":["301602_4.0001.1650","301602_4.0001.1653","301602_4.0001.1656","301602_4.0001.1662","301602_4.0001.1667","301602_4.0001.1668/1","301602_4.0001.1669/1","301602_4.0001.1670/1","301602_4.0001.1671/1","301602_4.0001.1676/2","301602_4.0001.1676/9","301602_4.0001.1677/1","301602_4.0001.1677/2","301602_4.0001.1678","301602_4.0001.1679/1","301602_4.0001.1680","301602_4.0001.1681/2","301602_4.0001.1685","301602_4.0001.1686/1","301602_4.0001.1690/1","301602_4.0001.1694/1","301602_4.0001.1698/1","301602_4.0001.1701/1","301602_4.0001.1705/1","301602_4.0001.1708/1","301602_4.0001.1712/1","301602_4.0001.1715/1","301602_4.0001.1716/1","301602_4.0001.1774","301602_4.0001.1775/1","301602_4.0001.1776","301602_4.0001.1777/1","301602_4.0001.1778/3"],"location_quality":"dokładny","gunb_url":"https://wyszukiwarka.gunb.gov.pl/","parcel_count":33,"parcel_shard":"x068-y210","parcel_id":"301602_4.0001.1694/1","location_source":"powiat obornicki (wfs)"}},{"type":"Feature","id":"ST-WK-OB/WNIOSEK/12440/2026::301602_4.0001.1698/1","geometry":{"type":"Polygon","coordinates":[[[17.0020681694859,52.7462445321196],[17.002048669945,52.7462961588028],[17.0020098731678,52.7464099717708],[17.0018868578841,52.7463992369758],[17.0019514357573,52.7462338333718],[17.0020681694859,52.7462445321196]]]},"properties":{"case_id":"ST-WK-OB/WNIOSEK/12440/2026","source_type":"wniosek_decyzja","received_date":"2026-06-30","decision_date":"2026-08-20","status":"decyzja wydana","description":"Budowa ulic: Wąskiej oraz Braci Skotarczaków w Rogoźnie","address":"Rogoźno","city":"Rogoźno","office":"Starosta Powiatu Oborniki Wielkopolskie","case_kind":"Obiekt budowlany inny niż budynek mieszkalny jednorodzinny","parcel_ids":["301602_4.0001.1650","301602_4.0001.1653","301602_4.0001.1656","301602_4.0001.1662","301602_4.0001.1667","301602_4.0001.1668/1","301602_4.0001.1669/1","301602_4.0001.1670/1","301602_4.0001.1671/1","301602_4.0001.1676/2","301602_4.0001.1676/9","301602_4.0001.1677/1","301602_4.0001.1677/2","301602_4.0001.1678","301602_4.0001.1679/1","301602_4.0001.1680","301602_4.0001.1681/2","301602_4.0001.1685","301602_4.0001.1686/1","301602_4.0001.1690/1","301602_4.0001.1694/1","301602_4.0001.1698/1","301602_4.0001.1701/1","301602_4.0001.1705/1","301602_4.0001.1708/1","301602_4.0001.1712/1","301602_4.0001.1715/1","301602_4.0001.1716/1","301602_4.0001.1774","301602_4.0001.1775/1","301602_4.0001.1776","301602_4.0001.1777/1","301602_4.0001.1778/3"],"location_quality":"dokładny","gunb_url":"https://wyszukiwarka.gunb.gov.pl/","parcel_count":33,"parcel_shard":"x068-y210","parcel_id":"301602_4.0001.1698/1","location_source":"powiat obornicki (wfs)"}},{"type":"Feature","id":"ST-WK-OB/WNIOSEK/12440/2026::301602_4.0001.1701/1","geometry":{"type":"Polygon","coordinates":[[[17.0020109025096,52.7460704197804],[17.0021310494611,52.7460809941344],[17.0020681694859,52.7462445321196],[17.0019514357573,52.7462338333718],[17.0020109025096,52.7460704197804]]]},"properties":{"case_id":"ST-WK-OB/WNIOSEK/12440/2026","source_type":"wniosek_decyzja","received_date":"2026-06-30","decision_date":"2026-08-20","status":"decyzja wydana","description":"Budowa ulic: Wąskiej oraz Braci Skotarczaków w Rogoźnie","address":"Rogoźno","city":"Rogoźno","office":"Starosta Powiatu Oborniki Wielkopolskie","case_kind":"Obiekt budowlany inny niż budynek mieszkalny jednorodzinny","parcel_ids":["301602_4.0001.1650","301602_4.0001.1653","301602_4.0001.1656","301602_4.0001.1662","301602_4.0001.1667","301602_4.0001.1668/1","301602_4.0001.1669/1","301602_4.0001.1670/1","301602_4.0001.1671/1","301602_4.0001.1676/2","301602_4.0001.1676/9","301602_4.0001.1677/1","301602_4.0001.1677/2","301602_4.0001.1678","301602_4.0001.1679/1","301602_4.0001.1680","301602_4.0001.1681/2","301602_4.0001.1685","301602_4.0001.1686/1","301602_4.0001.1690/1","301602_4.0001.1694/1","301602_4.0001.1698/1","301602_4.0001.1701/1","301602_4.0001.1705/1","301602_4.0001.1708/1","301602_4.0001.1712/1","301602_4.0001.1715/1","301602_4.0001.1716/1","301602_4.0001.1774","301602_4.0001.1775/1","301602_4.0001.1776","301602_4.0001.1777/1","301602_4.0001.1778/3"],"location_quality":"dokładny","gunb_url":"https://wyszukiwarka.gunb.gov.pl/","parcel_count":33,"parcel_shard":"x068-y210","parcel_id":"301602_4.0001.1701/1","location_source":"powiat obornicki (wfs)"}},{"type":"Feature","id":"ST-WK-OB/WNIOSEK/12440/2026::301602_4.0001.1705/1","geometry":{"type":"Polygon","coordinates":[[[17.0020109025096,52.7460704197804],[17.0020719864141,52.7459063007806],[17.0021928527732,52.7459171377674],[17.0021310494611,52.7460809941344],[17.0020109025096,52.7460704197804]]]},"properties":{"case_id":"ST-WK-OB/WNIOSEK/12440/2026","source_type":"wniosek_decyzja","received_date":"2026-06-30","decision_date":"2026-08-20","status":"decyzja wydana","description":"Budowa ulic: Wąskiej oraz Braci Skotarczaków w Rogoźnie","address":"Rogoźno","city":"Rogoźno","office":"Starosta Powiatu Oborniki Wielkopolskie","case_kind":"Obiekt budowlany inny niż budynek mieszkalny jednorodzinny","parcel_ids":["301602_4.0001.1650","301602_4.0001.1653","301602_4.0001.1656","301602_4.0001.1662","301602_4.0001.1667","301602_4.0001.1668/1","301602_4.0001.1669/1","301602_4.0001.1670/1","301602_4.0001.1671/1","301602_4.0001.1676/2","301602_4.0001.1676/9","301602_4.0001.1677/1","301602_4.0001.1677/2","301602_4.0001.1678","301602_4.0001.1679/1","301602_4.0001.1680","301602_4.0001.1681/2","301602_4.0001.1685","301602_4.0001.1686/1","301602_4.0001.1690/1","301602_4.0001.1694/1","301602_4.0001.1698/1","301602_4.0001.1701/1","301602_4.0001.1705/1","301602_4.0001.1708/1","301602_4.0001.1712/1","301602_4.0001.1715/1","301602_4.0001.1716/1","301602_4.0001.1774","301602_4.0001.1775/1","301602_4.0001.1776","301602_4.0001.1777/1","301602_4.0001.1778/3"],"location_quality":"dokładny","gunb_url":"https://wyszukiwarka.gunb.gov.pl/","parcel_count":33,"parcel_shard":"x068-y210","parcel_id":"301602_4.0001.1705/1","location_source":"powiat obornicki (wfs)"}},{"type":"Feature","id":"ST-WK-OB/WNIOSEK/12440/2026::301602_4.0001.1708/1","geometry":{"type":"Polygon","coordinates":[[[17.0021395980599,52.7457455277706],[17.0022568047733,52.7457558204076],[17.0021928527732,52.7459171377674],[17.0020719864141,52.7459063007806],[17.0021395980599,52.7457455277706]]]},"properties":{"case_id":"ST-WK-OB/WNIOSEK/12440/2026","source_type":"wniosek_decyzja","received_date":"2026-06-30","decision_date":"2026-08-20","status":"decyzja wydana","description":"Budowa ulic: Wąskiej oraz Braci Skotarczaków w Rogoźnie","address":"Rogoźno","city":"Rogoźno","office":"Starosta Powiatu Oborniki Wielkopolskie","case_kind":"Obiekt budowlany inny niż budynek mieszkalny jednorodzinny","parcel_ids":["301602_4.0001.1650","301602_4.0001.1653","301602_4.0001.1656","301602_4.0001.1662","301602_4.0001.1667","301602_4.0001.1668/1","301602_4.0001.1669/1","301602_4.0001.1670/1","301602_4.0001.1671/1","301602_4.0001.1676/2","301602_4.0001.1676/9","301602_4.0001.1677/1","301602_4.0001.1677/2","301602_4.0001.1678","301602_4.0001.1679/1","301602_4.0001.1680","301602_4.0001.1681/2","301602_4.0001.1685","301602_4.0001.1686/1","301602_4.0001.1690/1","301602_4.0001.1694/1","301602_4.0001.1698/1","301602_4.0001.1701/1","301602_4.0001.1705/1","301602_4.0001.1708/1","301602_4.0001.1712/1","301602_4.0001.1715/1","301602_4.0001.1716/1","301602_4.0001.1774","301602_4.0001.1775/1","301602_4.0001.1776","301602_4.0001.1777/1","301602_4.0001.1778/3"],"location_quality":"dokładny","gunb_url":"https://wyszukiwarka.gunb.gov.pl/","parcel_count":33,"parcel_shard":"x068-y210","parcel_id":"301602_4.0001.1708/1","location_source":"powiat obornicki (wfs)"}},{"type":"Feature","id":"ST-WK-OB/WNIOSEK/12440/2026::301602_4.0001.1712/1","geometry":{"type":"Polygon","coordinates":[[[17.002317011713,52.7455978676204],[17.002299252967,52.7456446718324],[17.0022568047733,52.7457558204076],[17.0021395980599,52.7457455277706],[17.0021981473449,52.7455867736486],[17.0023000856798,52.7455966745848],[17.002317011713,52.7455978676204]]]},"properties":{"case_id":"ST-WK-OB/WNIOSEK/12440/2026","source_type":"wniosek_decyzja","received_date":"2026-06-30","decision_date":"2026-08-20","status":"decyzja wydana","description":"Budowa ulic: Wąskiej oraz Braci Skotarczaków w Rogoźnie","address":"Rogoźno","city":"Rogoźno","office":"Starosta Powiatu Oborniki Wielkopolskie","case_kind":"Obiekt budowlany inny niż budynek mieszkalny jednorodzinny","parcel_ids":["301602_4.0001.1650","301602_4.0001.1653","301602_4.0001.1656","301602_4.0001.1662","301602_4.0001.1667","301602_4.0001.1668/1","301602_4.0001.1669/1","301602_4.0001.1670/1","301602_4.0001.1671/1","301602_4.0001.1676/2","301602_4.0001.1676/9","301602_4.0001.1677/1","301602_4.0001.1677/2","301602_4.0001.1678","301602_4.0001.1679/1","301602_4.0001.1680","301602_4.0001.1681/2","301602_4.0001.1685","301602_4.0001.1686/1","301602_4.0001.1690/1","301602_4.0001.1694/1","301602_4.0001.1698/1","301602_4.0001.1701/1","301602_4.0001.1705/1","301602_4.0001.1708/1","301602_4.0001.1712/1","301602_4.0001.1715/1","301602_4.0001.1716/1","301602_4.0001.1774","301602_4.0001.1775/1","301602_4.0001.1776","301602_4.0001.1777/1","301602_4.0001.1778/3"],"location_quality":"dokładny","gunb_url":"https://wyszukiwarka.gunb.gov.pl/","parcel_count":33,"parcel_shard":"x068-y210","parcel_id":"301602_4.0001.1712/1","location_source":"powiat obornicki (wfs)"}},{"type":"Feature","id":"ST-WK-OB/WNIOSEK/12440/2026::301602_4.0001.1715/1","geometry":{"type":"Polygon","coordinates":[[[17.0017435542299,52.7452343947177],[17.0018219228305,52.7452092202681],[17.0022245842628,52.7452403980886],[17.0022645705461,52.7453337572691],[17.0021614947157,52.7456132754106],[17.0016077159448,52.7455509202624],[17.0017187690419,52.7452432666652],[17.0017435542299,52.7452343947177]]]},"properties":{"case_id":"ST-WK-OB/WNIOSEK/12440/2026","source_type":"wniosek_decyzja","received_date":"2026-06-30","decision_date":"2026-08-20","status":"decyzja wydana","description":"Budowa ulic: Wąskiej oraz Braci Skotarczaków w Rogoźnie","address":"Rogoźno","city":"Rogoźno","office":"Starosta Powiatu Oborniki Wielkopolskie","case_kind":"Obiekt budowlany inny niż budynek mieszkalny jednorodzinny","parcel_ids":["301602_4.0001.1650","301602_4.0001.1653","301602_4.0001.1656","301602_4.0001.1662","301602_4.0001.1667","301602_4.0001.1668/1","301602_4.0001.1669/1","301602_4.0001.1670/1","301602_4.0001.1671/1","301602_4.0001.1676/2","301602_4.0001.1676/9","301602_4.0001.1677/1","301602_4.0001.1677/2","301602_4.0001.1678","301602_4.0001.1679/1","301602_4.0001.1680","301602_4.0001.1681/2","301602_4.0001.1685","301602_4.0001.1686/1","301602_4.0001.1690/1","301602_4.0001.1694/1","301602_4.0001.1698/1","301602_4.0001.1701/1","301602_4.0001.1705/1","301602_4.0001.1708/1","301602_4.0001.1712/1","301602_4.0001.1715/1","301602_4.0001.1716/1","301602_4.0001.1774","301602_4.0001.1775/1","301602_4.0001.1776","301602_4.0001.1777/1","301602_4.0001.1778/3"],"location_quality":"dokładny","gunb_url":"https://wyszukiwarka.gunb.gov.pl/","parcel_count":33,"parcel_shard":"x068-y210","parcel_id":"301602_4.0001.1715/1","location_source":"powiat obornicki (wfs)"}},{"type":"Feature","id":"ST-WK-OB/WNIOSEK/12440/2026::301602_4.0001.1716/1","geometry":{"type":"Polygon","coordinates":[[[17.0023000856798,52.7455966745848],[17.0023623361785,52.7454271936905],[17.0023787756296,52.7454285361275],[17.0023785781335,52.745429426813],[17.002317011713,52.7455978676204],[17.0023000856798,52.7455966745848]]]},"properties":{"case_id":"ST-WK-OB/WNIOSEK/12440/2026","source_type":"wniosek_decyzja","received_date":"2026-06-30","decision_date":"2026-08-20","status":"decyzja wydana","description":"Budowa ulic: Wąskiej oraz Braci Skotarczaków w Rogoźnie","address":"Rogoźno","city":"Rogoźno","office":"Starosta Powiatu Oborniki Wielkopolskie","case_kind":"Obiekt budowlany inny niż budynek mieszkalny jednorodzinny","parcel_ids":["301602_4.0001.1650","301602_4.0001.1653","301602_4.0001.1656","301602_4.0001.1662","301602_4.0001.1667","301602_4.0001.1668/1","301602_4.0001.1669/1","301602_4.0001.1670/1","301602_4.0001.1671/1","301602_4.0001.1676/2","301602_4.0001.1676/9","301602_4.0001.1677/1","301602_4.0001.1677/2","301602_4.0001.1678","301602_4.0001.1679/1","301602_4.0001.1680","301602_4.0001.1681/2","301602_4.0001.1685","301602_4.0001.1686/1","301602_4.0001.1690/1","301602_4.0001.1694/1","301602_4.0001.1698/1","301602_4.0001.1701/1","301602_4.0001.1705/1","301602_4.0001.1708/1","301602_4.0001.1712/1","301602_4.0001.1715/1","301602_4.0001.1716/1","301602_4.0001.1774","301602_4.0001.1775/1","301602_4.0001.1776","301602_4.0001.1777/1","301602_4.0001.1778/3"],"location_quality":"dokładny","gunb_url":"https://wyszukiwarka.gunb.gov.pl/","parcel_count":33,"parcel_shard":"x068-y210","parcel_id":"301602_4.0001.1716/1","location_source":"powiat obornicki (wfs)"}},{"type":"Feature","id":"ST-WK-OB/WNIOSEK/12440/2026::301602_4.0001.1774","geometry":{"type":"Polygon","coordinates":[[[17.0011672884888,52.7484638115445],[17.0011247065361,52.7484641400421],[17.0011267676233,52.7484084949927],[17.0011316211194,52.748277459882],[17.001164561967,52.7482773337866],[17.0011672884888,52.7484638115445]]]},"properties":{"case_id":"ST-WK-OB/WNIOSEK/12440/2026","source_type":"wniosek_decyzja","received_date":"2026-06-30","decision_date":"2026-08-20","status":"decyzja wydana","description":"Budowa ulic: Wąskiej oraz Braci Skotarczaków w Rogoźnie","address":"Rogoźno","city":"Rogoźno","office":"Starosta Powiatu Oborniki Wielkopolskie","case_kind":"Obiekt budowlany inny niż budynek mieszkalny jednorodzinny","parcel_ids":["301602_4.0001.1650","301602_4.0001.1653","301602_4.0001.1656","301602_4.0001.1662","301602_4.0001.1667","301602_4.0001.1668/1","301602_4.0001.1669/1","301602_4.0001.1670/1","301602_4.0001.1671/1","301602_4.0001.1676/2","301602_4.0001.1676/9","301602_4.0001.1677/1","301602_4.0001.1677/2","301602_4.0001.1678","301602_4.0001.1679/1","301602_4.0001.1680","301602_4.0001.1681/2","301602_4.0001.1685","301602_4.0001.1686/1","301602_4.0001.1690/1","301602_4.0001.1694/1","301602_4.0001.1698/1","301602_4.0001.1701/1","301602_4.0001.1705/1","301602_4.0001.1708/1","301602_4.0001.1712/1","301602_4.0001.1715/1","301602_4.0001.1716/1","301602_4.0001.1774","301602_4.0001.1775/1","301602_4.0001.1776","301602_4.0001.1777/1","301602_4.0001.1778/3"],"location_quality":"dokładny","gunb_url":"https://wyszukiwarka.gunb.gov.pl/","parcel_count":33,"parcel_shard":"x068-y210","parcel_id":"301602_4.0001.1774","location_source":"powiat obornicki (wfs)"}},{"type":"Feature","id":"ST-WK-OB/WNIOSEK/12440/2026::301602_4.0001.1775/1","geometry":{"type":"Polygon","coordinates":[[[17.001164561967,52.7482773337866],[17.0012522077031,52.7482761815169],[17.0012522214884,52.7482771699904],[17.0012548128296,52.7484629414832],[17.0011672884888,52.7484638115445],[17.001164561967,52.7482773337866]]]},"properties":{"case_id":"ST-WK-OB/WNIOSEK/12440/2026","source_type":"wniosek_decyzja","received_date":"2026-06-30","decision_date":"2026-08-20","status":"decyzja wydana","description":"Budowa ulic: Wąskiej oraz Braci Skotarczaków w Rogoźnie","address":"Rogoźno","city":"Rogoźno","office":"Starosta Powiatu Oborniki Wielkopolskie","case_kind":"Obiekt budowlany inny niż budynek mieszkalny jednorodzinny","parcel_ids":["301602_4.0001.1650","301602_4.0001.1653","301602_4.0001.1656","301602_4.0001.1662","301602_4.0001.1667","301602_4.0001.1668/1","301602_4.0001.1669/1","301602_4.0001.1670/1","301602_4.0001.1671/1","301602_4.0001.1676/2","301602_4.0001.1676/9","301602_4.0001.1677/1","301602_4.0001.1677/2","301602_4.0001.1678","301602_4.0001.1679/1","301602_4.0001.1680","301602_4.0001.1681/2","301602_4.0001.1685","301602_4.0001.1686/1","301602_4.0001.1690/1","301602_4.0001.1694/1","301602_4.0001.1698/1","301602_4.0001.1701/1","301602_4.0001.1705/1","301602_4.0001.1708/1","301602_4.0001.1712/1","301602_4.0001.1715/1","301602_4.0001.1716/1","301602_4.0001.1774","301602_4.0001.1775/1","301602_4.0001.1776","301602_4.0001.1777/1","301602_4.0001.1778/3"],"location_quality":"dokładny","gunb_url":"https://wyszukiwarka.gunb.gov.pl/","parcel_count":33,"parcel_shard":"x068-y210","parcel_id":"301602_4.0001.1775/1","location_source":"powiat obornicki (wfs)"}},{"type":"Feature","id":"ST-WK-OB/WNIOSEK/12440/2026::301602_4.0001.1776","geometry":{"type":"Polygon","coordinates":[[[17.0011834764843,52.7480932230087],[17.001164561967,52.7482773337866],[17.0011316211194,52.748277459882],[17.0011333346415,52.7482712440738],[17.001169563565,52.7481398240763],[17.0011834764843,52.7480932230087]]]},"properties":{"case_id":"ST-WK-OB/WNIOSEK/12440/2026","source_type":"wniosek_decyzja","received_date":"2026-06-30","decision_date":"2026-08-20","status":"decyzja wydana","description":"Budowa ulic: Wąskiej oraz Braci Skotarczaków w Rogoźnie","address":"Rogoźno","city":"Rogoźno","office":"Starosta Powiatu Oborniki Wielkopolskie","case_kind":"Obiekt budowlany inny niż budynek mieszkalny jednorodzinny","parcel_ids":["301602_4.0001.1650","301602_4.0001.1653","301602_4.0001.1656","301602_4.0001.1662","301602_4.0001.1667","301602_4.0001.1668/1","301602_4.0001.1669/1","301602_4.0001.1670/1","301602_4.0001.1671/1","301602_4.0001.1676/2","301602_4.0001.1676/9","301602_4.0001.1677/1","301602_4.0001.1677/2","301602_4.0001.1678","301602_4.0001.1679/1","301602_4.0001.1680","301602_4.0001.1681/2","301602_4.0001.1685","301602_4.0001.1686/1","301602_4.0001.1690/1","301602_4.0001.1694/1","301602_4.0001.1698/1","301602_4.0001.1701/1","301602_4.0001.1705/1","301602_4.0001.1708/1","301602_4.0001.1712/1","301602_4.0001.1715/1","301602_4.0001.1716/1","301602_4.0001.1774","301602_4.0001.1775/1","301602_4.0001.1776","301602_4.0001.1777/1","301602_4.0001.1778/3"],"location_quality":"dokładny","gunb_url":"https://wyszukiwarka.gunb.gov.pl/","parcel_count":33,"parcel_shard":"x068-y210","parcel_id":"301602_4.0001.1776","location_source":"powiat obornicki (wfs)"}},{"type":"Feature","id":"ST-WK-OB/WNIOSEK/12440/2026::301602_4.0001.1777/1","geometry":{"type":"Polygon","coordinates":[[[17.001164561967,52.7482773337866],[17.0011834764843,52.7480932230087],[17.0012930423425,52.7480929273491],[17.0012522077031,52.7482761815169],[17.001164561967,52.7482773337866]]]},"properties":{"case_id":"ST-WK-OB/WNIOSEK/12440/2026","source_type":"wniosek_decyzja","received_date":"2026-06-30","decision_date":"2026-08-20","status":"decyzja wydana","description":"Budowa ulic: Wąskiej oraz Braci Skotarczaków w Rogoźnie","address":"Rogoźno","city":"Rogoźno","office":"Starosta Powiatu Oborniki Wielkopolskie","case_kind":"Obiekt budowlany inny niż budynek mieszkalny jednorodzinny","parcel_ids":["301602_4.0001.1650","301602_4.0001.1653","301602_4.0001.1656","301602_4.0001.1662","301602_4.0001.1667","301602_4.0001.1668/1","301602_4.0001.1669/1","301602_4.0001.1670/1","301602_4.0001.1671/1","301602_4.0001.1676/2","301602_4.0001.1676/9","301602_4.0001.1677/1","301602_4.0001.1677/2","301602_4.0001.1678","301602_4.0001.1679/1","301602_4.0001.1680","301602_4.0001.1681/2","301602_4.0001.1685","301602_4.0001.1686/1","301602_4.0001.1690/1","301602_4.0001.1694/1","301602_4.0001.1698/1","301602_4.0001.1701/1","301602_4.0001.1705/1","301602_4.0001.1708/1","301602_4.0001.1712/1","301602_4.0001.1715/1","301602_4.0001.1716/1","301602_4.0001.1774","301602_4.0001.1775/1","301602_4.0001.1776","301602_4.0001.1777/1","301602_4.0001.1778/3"],"location_quality":"dokładny","gunb_url":"https://wyszukiwarka.gunb.gov.pl/","parcel_count":33,"parcel_shard":"x068-y210","parcel_id":"301602_4.0001.1777/1","location_source":"powiat obornicki (wfs)"}},{"type":"Feature","id":"ST-WK-OB/WNIOSEK/12440/2026::301602_4.0001.1778/3","geometry":{"type":"Polygon","coordinates":[[[17.0013693170598,52.7479021072424],[17.0012930423425,52.7480929273491],[17.0011834764843,52.7480932230087],[17.0012532618166,52.7478988165801],[17.0013693170598,52.7479021072424]]]},"properties":{"case_id":"ST-WK-OB/WNIOSEK/12440/2026","source_type":"wniosek_decyzja","received_date":"2026-06-30","decision_date":"2026-08-20","status":"decyzja wydana","description":"Budowa ulic: Wąskiej oraz Braci Skotarczaków w Rogoźnie","address":"Rogoźno","city":"Rogoźno","office":"Starosta Powiatu Oborniki Wielkopolskie","case_kind":"Obiekt budowlany inny niż budynek mieszkalny jednorodzinny","parcel_ids":["301602_4.0001.1650","301602_4.0001.1653","301602_4.0001.1656","301602_4.0001.1662","301602_4.0001.1667","301602_4.0001.1668/1","301602_4.0001.1669/1","301602_4.0001.1670/1","301602_4.0001.1671/1","301602_4.0001.1676/2","301602_4.0001.1676/9","301602_4.0001.1677/1","301602_4.0001.1677/2","301602_4.0001.1678","301602_4.0001.1679/1","301602_4.0001.1680","301602_4.0001.1681/2","301602_4.0001.1685","301602_4.0001.1686/1","301602_4.0001.1690/1","301602_4.0001.1694/1","301602_4.0001.1698/1","301602_4.0001.1701/1","301602_4.0001.1705/1","301602_4.0001.1708/1","301602_4.0001.1712/1","301602_4.0001.1715/1","301602_4.0001.1716/1","301602_4.0001.1774","301602_4.0001.1775/1","301602_4.0001.1776","301602_4.0001.1777/1","301602_4.0001.1778/3"],"location_quality":"dokładny","gunb_url":"https://wyszukiwarka.gunb.gov.pl/","parcel_count":33,"parcel_shard":"x068-y210","parcel_id":"301602_4.0001.1778/3","location_source":"powiat obornicki (wfs)"}},{"type":"Feature","id":"ST-WK-OB/WNIOSEK/12252/2026::301602_4.0001.2123","geometry":{"type":"Polygon","coordinates":[[[17.0049286161049,52.7389130379804],[17.0049343983045,52.7388190255289],[17.0065939551748,52.739101434801],[17.0070002932182,52.7391705778742],[17.0073112496036,52.7392234895927],[17.0075026805685,52.7392568805543],[17.0075861100807,52.7392717720226],[17.0076376890831,52.7392836352118],[17.0077111420177,52.7392941559646],[17.0076717024296,52.7393826480034],[17.0074964791644,52.7393523078978],[17.0074556405877,52.7393440747226],[17.0072991790166,52.7393180519096],[17.0049286161049,52.7389130379804]]]},"properties":{"case_id":"ST-WK-OB/WNIOSEK/12252/2026","source_type":"wniosek_decyzja","received_date":"2026-06-25","decision_date":"2026-08-13","status":"decyzja wydana","description":"Instalowanie instacji gazowej wewnątrz budynku mieszkalnego jednorodzinnego","address":"Rogoźno","city":"Rogoźno","office":"Starosta Powiatu Oborniki Wielkopolskie","case_kind":"Budynek mieszkalny jednorodzinny","parcel_ids":["301602_4.0001.2123"],"location_quality":"dokładny","gunb_url":"https://wyszukiwarka.gunb.gov.pl/","parcel_count":1,"parcel_shard":"x068-y210","parcel_id":"301602_4.0001.2123","location_source":"powiat obornicki (wfs)"}},{"type":"Feature","id":"ST-WK-OB/WNIOSEK/3927/2026::301602_4.0001.2155/1","geometry":{"type":"Polygon","coordinates":[[[17.0029929371169,52.7375174192541],[17.0026465031072,52.7375425107805],[17.0025359032062,52.7373550323818],[17.0028524165997,52.7372742120661],[17.0029929371169,52.7375174192541]]]},"properties":{"case_id":"ST-WK-OB/WNIOSEK/3927/2026","source_type":"wniosek_decyzja","received_date":"2026-03-03","decision_date":"2026-03-25","status":"decyzja wydana","description":"Budowa budynku garażowego","address":"Rogoźno","city":"Rogoźno","office":"Starosta Powiatu Oborniki Wielkopolskie","case_kind":"Obiekt budowlany inny niż budynek mieszkalny jednorodzinny","parcel_ids":["301602_4.0001.2155/1","301602_4.0001.2155/3","301602_4.0001.2438"],"location_quality":"dokładny","gunb_url":"https://wyszukiwarka.gunb.gov.pl/","parcel_count":3,"parcel_shard":"x068-y210","parcel_id":"301602_4.0001.2155/1","location_source":"powiat obornicki (wfs)"}},{"type":"Feature","id":"ST-WK-OB/WNIOSEK/3927/2026::301602_4.0001.2155/3","geometry":{"type":"Polygon","coordinates":[[[17.0024617711578,52.7372292689614],[17.0027857222761,52.7371589266725],[17.0028524165997,52.7372742120661],[17.0025359032062,52.7373550323818],[17.0024617711578,52.7372292689614]]]},"properties":{"case_id":"ST-WK-OB/WNIOSEK/3927/2026","source_type":"wniosek_decyzja","received_date":"2026-03-03","decision_date":"2026-03-25","status":"decyzja wydana","description":"Budowa budynku garażowego","address":"Rogoźno","city":"Rogoźno","office":"Starosta Powiatu Oborniki Wielkopolskie","case_kind":"Obiekt budowlany inny niż budynek mieszkalny jednorodzinny","parcel_ids":["301602_4.0001.2155/1","301602_4.0001.2155/3","301602_4.0001.2438"],"location_quality":"dokładny","gunb_url":"https://wyszukiwarka.gunb.gov.pl/","parcel_count":3,"parcel_shard":"x068-y210","parcel_id":"301602_4.0001.2155/3","location_source":"powiat obornicki (wfs)"}},{"type":"Feature","id":"ST-WK-OB/WNIOSEK/3927/2026::301602_4.0001.2438","geometry":{"type":"Polygon","coordinates":[[[17.0029929371169,52.7375174192541],[17.0030219345408,52.7375664847565],[17.0027735665191,52.7376249537648],[17.0026796514535,52.7375988828001],[17.0026465031072,52.7375425107805],[17.0029929371169,52.7375174192541]]]},"properties":{"case_id":"ST-WK-OB/WNIOSEK/3927/2026","source_type":"wniosek_decyzja","received_date":"2026-03-03","decision_date":"2026-03-25","status":"decyzja wydana","description":"Budowa budynku garażowego","address":"Rogoźno","city":"Rogoźno","office":"Starosta Powiatu Oborniki Wielkopolskie","case_kind":"Obiekt budowlany inny niż budynek mieszkalny jednorodzinny","parcel_ids":["301602_4.0001.2155/1","301602_4.0001.2155/3","301602_4.0001.2438"],"location_quality":"dokładny","gunb_url":"https://wyszukiwarka.gunb.gov.pl/","parcel_count":3,"parcel_shard":"x068-y210","parcel_id":"301602_4.0001.2438","location_source":"powiat obornicki (wfs)"}},{"type":"Feature","id":"ST-WK-OB/WNIOSEK/5420/2026::301602_4.0001.2155/5","geometry":{"type":"Polygon","coordinates":[[[17.0022440937414,52.7368603969463],[17.0020277345033,52.7364936116526],[17.002378833086,52.7364545320363],[17.0025720620716,52.7367891004404],[17.0022440937414,52.7368603969463]]]},"properties":{"case_id":"ST-WK-OB/WNIOSEK/5420/2026","source_type":"wniosek_decyzja","received_date":"2026-03-19","decision_date":"2026-04-10","status":"decyzja wydana","description":"Budowa budynku mieszkalnego jednorodzinnego wolnostojącego","address":"Rogoźno","city":"Rogoźno","office":"Starosta Powiatu Oborniki Wielkopolskie","case_kind":"Budynek mieszkalny jednorodzinny","parcel_ids":["301602_4.0001.2155/5"],"location_quality":"dokładny","gunb_url":"https://wyszukiwarka.gunb.gov.pl/","parcel_count":1,"parcel_shard":"x068-y210","parcel_id":"301602_4.0001.2155/5","location_source":"powiat obornicki (wfs)"}},{"type":"Feature","id":"ST-WK-OB/ZGŁOSZENIE/478/2026::301602_4.0001.2177/1","geometry":{"type":"Polygon","coordinates":[[[17.0048521954691,52.7401174813531],[17.0046628868396,52.7401586772275],[17.0046796592161,52.7399801278201],[17.0047013681,52.7397487077144],[17.0047052870142,52.7397062123814],[17.0047169650374,52.7395515677297],[17.0047458258355,52.7391686820087],[17.0047708962323,52.7388364617244],[17.0047988662405,52.7384471335774],[17.0048004163114,52.7384070297695],[17.0048940555772,52.7377278703795],[17.0049009771893,52.7376836337436],[17.0049074166004,52.7376459840673],[17.0049483401966,52.7374318358614],[17.0049934939476,52.7371798876358],[17.0050140509924,52.7370546928414],[17.0050710940068,52.7367072770985],[17.0051323879404,52.7363422544485],[17.0051363225656,52.7363240683254],[17.0051912049544,52.7359905867531],[17.005194880712,52.7359669505142],[17.0052244710035,52.7357887704815],[17.0052354884374,52.7357224333488],[17.0054541489233,52.7356590671664],[17.0054359996766,52.7357843505818],[17.0054094402245,52.7359726182776],[17.0053862759195,52.7361008414689],[17.0053774175989,52.736143436881],[17.0053483214769,52.7363143415791],[17.0053091339147,52.7364922727739],[17.0052846934149,52.7366230992572],[17.0052589853236,52.7367296474836],[17.0052336488173,52.7368526597646],[17.0052125442717,52.7369599766827],[17.0052107851461,52.7369834599085],[17.0052037251066,52.7370789355504],[17.00518450863,52.7371685573567],[17.0051724311756,52.7372242670992],[17.0051768933694,52.7373729542518],[17.0051501975604,52.7374995035522],[17.0051243879195,52.7376216273083],[17.0049955122534,52.7382314195859],[17.0049948530303,52.7382567548839],[17.0049651314638,52.7383129548707],[17.0049477200393,52.7386095245381],[17.0049413875208,52.7387091115926],[17.0049343983045,52.7388190255289],[17.0049286161049,52.7389130379804],[17.0049230804793,52.7389998418839],[17.0049097966089,52.73916203512],[17.0049058507007,52.7393180831049],[17.0048883236627,52.7394898918581],[17.0048790396897,52.7396423691897],[17.0048684848946,52.7398236080571],[17.004861698679,52.7399150668229],[17.0048561774894,52.7399894729461],[17.0048521954691,52.7401174813531]]]},"properties":{"case_id":"ST-WK-OB/ZGŁOSZENIE/478/2026","source_type":"zgloszenie","received_date":"2026-02-17","decision_date":null,"status":"Brak sprzeciwu","description":"Budowa sieci wodociągowej","address":"Rogoźno","city":"Rogoźno","office":"Starosta Powiatu Oborniki Wielkopolskie","case_kind":"budowa nowego/nowych obiektów budowlanych","parcel_ids":["301602_4.0001.2177/1","301602_4.0001.2192/6"],"location_quality":"dokładny","gunb_url":"https://wyszukiwarka.gunb.gov.pl/","parcel_count":2,"parcel_shard":"x068-y210","parcel_id":"301602_4.0001.2177/1","location_source":"powiat obornicki (wfs)"}},{"type":"Feature","id":"ST-WK-OB/ZGŁOSZENIE/478/2026::301602_4.0001.2192/6","geometry":{"type":"Polygon","coordinates":[[[17.0024337591208,52.7364707703468],[17.00241886084,52.7364452775047],[17.0052354884374,52.7357224333488],[17.0052244710035,52.7357887704815],[17.0051758670172,52.7357670089829],[17.0045506528957,52.7359274767157],[17.0040188439615,52.7360639692431],[17.0034870302707,52.7362004584555],[17.0029552147637,52.7363369452762],[17.0024337591208,52.7364707703468]]]},"properties":{"case_id":"ST-WK-OB/ZGŁOSZENIE/478/2026","source_type":"zgloszenie","received_date":"2026-02-17","decision_date":null,"status":"Brak sprzeciwu","description":"Budowa sieci wodociągowej","address":"Rogoźno","city":"Rogoźno","office":"Starosta Powiatu Oborniki Wielkopolskie","case_kind":"budowa nowego/nowych obiektów budowlanych","parcel_ids":["301602_4.0001.2177/1","301602_4.0001.2192/6"],"location_quality":"dokładny","gunb_url":"https://wyszukiwarka.gunb.gov.pl/","parcel_count":2,"parcel_shard":"x068-y210","parcel_id":"301602_4.0001.2192/6","location_source":"powiat obornicki (wfs)"}},{"type":"Feature","id":"ST-WK-OB/ZGŁOSZENIE/3811/2025::301602_4.0001.2247/1","geometry":{"type":"Polygon","coordinates":[[[17.0146263643143,52.7333155315103],[17.0145538979856,52.7333612896483],[17.0144885699597,52.7333372630084],[17.0145561045484,52.7332936427087],[17.0146698150251,52.7331956285263],[17.0148244280816,52.7330623464029],[17.0149948938555,52.7329154002651],[17.0152079672572,52.7327317081884],[17.0154636616066,52.7325112880286],[17.015975042545,52.7320704459935],[17.0164864133389,52.7316295926856],[17.0169424260636,52.7312364501557],[17.016906676164,52.7311112394935],[17.0170772156865,52.7309643089518],[17.0173185344869,52.7310090074606],[17.0146263643143,52.7333155315103]]]},"properties":{"case_id":"ST-WK-OB/ZGŁOSZENIE/3811/2025","source_type":"zgloszenie","received_date":"2025-11-27","decision_date":null,"status":"Brak sprzeciwu","description":"Budowa sieci gazowej","address":"Rogoźno","city":"Rogoźno","office":"Starosta Powiatu Oborniki Wielkopolskie","case_kind":"budowa nowego/nowych obiektów budowlanych","parcel_ids":["301602_4.0001.2247/1","301602_4.0001.2247/13"],"location_quality":"dokładny","gunb_url":"https://wyszukiwarka.gunb.gov.pl/","parcel_count":2,"parcel_shard":"x068-y210","parcel_id":"301602_4.0001.2247/1","location_source":"powiat obornicki (wfs)"}},{"type":"Feature","id":"ST-WK-OB/ZGŁOSZENIE/3811/2025::301602_4.0001.2247/13","geometry":{"type":"Polygon","coordinates":[[[17.0154636616066,52.7325112880286],[17.0148887316376,52.7322655374937],[17.0142401813375,52.7319883278373],[17.0143380673345,52.7318809158098],[17.0145025063258,52.731700457001],[17.0146735875135,52.7315141474245],[17.015975042545,52.7320704459935],[17.0154636616066,52.7325112880286]]]},"properties":{"case_id":"ST-WK-OB/ZGŁOSZENIE/3811/2025","source_type":"zgloszenie","received_date":"2025-11-27","decision_date":null,"status":"Brak sprzeciwu","description":"Budowa sieci gazowej","address":"Rogoźno","city":"Rogoźno","office":"Starosta Powiatu Oborniki Wielkopolskie","case_kind":"budowa nowego/nowych obiektów budowlanych","parcel_ids":["301602_4.0001.2247/1","301602_4.0001.2247/13"],"location_quality":"dokładny","gunb_url":"https://wyszukiwarka.gunb.gov.pl/","parcel_count":2,"parcel_shard":"x068-y210","parcel_id":"301602_4.0001.2247/13","location_source":"powiat obornicki (wfs)"}},{"type":"Feature","id":"ST-WK-OB/ZGŁOSZENIE/2034/2026::301602_4.0001.2247/1","geometry":{"type":"Polygon","coordinates":[[[17.0146263643143,52.7333155315103],[17.0145538979856,52.7333612896483],[17.0144885699597,52.7333372630084],[17.0145561045484,52.7332936427087],[17.0146698150251,52.7331956285263],[17.0148244280816,52.7330623464029],[17.0149948938555,52.7329154002651],[17.0152079672572,52.7327317081884],[17.0154636616066,52.7325112880286],[17.015975042545,52.7320704459935],[17.0164864133389,52.7316295926856],[17.0169424260636,52.7312364501557],[17.016906676164,52.7311112394935],[17.0170772156865,52.7309643089518],[17.0173185344869,52.7310090074606],[17.0146263643143,52.7333155315103]]]},"properties":{"case_id":"ST-WK-OB/ZGŁOSZENIE/2034/2026","source_type":"zgloszenie","received_date":"2026-06-22","decision_date":null,"status":"Brak sprzeciwu","description":"Budowa sieci wodociągowej oraz sieci kanalizacji saniatarnej","address":"Rogoźno","city":"Rogoźno","office":"Starosta Powiatu Oborniki Wielkopolskie","case_kind":"budowa nowego/nowych obiektów budowlanych","parcel_ids":["301602_4.0001.2247/1","301602_4.0001.2247/13"],"location_quality":"dokładny","gunb_url":"https://wyszukiwarka.gunb.gov.pl/","parcel_count":2,"parcel_shard":"x068-y210","parcel_id":"301602_4.0001.2247/1","location_source":"powiat obornicki (wfs)"}},{"type":"Feature","id":"ST-WK-OB/ZGŁOSZENIE/2034/2026::301602_4.0001.2247/13","geometry":{"type":"Polygon","coordinates":[[[17.0154636616066,52.7325112880286],[17.0148887316376,52.7322655374937],[17.0142401813375,52.7319883278373],[17.0143380673345,52.7318809158098],[17.0145025063258,52.731700457001],[17.0146735875135,52.7315141474245],[17.015975042545,52.7320704459935],[17.0154636616066,52.7325112880286]]]},"properties":{"case_id":"ST-WK-OB/ZGŁOSZENIE/2034/2026","source_type":"zgloszenie","received_date":"2026-06-22","decision_date":null,"status":"Brak sprzeciwu","description":"Budowa sieci wodociągowej oraz sieci kanalizacji saniatarnej","address":"Rogoźno","city":"Rogoźno","office":"Starosta Powiatu Oborniki Wielkopolskie","case_kind":"budowa nowego/nowych obiektów budowlanych","parcel_ids":["301602_4.0001.2247/1","301602_4.0001.2247/13"],"location_quality":"dokładny","gunb_url":"https://wyszukiwarka.gunb.gov.pl/","parcel_count":2,"parcel_shard":"x068-y210","parcel_id":"301602_4.0001.2247/13","location_source":"powiat obornicki (wfs)"}},{"type":"Feature","id":"ST-WK-OB/WNIOSEK/9035/2026::301602_4.0001.2247/12","geometry":{"type":"Polygon","coordinates":[[[17.0147182680723,52.7324124835053],[17.0146274083074,52.7323737483137],[17.014095947148,52.7321466172496],[17.0141691845812,52.7320662495417],[17.0142401813375,52.7319883278373],[17.0148887316376,52.7322655374937],[17.0147182680723,52.7324124835053]]]},"properties":{"case_id":"ST-WK-OB/WNIOSEK/9035/2026","source_type":"wniosek_decyzja","received_date":"2026-05-12","decision_date":"2026-06-01","status":"decyzja wydana","description":"Budowa budynku mieszkalnego jednorodzinnego dwulokalowego wolnostojącego","address":"Rogoźno","city":"Rogoźno","office":"Starosta Powiatu Oborniki Wielkopolskie","case_kind":"Budynek mieszkalny jednorodzinny","parcel_ids":["301602_4.0001.2247/12"],"location_quality":"dokładny","gunb_url":"https://wyszukiwarka.gunb.gov.pl/","parcel_count":1,"parcel_shard":"x068-y210","parcel_id":"301602_4.0001.2247/12","location_source":"powiat obornicki (wfs)"}},{"type":"Feature","id":"ST-WK-OB/WNIOSEK/9916/2026::301602_4.0001.2591","geometry":{"type":"Polygon","coordinates":[[[16.9997653642923,52.7370384960051],[16.9996018520852,52.7367716322547],[17.0001030847768,52.7366577590633],[17.0002619960108,52.7369256663018],[16.9997653642923,52.7370384960051]]]},"properties":{"case_id":"ST-WK-OB/WNIOSEK/9916/2026","source_type":"wniosek_decyzja","received_date":"2026-05-22","decision_date":"2026-07-02","status":"decyzja wydana","description":"Instalowanie wewnątrz budynku mieszkalnego instalacji gazowej","address":"Rogoźno","city":"Rogoźno","office":"Starosta Powiatu Oborniki Wielkopolskie","case_kind":"Budynek mieszkalny jednorodzinny","parcel_ids":["301602_4.0001.2591","301602_4.0001.2592"],"location_quality":"dokładny","gunb_url":"https://wyszukiwarka.gunb.gov.pl/","parcel_count":2,"parcel_shard":"x068-y210","parcel_id":"301602_4.0001.2591","location_source":"powiat obornicki (wfs)"}},{"type":"Feature","id":"ST-WK-OB/WNIOSEK/9916/2026::301602_4.0001.2592","geometry":{"type":"Polygon","coordinates":[[[17.0002619960108,52.7369256663018],[17.0001030847768,52.7366577590633],[17.0012444153357,52.7363984468643],[17.0014836451748,52.736344100202],[17.0016357407875,52.7362623426002],[17.0018193674665,52.7365717461056],[17.0016051868062,52.7366204518006],[17.001155243448,52.7367227131495],[17.0004717670316,52.7368780070315],[17.0002619960108,52.7369256663018]]]},"properties":{"case_id":"ST-WK-OB/WNIOSEK/9916/2026","source_type":"wniosek_decyzja","received_date":"2026-05-22","decision_date":"2026-07-02","status":"decyzja wydana","description":"Instalowanie wewnątrz budynku mieszkalnego instalacji gazowej","address":"Rogoźno","city":"Rogoźno","office":"Starosta Powiatu Oborniki Wielkopolskie","case_kind":"Budynek mieszkalny jednorodzinny","parcel_ids":["301602_4.0001.2591","301602_4.0001.2592"],"location_quality":"dokładny","gunb_url":"https://wyszukiwarka.gunb.gov.pl/","parcel_count":2,"parcel_shard":"x068-y210","parcel_id":"301602_4.0001.2592","location_source":"powiat obornicki (wfs)"}},{"type":"Feature","id":"ST-WK-OB/WNIOSEK/1658/2026::301602_5.0002.171/41","geometry":{"type":"Polygon","coordinates":[[[17.0586644576124,52.7071129540871],[17.058595159165,52.706923710654],[17.0596225011311,52.70678523573],[17.0596916152874,52.7069744555757],[17.0586644576124,52.7071129540871]]]},"properties":{"case_id":"ST-WK-OB/WNIOSEK/1658/2026","source_type":"wniosek_decyzja","received_date":"2026-01-28","decision_date":"2026-04-23","status":"decyzja wydana","description":"Budowa budynku mieszkalnego jednorodzinnego wolnostojącego","address":"Budziszewko","city":"Budziszewko","office":"Starosta Powiatu Oborniki Wielkopolskie","case_kind":"Budynek mieszkalny jednorodzinny","parcel_ids":["301602_5.0002.171/41","301602_5.0002.171/42"],"location_quality":"dokładny","gunb_url":"https://wyszukiwarka.gunb.gov.pl/","parcel_count":2,"parcel_shard":"x068-y210","parcel_id":"301602_5.0002.171/41","location_source":"powiat obornicki (wfs)"}},{"type":"Feature","id":"ST-WK-OB/WNIOSEK/1658/2026::301602_5.0002.171/42","geometry":{"type":"Polygon","coordinates":[[[17.058595159165,52.706923710654],[17.0585258982822,52.706734584126],[17.0595533419079,52.7065959061034],[17.0596225011311,52.70678523573],[17.058595159165,52.706923710654]]]},"properties":{"case_id":"ST-WK-OB/WNIOSEK/1658/2026","source_type":"wniosek_decyzja","received_date":"2026-01-28","decision_date":"2026-04-23","status":"decyzja wydana","description":"Budowa budynku mieszkalnego jednorodzinnego wolnostojącego","address":"Budziszewko","city":"Budziszewko","office":"Starosta Powiatu Oborniki Wielkopolskie","case_kind":"Budynek mieszkalny jednorodzinny","parcel_ids":["301602_5.0002.171/41","301602_5.0002.171/42"],"location_quality":"dokładny","gunb_url":"https://wyszukiwarka.gunb.gov.pl/","parcel_count":2,"parcel_shard":"x068-y210","parcel_id":"301602_5.0002.171/42","location_source":"powiat obornicki (wfs)"}},{"type":"Feature","id":"ST-WK-OB/WNIOSEK/13048/2026::301602_5.0002.171/75","geometry":{"type":"Polygon","coordinates":[[[17.0636248610182,52.7068424514806],[17.0634709456645,52.7064213373612],[17.0637453713638,52.706384332894],[17.0638993371222,52.7068054271964],[17.0637197728268,52.7068296528215],[17.0636248610182,52.7068424514806]]]},"properties":{"case_id":"ST-WK-OB/WNIOSEK/13048/2026","source_type":"wniosek_decyzja","received_date":"2026-07-09","decision_date":"2026-08-18","status":"decyzja wydana","description":"Budowa budynku mieszkalnego jednorodzinnego wolnostojącego","address":"Budziszewko","city":"Budziszewko","office":"Starosta Powiatu Oborniki Wielkopolskie","case_kind":"Budynek mieszkalny jednorodzinny","parcel_ids":["301602_5.0002.171/75"],"location_quality":"dokładny","gunb_url":"https://wyszukiwarka.gunb.gov.pl/","parcel_count":1,"parcel_shard":"x068-y210","parcel_id":"301602_5.0002.171/75","location_source":"powiat obornicki (wfs)"}},{"type":"Feature","id":"ST-WK-OB/WNIOSEK/4535/2026::301602_5.0002.261","geometry":{"type":"Polygon","coordinates":[[[17.0912600604735,52.6875181659715],[17.0903899230656,52.6865637523642],[17.0895311200512,52.6856225287739],[17.0886702024084,52.6846789406789],[17.0886537087187,52.6846608627068],[17.0888302980963,52.6845249157608],[17.0891026411722,52.6843834460132],[17.0895558822761,52.6842603620956],[17.089996984754,52.6837723042722],[17.0905580967914,52.6832035793353],[17.0905403620998,52.6830835731067],[17.0921815904193,52.6848152629948],[17.0931005916308,52.6857848481038],[17.0939537857901,52.6866849591074],[17.0936911673806,52.6867676687217],[17.0930415899009,52.6869726217613],[17.0928145308837,52.6870338806417],[17.0927347684776,52.6870693141006],[17.0912705206398,52.687529509404],[17.0912600604735,52.6875181659715]]]},"properties":{"case_id":"ST-WK-OB/WNIOSEK/4535/2026","source_type":"wniosek_decyzja","received_date":"2026-03-11","decision_date":"2026-04-17","status":"decyzja wydana","description":"Rozbudowa, przebudowa i nadbudowa budynku gospodarczego w zabudowie zagrodowej","address":"Budziszewko","city":"Budziszewko","office":"Starosta Powiatu Oborniki Wielkopolskie","case_kind":"Obiekt budowlany inny niż budynek mieszkalny jednorodzinny","parcel_ids":["301602_5.0002.261"],"location_quality":"dokładny","gunb_url":"https://wyszukiwarka.gunb.gov.pl/","parcel_count":1,"parcel_shard":"x068-y210","parcel_id":"301602_5.0002.261","location_source":"powiat obornicki (wfs)"}},{"type":"Feature","id":"ST-WK-OB/WNIOSEK/11913/2026::301602_5.0002.91/2","geometry":{"type":"Polygon","coordinates":[[[17.0549407332563,52.6932318694581],[17.0552961545498,52.6932961670653],[17.0557194142695,52.6934167856048],[17.0553541680729,52.6941096210821],[17.0547163632773,52.6940078338955],[17.0549407332563,52.6932318694581]]]},"properties":{"case_id":"ST-WK-OB/WNIOSEK/11913/2026","source_type":"wniosek_decyzja","received_date":"2026-06-22","decision_date":"2026-07-23","status":"decyzja wydana","description":"Instalacja zbiornikowa wraz z podziemnym zbiornikiem oraz wewnętrzną instalacją gazową","address":"Budziszewko","city":"Budziszewko","office":"Starosta Powiatu Oborniki Wielkopolskie","case_kind":"Budynek mieszkalny jednorodzinny","parcel_ids":["301602_5.0002.91/2"],"location_quality":"dokładny","gunb_url":"https://wyszukiwarka.gunb.gov.pl/","parcel_count":1,"parcel_shard":"x068-y210","parcel_id":"301602_5.0002.91/2","location_source":"powiat obornicki (wfs)"}},{"type":"Feature","id":"ST-WK-OB/ZGŁOSZENIE/923/2026::301602_5.0010.139","geometry":{"type":"Polygon","coordinates":[[[17.007467998604,52.6864142700904],[17.0087451592244,52.6854583819607],[17.0095226667559,52.6848761740457],[17.0113017894746,52.6835198277387],[17.011429502334,52.6834122624716],[17.0115776651133,52.6834047567205],[17.0122426479094,52.6837485129818],[17.0126777392325,52.6836664843466],[17.0139456150007,52.683780338983],[17.0140595956233,52.6837905737055],[17.0143043720915,52.6838597059792],[17.0150917985816,52.684213907142],[17.016860441941,52.6820620317954],[17.0168894145469,52.6820752667136],[17.0164905750034,52.6825468529811],[17.0156988854815,52.6835194107711],[17.0151077269292,52.6842548440807],[17.0142813862248,52.6838827982249],[17.0140460234719,52.6838164261331],[17.0126812451483,52.683694052664],[17.0122324635334,52.6837786451587],[17.0115629690168,52.6834325567296],[17.0114708707802,52.6834372223212],[17.0113432076885,52.683528717593],[17.0104220961135,52.6842338779919],[17.0097040043329,52.6847834242182],[17.0096568076647,52.6848195972093],[17.0089768369034,52.685328228262],[17.0082396461747,52.6858797965369],[17.0075024363138,52.6864312702975],[17.007467998604,52.6864142700904]]]},"properties":{"case_id":"ST-WK-OB/ZGŁOSZENIE/923/2026","source_type":"zgloszenie","received_date":"2026-03-06","decision_date":null,"status":"Brak sprzeciwu","description":"Budowa oświetlenia drogowego solarnego","address":"Nienawiszcz","city":"Nienawiszcz","office":"Starosta Powiatu Oborniki Wielkopolskie","case_kind":"budowa nowego/nowych obiektów budowlanych","parcel_ids":["301602_5.0010.139"],"location_quality":"dokładny","gunb_url":"https://wyszukiwarka.gunb.gov.pl/","parcel_count":1,"parcel_shard":"x068-y210","parcel_id":"301602_5.0010.139","location_source":"powiat obornicki (wfs)"}},{"type":"Feature","id":"ST-WK-OB/WNIOSEK/817/2026::301602_5.0010.150/22","geometry":{"type":"Polygon","coordinates":[[[17.0100103047753,52.6849454325694],[17.0097318876195,52.6847981677959],[17.0100637456084,52.68454420676],[17.0101451436429,52.6845396648587],[17.0103991826338,52.6846740889204],[17.0100103047753,52.6849454325694]]]},"properties":{"case_id":"ST-WK-OB/WNIOSEK/817/2026","source_type":"wniosek_decyzja","received_date":"2026-01-15","decision_date":"2026-03-02","status":"decyzja wydana","description":"Budowa budynku rekreacji indywidualnej","address":"Nienawiszcz","city":"Nienawiszcz","office":"Starosta Powiatu Oborniki Wielkopolskie","case_kind":"Budynek mieszkalny jednorodzinny","parcel_ids":["301602_5.0010.150/22"],"location_quality":"dokładny","gunb_url":"https://wyszukiwarka.gunb.gov.pl/","parcel_count":1,"parcel_shard":"x068-y210","parcel_id":"301602_5.0010.150/22","location_source":"powiat obornicki (wfs)"}},{"type":"Feature","id":"ST-WK-OB/WNIOSEK/11911/2026::301602_5.0010.150/29","geometry":{"type":"Polygon","coordinates":[[[17.0108659335199,52.6848485108505],[17.010508204306,52.6846598463485],[17.0108177257191,52.6844431740508],[17.0109306943807,52.6845029389959],[17.0111748717668,52.6846321023828],[17.0108659335199,52.6848485108505]]]},"properties":{"case_id":"ST-WK-OB/WNIOSEK/11911/2026","source_type":"wniosek_decyzja","received_date":"2026-06-22","decision_date":"2026-07-10","status":"decyzja wydana","description":"Budowa budynku rekreacji indywidualnej","address":"Nienawiszcz","city":"Nienawiszcz","office":"Starosta Powiatu Oborniki Wielkopolskie","case_kind":"Obiekt budowlany inny niż budynek mieszkalny jednorodzinny","parcel_ids":["301602_5.0010.150/29"],"location_quality":"dokładny","gunb_url":"https://wyszukiwarka.gunb.gov.pl/","parcel_count":1,"parcel_shard":"x068-y210","parcel_id":"301602_5.0010.150/29","location_source":"powiat obornicki (wfs)"}},{"type":"Feature","id":"ST-WK-OB/WNIOSEK/6883/2026::301602_5.0011.234/7","geometry":{"type":"Polygon","coordinates":[[[17.0304371241795,52.7380428763709],[17.0309501157636,52.7382074380596],[17.0310302049799,52.738296262639],[17.0300037914563,52.7389159880415],[17.0293408274422,52.7387046629741],[17.0304371241795,52.7380428763709]]]},"properties":{"case_id":"ST-WK-OB/WNIOSEK/6883/2026","source_type":"wniosek_decyzja","received_date":"2026-04-10","decision_date":"2026-04-27","status":"decyzja wydana","description":"Budowa budynku mieszkalnego jednorodzinnego wolnostojącego","address":"Owczegłowy","city":"Owczegłowy","office":"Starosta Powiatu Oborniki Wielkopolskie","case_kind":"Budynek mieszkalny jednorodzinny","parcel_ids":["301602_5.0011.234/7"],"location_quality":"dokładny","gunb_url":"https://wyszukiwarka.gunb.gov.pl/","parcel_count":1,"parcel_shard":"x068-y210","parcel_id":"301602_5.0011.234/7","location_source":"powiat obornicki (wfs)"}},{"type":"Feature","id":"ST-WK-OB/WNIOSEK/17969/2025::301602_5.0011.375/18","geometry":{"type":"Polygon","coordinates":[[[17.0310841034289,52.7340517751478],[17.03113919462,52.7338532577455],[17.0314017719554,52.7338801487914],[17.0315624018692,52.7338967411824],[17.0315073140355,52.7340954385195],[17.0310841034289,52.7340517751478]]]},"properties":{"case_id":"ST-WK-OB/WNIOSEK/17969/2025","source_type":"wniosek_decyzja","received_date":"2025-09-01","decision_date":"2025-10-14","status":"decyzja wydana","description":"Budowa budynku rekreacj indywidualnej wraz z instalacją zbiornikową oraz podziemnym zbiornikiem","address":"Owczegłowy","city":"Owczegłowy","office":"Starosta Powiatu Oborniki Wielkopolskie","case_kind":"Obiekt budowlany inny niż budynek mieszkalny jednorodzinny","parcel_ids":["301602_5.0011.375/18"],"location_quality":"dokładny","gunb_url":"https://wyszukiwarka.gunb.gov.pl/","parcel_count":1,"parcel_shard":"x068-y210","parcel_id":"301602_5.0011.375/18","location_source":"powiat obornicki (wfs)"}},{"type":"Feature","id":"ST-WK-OB/WNIOSEK/21373/2025::301602_5.0017.160/2","geometry":{"type":"Polygon","coordinates":[[[17.0051205356264,52.7326046704904],[17.0047470231143,52.7325441971606],[17.004820755414,52.7322795109954],[17.0051126827924,52.7323094884815],[17.0050953994148,52.7323715175868],[17.0051829750523,52.7323805025943],[17.0051205356264,52.7326046704904]]]},"properties":{"case_id":"ST-WK-OB/WNIOSEK/21373/2025","source_type":"wniosek_decyzja","received_date":"2025-10-17","decision_date":"2025-11-21","status":"decyzja wydana","description":"Budowa budynku mieszkalnego jednorodzinnego wolnostojącego","address":"Międzylesie","city":"Międzylesie","office":"Starosta Powiatu Oborniki Wielkopolskie","case_kind":"Budynek mieszkalny jednorodzinny","parcel_ids":["301602_5.0017.160/2"],"location_quality":"dokładny","gunb_url":"https://wyszukiwarka.gunb.gov.pl/","parcel_count":1,"parcel_shard":"x068-y210","parcel_id":"301602_5.0017.160/2","location_source":"powiat obornicki (wfs)"}},{"type":"Feature","id":"ST-WK-OB/ZGŁOSZENIE/4134/2025::301602_5.0017.167","geometry":{"type":"Polygon","coordinates":[[[16.9972442911356,52.7220912093504],[16.9973210065181,52.7221105702556],[16.9985197098411,52.722015862286],[16.9985856619472,52.7220101088353],[16.9989789990831,52.7219757776113],[16.9994009875534,52.7219390009964],[16.999592601535,52.7219222773176],[16.9996196173873,52.7219198602711],[16.9996418702895,52.7219179180102],[16.9996641630417,52.7219159741941],[17.0002273350169,52.7218668712741],[17.0006485941779,52.7218301705345],[17.0007389557176,52.7218222607243],[17.0008401645161,52.7218134356672],[17.001366424835,52.7217675549815],[17.0015581341569,52.7217508281251],[17.0020932497859,52.7217041625591],[17.0022484679944,52.7216906260702],[17.0024695510706,52.721671346967],[17.0027617466554,52.7216458618599],[17.0030200546328,52.7216481195787],[17.0035123288376,52.7216524205936],[17.0036417297119,52.7216535509149],[17.0042634049906,52.7216589789026],[17.0043808324715,52.7216600038285],[17.0048850271007,52.7216528260907],[17.0055066048699,52.7216439741744],[17.0055574105105,52.7216432248267],[17.0056841931439,52.721641476394],[17.0060795141585,52.7216359446091],[17.0064684737515,52.7216471081597],[17.0072530373038,52.7216696181466],[17.0080303869209,52.7216919594888],[17.0080920679276,52.7216960896111],[17.0081879907289,52.7216903891335],[17.0087397621766,52.7217352701308],[17.0089318682568,52.721771205151],[17.0091127479259,52.7218051277067],[17.0092996858707,52.721844616111],[17.0096495654543,52.7219185002796],[17.0097963110727,52.7219495144754],[17.0097982679613,52.7219499280555],[17.0099805045191,52.721954669483],[17.010167703733,52.7219418167151],[17.010908999413,52.7218909177367],[17.0114241261705,52.7218555453083],[17.0114733099447,52.7218523205997],[17.0120566186962,52.7218128848899],[17.01232582876,52.7217946364568],[17.0125926647034,52.7217766372631],[17.0128596504522,52.7217585488436],[17.0133442560341,52.7217257341242],[17.0136435573611,52.721705486252],[17.0141330535225,52.7216723495006],[17.0147489994764,52.721630645032],[17.0149869272426,52.7216145572128],[17.0154981316548,52.7215798301852],[17.0154549365043,52.721669177276],[17.0153836252971,52.7216741114599],[17.0148883468072,52.7217083790755],[17.0145817434188,52.7217295912628],[17.0141764692123,52.7217576287837],[17.0137713397758,52.7217856553402],[17.0134645900485,52.7218068751085],[17.0134060143939,52.7218109263543],[17.0129979916932,52.721839149983],[17.011623947814,52.7219341848611],[17.0114016341911,52.72194957626],[17.0113531005601,52.7219529133086],[17.0098789662229,52.7220510042294],[17.0096823398664,52.7220366447673],[17.0092476789444,52.7219370249646],[17.0090851143391,52.7218997667977],[17.008907300134,52.7218683071807],[17.0087167575189,52.7218345947223],[17.0085642955825,52.7218198004849],[17.008410371602,52.7218048644078],[17.0081936534118,52.7218175844302],[17.0080340784761,52.7218108576158],[17.0079749042758,52.7217970055203],[17.0072623880176,52.7217737884506],[17.0060767551479,52.7217334343898],[17.0043782046902,52.7217525099896],[17.0027694744492,52.7217408431053],[17.0007522334628,52.7219124959491],[16.9990001095483,52.7220586835941],[16.9985893605051,52.7221019459323],[16.9985225336965,52.722096899582],[16.9972813269554,52.7222182200112],[16.9972442911356,52.7220912093504]]]},"properties":{"case_id":"ST-WK-OB/ZGŁOSZENIE/4134/2025","source_type":"zgloszenie","received_date":"2025-12-29","decision_date":null,"status":"Brak sprzeciwu","description":"Budowa sieci wodociągowej","address":"Międzylesie","city":"Międzylesie","office":"Starosta Powiatu Oborniki Wielkopolskie","case_kind":"budowa nowego/nowych obiektów budowlanych","parcel_ids":["301602_5.0017.167","301602_5.0017.253/7"],"location_quality":"dokładny","gunb_url":"https://wyszukiwarka.gunb.gov.pl/","parcel_count":2,"parcel_shard":"x068-y210","parcel_id":"301602_5.0017.167","location_source":"powiat obornicki (wfs)"}},{"type":"Feature","id":"ST-WK-OB/ZGŁOSZENIE/4134/2025::301602_5.0017.253/7","geometry":{"type":"Polygon","coordinates":[[[17.0147489994764,52.721630645032],[17.0148434794513,52.721582628956],[17.0148745085815,52.7215193465103],[17.0149665331975,52.7213306586432],[17.0150588631042,52.7211415238723],[17.0151510401681,52.7209525675029],[17.0152432204735,52.7207634313397],[17.0153355499798,52.7205742064676],[17.0154278766535,52.72038507137],[17.0155202025185,52.7201959361906],[17.0156123795924,52.7200067997011],[17.015704703841,52.7198176643584],[17.0157968792996,52.7196285277058],[17.0158892019317,52.7194393921999],[17.0159813757752,52.7192502553842],[17.0160542994774,52.7191009522683],[17.0160043443096,52.719045175925],[17.0155215694051,52.7189586651923],[17.0150389423891,52.7188722435875],[17.0149470870295,52.7189025766287],[17.0148744700261,52.719051252517],[17.0147822918361,52.7192403884574],[17.0146899648583,52.7194295230867],[17.0145977850531,52.7196186588641],[17.0145054564587,52.7198077933301],[17.0144131270557,52.7199969277143],[17.0143209448272,52.7201860632469],[17.0142286138075,52.7203751974679],[17.0141364319899,52.7205642429812],[17.0140440993538,52.7207533770388],[17.0139519138946,52.7209425122452],[17.0138595796418,52.7211316461394],[17.0137677027306,52.7213201546511],[17.0135963735238,52.721671211626],[17.0136435573611,52.721705486252],[17.0133442560341,52.7217257341242],[17.0134387377441,52.7216777191767],[17.0136027722456,52.7213417004158],[17.0136783551765,52.7211865791452],[17.0136284027322,52.7211307119672],[17.0132026652652,52.7210541928709],[17.013110804046,52.7210845244501],[17.0130350733291,52.7212395542648],[17.0129804400736,52.7213517104517],[17.012787282253,52.7213647518024],[17.0127729031592,52.7213657105667],[17.0128484890704,52.7212105898401],[17.0129404966927,52.7211803495549],[17.013051925768,52.7209520108982],[17.0133073952837,52.7209979949918],[17.0136620767701,52.7210617898283],[17.0137540855504,52.7210314590506],[17.0138485972339,52.7208376699447],[17.0139243263846,52.7206825497265],[17.013999907007,52.7205274282229],[17.014081688102,52.7203598658688],[17.0141692134203,52.720180398096],[17.0142568859937,52.7200009314801],[17.0143442578232,52.7198216420427],[17.014431774883,52.7196424436183],[17.0145191432358,52.7194632438906],[17.0146065068133,52.7192842238022],[17.0146937196621,52.7191052922672],[17.0147810777423,52.718926451745],[17.0148681330686,52.7187478782597],[17.0161781798942,52.7189826287435],[17.0162633762246,52.7189982545125],[17.0155752630757,52.7203996861393],[17.0149869272426,52.7216145572128],[17.0147489994764,52.721630645032]]]},"properties":{"case_id":"ST-WK-OB/ZGŁOSZENIE/4134/2025","source_type":"zgloszenie","received_date":"2025-12-29","decision_date":null,"status":"Brak sprzeciwu","description":"Budowa sieci wodociągowej","address":"Międzylesie","city":"Międzylesie","office":"Starosta Powiatu Oborniki Wielkopolskie","case_kind":"budowa nowego/nowych obiektów budowlanych","parcel_ids":["301602_5.0017.167","301602_5.0017.253/7"],"location_quality":"dokładny","gunb_url":"https://wyszukiwarka.gunb.gov.pl/","parcel_count":2,"parcel_shard":"x068-y210","parcel_id":"301602_5.0017.253/7","location_source":"powiat obornicki (wfs)"}},{"type":"Feature","id":"ST-WK-OB/WNIOSEK/21917/2025::301602_5.0017.177/30","geometry":{"type":"Polygon","coordinates":[[[17.0067135934656,52.7264734588505],[17.0061570006856,52.7263802265388],[17.0062651735103,52.726165293665],[17.0068120096718,52.726256891659],[17.0067135934656,52.7264734588505]]]},"properties":{"case_id":"ST-WK-OB/WNIOSEK/21917/2025","source_type":"wniosek_decyzja","received_date":"2025-10-24","decision_date":"2025-12-10","status":"decyzja wydana","description":"Budowa budynku mieszkalnego jednorodzinnego wolnostojącego","address":"Międzylesie","city":"Międzylesie","office":"Starosta Powiatu Oborniki Wielkopolskie","case_kind":"Budynek mieszkalny jednorodzinny","parcel_ids":["301602_5.0017.177/30"],"location_quality":"dokładny","gunb_url":"https://wyszukiwarka.gunb.gov.pl/","parcel_count":1,"parcel_shard":"x068-y210","parcel_id":"301602_5.0017.177/30","location_source":"powiat obornicki (wfs)"}},{"type":"Feature","id":"ST-WK-OB/WNIOSEK/2092/2026::301602_5.0017.209/3","geometry":{"type":"Polygon","coordinates":[[[17.0068686811924,52.7290031235165],[17.0075693609232,52.729118700553],[17.0074805091891,52.7292948517059],[17.006787099433,52.7291805775934],[17.0068686811924,52.7290031235165]]]},"properties":{"case_id":"ST-WK-OB/WNIOSEK/2092/2026","source_type":"wniosek_decyzja","received_date":"2026-02-04","decision_date":"2026-03-13","status":"decyzja wydana","description":"Budowa budynku mieszkalnego jednorodzinnego wolnostojącego dwulokalowego","address":"Międzylesie","city":"Międzylesie","office":"Starosta Powiatu Oborniki Wielkopolskie","case_kind":"Budynek mieszkalny jednorodzinny","parcel_ids":["301602_5.0017.209/3"],"location_quality":"dokładny","gunb_url":"https://wyszukiwarka.gunb.gov.pl/","parcel_count":1,"parcel_shard":"x068-y210","parcel_id":"301602_5.0017.209/3","location_source":"powiat obornicki (wfs)"}},{"type":"Feature","id":"ST-WK-OB/WNIOSEK/5115/2026::301602_5.0017.215/1","geometry":{"type":"Polygon","coordinates":[[[17.0141639032914,52.7296476146991],[17.0140896862674,52.7296733466437],[17.013783452292,52.7296267499909],[17.0137419233258,52.7295833860443],[17.0138244379552,52.7294036820327],[17.0142478074418,52.7294753481508],[17.0141639032914,52.7296476146991]]]},"properties":{"case_id":"ST-WK-OB/WNIOSEK/5115/2026","source_type":"wniosek_decyzja","received_date":"2026-03-18","decision_date":"2026-05-20","status":"decyzja wydana","description":"Budowa budynku mieszkalnego jednorodzinnego wolnostojącego","address":"Międzylesie","city":"Międzylesie","office":"Starosta Powiatu Oborniki Wielkopolskie","case_kind":"Budynek mieszkalny jednorodzinny","parcel_ids":["301602_5.0017.215/1"],"location_quality":"dokładny","gunb_url":"https://wyszukiwarka.gunb.gov.pl/","parcel_count":1,"parcel_shard":"x068-y210","parcel_id":"301602_5.0017.215/1","location_source":"powiat obornicki (wfs)"}},{"type":"Feature","id":"ST-WK-OB/WNIOSEK/2753/2026::301602_5.0017.237/21","geometry":{"type":"Polygon","coordinates":[[[17.0138811216713,52.7236456762543],[17.0139811295103,52.723438727773],[17.0145506243841,52.7235401130646],[17.0144503521587,52.7237470139815],[17.0138811216713,52.7236456762543]]]},"properties":{"case_id":"ST-WK-OB/WNIOSEK/2753/2026","source_type":"wniosek_decyzja","received_date":"2026-02-13","decision_date":"2026-06-30","status":"decyzja wydana","description":"Budowa budynku mieszkalnego jednorodzinnego wolnostojącego","address":"Międzylesie","city":"Międzylesie","office":"Starosta Powiatu Oborniki Wielkopolskie","case_kind":"Budynek mieszkalny jednorodzinny","parcel_ids":["301602_5.0017.237/21"],"location_quality":"dokładny","gunb_url":"https://wyszukiwarka.gunb.gov.pl/","parcel_count":1,"parcel_shard":"x068-y210","parcel_id":"301602_5.0017.237/21","location_source":"powiat obornicki (wfs)"}},{"type":"Feature","id":"ST-WK-OB/WNIOSEK/18948/2025::301602_5.0017.248/31","geometry":{"type":"Polygon","coordinates":[[[17.007925324855,52.7160153066909],[17.0078405286995,52.7163709628691],[17.0074745793936,52.7163387824812],[17.0075479768466,52.7160273852604],[17.0076324797134,52.7159893844182],[17.007925324855,52.7160153066909]]]},"properties":{"case_id":"ST-WK-OB/WNIOSEK/18948/2025","source_type":"wniosek_decyzja","received_date":"2025-09-16","decision_date":"2025-10-20","status":"decyzja wydana","description":"Budowa budynku mieszkalnego jednorodzinnego wolnostojącego","address":"Międzylesie","city":"Międzylesie","office":"Starosta Powiatu Oborniki Wielkopolskie","case_kind":"Budynek mieszkalny jednorodzinny","parcel_ids":["301602_5.0017.248/31"],"location_quality":"dokładny","gunb_url":"https://wyszukiwarka.gunb.gov.pl/","parcel_count":1,"parcel_shard":"x068-y210","parcel_id":"301602_5.0017.248/31","location_source":"powiat obornicki (wfs)"}},{"type":"Feature","id":"ST-WK-OB/WNIOSEK/22968/2025::301602_5.0017.248/49","geometry":{"type":"Polygon","coordinates":[[[17.0079321486658,52.7179133558832],[17.0081300973033,52.7176720496563],[17.008659941386,52.7178323176453],[17.0084619949259,52.7180736246711],[17.0079321486658,52.7179133558832]]]},"properties":{"case_id":"ST-WK-OB/WNIOSEK/22968/2025","source_type":"wniosek_decyzja","received_date":"2025-11-07","decision_date":"2025-12-15","status":"decyzja wydana","description":"Budowa budynku garażowego","address":"Międzylesie","city":"Międzylesie","office":"Starosta Powiatu Oborniki Wielkopolskie","case_kind":"Obiekt budowlany inny niż budynek mieszkalny jednorodzinny","parcel_ids":["301602_5.0017.248/49"],"location_quality":"dokładny","gunb_url":"https://wyszukiwarka.gunb.gov.pl/","parcel_count":1,"parcel_shard":"x068-y210","parcel_id":"301602_5.0017.248/49","location_source":"powiat obornicki (wfs)"}},{"type":"Feature","id":"ST-WK-OB/WNIOSEK/3925/2026::301602_5.0017.251/18","geometry":{"type":"Polygon","coordinates":[[[17.0088585146984,52.7191019716929],[17.0088001689548,52.7194133509476],[17.0082950435446,52.7194048727567],[17.0082163081518,52.7193498121511],[17.0082703663554,52.7190613355319],[17.0088585146984,52.7191019716929]]]},"properties":{"case_id":"ST-WK-OB/WNIOSEK/3925/2026","source_type":"wniosek_decyzja","received_date":"2026-03-03","decision_date":"2026-03-17","status":"decyzja wydana","description":"Budowa budynku garażowego","address":"Międzylesie","city":"Międzylesie","office":"Starosta Powiatu Oborniki Wielkopolskie","case_kind":"Obiekt budowlany inny niż budynek mieszkalny jednorodzinny","parcel_ids":["301602_5.0017.251/18"],"location_quality":"dokładny","gunb_url":"https://wyszukiwarka.gunb.gov.pl/","parcel_count":1,"parcel_shard":"x068-y210","parcel_id":"301602_5.0017.251/18","location_source":"powiat obornicki (wfs)"}},{"type":"Feature","id":"ST-WK-OB/ZGŁOSZENIE/2132/2026::301602_5.0017.251/56","geometry":{"type":"Polygon","coordinates":[[[17.0092986146423,52.7213301737095],[17.0092996556267,52.7218300895308],[17.0092996858707,52.721844616111],[17.0091127479259,52.7218051277067],[17.0089318682568,52.721771205151],[17.0089309823517,52.7213750448186],[17.0089308827231,52.7213304912689],[17.0092986146423,52.7213301737095]]]},"properties":{"case_id":"ST-WK-OB/ZGŁOSZENIE/2132/2026","source_type":"zgloszenie","received_date":"2026-06-30","decision_date":null,"status":"Brak sprzeciwu","description":"Budowa budynku mieszkalnego jednorodzinnego wolnostojącego","address":"Międzylesie","city":"Międzylesie","office":"Starosta Powiatu Oborniki Wielkopolskie","case_kind":"budowa nowego/nowych obiektów budowlanych","parcel_ids":["301602_5.0017.251/56"],"location_quality":"dokładny","gunb_url":"https://wyszukiwarka.gunb.gov.pl/","parcel_count":1,"parcel_shard":"x068-y210","parcel_id":"301602_5.0017.251/56","location_source":"powiat obornicki (wfs)"}},{"type":"Feature","id":"ST-WK-OB/WNIOSEK/24896/2025::301602_5.0017.253/34","geometry":{"type":"Polygon","coordinates":[[[17.0138595796418,52.7211316461394],[17.0144131291377,52.7212311542928],[17.0143211043799,52.7214197518668],[17.0140786035179,52.7213761246274],[17.0137677027306,52.7213201546511],[17.0138595796418,52.7211316461394]]]},"properties":{"case_id":"ST-WK-OB/WNIOSEK/24896/2025","source_type":"wniosek_decyzja","received_date":"2025-12-08","decision_date":"2026-01-16","status":"decyzja wydana","description":"Budowa budynku mieszkalnego jednorodzinnego wolnostojącego","address":"Międzylesie","city":"Międzylesie","office":"Starosta Powiatu Oborniki Wielkopolskie","case_kind":"Budynek mieszkalny jednorodzinny","parcel_ids":["301602_5.0017.253/34"],"location_quality":"dokładny","gunb_url":"https://wyszukiwarka.gunb.gov.pl/","parcel_count":1,"parcel_shard":"x068-y210","parcel_id":"301602_5.0017.253/34","location_source":"powiat obornicki (wfs)"}},{"type":"Feature","id":"ST-WK-OB/WNIOSEK/19709/2025::301602_5.0017.253/36","geometry":{"type":"Polygon","coordinates":[[[17.0130350733291,52.7212395542648],[17.013110804046,52.7210845244501],[17.0132026652652,52.7210541928709],[17.0136284027322,52.7211307119672],[17.0136783551765,52.7211865791452],[17.0136027722456,52.7213417004158],[17.0130350733291,52.7212395542648]]]},"properties":{"case_id":"ST-WK-OB/WNIOSEK/19709/2025","source_type":"wniosek_decyzja","received_date":"2025-09-25","decision_date":"2025-11-27","status":"decyzja wydana","description":"Budowa budynku mieszkalnego jednorodzinnego wolnostojącego","address":"Rogoźno","city":"Rogoźno","office":"Starosta Powiatu Oborniki Wielkopolskie","case_kind":"Budynek mieszkalny jednorodzinny","parcel_ids":["301602_5.0017.253/36"],"location_quality":"dokładny","gunb_url":"https://wyszukiwarka.gunb.gov.pl/","parcel_count":1,"parcel_shard":"x068-y210","parcel_id":"301602_5.0017.253/36","location_source":"powiat obornicki (wfs)"}},{"type":"Feature","id":"ST-WK-OB/WNIOSEK/12866/2026::301602_5.0017.253/43","geometry":{"type":"Polygon","coordinates":[[[17.0120386623675,52.7214154065324],[17.0124065366669,52.7211311468307],[17.0128484890704,52.7212105898401],[17.0127729031592,52.7213657105667],[17.0125204489003,52.7213827514479],[17.0122536133055,52.721400840348],[17.0120386623675,52.7214154065324]]]},"properties":{"case_id":"ST-WK-OB/WNIOSEK/12866/2026","source_type":"wniosek_decyzja","received_date":"2026-07-07","decision_date":"2026-08-05","status":"decyzja wydana","description":"Budowa budynku mieszkalnego jednorodzinnego wolnostojącego","address":"Międzylesie","city":"Międzylesie","office":"Starosta Powiatu Oborniki Wielkopolskie","case_kind":"Budynek mieszkalny jednorodzinny","parcel_ids":["301602_5.0017.253/43"],"location_quality":"dokładny","gunb_url":"https://wyszukiwarka.gunb.gov.pl/","parcel_count":1,"parcel_shard":"x068-y210","parcel_id":"301602_5.0017.253/43","location_source":"powiat obornicki (wfs)"}},{"type":"Feature","id":"ST-WK-OB/WNIOSEK/6173/2026::301602_5.0017.253/45","geometry":{"type":"Polygon","coordinates":[[[17.0127162631544,52.7208916080121],[17.012986814408,52.7206825687666],[17.013423012231,52.7207610630221],[17.0133073952837,52.7209979949918],[17.013051925768,52.7209520108982],[17.0127162631544,52.7208916080121]]]},"properties":{"case_id":"ST-WK-OB/WNIOSEK/6173/2026","source_type":"wniosek_decyzja","received_date":"2026-03-31","decision_date":"2026-04-23","status":"decyzja wydana","description":"Budowa budynku mieszkalnego jednorodzinnego wolnostojącego","address":"Międzylesie","city":"Międzylesie","office":"Starosta Powiatu Oborniki Wielkopolskie","case_kind":"Budynek mieszkalny jednorodzinny","parcel_ids":["301602_5.0017.253/45"],"location_quality":"dokładny","gunb_url":"https://wyszukiwarka.gunb.gov.pl/","parcel_count":1,"parcel_shard":"x068-y210","parcel_id":"301602_5.0017.253/45","location_source":"powiat obornicki (wfs)"}},{"type":"Feature","id":"ST-WK-OB/WNIOSEK/8359/2026::301602_5.0017.253/49","geometry":{"type":"Polygon","coordinates":[[[17.0133408184942,52.7204089754884],[17.0135048642019,52.7202821813848],[17.0135165063351,52.7202581922602],[17.014081688102,52.7203598658688],[17.013999907007,52.7205274282229],[17.0133408184942,52.7204089754884]]]},"properties":{"case_id":"ST-WK-OB/WNIOSEK/8359/2026","source_type":"wniosek_decyzja","received_date":"2026-04-30","decision_date":"2026-05-25","status":"decyzja wydana","description":"Budowa budynku mieszkalnego jednorodzinnego wolnostojącego","address":"Międzylesie","city":"Międzylesie","office":"Starosta Powiatu Oborniki Wielkopolskie","case_kind":"Budynek mieszkalny jednorodzinny","parcel_ids":["301602_5.0017.253/49"],"location_quality":"dokładny","gunb_url":"https://wyszukiwarka.gunb.gov.pl/","parcel_count":1,"parcel_shard":"x068-y210","parcel_id":"301602_5.0017.253/49","location_source":"powiat obornicki (wfs)"}},{"type":"Feature","id":"ST-WK-OB/WNIOSEK/6789/2026::301602_5.0017.333/5","geometry":{"type":"Polygon","coordinates":[[[17.0345124428152,52.7033355918033],[17.0345080032502,52.7030660098563],[17.0349961784288,52.7030630209946],[17.0350006208834,52.7033326083291],[17.0345124428152,52.7033355918033]]]},"properties":{"case_id":"ST-WK-OB/WNIOSEK/6789/2026","source_type":"wniosek_decyzja","received_date":"2026-04-09","decision_date":"2026-05-22","status":"decyzja wydana","description":"Budowa budynku mieszkalnego jednorodzinnego dwulokalowego wolnostojącego","address":"Studzieniec","city":"Studzieniec","office":"Starosta Powiatu Oborniki Wielkopolskie","case_kind":"Budynek mieszkalny jednorodzinny","parcel_ids":["301602_5.0017.333/5"],"location_quality":"dokładny","gunb_url":"https://wyszukiwarka.gunb.gov.pl/","parcel_count":1,"parcel_shard":"x068-y210","parcel_id":"301602_5.0017.333/5","location_source":"powiat obornicki (wfs)"}},{"type":"Feature","id":"ST-WK-OB/WNIOSEK/361/2026::301602_5.0017.412/11","geometry":{"type":"Polygon","coordinates":[[[17.022074394058,52.6980605300295],[17.0220347233506,52.6978371578513],[17.0226758099713,52.6977951335006],[17.0227053369254,52.6980191713775],[17.022074394058,52.6980605300295]]]},"properties":{"case_id":"ST-WK-OB/WNIOSEK/361/2026","source_type":"wniosek_decyzja","received_date":"2026-01-08","decision_date":"2026-01-26","status":"decyzja wydana","description":"Budowa budynku mieszkalnego jednorodzinnego wolnostojącego wraz ze zbiornikiem na gaz propan","address":"Studzieniec","city":"Studzieniec","office":"Starosta Powiatu Oborniki Wielkopolskie","case_kind":"Budynek mieszkalny jednorodzinny","parcel_ids":["301602_5.0017.412/11"],"location_quality":"dokładny","gunb_url":"https://wyszukiwarka.gunb.gov.pl/","parcel_count":1,"parcel_shard":"x068-y210","parcel_id":"301602_5.0017.412/11","location_source":"powiat obornicki (wfs)"}},{"type":"Feature","id":"ST-WK-PO/WNIOSEK/23759/2025::302104_2.0014.351/296","geometry":{"type":"Polygon","coordinates":[[[17.0038747149,52.5248540717178],[17.0042016316323,52.5250000851192],[17.0040054940724,52.5251633572088],[17.0036991484587,52.5250264141571],[17.0038198604929,52.5249078951377],[17.0038747149,52.5248540717178]]]},"properties":{"case_id":"ST-WK-PO/WNIOSEK/23759/2025","source_type":"wniosek_decyzja","received_date":"2025-11-21","decision_date":"2026-03-12","status":"decyzja wydana","description":"dot. budowy budynku mieszkalnego jednorodzinne wolnostojącego z garażem w bryle budynku, ze zbiornikiem bezodpływowym oraz niezbędną infrastrukturą towarzyszącą","address":"Bolechówko","city":"Bolechówko","office":"Starosta Powiatu Poznań","case_kind":"Budynek mieszkalny jednorodzinny","parcel_ids":["302104_2.0014.351/296"],"location_quality":"dokładny","gunb_url":"https://wyszukiwarka.gunb.gov.pl/","parcel_count":1,"parcel_shard":"x068-y210","parcel_id":"302104_2.0014.351/296","location_source":"powiat poznański (wfs)"}},{"type":"Feature","id":"ST-WK-PO/WNIOSEK/11208/2026::302104_2.0014.351/410","geometry":{"type":"Polygon","coordinates":[[[17.0003150211586,52.528533137801],[17.0005910959863,52.528463222736],[17.0007562164231,52.5287133037497],[17.0004639675383,52.528786022119],[17.0003150211586,52.528533137801]]]},"properties":{"case_id":"ST-WK-PO/WNIOSEK/11208/2026","source_type":"wniosek_decyzja","received_date":"2026-06-11","decision_date":"2026-08-03","status":"decyzja wydana","description":"dot. budowy 7 budynków mieszkalnych jednorodzinnych wolnostojących wraz z 7 zbiornikami bezodpływowymi na ścieki sanitarne","address":"Bolechówko","city":"Bolechówko","office":"Starosta Powiatu Poznań","case_kind":"Budynek mieszkalny jednorodzinny","parcel_ids":["302104_2.0014.351/410","302104_2.0014.351/411","302104_2.0014.351/412","302104_2.0014.351/422","302104_2.0014.351/423","302104_2.0014.351/424","302104_2.0014.351/425"],"location_quality":"dokładny","gunb_url":"https://wyszukiwarka.gunb.gov.pl/","parcel_count":7,"parcel_shard":"x068-y210","parcel_id":"302104_2.0014.351/410","location_source":"powiat poznański (wfs)"}},{"type":"Feature","id":"ST-WK-PO/WNIOSEK/11208/2026::302104_2.0014.351/411","geometry":{"type":"Polygon","coordinates":[[[17.0000227129233,52.5285718621732],[17.0002304816946,52.5285545469821],[17.0003150211586,52.528533137801],[17.0004639675383,52.528786022119],[17.0004393570091,52.5287921457559],[17.0001557829177,52.5288278315148],[17.0000227129233,52.5285718621732]]]},"properties":{"case_id":"ST-WK-PO/WNIOSEK/11208/2026","source_type":"wniosek_decyzja","received_date":"2026-06-11","decision_date":"2026-08-03","status":"decyzja wydana","description":"dot. budowy 7 budynków mieszkalnych jednorodzinnych wolnostojących wraz z 7 zbiornikami bezodpływowymi na ścieki sanitarne","address":"Bolechówko","city":"Bolechówko","office":"Starosta Powiatu Poznań","case_kind":"Budynek mieszkalny jednorodzinny","parcel_ids":["302104_2.0014.351/410","302104_2.0014.351/411","302104_2.0014.351/412","302104_2.0014.351/422","302104_2.0014.351/423","302104_2.0014.351/424","302104_2.0014.351/425"],"location_quality":"dokładny","gunb_url":"https://wyszukiwarka.gunb.gov.pl/","parcel_count":7,"parcel_shard":"x068-y210","parcel_id":"302104_2.0014.351/411","location_source":"powiat poznański (wfs)"}},{"type":"Feature","id":"ST-WK-PO/WNIOSEK/11208/2026::302104_2.0014.351/412","geometry":{"type":"Polygon","coordinates":[[[16.9995784638621,52.5289004807051],[16.9994079225415,52.5286467780125],[16.9999856857121,52.5285749479413],[17.0000227129233,52.5285718621732],[17.0001557829177,52.5288278315148],[16.9995784638621,52.5289004807051]]]},"properties":{"case_id":"ST-WK-PO/WNIOSEK/11208/2026","source_type":"wniosek_decyzja","received_date":"2026-06-11","decision_date":"2026-08-03","status":"decyzja wydana","description":"dot. budowy 7 budynków mieszkalnych jednorodzinnych wolnostojących wraz z 7 zbiornikami bezodpływowymi na ścieki sanitarne","address":"Bolechówko","city":"Bolechówko","office":"Starosta Powiatu Poznań","case_kind":"Budynek mieszkalny jednorodzinny","parcel_ids":["302104_2.0014.351/410","302104_2.0014.351/411","302104_2.0014.351/412","302104_2.0014.351/422","302104_2.0014.351/423","302104_2.0014.351/424","302104_2.0014.351/425"],"location_quality":"dokładny","gunb_url":"https://wyszukiwarka.gunb.gov.pl/","parcel_count":7,"parcel_shard":"x068-y210","parcel_id":"302104_2.0014.351/412","location_source":"powiat poznański (wfs)"}},{"type":"Feature","id":"ST-WK-PO/WNIOSEK/11208/2026::302104_2.0014.351/422","geometry":{"type":"Polygon","coordinates":[[[16.9997789556141,52.5292540081692],[16.999613837969,52.5290055519615],[17.0002130792481,52.528930541598],[17.0003256076566,52.5291801264646],[16.9997789556141,52.5292540081692]]]},"properties":{"case_id":"ST-WK-PO/WNIOSEK/11208/2026","source_type":"wniosek_decyzja","received_date":"2026-06-11","decision_date":"2026-08-03","status":"decyzja wydana","description":"dot. budowy 7 budynków mieszkalnych jednorodzinnych wolnostojących wraz z 7 zbiornikami bezodpływowymi na ścieki sanitarne","address":"Bolechówko","city":"Bolechówko","office":"Starosta Powiatu Poznań","case_kind":"Budynek mieszkalny jednorodzinny","parcel_ids":["302104_2.0014.351/410","302104_2.0014.351/411","302104_2.0014.351/412","302104_2.0014.351/422","302104_2.0014.351/423","302104_2.0014.351/424","302104_2.0014.351/425"],"location_quality":"dokładny","gunb_url":"https://wyszukiwarka.gunb.gov.pl/","parcel_count":7,"parcel_shard":"x068-y210","parcel_id":"302104_2.0014.351/422","location_source":"powiat poznański (wfs)"}},{"type":"Feature","id":"ST-WK-PO/WNIOSEK/11208/2026::302104_2.0014.351/423","geometry":{"type":"Polygon","coordinates":[[[17.0003256076566,52.5291801264646],[17.0002130792334,52.5289305415977],[17.00049094079,52.5288957590106],[17.0005011738967,52.528893213681],[17.0006153485594,52.5291409659419],[17.0003256076566,52.5291801264646]]]},"properties":{"case_id":"ST-WK-PO/WNIOSEK/11208/2026","source_type":"wniosek_decyzja","received_date":"2026-06-11","decision_date":"2026-08-03","status":"decyzja wydana","description":"dot. budowy 7 budynków mieszkalnych jednorodzinnych wolnostojących wraz z 7 zbiornikami bezodpływowymi na ścieki sanitarne","address":"Bolechówko","city":"Bolechówko","office":"Starosta Powiatu Poznań","case_kind":"Budynek mieszkalny jednorodzinny","parcel_ids":["302104_2.0014.351/410","302104_2.0014.351/411","302104_2.0014.351/412","302104_2.0014.351/422","302104_2.0014.351/423","302104_2.0014.351/424","302104_2.0014.351/425"],"location_quality":"dokładny","gunb_url":"https://wyszukiwarka.gunb.gov.pl/","parcel_count":7,"parcel_shard":"x068-y210","parcel_id":"302104_2.0014.351/423","location_source":"powiat poznański (wfs)"}},{"type":"Feature","id":"ST-WK-PO/WNIOSEK/11208/2026::302104_2.0014.351/424","geometry":{"type":"Polygon","coordinates":[[[17.0006153485594,52.5291409659419],[17.0005011739115,52.5288932136812],[17.0007740098583,52.5288253495708],[17.0009680498882,52.5290479926036],[17.0007321308628,52.5291251817847],[17.0006153485594,52.5291409659419]]]},"properties":{"case_id":"ST-WK-PO/WNIOSEK/11208/2026","source_type":"wniosek_decyzja","received_date":"2026-06-11","decision_date":"2026-08-03","status":"decyzja wydana","description":"dot. budowy 7 budynków mieszkalnych jednorodzinnych wolnostojących wraz z 7 zbiornikami bezodpływowymi na ścieki sanitarne","address":"Bolechówko","city":"Bolechówko","office":"Starosta Powiatu Poznań","case_kind":"Budynek mieszkalny jednorodzinny","parcel_ids":["302104_2.0014.351/410","302104_2.0014.351/411","302104_2.0014.351/412","302104_2.0014.351/422","302104_2.0014.351/423","302104_2.0014.351/424","302104_2.0014.351/425"],"location_quality":"dokładny","gunb_url":"https://wyszukiwarka.gunb.gov.pl/","parcel_count":7,"parcel_shard":"x068-y210","parcel_id":"302104_2.0014.351/424","location_source":"powiat poznański (wfs)"}},{"type":"Feature","id":"ST-WK-PO/WNIOSEK/11208/2026::302104_2.0014.351/425","geometry":{"type":"Polygon","coordinates":[[[17.0009680498882,52.5290479926036],[17.0007740098583,52.5288253495708],[17.0010441670775,52.528758158655],[17.0012251950582,52.5289639273088],[17.0009680498882,52.5290479926036]]]},"properties":{"case_id":"ST-WK-PO/WNIOSEK/11208/2026","source_type":"wniosek_decyzja","received_date":"2026-06-11","decision_date":"2026-08-03","status":"decyzja wydana","description":"dot. budowy 7 budynków mieszkalnych jednorodzinnych wolnostojących wraz z 7 zbiornikami bezodpływowymi na ścieki sanitarne","address":"Bolechówko","city":"Bolechówko","office":"Starosta Powiatu Poznań","case_kind":"Budynek mieszkalny jednorodzinny","parcel_ids":["302104_2.0014.351/410","302104_2.0014.351/411","302104_2.0014.351/412","302104_2.0014.351/422","302104_2.0014.351/423","302104_2.0014.351/424","302104_2.0014.351/425"],"location_quality":"dokładny","gunb_url":"https://wyszukiwarka.gunb.gov.pl/","parcel_count":7,"parcel_shard":"x068-y210","parcel_id":"302104_2.0014.351/425","location_source":"powiat poznański (wfs)"}},{"type":"Feature","id":"ST-WK-PO/WNIOSEK/18222/2025::302104_2.0014.351/426","geometry":{"type":"Polygon","coordinates":[[[17.0010441670775,52.528758158655],[17.0012315124578,52.5287115634242],[17.001285832499,52.5286677248016],[17.0015882018464,52.5288452524823],[17.0012251950582,52.5289639273088],[17.0010441670775,52.528758158655]]]},"properties":{"case_id":"ST-WK-PO/WNIOSEK/18222/2025","source_type":"wniosek_decyzja","received_date":"2025-09-05","decision_date":"2025-11-06","status":"decyzja wydana","description":"budowa 5 budynków mieszkalnych jednorodzinnych wolnostojących wraz z 5 zbiornikami bezodpływowymi na ścieki sanitarne","address":"Bolechówko","city":"Bolechówko","office":"Starosta Powiatu Poznań","case_kind":"Budynek mieszkalny jednorodzinny","parcel_ids":["302104_2.0014.351/426","302104_2.0014.351/427","302104_2.0014.351/428","302104_2.0014.351/429","302104_2.0014.351/430"],"location_quality":"dokładny","gunb_url":"https://wyszukiwarka.gunb.gov.pl/","parcel_count":5,"parcel_shard":"x068-y210","parcel_id":"302104_2.0014.351/426","location_source":"powiat poznański (wfs)"}},{"type":"Feature","id":"ST-WK-PO/WNIOSEK/18222/2025::302104_2.0014.351/427","geometry":{"type":"Polygon","coordinates":[[[17.0015882018464,52.5288452524823],[17.001285832499,52.5286677248016],[17.0014617340385,52.5285257639005],[17.0017995360969,52.528679603359],[17.0015882018464,52.5288452524823]]]},"properties":{"case_id":"ST-WK-PO/WNIOSEK/18222/2025","source_type":"wniosek_decyzja","received_date":"2025-09-05","decision_date":"2025-11-06","status":"decyzja wydana","description":"budowa 5 budynków mieszkalnych jednorodzinnych wolnostojących wraz z 5 zbiornikami bezodpływowymi na ścieki sanitarne","address":"Bolechówko","city":"Bolechówko","office":"Starosta Powiatu Poznań","case_kind":"Budynek mieszkalny jednorodzinny","parcel_ids":["302104_2.0014.351/426","302104_2.0014.351/427","302104_2.0014.351/428","302104_2.0014.351/429","302104_2.0014.351/430"],"location_quality":"dokładny","gunb_url":"https://wyszukiwarka.gunb.gov.pl/","parcel_count":5,"parcel_shard":"x068-y210","parcel_id":"302104_2.0014.351/427","location_source":"powiat poznański (wfs)"}},{"type":"Feature","id":"ST-WK-PO/WNIOSEK/18222/2025::302104_2.0014.351/428","geometry":{"type":"Polygon","coordinates":[[[17.0014617340385,52.5285257639005],[17.0016376344228,52.5283838027322],[17.0019787001598,52.5285391687627],[17.0017995360969,52.528679603359],[17.0014617340385,52.5285257639005]]]},"properties":{"case_id":"ST-WK-PO/WNIOSEK/18222/2025","source_type":"wniosek_decyzja","received_date":"2025-09-05","decision_date":"2025-11-06","status":"decyzja wydana","description":"budowa 5 budynków mieszkalnych jednorodzinnych wolnostojących wraz z 5 zbiornikami bezodpływowymi na ścieki sanitarne","address":"Bolechówko","city":"Bolechówko","office":"Starosta Powiatu Poznań","case_kind":"Budynek mieszkalny jednorodzinny","parcel_ids":["302104_2.0014.351/426","302104_2.0014.351/427","302104_2.0014.351/428","302104_2.0014.351/429","302104_2.0014.351/430"],"location_quality":"dokładny","gunb_url":"https://wyszukiwarka.gunb.gov.pl/","parcel_count":5,"parcel_shard":"x068-y210","parcel_id":"302104_2.0014.351/428","location_source":"powiat poznański (wfs)"}},{"type":"Feature","id":"ST-WK-PO/WNIOSEK/18222/2025::302104_2.0014.351/429","geometry":{"type":"Polygon","coordinates":[[[17.0021578630745,52.5283987338805],[17.0019787001598,52.5285391687627],[17.0016376344228,52.5283838027322],[17.0018135336823,52.5282418412791],[17.0021578630745,52.5283987338805]]]},"properties":{"case_id":"ST-WK-PO/WNIOSEK/18222/2025","source_type":"wniosek_decyzja","received_date":"2025-09-05","decision_date":"2025-11-06","status":"decyzja wydana","description":"budowa 5 budynków mieszkalnych jednorodzinnych wolnostojących wraz z 5 zbiornikami bezodpływowymi na ścieki sanitarne","address":"Bolechówko","city":"Bolechówko","office":"Starosta Powiatu Poznań","case_kind":"Budynek mieszkalny jednorodzinny","parcel_ids":["302104_2.0014.351/426","302104_2.0014.351/427","302104_2.0014.351/428","302104_2.0014.351/429","302104_2.0014.351/430"],"location_quality":"dokładny","gunb_url":"https://wyszukiwarka.gunb.gov.pl/","parcel_count":5,"parcel_shard":"x068-y210","parcel_id":"302104_2.0014.351/429","location_source":"powiat poznański (wfs)"}},{"type":"Feature","id":"ST-WK-PO/WNIOSEK/18222/2025::302104_2.0014.351/430","geometry":{"type":"Polygon","coordinates":[[[17.0019894318156,52.5280998795682],[17.0023394111959,52.5282564281794],[17.0021578630745,52.5283987338805],[17.0018135336823,52.5282418412791],[17.0019894318156,52.5280998795682]]]},"properties":{"case_id":"ST-WK-PO/WNIOSEK/18222/2025","source_type":"wniosek_decyzja","received_date":"2025-09-05","decision_date":"2025-11-06","status":"decyzja wydana","description":"budowa 5 budynków mieszkalnych jednorodzinnych wolnostojących wraz z 5 zbiornikami bezodpływowymi na ścieki sanitarne","address":"Bolechówko","city":"Bolechówko","office":"Starosta Powiatu Poznań","case_kind":"Budynek mieszkalny jednorodzinny","parcel_ids":["302104_2.0014.351/426","302104_2.0014.351/427","302104_2.0014.351/428","302104_2.0014.351/429","302104_2.0014.351/430"],"location_quality":"dokładny","gunb_url":"https://wyszukiwarka.gunb.gov.pl/","parcel_count":5,"parcel_shard":"x068-y210","parcel_id":"302104_2.0014.351/430","location_source":"powiat poznański (wfs)"}},{"type":"Feature","id":"ST-WK-PO/WNIOSEK/23920/2025::302104_2.0014.351/458","geometry":{"type":"Polygon","coordinates":[[[16.9999856857121,52.5285749479413],[16.9998842169017,52.5283125514365],[17.0002499932394,52.5282599185255],[17.0005910959863,52.528463222736],[17.0003150211586,52.528533137801],[17.0002304816946,52.5285545469821],[17.0000227129233,52.5285718621732],[16.9999856857121,52.5285749479413]]]},"properties":{"case_id":"ST-WK-PO/WNIOSEK/23920/2025","source_type":"wniosek_decyzja","received_date":"2025-11-25","decision_date":"2026-01-30","status":"decyzja wydana","description":"dot. budowy jedenastu budynków mieszkalnych jednorodzinnych dwulokalowych wraz ze szczelnymi zbiornikami na nieczystości ciekłe","address":"Bolechówko","city":"Bolechówko","office":"Starosta Powiatu Poznań","case_kind":"Budynek mieszkalny jednorodzinny","parcel_ids":["302104_2.0014.351/458","302104_2.0014.351/469","302104_2.0014.351/470","302104_2.0014.351/471","302104_2.0014.351/472","302104_2.0014.351/473","302104_2.0014.457","302104_2.0014.461","302104_2.0014.462","302104_2.0014.465","302104_2.0014.466"],"location_quality":"dokładny","gunb_url":"https://wyszukiwarka.gunb.gov.pl/","parcel_count":6,"parcel_shard":"x068-y210","parcel_id":"302104_2.0014.351/458","location_source":"powiat poznański (wfs)"}},{"type":"Feature","id":"ST-WK-PO/WNIOSEK/23920/2025::302104_2.0014.351/469","geometry":{"type":"Polygon","coordinates":[[[17.0003276315394,52.527437378045],[17.0004784252503,52.5272725826793],[17.000800135764,52.5273820717732],[17.0008285165356,52.5274431574273],[17.0007136427688,52.5275687216232],[17.0003276315394,52.527437378045]]]},"properties":{"case_id":"ST-WK-PO/WNIOSEK/23920/2025","source_type":"wniosek_decyzja","received_date":"2025-11-25","decision_date":"2026-01-30","status":"decyzja wydana","description":"dot. budowy jedenastu budynków mieszkalnych jednorodzinnych dwulokalowych wraz ze szczelnymi zbiornikami na nieczystości ciekłe","address":"Bolechówko","city":"Bolechówko","office":"Starosta Powiatu Poznań","case_kind":"Budynek mieszkalny jednorodzinny","parcel_ids":["302104_2.0014.351/458","302104_2.0014.351/469","302104_2.0014.351/470","302104_2.0014.351/471","302104_2.0014.351/472","302104_2.0014.351/473","302104_2.0014.457","302104_2.0014.461","302104_2.0014.462","302104_2.0014.465","302104_2.0014.466"],"location_quality":"dokładny","gunb_url":"https://wyszukiwarka.gunb.gov.pl/","parcel_count":6,"parcel_shard":"x068-y210","parcel_id":"302104_2.0014.351/469","location_source":"powiat poznański (wfs)"}},{"type":"Feature","id":"ST-WK-PO/WNIOSEK/23920/2025::302104_2.0014.351/470","geometry":{"type":"Polygon","coordinates":[[[17.0007136427688,52.5275687216232],[17.0005700496402,52.5277256767033],[17.0001840174175,52.5275943258174],[17.0003276315394,52.527437378045],[17.0007136427688,52.5275687216232]]]},"properties":{"case_id":"ST-WK-PO/WNIOSEK/23920/2025","source_type":"wniosek_decyzja","received_date":"2025-11-25","decision_date":"2026-01-30","status":"decyzja wydana","description":"dot. budowy jedenastu budynków mieszkalnych jednorodzinnych dwulokalowych wraz ze szczelnymi zbiornikami na nieczystości ciekłe","address":"Bolechówko","city":"Bolechówko","office":"Starosta Powiatu Poznań","case_kind":"Budynek mieszkalny jednorodzinny","parcel_ids":["302104_2.0014.351/458","302104_2.0014.351/469","302104_2.0014.351/470","302104_2.0014.351/471","302104_2.0014.351/472","302104_2.0014.351/473","302104_2.0014.457","302104_2.0014.461","302104_2.0014.462","302104_2.0014.465","302104_2.0014.466"],"location_quality":"dokładny","gunb_url":"https://wyszukiwarka.gunb.gov.pl/","parcel_count":6,"parcel_shard":"x068-y210","parcel_id":"302104_2.0014.351/470","location_source":"powiat poznański (wfs)"}},{"type":"Feature","id":"ST-WK-PO/WNIOSEK/23920/2025::302104_2.0014.351/471","geometry":{"type":"Polygon","coordinates":[[[17.0001840174175,52.5275943258174],[17.0005700496402,52.5277256767033],[17.0004264555056,52.5278826316136],[17.0000404022602,52.5277512734193],[17.0001840174175,52.5275943258174]]]},"properties":{"case_id":"ST-WK-PO/WNIOSEK/23920/2025","source_type":"wniosek_decyzja","received_date":"2025-11-25","decision_date":"2026-01-30","status":"decyzja wydana","description":"dot. budowy jedenastu budynków mieszkalnych jednorodzinnych dwulokalowych wraz ze szczelnymi zbiornikami na nieczystości ciekłe","address":"Bolechówko","city":"Bolechówko","office":"Starosta Powiatu Poznań","case_kind":"Budynek mieszkalny jednorodzinny","parcel_ids":["302104_2.0014.351/458","302104_2.0014.351/469","302104_2.0014.351/470","302104_2.0014.351/471","302104_2.0014.351/472","302104_2.0014.351/473","302104_2.0014.457","302104_2.0014.461","302104_2.0014.462","302104_2.0014.465","302104_2.0014.466"],"location_quality":"dokładny","gunb_url":"https://wyszukiwarka.gunb.gov.pl/","parcel_count":6,"parcel_shard":"x068-y210","parcel_id":"302104_2.0014.351/471","location_source":"powiat poznański (wfs)"}},{"type":"Feature","id":"ST-WK-PO/WNIOSEK/23920/2025::302104_2.0014.351/472","geometry":{"type":"Polygon","coordinates":[[[17.0004264555056,52.5278826316136],[17.0002828603075,52.5280395863259],[16.9998967860686,52.5279082208238],[17.0000404022602,52.5277512734193],[17.0004264555056,52.5278826316136]]]},"properties":{"case_id":"ST-WK-PO/WNIOSEK/23920/2025","source_type":"wniosek_decyzja","received_date":"2025-11-25","decision_date":"2026-01-30","status":"decyzja wydana","description":"dot. budowy jedenastu budynków mieszkalnych jednorodzinnych dwulokalowych wraz ze szczelnymi zbiornikami na nieczystości ciekłe","address":"Bolechówko","city":"Bolechówko","office":"Starosta Powiatu Poznań","case_kind":"Budynek mieszkalny jednorodzinny","parcel_ids":["302104_2.0014.351/458","302104_2.0014.351/469","302104_2.0014.351/470","302104_2.0014.351/471","302104_2.0014.351/472","302104_2.0014.351/473","302104_2.0014.457","302104_2.0014.461","302104_2.0014.462","302104_2.0014.465","302104_2.0014.466"],"location_quality":"dokładny","gunb_url":"https://wyszukiwarka.gunb.gov.pl/","parcel_count":6,"parcel_shard":"x068-y210","parcel_id":"302104_2.0014.351/472","location_source":"powiat poznański (wfs)"}},{"type":"Feature","id":"ST-WK-PO/WNIOSEK/23920/2025::302104_2.0014.351/473","geometry":{"type":"Polygon","coordinates":[[[17.0002828603075,52.5280395863259],[17.0001536445947,52.5281808226511],[16.9996667591852,52.5282518449525],[16.999602417081,52.5282299106458],[16.9997531688572,52.5280651680401],[16.9998967860686,52.5279082208238],[17.0002828603075,52.5280395863259]]]},"properties":{"case_id":"ST-WK-PO/WNIOSEK/23920/2025","source_type":"wniosek_decyzja","received_date":"2025-11-25","decision_date":"2026-01-30","status":"decyzja wydana","description":"dot. budowy jedenastu budynków mieszkalnych jednorodzinnych dwulokalowych wraz ze szczelnymi zbiornikami na nieczystości ciekłe","address":"Bolechówko","city":"Bolechówko","office":"Starosta Powiatu Poznań","case_kind":"Budynek mieszkalny jednorodzinny","parcel_ids":["302104_2.0014.351/458","302104_2.0014.351/469","302104_2.0014.351/470","302104_2.0014.351/471","302104_2.0014.351/472","302104_2.0014.351/473","302104_2.0014.457","302104_2.0014.461","302104_2.0014.462","302104_2.0014.465","302104_2.0014.466"],"location_quality":"dokładny","gunb_url":"https://wyszukiwarka.gunb.gov.pl/","parcel_count":6,"parcel_shard":"x068-y210","parcel_id":"302104_2.0014.351/473","location_source":"powiat poznański (wfs)"}},{"type":"Feature","id":"ST-WK-PO/WNIOSEK/3509/2026::302104_2.0016.400/3","geometry":{"type":"Polygon","coordinates":[[[17.0191347810653,52.5232926650423],[17.0195944843967,52.5226943732545],[17.0198517432896,52.5227513502122],[17.0193937189464,52.5233500844475],[17.0191347810653,52.5232926650423]]]},"properties":{"case_id":"ST-WK-PO/WNIOSEK/3509/2026","source_type":"wniosek_decyzja","received_date":"2026-02-25","decision_date":"2026-04-23","status":"decyzja wydana","description":"Wniosek o pozwolenie na budowę budynku mieszkalnego jednorodzinnego z garażem","address":"Lipowa 59, Potasze","city":"Potasze","office":"Starosta Powiatu Poznań","case_kind":"Budynek mieszkalny jednorodzinny","parcel_ids":["302104_2.0016.400/3"],"location_quality":"dokładny","gunb_url":"https://wyszukiwarka.gunb.gov.pl/","parcel_count":1,"parcel_shard":"x068-y210","parcel_id":"302104_2.0016.400/3","location_source":"powiat poznański (wfs)"}},{"type":"Feature","id":"ST-WK-PO/WNIOSEK/25638/2025::302104_2.0016.424/24","geometry":{"type":"Polygon","coordinates":[[[17.007947704197,52.5237098276867],[17.007734031995,52.5236712771759],[17.007524194586,52.52363257868],[17.0076931566558,52.5232881525199],[17.0081161909316,52.5233667450967],[17.007947704197,52.5237098276867]]]},"properties":{"case_id":"ST-WK-PO/WNIOSEK/25638/2025","source_type":"wniosek_decyzja","received_date":"2025-12-18","decision_date":"2026-03-13","status":"decyzja wydana","description":"budowa budynku mieszkalnego jednorodzinnego wolnostojącego","address":"Kwiatowa 15, Potasze","city":"Potasze","office":"Starosta Powiatu Poznań","case_kind":"Budynek mieszkalny jednorodzinny","parcel_ids":["302104_2.0016.424/24"],"location_quality":"dokładny","gunb_url":"https://wyszukiwarka.gunb.gov.pl/","parcel_count":1,"parcel_shard":"x068-y210","parcel_id":"302104_2.0016.424/24","location_source":"powiat poznański (wfs)"}},{"type":"Feature","id":"ST-WK-PO/WNIOSEK/533/2026::302104_2.0016.424/43","geometry":{"type":"Polygon","coordinates":[[[17.0202774177005,52.5257251838481],[17.0201190506551,52.5260477855317],[17.0201134741198,52.5260467507278],[17.0196668834288,52.5259651300968],[17.0198252514668,52.52564261889],[17.0202774177005,52.5257251838481]]]},"properties":{"case_id":"ST-WK-PO/WNIOSEK/533/2026","source_type":"wniosek_decyzja","received_date":"2026-01-12","decision_date":"2026-03-11","status":"decyzja wydana","description":"dot. rozbudowy, przebudowy budynku mieszkalnego jednorodzinnego wolnostojącego","address":"Potasze","city":"Potasze","office":"Starosta Powiatu Poznań","case_kind":"Budynek mieszkalny jednorodzinny","parcel_ids":["302104_2.0016.424/43"],"location_quality":"dokładny","gunb_url":"https://wyszukiwarka.gunb.gov.pl/","parcel_count":1,"parcel_shard":"x068-y210","parcel_id":"302104_2.0016.424/43","location_source":"powiat poznański (wfs)"}},{"type":"Feature","id":"ST-WK-PO/WNIOSEK/9817/2026::302104_2.0016.424/7","geometry":{"type":"Polygon","coordinates":[[[17.0076931566558,52.5232881525199],[17.007524194586,52.52363257868],[17.0073112678502,52.5235936741478],[17.0071006864839,52.5235553281619],[17.0072696515392,52.5232109026232],[17.0076931566558,52.5232881525199]]]},"properties":{"case_id":"ST-WK-PO/WNIOSEK/9817/2026","source_type":"wniosek_decyzja","received_date":"2026-05-22","decision_date":"2026-08-06","status":"decyzja wydana","description":"dot. budowy budynku mieszkalnego jednorodzinnego wolno stojącego wraz z wewnętrzną instalacją gazową","address":"Potasze","city":"Potasze","office":"Starosta Powiatu Poznań","case_kind":"Budynek mieszkalny jednorodzinny","parcel_ids":["302104_2.0016.424/7"],"location_quality":"dokładny","gunb_url":"https://wyszukiwarka.gunb.gov.pl/","parcel_count":1,"parcel_shard":"x068-y210","parcel_id":"302104_2.0016.424/7","location_source":"powiat poznański (wfs)"}},{"type":"Feature","id":"ST-WK-PO/WNIOSEK/11681/2026::302104_2.0016.457/22","geometry":{"type":"Polygon","coordinates":[[[17.0174826735259,52.52191881445],[17.017641297108,52.5216976895992],[17.0178077722762,52.5214680124361],[17.0182553890603,52.5215884257703],[17.0177792974822,52.5222502767045],[17.0177236987664,52.522239299784],[17.0178845477263,52.5220103724404],[17.0174826735259,52.52191881445]]]},"properties":{"case_id":"ST-WK-PO/WNIOSEK/11681/2026","source_type":"wniosek_decyzja","received_date":"2026-06-18","decision_date":"2026-08-25","status":"decyzja wydana","description":"[e-Dor] dot. budowy budynku garażowego","address":"Potasze","city":"Potasze","office":"Starosta Powiatu Poznań","case_kind":"Obiekt budowlany inny niż budynek mieszkalny jednorodzinny","parcel_ids":["302104_2.0016.457/22"],"location_quality":"dokładny","gunb_url":"https://wyszukiwarka.gunb.gov.pl/","parcel_count":1,"parcel_shard":"x068-y210","parcel_id":"302104_2.0016.457/22","location_source":"powiat poznański (wfs)"}},{"type":"Feature","id":"ST-WK-PO/ZGŁOSZENIE/1503/2026::302104_2.0016.469/9","geometry":{"type":"Polygon","coordinates":[[[17.0091405303186,52.519812279955],[17.0090976568053,52.5199169861054],[17.0090445897295,52.519905037646],[17.0085406033656,52.519791437438],[17.0085834821136,52.519686551772],[17.0091405303186,52.519812279955]]]},"properties":{"case_id":"ST-WK-PO/ZGŁOSZENIE/1503/2026","source_type":"zgloszenie","received_date":"2026-05-12","decision_date":null,"status":"Brak sprzeciwu","description":"dot. budowy sieci wodociągowej","address":"Dębowa, Potasze","city":"Potasze","office":"Starosta Powiatu Poznań","case_kind":"budowa nowego/nowych obiektów budowlanych","parcel_ids":["302104_2.0016.469/9","302104_2.0016.470/9","302104_2.0016.471/15","302104_2.0016.471/9","302104_2.0016.473/5","302104_2.0016.474/4","302104_2.0016.475/7","302104_2.0016.476/15","302104_2.0016.719"],"location_quality":"dokładny","gunb_url":"https://wyszukiwarka.gunb.gov.pl/","parcel_count":9,"parcel_shard":"x068-y210","parcel_id":"302104_2.0016.469/9","location_source":"powiat poznański (wfs)"}},{"type":"Feature","id":"ST-WK-PO/ZGŁOSZENIE/1503/2026::302104_2.0016.470/9","geometry":{"type":"Polygon","coordinates":[[[17.0082083141482,52.519714954861],[17.0082511976666,52.5196098896032],[17.0085834821136,52.519686551772],[17.0085406033656,52.519791437438],[17.0082083141482,52.519714954861]]]},"properties":{"case_id":"ST-WK-PO/ZGŁOSZENIE/1503/2026","source_type":"zgloszenie","received_date":"2026-05-12","decision_date":null,"status":"Brak sprzeciwu","description":"dot. budowy sieci wodociągowej","address":"Dębowa, Potasze","city":"Potasze","office":"Starosta Powiatu Poznań","case_kind":"budowa nowego/nowych obiektów budowlanych","parcel_ids":["302104_2.0016.469/9","302104_2.0016.470/9","302104_2.0016.471/15","302104_2.0016.471/9","302104_2.0016.473/5","302104_2.0016.474/4","302104_2.0016.475/7","302104_2.0016.476/15","302104_2.0016.719"],"location_quality":"dokładny","gunb_url":"https://wyszukiwarka.gunb.gov.pl/","parcel_count":9,"parcel_shard":"x068-y210","parcel_id":"302104_2.0016.470/9","location_source":"powiat poznański (wfs)"}},{"type":"Feature","id":"ST-WK-PO/ZGŁOSZENIE/1503/2026::302104_2.0016.471/15","geometry":{"type":"Polygon","coordinates":[[[17.0075033201762,52.5195641645021],[17.0075467904099,52.5194592841622],[17.0078997238905,52.5195348631609],[17.0078561172418,52.5196392930977],[17.0075033201762,52.5195641645021]]]},"properties":{"case_id":"ST-WK-PO/ZGŁOSZENIE/1503/2026","source_type":"zgloszenie","received_date":"2026-05-12","decision_date":null,"status":"Brak sprzeciwu","description":"dot. budowy sieci wodociągowej","address":"Dębowa, Potasze","city":"Potasze","office":"Starosta Powiatu Poznań","case_kind":"budowa nowego/nowych obiektów budowlanych","parcel_ids":["302104_2.0016.469/9","302104_2.0016.470/9","302104_2.0016.471/15","302104_2.0016.471/9","302104_2.0016.473/5","302104_2.0016.474/4","302104_2.0016.475/7","302104_2.0016.476/15","302104_2.0016.719"],"location_quality":"dokładny","gunb_url":"https://wyszukiwarka.gunb.gov.pl/","parcel_count":9,"parcel_shard":"x068-y210","parcel_id":"302104_2.0016.471/15","location_source":"powiat poznański (wfs)"}},{"type":"Feature","id":"ST-WK-PO/ZGŁOSZENIE/1503/2026::302104_2.0016.471/9","geometry":{"type":"Polygon","coordinates":[[[17.0078561172418,52.5196392930977],[17.0078997238905,52.5195348631609],[17.0082511976666,52.5196098896032],[17.0082083141482,52.519714954861],[17.0078561172418,52.5196392930977]]]},"properties":{"case_id":"ST-WK-PO/ZGŁOSZENIE/1503/2026","source_type":"zgloszenie","received_date":"2026-05-12","decision_date":null,"status":"Brak sprzeciwu","description":"dot. budowy sieci wodociągowej","address":"Dębowa, Potasze","city":"Potasze","office":"Starosta Powiatu Poznań","case_kind":"budowa nowego/nowych obiektów budowlanych","parcel_ids":["302104_2.0016.469/9","302104_2.0016.470/9","302104_2.0016.471/15","302104_2.0016.471/9","302104_2.0016.473/5","302104_2.0016.474/4","302104_2.0016.475/7","302104_2.0016.476/15","302104_2.0016.719"],"location_quality":"dokładny","gunb_url":"https://wyszukiwarka.gunb.gov.pl/","parcel_count":9,"parcel_shard":"x068-y210","parcel_id":"302104_2.0016.471/9","location_source":"powiat poznański (wfs)"}},{"type":"Feature","id":"ST-WK-PO/ZGŁOSZENIE/1503/2026::302104_2.0016.473/5","geometry":{"type":"Polygon","coordinates":[[[17.0054464951903,52.5193170844655],[17.005490434282,52.5192112201596],[17.0058536136818,52.5192308086935],[17.0062166461052,52.519250394883],[17.0065860049473,52.5192703925604],[17.0066520788204,52.5192739130777],[17.0066094641492,52.5193799686715],[17.0062180306161,52.519358797066],[17.0058323363682,52.5193379420139],[17.0054464951903,52.5193170844655]]]},"properties":{"case_id":"ST-WK-PO/ZGŁOSZENIE/1503/2026","source_type":"zgloszenie","received_date":"2026-05-12","decision_date":null,"status":"Brak sprzeciwu","description":"dot. budowy sieci wodociągowej","address":"Dębowa, Potasze","city":"Potasze","office":"Starosta Powiatu Poznań","case_kind":"budowa nowego/nowych obiektów budowlanych","parcel_ids":["302104_2.0016.469/9","302104_2.0016.470/9","302104_2.0016.471/15","302104_2.0016.471/9","302104_2.0016.473/5","302104_2.0016.474/4","302104_2.0016.475/7","302104_2.0016.476/15","302104_2.0016.719"],"location_quality":"dokładny","gunb_url":"https://wyszukiwarka.gunb.gov.pl/","parcel_count":9,"parcel_shard":"x068-y210","parcel_id":"302104_2.0016.473/5","location_source":"powiat poznański (wfs)"}},{"type":"Feature","id":"ST-WK-PO/ZGŁOSZENIE/1503/2026::302104_2.0016.474/4","geometry":{"type":"Polygon","coordinates":[[[17.005490434282,52.5192112201596],[17.0054464951903,52.5193170844655],[17.0050287131626,52.5192948786156],[17.0050751838565,52.5191878673552],[17.005490434282,52.5192112201596]]]},"properties":{"case_id":"ST-WK-PO/ZGŁOSZENIE/1503/2026","source_type":"zgloszenie","received_date":"2026-05-12","decision_date":null,"status":"Brak sprzeciwu","description":"dot. budowy sieci wodociągowej","address":"Dębowa, Potasze","city":"Potasze","office":"Starosta Powiatu Poznań","case_kind":"budowa nowego/nowych obiektów budowlanych","parcel_ids":["302104_2.0016.469/9","302104_2.0016.470/9","302104_2.0016.471/15","302104_2.0016.471/9","302104_2.0016.473/5","302104_2.0016.474/4","302104_2.0016.475/7","302104_2.0016.476/15","302104_2.0016.719"],"location_quality":"dokładny","gunb_url":"https://wyszukiwarka.gunb.gov.pl/","parcel_count":9,"parcel_shard":"x068-y210","parcel_id":"302104_2.0016.474/4","location_source":"powiat poznański (wfs)"}},{"type":"Feature","id":"ST-WK-PO/ZGŁOSZENIE/1503/2026::302104_2.0016.475/7","geometry":{"type":"Polygon","coordinates":[[[17.0046375986332,52.51921402673],[17.0046807928993,52.5191086058348],[17.0050751838565,52.5191878673552],[17.0050287131626,52.5192948786156],[17.0046375986332,52.51921402673]]]},"properties":{"case_id":"ST-WK-PO/ZGŁOSZENIE/1503/2026","source_type":"zgloszenie","received_date":"2026-05-12","decision_date":null,"status":"Brak sprzeciwu","description":"dot. budowy sieci wodociągowej","address":"Dębowa, Potasze","city":"Potasze","office":"Starosta Powiatu Poznań","case_kind":"budowa nowego/nowych obiektów budowlanych","parcel_ids":["302104_2.0016.469/9","302104_2.0016.470/9","302104_2.0016.471/15","302104_2.0016.471/9","302104_2.0016.473/5","302104_2.0016.474/4","302104_2.0016.475/7","302104_2.0016.476/15","302104_2.0016.719"],"location_quality":"dokładny","gunb_url":"https://wyszukiwarka.gunb.gov.pl/","parcel_count":9,"parcel_shard":"x068-y210","parcel_id":"302104_2.0016.475/7","location_source":"powiat poznański (wfs)"}},{"type":"Feature","id":"ST-WK-PO/ZGŁOSZENIE/1503/2026::302104_2.0016.476/15","geometry":{"type":"Polygon","coordinates":[[[17.0046375986332,52.51921402673],[17.0045406185232,52.5191940840588],[17.0040936530177,52.5191017674315],[17.0041379293719,52.5189965746718],[17.0046807928993,52.5191086058348],[17.0046375986332,52.51921402673]]]},"properties":{"case_id":"ST-WK-PO/ZGŁOSZENIE/1503/2026","source_type":"zgloszenie","received_date":"2026-05-12","decision_date":null,"status":"Brak sprzeciwu","description":"dot. budowy sieci wodociągowej","address":"Dębowa, Potasze","city":"Potasze","office":"Starosta Powiatu Poznań","case_kind":"budowa nowego/nowych obiektów budowlanych","parcel_ids":["302104_2.0016.469/9","302104_2.0016.470/9","302104_2.0016.471/15","302104_2.0016.471/9","302104_2.0016.473/5","302104_2.0016.474/4","302104_2.0016.475/7","302104_2.0016.476/15","302104_2.0016.719"],"location_quality":"dokładny","gunb_url":"https://wyszukiwarka.gunb.gov.pl/","parcel_count":9,"parcel_shard":"x068-y210","parcel_id":"302104_2.0016.476/15","location_source":"powiat poznański (wfs)"}},{"type":"Feature","id":"ST-WK-PO/ZGŁOSZENIE/1503/2026::302104_2.0016.719","geometry":{"type":"Polygon","coordinates":[[[17.0075033201762,52.5195641645021],[17.0072003313761,52.5195017657122],[17.0069023316317,52.519440306773],[17.0066094641492,52.5193799686715],[17.0066520788204,52.5192739130777],[17.0066954992215,52.5192823663697],[17.0075467904099,52.5194592841622],[17.0075033201762,52.5195641645021]]]},"properties":{"case_id":"ST-WK-PO/ZGŁOSZENIE/1503/2026","source_type":"zgloszenie","received_date":"2026-05-12","decision_date":null,"status":"Brak sprzeciwu","description":"dot. budowy sieci wodociągowej","address":"Dębowa, Potasze","city":"Potasze","office":"Starosta Powiatu Poznań","case_kind":"budowa nowego/nowych obiektów budowlanych","parcel_ids":["302104_2.0016.469/9","302104_2.0016.470/9","302104_2.0016.471/15","302104_2.0016.471/9","302104_2.0016.473/5","302104_2.0016.474/4","302104_2.0016.475/7","302104_2.0016.476/15","302104_2.0016.719"],"location_quality":"dokładny","gunb_url":"https://wyszukiwarka.gunb.gov.pl/","parcel_count":9,"parcel_shard":"x068-y210","parcel_id":"302104_2.0016.719","location_source":"powiat poznański (wfs)"}},{"type":"Feature","id":"ST-WK-PO/WNIOSEK/6156/2026::302104_2.0018.424/229","geometry":{"type":"Polygon","coordinates":[[[17.0230291915512,52.527044659417],[17.022780799805,52.527533330975],[17.0223875854421,52.5274626768631],[17.0223530914406,52.5274565500145],[17.0224189162253,52.527332525787],[17.0226073266448,52.5269676530753],[17.0230291915512,52.527044659417]]]},"properties":{"case_id":"ST-WK-PO/WNIOSEK/6156/2026","source_type":"wniosek_decyzja","received_date":"2026-03-31","decision_date":"2026-06-15","status":"decyzja wydana","description":"e-Dor] dot. budowy dwóch budynków mieszkalnych jednorodzinnych wolnostojących z dwoma zbiornikami bezodpływowymi","address":"Trzaskowo","city":"Trzaskowo","office":"Starosta Powiatu Poznań","case_kind":"Budynek mieszkalny jednorodzinny","parcel_ids":["302104_2.0018.424/229","302104_2.0018.424/230"],"location_quality":"dokładny","gunb_url":"https://wyszukiwarka.gunb.gov.pl/","parcel_count":2,"parcel_shard":"x068-y210","parcel_id":"302104_2.0018.424/229","location_source":"powiat poznański (wfs)"}},{"type":"Feature","id":"ST-WK-PO/WNIOSEK/6156/2026::302104_2.0018.424/230","geometry":{"type":"Polygon","coordinates":[[[17.0233843833252,52.5271087063609],[17.0234332470206,52.5271645629537],[17.0232078944337,52.5276112737098],[17.0227966501773,52.5275362479989],[17.022780799805,52.527533330975],[17.0230291915512,52.527044659417],[17.0233843833252,52.5271087063609]]]},"properties":{"case_id":"ST-WK-PO/WNIOSEK/6156/2026","source_type":"wniosek_decyzja","received_date":"2026-03-31","decision_date":"2026-06-15","status":"decyzja wydana","description":"e-Dor] dot. budowy dwóch budynków mieszkalnych jednorodzinnych wolnostojących z dwoma zbiornikami bezodpływowymi","address":"Trzaskowo","city":"Trzaskowo","office":"Starosta Powiatu Poznań","case_kind":"Budynek mieszkalny jednorodzinny","parcel_ids":["302104_2.0018.424/229","302104_2.0018.424/230"],"location_quality":"dokładny","gunb_url":"https://wyszukiwarka.gunb.gov.pl/","parcel_count":2,"parcel_shard":"x068-y210","parcel_id":"302104_2.0018.424/230","location_source":"powiat poznański (wfs)"}},{"type":"Feature","id":"ST-WK-PO/WNIOSEK/21183/2025::302104_2.0018.424/281","geometry":{"type":"Polygon","coordinates":[[[17.0210441534692,52.5270819133087],[17.0208653995797,52.5274465889397],[17.0205825629262,52.5273958056936],[17.0207628162487,52.5270300643733],[17.0210441534692,52.5270819133087]]]},"properties":{"case_id":"ST-WK-PO/WNIOSEK/21183/2025","source_type":"wniosek_decyzja","received_date":"2025-10-16","decision_date":"2025-12-04","status":"decyzja wydana","description":"dot. budowy czterech budynków mieszkalnych jednorodzinnych wolno stojących wraz z czterema szczelnymi zbiornikami na nieczystości ciekłe","address":"Trzaskowo","city":"Trzaskowo","office":"Starosta Powiatu Poznań","case_kind":"Budynek mieszkalny jednorodzinny","parcel_ids":["302104_2.0018.424/281","302104_2.0018.424/282","302104_2.0018.424/283","302104_2.0018.424/284"],"location_quality":"dokładny","gunb_url":"https://wyszukiwarka.gunb.gov.pl/","parcel_count":4,"parcel_shard":"x068-y210","parcel_id":"302104_2.0018.424/281","location_source":"powiat poznański (wfs)"}},{"type":"Feature","id":"ST-WK-PO/WNIOSEK/21183/2025::302104_2.0018.424/282","geometry":{"type":"Polygon","coordinates":[[[17.0213272673517,52.5271334167605],[17.0211476215843,52.5274985348113],[17.0208653995797,52.5274465889397],[17.0210441534692,52.5270819133087],[17.0211772411658,52.5271058226059],[17.0213272673517,52.5271334167605]]]},"properties":{"case_id":"ST-WK-PO/WNIOSEK/21183/2025","source_type":"wniosek_decyzja","received_date":"2025-10-16","decision_date":"2025-12-04","status":"decyzja wydana","description":"dot. budowy czterech budynków mieszkalnych jednorodzinnych wolno stojących wraz z czterema szczelnymi zbiornikami na nieczystości ciekłe","address":"Trzaskowo","city":"Trzaskowo","office":"Starosta Powiatu Poznań","case_kind":"Budynek mieszkalny jednorodzinny","parcel_ids":["302104_2.0018.424/281","302104_2.0018.424/282","302104_2.0018.424/283","302104_2.0018.424/284"],"location_quality":"dokładny","gunb_url":"https://wyszukiwarka.gunb.gov.pl/","parcel_count":4,"parcel_shard":"x068-y210","parcel_id":"302104_2.0018.424/282","location_source":"powiat poznański (wfs)"}},{"type":"Feature","id":"ST-WK-PO/WNIOSEK/21183/2025::302104_2.0018.424/283","geometry":{"type":"Polygon","coordinates":[[[17.0216097985444,52.5271846450863],[17.0214294162446,52.527549847345],[17.0211476215843,52.5274985348113],[17.0213272673517,52.5271334167605],[17.0215923979588,52.5271816100242],[17.0216097985444,52.5271846450863]]]},"properties":{"case_id":"ST-WK-PO/WNIOSEK/21183/2025","source_type":"wniosek_decyzja","received_date":"2025-10-16","decision_date":"2025-12-04","status":"decyzja wydana","description":"dot. budowy czterech budynków mieszkalnych jednorodzinnych wolno stojących wraz z czterema szczelnymi zbiornikami na nieczystości ciekłe","address":"Trzaskowo","city":"Trzaskowo","office":"Starosta Powiatu Poznań","case_kind":"Budynek mieszkalny jednorodzinny","parcel_ids":["302104_2.0018.424/281","302104_2.0018.424/282","302104_2.0018.424/283","302104_2.0018.424/284"],"location_quality":"dokładny","gunb_url":"https://wyszukiwarka.gunb.gov.pl/","parcel_count":4,"parcel_shard":"x068-y210","parcel_id":"302104_2.0018.424/283","location_source":"powiat poznański (wfs)"}},{"type":"Feature","id":"ST-WK-PO/WNIOSEK/21183/2025::302104_2.0018.424/284","geometry":{"type":"Polygon","coordinates":[[[17.0218912950852,52.5272360439361],[17.0217128102795,52.5276021610535],[17.0214294162446,52.527549847345],[17.0216097985444,52.5271846450863],[17.0218912950852,52.5272360439361]]]},"properties":{"case_id":"ST-WK-PO/WNIOSEK/21183/2025","source_type":"wniosek_decyzja","received_date":"2025-10-16","decision_date":"2025-12-04","status":"decyzja wydana","description":"dot. budowy czterech budynków mieszkalnych jednorodzinnych wolno stojących wraz z czterema szczelnymi zbiornikami na nieczystości ciekłe","address":"Trzaskowo","city":"Trzaskowo","office":"Starosta Powiatu Poznań","case_kind":"Budynek mieszkalny jednorodzinny","parcel_ids":["302104_2.0018.424/281","302104_2.0018.424/282","302104_2.0018.424/283","302104_2.0018.424/284"],"location_quality":"dokładny","gunb_url":"https://wyszukiwarka.gunb.gov.pl/","parcel_count":4,"parcel_shard":"x068-y210","parcel_id":"302104_2.0018.424/284","location_source":"powiat poznański (wfs)"}},{"type":"Feature","id":"ST-WK-PO/WNIOSEK/4426/2026::302104_2.0018.424/301","geometry":{"type":"Polygon","coordinates":[[[17.0207490861636,52.5283363862896],[17.0209292127121,52.5279698348299],[17.021227591238,52.5280243407938],[17.0210474669431,52.5283908927091],[17.0207490861636,52.5283363862896]]]},"properties":{"case_id":"ST-WK-PO/WNIOSEK/4426/2026","source_type":"wniosek_decyzja","received_date":"2026-03-10","decision_date":"2026-05-05","status":"decyzja wydana","description":"dot. wniosku o pozwolenie na budowę czterech budynków mieszkalnych jednorodzinnych wolnostojących wraz ze zbiornikami bezodpływowymi","address":"Trzaskowo","city":"Trzaskowo","office":"Starosta Powiatu Poznań","case_kind":"Budynek mieszkalny jednorodzinny","parcel_ids":["302104_2.0018.424/301","302104_2.0018.424/302","302104_2.0018.424/303","302104_2.0018.424/304"],"location_quality":"dokładny","gunb_url":"https://wyszukiwarka.gunb.gov.pl/","parcel_count":4,"parcel_shard":"x068-y210","parcel_id":"302104_2.0018.424/301","location_source":"powiat poznański (wfs)"}},{"type":"Feature","id":"ST-WK-PO/WNIOSEK/4426/2026::302104_2.0018.424/302","geometry":{"type":"Polygon","coordinates":[[[17.0210474669431,52.5283908927091],[17.021227591238,52.5280243407938],[17.0215261178515,52.5280788472164],[17.0213458484651,52.5284453983827],[17.0210474669431,52.5283908927091]]]},"properties":{"case_id":"ST-WK-PO/WNIOSEK/4426/2026","source_type":"wniosek_decyzja","received_date":"2026-03-10","decision_date":"2026-05-05","status":"decyzja wydana","description":"dot. wniosku o pozwolenie na budowę czterech budynków mieszkalnych jednorodzinnych wolnostojących wraz ze zbiornikami bezodpływowymi","address":"Trzaskowo","city":"Trzaskowo","office":"Starosta Powiatu Poznań","case_kind":"Budynek mieszkalny jednorodzinny","parcel_ids":["302104_2.0018.424/301","302104_2.0018.424/302","302104_2.0018.424/303","302104_2.0018.424/304"],"location_quality":"dokładny","gunb_url":"https://wyszukiwarka.gunb.gov.pl/","parcel_count":4,"parcel_shard":"x068-y210","parcel_id":"302104_2.0018.424/302","location_source":"powiat poznański (wfs)"}},{"type":"Feature","id":"ST-WK-PO/WNIOSEK/4426/2026::302104_2.0018.424/303","geometry":{"type":"Polygon","coordinates":[[[17.0213458484651,52.5284453983827],[17.0215261178515,52.5280788472164],[17.0218244978776,52.5281333516795],[17.0216443760861,52.5284999943879],[17.0213458484651,52.5284453983827]]]},"properties":{"case_id":"ST-WK-PO/WNIOSEK/4426/2026","source_type":"wniosek_decyzja","received_date":"2026-03-10","decision_date":"2026-05-05","status":"decyzja wydana","description":"dot. wniosku o pozwolenie na budowę czterech budynków mieszkalnych jednorodzinnych wolnostojących wraz ze zbiornikami bezodpływowymi","address":"Trzaskowo","city":"Trzaskowo","office":"Starosta Powiatu Poznań","case_kind":"Budynek mieszkalny jednorodzinny","parcel_ids":["302104_2.0018.424/301","302104_2.0018.424/302","302104_2.0018.424/303","302104_2.0018.424/304"],"location_quality":"dokładny","gunb_url":"https://wyszukiwarka.gunb.gov.pl/","parcel_count":4,"parcel_shard":"x068-y210","parcel_id":"302104_2.0018.424/303","location_source":"powiat poznański (wfs)"}},{"type":"Feature","id":"ST-WK-PO/WNIOSEK/4426/2026::302104_2.0018.424/304","geometry":{"type":"Polygon","coordinates":[[[17.0216443760861,52.5284999943879],[17.0218244978776,52.5281333516795],[17.0221227313161,52.528187854175],[17.0219426117629,52.5285544973386],[17.0216443760861,52.5284999943879]]]},"properties":{"case_id":"ST-WK-PO/WNIOSEK/4426/2026","source_type":"wniosek_decyzja","received_date":"2026-03-10","decision_date":"2026-05-05","status":"decyzja wydana","description":"dot. wniosku o pozwolenie na budowę czterech budynków mieszkalnych jednorodzinnych wolnostojących wraz ze zbiornikami bezodpływowymi","address":"Trzaskowo","city":"Trzaskowo","office":"Starosta Powiatu Poznań","case_kind":"Budynek mieszkalny jednorodzinny","parcel_ids":["302104_2.0018.424/301","302104_2.0018.424/302","302104_2.0018.424/303","302104_2.0018.424/304"],"location_quality":"dokładny","gunb_url":"https://wyszukiwarka.gunb.gov.pl/","parcel_count":4,"parcel_shard":"x068-y210","parcel_id":"302104_2.0018.424/304","location_source":"powiat poznański (wfs)"}},{"type":"Feature","id":"ST-WK-PO/WNIOSEK/18150/2025::302104_2.0018.424/336","geometry":{"type":"Polygon","coordinates":[[[17.0224936225663,52.5281220106666],[17.0224654593562,52.5281167174738],[17.0224051189026,52.5282392591303],[17.0221227313161,52.528187854175],[17.0223028498263,52.5278211208407],[17.0225852312881,52.5278727050759],[17.0226134668999,52.5278778524945],[17.0224936225663,52.5281220106666]]]},"properties":{"case_id":"ST-WK-PO/WNIOSEK/18150/2025","source_type":"wniosek_decyzja","received_date":"2025-09-05","decision_date":"2025-10-22","status":"decyzja wydana","description":"dot. budowy dwóch budynków mieszkalnych jednorodzinnych wolno stojących wraz ze szczelnymi zbiornikami na ścieki","address":"Trzaskowo","city":"Trzaskowo","office":"Starosta Powiatu Poznań","case_kind":"Budynek mieszkalny jednorodzinny","parcel_ids":["302104_2.0018.424/336","302104_2.0018.424/337"],"location_quality":"dokładny","gunb_url":"https://wyszukiwarka.gunb.gov.pl/","parcel_count":2,"parcel_shard":"x068-y210","parcel_id":"302104_2.0018.424/336","location_source":"powiat poznański (wfs)"}},{"type":"Feature","id":"ST-WK-PO/WNIOSEK/18150/2025::302104_2.0018.424/337","geometry":{"type":"Polygon","coordinates":[[[17.0224936225663,52.5281220106666],[17.0226134668999,52.5278778524945],[17.0229637498804,52.5279417093097],[17.0230124666048,52.5279975648522],[17.0229101178775,52.5282002887466],[17.0224936225663,52.5281220106666]]]},"properties":{"case_id":"ST-WK-PO/WNIOSEK/18150/2025","source_type":"wniosek_decyzja","received_date":"2025-09-05","decision_date":"2025-10-22","status":"decyzja wydana","description":"dot. budowy dwóch budynków mieszkalnych jednorodzinnych wolno stojących wraz ze szczelnymi zbiornikami na ścieki","address":"Trzaskowo","city":"Trzaskowo","office":"Starosta Powiatu Poznań","case_kind":"Budynek mieszkalny jednorodzinny","parcel_ids":["302104_2.0018.424/336","302104_2.0018.424/337"],"location_quality":"dokładny","gunb_url":"https://wyszukiwarka.gunb.gov.pl/","parcel_count":2,"parcel_shard":"x068-y210","parcel_id":"302104_2.0018.424/337","location_source":"powiat poznański (wfs)"}},{"type":"Feature","id":"ST-WK-PO/WNIOSEK/24157/2025::302104_2.0018.424/340","geometry":{"type":"Polygon","coordinates":[[[17.0153377355009,52.5264371715993],[17.0155172956338,52.5260712525519],[17.0158162867844,52.526125785751],[17.015636699199,52.5264917665818],[17.0153377355009,52.5264371715993]]]},"properties":{"case_id":"ST-WK-PO/WNIOSEK/24157/2025","source_type":"wniosek_decyzja","received_date":"2025-11-27","decision_date":"2026-01-28","status":"decyzja wydana","description":"Wniosek o pozwolenie na budowę czterech budynków mieszkalnych jednorodzinnych wolnostojących wraz ze szczelnymi zbiornikami na nieczystości ciekłe","address":"Trzaskowo","city":"Trzaskowo","office":"Starosta Powiatu Poznań","case_kind":"Budynek mieszkalny jednorodzinny","parcel_ids":["302104_2.0018.342","302104_2.0018.343","302104_2.0018.424/340","302104_2.0018.424/341"],"location_quality":"dokładny","gunb_url":"https://wyszukiwarka.gunb.gov.pl/","parcel_count":2,"parcel_shard":"x068-y210","parcel_id":"302104_2.0018.424/340","location_source":"powiat poznański (wfs)"}},{"type":"Feature","id":"ST-WK-PO/WNIOSEK/24157/2025::302104_2.0018.424/341","geometry":{"type":"Polygon","coordinates":[[[17.015636699199,52.5264917665818],[17.0158162867844,52.526125785751],[17.0158601247603,52.5261337813161],[17.0161151914783,52.526180352644],[17.0159356636566,52.5265463608248],[17.015636699199,52.5264917665818]]]},"properties":{"case_id":"ST-WK-PO/WNIOSEK/24157/2025","source_type":"wniosek_decyzja","received_date":"2025-11-27","decision_date":"2026-01-28","status":"decyzja wydana","description":"Wniosek o pozwolenie na budowę czterech budynków mieszkalnych jednorodzinnych wolnostojących wraz ze szczelnymi zbiornikami na nieczystości ciekłe","address":"Trzaskowo","city":"Trzaskowo","office":"Starosta Powiatu Poznań","case_kind":"Budynek mieszkalny jednorodzinny","parcel_ids":["302104_2.0018.342","302104_2.0018.343","302104_2.0018.424/340","302104_2.0018.424/341"],"location_quality":"dokładny","gunb_url":"https://wyszukiwarka.gunb.gov.pl/","parcel_count":2,"parcel_shard":"x068-y210","parcel_id":"302104_2.0018.424/341","location_source":"powiat poznański (wfs)"}},{"type":"Feature","id":"ST-WK-PO/WNIOSEK/19207/2025::302104_2.0018.463/52","geometry":{"type":"Polygon","coordinates":[[[17.0212614278006,52.5381946040276],[17.0210550553764,52.5386260084538],[17.0198859474464,52.5384179782469],[17.0200924756823,52.5379866669659],[17.021092734381,52.5381646285944],[17.0212614278006,52.5381946040276]]]},"properties":{"case_id":"ST-WK-PO/WNIOSEK/19207/2025","source_type":"wniosek_decyzja","received_date":"2025-09-19","decision_date":"2025-12-11","status":"decyzja wydana","description":"dot. budowy 3 budynków mieszkalnych jednorodzinnych wolno stojących","address":"Trzaskowo","city":"Trzaskowo","office":"Starosta Powiatu Poznań","case_kind":"Budynek mieszkalny jednorodzinny","parcel_ids":["302104_2.0018.463/52"],"location_quality":"dokładny","gunb_url":"https://wyszukiwarka.gunb.gov.pl/","parcel_count":1,"parcel_shard":"x068-y210","parcel_id":"302104_2.0018.463/52","location_source":"powiat poznański (wfs)"}},{"type":"Feature","id":"ST-WK-PO/WNIOSEK/19202/2025::302104_2.0018.463/54","geometry":{"type":"Polygon","coordinates":[[[17.0243801532447,52.5387494481777],[17.0241738106377,52.5391807682827],[17.0226139829248,52.5389033050941],[17.0228203394565,52.5384719877568],[17.0233565232014,52.538567367085],[17.0243801532447,52.5387494481777]]]},"properties":{"case_id":"ST-WK-PO/WNIOSEK/19202/2025","source_type":"wniosek_decyzja","received_date":"2025-09-19","decision_date":"2025-12-11","status":"decyzja wydana","description":"dot. budowy czterech budynków mieszkalnych jednorodzinnych wolno stojących","address":"Trzaskowo","city":"Trzaskowo","office":"Starosta Powiatu Poznań","case_kind":"Budynek mieszkalny jednorodzinny","parcel_ids":["302104_2.0018.463/54"],"location_quality":"dokładny","gunb_url":"https://wyszukiwarka.gunb.gov.pl/","parcel_count":1,"parcel_shard":"x068-y210","parcel_id":"302104_2.0018.463/54","location_source":"powiat poznański (wfs)"}},{"type":"Feature","id":"ST-WK-PO/WNIOSEK/24940/2025::302104_2.0018.563/173","geometry":{"type":"Polygon","coordinates":[[[17.0279665722847,52.5343097953805],[17.0281356038976,52.5339635441057],[17.0285591490761,52.5340408518655],[17.0283901586627,52.5343852246332],[17.0279665722847,52.5343097953805]]]},"properties":{"case_id":"ST-WK-PO/WNIOSEK/24940/2025","source_type":"wniosek_decyzja","received_date":"2025-12-08","decision_date":"2026-01-15","status":"decyzja wydana","description":"[ePUAP] Budowa budynku mieszkalnego jednorodzinnego wraz ze zbiornikiem bezodpływowym na  nieczystości ciekłe o poj. V=10m3 oraz zbiornikiem bezodpływowym na wody opadowe o poj.  V=10m3","address":"Trzaskowo","city":"Trzaskowo","office":"Starosta Powiatu Poznań","case_kind":"Budynek mieszkalny jednorodzinny","parcel_ids":["302104_2.0018.563/173"],"location_quality":"dokładny","gunb_url":"https://wyszukiwarka.gunb.gov.pl/","parcel_count":1,"parcel_shard":"x068-y210","parcel_id":"302104_2.0018.563/173","location_source":"powiat poznański (wfs)"}},{"type":"Feature","id":"ST-WK-PO/WNIOSEK/22720/2025::302104_2.0018.570","geometry":{"type":"Polygon","coordinates":[[[17.0308340953605,52.5334499061749],[17.0308730471305,52.5333705200522],[17.0309805844452,52.5331519240031],[17.0309446250778,52.5331451585598],[17.0308605214535,52.5331294607206],[17.0311242015477,52.5325930841096],[17.032167551472,52.5327783155828],[17.0319280808965,52.5332665393423],[17.0317556211018,52.5336180635833],[17.0308340953605,52.5334499061749]]]},"properties":{"case_id":"ST-WK-PO/WNIOSEK/22720/2025","source_type":"wniosek_decyzja","received_date":"2025-11-05","decision_date":"2025-12-29","status":"decyzja wydana","description":"Wniosek o pozwolenie na budowę budynku mieszkalnego jednorodzinnego oraz zbiornika bezodpływowego","address":"Trzaskowo","city":"Trzaskowo","office":"Starosta Powiatu Poznań","case_kind":"Budynek mieszkalny jednorodzinny","parcel_ids":["302104_2.0018.570"],"location_quality":"dokładny","gunb_url":"https://wyszukiwarka.gunb.gov.pl/","parcel_count":1,"parcel_shard":"x068-y210","parcel_id":"302104_2.0018.570","location_source":"powiat poznański (wfs)"}},{"type":"Feature","id":"ST-WK-PO/WNIOSEK/4126/2026::302111_4.0001.135/4","geometry":{"type":"Polygon","coordinates":[[[17.0221773599363,52.5824497943339],[17.0218030749729,52.5821762691709],[17.0214553069082,52.58189154778],[17.0225849870325,52.5815961111133],[17.0226813415493,52.5815709062305],[17.0228812585212,52.5818605039342],[17.0231238152003,52.5822121109174],[17.0230357097064,52.5822341685068],[17.0229718269765,52.5821410701649],[17.0228235510195,52.5821805601035],[17.0228845151004,52.5822721964399],[17.0223361366429,52.5824099101892],[17.0221773599363,52.5824497943339]]]},"properties":{"case_id":"ST-WK-PO/WNIOSEK/4126/2026","source_type":"wniosek_decyzja","received_date":"2026-03-05","decision_date":"2026-04-16","status":"decyzja wydana","description":"dot. zmiany pozwolenia na budowę nr. 556/26 (AB.6740.4.13.2026.IV) dot. budowy naziemnej instalacji fotowoltaicznej o mocy 200,64kW","address":"Polna 7 B, Murowana Goślina","city":"Murowana Goślina","office":"Starosta Powiatu Poznań","case_kind":"Obiekt budowlany inny niż budynek mieszkalny jednorodzinny","parcel_ids":["302111_4.0001.135/4"],"location_quality":"dokładny","gunb_url":"https://wyszukiwarka.gunb.gov.pl/","parcel_count":1,"parcel_shard":"x068-y210","parcel_id":"302111_4.0001.135/4","location_source":"powiat poznański (wfs)"}},{"type":"Feature","id":"ST-WK-PO/WNIOSEK/2405/2026::302111_4.0001.135/9","geometry":{"type":"Polygon","coordinates":[[[17.0214553069082,52.58189154778],[17.0213770585148,52.5818275392452],[17.0219241373913,52.5816757663633],[17.0215769078872,52.5812079742484],[17.0219974134818,52.5811014408263],[17.0221910253495,52.581119666571],[17.0222794979901,52.5811551787286],[17.0225849870325,52.5815961111133],[17.0214553069082,52.58189154778]]]},"properties":{"case_id":"ST-WK-PO/WNIOSEK/2405/2026","source_type":"wniosek_decyzja","received_date":"2026-02-10","decision_date":"2026-04-02","status":"decyzja wydana","description":"wniosku o pozwolenie na budowę budynku biurowego z infrastrukturą towarzyszącą, w tym bezodpływowym zbiornikiem retencyjnym na wody opadowe, wraz z rozbiórką wiaty stalowej, demontażem słupa elektrycznego oraz przebudową istniejącej hali hurtowni kosmetyków fryzjerskich w zakresie zamurowania dwóch okien **Murowana Goślina;Murowana Goślina;dz.135/9","address":"Polna 7C, Murowana Goślina","city":"Murowana Goślina","office":"Starosta Powiatu Poznań","case_kind":"Obiekt budowlany inny niż budynek mieszkalny jednorodzinny","parcel_ids":["302111_4.0001.135/9"],"location_quality":"dokładny","gunb_url":"https://wyszukiwarka.gunb.gov.pl/","parcel_count":1,"parcel_shard":"x068-y210","parcel_id":"302111_4.0001.135/9","location_source":"powiat poznański (wfs)"}},{"type":"Feature","id":"ST-WK-PO/WNIOSEK/19337/2025::302111_4.0001.1387","geometry":{"type":"Polygon","coordinates":[[[17.0006213762597,52.5608909645426],[17.0005624314217,52.5607898340272],[17.0007118835063,52.5607240186427],[17.000812636862,52.5608974246053],[17.0007014702852,52.5609213550162],[17.0006491931013,52.5608849854791],[17.0006213762597,52.5608909645426]]]},"properties":{"case_id":"ST-WK-PO/WNIOSEK/19337/2025","source_type":"wniosek_decyzja","received_date":"2025-09-22","decision_date":"2026-02-06","status":"decyzja wydana","description":"dot. budowy wiaty magazynowej","address":"Murowana Goślina","city":"Murowana Goślina","office":"Starosta Powiatu Poznań","case_kind":"Obiekt budowlany inny niż budynek mieszkalny jednorodzinny","parcel_ids":["302111_4.0001.1387","302111_4.0001.1388","302111_4.0001.1403","302111_4.0001.1404"],"location_quality":"dokładny","gunb_url":"https://wyszukiwarka.gunb.gov.pl/","parcel_count":4,"parcel_shard":"x068-y210","parcel_id":"302111_4.0001.1387","location_source":"powiat poznański (wfs)"}},{"type":"Feature","id":"ST-WK-PO/WNIOSEK/19337/2025::302111_4.0001.1388","geometry":{"type":"Polygon","coordinates":[[[17.000812636862,52.5608974246053],[17.0007118835063,52.5607240186427],[17.0008612158656,52.5606582557165],[17.0009792476112,52.5608615587071],[17.000812636862,52.5608974246053]]]},"properties":{"case_id":"ST-WK-PO/WNIOSEK/19337/2025","source_type":"wniosek_decyzja","received_date":"2025-09-22","decision_date":"2026-02-06","status":"decyzja wydana","description":"dot. budowy wiaty magazynowej","address":"Murowana Goślina","city":"Murowana Goślina","office":"Starosta Powiatu Poznań","case_kind":"Obiekt budowlany inny niż budynek mieszkalny jednorodzinny","parcel_ids":["302111_4.0001.1387","302111_4.0001.1388","302111_4.0001.1403","302111_4.0001.1404"],"location_quality":"dokładny","gunb_url":"https://wyszukiwarka.gunb.gov.pl/","parcel_count":4,"parcel_shard":"x068-y210","parcel_id":"302111_4.0001.1388","location_source":"powiat poznański (wfs)"}},{"type":"Feature","id":"ST-WK-PO/WNIOSEK/19337/2025::302111_4.0001.1403","geometry":{"type":"Polygon","coordinates":[[[17.0007118835063,52.5607240186427],[17.0005570755171,52.5604559509255],[17.0007189556627,52.5604140541346],[17.0008612158656,52.5606582557165],[17.0007118835063,52.5607240186427]]]},"properties":{"case_id":"ST-WK-PO/WNIOSEK/19337/2025","source_type":"wniosek_decyzja","received_date":"2025-09-22","decision_date":"2026-02-06","status":"decyzja wydana","description":"dot. budowy wiaty magazynowej","address":"Murowana Goślina","city":"Murowana Goślina","office":"Starosta Powiatu Poznań","case_kind":"Obiekt budowlany inny niż budynek mieszkalny jednorodzinny","parcel_ids":["302111_4.0001.1387","302111_4.0001.1388","302111_4.0001.1403","302111_4.0001.1404"],"location_quality":"dokładny","gunb_url":"https://wyszukiwarka.gunb.gov.pl/","parcel_count":4,"parcel_shard":"x068-y210","parcel_id":"302111_4.0001.1403","location_source":"powiat poznański (wfs)"}},{"type":"Feature","id":"ST-WK-PO/WNIOSEK/19337/2025::302111_4.0001.1404","geometry":{"type":"Polygon","coordinates":[[[17.0005624314217,52.5607898340272],[17.0003926542744,52.5604957187876],[17.0005570755171,52.5604559509255],[17.0007118835063,52.5607240186427],[17.0005624314217,52.5607898340272]]]},"properties":{"case_id":"ST-WK-PO/WNIOSEK/19337/2025","source_type":"wniosek_decyzja","received_date":"2025-09-22","decision_date":"2026-02-06","status":"decyzja wydana","description":"dot. budowy wiaty magazynowej","address":"Murowana Goślina","city":"Murowana Goślina","office":"Starosta Powiatu Poznań","case_kind":"Obiekt budowlany inny niż budynek mieszkalny jednorodzinny","parcel_ids":["302111_4.0001.1387","302111_4.0001.1388","302111_4.0001.1403","302111_4.0001.1404"],"location_quality":"dokładny","gunb_url":"https://wyszukiwarka.gunb.gov.pl/","parcel_count":4,"parcel_shard":"x068-y210","parcel_id":"302111_4.0001.1404","location_source":"powiat poznański (wfs)"}},{"type":"Feature","id":"ST-WK-PO/ZGŁOSZENIE/3375/2025::302111_4.0001.143/15","geometry":{"type":"Polygon","coordinates":[[[17.0248505636023,52.5773123800212],[17.0258760007284,52.5787117268617],[17.0254661837178,52.5788233949616],[17.0249810096458,52.5781687954082],[17.0248657708015,52.5781096973008],[17.0247151624746,52.578108726584],[17.0245767308668,52.5781374248947],[17.0244249625344,52.5778896472563],[17.0245036006781,52.5778717249763],[17.0248115044576,52.5778016854137],[17.0247370275113,52.5773927523733],[17.0246250752434,52.5773637284743],[17.0248505636023,52.5773123800212]]]},"properties":{"case_id":"ST-WK-PO/ZGŁOSZENIE/3375/2025","source_type":"zgloszenie","received_date":"2025-10-22","decision_date":null,"status":"Brak sprzeciwu","description":"dot. zgłoszenia budowy elektroenergetycznej linii kablowej średniego napięcia 15 kV o długości 332 m na terenie zakładu Inwestora IMA Polska S.A.","address":"Murowana Goślina","city":"Murowana Goślina","office":"Starosta Powiatu Poznań","case_kind":"budowa nowego/nowych obiektów budowlanych","parcel_ids":["302111_4.0001.143/15","302111_4.0001.143/17","302111_4.0001.143/18","302111_4.0001.143/7"],"location_quality":"dokładny","gunb_url":"https://wyszukiwarka.gunb.gov.pl/","parcel_count":4,"parcel_shard":"x068-y210","parcel_id":"302111_4.0001.143/15","location_source":"powiat poznański (wfs)"}},{"type":"Feature","id":"ST-WK-PO/ZGŁOSZENIE/3375/2025::302111_4.0001.143/17","geometry":{"type":"Polygon","coordinates":[[[17.0260487635477,52.5797501263806],[17.0253852880936,52.5788454675736],[17.0254661837178,52.5788233949616],[17.0258760007284,52.5787117268617],[17.026461487956,52.5794942307047],[17.0265112201347,52.5794803494178],[17.0265956013594,52.5796006667764],[17.0265587760614,52.5796113288132],[17.0260487635477,52.5797501263806]]]},"properties":{"case_id":"ST-WK-PO/ZGŁOSZENIE/3375/2025","source_type":"zgloszenie","received_date":"2025-10-22","decision_date":null,"status":"Brak sprzeciwu","description":"dot. zgłoszenia budowy elektroenergetycznej linii kablowej średniego napięcia 15 kV o długości 332 m na terenie zakładu Inwestora IMA Polska S.A.","address":"Murowana Goślina","city":"Murowana Goślina","office":"Starosta Powiatu Poznań","case_kind":"budowa nowego/nowych obiektów budowlanych","parcel_ids":["302111_4.0001.143/15","302111_4.0001.143/17","302111_4.0001.143/18","302111_4.0001.143/7"],"location_quality":"dokładny","gunb_url":"https://wyszukiwarka.gunb.gov.pl/","parcel_count":4,"parcel_shard":"x068-y210","parcel_id":"302111_4.0001.143/17","location_source":"powiat poznański (wfs)"}},{"type":"Feature","id":"ST-WK-PO/ZGŁOSZENIE/3375/2025::302111_4.0001.143/18","geometry":{"type":"Polygon","coordinates":[[[17.0244249625344,52.5778896472563],[17.0245767308668,52.5781374248947],[17.0247151624746,52.578108726584],[17.0248657708015,52.5781096973008],[17.0249810096458,52.5781687954082],[17.0254661837178,52.5788233949616],[17.0253852880936,52.5788454675736],[17.0260487635477,52.5797501263806],[17.0265587760614,52.5796113288132],[17.0267880513633,52.5799176201245],[17.0250281025931,52.5804007573679],[17.0247593347991,52.5800374585172],[17.0252066441096,52.5800484414333],[17.0252470338058,52.5800331998578],[17.025839197982,52.5796768390915],[17.0258219899225,52.5796607122964],[17.0252060974658,52.5800186697383],[17.0247451646951,52.5800181767611],[17.0241129243512,52.5791617148565],[17.0233540899935,52.5781335079066],[17.0235614454847,52.578086250352],[17.0241956960363,52.5779417637743],[17.0244249625344,52.5778896472563]]]},"properties":{"case_id":"ST-WK-PO/ZGŁOSZENIE/3375/2025","source_type":"zgloszenie","received_date":"2025-10-22","decision_date":null,"status":"Brak sprzeciwu","description":"dot. zgłoszenia budowy elektroenergetycznej linii kablowej średniego napięcia 15 kV o długości 332 m na terenie zakładu Inwestora IMA Polska S.A.","address":"Murowana Goślina","city":"Murowana Goślina","office":"Starosta Powiatu Poznań","case_kind":"budowa nowego/nowych obiektów budowlanych","parcel_ids":["302111_4.0001.143/15","302111_4.0001.143/17","302111_4.0001.143/18","302111_4.0001.143/7"],"location_quality":"dokładny","gunb_url":"https://wyszukiwarka.gunb.gov.pl/","parcel_count":4,"parcel_shard":"x068-y210","parcel_id":"302111_4.0001.143/18","location_source":"powiat poznański (wfs)"}},{"type":"Feature","id":"ST-WK-PO/ZGŁOSZENIE/3375/2025::302111_4.0001.143/7","geometry":{"type":"Polygon","coordinates":[[[17.0246250752434,52.5773637284743],[17.0247370275113,52.5773927523733],[17.0248115044576,52.5778016854137],[17.0245036006781,52.5778717249763],[17.0242422940549,52.5774508109114],[17.0246250752434,52.5773637284743]]]},"properties":{"case_id":"ST-WK-PO/ZGŁOSZENIE/3375/2025","source_type":"zgloszenie","received_date":"2025-10-22","decision_date":null,"status":"Brak sprzeciwu","description":"dot. zgłoszenia budowy elektroenergetycznej linii kablowej średniego napięcia 15 kV o długości 332 m na terenie zakładu Inwestora IMA Polska S.A.","address":"Murowana Goślina","city":"Murowana Goślina","office":"Starosta Powiatu Poznań","case_kind":"budowa nowego/nowych obiektów budowlanych","parcel_ids":["302111_4.0001.143/15","302111_4.0001.143/17","302111_4.0001.143/18","302111_4.0001.143/7"],"location_quality":"dokładny","gunb_url":"https://wyszukiwarka.gunb.gov.pl/","parcel_count":4,"parcel_shard":"x068-y210","parcel_id":"302111_4.0001.143/7","location_source":"powiat poznański (wfs)"}},{"type":"Feature","id":"ST-WK-PO/WNIOSEK/18959/2025::302111_4.0001.1711","geometry":{"type":"Polygon","coordinates":[[[17.0404081227458,52.5822303924522],[17.0362839994865,52.5789773478441],[17.0373160549697,52.5786227032147],[17.041499189334,52.5819152609408],[17.0404081227458,52.5822303924522]]]},"properties":{"case_id":"ST-WK-PO/WNIOSEK/18959/2025","source_type":"wniosek_decyzja","received_date":"2025-09-16","decision_date":"2026-04-17","status":"decyzja wydana","description":"dot. zmiany pozwolenia na budowę z dnia 07.03.2024 r. dec. 693/24 (AB.6740.4.101.2023.XI)  - budowa elektrowni fotowoltaicznej, o mocy do 0,77 MW wraz z infrastrukturą techniczną: nn 0,8 kV oraz stację transformatorową kontenerową","address":"Murowana Goślina","city":"Murowana Goślina","office":"Starosta Powiatu Poznań","case_kind":"Obiekt budowlany inny niż budynek mieszkalny jednorodzinny","parcel_ids":["302111_4.0001.1711"],"location_quality":"dokładny","gunb_url":"https://wyszukiwarka.gunb.gov.pl/","parcel_count":1,"parcel_shard":"x068-y210","parcel_id":"302111_4.0001.1711","location_source":"powiat poznański (wfs)"}},{"type":"Feature","id":"ST-WK-PO/WNIOSEK/7614/2026::302111_4.0001.184/9","geometry":{"type":"Polygon","coordinates":[[[17.0233995383262,52.5729142423251],[17.023256500398,52.5726495694798],[17.0234924486902,52.5726022284064],[17.0235843896066,52.5726310869304],[17.0236979808135,52.5728543766352],[17.0233995383262,52.5729142423251]]]},"properties":{"case_id":"ST-WK-PO/WNIOSEK/7614/2026","source_type":"wniosek_decyzja","received_date":"2026-04-22","decision_date":"2026-08-14","status":"decyzja wydana","description":"dot. budowy budynku mieszkalnego jednorodzinnego wolnostojącego","address":"Murowana Goślina","city":"Murowana Goślina","office":"Starosta Powiatu Poznań","case_kind":"Budynek mieszkalny jednorodzinny","parcel_ids":["302111_4.0001.184/9"],"location_quality":"dokładny","gunb_url":"https://wyszukiwarka.gunb.gov.pl/","parcel_count":1,"parcel_shard":"x068-y210","parcel_id":"302111_4.0001.184/9","location_source":"powiat poznański (wfs)"}},{"type":"Feature","id":"ST-WK-PO/WNIOSEK/4637/2026::302111_4.0001.193/6","geometry":{"type":"Polygon","coordinates":[[[17.0280046821476,52.5717648868903],[17.0277821173175,52.5714034691551],[17.0279461023357,52.5713521486459],[17.0279714014798,52.57138210501],[17.0281052327489,52.5713402432513],[17.0283118464454,52.5712756111055],[17.0283438654422,52.5712151182491],[17.0282178057757,52.5710656099561],[17.0281156535202,52.5710423926178],[17.0282529878854,52.5710088279665],[17.0284767849115,52.5712745378931],[17.0282242736725,52.5713535331912],[17.028404806023,52.5715679289429],[17.0280046821476,52.5717648868903]]]},"properties":{"case_id":"ST-WK-PO/WNIOSEK/4637/2026","source_type":"wniosek_decyzja","received_date":"2026-03-12","decision_date":"2026-05-28","status":"decyzja wydana","description":"dot. wniosku o pozwolenie na budowę 2 budynków budynków mieszkalnych","address":"Murowana Goślina","city":"Murowana Goślina","office":"Starosta Powiatu Poznań","case_kind":"Budynek mieszkalny jednorodzinny","parcel_ids":["302111_4.0001.193/6"],"location_quality":"dokładny","gunb_url":"https://wyszukiwarka.gunb.gov.pl/","parcel_count":1,"parcel_shard":"x068-y210","parcel_id":"302111_4.0001.193/6","location_source":"powiat poznański (wfs)"}},{"type":"Feature","id":"ST-WK-PO/ZGŁOSZENIE/1356/2026::302111_4.0001.266/9","geometry":{"type":"Polygon","coordinates":[[[17.013952906547,52.5782720231651],[17.016239660951,52.5773419952409],[17.0163171207488,52.5774133586505],[17.0157481174729,52.5776439354805],[17.0154274945657,52.5777738170958],[17.0150592270624,52.5779230854551],[17.0141072160018,52.5783087900044],[17.013952906547,52.5782720231651]]]},"properties":{"case_id":"ST-WK-PO/ZGŁOSZENIE/1356/2026","source_type":"zgloszenie","received_date":"2026-04-29","decision_date":null,"status":"Brak sprzeciwu","description":"dot. zgłoszenia budowy sieci kanalizacji sanitarnej","address":"Murowana Goślina","city":"Murowana Goślina","office":"Starosta Powiatu Poznań","case_kind":"budowa nowego/nowych obiektów budowlanych","parcel_ids":["302111_4.0001.266/9"],"location_quality":"dokładny","gunb_url":"https://wyszukiwarka.gunb.gov.pl/","parcel_count":1,"parcel_shard":"x068-y210","parcel_id":"302111_4.0001.266/9","location_source":"powiat poznański (wfs)"}},{"type":"Feature","id":"ST-WK-PO/WNIOSEK/5066/2026::302111_4.0001.297","geometry":{"type":"Polygon","coordinates":[[[17.0120127977948,52.5774841971011],[17.011925416388,52.577516350069],[17.0119197871126,52.5775089279664],[17.0118235295277,52.5773825646806],[17.0117108819844,52.5772320277696],[17.0116937032682,52.5772113161428],[17.0116339105865,52.5771300179708],[17.0115569391056,52.5770280082874],[17.0114057825639,52.5768209951627],[17.0113452870606,52.5767381194619],[17.0111298544979,52.5764430128503],[17.0112195080018,52.5764239853438],[17.0112865579486,52.5765147278907],[17.0116522791122,52.5770044337161],[17.0116827986573,52.5770449210003],[17.0118085824444,52.5772124384035],[17.0120127977948,52.5774841971011]]]},"properties":{"case_id":"ST-WK-PO/WNIOSEK/5066/2026","source_type":"wniosek_decyzja","received_date":"2026-03-18","decision_date":"2026-05-20","status":"decyzja wydana","description":"dot. budowy sieci kanalizacji sanitarnej ø200 mm, dł. ok. 11,7 m","address":"Murowana Goślina","city":"Murowana Goślina","office":"Starosta Powiatu Poznań","case_kind":"Obiekt budowlany inny niż budynek mieszkalny jednorodzinny","parcel_ids":["302111_4.0001.297","302111_4.0001.310/1"],"location_quality":"dokładny","gunb_url":"https://wyszukiwarka.gunb.gov.pl/","parcel_count":2,"parcel_shard":"x068-y210","parcel_id":"302111_4.0001.297","location_source":"powiat poznański (wfs)"}},{"type":"Feature","id":"ST-WK-PO/WNIOSEK/5066/2026::302111_4.0001.310/1","geometry":{"type":"Polygon","coordinates":[[[17.0116522791122,52.5770044337161],[17.0117325413913,52.5769848377236],[17.0119286800656,52.5769354137715],[17.0119309851132,52.5769387191086],[17.0123405161888,52.5768579627841],[17.0124388393259,52.576838661064],[17.0127040111165,52.576833646726],[17.0131261179076,52.5768065702239],[17.0134394148421,52.576785589134],[17.0134628475197,52.5768194057651],[17.0132398060633,52.5768350140708],[17.0129315279752,52.5768531363434],[17.0127526632336,52.5768624302496],[17.0126218005591,52.5768692481511],[17.0124482594455,52.5768717944842],[17.0123223195891,52.5768962878306],[17.0120393583433,52.5769533233701],[17.0117661816144,52.5770247811672],[17.0116827986573,52.5770449210003],[17.0116522791122,52.5770044337161]]]},"properties":{"case_id":"ST-WK-PO/WNIOSEK/5066/2026","source_type":"wniosek_decyzja","received_date":"2026-03-18","decision_date":"2026-05-20","status":"decyzja wydana","description":"dot. budowy sieci kanalizacji sanitarnej ø200 mm, dł. ok. 11,7 m","address":"Murowana Goślina","city":"Murowana Goślina","office":"Starosta Powiatu Poznań","case_kind":"Obiekt budowlany inny niż budynek mieszkalny jednorodzinny","parcel_ids":["302111_4.0001.297","302111_4.0001.310/1"],"location_quality":"dokładny","gunb_url":"https://wyszukiwarka.gunb.gov.pl/","parcel_count":2,"parcel_shard":"x068-y210","parcel_id":"302111_4.0001.310/1","location_source":"powiat poznański (wfs)"}},{"type":"Feature","id":"ST-WK-PO/WNIOSEK/22908/2025::302111_4.0001.383","geometry":{"type":"Polygon","coordinates":[[[17.0079573563722,52.5793980981244],[17.0077520019544,52.5792231507239],[17.0075381779665,52.5791014355708],[17.0072369684295,52.5789935393527],[17.0066301791228,52.5788820121156],[17.0065992897804,52.5788749090776],[17.0062460366364,52.5786928202188],[17.0059578081781,52.5786225354045],[17.0057999009295,52.5786169565713],[17.0052824871627,52.5785383201245],[17.0050693705588,52.5784892101778],[17.0049027091512,52.578417859268],[17.0048579041376,52.5784043219935],[17.0047887798936,52.5783520360825],[17.0048286549161,52.5783010400461],[17.0049284926985,52.578373835669],[17.0050079284297,52.5784140483286],[17.0050891800058,52.5784551799806],[17.0053016735915,52.5785095014146],[17.0053987606162,52.578522090567],[17.0059726659165,52.5785971472717],[17.0061955591113,52.5786314840291],[17.0063660065328,52.5786956278672],[17.0064292453631,52.5787274468717],[17.0066500303933,52.5788536438451],[17.0071635970991,52.5789435135715],[17.0072640222986,52.578961645174],[17.0074691481846,52.5790350549714],[17.0075764745169,52.5790734640187],[17.007653235366,52.5791176453528],[17.0078003842047,52.5792021609346],[17.0080206426402,52.5793768935477],[17.0079573563722,52.5793980981244]]]},"properties":{"case_id":"ST-WK-PO/WNIOSEK/22908/2025","source_type":"wniosek_decyzja","received_date":"2025-11-07","decision_date":"2025-12-23","status":"decyzja wydana","description":"[ePUAP] dot. wniosku o pozwolenie na budowę oświetlenia drogowego","address":"Murowana Goślina","city":"Murowana Goślina","office":"Starosta Powiatu Poznań","case_kind":"Obiekt budowlany inny niż budynek mieszkalny jednorodzinny","parcel_ids":["302111_4.0001.383","302111_4.0001.398/1"],"location_quality":"dokładny","gunb_url":"https://wyszukiwarka.gunb.gov.pl/","parcel_count":2,"parcel_shard":"x068-y210","parcel_id":"302111_4.0001.383","location_source":"powiat poznański (wfs)"}},{"type":"Feature","id":"ST-WK-PO/WNIOSEK/22908/2025::302111_4.0001.398/1","geometry":{"type":"Polygon","coordinates":[[[17.0047887798936,52.5783520360825],[17.0048579041376,52.5784043219935],[17.0049027091512,52.578417859268],[17.0050693705588,52.5784892101778],[17.0052824871627,52.5785383201245],[17.0057999009295,52.5786169565713],[17.0059578081781,52.5786225354045],[17.0062460366364,52.5786928202188],[17.0060282012579,52.5787620119009],[17.0059997709312,52.5787287462203],[17.0054650669474,52.5786466557712],[17.0054427650951,52.5786434825385],[17.005191683033,52.5786076916732],[17.005153794189,52.5785971277303],[17.0050233457915,52.5785566933356],[17.0048075996115,52.5784788728634],[17.0047588375272,52.5784705090914],[17.0046675291217,52.5785115515894],[17.0047887798936,52.5783520360825]]]},"properties":{"case_id":"ST-WK-PO/WNIOSEK/22908/2025","source_type":"wniosek_decyzja","received_date":"2025-11-07","decision_date":"2025-12-23","status":"decyzja wydana","description":"[ePUAP] dot. wniosku o pozwolenie na budowę oświetlenia drogowego","address":"Murowana Goślina","city":"Murowana Goślina","office":"Starosta Powiatu Poznań","case_kind":"Obiekt budowlany inny niż budynek mieszkalny jednorodzinny","parcel_ids":["302111_4.0001.383","302111_4.0001.398/1"],"location_quality":"dokładny","gunb_url":"https://wyszukiwarka.gunb.gov.pl/","parcel_count":2,"parcel_shard":"x068-y210","parcel_id":"302111_4.0001.398/1","location_source":"powiat poznański (wfs)"}},{"type":"Feature","id":"ST-WK-PO/WNIOSEK/146/2026::302111_4.0001.465/11","geometry":{"type":"Polygon","coordinates":[[[17.0024038602738,52.5809709826682],[17.002260144921,52.580964918606],[17.0016374302488,52.5801441425407],[17.001675095852,52.5800837943191],[17.0032534677308,52.5796608361736],[17.0033507543721,52.5796647107827],[17.003401603744,52.5796799681609],[17.0034377423674,52.5797388709326],[17.0026168323606,52.5807729001849],[17.0024038602738,52.5809709826682]]]},"properties":{"case_id":"ST-WK-PO/WNIOSEK/146/2026","source_type":"wniosek_decyzja","received_date":"2025-12-31","decision_date":"2026-04-08","status":"decyzja wydana","description":"budowa pięciu budynków mieszkalnych wielorodzinnych","address":"Murowana Goślina","city":"Murowana Goślina","office":"Starosta Powiatu Poznań","case_kind":"Obiekt budowlany inny niż budynek mieszkalny jednorodzinny","parcel_ids":["302111_4.0001.465/11"],"location_quality":"dokładny","gunb_url":"https://wyszukiwarka.gunb.gov.pl/","parcel_count":1,"parcel_shard":"x068-y210","parcel_id":"302111_4.0001.465/11","location_source":"powiat poznański (wfs)"}},{"type":"Feature","id":"ST-WK-PO/WNIOSEK/9512/2026::302111_4.0001.572/24","geometry":{"type":"Polygon","coordinates":[[[17.0014624057009,52.5725174506651],[17.001687405361,52.572346086214],[17.0017197238911,52.5723284851789],[17.0020031398919,52.5725128610429],[17.0017422197707,52.5726540118569],[17.0014624057009,52.5725174506651]]]},"properties":{"case_id":"ST-WK-PO/WNIOSEK/9512/2026","source_type":"wniosek_decyzja","received_date":"2026-05-19","decision_date":"2026-08-06","status":"decyzja wydana","description":"dot. budowy budynku mieszkalnego jednorodzinnego wraz ze zbiornikiem bezodpływowym na nieczystości ciekłe","address":"Murowana Goślina","city":"Murowana Goślina","office":"Starosta Powiatu Poznań","case_kind":"Budynek mieszkalny jednorodzinny","parcel_ids":["302111_4.0001.572/24"],"location_quality":"dokładny","gunb_url":"https://wyszukiwarka.gunb.gov.pl/","parcel_count":1,"parcel_shard":"x068-y210","parcel_id":"302111_4.0001.572/24","location_source":"powiat poznański (wfs)"}},{"type":"Feature","id":"ST-WK-PO/WNIOSEK/23359/2025::302111_4.0001.669","geometry":{"type":"Polygon","coordinates":[[[17.0132728658576,52.575825824418],[17.0132418906279,52.5757752823351],[17.0130493820075,52.5754609330099],[17.0136106309431,52.5753223677658],[17.0137611358977,52.575285209335],[17.0140477594165,52.5756497581866],[17.0132728658576,52.575825824418]]]},"properties":{"case_id":"ST-WK-PO/WNIOSEK/23359/2025","source_type":"wniosek_decyzja","received_date":"2025-11-18","decision_date":"2026-01-02","status":"decyzja wydana","description":"dot. przebudowy kotłowni wraz z instalacją MOP 5kPa wykonaną metodą odkrytą w budynku komunalnym opieki zdrowotnej","address":"Murowana Goślina","city":"Murowana Goślina","office":"Starosta Powiatu Poznań","case_kind":"Obiekt budowlany inny niż budynek mieszkalny jednorodzinny","parcel_ids":["302111_4.0001.669"],"location_quality":"dokładny","gunb_url":"https://wyszukiwarka.gunb.gov.pl/","parcel_count":1,"parcel_shard":"x068-y210","parcel_id":"302111_4.0001.669","location_source":"powiat poznański (wfs)"}},{"type":"Feature","id":"ST-WK-PO/WNIOSEK/429/2026::302111_4.0001.732","geometry":{"type":"Polygon","coordinates":[[[17.012494748726,52.5701422650744],[17.0126919315521,52.5699673380976],[17.0127527160552,52.569905707375],[17.0129194920321,52.5697366082402],[17.0130714501103,52.5695825317198],[17.0132348793197,52.569416822456],[17.0134675220387,52.5691809312381],[17.0136411181362,52.5690015816539],[17.0138283251938,52.5688067084499],[17.0140169409074,52.5686110928423],[17.0143322790619,52.5683026509272],[17.0148035951503,52.5682125436265],[17.0156182023381,52.5680972077017],[17.0159831126614,52.5680454852053],[17.0161319750238,52.5679910018273],[17.0170100063532,52.5675642024468],[17.017278141381,52.5673665248639],[17.017756271198,52.5667122627483],[17.0182016211974,52.5661996039416],[17.0184879076917,52.5656450695045],[17.0185317847709,52.5658607193695],[17.0183454954842,52.5662304578485],[17.0178712826467,52.56673944987],[17.0173885205091,52.5674079310969],[17.0172139508387,52.5675289729786],[17.0170937356379,52.5676122939184],[17.0168457314704,52.5677292939834],[17.0162077259588,52.5680300796451],[17.0160894980025,52.5680899252792],[17.0153345402703,52.5682035981672],[17.0149507806032,52.5682614314583],[17.0146222111081,52.5683108655934],[17.014496995095,52.5683553874166],[17.0144189013879,52.5683829176527],[17.0140125747846,52.5687553351123],[17.0138799737815,52.5688904140201],[17.0136447196466,52.56913394292],[17.0132936149573,52.5694910579978],[17.0132329340521,52.5695527460101],[17.0131480980657,52.569639128131],[17.0130526638642,52.5697383099689],[17.0129091270286,52.5698874658307],[17.0127098759724,52.5700869056914],[17.0126955136573,52.5701000903864],[17.0126126809749,52.5701980394243],[17.0125706641024,52.5702477237703],[17.012494748726,52.5701422650744]]]},"properties":{"case_id":"ST-WK-PO/WNIOSEK/429/2026","source_type":"wniosek_decyzja","received_date":"2026-01-09","decision_date":"2026-03-18","status":"decyzja wydana","description":"[e-Dor] dot. wniosku o pozwolenie na budowę sieci elektroenergetycznej nn 0,4kV (oświetleniowej)","address":"Murowana Goślina","city":"Murowana Goślina","office":"Starosta Powiatu Poznań","case_kind":"Obiekt budowlany inny niż budynek mieszkalny jednorodzinny","parcel_ids":["302111_4.0001.732","302111_4.0013.2"],"location_quality":"dokładny","gunb_url":"https://wyszukiwarka.gunb.gov.pl/","parcel_count":1,"parcel_shard":"x068-y210","parcel_id":"302111_4.0001.732","location_source":"powiat poznański (wfs)"}},{"type":"Feature","id":"ST-WK-PO/WNIOSEK/431/2026::302111_4.0001.733/58","geometry":{"type":"Polygon","coordinates":[[[17.0166264685823,52.568556221649],[17.0163785793579,52.5686103336338],[17.0161279625093,52.5686637044694],[17.0158771935589,52.5687172532544],[17.0156275957439,52.5687711707404],[17.0154053034644,52.5688176753755],[17.0151397959034,52.5687982111844],[17.0148761936359,52.5687793014961],[17.0146046756547,52.5687588603823],[17.0143547552278,52.5688121523684],[17.0141041582382,52.5688655271794],[17.0142510028085,52.5691198215437],[17.014318917062,52.5692468940902],[17.0143918271966,52.5693740433459],[17.0141828824259,52.5694184869112],[17.0141099508683,52.5692913423452],[17.0140637439542,52.5692075355471],[17.0139590861555,52.569020352541],[17.0138799737815,52.5688904140201],[17.0140125747846,52.5687553351123],[17.0144189013879,52.5683829176527],[17.014496995095,52.5683553874166],[17.0144883839302,52.5683970502345],[17.0144791483375,52.5684417341155],[17.0144699127102,52.568486417995],[17.0144606770772,52.5685311018825],[17.0144514414095,52.5685757857686],[17.0146117067744,52.5685881011338],[17.0148997403915,52.5686267408484],[17.0152093771884,52.5686682777256],[17.0155228960659,52.5686484058],[17.0158036251624,52.568590546729],[17.0160545369117,52.5685371790405],[17.0162771461797,52.5684895973188],[17.0163086802722,52.568444831792],[17.0165355896087,52.568396206813],[17.0165829800088,52.5684798972054],[17.0166264685823,52.568556221649]]]},"properties":{"case_id":"ST-WK-PO/WNIOSEK/431/2026","source_type":"wniosek_decyzja","received_date":"2026-01-09","decision_date":"2026-04-09","status":"decyzja wydana","description":"[e-Dor] dot. wniosku o pozwolenie na budowę sieci elektroenergetycznej nn 0,4kV (oświetleniowej)","address":"Murowana Goślina","city":"Murowana Goślina","office":"Starosta Powiatu Poznań","case_kind":"Obiekt budowlany inny niż budynek mieszkalny jednorodzinny","parcel_ids":["302111_4.0001.733/58","302111_4.0001.767/7","302111_4.0001.767/8"],"location_quality":"dokładny","gunb_url":"https://wyszukiwarka.gunb.gov.pl/","parcel_count":3,"parcel_shard":"x068-y210","parcel_id":"302111_4.0001.733/58","location_source":"powiat poznański (wfs)"}},{"type":"Feature","id":"ST-WK-PO/WNIOSEK/431/2026::302111_4.0001.767/7","geometry":{"type":"Polygon","coordinates":[[[17.0165355896087,52.568396206813],[17.0167865148035,52.5683451236652],[17.0177130161867,52.5681618837679],[17.0177896737752,52.568137484959],[17.0179980891006,52.5679859775816],[17.0182216097619,52.5678234609698],[17.0185343022076,52.5675961532966],[17.0188032852932,52.5674005185489],[17.0191347453725,52.5671594932459],[17.0191631982145,52.5671388286314],[17.0192957809208,52.5670423642793],[17.0192865770153,52.5669783983728],[17.0194109790016,52.5670425684774],[17.0194385497136,52.5670787088443],[17.0178605827787,52.568226887423],[17.0175085982384,52.5682965719282],[17.0172000592286,52.5683576813008],[17.0168915198135,52.5684187897324],[17.0165829800088,52.5684798972054],[17.0165355896087,52.568396206813]]]},"properties":{"case_id":"ST-WK-PO/WNIOSEK/431/2026","source_type":"wniosek_decyzja","received_date":"2026-01-09","decision_date":"2026-04-09","status":"decyzja wydana","description":"[e-Dor] dot. wniosku o pozwolenie na budowę sieci elektroenergetycznej nn 0,4kV (oświetleniowej)","address":"Murowana Goślina","city":"Murowana Goślina","office":"Starosta Powiatu Poznań","case_kind":"Obiekt budowlany inny niż budynek mieszkalny jednorodzinny","parcel_ids":["302111_4.0001.733/58","302111_4.0001.767/7","302111_4.0001.767/8"],"location_quality":"dokładny","gunb_url":"https://wyszukiwarka.gunb.gov.pl/","parcel_count":3,"parcel_shard":"x068-y210","parcel_id":"302111_4.0001.767/7","location_source":"powiat poznański (wfs)"}},{"type":"Feature","id":"ST-WK-PO/WNIOSEK/431/2026::302111_4.0001.767/8","geometry":{"type":"Polygon","coordinates":[[[17.0172139508387,52.5675289729786],[17.0172288606895,52.567568385998],[17.0172526558137,52.5676312313025],[17.0175841600646,52.5677161056809],[17.0178742829903,52.5677904035387],[17.0180832666154,52.5678439044694],[17.0182216097619,52.5678234609698],[17.0179980891006,52.5679859775816],[17.0179638788471,52.5679306223493],[17.0176935602509,52.5678614802584],[17.0174216158919,52.5677918029774],[17.0171496731815,52.5677222149352],[17.0170983882087,52.5677090612315],[17.0169612992592,52.5677200625867],[17.0168457314704,52.5677292939834],[17.0170937356379,52.5676122939184],[17.0172139508387,52.5675289729786]]]},"properties":{"case_id":"ST-WK-PO/WNIOSEK/431/2026","source_type":"wniosek_decyzja","received_date":"2026-01-09","decision_date":"2026-04-09","status":"decyzja wydana","description":"[e-Dor] dot. wniosku o pozwolenie na budowę sieci elektroenergetycznej nn 0,4kV (oświetleniowej)","address":"Murowana Goślina","city":"Murowana Goślina","office":"Starosta Powiatu Poznań","case_kind":"Obiekt budowlany inny niż budynek mieszkalny jednorodzinny","parcel_ids":["302111_4.0001.733/58","302111_4.0001.767/7","302111_4.0001.767/8"],"location_quality":"dokładny","gunb_url":"https://wyszukiwarka.gunb.gov.pl/","parcel_count":3,"parcel_shard":"x068-y210","parcel_id":"302111_4.0001.767/8","location_source":"powiat poznański (wfs)"}},{"type":"Feature","id":"ST-WK-PO/WNIOSEK/4719/2026::302111_4.0001.736/8","geometry":{"type":"Polygon","coordinates":[[[17.0205453774541,52.5695158356183],[17.0201332767164,52.5696138358214],[17.019808621387,52.56910742311],[17.020174026985,52.5689993142978],[17.0202540198614,52.5690613661479],[17.0205453774541,52.5695158356183]]]},"properties":{"case_id":"ST-WK-PO/WNIOSEK/4719/2026","source_type":"wniosek_decyzja","received_date":"2026-03-13","decision_date":"2026-06-24","status":"decyzja wydana","description":"dot. budowy budynku mieszkalnego jednorodzinnego wraz z murem oporowym","address":"Murowana Goślina","city":"Murowana Goślina","office":"Starosta Powiatu Poznań","case_kind":"Budynek mieszkalny jednorodzinny","parcel_ids":["302111_4.0001.736/8"],"location_quality":"dokładny","gunb_url":"https://wyszukiwarka.gunb.gov.pl/","parcel_count":1,"parcel_shard":"x068-y210","parcel_id":"302111_4.0001.736/8","location_source":"powiat poznański (wfs)"}},{"type":"Feature","id":"ST-WK-PO/WNIOSEK/18176/2025::302111_4.0001.743/5","geometry":{"type":"Polygon","coordinates":[[[17.0206036469149,52.5692713956139],[17.0206272745103,52.5692609285676],[17.0207838046873,52.5694515903261],[17.020875846156,52.5694648441388],[17.0211683680433,52.5693312814803],[17.0214045585967,52.5692234961205],[17.0211595666447,52.5690243746393],[17.0212190895094,52.5689979702533],[17.0214671950349,52.5688878803835],[17.0216381587155,52.5688118658294],[17.021962352205,52.568667752924],[17.0238339098319,52.5678332090814],[17.0239378996164,52.5682072037656],[17.0231684615578,52.5683456969032],[17.0226102256093,52.5685763321686],[17.0226768772474,52.5686986295479],[17.0217485838522,52.5691225184782],[17.0208042542014,52.5695536371592],[17.0206036469149,52.5692713956139]]]},"properties":{"case_id":"ST-WK-PO/WNIOSEK/18176/2025","source_type":"wniosek_decyzja","received_date":"2025-09-05","decision_date":"2025-10-28","status":"decyzja wydana","description":"dot. budowy budynku mieszkalnego jednorodzinnego wolno stojącego oraz podziemnego zbiornika bezodpływowego na wody deszczowe","address":"Murowana Goślina","city":"Murowana Goślina","office":"Starosta Powiatu Poznań","case_kind":"Budynek mieszkalny jednorodzinny","parcel_ids":["302111_4.0001.743/5"],"location_quality":"dokładny","gunb_url":"https://wyszukiwarka.gunb.gov.pl/","parcel_count":1,"parcel_shard":"x068-y210","parcel_id":"302111_4.0001.743/5","location_source":"powiat poznański (wfs)"}},{"type":"Feature","id":"ST-WK-PO/WNIOSEK/11156/2026::302111_4.0001.761/11","geometry":{"type":"Polygon","coordinates":[[[17.026841366913,52.5690153068824],[17.0268014515013,52.569072678698],[17.0263211722992,52.5691865565783],[17.0259751015969,52.5686620744894],[17.0259235861028,52.5685839086404],[17.0267711689555,52.5689081379126],[17.026841366913,52.5690153068824]]]},"properties":{"case_id":"ST-WK-PO/WNIOSEK/11156/2026","source_type":"wniosek_decyzja","received_date":"2026-06-11","decision_date":"2026-08-27","status":"decyzja wydana","description":"budowa nowego/nowych obiektów budowlanych","address":"Murowana Goślina","city":"Murowana Goślina","office":"Starosta Powiatu Poznań","case_kind":"Budynek mieszkalny jednorodzinny","parcel_ids":["302111_4.0001.761/11"],"location_quality":"dokładny","gunb_url":"https://wyszukiwarka.gunb.gov.pl/","parcel_count":1,"parcel_shard":"x068-y210","parcel_id":"302111_4.0001.761/11","location_source":"powiat poznański (wfs)"}},{"type":"Feature","id":"ST-WK-PO/WNIOSEK/24944/2025::302111_4.0001.780","geometry":{"type":"Polygon","coordinates":[[[17.0075708826336,52.57020911012],[17.0090116564502,52.5699626708962],[17.0088968700818,52.5696892679556],[17.0086542213707,52.569261410302],[17.0087194140415,52.5692484748163],[17.0087276291885,52.5692597809366],[17.0087748388157,52.5693524392324],[17.0089241245033,52.5696440172665],[17.0089679987514,52.5697297819611],[17.0090117319043,52.5698155732791],[17.0090631335388,52.5699159053175],[17.0091031871854,52.5699912579837],[17.0082486752072,52.5701498728422],[17.0081774571033,52.5701630502287],[17.0075996564505,52.5702710975131],[17.0075708826336,52.57020911012]]]},"properties":{"case_id":"ST-WK-PO/WNIOSEK/24944/2025","source_type":"wniosek_decyzja","received_date":"2025-12-08","decision_date":"2026-06-01","status":"decyzja wydana","description":"[e-Dor] dot. pozwolenia na budowę sieci elektroenergetycznej nn 0,4 kV (oświetleniowej) - kat. obiektu XXVI, w związku z tematem pn.: Budowa oświetlenia drogowego w miejscowości Murowana Goślina, ul. Poznańska/Strzelecka","address":"Murowana Goślina","city":"Murowana Goślina","office":"Starosta Powiatu Poznań","case_kind":"Obiekt budowlany inny niż budynek mieszkalny jednorodzinny","parcel_ids":["302111_4.0001.780","302111_4.0001.785"],"location_quality":"dokładny","gunb_url":"https://wyszukiwarka.gunb.gov.pl/","parcel_count":2,"parcel_shard":"x068-y210","parcel_id":"302111_4.0001.780","location_source":"powiat poznański (wfs)"}},{"type":"Feature","id":"ST-WK-PO/WNIOSEK/24944/2025::302111_4.0001.785","geometry":{"type":"Polygon","coordinates":[[[17.0082486752072,52.5701498728422],[17.0085136879775,52.5705533428147],[17.0085949103324,52.5705703530201],[17.0088461291697,52.5705121728808],[17.008973092763,52.570625309467],[17.0088494566393,52.5706625635802],[17.009018270036,52.5708780467842],[17.0088034730612,52.5709590750546],[17.0090476900385,52.5712222753474],[17.0092518575789,52.5711534203538],[17.0095241210362,52.5713962047861],[17.0094013627346,52.571456081375],[17.0093994429454,52.5714577482923],[17.0093713128532,52.5714368165405],[17.0092807366489,52.5714798077482],[17.0092077899521,52.57142380059],[17.0091548144603,52.5713921349244],[17.0090016790173,52.5712604207476],[17.0088981167604,52.5711643321011],[17.0088476958441,52.5711046214614],[17.0087210613198,52.5709531806539],[17.0086878974387,52.5709142297105],[17.0085341916509,52.5707377757922],[17.0084677476845,52.5706303641354],[17.008358791044,52.5704549632286],[17.0082798821529,52.5703279346249],[17.0081774571033,52.5701630502287],[17.0082486752072,52.5701498728422]]]},"properties":{"case_id":"ST-WK-PO/WNIOSEK/24944/2025","source_type":"wniosek_decyzja","received_date":"2025-12-08","decision_date":"2026-06-01","status":"decyzja wydana","description":"[e-Dor] dot. pozwolenia na budowę sieci elektroenergetycznej nn 0,4 kV (oświetleniowej) - kat. obiektu XXVI, w związku z tematem pn.: Budowa oświetlenia drogowego w miejscowości Murowana Goślina, ul. Poznańska/Strzelecka","address":"Murowana Goślina","city":"Murowana Goślina","office":"Starosta Powiatu Poznań","case_kind":"Obiekt budowlany inny niż budynek mieszkalny jednorodzinny","parcel_ids":["302111_4.0001.780","302111_4.0001.785"],"location_quality":"dokładny","gunb_url":"https://wyszukiwarka.gunb.gov.pl/","parcel_count":2,"parcel_shard":"x068-y210","parcel_id":"302111_4.0001.785","location_source":"powiat poznański (wfs)"}},{"type":"Feature","id":"ST-WK-PO/WNIOSEK/436/2026::302111_4.0001.817/16","geometry":{"type":"Polygon","coordinates":[[[17.0128351499368,52.5714922787316],[17.0118860523817,52.5717420590575],[17.0118249517045,52.5716412973912],[17.0116447764885,52.5713425987041],[17.011594294488,52.5712995098503],[17.0116213847825,52.5712733677131],[17.0116550282545,52.5712764434681],[17.0116866670683,52.5713035616758],[17.0121112198617,52.5711900056317],[17.0122167628428,52.5711610340663],[17.0123004137007,52.5711434495391],[17.0123588688797,52.5711681799827],[17.0125847779023,52.5715440431765],[17.0128262045459,52.5714799008208],[17.0128351499368,52.5714922787316]],[[17.0123196422704,52.5712081980307],[17.0122811546585,52.5711905112891],[17.0117519227075,52.5713302503776],[17.0117195640056,52.5713618901827],[17.0119019935978,52.5716659751551],[17.0119689940109,52.5716892433485],[17.0124695258109,52.5715573138643],[17.0125065491277,52.5715184703272],[17.0123196422704,52.5712081980307]]]},"properties":{"case_id":"ST-WK-PO/WNIOSEK/436/2026","source_type":"wniosek_decyzja","received_date":"2026-01-09","decision_date":"2026-06-01","status":"decyzja wydana","description":"[e-Dor] dot. wniosku o pozwolenie na budowę sieci elektroenergetycznej nn 0,4kV (oświetleniowej)","address":"Murowana Goślina","city":"Murowana Goślina","office":"Starosta Powiatu Poznań","case_kind":"Obiekt budowlany inny niż budynek mieszkalny jednorodzinny","parcel_ids":["302111_4.0001.817/16"],"location_quality":"dokładny","gunb_url":"https://wyszukiwarka.gunb.gov.pl/","parcel_count":1,"parcel_shard":"x068-y210","parcel_id":"302111_4.0001.817/16","location_source":"powiat poznański (wfs)"}},{"type":"Feature","id":"ST-WK-PO/WNIOSEK/438/2026::302111_5.0003.134","geometry":{"type":"Polygon","coordinates":[[[17.049009905803,52.5745135011082],[17.0488137647191,52.5744275776178],[17.0491853158275,52.5742647133522],[17.0494633828636,52.5741420494698],[17.0497099898299,52.5741189787552],[17.050308850825,52.5740582100767],[17.0504411662796,52.5740396348645],[17.0506724223194,52.5740674814477],[17.0508239355511,52.5740857844053],[17.0510665809869,52.5741343556963],[17.0511843058388,52.5742036362],[17.0513499715901,52.574479212201],[17.0514618785879,52.5746441403932],[17.0516026046789,52.5749011009305],[17.051821406332,52.5752651260512],[17.0516783892149,52.5752975978762],[17.0514952136749,52.5750527449456],[17.0514924341048,52.5749796605828],[17.0513145859962,52.5746777782394],[17.0512897111258,52.5746356533404],[17.0510893855433,52.5742940987213],[17.0510106519719,52.5742043107322],[17.0507744431427,52.5741646820548],[17.0504291559789,52.5741349002803],[17.0498214651629,52.5741938342168],[17.0495837734997,52.5742088389189],[17.049316224147,52.5742886557986],[17.048942452193,52.5744678851463],[17.049009905803,52.5745135011082]]]},"properties":{"case_id":"ST-WK-PO/WNIOSEK/438/2026","source_type":"wniosek_decyzja","received_date":"2026-01-09","decision_date":"2026-03-18","status":"decyzja wydana","description":"[e-Dor] dot. wniosku o pozwolenie na budowę sieci elektroenergetycznej nn 0,4kV (oświetleniowej)","address":"Murowana Goślina","city":"Murowana Goślina","office":"Starosta Powiatu Poznań","case_kind":"Obiekt budowlany inny niż budynek mieszkalny jednorodzinny","parcel_ids":["302111_5.0003.134"],"location_quality":"dokładny","gunb_url":"https://wyszukiwarka.gunb.gov.pl/","parcel_count":1,"parcel_shard":"x068-y210","parcel_id":"302111_5.0003.134","location_source":"powiat poznański (wfs)"}},{"type":"Feature","id":"ST-WK-PO/WNIOSEK/65/2026::302111_5.0003.154/8","geometry":{"type":"Polygon","coordinates":[[[17.059982313315,52.5674794501207],[17.0608367116202,52.5675047990422],[17.0608337370489,52.5677538599833],[17.0605672787262,52.5677458305597],[17.0604471812473,52.5677422671912],[17.0603741488522,52.5677400783635],[17.0599948090975,52.5677439196553],[17.059982313315,52.5674794501207]]]},"properties":{"case_id":"ST-WK-PO/WNIOSEK/65/2026","source_type":"wniosek_decyzja","received_date":"2025-12-30","decision_date":"2026-04-16","status":"decyzja wydana","description":"dot. remontu, przebudowy budynku mieszkalnego jenorodzinnego wolnostojącego","address":"Boduszewo","city":"Boduszewo","office":"Starosta Powiatu Poznań","case_kind":"Budynek mieszkalny jednorodzinny","parcel_ids":["302111_5.0003.154/8"],"location_quality":"dokładny","gunb_url":"https://wyszukiwarka.gunb.gov.pl/","parcel_count":1,"parcel_shard":"x068-y210","parcel_id":"302111_5.0003.154/8","location_source":"powiat poznański (wfs)"}},{"type":"Feature","id":"ST-WK-PO/WNIOSEK/7521/2026::302111_5.0003.188/7","geometry":{"type":"Polygon","coordinates":[[[17.0703974663067,52.5676847067341],[17.0701130437735,52.5670106582083],[17.0704116745847,52.5669639314324],[17.0706979159686,52.5676428467518],[17.0703974663067,52.5676847067341]]]},"properties":{"case_id":"ST-WK-PO/WNIOSEK/7521/2026","source_type":"wniosek_decyzja","received_date":"2026-04-21","decision_date":"2026-07-14","status":"decyzja wydana","description":"budowa budynku mieszkalnego jednorodzinnego","address":"Murowana Goślina","city":"Murowana Goślina","office":"Starosta Powiatu Poznań","case_kind":"Budynek mieszkalny jednorodzinny","parcel_ids":["302111_5.0003.188/7"],"location_quality":"dokładny","gunb_url":"https://wyszukiwarka.gunb.gov.pl/","parcel_count":1,"parcel_shard":"x068-y210","parcel_id":"302111_5.0003.188/7","location_source":"powiat poznański (wfs)"}},{"type":"Feature","id":"ST-WK-PO/WNIOSEK/2011/2026::302111_5.0004.21/3","geometry":{"type":"Polygon","coordinates":[[[17.018064864345,52.6534175354104],[17.0183662546661,52.6531038068575],[17.0184975531232,52.6530779977223],[17.018570218907,52.6530007686683],[17.0192021692361,52.6531184332577],[17.0190805817208,52.6533391810343],[17.018064864345,52.6534175354104]]]},"properties":{"case_id":"ST-WK-PO/WNIOSEK/2011/2026","source_type":"wniosek_decyzja","received_date":"2026-02-03","decision_date":"2026-05-08","status":"decyzja wydana","description":"dot. budowy budynku mieszkalnego jednorodzinnego wraz z urządzeniami budowlanymi w tym szczelnym zbiornikiem na nieczystości ciekłe o poj. 10 m3","address":"Długa Goślina","city":"Długa Goślina","office":"Starosta Powiatu Poznań","case_kind":"Budynek mieszkalny jednorodzinny","parcel_ids":["302111_5.0004.21/3"],"location_quality":"dokładny","gunb_url":"https://wyszukiwarka.gunb.gov.pl/","parcel_count":1,"parcel_shard":"x068-y210","parcel_id":"302111_5.0004.21/3","location_source":"powiat poznański (wfs)"}},{"type":"Feature","id":"ST-WK-PO/WNIOSEK/5890/2026::302111_5.0004.284/11","geometry":{"type":"Polygon","coordinates":[[[17.0249901353916,52.6267418442563],[17.0251813655837,52.6267737546451],[17.0253041932331,52.6267924214446],[17.025198248211,52.6271468230898],[17.0248830903506,52.6270991125574],[17.0249901353916,52.6267418442563]]]},"properties":{"case_id":"ST-WK-PO/WNIOSEK/5890/2026","source_type":"wniosek_decyzja","received_date":"2026-03-27","decision_date":"2026-06-18","status":"decyzja wydana","description":"dot. budowy zewnętrznej instalacji zbiornikowej na gaz płynny ze zbiornikiem o pojemności 2,7m3 oraz wewnętrzną instalacją gazową w budynku mieszkalnym jednorodzinnym","address":"Długa Goślina","city":"Długa Goślina","office":"Starosta Powiatu Poznań","case_kind":"Budynek mieszkalny jednorodzinny","parcel_ids":["302111_5.0004.284/11"],"location_quality":"dokładny","gunb_url":"https://wyszukiwarka.gunb.gov.pl/","parcel_count":1,"parcel_shard":"x068-y210","parcel_id":"302111_5.0004.284/11","location_source":"powiat poznański (wfs)"}},{"type":"Feature","id":"ST-WK-PO/WNIOSEK/18993/2025::302111_5.0004.337/5","geometry":{"type":"Polygon","coordinates":[[[17.0333210679732,52.6288982540632],[17.0335898938817,52.6288777989255],[17.0336040073116,52.6289478362283],[17.0325539600955,52.6290228493087],[17.032548637744,52.629009684204],[17.0329038343188,52.6289841839339],[17.0328933585803,52.6289300839849],[17.0328889845334,52.6289073999612],[17.0333169613303,52.6288768304761],[17.0333210679732,52.6288982540632]]]},"properties":{"case_id":"ST-WK-PO/WNIOSEK/18993/2025","source_type":"wniosek_decyzja","received_date":"2025-09-17","decision_date":"2025-10-21","status":"decyzja wydana","description":"rozbiórka części budynku gospodarczego","address":"Długa Goślina","city":"Długa Goślina","office":"Starosta Powiatu Poznań","case_kind":"Obiekt budowlany inny niż budynek mieszkalny jednorodzinny","parcel_ids":["302111_5.0004.337/5"],"location_quality":"dokładny","gunb_url":"https://wyszukiwarka.gunb.gov.pl/","parcel_count":1,"parcel_shard":"x068-y210","parcel_id":"302111_5.0004.337/5","location_source":"powiat poznański (wfs)"}},{"type":"Feature","id":"ST-WK-PO/WNIOSEK/18994/2025::302111_5.0004.337/6","geometry":{"type":"Polygon","coordinates":[[[17.0326903055834,52.6293639008968],[17.0325539600955,52.6290228493087],[17.0336040073116,52.6289478362283],[17.033677235694,52.6293113458316],[17.0332276958414,52.6293454275848],[17.0327766056227,52.6293796322925],[17.0326990332636,52.629385514166],[17.0326903055834,52.6293639008968]]]},"properties":{"case_id":"ST-WK-PO/WNIOSEK/18994/2025","source_type":"wniosek_decyzja","received_date":"2025-09-17","decision_date":"2025-10-21","status":"decyzja wydana","description":"rozbiórka budynku gospodarczego","address":"Długa Goślina","city":"Długa Goślina","office":"Starosta Powiatu Poznań","case_kind":"Obiekt budowlany inny niż budynek mieszkalny jednorodzinny","parcel_ids":["302111_5.0004.337/6"],"location_quality":"dokładny","gunb_url":"https://wyszukiwarka.gunb.gov.pl/","parcel_count":1,"parcel_shard":"x068-y210","parcel_id":"302111_5.0004.337/6","location_source":"powiat poznański (wfs)"}},{"type":"Feature","id":"ST-WK-PO/WNIOSEK/23858/2025::302111_5.0004.377","geometry":{"type":"Polygon","coordinates":[[[17.0348130988864,52.6328075453869],[17.0348755414876,52.6326818706823],[17.0355108111028,52.6327178707905],[17.0354497118506,52.6329590065868],[17.0351496542925,52.6330157143153],[17.034971441451,52.6330463463718],[17.0348883642907,52.6329452945819],[17.0348224177081,52.6328672134966],[17.0348130988864,52.6328075453869]]]},"properties":{"case_id":"ST-WK-PO/WNIOSEK/23858/2025","source_type":"wniosek_decyzja","received_date":"2025-11-24","decision_date":"2026-01-19","status":"decyzja wydana","description":"dot. remontu podłogi chóru w Kościele pw. Marii Magdaleny","address":"Długa Goślina","city":"Długa Goślina","office":"Starosta Powiatu Poznań","case_kind":"Obiekt budowlany inny niż budynek mieszkalny jednorodzinny","parcel_ids":["302111_5.0004.377"],"location_quality":"dokładny","gunb_url":"https://wyszukiwarka.gunb.gov.pl/","parcel_count":1,"parcel_shard":"x068-y210","parcel_id":"302111_5.0004.377","location_source":"powiat poznański (wfs)"}},{"type":"Feature","id":"ST-WK-PO/WNIOSEK/1342/2026::302111_5.0006.216/1","geometry":{"type":"Polygon","coordinates":[[[17.1117489994651,52.5734077379258],[17.1114354456508,52.5731565227051],[17.1115743341621,52.5730942931425],[17.1116429598001,52.57306353166],[17.1118008900576,52.5730590542992],[17.1120615000972,52.5732658330044],[17.1117489994651,52.5734077379258]]]},"properties":{"case_id":"ST-WK-PO/WNIOSEK/1342/2026","source_type":"wniosek_decyzja","received_date":"2026-01-23","decision_date":"2026-02-12","status":"decyzja wydana","description":"dot. remontu, przebudowy - wzmocnienie i zabezpieczenie konstrukcji budynku mieszkalnego","address":"Głęboczek","city":"Głęboczek","office":"Starosta Powiatu Poznań","case_kind":"Budynek mieszkalny jednorodzinny","parcel_ids":["302111_5.0006.216/1"],"location_quality":"dokładny","gunb_url":"https://wyszukiwarka.gunb.gov.pl/","parcel_count":1,"parcel_shard":"x068-y210","parcel_id":"302111_5.0006.216/1","location_source":"powiat poznański (wfs)"}},{"type":"Feature","id":"ST-WK-PO/WNIOSEK/7050/2026::302111_5.0007.15","geometry":{"type":"Polygon","coordinates":[[[17.0677309737866,52.5375823982471],[17.0679976618711,52.5378153200672],[17.0678214397558,52.537893208612],[17.0675570391592,52.5376621295071],[17.0677309737866,52.5375823982471]]]},"properties":{"case_id":"ST-WK-PO/WNIOSEK/7050/2026","source_type":"wniosek_decyzja","received_date":"2026-04-14","decision_date":"2026-05-11","status":"decyzja wydana","description":"dot. rozbiórki istniejącego budynku rekreacji indywidulanej oraz budowa nowego budynku rekreacji indywidualnej","address":"Sudecka 10, Kamińsko","city":"Kamińsko","office":"Starosta Powiatu Poznań","case_kind":"Obiekt budowlany inny niż budynek mieszkalny jednorodzinny","parcel_ids":["302111_5.0007.15"],"location_quality":"dokładny","gunb_url":"https://wyszukiwarka.gunb.gov.pl/","parcel_count":1,"parcel_shard":"x068-y210","parcel_id":"302111_5.0007.15","location_source":"powiat poznański (wfs)"}},{"type":"Feature","id":"ST-WK-PO/WNIOSEK/7680/2026::302111_5.0007.315/4","geometry":{"type":"Polygon","coordinates":[[[17.0599322464733,52.5301754978587],[17.0609488818663,52.5298611843526],[17.061507667645,52.5304575366624],[17.062777353002,52.531817437694],[17.0623296737143,52.5320780361807],[17.0619915144036,52.5321992052752],[17.0606875670262,52.5309054419972],[17.0602665618959,52.5305169834708],[17.0600979661418,52.530351442154],[17.0599322464733,52.5301754978587]]]},"properties":{"case_id":"ST-WK-PO/WNIOSEK/7680/2026","source_type":"wniosek_decyzja","received_date":"2026-04-23","decision_date":"2026-05-18","status":"decyzja wydana","description":"dot rozbiórki budynku mieszkalnego jednorodzinnego,","address":"Sosnowa, Kamińsko","city":"Kamińsko","office":"Starosta Powiatu Poznań","case_kind":"Budynek mieszkalny jednorodzinny","parcel_ids":["302111_5.0007.315/4"],"location_quality":"dokładny","gunb_url":"https://wyszukiwarka.gunb.gov.pl/","parcel_count":1,"parcel_shard":"x068-y210","parcel_id":"302111_5.0007.315/4","location_source":"powiat poznański (wfs)"}},{"type":"Feature","id":"ST-WK-PO/WNIOSEK/24468/2025::302111_5.0007.381/3","geometry":{"type":"Polygon","coordinates":[[[17.0506462104567,52.5366231672114],[17.0508451754403,52.5368242726434],[17.0506835238585,52.5368680245669],[17.0504929601804,52.5366770284132],[17.0506462104567,52.5366231672114]]]},"properties":{"case_id":"ST-WK-PO/WNIOSEK/24468/2025","source_type":"wniosek_decyzja","received_date":"2025-12-02","decision_date":"2026-04-10","status":"decyzja wydana","description":"Wniosek o pozwolenie na budowę domu wolnostojącego jednorodzinnego, budynku mieszkalnego","address":"Kamińsko","city":"Kamińsko","office":"Starosta Powiatu Poznań","case_kind":"Budynek mieszkalny jednorodzinny","parcel_ids":["302111_5.0007.381/3","302111_5.0007.381/4"],"location_quality":"dokładny","gunb_url":"https://wyszukiwarka.gunb.gov.pl/","parcel_count":2,"parcel_shard":"x068-y210","parcel_id":"302111_5.0007.381/3","location_source":"powiat poznański (wfs)"}},{"type":"Feature","id":"ST-WK-PO/WNIOSEK/24468/2025::302111_5.0007.381/4","geometry":{"type":"Polygon","coordinates":[[[17.0510027854285,52.5367816143104],[17.0508451754403,52.5368242726434],[17.0506462104567,52.5366231672114],[17.0508215538652,52.5365615407855],[17.0508986502694,52.5365899440108],[17.0510027854285,52.5367816143104]]]},"properties":{"case_id":"ST-WK-PO/WNIOSEK/24468/2025","source_type":"wniosek_decyzja","received_date":"2025-12-02","decision_date":"2026-04-10","status":"decyzja wydana","description":"Wniosek o pozwolenie na budowę domu wolnostojącego jednorodzinnego, budynku mieszkalnego","address":"Kamińsko","city":"Kamińsko","office":"Starosta Powiatu Poznań","case_kind":"Budynek mieszkalny jednorodzinny","parcel_ids":["302111_5.0007.381/3","302111_5.0007.381/4"],"location_quality":"dokładny","gunb_url":"https://wyszukiwarka.gunb.gov.pl/","parcel_count":2,"parcel_shard":"x068-y210","parcel_id":"302111_5.0007.381/4","location_source":"powiat poznański (wfs)"}},{"type":"Feature","id":"ST-WK-PO/WNIOSEK/22907/2025::302111_5.0007.451/4","geometry":{"type":"Polygon","coordinates":[[[17.0703419787146,52.5288534129629],[17.069500965498,52.5279607214955],[17.0696757995271,52.5279299204164],[17.0700430684587,52.5278652202441],[17.0705089527554,52.5283074465167],[17.0708731096212,52.5287196246164],[17.0703419787146,52.5288534129629]]]},"properties":{"case_id":"ST-WK-PO/WNIOSEK/22907/2025","source_type":"wniosek_decyzja","received_date":"2025-11-07","decision_date":"2025-12-03","status":"decyzja wydana","description":"budowa świetlicy wiejskiej","address":"Pławno","city":"Pławno","office":"Starosta Powiatu Poznań","case_kind":"Obiekt budowlany inny niż budynek mieszkalny jednorodzinny","parcel_ids":["302111_5.0007.451/4"],"location_quality":"dokładny","gunb_url":"https://wyszukiwarka.gunb.gov.pl/","parcel_count":1,"parcel_shard":"x068-y210","parcel_id":"302111_5.0007.451/4","location_source":"powiat poznański (wfs)"}},{"type":"Feature","id":"ST-WK-PO/WNIOSEK/24963/2025::302111_5.0007.467/6","geometry":{"type":"Polygon","coordinates":[[[17.0720415159219,52.5276271692537],[17.0720175486952,52.5279346543227],[17.0713026498194,52.5279183169291],[17.071534485855,52.5277229816999],[17.0715968654565,52.5276224598646],[17.0720415159219,52.5276271692537]]]},"properties":{"case_id":"ST-WK-PO/WNIOSEK/24963/2025","source_type":"wniosek_decyzja","received_date":"2025-12-08","decision_date":"2026-03-04","status":"decyzja wydana","description":"zmiana decyzji nr 2061/13 z dnia 17.05.2013r. znak AB.6740.04.49.2013.II dot. budowy budynku mieszkalnego jednorodzinnego oraz zbiornika bezodpływowego","address":"Kamińsko","city":"Kamińsko","office":"Starosta Powiatu Poznań","case_kind":"Budynek mieszkalny jednorodzinny","parcel_ids":["302111_5.0007.467/6"],"location_quality":"dokładny","gunb_url":"https://wyszukiwarka.gunb.gov.pl/","parcel_count":1,"parcel_shard":"x068-y210","parcel_id":"302111_5.0007.467/6","location_source":"powiat poznański (wfs)"}},{"type":"Feature","id":"ST-WK-PO/WNIOSEK/4745/2026::302111_5.0007.49","geometry":{"type":"Polygon","coordinates":[[[17.066326625604,52.5359023278062],[17.0665621207127,52.5361130477282],[17.0663918557028,52.5361887231588],[17.0661562819817,52.5359771114692],[17.066326625604,52.5359023278062]]]},"properties":{"case_id":"ST-WK-PO/WNIOSEK/4745/2026","source_type":"wniosek_decyzja","received_date":"2026-03-13","decision_date":"2026-06-24","status":"decyzja wydana","description":"dot. przebudowy, rozbudowy i nadbudowy budynku rekreacji indywidualnej (kategoria XIV)","address":"Kamińsko","city":"Kamińsko","office":"Starosta Powiatu Poznań","case_kind":"Obiekt budowlany inny niż budynek mieszkalny jednorodzinny","parcel_ids":["302111_5.0007.49"],"location_quality":"dokładny","gunb_url":"https://wyszukiwarka.gunb.gov.pl/","parcel_count":1,"parcel_shard":"x068-y210","parcel_id":"302111_5.0007.49","location_source":"powiat poznański (wfs)"}},{"type":"Feature","id":"ST-WK-PO/WNIOSEK/1478/2026::302111_5.0007.658","geometry":{"type":"Polygon","coordinates":[[[17.0587437578216,52.538339986477],[17.0588948426226,52.5385930540349],[17.0589086706959,52.5386207456254],[17.0587703582675,52.5386513101147],[17.0586156151442,52.5385219682767],[17.0585369364568,52.5383864976123],[17.0587437578216,52.538339986477]]]},"properties":{"case_id":"ST-WK-PO/WNIOSEK/1478/2026","source_type":"wniosek_decyzja","received_date":"2026-01-27","decision_date":"2026-03-27","status":"decyzja wydana","description":"dot. budowy budynku letniskowego wolnostojącego z ujęciem wody","address":"Kamińsko","city":"Kamińsko","office":"Starosta Powiatu Poznań","case_kind":"Obiekt budowlany inny niż budynek mieszkalny jednorodzinny","parcel_ids":["302111_5.0007.658"],"location_quality":"dokładny","gunb_url":"https://wyszukiwarka.gunb.gov.pl/","parcel_count":1,"parcel_shard":"x068-y210","parcel_id":"302111_5.0007.658","location_source":"powiat poznański (wfs)"}},{"type":"Feature","id":"ST-WK-PO/WNIOSEK/22564/2025::302111_5.0008.106/144","geometry":{"type":"Polygon","coordinates":[[[17.1153134424458,52.6174079207156],[17.1149673695363,52.6177085854081],[17.114725298814,52.6176159223481],[17.1150853651292,52.6172674818685],[17.1152942295582,52.6173474152198],[17.1153134424458,52.6174079207156]]]},"properties":{"case_id":"ST-WK-PO/WNIOSEK/22564/2025","source_type":"wniosek_decyzja","received_date":"2025-11-03","decision_date":"2025-12-11","status":"decyzja wydana","description":"dot. budowy budynku mieszkalnego jednorodzinnego","address":"Opieńkowa, Łopuchowo","city":"Łopuchowo","office":"Starosta Powiatu Poznań","case_kind":"Budynek mieszkalny jednorodzinny","parcel_ids":["302111_5.0008.106/144"],"location_quality":"dokładny","gunb_url":"https://wyszukiwarka.gunb.gov.pl/","parcel_count":1,"parcel_shard":"x068-y210","parcel_id":"302111_5.0008.106/144","location_source":"powiat poznański (wfs)"}},{"type":"Feature","id":"ST-WK-PO/WNIOSEK/3079/2026::302111_5.0008.12/1329","geometry":{"type":"Polygon","coordinates":[[[17.0840085995048,52.6158608719781],[17.0838793982591,52.6156557687067],[17.0841334561557,52.6155879010343],[17.0842967491137,52.6158151069782],[17.0840802553862,52.6158730197953],[17.0840085995048,52.6158608719781]]]},"properties":{"case_id":"ST-WK-PO/WNIOSEK/3079/2026","source_type":"wniosek_decyzja","received_date":"2026-02-19","decision_date":"2026-05-05","status":"decyzja wydana","description":"dot. budowy budynku mieszkalnego jednorodzinnego w zabudowie bliźniaczej","address":"Łopuchowo","city":"Łopuchowo","office":"Starosta Powiatu Poznań","case_kind":"Budynek mieszkalny jednorodzinny","parcel_ids":["302111_5.0008.12/1329"],"location_quality":"dokładny","gunb_url":"https://wyszukiwarka.gunb.gov.pl/","parcel_count":1,"parcel_shard":"x068-y210","parcel_id":"302111_5.0008.12/1329","location_source":"powiat poznański (wfs)"}},{"type":"Feature","id":"ST-WK-PO/WNIOSEK/9923/2026::302111_5.0008.12/78","geometry":{"type":"Polygon","coordinates":[[[17.0869470762517,52.6109596228906],[17.0865453147065,52.6113157524775],[17.0862714579768,52.6112012975987],[17.0866726189879,52.6108457035435],[17.0869470762517,52.6109596228906]]]},"properties":{"case_id":"ST-WK-PO/WNIOSEK/9923/2026","source_type":"wniosek_decyzja","received_date":"2026-05-25","decision_date":"2026-08-07","status":"decyzja wydana","description":"budowa budynku mieszkalnego jednorodzinnego wolnostojącego oraz budynku garażowego","address":"Łopuchowo","city":"Łopuchowo","office":"Starosta Powiatu Poznań","case_kind":"Budynek mieszkalny jednorodzinny","parcel_ids":["302111_5.0008.12/78"],"location_quality":"dokładny","gunb_url":"https://wyszukiwarka.gunb.gov.pl/","parcel_count":1,"parcel_shard":"x068-y210","parcel_id":"302111_5.0008.12/78","location_source":"powiat poznański (wfs)"}},{"type":"Feature","id":"ST-WK-PO/WNIOSEK/4956/2026::302111_5.0008.9/25","geometry":{"type":"Polygon","coordinates":[[[17.0895608897781,52.6173657513408],[17.0899655686689,52.6176534015236],[17.0911617577681,52.6185036357318],[17.0913340680401,52.6186258913266],[17.0891579636733,52.6197975100027],[17.0878128372421,52.6188543215436],[17.0873512158699,52.6185306245346],[17.087461717742,52.6184724492072],[17.0885722960444,52.6178868959939],[17.0885865700216,52.6178972718143],[17.0888130102566,52.6177787427045],[17.0887978477445,52.6177681003795],[17.0889399366028,52.617693186154],[17.0895608897781,52.6173657513408]]]},"properties":{"case_id":"ST-WK-PO/WNIOSEK/4956/2026","source_type":"wniosek_decyzja","received_date":"2026-03-17","decision_date":"2026-04-29","status":"decyzja wydana","description":"wniosku o pozwolenie na przebudowę wolnostojącej wieży antenowej stanowiącej nośnik instalacji radiokomunikacyjnej nr BT32052C w zakresie instalacji dodatkowych elementów zakratowania konstrukcji wieży oraz wymiana śrub","address":"25, Łopuchowo","city":"Łopuchowo","office":"Starosta Powiatu Poznań","case_kind":"Obiekt budowlany inny niż budynek mieszkalny jednorodzinny","parcel_ids":["302111_5.0008.9/25"],"location_quality":"dokładny","gunb_url":"https://wyszukiwarka.gunb.gov.pl/","parcel_count":1,"parcel_shard":"x068-y210","parcel_id":"302111_5.0008.9/25","location_source":"powiat poznański (wfs)"}},{"type":"Feature","id":"ST-WK-PO/WNIOSEK/19499/2025::302111_5.0009.18","geometry":{"type":"Polygon","coordinates":[[[17.0586898138273,52.6652860957879],[17.0586984984408,52.6650814327941],[17.0586655795395,52.6646734149705],[17.0586507366775,52.6644904942326],[17.0586033910674,52.6642580106742],[17.0585504183386,52.6641097119018],[17.0584858219678,52.6639927225806],[17.0584285153685,52.6638890904778],[17.0583824280047,52.6638239274186],[17.0582787619636,52.6637400882029],[17.0581430082826,52.6636291562145],[17.0580965373315,52.6635911907426],[17.057811716441,52.6633805734169],[17.0574271379883,52.6630449993091],[17.057209143499,52.6629058533009],[17.0571019285639,52.6628407746958],[17.0569181436784,52.6627339366058],[17.0567804646606,52.6625512975627],[17.0567472063412,52.6625071782509],[17.0565008849287,52.6619612516322],[17.0564295343778,52.6617739261822],[17.0563639890297,52.6617014155174],[17.0561806448312,52.661498189209],[17.0560108783378,52.661309821115],[17.0558473813696,52.6610874481256],[17.0555697729191,52.6605398665409],[17.0554082374603,52.6601484540787],[17.0549258968998,52.6589337394486],[17.0549050759494,52.6588672696477],[17.0542881436561,52.6572449799002],[17.0541441612821,52.6568758501872],[17.0541206460054,52.6567740736225],[17.0537451260356,52.656316063253],[17.0534472018575,52.6560629446825],[17.0533921163044,52.6559826280665],[17.0530988585457,52.6557472063219],[17.0529696122072,52.6556434487937],[17.0525217777145,52.6554406823455],[17.0522580894868,52.6552679777363],[17.0521302428292,52.6551913299253],[17.0509749227829,52.6547218845026],[17.0500219500863,52.654261224791],[17.0496075655471,52.6540534705098],[17.0490163253992,52.6538834877295],[17.0489804727402,52.6538687657976],[17.0487984426986,52.6538191324504],[17.0482303179134,52.6536642119325],[17.0479522255743,52.653533099019],[17.047944618223,52.6535295328207],[17.0476663088013,52.6533472792813],[17.0474611302799,52.6531661521753],[17.0470902881202,52.65277272948],[17.0466089285172,52.6524041348462],[17.0464115930155,52.652224643991],[17.0462718913073,52.6520970997528],[17.0456795554817,52.6515533129564],[17.0454971586174,52.6513942411139],[17.0451547043332,52.651125320736],[17.0448240958242,52.6508948350122],[17.0443656735779,52.6505961728801],[17.0439642845491,52.6503604763825],[17.0438813811195,52.6503117878759],[17.0435723214848,52.6501291325775],[17.0434032874762,52.6499908003286],[17.0430801434349,52.6496791328845],[17.0428015998144,52.6493824203298],[17.0425812464759,52.6491366953943],[17.0425223766175,52.6490709892466],[17.0425257213441,52.6489062631219],[17.0433507899624,52.6497510499876],[17.0436308051487,52.6500053581132],[17.0437337933917,52.6500691772803],[17.0442580327789,52.6503939702726],[17.0442670939097,52.6503995142759],[17.0444033249904,52.6504848302872],[17.0444724058055,52.6505280244674],[17.0445413389844,52.6505712190741],[17.044716346474,52.6506808597576],[17.044753041665,52.6507038431072],[17.045158091321,52.6509824489787],[17.0453200282121,52.6511013868044],[17.045598716762,52.6513082165331],[17.0457581274127,52.6514601459011],[17.0459636050939,52.6516420389518],[17.0464193494692,52.6520413639841],[17.0464963455923,52.6521155672894],[17.0468532366603,52.6524327875175],[17.0472137005704,52.6527716269386],[17.0475858041564,52.6531216774813],[17.0477808176506,52.6532931820992],[17.048043498533,52.6534656426764],[17.0482933724418,52.6535837519372],[17.048429429752,52.6536316995268],[17.0497055087936,52.6539739971396],[17.0499818153566,52.6541322286565],[17.0503095927859,52.6542970507092],[17.0503649150839,52.6543247413901],[17.0508455162255,52.6545680809943],[17.0511862290448,52.6547125755959],[17.0516858824495,52.6549145783118],[17.0525507196005,52.6552804956046],[17.0530624013833,52.655512568501],[17.0532807349882,52.6556622978513],[17.0539117554219,52.6562961643587],[17.0542321515438,52.6567748855086],[17.0542741355592,52.656825708852],[17.0545256558345,52.6575408280112],[17.0550562458,52.6589267158613],[17.0556562677126,52.6604664178223],[17.0556701729061,52.6605016940614],[17.055683928753,52.6605367910342],[17.0558195403558,52.6608847111551],[17.0559838969615,52.6611269702701],[17.0561261929269,52.6612744195642],[17.0561713852581,52.6613242099834],[17.0564129379113,52.6615905417094],[17.0565237994079,52.6617551740948],[17.056551012173,52.6617956541157],[17.0566102491603,52.6619346209316],[17.0568148469901,52.6624055895973],[17.0569416868837,52.6625648768392],[17.0571336058114,52.6627158630935],[17.057577297166,52.6629917741362],[17.0578339648834,52.6633108777202],[17.0581533955238,52.6635243931295],[17.0583240401356,52.6635763111364],[17.0583423116262,52.663599643707],[17.0584634258725,52.6637537653226],[17.0585988583902,52.6639038677215],[17.0587056802173,52.6640854252814],[17.0587719932561,52.6642614708325],[17.058819314805,52.6648089074773],[17.0588332841283,52.6650759424846],[17.0588170460775,52.6652881847485],[17.0586898138273,52.6652860957879]]]},"properties":{"case_id":"ST-WK-PO/WNIOSEK/19499/2025","source_type":"wniosek_decyzja","received_date":"2025-09-24","decision_date":"2025-12-18","status":"decyzja wydana","description":"dot. wniosek o pozwolenie na budowę linii kablowej nn 0,4 kV","address":"Łoskoń Stary","city":"Łoskoń Stary","office":"Starosta Powiatu Poznań","case_kind":"Obiekt budowlany inny niż budynek mieszkalny jednorodzinny","parcel_ids":["302111_5.0009.18","302111_5.0009.45/3","302111_5.0009.45/4","302111_5.0009.45/5","302111_5.0009.45/6","302111_5.0009.45/9","302111_5.0009.54/3"],"location_quality":"dokładny","gunb_url":"https://wyszukiwarka.gunb.gov.pl/","parcel_count":7,"parcel_shard":"x068-y210","parcel_id":"302111_5.0009.18","location_source":"powiat poznański (wfs)"}},{"type":"Feature","id":"ST-WK-PO/WNIOSEK/19499/2025::302111_5.0009.45/3","geometry":{"type":"Polygon","coordinates":[[[17.0465196765694,52.6544463826616],[17.0469895192214,52.6542482156931],[17.0474105776721,52.6546080406354],[17.0473818379985,52.6546247957469],[17.0470060987364,52.6548450211696],[17.0465801013459,52.6545152627919],[17.0465196765694,52.6544463826616]]]},"properties":{"case_id":"ST-WK-PO/WNIOSEK/19499/2025","source_type":"wniosek_decyzja","received_date":"2025-09-24","decision_date":"2025-12-18","status":"decyzja wydana","description":"dot. wniosek o pozwolenie na budowę linii kablowej nn 0,4 kV","address":"Łoskoń Stary","city":"Łoskoń Stary","office":"Starosta Powiatu Poznań","case_kind":"Obiekt budowlany inny niż budynek mieszkalny jednorodzinny","parcel_ids":["302111_5.0009.18","302111_5.0009.45/3","302111_5.0009.45/4","302111_5.0009.45/5","302111_5.0009.45/6","302111_5.0009.45/9","302111_5.0009.54/3"],"location_quality":"dokładny","gunb_url":"https://wyszukiwarka.gunb.gov.pl/","parcel_count":7,"parcel_shard":"x068-y210","parcel_id":"302111_5.0009.45/3","location_source":"powiat poznański (wfs)"}},{"type":"Feature","id":"ST-WK-PO/WNIOSEK/19499/2025::302111_5.0009.45/4","geometry":{"type":"Polygon","coordinates":[[[17.0469384174739,52.6540496329746],[17.0474015649133,52.6544447573669],[17.0475373488969,52.6544462981851],[17.0477925757955,52.6542968220713],[17.0478560579638,52.6542658763298],[17.0482602379002,52.6540694235796],[17.0487983540962,52.6538640686377],[17.0487984426986,52.6538191324504],[17.0489804727402,52.6538687657976],[17.0483203066207,52.6541207745675],[17.0480395938026,52.6542574477108],[17.0478610107106,52.6543440164535],[17.0474105776721,52.6546080406354],[17.0469895192214,52.6542482156931],[17.0469295977129,52.6541969550848],[17.0468781344258,52.6541916879886],[17.0467884790276,52.6541145741082],[17.0469384174739,52.6540496329746]]]},"properties":{"case_id":"ST-WK-PO/WNIOSEK/19499/2025","source_type":"wniosek_decyzja","received_date":"2025-09-24","decision_date":"2025-12-18","status":"decyzja wydana","description":"dot. wniosek o pozwolenie na budowę linii kablowej nn 0,4 kV","address":"Łoskoń Stary","city":"Łoskoń Stary","office":"Starosta Powiatu Poznań","case_kind":"Obiekt budowlany inny niż budynek mieszkalny jednorodzinny","parcel_ids":["302111_5.0009.18","302111_5.0009.45/3","302111_5.0009.45/4","302111_5.0009.45/5","302111_5.0009.45/6","302111_5.0009.45/9","302111_5.0009.54/3"],"location_quality":"dokładny","gunb_url":"https://wyszukiwarka.gunb.gov.pl/","parcel_count":7,"parcel_shard":"x068-y210","parcel_id":"302111_5.0009.45/4","location_source":"powiat poznański (wfs)"}},{"type":"Feature","id":"ST-WK-PO/WNIOSEK/19499/2025::302111_5.0009.45/5","geometry":{"type":"Polygon","coordinates":[[[17.0469384174739,52.6540496329746],[17.0473026077347,52.6538640960815],[17.0478560579638,52.6542658763298],[17.0477925757955,52.6542968220713],[17.0475373488969,52.6544462981851],[17.0474015649133,52.6544447573669],[17.0469384174739,52.6540496329746]]]},"properties":{"case_id":"ST-WK-PO/WNIOSEK/19499/2025","source_type":"wniosek_decyzja","received_date":"2025-09-24","decision_date":"2025-12-18","status":"decyzja wydana","description":"dot. wniosek o pozwolenie na budowę linii kablowej nn 0,4 kV","address":"Łoskoń Stary","city":"Łoskoń Stary","office":"Starosta Powiatu Poznań","case_kind":"Obiekt budowlany inny niż budynek mieszkalny jednorodzinny","parcel_ids":["302111_5.0009.18","302111_5.0009.45/3","302111_5.0009.45/4","302111_5.0009.45/5","302111_5.0009.45/6","302111_5.0009.45/9","302111_5.0009.54/3"],"location_quality":"dokładny","gunb_url":"https://wyszukiwarka.gunb.gov.pl/","parcel_count":7,"parcel_shard":"x068-y210","parcel_id":"302111_5.0009.45/5","location_source":"powiat poznański (wfs)"}},{"type":"Feature","id":"ST-WK-PO/WNIOSEK/19499/2025::302111_5.0009.45/6","geometry":{"type":"Polygon","coordinates":[[[17.0473026077347,52.6538640960815],[17.0473972046646,52.6538158753315],[17.0476990742399,52.6536621009242],[17.0482602379002,52.6540694235796],[17.0478560579638,52.6542658763298],[17.0473026077347,52.6538640960815]]]},"properties":{"case_id":"ST-WK-PO/WNIOSEK/19499/2025","source_type":"wniosek_decyzja","received_date":"2025-09-24","decision_date":"2025-12-18","status":"decyzja wydana","description":"dot. wniosek o pozwolenie na budowę linii kablowej nn 0,4 kV","address":"Łoskoń Stary","city":"Łoskoń Stary","office":"Starosta Powiatu Poznań","case_kind":"Obiekt budowlany inny niż budynek mieszkalny jednorodzinny","parcel_ids":["302111_5.0009.18","302111_5.0009.45/3","302111_5.0009.45/4","302111_5.0009.45/5","302111_5.0009.45/6","302111_5.0009.45/9","302111_5.0009.54/3"],"location_quality":"dokładny","gunb_url":"https://wyszukiwarka.gunb.gov.pl/","parcel_count":7,"parcel_shard":"x068-y210","parcel_id":"302111_5.0009.45/6","location_source":"powiat poznański (wfs)"}},{"type":"Feature","id":"ST-WK-PO/WNIOSEK/19499/2025::302111_5.0009.45/9","geometry":{"type":"Polygon","coordinates":[[[17.0473972046646,52.6538158753315],[17.0473026077347,52.6538640960815],[17.0469384174739,52.6540496329746],[17.0467884790276,52.6541145741082],[17.0463599326402,52.6537461486302],[17.0469051532317,52.653458984384],[17.0473972046646,52.6538158753315]]]},"properties":{"case_id":"ST-WK-PO/WNIOSEK/19499/2025","source_type":"wniosek_decyzja","received_date":"2025-09-24","decision_date":"2025-12-18","status":"decyzja wydana","description":"dot. wniosek o pozwolenie na budowę linii kablowej nn 0,4 kV","address":"Łoskoń Stary","city":"Łoskoń Stary","office":"Starosta Powiatu Poznań","case_kind":"Obiekt budowlany inny niż budynek mieszkalny jednorodzinny","parcel_ids":["302111_5.0009.18","302111_5.0009.45/3","302111_5.0009.45/4","302111_5.0009.45/5","302111_5.0009.45/6","302111_5.0009.45/9","302111_5.0009.54/3"],"location_quality":"dokładny","gunb_url":"https://wyszukiwarka.gunb.gov.pl/","parcel_count":7,"parcel_shard":"x068-y210","parcel_id":"302111_5.0009.45/9","location_source":"powiat poznański (wfs)"}},{"type":"Feature","id":"ST-WK-PO/WNIOSEK/19499/2025::302111_5.0009.54/3","geometry":{"type":"Polygon","coordinates":[[[17.0518914357349,52.6528617787972],[17.0516633622239,52.6532165586152],[17.0511206193428,52.6533688251305],[17.0513220636665,52.6537023536721],[17.0499818153566,52.6541322286565],[17.0497055087936,52.6539739971396],[17.048429429752,52.6536316995268],[17.0487402683268,52.653702441765],[17.0495751311633,52.6538560406849],[17.0506577297661,52.653439281441],[17.0510386688308,52.6532585627631],[17.0518914357349,52.6528617787972]]]},"properties":{"case_id":"ST-WK-PO/WNIOSEK/19499/2025","source_type":"wniosek_decyzja","received_date":"2025-09-24","decision_date":"2025-12-18","status":"decyzja wydana","description":"dot. wniosek o pozwolenie na budowę linii kablowej nn 0,4 kV","address":"Łoskoń Stary","city":"Łoskoń Stary","office":"Starosta Powiatu Poznań","case_kind":"Obiekt budowlany inny niż budynek mieszkalny jednorodzinny","parcel_ids":["302111_5.0009.18","302111_5.0009.45/3","302111_5.0009.45/4","302111_5.0009.45/5","302111_5.0009.45/6","302111_5.0009.45/9","302111_5.0009.54/3"],"location_quality":"dokładny","gunb_url":"https://wyszukiwarka.gunb.gov.pl/","parcel_count":7,"parcel_shard":"x068-y210","parcel_id":"302111_5.0009.54/3","location_source":"powiat poznański (wfs)"}},{"type":"Feature","id":"ST-WK-PO/WNIOSEK/4952/2026::302111_5.0013.12/5","geometry":{"type":"Polygon","coordinates":[[[17.0281989064149,52.5661756147169],[17.0279698932427,52.566407230694],[17.0279602022279,52.5664052637551],[17.0269653988065,52.5662038607844],[17.0269975307343,52.5661715001297],[17.0273491154543,52.5658130903761],[17.0281734204912,52.5661142004941],[17.0281989064149,52.5661756147169]]]},"properties":{"case_id":"ST-WK-PO/WNIOSEK/4952/2026","source_type":"wniosek_decyzja","received_date":"2026-03-17","decision_date":"2026-05-22","status":"decyzja wydana","description":"wniosku o pozwolenie na budowę budynku mieszkalnego jednorodzinnego wolnostojącego PX wraz z instalacjami wewnętrznymi i zewnętrznymi","address":"Rakownia","city":"Rakownia","office":"Starosta Powiatu Poznań","case_kind":"Budynek mieszkalny jednorodzinny","parcel_ids":["302111_5.0013.12/5"],"location_quality":"dokładny","gunb_url":"https://wyszukiwarka.gunb.gov.pl/","parcel_count":1,"parcel_shard":"x068-y210","parcel_id":"302111_5.0013.12/5","location_source":"powiat poznański (wfs)"}},{"type":"Feature","id":"ST-WK-PO/WNIOSEK/24305/2025::302111_5.0013.160/15","geometry":{"type":"Polygon","coordinates":[[[17.0328196920954,52.5619332340339],[17.032792407478,52.5618428991754],[17.0326778062828,52.5614627913447],[17.0326225801424,52.5612812788686],[17.0325186807213,52.5609373004438],[17.0324164736241,52.5605965250847],[17.0323620299136,52.5604146098435],[17.0322580376918,52.5600704710878],[17.0321529410572,52.5597264680819],[17.0321000499022,52.5595499699663],[17.0319967309242,52.5592057116953],[17.0318913044844,52.5588568075647],[17.0318054634966,52.5588209145045],[17.0319650269028,52.5588050844116],[17.0320876504027,52.5592118630554],[17.032371092564,52.5601505953851],[17.032377310754,52.5601716081387],[17.0325151607699,52.5606358627424],[17.0325414786036,52.5607162243083],[17.0327075680201,52.5612610139096],[17.0329078040463,52.5619235295535],[17.0328196920954,52.5619332340339]]]},"properties":{"case_id":"ST-WK-PO/WNIOSEK/24305/2025","source_type":"wniosek_decyzja","received_date":"2025-11-28","decision_date":"2026-01-22","status":"decyzja wydana","description":"dot. budowy sieci elektroenergetycznej nn 0,5 kV (oświetleniowa)","address":"Rakownia","city":"Rakownia","office":"Starosta Powiatu Poznań","case_kind":"Obiekt budowlany inny niż budynek mieszkalny jednorodzinny","parcel_ids":["302111_5.0013.160/15","302111_5.0013.160/21","302111_5.0013.160/35","302111_5.0013.160/8","302111_5.0013.28/14","302111_5.0013.28/7","302111_5.0013.29/1","302111_5.0013.29/2","302111_5.0013.31/10","302111_5.0013.31/9","302111_5.0013.32/11","302111_5.0013.32/12"],"location_quality":"dokładny","gunb_url":"https://wyszukiwarka.gunb.gov.pl/","parcel_count":12,"parcel_shard":"x068-y210","parcel_id":"302111_5.0013.160/15","location_source":"powiat poznański (wfs)"}},{"type":"Feature","id":"ST-WK-PO/WNIOSEK/24305/2025::302111_5.0013.160/21","geometry":{"type":"Polygon","coordinates":[[[17.0324164736241,52.5605965250847],[17.0323306437367,52.5605604739325],[17.0320260928016,52.5605945603354],[17.0316779288564,52.5606335412531],[17.0313299116567,52.5606725206858],[17.0309817468739,52.5607115893646],[17.0306333343285,52.5607467930653],[17.0302851638842,52.5607862731601],[17.0302643203707,52.5607885290675],[17.0301765558632,52.5608522378084],[17.0302348891196,52.560658597945],[17.0302942665189,52.5606944951549],[17.0309543266098,52.5606197219486],[17.0313023363052,52.5605802969801],[17.0316513604238,52.5605407559894],[17.0319984988826,52.5605014275311],[17.0323028607907,52.5604669444752],[17.0323620299136,52.5604146098435],[17.0324164736241,52.5605965250847]]]},"properties":{"case_id":"ST-WK-PO/WNIOSEK/24305/2025","source_type":"wniosek_decyzja","received_date":"2025-11-28","decision_date":"2026-01-22","status":"decyzja wydana","description":"dot. budowy sieci elektroenergetycznej nn 0,5 kV (oświetleniowa)","address":"Rakownia","city":"Rakownia","office":"Starosta Powiatu Poznań","case_kind":"Obiekt budowlany inny niż budynek mieszkalny jednorodzinny","parcel_ids":["302111_5.0013.160/15","302111_5.0013.160/21","302111_5.0013.160/35","302111_5.0013.160/8","302111_5.0013.28/14","302111_5.0013.28/7","302111_5.0013.29/1","302111_5.0013.29/2","302111_5.0013.31/10","302111_5.0013.31/9","302111_5.0013.32/11","302111_5.0013.32/12"],"location_quality":"dokładny","gunb_url":"https://wyszukiwarka.gunb.gov.pl/","parcel_count":12,"parcel_shard":"x068-y210","parcel_id":"302111_5.0013.160/21","location_source":"powiat poznański (wfs)"}},{"type":"Feature","id":"ST-WK-PO/WNIOSEK/24305/2025::302111_5.0013.160/35","geometry":{"type":"Polygon","coordinates":[[[17.03055558394,52.5621822116589],[17.0305298133792,52.5620963652732],[17.0304654371526,52.5618804533755],[17.030374437158,52.5615797943188],[17.0305190271697,52.5615635425603],[17.0308682173353,52.5615284802145],[17.0312163862612,52.5614894113498],[17.0315645549706,52.5614504312677],[17.0319125754405,52.5614114505781],[17.0322585494748,52.5613675905285],[17.0325630550658,52.5613332131473],[17.0326225801424,52.5612812788686],[17.0326778062828,52.5614627913447],[17.0325919752773,52.5614267405521],[17.0322865483506,52.5614554127257],[17.0319374791348,52.561495339724],[17.0315912330498,52.5615388811232],[17.0312430639806,52.5615778613539],[17.0306178305927,52.5616440709472],[17.0305588772734,52.5616958956631],[17.0306100320739,52.561864021806],[17.0306747996437,52.5620801097712],[17.0307008682447,52.5621663147156],[17.03055558394,52.5621822116589]]]},"properties":{"case_id":"ST-WK-PO/WNIOSEK/24305/2025","source_type":"wniosek_decyzja","received_date":"2025-11-28","decision_date":"2026-01-22","status":"decyzja wydana","description":"dot. budowy sieci elektroenergetycznej nn 0,5 kV (oświetleniowa)","address":"Rakownia","city":"Rakownia","office":"Starosta Powiatu Poznań","case_kind":"Obiekt budowlany inny niż budynek mieszkalny jednorodzinny","parcel_ids":["302111_5.0013.160/15","302111_5.0013.160/21","302111_5.0013.160/35","302111_5.0013.160/8","302111_5.0013.28/14","302111_5.0013.28/7","302111_5.0013.29/1","302111_5.0013.29/2","302111_5.0013.31/10","302111_5.0013.31/9","302111_5.0013.32/11","302111_5.0013.32/12"],"location_quality":"dokładny","gunb_url":"https://wyszukiwarka.gunb.gov.pl/","parcel_count":12,"parcel_shard":"x068-y210","parcel_id":"302111_5.0013.160/35","location_source":"powiat poznański (wfs)"}},{"type":"Feature","id":"ST-WK-PO/WNIOSEK/24305/2025::302111_5.0013.160/8","geometry":{"type":"Polygon","coordinates":[[[17.0321529410572,52.5597264680819],[17.0320673165229,52.5596904470905],[17.0317632165117,52.5597247195326],[17.0314156528411,52.5597638483912],[17.0310680885626,52.5598029762316],[17.0307205157663,52.5598424624735],[17.0306780832362,52.5597002019524],[17.0306671997885,52.559665420974],[17.0310138885514,52.5596258377767],[17.0310409885047,52.5597144070073],[17.0313886975663,52.5596753703145],[17.0317365514859,52.5596364236592],[17.032040796383,52.5596022423449],[17.0321000499022,52.5595499699663],[17.0321529410572,52.5597264680819]]]},"properties":{"case_id":"ST-WK-PO/WNIOSEK/24305/2025","source_type":"wniosek_decyzja","received_date":"2025-11-28","decision_date":"2026-01-22","status":"decyzja wydana","description":"dot. budowy sieci elektroenergetycznej nn 0,5 kV (oświetleniowa)","address":"Rakownia","city":"Rakownia","office":"Starosta Powiatu Poznań","case_kind":"Obiekt budowlany inny niż budynek mieszkalny jednorodzinny","parcel_ids":["302111_5.0013.160/15","302111_5.0013.160/21","302111_5.0013.160/35","302111_5.0013.160/8","302111_5.0013.28/14","302111_5.0013.28/7","302111_5.0013.29/1","302111_5.0013.29/2","302111_5.0013.31/10","302111_5.0013.31/9","302111_5.0013.32/11","302111_5.0013.32/12"],"location_quality":"dokładny","gunb_url":"https://wyszukiwarka.gunb.gov.pl/","parcel_count":12,"parcel_shard":"x068-y210","parcel_id":"302111_5.0013.160/8","location_source":"powiat poznański (wfs)"}},{"type":"Feature","id":"ST-WK-PO/WNIOSEK/24305/2025::302111_5.0013.28/14","geometry":{"type":"Polygon","coordinates":[[[17.0334449321713,52.563711908125],[17.0332830613477,52.5637198597992],[17.0333432866759,52.5636720417003],[17.0332738599637,52.5634415366728],[17.0332110993748,52.5632327615404],[17.0331481880207,52.5630236271139],[17.0331268156544,52.5629528682248],[17.0330629932173,52.5627405904787],[17.0329829499269,52.5624744348279],[17.0328993763035,52.5624440400058],[17.0329696107961,52.5624302552656],[17.0330554599242,52.5624142660243],[17.0332277371071,52.5629945347071],[17.0334449321713,52.563711908125]]]},"properties":{"case_id":"ST-WK-PO/WNIOSEK/24305/2025","source_type":"wniosek_decyzja","received_date":"2025-11-28","decision_date":"2026-01-22","status":"decyzja wydana","description":"dot. budowy sieci elektroenergetycznej nn 0,5 kV (oświetleniowa)","address":"Rakownia","city":"Rakownia","office":"Starosta Powiatu Poznań","case_kind":"Obiekt budowlany inny niż budynek mieszkalny jednorodzinny","parcel_ids":["302111_5.0013.160/15","302111_5.0013.160/21","302111_5.0013.160/35","302111_5.0013.160/8","302111_5.0013.28/14","302111_5.0013.28/7","302111_5.0013.29/1","302111_5.0013.29/2","302111_5.0013.31/10","302111_5.0013.31/9","302111_5.0013.32/11","302111_5.0013.32/12"],"location_quality":"dokładny","gunb_url":"https://wyszukiwarka.gunb.gov.pl/","parcel_count":12,"parcel_shard":"x068-y210","parcel_id":"302111_5.0013.28/14","location_source":"powiat poznański (wfs)"}},{"type":"Feature","id":"ST-WK-PO/WNIOSEK/24305/2025::302111_5.0013.28/7","geometry":{"type":"Polygon","coordinates":[[[17.0323311421048,52.5625523584842],[17.0322740962651,52.5626100533508],[17.0323326115686,52.5628048216806],[17.0323965789925,52.5630171892891],[17.0324178027448,52.5630879487609],[17.0324810120717,52.5632978915322],[17.0325442207498,52.5635078339873],[17.0326045492669,52.5637082578659],[17.0326913035231,52.563748799147],[17.0323964571447,52.5637632646718],[17.0324566834428,52.5637154470156],[17.0323981751699,52.5635211292592],[17.0322717550013,52.5631007945282],[17.0322505314643,52.5630300350323],[17.0321893183913,52.562817576457],[17.0321345936606,52.5626371089636],[17.0320518057605,52.5626059644563],[17.0323311421048,52.5625523584842]]]},"properties":{"case_id":"ST-WK-PO/WNIOSEK/24305/2025","source_type":"wniosek_decyzja","received_date":"2025-11-28","decision_date":"2026-01-22","status":"decyzja wydana","description":"dot. budowy sieci elektroenergetycznej nn 0,5 kV (oświetleniowa)","address":"Rakownia","city":"Rakownia","office":"Starosta Powiatu Poznań","case_kind":"Obiekt budowlany inny niż budynek mieszkalny jednorodzinny","parcel_ids":["302111_5.0013.160/15","302111_5.0013.160/21","302111_5.0013.160/35","302111_5.0013.160/8","302111_5.0013.28/14","302111_5.0013.28/7","302111_5.0013.29/1","302111_5.0013.29/2","302111_5.0013.31/10","302111_5.0013.31/9","302111_5.0013.32/11","302111_5.0013.32/12"],"location_quality":"dokładny","gunb_url":"https://wyszukiwarka.gunb.gov.pl/","parcel_count":12,"parcel_shard":"x068-y210","parcel_id":"302111_5.0013.28/7","location_source":"powiat poznański (wfs)"}},{"type":"Feature","id":"ST-WK-PO/WNIOSEK/24305/2025::302111_5.0013.29/1","geometry":{"type":"Polygon","coordinates":[[[17.0329301993519,52.5622996919993],[17.0328196920954,52.5619332340339],[17.0329078040463,52.5619235295535],[17.0330554599242,52.5624142660243],[17.0329696107961,52.5624302552656],[17.0329301993519,52.5622996919993]]]},"properties":{"case_id":"ST-WK-PO/WNIOSEK/24305/2025","source_type":"wniosek_decyzja","received_date":"2025-11-28","decision_date":"2026-01-22","status":"decyzja wydana","description":"dot. budowy sieci elektroenergetycznej nn 0,5 kV (oświetleniowa)","address":"Rakownia","city":"Rakownia","office":"Starosta Powiatu Poznań","case_kind":"Obiekt budowlany inny niż budynek mieszkalny jednorodzinny","parcel_ids":["302111_5.0013.160/15","302111_5.0013.160/21","302111_5.0013.160/35","302111_5.0013.160/8","302111_5.0013.28/14","302111_5.0013.28/7","302111_5.0013.29/1","302111_5.0013.29/2","302111_5.0013.31/10","302111_5.0013.31/9","302111_5.0013.32/11","302111_5.0013.32/12"],"location_quality":"dokładny","gunb_url":"https://wyszukiwarka.gunb.gov.pl/","parcel_count":12,"parcel_shard":"x068-y210","parcel_id":"302111_5.0013.29/1","location_source":"powiat poznański (wfs)"}},{"type":"Feature","id":"ST-WK-PO/WNIOSEK/24305/2025::302111_5.0013.29/2","geometry":{"type":"Polygon","coordinates":[[[17.0295124323417,52.562949890678],[17.0295683942904,52.5629802778405],[17.030050600473,52.5628892310347],[17.0303906481032,52.5628283057223],[17.0306605626488,52.5627770706194],[17.0309432873226,52.5627234592814],[17.0315536443935,52.5626076499971],[17.0318940874371,52.5625429864137],[17.0322325671713,52.5624741570942],[17.0325724458635,52.5624098877905],[17.0328731530212,52.5623572073746],[17.0329301993519,52.5622996919993],[17.0329696107961,52.5624302552656],[17.0328993763035,52.5624440400058],[17.0323311421048,52.5625523584842],[17.0320518057605,52.5626059644563],[17.0313890475496,52.5627324811699],[17.0312736883533,52.5627539162997],[17.0308747136555,52.562829381968],[17.0294665850946,52.5630960115684],[17.0295124323417,52.562949890678]]]},"properties":{"case_id":"ST-WK-PO/WNIOSEK/24305/2025","source_type":"wniosek_decyzja","received_date":"2025-11-28","decision_date":"2026-01-22","status":"decyzja wydana","description":"dot. budowy sieci elektroenergetycznej nn 0,5 kV (oświetleniowa)","address":"Rakownia","city":"Rakownia","office":"Starosta Powiatu Poznań","case_kind":"Obiekt budowlany inny niż budynek mieszkalny jednorodzinny","parcel_ids":["302111_5.0013.160/15","302111_5.0013.160/21","302111_5.0013.160/35","302111_5.0013.160/8","302111_5.0013.28/14","302111_5.0013.28/7","302111_5.0013.29/1","302111_5.0013.29/2","302111_5.0013.31/10","302111_5.0013.31/9","302111_5.0013.32/11","302111_5.0013.32/12"],"location_quality":"dokładny","gunb_url":"https://wyszukiwarka.gunb.gov.pl/","parcel_count":12,"parcel_shard":"x068-y210","parcel_id":"302111_5.0013.29/2","location_source":"powiat poznański (wfs)"}},{"type":"Feature","id":"ST-WK-PO/WNIOSEK/24305/2025::302111_5.0013.31/10","geometry":{"type":"Polygon","coordinates":[[[17.0331293001417,52.5624043705241],[17.0331984823611,52.5626451720344],[17.0332521685388,52.5628212895691],[17.0333667417518,52.5632013188388],[17.0334829207285,52.5635777851292],[17.0335077840846,52.5636606666171],[17.0335937386048,52.5637048824373],[17.0336296270373,52.5637176381495],[17.0335302790379,52.5637244113497],[17.0334502383399,52.563729597891],[17.0334449321713,52.563711908125],[17.0332277371071,52.5629945347071],[17.0330554599242,52.5624142660243],[17.0331293001417,52.5624043705241]]]},"properties":{"case_id":"ST-WK-PO/WNIOSEK/24305/2025","source_type":"wniosek_decyzja","received_date":"2025-11-28","decision_date":"2026-01-22","status":"decyzja wydana","description":"dot. budowy sieci elektroenergetycznej nn 0,5 kV (oświetleniowa)","address":"Rakownia","city":"Rakownia","office":"Starosta Powiatu Poznań","case_kind":"Obiekt budowlany inny niż budynek mieszkalny jednorodzinny","parcel_ids":["302111_5.0013.160/15","302111_5.0013.160/21","302111_5.0013.160/35","302111_5.0013.160/8","302111_5.0013.28/14","302111_5.0013.28/7","302111_5.0013.29/1","302111_5.0013.29/2","302111_5.0013.31/10","302111_5.0013.31/9","302111_5.0013.32/11","302111_5.0013.32/12"],"location_quality":"dokładny","gunb_url":"https://wyszukiwarka.gunb.gov.pl/","parcel_count":12,"parcel_shard":"x068-y210","parcel_id":"302111_5.0013.31/10","location_source":"powiat poznański (wfs)"}},{"type":"Feature","id":"ST-WK-PO/WNIOSEK/24305/2025::302111_5.0013.31/9","geometry":{"type":"Polygon","coordinates":[[[17.0346640395143,52.5627055211913],[17.0343403226707,52.5627417396021],[17.0343137890513,52.56265329063],[17.0339645559029,52.5626961649954],[17.0336165255257,52.5627352857816],[17.0333118744544,52.562769167689],[17.0332521685388,52.5628212895691],[17.0331984823611,52.5626451720344],[17.0332848547673,52.5626810185184],[17.0335898627975,52.5626465697845],[17.0339390817405,52.5626039197584],[17.0342871086743,52.5625649319606],[17.0346124450304,52.562528529007],[17.0346267079709,52.5625772892708],[17.0346640395143,52.5627055211913]]]},"properties":{"case_id":"ST-WK-PO/WNIOSEK/24305/2025","source_type":"wniosek_decyzja","received_date":"2025-11-28","decision_date":"2026-01-22","status":"decyzja wydana","description":"dot. budowy sieci elektroenergetycznej nn 0,5 kV (oświetleniowa)","address":"Rakownia","city":"Rakownia","office":"Starosta Powiatu Poznań","case_kind":"Obiekt budowlany inny niż budynek mieszkalny jednorodzinny","parcel_ids":["302111_5.0013.160/15","302111_5.0013.160/21","302111_5.0013.160/35","302111_5.0013.160/8","302111_5.0013.28/14","302111_5.0013.28/7","302111_5.0013.29/1","302111_5.0013.29/2","302111_5.0013.31/10","302111_5.0013.31/9","302111_5.0013.32/11","302111_5.0013.32/12"],"location_quality":"dokładny","gunb_url":"https://wyszukiwarka.gunb.gov.pl/","parcel_count":12,"parcel_shard":"x068-y210","parcel_id":"302111_5.0013.31/9","location_source":"powiat poznański (wfs)"}},{"type":"Feature","id":"ST-WK-PO/WNIOSEK/24305/2025::302111_5.0013.32/11","geometry":{"type":"Polygon","coordinates":[[[17.0331293001417,52.5624043705241],[17.0330554599242,52.5624142660243],[17.0329078040463,52.5619235295535],[17.0327075680201,52.5612610139096],[17.0327788722953,52.5612520035817],[17.0329161872924,52.5617072650445],[17.032971310839,52.5618806446944],[17.0330858549156,52.5622607545618],[17.0331293001417,52.5624043705241]]]},"properties":{"case_id":"ST-WK-PO/WNIOSEK/24305/2025","source_type":"wniosek_decyzja","received_date":"2025-11-28","decision_date":"2026-01-22","status":"decyzja wydana","description":"dot. budowy sieci elektroenergetycznej nn 0,5 kV (oświetleniowa)","address":"Rakownia","city":"Rakownia","office":"Starosta Powiatu Poznań","case_kind":"Obiekt budowlany inny niż budynek mieszkalny jednorodzinny","parcel_ids":["302111_5.0013.160/15","302111_5.0013.160/21","302111_5.0013.160/35","302111_5.0013.160/8","302111_5.0013.28/14","302111_5.0013.28/7","302111_5.0013.29/1","302111_5.0013.29/2","302111_5.0013.31/10","302111_5.0013.31/9","302111_5.0013.32/11","302111_5.0013.32/12"],"location_quality":"dokładny","gunb_url":"https://wyszukiwarka.gunb.gov.pl/","parcel_count":12,"parcel_shard":"x068-y210","parcel_id":"302111_5.0013.32/11","location_source":"powiat poznański (wfs)"}},{"type":"Feature","id":"ST-WK-PO/WNIOSEK/24305/2025::302111_5.0013.32/12","geometry":{"type":"Polygon","coordinates":[[[17.0340446987916,52.561760631744],[17.0340313586272,52.5617164522583],[17.0336831891153,52.561755349688],[17.0333351676997,52.5617943356304],[17.0330306110777,52.5618283353406],[17.032971310839,52.5618806446944],[17.0329161872924,52.5617072650445],[17.0330021093422,52.5617433776926],[17.033306660828,52.5617092854777],[17.0336569243699,52.5616707302951],[17.0340051942934,52.5616309265265],[17.0339916826177,52.5615867504371],[17.0343591015281,52.5615426191001],[17.0344145272255,52.5617192406951],[17.0340446987916,52.561760631744]]]},"properties":{"case_id":"ST-WK-PO/WNIOSEK/24305/2025","source_type":"wniosek_decyzja","received_date":"2025-11-28","decision_date":"2026-01-22","status":"decyzja wydana","description":"dot. budowy sieci elektroenergetycznej nn 0,5 kV (oświetleniowa)","address":"Rakownia","city":"Rakownia","office":"Starosta Powiatu Poznań","case_kind":"Obiekt budowlany inny niż budynek mieszkalny jednorodzinny","parcel_ids":["302111_5.0013.160/15","302111_5.0013.160/21","302111_5.0013.160/35","302111_5.0013.160/8","302111_5.0013.28/14","302111_5.0013.28/7","302111_5.0013.29/1","302111_5.0013.29/2","302111_5.0013.31/10","302111_5.0013.31/9","302111_5.0013.32/11","302111_5.0013.32/12"],"location_quality":"dokładny","gunb_url":"https://wyszukiwarka.gunb.gov.pl/","parcel_count":12,"parcel_shard":"x068-y210","parcel_id":"302111_5.0013.32/12","location_source":"powiat poznański (wfs)"}},{"type":"Feature","id":"ST-WK-PO/WNIOSEK/7478/2026::302111_5.0013.36/47","geometry":{"type":"Polygon","coordinates":[[[17.0391875675923,52.5661691026704],[17.0391213807757,52.5659480927876],[17.0399489239601,52.5658561318262],[17.0400566610055,52.5660725080135],[17.0391875675923,52.5661691026704]]]},"properties":{"case_id":"ST-WK-PO/WNIOSEK/7478/2026","source_type":"wniosek_decyzja","received_date":"2026-04-21","decision_date":"2026-06-08","status":"decyzja wydana","description":"dot. zmiany decyzji pozwolenia na budowę nr 2923/25 z dn. 22.09.2025 (AB.6740.4.77.2025) na budowę budynku mieszkalnego jednorodzinnego oraz zbiornika szczelnego na nieczystości ciekłe o poj, 8 m3","address":"Rakownia","city":"Rakownia","office":"Starosta Powiatu Poznań","case_kind":"Budynek mieszkalny jednorodzinny","parcel_ids":["302111_5.0013.36/47"],"location_quality":"dokładny","gunb_url":"https://wyszukiwarka.gunb.gov.pl/","parcel_count":1,"parcel_shard":"x068-y210","parcel_id":"302111_5.0013.36/47","location_source":"powiat poznański (wfs)"}},{"type":"Feature","id":"ST-WK-PO/WNIOSEK/18781/2025::302111_5.0013.54/12","geometry":{"type":"Polygon","coordinates":[[[17.036916123925,52.5592325295656],[17.0375106757162,52.5591467702205],[17.0376906424087,52.5596361660033],[17.0372543703424,52.5596993964998],[17.037115194355,52.5596506307881],[17.036916123925,52.5592325295656]]]},"properties":{"case_id":"ST-WK-PO/WNIOSEK/18781/2025","source_type":"wniosek_decyzja","received_date":"2025-09-15","decision_date":"2025-10-28","status":"decyzja wydana","description":"dot. budowy budynku mieszkalnego jednorodzinnego","address":"Rakownia","city":"Rakownia","office":"Starosta Powiatu Poznań","case_kind":"Budynek mieszkalny jednorodzinny","parcel_ids":["302111_5.0013.54/12"],"location_quality":"dokładny","gunb_url":"https://wyszukiwarka.gunb.gov.pl/","parcel_count":1,"parcel_shard":"x068-y210","parcel_id":"302111_5.0013.54/12","location_source":"powiat poznański (wfs)"}},{"type":"Feature","id":"ST-WK-PO/WNIOSEK/8285/2026::302111_5.0015.165/38","geometry":{"type":"Polygon","coordinates":[[[17.0249097651144,52.5862063612781],[17.0254776132849,52.5861861398088],[17.0264159320827,52.5862395343978],[17.0275541228772,52.586304829872],[17.0283994298984,52.5863644632567],[17.0284349709732,52.5864988482448],[17.0273101459632,52.5868214715651],[17.0263666219497,52.5871100108185],[17.0257136755504,52.5873104408713],[17.0252373832217,52.5867367142689],[17.0252446642192,52.5867344374535],[17.0249097651144,52.5862063612781]]]},"properties":{"case_id":"ST-WK-PO/WNIOSEK/8285/2026","source_type":"wniosek_decyzja","received_date":"2026-04-30","decision_date":"2026-07-21","status":"decyzja wydana","description":"budowa budynku mieszkalnego wielorodzinnego typu \"VILLA\" SV-09 (15 lokali mieszkalnych) wraz z wiatą rowerową, wiata śmietnikową, drogami wewnętrznymi, miejscami postojowymi i zbiornikami bezodpływowymi na wody opadowe i roztopowe **Murowana Goślina;Trojanowo;dz.165/38,165/45","address":"Przebędowo","city":"Przebędowo","office":"Starosta Powiatu Poznań","case_kind":"Budynek mieszkalny jednorodzinny","parcel_ids":["302111_5.0015.165/38","302111_5.0015.165/45"],"location_quality":"dokładny","gunb_url":"https://wyszukiwarka.gunb.gov.pl/","parcel_count":2,"parcel_shard":"x068-y210","parcel_id":"302111_5.0015.165/38","location_source":"powiat poznański (wfs)"}},{"type":"Feature","id":"ST-WK-PO/WNIOSEK/8285/2026::302111_5.0015.165/45","geometry":{"type":"Polygon","coordinates":[[[17.0252869738703,52.5874414788489],[17.0249565286308,52.5870313490532],[17.0250896609546,52.5869900241281],[17.0249498180682,52.5868142185155],[17.0251856805858,52.5867525560563],[17.0252373832217,52.5867367142689],[17.0257136755504,52.5873104408713],[17.0252869738703,52.5874414788489]]]},"properties":{"case_id":"ST-WK-PO/WNIOSEK/8285/2026","source_type":"wniosek_decyzja","received_date":"2026-04-30","decision_date":"2026-07-21","status":"decyzja wydana","description":"budowa budynku mieszkalnego wielorodzinnego typu \"VILLA\" SV-09 (15 lokali mieszkalnych) wraz z wiatą rowerową, wiata śmietnikową, drogami wewnętrznymi, miejscami postojowymi i zbiornikami bezodpływowymi na wody opadowe i roztopowe **Murowana Goślina;Trojanowo;dz.165/38,165/45","address":"Przebędowo","city":"Przebędowo","office":"Starosta Powiatu Poznań","case_kind":"Budynek mieszkalny jednorodzinny","parcel_ids":["302111_5.0015.165/38","302111_5.0015.165/45"],"location_quality":"dokładny","gunb_url":"https://wyszukiwarka.gunb.gov.pl/","parcel_count":2,"parcel_shard":"x068-y210","parcel_id":"302111_5.0015.165/45","location_source":"powiat poznański (wfs)"}},{"type":"Feature","id":"ST-WK-PO/WNIOSEK/19310/2025::302111_5.0015.172/6","geometry":{"type":"Polygon","coordinates":[[[17.0340545028171,52.6008827969171],[17.0344956712639,52.6007271199894],[17.0347895791758,52.6009508100457],[17.0343382828831,52.6010356243612],[17.0340545028171,52.6008827969171]]]},"properties":{"case_id":"ST-WK-PO/WNIOSEK/19310/2025","source_type":"wniosek_decyzja","received_date":"2025-09-22","decision_date":"2025-12-01","status":"decyzja wydana","description":"dot. wniosek o pozwolenie na budowę budynku mieszkalnego jednorodzinnego wolnostojącego oraz zbiornika bezodpływowego na nieczystości ciekłe","address":"Trojanowo","city":"Trojanowo","office":"Starosta Powiatu Poznań","case_kind":"Budynek mieszkalny jednorodzinny","parcel_ids":["302111_5.0015.172/6"],"location_quality":"dokładny","gunb_url":"https://wyszukiwarka.gunb.gov.pl/","parcel_count":1,"parcel_shard":"x068-y210","parcel_id":"302111_5.0015.172/6","location_source":"powiat poznański (wfs)"}},{"type":"Feature","id":"ST-WK-PO/WNIOSEK/3493/2026::302111_5.0015.18/14","geometry":{"type":"Polygon","coordinates":[[[17.0195136166078,52.6050667933025],[17.0194844354518,52.6049920494617],[17.0195555797688,52.6049417069299],[17.0202047489047,52.6045551426287],[17.0205567735245,52.6042851142754],[17.0205765823767,52.6042478138417],[17.0207204758959,52.6042835575897],[17.0206767424472,52.6043350947968],[17.0206127204472,52.6043785124843],[17.020268907394,52.604604028099],[17.0195828605994,52.6050130794467],[17.0195136166078,52.6050667933025]]]},"properties":{"case_id":"ST-WK-PO/WNIOSEK/3493/2026","source_type":"wniosek_decyzja","received_date":"2026-02-25","decision_date":"2026-04-13","status":"decyzja wydana","description":"dot. wniosku o zmianę decyzji nr 2065/25 z dnia 08.07.2025r. (AB.6740.4.20.2025.IV) - rozbiórka budynku inwentarskiego R1 i garażowego R7, rozbiórka budynków magazynowych R3 I R6,rozbiórka budynków gospodarczych R2,R4,R5, częściowa rozbiórka budynku inwentarskiego B2, budowa budynków mieszkalnych jednorodzinnych B6,B8,B9,budowa budynku administracyjnego B7,budowa budynku inwentarskiego B3(obora dla krów mlecznych) ze zintegrowanym podziemnym zbiornikiem na nawóz naturalny płynny, budowa budynków gospodarczych B1 i B4, budynku pomocniczego B10, przebudowa i zmiana sposobu użytkowania budynku gospodarczego B5 na budynek inwentarski, budowa i montaż budowli rolniczych: płyt do przechowywania nawozów naturalnych stałych PO.1 i PO.2 oraz silosów na zboże S1, S2, S3, budowa podziemnego zbiornika wody pożarowej, budowa dwóch stawów o głębokości 1,5m, budowa stanowisk postojowych dla samochodów osobowych - w zabudowie zagrodowej gospodarstwa rolnego","address":"Trojanowo","city":"Trojanowo","office":"Starosta Powiatu Poznań","case_kind":"Obiekt budowlany inny niż budynek mieszkalny jednorodzinny","parcel_ids":["302111_5.0015.18/14","302111_5.0015.257/1","302111_5.0015.266/1","302111_5.0015.57/9","302111_5.0015.59/20"],"location_quality":"dokładny","gunb_url":"https://wyszukiwarka.gunb.gov.pl/","parcel_count":5,"parcel_shard":"x068-y210","parcel_id":"302111_5.0015.18/14","location_source":"powiat poznański (wfs)"}},{"type":"Feature","id":"ST-WK-PO/WNIOSEK/3493/2026::302111_5.0015.257/1","geometry":{"type":"Polygon","coordinates":[[[17.0209913155432,52.6057375997564],[17.0210458166867,52.6058158128739],[17.0213384033853,52.6058328423053],[17.0219514748763,52.6059970485658],[17.0217483651199,52.6060149443474],[17.0217068265505,52.6060113680278],[17.0215005332032,52.60597434324],[17.020086233583,52.6063336538748],[17.0198828770688,52.6060262175858],[17.0197384668506,52.6057169320381],[17.0198755448848,52.6056818081316],[17.0200013548837,52.6059513804111],[17.0200226999588,52.6059971160533],[17.020134076699,52.6059677610392],[17.0203037941964,52.6059231364008],[17.0204630370579,52.6058794408729],[17.0209913155432,52.6057375997564]]]},"properties":{"case_id":"ST-WK-PO/WNIOSEK/3493/2026","source_type":"wniosek_decyzja","received_date":"2026-02-25","decision_date":"2026-04-13","status":"decyzja wydana","description":"dot. wniosku o zmianę decyzji nr 2065/25 z dnia 08.07.2025r. (AB.6740.4.20.2025.IV) - rozbiórka budynku inwentarskiego R1 i garażowego R7, rozbiórka budynków magazynowych R3 I R6,rozbiórka budynków gospodarczych R2,R4,R5, częściowa rozbiórka budynku inwentarskiego B2, budowa budynków mieszkalnych jednorodzinnych B6,B8,B9,budowa budynku administracyjnego B7,budowa budynku inwentarskiego B3(obora dla krów mlecznych) ze zintegrowanym podziemnym zbiornikiem na nawóz naturalny płynny, budowa budynków gospodarczych B1 i B4, budynku pomocniczego B10, przebudowa i zmiana sposobu użytkowania budynku gospodarczego B5 na budynek inwentarski, budowa i montaż budowli rolniczych: płyt do przechowywania nawozów naturalnych stałych PO.1 i PO.2 oraz silosów na zboże S1, S2, S3, budowa podziemnego zbiornika wody pożarowej, budowa dwóch stawów o głębokości 1,5m, budowa stanowisk postojowych dla samochodów osobowych - w zabudowie zagrodowej gospodarstwa rolnego","address":"Trojanowo","city":"Trojanowo","office":"Starosta Powiatu Poznań","case_kind":"Obiekt budowlany inny niż budynek mieszkalny jednorodzinny","parcel_ids":["302111_5.0015.18/14","302111_5.0015.257/1","302111_5.0015.266/1","302111_5.0015.57/9","302111_5.0015.59/20"],"location_quality":"dokładny","gunb_url":"https://wyszukiwarka.gunb.gov.pl/","parcel_count":5,"parcel_shard":"x068-y210","parcel_id":"302111_5.0015.257/1","location_source":"powiat poznański (wfs)"}},{"type":"Feature","id":"ST-WK-PO/WNIOSEK/3493/2026::302111_5.0015.266/1","geometry":{"type":"Polygon","coordinates":[[[17.0194844354518,52.6049920494617],[17.0192915590568,52.604509521542],[17.019308057796,52.6044996915956],[17.0194326813646,52.6046314509542],[17.0195555797688,52.6049417069299],[17.0194844354518,52.6049920494617]]]},"properties":{"case_id":"ST-WK-PO/WNIOSEK/3493/2026","source_type":"wniosek_decyzja","received_date":"2026-02-25","decision_date":"2026-04-13","status":"decyzja wydana","description":"dot. wniosku o zmianę decyzji nr 2065/25 z dnia 08.07.2025r. (AB.6740.4.20.2025.IV) - rozbiórka budynku inwentarskiego R1 i garażowego R7, rozbiórka budynków magazynowych R3 I R6,rozbiórka budynków gospodarczych R2,R4,R5, częściowa rozbiórka budynku inwentarskiego B2, budowa budynków mieszkalnych jednorodzinnych B6,B8,B9,budowa budynku administracyjnego B7,budowa budynku inwentarskiego B3(obora dla krów mlecznych) ze zintegrowanym podziemnym zbiornikiem na nawóz naturalny płynny, budowa budynków gospodarczych B1 i B4, budynku pomocniczego B10, przebudowa i zmiana sposobu użytkowania budynku gospodarczego B5 na budynek inwentarski, budowa i montaż budowli rolniczych: płyt do przechowywania nawozów naturalnych stałych PO.1 i PO.2 oraz silosów na zboże S1, S2, S3, budowa podziemnego zbiornika wody pożarowej, budowa dwóch stawów o głębokości 1,5m, budowa stanowisk postojowych dla samochodów osobowych - w zabudowie zagrodowej gospodarstwa rolnego","address":"Trojanowo","city":"Trojanowo","office":"Starosta Powiatu Poznań","case_kind":"Obiekt budowlany inny niż budynek mieszkalny jednorodzinny","parcel_ids":["302111_5.0015.18/14","302111_5.0015.257/1","302111_5.0015.266/1","302111_5.0015.57/9","302111_5.0015.59/20"],"location_quality":"dokładny","gunb_url":"https://wyszukiwarka.gunb.gov.pl/","parcel_count":5,"parcel_shard":"x068-y210","parcel_id":"302111_5.0015.266/1","location_source":"powiat poznański (wfs)"}},{"type":"Feature","id":"ST-WK-PO/WNIOSEK/3493/2026::302111_5.0015.57/9","geometry":{"type":"Polygon","coordinates":[[[17.0206127204472,52.6043785124843],[17.0206767424472,52.6043350947968],[17.0207204758959,52.6042835575897],[17.0207695688131,52.6042002782444],[17.0208024448765,52.6041946996971],[17.0210981835044,52.6041447624452],[17.0211972900336,52.6041886918519],[17.021597710581,52.6041596579574],[17.0215408513204,52.6039696455219],[17.0215387278557,52.6038876842455],[17.0216297577199,52.6038996408625],[17.0218640938051,52.6039071330158],[17.0218239556447,52.6042452766703],[17.0222184612953,52.6042895973887],[17.022130620481,52.604699602686],[17.022132081332,52.6047319539935],[17.0221374215602,52.6048502159982],[17.0223842778358,52.6059725905497],[17.0219514748763,52.6059970485658],[17.0213384033853,52.6058328423053],[17.0210458166867,52.6058158128739],[17.0209913155432,52.6057375997564],[17.0204630370579,52.6058794408729],[17.0203037941964,52.6059231364008],[17.020134076699,52.6059677610392],[17.0200226999588,52.6059971160533],[17.0200013548837,52.6059513804111],[17.0198755448848,52.6056818081316],[17.0196598963384,52.6052166055356],[17.0196303133028,52.6051528792535],[17.0195828605994,52.6050130794467],[17.020268907394,52.604604028099],[17.0206127204472,52.6043785124843]]]},"properties":{"case_id":"ST-WK-PO/WNIOSEK/3493/2026","source_type":"wniosek_decyzja","received_date":"2026-02-25","decision_date":"2026-04-13","status":"decyzja wydana","description":"dot. wniosku o zmianę decyzji nr 2065/25 z dnia 08.07.2025r. (AB.6740.4.20.2025.IV) - rozbiórka budynku inwentarskiego R1 i garażowego R7, rozbiórka budynków magazynowych R3 I R6,rozbiórka budynków gospodarczych R2,R4,R5, częściowa rozbiórka budynku inwentarskiego B2, budowa budynków mieszkalnych jednorodzinnych B6,B8,B9,budowa budynku administracyjnego B7,budowa budynku inwentarskiego B3(obora dla krów mlecznych) ze zintegrowanym podziemnym zbiornikiem na nawóz naturalny płynny, budowa budynków gospodarczych B1 i B4, budynku pomocniczego B10, przebudowa i zmiana sposobu użytkowania budynku gospodarczego B5 na budynek inwentarski, budowa i montaż budowli rolniczych: płyt do przechowywania nawozów naturalnych stałych PO.1 i PO.2 oraz silosów na zboże S1, S2, S3, budowa podziemnego zbiornika wody pożarowej, budowa dwóch stawów o głębokości 1,5m, budowa stanowisk postojowych dla samochodów osobowych - w zabudowie zagrodowej gospodarstwa rolnego","address":"Trojanowo","city":"Trojanowo","office":"Starosta Powiatu Poznań","case_kind":"Obiekt budowlany inny niż budynek mieszkalny jednorodzinny","parcel_ids":["302111_5.0015.18/14","302111_5.0015.257/1","302111_5.0015.266/1","302111_5.0015.57/9","302111_5.0015.59/20"],"location_quality":"dokładny","gunb_url":"https://wyszukiwarka.gunb.gov.pl/","parcel_count":5,"parcel_shard":"x068-y210","parcel_id":"302111_5.0015.57/9","location_source":"powiat poznański (wfs)"}},{"type":"Feature","id":"ST-WK-PO/WNIOSEK/3493/2026::302111_5.0015.59/20","geometry":{"type":"Polygon","coordinates":[[[17.0195555797688,52.6049417069299],[17.0194326813646,52.6046314509542],[17.019308057796,52.6044996915956],[17.0198733654513,52.6041628778377],[17.0205765823767,52.6042478138417],[17.0205567735245,52.6042851142754],[17.0202047489047,52.6045551426287],[17.0195555797688,52.6049417069299]]]},"properties":{"case_id":"ST-WK-PO/WNIOSEK/3493/2026","source_type":"wniosek_decyzja","received_date":"2026-02-25","decision_date":"2026-04-13","status":"decyzja wydana","description":"dot. wniosku o zmianę decyzji nr 2065/25 z dnia 08.07.2025r. (AB.6740.4.20.2025.IV) - rozbiórka budynku inwentarskiego R1 i garażowego R7, rozbiórka budynków magazynowych R3 I R6,rozbiórka budynków gospodarczych R2,R4,R5, częściowa rozbiórka budynku inwentarskiego B2, budowa budynków mieszkalnych jednorodzinnych B6,B8,B9,budowa budynku administracyjnego B7,budowa budynku inwentarskiego B3(obora dla krów mlecznych) ze zintegrowanym podziemnym zbiornikiem na nawóz naturalny płynny, budowa budynków gospodarczych B1 i B4, budynku pomocniczego B10, przebudowa i zmiana sposobu użytkowania budynku gospodarczego B5 na budynek inwentarski, budowa i montaż budowli rolniczych: płyt do przechowywania nawozów naturalnych stałych PO.1 i PO.2 oraz silosów na zboże S1, S2, S3, budowa podziemnego zbiornika wody pożarowej, budowa dwóch stawów o głębokości 1,5m, budowa stanowisk postojowych dla samochodów osobowych - w zabudowie zagrodowej gospodarstwa rolnego","address":"Trojanowo","city":"Trojanowo","office":"Starosta Powiatu Poznań","case_kind":"Obiekt budowlany inny niż budynek mieszkalny jednorodzinny","parcel_ids":["302111_5.0015.18/14","302111_5.0015.257/1","302111_5.0015.266/1","302111_5.0015.57/9","302111_5.0015.59/20"],"location_quality":"dokładny","gunb_url":"https://wyszukiwarka.gunb.gov.pl/","parcel_count":5,"parcel_shard":"x068-y210","parcel_id":"302111_5.0015.59/20","location_source":"powiat poznański (wfs)"}},{"type":"Feature","id":"ST-WK-PO/WNIOSEK/25660/2025::302111_5.0015.205","geometry":{"type":"Polygon","coordinates":[[[17.0222974323093,52.6039209864267],[17.0222184612953,52.6042895973887],[17.0218239556447,52.6042452766703],[17.0218640938051,52.6039071330158],[17.0222974323093,52.6039209864267]]]},"properties":{"case_id":"ST-WK-PO/WNIOSEK/25660/2025","source_type":"wniosek_decyzja","received_date":"2025-12-18","decision_date":"2026-03-20","status":"decyzja wydana","description":"budowa budynku świetlicy wiejskiej","address":"Trojanowo","city":"Trojanowo","office":"Starosta Powiatu Poznań","case_kind":"Obiekt budowlany inny niż budynek mieszkalny jednorodzinny","parcel_ids":["302111_5.0015.205"],"location_quality":"dokładny","gunb_url":"https://wyszukiwarka.gunb.gov.pl/","parcel_count":1,"parcel_shard":"x068-y210","parcel_id":"302111_5.0015.205","location_source":"powiat poznański (wfs)"}},{"type":"Feature","id":"ST-WK-PO/WNIOSEK/19462/2025::302111_5.0017.169","geometry":{"type":"Polygon","coordinates":[[[17.069161880208,52.6361537300466],[17.0690467552104,52.6361355773543],[17.0691744505683,52.6359830065486],[17.0693071723495,52.6358244288441],[17.0710345424425,52.6360977286415],[17.0711619301411,52.635920621734],[17.0712152549211,52.6358464839046],[17.0715118896026,52.6358934869808],[17.071740628703,52.6359297108546],[17.0719693681919,52.6359659342901],[17.0721981080395,52.6360021572956],[17.0724268482756,52.6360383798629],[17.0726555888855,52.6360746019914],[17.072884329884,52.6361108236817],[17.0728451006865,52.6361786494288],[17.0725820346141,52.6361370189697],[17.0723532819081,52.6361008180899],[17.0721245295902,52.6360646167807],[17.0718957776454,52.6360284150418],[17.0716670260746,52.6359922128553],[17.0714382748771,52.6359560102391],[17.0712953055759,52.6359333833803],[17.0710978564202,52.6361806568092],[17.0708687918302,52.6361451909359],[17.0706540441142,52.6361119412809],[17.0704392967336,52.6360786912304],[17.0702279253891,52.6360441086788],[17.0700135637773,52.6360098020679],[17.0697990510118,52.6359756736441],[17.0695803104416,52.635945687225],[17.0693655646768,52.6359124352593],[17.069161880208,52.6361537300466]]]},"properties":{"case_id":"ST-WK-PO/WNIOSEK/19462/2025","source_type":"wniosek_decyzja","received_date":"2025-09-23","decision_date":"2025-11-18","status":"decyzja wydana","description":"budowa oświetlenia drogowego w miejscowości Wojnówko","address":"Wojnówko","city":"Wojnówko","office":"Starosta Powiatu Poznań","case_kind":"Obiekt budowlany inny niż budynek mieszkalny jednorodzinny","parcel_ids":["302111_5.0017.169"],"location_quality":"dokładny","gunb_url":"https://wyszukiwarka.gunb.gov.pl/","parcel_count":1,"parcel_shard":"x068-y210","parcel_id":"302111_5.0017.169","location_source":"powiat poznański (wfs)"}},{"type":"Feature","id":"ST-WK-PO/WNIOSEK/19439/2025::302111_5.0017.317/1","geometry":{"type":"Polygon","coordinates":[[[17.0374660950237,52.6272683310984],[17.0374057954472,52.6271654215383],[17.0377750106401,52.6269743632453],[17.0384351331169,52.6266362506384],[17.0390091427363,52.6263572972617],[17.0395762999267,52.626070611346],[17.0401496668669,52.6257929779036],[17.0407300658725,52.6255124940112],[17.0413060297592,52.6252320368823],[17.0418868757703,52.6249563696434],[17.0423484722866,52.6247145186349],[17.0425646671855,52.6246090190912],[17.0427941163143,52.6244970507035],[17.0430553765721,52.6243694225128],[17.0432999347569,52.6242486683171],[17.0435107937626,52.624113307219],[17.0437887123836,52.623911382701],[17.0442521695634,52.6235642200034],[17.0446897718824,52.6231927375316],[17.0452854724167,52.6227255022451],[17.0462768054943,52.6219499955229],[17.046352485957,52.6218908297662],[17.0474971584364,52.6210147840071],[17.0476873842085,52.6208799104695],[17.0478996097602,52.6207627913238],[17.0501766103744,52.6196047820657],[17.0502678668996,52.6195592041014],[17.0510334344492,52.6191954127151],[17.0510824394961,52.6191755739721],[17.0511190950266,52.6192138345448],[17.0512788327846,52.6194332248212],[17.0511761332333,52.6194574212767],[17.0510594025254,52.6194538799097],[17.0508009325076,52.6194765245911],[17.0506751637168,52.6195153310957],[17.0503726948404,52.6196513741468],[17.0503218353726,52.619690540071],[17.0501723926982,52.6197655553486],[17.050085354214,52.6198092553486],[17.0497486957295,52.6199782152139],[17.0495953520694,52.620055149976],[17.0492469886829,52.6202287257498],[17.0490967081378,52.6203043379159],[17.0490067193731,52.6203500101403],[17.0488969572306,52.6204054650918],[17.0488370765354,52.6204357184228],[17.0487771957427,52.6204659717313],[17.0487130737765,52.6204985155626],[17.0486674887009,52.620521398348],[17.0483097073638,52.6206997646918],[17.0482554435193,52.6207267191622],[17.0479012244169,52.620907589609],[17.0476888179618,52.6210588021761],[17.047196618638,52.6214261492897],[17.0471301649049,52.6214786664838],[17.0466670487605,52.6218284838741],[17.0455888649783,52.6226723917322],[17.0452973665084,52.6229034783356],[17.0450250832427,52.6231193149807],[17.0448554895186,52.6232534917227],[17.0447549974111,52.6233333465886],[17.0444849081943,52.6235472876937],[17.0442146702096,52.6237614083978],[17.0439447242332,52.6239754376671],[17.0435439129185,52.624293771274],[17.0422243080362,52.624929440193],[17.0397891371598,52.6261163398204],[17.0394242197182,52.6262973241062],[17.0391379825146,52.626439251096],[17.0388517434636,52.6265811773907],[17.0385655025507,52.6267231029813],[17.0382794074681,52.6268650290638],[17.0374660950237,52.6272683310984]]]},"properties":{"case_id":"ST-WK-PO/WNIOSEK/19439/2025","source_type":"wniosek_decyzja","received_date":"2025-09-23","decision_date":"2026-07-14","status":"decyzja wydana","description":"dot. przebudowy istniejącej sieci wodociągowej poprzez rozbiórkę i budowę nowej sieci oraz budowy nowych odcinków sieci wodociągowej w Wojnowie","address":"Wojnowo","city":"Wojnowo","office":"Starosta Powiatu Poznań","case_kind":"Obiekt budowlany inny niż budynek mieszkalny jednorodzinny","parcel_ids":["302111_5.0017.317/1","302111_5.0017.331/6","302111_5.0017.333","302111_5.0017.336","302111_5.0017.528","302111_5.0017.530","302111_5.0017.543"],"location_quality":"dokładny","gunb_url":"https://wyszukiwarka.gunb.gov.pl/","parcel_count":7,"parcel_shard":"x068-y210","parcel_id":"302111_5.0017.317/1","location_source":"powiat poznański (wfs)"}},{"type":"Feature","id":"ST-WK-PO/WNIOSEK/19439/2025::302111_5.0017.331/6","geometry":{"type":"Polygon","coordinates":[[[17.0556138181863,52.617156869516],[17.0561843134556,52.6176820579843],[17.0564374061826,52.6177715218682],[17.0564021282732,52.617839545321],[17.0558933069859,52.6181830386855],[17.0512788327846,52.6194332248212],[17.0511190950266,52.6192138345448],[17.0514632045697,52.6190453899565],[17.0513681823054,52.6188996434927],[17.0512798693016,52.6188646031672],[17.0509511116718,52.6184635423537],[17.0523584807429,52.618050580579],[17.0525364170153,52.6179582918483],[17.0529120713842,52.6178811999642],[17.0531771331116,52.6178059924651],[17.0532576191461,52.6176630869989],[17.0533766001911,52.6175936211057],[17.0535276289556,52.6175042863723],[17.0541273939659,52.6175309486703],[17.0542836345219,52.6174950801525],[17.054723577622,52.6175405046395],[17.0551573806116,52.617370416396],[17.0554206269983,52.6171865628145],[17.0556138181863,52.617156869516]]]},"properties":{"case_id":"ST-WK-PO/WNIOSEK/19439/2025","source_type":"wniosek_decyzja","received_date":"2025-09-23","decision_date":"2026-07-14","status":"decyzja wydana","description":"dot. przebudowy istniejącej sieci wodociągowej poprzez rozbiórkę i budowę nowej sieci oraz budowy nowych odcinków sieci wodociągowej w Wojnowie","address":"Wojnowo","city":"Wojnowo","office":"Starosta Powiatu Poznań","case_kind":"Obiekt budowlany inny niż budynek mieszkalny jednorodzinny","parcel_ids":["302111_5.0017.317/1","302111_5.0017.331/6","302111_5.0017.333","302111_5.0017.336","302111_5.0017.528","302111_5.0017.530","302111_5.0017.543"],"location_quality":"dokładny","gunb_url":"https://wyszukiwarka.gunb.gov.pl/","parcel_count":7,"parcel_shard":"x068-y210","parcel_id":"302111_5.0017.331/6","location_source":"powiat poznański (wfs)"}},{"type":"Feature","id":"ST-WK-PO/WNIOSEK/19439/2025::302111_5.0017.333","geometry":{"type":"Polygon","coordinates":[[[17.0584123072013,52.6138073552605],[17.0584650949408,52.613773535208],[17.0629785723557,52.610881558182],[17.0630420430843,52.6108409022394],[17.063136018315,52.6109705765325],[17.0587257488939,52.6138019065593],[17.0585775118734,52.613937491969],[17.0585705545141,52.6142078112177],[17.0585802733834,52.614266514355],[17.0586574382226,52.6145167718052],[17.0587218058757,52.6146308428431],[17.0587476642783,52.6147635314902],[17.0588001050926,52.6148917338151],[17.0588288860969,52.6151047902366],[17.058839400747,52.6153663657066],[17.0588321952755,52.6155341288736],[17.0588115777901,52.6157286896395],[17.058777775172,52.6159887381044],[17.0586834814471,52.6162188941182],[17.0585850411824,52.6163852333273],[17.0585134816259,52.6164898924228],[17.0583090263533,52.6167028851224],[17.0581499022781,52.6168219464374],[17.057873061544,52.6170290847599],[17.0576667276073,52.6172005557226],[17.0569175664314,52.6177311703424],[17.0566159812584,52.6179439936176],[17.0562396574431,52.6181804133637],[17.0559906939361,52.6182542653056],[17.0559029483674,52.6182802937108],[17.0543123718464,52.618752097805],[17.052628164319,52.6191793661902],[17.0519982176717,52.6193198752861],[17.0515735845452,52.6194146995297],[17.0514264878171,52.6194475233087],[17.0514017532931,52.619490652762],[17.0512788327846,52.6194332248212],[17.0558933069859,52.6181830386855],[17.0564021282732,52.617839545321],[17.0564374061826,52.6177715218682],[17.0566138333012,52.6177180677488],[17.0576756125228,52.6169308077941],[17.0580163211477,52.6166807012137],[17.0582612833394,52.6164952610046],[17.0582883182861,52.6164602452033],[17.0583043422563,52.6164222658883],[17.0583362477205,52.6163667075891],[17.0584326886334,52.616182971845],[17.0585097372026,52.6159503457162],[17.0585967174652,52.6156979140915],[17.0586173358849,52.615503353362],[17.0586205186187,52.6153965208038],[17.0585907663801,52.6152635910875],[17.0585806648327,52.6151590802741],[17.0585221554772,52.6149235653193],[17.0585155715313,52.6148963852035],[17.0584838904839,52.6147563541435],[17.0584364002319,52.6145472241743],[17.0584179380933,52.6144731495659],[17.0583772363544,52.614294486774],[17.0583588778694,52.6142369739228],[17.0583181342905,52.6141233317982],[17.0583067978196,52.6139747884558],[17.0582903530341,52.613885488571],[17.0584123072013,52.6138073552605]]]},"properties":{"case_id":"ST-WK-PO/WNIOSEK/19439/2025","source_type":"wniosek_decyzja","received_date":"2025-09-23","decision_date":"2026-07-14","status":"decyzja wydana","description":"dot. przebudowy istniejącej sieci wodociągowej poprzez rozbiórkę i budowę nowej sieci oraz budowy nowych odcinków sieci wodociągowej w Wojnowie","address":"Wojnowo","city":"Wojnowo","office":"Starosta Powiatu Poznań","case_kind":"Obiekt budowlany inny niż budynek mieszkalny jednorodzinny","parcel_ids":["302111_5.0017.317/1","302111_5.0017.331/6","302111_5.0017.333","302111_5.0017.336","302111_5.0017.528","302111_5.0017.530","302111_5.0017.543"],"location_quality":"dokładny","gunb_url":"https://wyszukiwarka.gunb.gov.pl/","parcel_count":7,"parcel_shard":"x068-y210","parcel_id":"302111_5.0017.333","location_source":"powiat poznański (wfs)"}},{"type":"Feature","id":"ST-WK-PO/WNIOSEK/19439/2025::302111_5.0017.336","geometry":{"type":"Polygon","coordinates":[[[17.0717469736633,52.6230198824041],[17.0716776193179,52.6230060712838],[17.0672026269939,52.6225580660001],[17.0671079188428,52.6225477881569],[17.0599663537072,52.6217725446765],[17.059288368845,52.6216989235191],[17.0580152043275,52.6215692574484],[17.0578279449683,52.6215540886655],[17.053200787281,52.6211298519459],[17.0527598205354,52.6210399328667],[17.0525890175572,52.6209552385015],[17.0513716617628,52.6196617435891],[17.0511761332333,52.6194574212767],[17.0512788327846,52.6194332248212],[17.0514017532931,52.619490652762],[17.0516000122574,52.6196892771419],[17.0517526997391,52.6198431082738],[17.0517877081053,52.6198785877165],[17.0518919735495,52.619982511872],[17.0519071657601,52.6199975626564],[17.0520112833286,52.6201013973048],[17.0520987284519,52.6201897364338],[17.052204051484,52.620296263346],[17.0523412839321,52.620438369204],[17.0523681426243,52.620470549055],[17.0525387753404,52.6206840895289],[17.052829623479,52.6208637219447],[17.0530703370303,52.6209319776086],[17.0536035105033,52.6210065769611],[17.0559461594449,52.6212465747587],[17.0701562363813,52.6227395073802],[17.0702289956033,52.6227471469361],[17.0756644635814,52.6233177249785],[17.0757587725925,52.6233276226074],[17.0757881181816,52.623326795612],[17.0758105332969,52.6234254820485],[17.0717469736633,52.6230198824041]]]},"properties":{"case_id":"ST-WK-PO/WNIOSEK/19439/2025","source_type":"wniosek_decyzja","received_date":"2025-09-23","decision_date":"2026-07-14","status":"decyzja wydana","description":"dot. przebudowy istniejącej sieci wodociągowej poprzez rozbiórkę i budowę nowej sieci oraz budowy nowych odcinków sieci wodociągowej w Wojnowie","address":"Wojnowo","city":"Wojnowo","office":"Starosta Powiatu Poznań","case_kind":"Obiekt budowlany inny niż budynek mieszkalny jednorodzinny","parcel_ids":["302111_5.0017.317/1","302111_5.0017.331/6","302111_5.0017.333","302111_5.0017.336","302111_5.0017.528","302111_5.0017.530","302111_5.0017.543"],"location_quality":"dokładny","gunb_url":"https://wyszukiwarka.gunb.gov.pl/","parcel_count":7,"parcel_shard":"x068-y210","parcel_id":"302111_5.0017.336","location_source":"powiat poznański (wfs)"}},{"type":"Feature","id":"ST-WK-PO/WNIOSEK/19439/2025::302111_5.0017.528","geometry":{"type":"Polygon","coordinates":[[[17.0485235624811,52.6215863465427],[17.0481989865156,52.6213811959302],[17.0487553686645,52.6210948001836],[17.0488588025276,52.6211709577148],[17.0487679286095,52.6214249654565],[17.0485235624811,52.6215863465427]]]},"properties":{"case_id":"ST-WK-PO/WNIOSEK/19439/2025","source_type":"wniosek_decyzja","received_date":"2025-09-23","decision_date":"2026-07-14","status":"decyzja wydana","description":"dot. przebudowy istniejącej sieci wodociągowej poprzez rozbiórkę i budowę nowej sieci oraz budowy nowych odcinków sieci wodociągowej w Wojnowie","address":"Wojnowo","city":"Wojnowo","office":"Starosta Powiatu Poznań","case_kind":"Obiekt budowlany inny niż budynek mieszkalny jednorodzinny","parcel_ids":["302111_5.0017.317/1","302111_5.0017.331/6","302111_5.0017.333","302111_5.0017.336","302111_5.0017.528","302111_5.0017.530","302111_5.0017.543"],"location_quality":"dokładny","gunb_url":"https://wyszukiwarka.gunb.gov.pl/","parcel_count":7,"parcel_shard":"x068-y210","parcel_id":"302111_5.0017.528","location_source":"powiat poznański (wfs)"}},{"type":"Feature","id":"ST-WK-PO/WNIOSEK/19439/2025::302111_5.0017.530","geometry":{"type":"Polygon","coordinates":[[[17.0481989865156,52.6213811959302],[17.0476888179618,52.6210588021761],[17.0479012244169,52.620907589609],[17.0482554435193,52.6207267191622],[17.0487553686645,52.6210948001836],[17.0481989865156,52.6213811959302]]]},"properties":{"case_id":"ST-WK-PO/WNIOSEK/19439/2025","source_type":"wniosek_decyzja","received_date":"2025-09-23","decision_date":"2026-07-14","status":"decyzja wydana","description":"dot. przebudowy istniejącej sieci wodociągowej poprzez rozbiórkę i budowę nowej sieci oraz budowy nowych odcinków sieci wodociągowej w Wojnowie","address":"Wojnowo","city":"Wojnowo","office":"Starosta Powiatu Poznań","case_kind":"Obiekt budowlany inny niż budynek mieszkalny jednorodzinny","parcel_ids":["302111_5.0017.317/1","302111_5.0017.331/6","302111_5.0017.333","302111_5.0017.336","302111_5.0017.528","302111_5.0017.530","302111_5.0017.543"],"location_quality":"dokładny","gunb_url":"https://wyszukiwarka.gunb.gov.pl/","parcel_count":7,"parcel_shard":"x068-y210","parcel_id":"302111_5.0017.530","location_source":"powiat poznański (wfs)"}},{"type":"Feature","id":"ST-WK-PO/WNIOSEK/19439/2025::302111_5.0017.543","geometry":{"type":"Polygon","coordinates":[[[17.0499012335826,52.6209935663794],[17.0497410268902,52.6210483594991],[17.0495679669172,52.620895039934],[17.0495583513528,52.6208066322434],[17.0493712186943,52.6206480542585],[17.049330013199,52.6206130431545],[17.0490967524001,52.6204212494693],[17.0490067193731,52.6203500101403],[17.0490967081378,52.6203043379159],[17.0491861156133,52.6203809889861],[17.0494091142039,52.6205720787463],[17.0499012335826,52.6209935663794]]]},"properties":{"case_id":"ST-WK-PO/WNIOSEK/19439/2025","source_type":"wniosek_decyzja","received_date":"2025-09-23","decision_date":"2026-07-14","status":"decyzja wydana","description":"dot. przebudowy istniejącej sieci wodociągowej poprzez rozbiórkę i budowę nowej sieci oraz budowy nowych odcinków sieci wodociągowej w Wojnowie","address":"Wojnowo","city":"Wojnowo","office":"Starosta Powiatu Poznań","case_kind":"Obiekt budowlany inny niż budynek mieszkalny jednorodzinny","parcel_ids":["302111_5.0017.317/1","302111_5.0017.331/6","302111_5.0017.333","302111_5.0017.336","302111_5.0017.528","302111_5.0017.530","302111_5.0017.543"],"location_quality":"dokładny","gunb_url":"https://wyszukiwarka.gunb.gov.pl/","parcel_count":7,"parcel_shard":"x068-y210","parcel_id":"302111_5.0017.543","location_source":"powiat poznański (wfs)"}},{"type":"Feature","id":"ST-WK-PO/WNIOSEK/23980/2025::302112_5.0001.41","geometry":{"type":"Polygon","coordinates":[[[17.2275983666,52.5278143720328],[17.2277001733467,52.5279584816811],[17.2247601947323,52.5280387677535],[17.2205681809724,52.5281507358039],[17.2171798068715,52.5282415218168],[17.2170666257535,52.5282416799692],[17.2147991329734,52.5282442960256],[17.2145062999563,52.5282447299513],[17.2119639013414,52.5283053450607],[17.2112511416808,52.5285923206309],[17.2098700934218,52.5291526669322],[17.2067553487382,52.5303678318877],[17.2051366744507,52.5309926461392],[17.2040228094129,52.5314260796011],[17.2003105375396,52.5328847115276],[17.1972622373202,52.5340745296309],[17.1959535421418,52.5345844244401],[17.1958706262111,52.5344653392408],[17.1965120782196,52.5342165176074],[17.1974834753815,52.5338387889542],[17.1982179742792,52.5335551948435],[17.1986191275296,52.5333992446352],[17.2013924132477,52.5323148810842],[17.2036789205872,52.5314235937005],[17.2054679880599,52.5307132503878],[17.2068115026738,52.5301660075443],[17.2072548414597,52.5299674965474],[17.2073782395234,52.5299440603443],[17.2081281808987,52.5296624730799],[17.2084966820189,52.5295185320211],[17.2087750956512,52.5294098476289],[17.2088495960665,52.5293807768571],[17.2093312965583,52.5291904197509],[17.2097567929324,52.5290272486516],[17.2117281020989,52.5282557261102],[17.2119666366685,52.5281736250883],[17.2121641022877,52.5281392369243],[17.2122144997401,52.5281845310985],[17.2125297960785,52.5281771073738],[17.213105606496,52.5281635477253],[17.2135915850985,52.5281521014393],[17.2140333839993,52.5281416940354],[17.2144978617419,52.5281307506501],[17.2157931416227,52.5280933875532],[17.2171631922293,52.5280538521488],[17.2189857820988,52.5280139832616],[17.2220625590001,52.5279476076353],[17.2244665805335,52.5278930565182],[17.2251719700131,52.5278740019622],[17.2252161304303,52.5278728089309],[17.2259018692823,52.527854280889],[17.2274538053387,52.5278140205908],[17.2275983666,52.5278143720328]]]},"properties":{"case_id":"ST-WK-PO/WNIOSEK/23980/2025","source_type":"wniosek_decyzja","received_date":"2025-11-25","decision_date":"2026-01-22","status":"decyzja wydana","description":"Wniosek o wydanie pozwolenia na budowę instalacji elektroenergetycznej oświetlenia ulicznego (słupów solarnych) dla doświetlenia wybranych obszarów jezdni mających na celu poprawę bezpieczeństwa uczestników ruchu","address":"Pobiedziska","city":"Pobiedziska","office":"Starosta Powiatu Poznań","case_kind":"Obiekt budowlany inny niż budynek mieszkalny jednorodzinny","parcel_ids":["302112_5.0001.41","302112_5.0001.69"],"location_quality":"dokładny","gunb_url":"https://wyszukiwarka.gunb.gov.pl/","parcel_count":2,"parcel_shard":"x068-y210","parcel_id":"302112_5.0001.41","location_source":"powiat poznański (wfs)"}},{"type":"Feature","id":"ST-WK-PO/WNIOSEK/23980/2025::302112_5.0001.69","geometry":{"type":"Polygon","coordinates":[[[17.2121641022877,52.5281392369243],[17.2119666366685,52.5281736250883],[17.2119845989174,52.5280393229941],[17.2119773328846,52.5279945526782],[17.211939917851,52.527534107721],[17.2119369339559,52.5270328511352],[17.2119369017023,52.5264283825633],[17.2119274843431,52.5260226046381],[17.2119355751842,52.5256982504537],[17.2119340197927,52.5253755552493],[17.2119490610776,52.5251269987858],[17.2119432090351,52.5249749695903],[17.2119246061794,52.524478854525],[17.2119189678423,52.5243990080607],[17.2118955702932,52.52406766412],[17.2119110238349,52.5236532363198],[17.2118853724141,52.5227086060513],[17.2118852579962,52.5226581048081],[17.2118832122735,52.5222129387276],[17.2118611448824,52.5217450338675],[17.2118591230074,52.5217001030546],[17.2118543605057,52.5215996388626],[17.2118523386699,52.5215547080581],[17.2118301106127,52.5210855456101],[17.2118332486659,52.5203523807327],[17.2118319302588,52.5192334947305],[17.2118421040211,52.518395775047],[17.2119608465563,52.5183786098013],[17.2119451649764,52.5201889181303],[17.2119880345119,52.5216838131782],[17.2119898789777,52.5217948207784],[17.2119924354405,52.5219566123421],[17.2119954085441,52.5221362917636],[17.2119982327185,52.5223160600565],[17.2120010585283,52.522495738474],[17.2120061625593,52.5228115922877],[17.2120124941678,52.5233305711441],[17.2120153864879,52.5235641748114],[17.2120142160446,52.5236140537913],[17.2120120956795,52.5246697620329],[17.2120280427698,52.5257849653977],[17.2120521596278,52.5275330309822],[17.2120666806928,52.5277573401749],[17.2120749051087,52.5278843888604],[17.2121058568982,52.5279704520107],[17.2121252293669,52.5280243182371],[17.2121444130271,52.5280810302171],[17.2121641022877,52.5281392369243]]]},"properties":{"case_id":"ST-WK-PO/WNIOSEK/23980/2025","source_type":"wniosek_decyzja","received_date":"2025-11-25","decision_date":"2026-01-22","status":"decyzja wydana","description":"Wniosek o wydanie pozwolenia na budowę instalacji elektroenergetycznej oświetlenia ulicznego (słupów solarnych) dla doświetlenia wybranych obszarów jezdni mających na celu poprawę bezpieczeństwa uczestników ruchu","address":"Pobiedziska","city":"Pobiedziska","office":"Starosta Powiatu Poznań","case_kind":"Obiekt budowlany inny niż budynek mieszkalny jednorodzinny","parcel_ids":["302112_5.0001.41","302112_5.0001.69"],"location_quality":"dokładny","gunb_url":"https://wyszukiwarka.gunb.gov.pl/","parcel_count":2,"parcel_shard":"x068-y210","parcel_id":"302112_5.0001.69","location_source":"powiat poznański (wfs)"}},{"type":"Feature","id":"ST-WK-PO/WNIOSEK/1548/2026::302112_5.0027.12/5","geometry":{"type":"Polygon","coordinates":[[[17.1531146019209,52.5228564790596],[17.1533003792063,52.5226498151748],[17.1537951073953,52.522778140232],[17.1535976848098,52.5229977945884],[17.1531146019209,52.5228564790596]]]},"properties":{"case_id":"ST-WK-PO/WNIOSEK/1548/2026","source_type":"wniosek_decyzja","received_date":"2026-01-28","decision_date":"2026-05-18","status":"decyzja wydana","description":"wniosek o pozwolenie na budowę budynku mieszkalnego jednorodzinnego wolnostojącego","address":"Stęszewko","city":"Stęszewko","office":"Starosta Powiatu Poznań","case_kind":"Budynek mieszkalny jednorodzinny","parcel_ids":["302112_5.0027.12/5"],"location_quality":"dokładny","gunb_url":"https://wyszukiwarka.gunb.gov.pl/","parcel_count":1,"parcel_shard":"x068-y210","parcel_id":"302112_5.0027.12/5","location_source":"powiat poznański (wfs)"}},{"type":"Feature","id":"ST-WK-PO/WNIOSEK/14268/2026::302112_5.0027.217","geometry":{"type":"Polygon","coordinates":[[[17.1626482948319,52.5188528354232],[17.1628784090898,52.518820009006],[17.1629820526181,52.5189978472742],[17.1627660828349,52.5190444153255],[17.162747662175,52.5190144545988],[17.1626482948319,52.5188528354232]]]},"properties":{"case_id":"ST-WK-PO/WNIOSEK/14268/2026","source_type":"wniosek_decyzja","received_date":"2026-07-21","decision_date":"2026-08-05","status":"decyzja wydana","description":"rozbiórka budynku letniskowego","address":"Stęszewko","city":"Stęszewko","office":"Starosta Powiatu Poznań","case_kind":"Obiekt budowlany inny niż budynek mieszkalny jednorodzinny","parcel_ids":["302112_5.0027.217"],"location_quality":"dokładny","gunb_url":"https://wyszukiwarka.gunb.gov.pl/","parcel_count":1,"parcel_shard":"x068-y210","parcel_id":"302112_5.0027.217","location_source":"powiat poznański (wfs)"}},{"type":"Feature","id":"ST-WK-PO/WNIOSEK/4908/2026::302112_5.0027.360","geometry":{"type":"Polygon","coordinates":[[[17.1767582169685,52.5195420737313],[17.1765834318832,52.5195839978173],[17.1765464334769,52.5195928177723],[17.176418985682,52.5193881843694],[17.1766333678977,52.5193402447555],[17.1767582169685,52.5195420737313]]]},"properties":{"case_id":"ST-WK-PO/WNIOSEK/4908/2026","source_type":"wniosek_decyzja","received_date":"2026-03-16","decision_date":"2026-06-03","status":"decyzja wydana","description":"[e-Dor] dot. budowy budynku mieszkalnego jednorodzinnego w zabudowie wolnostojącej","address":"Stęszewko","city":"Stęszewko","office":"Starosta Powiatu Poznań","case_kind":"Budynek mieszkalny jednorodzinny","parcel_ids":["302112_5.0027.360","302112_5.0027.770"],"location_quality":"dokładny","gunb_url":"https://wyszukiwarka.gunb.gov.pl/","parcel_count":2,"parcel_shard":"x068-y210","parcel_id":"302112_5.0027.360","location_source":"powiat poznański (wfs)"}},{"type":"Feature","id":"ST-WK-PO/WNIOSEK/4908/2026::302112_5.0027.770","geometry":{"type":"Polygon","coordinates":[[[17.1764922658808,52.5196058322493],[17.1763750154282,52.5194152902524],[17.1763910223053,52.5193944607738],[17.176418985682,52.5193881843694],[17.1765464334769,52.5195928177723],[17.1764922658808,52.5196058322493]]]},"properties":{"case_id":"ST-WK-PO/WNIOSEK/4908/2026","source_type":"wniosek_decyzja","received_date":"2026-03-16","decision_date":"2026-06-03","status":"decyzja wydana","description":"[e-Dor] dot. budowy budynku mieszkalnego jednorodzinnego w zabudowie wolnostojącej","address":"Stęszewko","city":"Stęszewko","office":"Starosta Powiatu Poznań","case_kind":"Budynek mieszkalny jednorodzinny","parcel_ids":["302112_5.0027.360","302112_5.0027.770"],"location_quality":"dokładny","gunb_url":"https://wyszukiwarka.gunb.gov.pl/","parcel_count":2,"parcel_shard":"x068-y210","parcel_id":"302112_5.0027.770","location_source":"powiat poznański (wfs)"}},{"type":"Feature","id":"ST-WK-PO/WNIOSEK/9700/2026::302112_5.0027.51/20","geometry":{"type":"Polygon","coordinates":[[[17.1772697810307,52.5250219808418],[17.1773235181095,52.5250086933846],[17.1777134707449,52.5249187421731],[17.177801288805,52.5250530860982],[17.1779357422448,52.525262529787],[17.1779436157504,52.525274897336],[17.1775502650244,52.525365185191],[17.1773187908741,52.5250881998069],[17.1772697810307,52.5250219808418]]]},"properties":{"case_id":"ST-WK-PO/WNIOSEK/9700/2026","source_type":"wniosek_decyzja","received_date":"2026-05-21","decision_date":"2026-08-18","status":"decyzja wydana","description":"dot. budowy budynku mieszkalnego jednorodzinnego \"DOM W KOSAĆCACH 3\", zbiornika bezodpływowego na ścieki V=8,8 m2 oraz studni","address":"Stęszewko","city":"Stęszewko","office":"Starosta Powiatu Poznań","case_kind":"Budynek mieszkalny jednorodzinny","parcel_ids":["302112_5.0027.51/20"],"location_quality":"dokładny","gunb_url":"https://wyszukiwarka.gunb.gov.pl/","parcel_count":1,"parcel_shard":"x068-y210","parcel_id":"302112_5.0027.51/20","location_source":"powiat poznański (wfs)"}},{"type":"Feature","id":"ST-WK-PO/WNIOSEK/6618/2026::302112_5.0027.53/56","geometry":{"type":"Polygon","coordinates":[[[17.180186224572,52.526008552318],[17.1803227178548,52.5259746262072],[17.1804533809004,52.5259293353307],[17.1805807085567,52.5261265934969],[17.1803045132794,52.5261926264303],[17.180186224572,52.526008552318]]]},"properties":{"case_id":"ST-WK-PO/WNIOSEK/6618/2026","source_type":"wniosek_decyzja","received_date":"2026-04-07","decision_date":"2026-07-03","status":"decyzja wydana","description":"[e-Dor] wniosek o pozwolenie na budowę budynku mieszkalnego jednorodzinnego wolnostojącego oraz zbiornik bezodpływowy","address":"Stęszewko","city":"Stęszewko","office":"Starosta Powiatu Poznań","case_kind":"Budynek mieszkalny jednorodzinny","parcel_ids":["302112_5.0027.53/56","302112_5.0027.53/58","302112_5.0027.53/62"],"location_quality":"dokładny","gunb_url":"https://wyszukiwarka.gunb.gov.pl/","parcel_count":3,"parcel_shard":"x068-y210","parcel_id":"302112_5.0027.53/56","location_source":"powiat poznański (wfs)"}},{"type":"Feature","id":"ST-WK-PO/WNIOSEK/6618/2026::302112_5.0027.53/58","geometry":{"type":"Polygon","coordinates":[[[17.1805315421942,52.5259021950503],[17.1806638931288,52.5261066778921],[17.1805807085567,52.5261265934969],[17.1804533809004,52.5259293353307],[17.1805315421942,52.5259021950503]]]},"properties":{"case_id":"ST-WK-PO/WNIOSEK/6618/2026","source_type":"wniosek_decyzja","received_date":"2026-04-07","decision_date":"2026-07-03","status":"decyzja wydana","description":"[e-Dor] wniosek o pozwolenie na budowę budynku mieszkalnego jednorodzinnego wolnostojącego oraz zbiornik bezodpływowy","address":"Stęszewko","city":"Stęszewko","office":"Starosta Powiatu Poznań","case_kind":"Budynek mieszkalny jednorodzinny","parcel_ids":["302112_5.0027.53/56","302112_5.0027.53/58","302112_5.0027.53/62"],"location_quality":"dokładny","gunb_url":"https://wyszukiwarka.gunb.gov.pl/","parcel_count":3,"parcel_shard":"x068-y210","parcel_id":"302112_5.0027.53/58","location_source":"powiat poznański (wfs)"}},{"type":"Feature","id":"ST-WK-PO/WNIOSEK/6618/2026::302112_5.0027.53/62","geometry":{"type":"Polygon","coordinates":[[[17.180186224572,52.526008552318],[17.1803045132794,52.5261926264303],[17.1802636608732,52.5262024094919],[17.1801452249808,52.5260183343067],[17.180186224572,52.526008552318]]]},"properties":{"case_id":"ST-WK-PO/WNIOSEK/6618/2026","source_type":"wniosek_decyzja","received_date":"2026-04-07","decision_date":"2026-07-03","status":"decyzja wydana","description":"[e-Dor] wniosek o pozwolenie na budowę budynku mieszkalnego jednorodzinnego wolnostojącego oraz zbiornik bezodpływowy","address":"Stęszewko","city":"Stęszewko","office":"Starosta Powiatu Poznań","case_kind":"Budynek mieszkalny jednorodzinny","parcel_ids":["302112_5.0027.53/56","302112_5.0027.53/58","302112_5.0027.53/62"],"location_quality":"dokładny","gunb_url":"https://wyszukiwarka.gunb.gov.pl/","parcel_count":3,"parcel_shard":"x068-y210","parcel_id":"302112_5.0027.53/62","location_source":"powiat poznański (wfs)"}},{"type":"Feature","id":"ST-WK-PO/WNIOSEK/17650/2025::302112_5.0027.72/13","geometry":{"type":"Polygon","coordinates":[[[17.1854842615305,52.5202808213525],[17.1860448922775,52.5201435785295],[17.1862228020087,52.520418560949],[17.1856622369108,52.5205558245672],[17.1854842615305,52.5202808213525]]]},"properties":{"case_id":"ST-WK-PO/WNIOSEK/17650/2025","source_type":"wniosek_decyzja","received_date":"2025-08-28","decision_date":"2025-11-13","status":"decyzja wydana","description":"dot. budowy budynku mieszkalnego jednorodzinnego wolnostojącego wraz z instalacjami i urządzeniami technicznymi oraz pozostałą niezbędną infrastrukturą techniczną","address":"Stęszewko","city":"Stęszewko","office":"Starosta Powiatu Poznań","case_kind":"Budynek mieszkalny jednorodzinny","parcel_ids":["302112_5.0027.72/13"],"location_quality":"dokładny","gunb_url":"https://wyszukiwarka.gunb.gov.pl/","parcel_count":1,"parcel_shard":"x068-y210","parcel_id":"302112_5.0027.72/13","location_source":"powiat poznański (wfs)"}},{"type":"Feature","id":"ST-WK-PO/WNIOSEK/6944/2026::302112_5.0033.110","geometry":{"type":"Polygon","coordinates":[[[17.1960058895033,52.5205350343234],[17.1963731118349,52.5201604134348],[17.1964735795468,52.5201450978509],[17.1967982251456,52.5202627008199],[17.1968630608328,52.5202865082708],[17.1965791415012,52.520577393563],[17.1964967396803,52.5205715315481],[17.1960058895033,52.5205350343234]]]},"properties":{"case_id":"ST-WK-PO/WNIOSEK/6944/2026","source_type":"wniosek_decyzja","received_date":"2026-04-13","decision_date":"2026-06-09","status":"decyzja wydana","description":"dot. budowy budynku mieszkalnego jednorodzinnego oraz zbiornika bezodpływowego na nieczystości ciekłe","address":"Wronczyn","city":"Wronczyn","office":"Starosta Powiatu Poznań","case_kind":"Budynek mieszkalny jednorodzinny","parcel_ids":["302112_5.0033.110"],"location_quality":"dokładny","gunb_url":"https://wyszukiwarka.gunb.gov.pl/","parcel_count":1,"parcel_shard":"x068-y210","parcel_id":"302112_5.0033.110","location_source":"powiat poznański (wfs)"}},{"type":"Feature","id":"ST-WK-PO/WNIOSEK/7037/2026::302112_5.0033.62/2","geometry":{"type":"Polygon","coordinates":[[[17.1969047243337,52.5219687987405],[17.197278865569,52.5215866725769],[17.1976373245737,52.5217171748568],[17.1973343240039,52.522028064508],[17.1972266644145,52.522049713166],[17.1969047243337,52.5219687987405]]]},"properties":{"case_id":"ST-WK-PO/WNIOSEK/7037/2026","source_type":"wniosek_decyzja","received_date":"2026-04-14","decision_date":"2026-06-24","status":"decyzja wydana","description":"dot. wniosku o pozwolenie na budowę budynku mieszkalnego jednorodzinnego wolnostojącego","address":"Wronczynek","city":"Wronczynek","office":"Starosta Powiatu Poznań","case_kind":"Budynek mieszkalny jednorodzinny","parcel_ids":["302112_5.0033.62/2"],"location_quality":"dokładny","gunb_url":"https://wyszukiwarka.gunb.gov.pl/","parcel_count":1,"parcel_shard":"x068-y210","parcel_id":"302112_5.0033.62/2","location_source":"powiat poznański (wfs)"}},{"type":"Feature","id":"ST-WK-PO/WNIOSEK/7615/2026::302112_5.0033.62/52","geometry":{"type":"Polygon","coordinates":[[[17.2013615797801,52.5185205309459],[17.2010463349054,52.5184045317931],[17.2014740609138,52.5179723342544],[17.2018114836691,52.5180676308867],[17.2013615797801,52.5185205309459]]]},"properties":{"case_id":"ST-WK-PO/WNIOSEK/7615/2026","source_type":"wniosek_decyzja","received_date":"2026-04-22","decision_date":"2026-05-25","status":"decyzja wydana","description":"wniosku o pozwolenie na budowę domu jednorodzinnego wraz z instalacjami i urządzeniami technicznymi i wewnętrzną instalacją gazową i szczelny zbiornik bezodpływowy na ścieki sanitarne","address":"Wronczynek","city":"Wronczynek","office":"Starosta Powiatu Poznań","case_kind":"Budynek mieszkalny jednorodzinny","parcel_ids":["302112_5.0033.62/52"],"location_quality":"dokładny","gunb_url":"https://wyszukiwarka.gunb.gov.pl/","parcel_count":1,"parcel_shard":"x068-y210","parcel_id":"302112_5.0033.62/52","location_source":"powiat poznański (wfs)"}},{"type":"Feature","id":"ST-WK-PO/WNIOSEK/3196/2026::302112_5.0033.62/53","geometry":{"type":"Polygon","coordinates":[[[17.2010463349054,52.5184045317931],[17.2010144296222,52.5183928124216],[17.2007058976591,52.5182804526755],[17.2011111136395,52.5178710224896],[17.2014740609138,52.5179723342544],[17.2010463349054,52.5184045317931]]]},"properties":{"case_id":"ST-WK-PO/WNIOSEK/3196/2026","source_type":"wniosek_decyzja","received_date":"2026-02-20","decision_date":"2026-04-23","status":"decyzja wydana","description":"dot. budowy domu jednorodzinnego wraz z instalacjami i urządzeniami technicznymi (wewnętrzna instalacja gazowa)","address":"Wronczynek","city":"Wronczynek","office":"Starosta Powiatu Poznań","case_kind":"Budynek mieszkalny jednorodzinny","parcel_ids":["302112_5.0033.62/53"],"location_quality":"dokładny","gunb_url":"https://wyszukiwarka.gunb.gov.pl/","parcel_count":1,"parcel_shard":"x068-y210","parcel_id":"302112_5.0033.62/53","location_source":"powiat poznański (wfs)"}},{"type":"Feature","id":"ST-WK-PO/WNIOSEK/6352/2026::302112_5.0033.62/82","geometry":{"type":"Polygon","coordinates":[[[17.1988558976479,52.5185550044409],[17.198684293958,52.5187311658232],[17.1980095661859,52.5184858207595],[17.1981801256959,52.5183104621462],[17.1988558976479,52.5185550044409]]]},"properties":{"case_id":"ST-WK-PO/WNIOSEK/6352/2026","source_type":"wniosek_decyzja","received_date":"2026-04-02","decision_date":"2026-06-26","status":"decyzja wydana","description":"[e-Dor] dot. budowy  budynku mieszkalnego jednorodzinnego","address":"Wronczyn","city":"Wronczyn","office":"Starosta Powiatu Poznań","case_kind":"Budynek mieszkalny jednorodzinny","parcel_ids":["302112_5.0033.62/82"],"location_quality":"dokładny","gunb_url":"https://wyszukiwarka.gunb.gov.pl/","parcel_count":1,"parcel_shard":"x068-y210","parcel_id":"302112_5.0033.62/82","location_source":"powiat poznański (wfs)"}},{"type":"Feature","id":"ST-WK-PO/WNIOSEK/8742/2026::302112_5.0033.65/36","geometry":{"type":"Polygon","coordinates":[[[17.1978829031164,52.5162670296742],[17.1979616062593,52.5162652263144],[17.198139698677,52.5164282079348],[17.1978001885132,52.5167721951642],[17.1974953751812,52.5166589534088],[17.1978829031164,52.5162670296742]]]},"properties":{"case_id":"ST-WK-PO/WNIOSEK/8742/2026","source_type":"wniosek_decyzja","received_date":"2026-05-07","decision_date":"2026-06-22","status":"decyzja wydana","description":"zmiana  decyzji nr 333/26 z dnia 03.02.2006 znak AB.6740.7.194.2025 dot. budowy buydnku mieszkalnego jednorodzinnego wolnostojącego","address":"Wronczyn","city":"Wronczyn","office":"Starosta Powiatu Poznań","case_kind":"Budynek mieszkalny jednorodzinny","parcel_ids":["302112_5.0033.65/36"],"location_quality":"dokładny","gunb_url":"https://wyszukiwarka.gunb.gov.pl/","parcel_count":1,"parcel_shard":"x068-y210","parcel_id":"302112_5.0033.65/36","location_source":"powiat poznański (wfs)"}},{"type":"Feature","id":"ST-WK-PO/WNIOSEK/22473/2025::302112_5.0033.65/36","geometry":{"type":"Polygon","coordinates":[[[17.1978829031164,52.5162670296742],[17.1979616062593,52.5162652263144],[17.198139698677,52.5164282079348],[17.1978001885132,52.5167721951642],[17.1974953751812,52.5166589534088],[17.1978829031164,52.5162670296742]]]},"properties":{"case_id":"ST-WK-PO/WNIOSEK/22473/2025","source_type":"wniosek_decyzja","received_date":"2025-10-31","decision_date":"2026-02-05","status":"decyzja wydana","description":"Wniosek o pozwolenie na budowę budynku mieszkalnego jednorodzinnego wolnostojącego","address":"Wronczyn","city":"Wronczyn","office":"Starosta Powiatu Poznań","case_kind":"Budynek mieszkalny jednorodzinny","parcel_ids":["302112_5.0033.65/36"],"location_quality":"dokładny","gunb_url":"https://wyszukiwarka.gunb.gov.pl/","parcel_count":1,"parcel_shard":"x068-y210","parcel_id":"302112_5.0033.65/36","location_source":"powiat poznański (wfs)"}},{"type":"Feature","id":"ST-WK-PO/WNIOSEK/22575/2025::302112_5.0033.65/39","geometry":{"type":"Polygon","coordinates":[[[17.1981601186384,52.5174348553125],[17.1983800634317,52.5172089617837],[17.1989021264713,52.5173985377568],[17.1986826269342,52.5176243453811],[17.1981964155365,52.5174480432139],[17.1981601186384,52.5174348553125]]]},"properties":{"case_id":"ST-WK-PO/WNIOSEK/22575/2025","source_type":"wniosek_decyzja","received_date":"2025-11-03","decision_date":"2026-02-05","status":"decyzja wydana","description":"dot. budowy budynku mieszkalnego jednorodzinnego","address":"Wronczyn","city":"Wronczyn","office":"Starosta Powiatu Poznań","case_kind":"Budynek mieszkalny jednorodzinny","parcel_ids":["302112_5.0033.65/39"],"location_quality":"dokładny","gunb_url":"https://wyszukiwarka.gunb.gov.pl/","parcel_count":1,"parcel_shard":"x068-y210","parcel_id":"302112_5.0033.65/39","location_source":"powiat poznański (wfs)"}},{"type":"Feature","id":"ST-WK-WA/WNIOSEK/19772/2025::302804_5.0001.108/1","geometry":{"type":"Polygon","coordinates":[[[17.2256045553514,52.7145594993457],[17.2250540473531,52.714416781258],[17.2245633123272,52.7150011548204],[17.2250952334507,52.7151658621497],[17.2256045553514,52.7145594993457]]]},"properties":{"case_id":"ST-WK-WA/WNIOSEK/19772/2025","source_type":"wniosek_decyzja","received_date":"2025-09-26","decision_date":"2026-01-22","status":"decyzja wydana","description":"budowa budynku mieszkalnego jednorodzinnego","address":"Podlesie Wysokie","city":"Podlesie Wysokie","office":"Starosta Powiatu Wągrowiec","case_kind":"Budynek mieszkalny jednorodzinny","parcel_ids":["302804_5.0001.108/1"],"location_quality":"dokładny","gunb_url":"https://wyszukiwarka.gunb.gov.pl/","parcel_count":1,"parcel_shard":"x068-y210","parcel_id":"302804_5.0001.108/1","location_source":"powiat wągrowiecki (wfs)"}},{"type":"Feature","id":"ST-WK-WA/WNIOSEK/2328/2026::302804_5.0001.149","geometry":{"type":"Polygon","coordinates":[[[17.2384423929421,52.7176842635886],[17.2397286106397,52.7174403372736],[17.2397427174336,52.7174376416972],[17.2393437865103,52.7170419846302],[17.2384423929421,52.7176842635886]]]},"properties":{"case_id":"ST-WK-WA/WNIOSEK/2328/2026","source_type":"wniosek_decyzja","received_date":"2026-02-09","decision_date":"2026-04-13","status":"decyzja wydana","description":"budowa budynku mieszkalnego jednorodzinnego wraz ze zbiornikiem b.o.","address":"Podlesie Wysokie","city":"Podlesie Wysokie","office":"Starosta Powiatu Wągrowiec","case_kind":"Budynek mieszkalny jednorodzinny","parcel_ids":["302804_5.0001.149"],"location_quality":"dokładny","gunb_url":"https://wyszukiwarka.gunb.gov.pl/","parcel_count":1,"parcel_shard":"x068-y210","parcel_id":"302804_5.0001.149","location_source":"powiat wągrowiecki (wfs)"}},{"type":"Feature","id":"ST-WK-WA/WNIOSEK/5186/2026::302804_5.0001.152/6","geometry":{"type":"Polygon","coordinates":[[[17.2417523146455,52.7176769141078],[17.2420250403086,52.7176034077587],[17.2420646375985,52.7175947363841],[17.2418502303989,52.7172924273882],[17.2416964957769,52.7173260784118],[17.2415294289801,52.7173626474439],[17.2417523146455,52.7176769141078]]]},"properties":{"case_id":"ST-WK-WA/WNIOSEK/5186/2026","source_type":"wniosek_decyzja","received_date":"2026-03-19","decision_date":"2026-05-18","status":"decyzja wydana","description":"budowa budynku mieszkalnego jednorodzinnego","address":"Podlesie Wysokie","city":"Podlesie Wysokie","office":"Starosta Powiatu Wągrowiec","case_kind":"Budynek mieszkalny jednorodzinny","parcel_ids":["302804_5.0001.152/6"],"location_quality":"dokładny","gunb_url":"https://wyszukiwarka.gunb.gov.pl/","parcel_count":1,"parcel_shard":"x068-y210","parcel_id":"302804_5.0001.152/6","location_source":"powiat wągrowiecki (wfs)"}},{"type":"Feature","id":"ST-WK-WA/WNIOSEK/1504/2026::302804_5.0001.48","geometry":{"type":"Polygon","coordinates":[[[17.2458076272699,52.7219325842862],[17.2474467193054,52.7234358247373],[17.2522132544491,52.721870488102],[17.2511605009222,52.7204509531348],[17.2501831371381,52.7206883899958],[17.2458076272699,52.7219325842862]]]},"properties":{"case_id":"ST-WK-WA/WNIOSEK/1504/2026","source_type":"wniosek_decyzja","received_date":"2026-01-27","decision_date":"2026-03-27","status":"decyzja wydana","description":"budowa hali garażowej w zabudowie zagrodowej","address":"Podlesie Wysokie","city":"Podlesie Wysokie","office":"Starosta Powiatu Wągrowiec","case_kind":"Obiekt budowlany inny niż budynek mieszkalny jednorodzinny","parcel_ids":["302804_5.0001.48"],"location_quality":"dokładny","gunb_url":"https://wyszukiwarka.gunb.gov.pl/","parcel_count":1,"parcel_shard":"x068-y210","parcel_id":"302804_5.0001.48","location_source":"powiat wągrowiecki (wfs)"}},{"type":"Feature","id":"ST-WK-WA/WNIOSEK/25930/2025::302804_5.0006.22/13","geometry":{"type":"Polygon","coordinates":[[[17.2271863097687,52.7450407680977],[17.227238187397,52.745448402915],[17.2273403033266,52.7455025415977],[17.2280805158491,52.7454920830754],[17.2280617096679,52.7450059366164],[17.2271863097687,52.7450407680977]]]},"properties":{"case_id":"ST-WK-WA/WNIOSEK/25930/2025","source_type":"wniosek_decyzja","received_date":"2025-12-22","decision_date":"2026-02-26","status":"decyzja wydana","description":"budynek mieszkalny jednorodzinny - zatwierdzenie projektu zamiennego","address":"Sarbia","city":"Sarbia","office":"Starosta Powiatu Wągrowiec","case_kind":"Budynek mieszkalny jednorodzinny","parcel_ids":["302804_5.0006.22/13"],"location_quality":"dokładny","gunb_url":"https://wyszukiwarka.gunb.gov.pl/","parcel_count":1,"parcel_shard":"x068-y210","parcel_id":"302804_5.0006.22/13","location_source":"powiat wągrowiecki (wfs)"}},{"type":"Feature","id":"ST-WK-WA/WNIOSEK/1749/2026::302805_4.0001.1092/4","geometry":{"type":"Polygon","coordinates":[[[17.1580276933948,52.6622100745813],[17.1579687225301,52.6620789803187],[17.1578387223215,52.661822676843],[17.1577249985326,52.661597723746],[17.1576093418603,52.6613691786671],[17.1575169068445,52.6611865221614],[17.1574147963865,52.6609843784158],[17.1573082230374,52.6607737935219],[17.1571403208417,52.6604454020516],[17.1571185115003,52.6604035458698],[17.1570793331222,52.6601120786971],[17.156959647374,52.6597022826532],[17.1568796541584,52.6597224098024],[17.1570101933905,52.6601256969766],[17.1570545464364,52.6604247503109],[17.1571344584484,52.6605778555953],[17.1572439986623,52.6607919412498],[17.1572505474578,52.66080478283],[17.1573516062741,52.6610025248197],[17.1573715500879,52.6610414984489],[17.1574607435478,52.6611999173992],[17.1575464336525,52.6613836404275],[17.1576643133854,52.661613979829],[17.1577793680356,52.6618392008001],[17.1579058866872,52.6620951603564],[17.1579558496398,52.6622181020823],[17.1580276933948,52.6622100745813]]]},"properties":{"case_id":"ST-WK-WA/WNIOSEK/1749/2026","source_type":"wniosek_decyzja","received_date":"2026-01-30","decision_date":"2026-05-05","status":"decyzja wydana","description":"budowa oświetlenia drogowego w Skokach -ul. Polna, Karolewo - II etap","address":"Polna, Skoki","city":"Skoki","office":"Starosta Powiatu Wągrowiec","case_kind":"Obiekt budowlany inny niż budynek mieszkalny jednorodzinny","parcel_ids":["302805_4.0001.1092/4","302805_4.0001.1119/1","302805_4.0001.1123/3","302805_4.0001.1128/1","302805_4.0001.1128/2","302805_4.0001.1128/3","302805_4.0001.1163","302805_4.0001.1181/1","302805_4.0001.1254","302805_4.0001.1255/1","302805_4.0001.1257/1","302805_4.0001.1258/2","302805_4.0001.1259/3","302805_4.0001.1260","302805_4.0001.1262/4","302805_4.0001.1264","302805_4.0001.1265","302805_4.0001.1266/26","302805_4.0001.1512","302805_4.0001.1522"],"location_quality":"dokładny","gunb_url":"https://wyszukiwarka.gunb.gov.pl/","parcel_count":20,"parcel_shard":"x068-y210","parcel_id":"302805_4.0001.1092/4","location_source":"powiat wągrowiecki (wfs)"}},{"type":"Feature","id":"ST-WK-WA/WNIOSEK/1749/2026::302805_4.0001.1119/1","geometry":{"type":"Polygon","coordinates":[[[17.1584345365085,52.6595327665171],[17.1585331525909,52.6598048556273],[17.1585904141057,52.6599628428141],[17.1586861122315,52.6599389224769],[17.1589048504193,52.6598842471257],[17.1584345365085,52.6595327665171]]]},"properties":{"case_id":"ST-WK-WA/WNIOSEK/1749/2026","source_type":"wniosek_decyzja","received_date":"2026-01-30","decision_date":"2026-05-05","status":"decyzja wydana","description":"budowa oświetlenia drogowego w Skokach -ul. Polna, Karolewo - II etap","address":"Polna, Skoki","city":"Skoki","office":"Starosta Powiatu Wągrowiec","case_kind":"Obiekt budowlany inny niż budynek mieszkalny jednorodzinny","parcel_ids":["302805_4.0001.1092/4","302805_4.0001.1119/1","302805_4.0001.1123/3","302805_4.0001.1128/1","302805_4.0001.1128/2","302805_4.0001.1128/3","302805_4.0001.1163","302805_4.0001.1181/1","302805_4.0001.1254","302805_4.0001.1255/1","302805_4.0001.1257/1","302805_4.0001.1258/2","302805_4.0001.1259/3","302805_4.0001.1260","302805_4.0001.1262/4","302805_4.0001.1264","302805_4.0001.1265","302805_4.0001.1266/26","302805_4.0001.1512","302805_4.0001.1522"],"location_quality":"dokładny","gunb_url":"https://wyszukiwarka.gunb.gov.pl/","parcel_count":20,"parcel_shard":"x068-y210","parcel_id":"302805_4.0001.1119/1","location_source":"powiat wągrowiecki (wfs)"}},{"type":"Feature","id":"ST-WK-WA/WNIOSEK/1749/2026::302805_4.0001.1123/3","geometry":{"type":"Polygon","coordinates":[[[17.1608541849122,52.6596089763882],[17.1609414399187,52.6595986296831],[17.1608585098422,52.6590667133842],[17.1607771522701,52.6591164661603],[17.1604513298747,52.6591352785748],[17.1604591933671,52.6591800011601],[17.1607841293942,52.6591611824465],[17.1608485412591,52.6591936333394],[17.1608927791649,52.6594768667475],[17.1609067337694,52.6595662993014],[17.1608541849122,52.6596089763882]]]},"properties":{"case_id":"ST-WK-WA/WNIOSEK/1749/2026","source_type":"wniosek_decyzja","received_date":"2026-01-30","decision_date":"2026-05-05","status":"decyzja wydana","description":"budowa oświetlenia drogowego w Skokach -ul. Polna, Karolewo - II etap","address":"Polna, Skoki","city":"Skoki","office":"Starosta Powiatu Wągrowiec","case_kind":"Obiekt budowlany inny niż budynek mieszkalny jednorodzinny","parcel_ids":["302805_4.0001.1092/4","302805_4.0001.1119/1","302805_4.0001.1123/3","302805_4.0001.1128/1","302805_4.0001.1128/2","302805_4.0001.1128/3","302805_4.0001.1163","302805_4.0001.1181/1","302805_4.0001.1254","302805_4.0001.1255/1","302805_4.0001.1257/1","302805_4.0001.1258/2","302805_4.0001.1259/3","302805_4.0001.1260","302805_4.0001.1262/4","302805_4.0001.1264","302805_4.0001.1265","302805_4.0001.1266/26","302805_4.0001.1512","302805_4.0001.1522"],"location_quality":"dokładny","gunb_url":"https://wyszukiwarka.gunb.gov.pl/","parcel_count":20,"parcel_shard":"x068-y210","parcel_id":"302805_4.0001.1123/3","location_source":"powiat wągrowiecki (wfs)"}},{"type":"Feature","id":"ST-WK-WA/WNIOSEK/1749/2026::302805_4.0001.1128/1","geometry":{"type":"Polygon","coordinates":[[[17.1586861122315,52.6599389224769],[17.1585904141057,52.6599628428141],[17.1581387691509,52.6600756613876],[17.1578691956717,52.6601435774471],[17.1577121475629,52.6602002042349],[17.1571185115003,52.6604035458698],[17.1571403208417,52.6604454020516],[17.1578940918475,52.6601863541549],[17.1582967672279,52.6600837038644],[17.1587116314628,52.6599778205267],[17.1586861122315,52.6599389224769]]]},"properties":{"case_id":"ST-WK-WA/WNIOSEK/1749/2026","source_type":"wniosek_decyzja","received_date":"2026-01-30","decision_date":"2026-05-05","status":"decyzja wydana","description":"budowa oświetlenia drogowego w Skokach -ul. Polna, Karolewo - II etap","address":"Polna, Skoki","city":"Skoki","office":"Starosta Powiatu Wągrowiec","case_kind":"Obiekt budowlany inny niż budynek mieszkalny jednorodzinny","parcel_ids":["302805_4.0001.1092/4","302805_4.0001.1119/1","302805_4.0001.1123/3","302805_4.0001.1128/1","302805_4.0001.1128/2","302805_4.0001.1128/3","302805_4.0001.1163","302805_4.0001.1181/1","302805_4.0001.1254","302805_4.0001.1255/1","302805_4.0001.1257/1","302805_4.0001.1258/2","302805_4.0001.1259/3","302805_4.0001.1260","302805_4.0001.1262/4","302805_4.0001.1264","302805_4.0001.1265","302805_4.0001.1266/26","302805_4.0001.1512","302805_4.0001.1522"],"location_quality":"dokładny","gunb_url":"https://wyszukiwarka.gunb.gov.pl/","parcel_count":20,"parcel_shard":"x068-y210","parcel_id":"302805_4.0001.1128/1","location_source":"powiat wągrowiecki (wfs)"}},{"type":"Feature","id":"ST-WK-WA/WNIOSEK/1749/2026::302805_4.0001.1128/2","geometry":{"type":"Polygon","coordinates":[[[17.1587116314628,52.6599778205267],[17.1589344461173,52.6599209520568],[17.1589048504193,52.6598842471257],[17.1586861122315,52.6599389224769],[17.1587116314628,52.6599778205267]]]},"properties":{"case_id":"ST-WK-WA/WNIOSEK/1749/2026","source_type":"wniosek_decyzja","received_date":"2026-01-30","decision_date":"2026-05-05","status":"decyzja wydana","description":"budowa oświetlenia drogowego w Skokach -ul. Polna, Karolewo - II etap","address":"Polna, Skoki","city":"Skoki","office":"Starosta Powiatu Wągrowiec","case_kind":"Obiekt budowlany inny niż budynek mieszkalny jednorodzinny","parcel_ids":["302805_4.0001.1092/4","302805_4.0001.1119/1","302805_4.0001.1123/3","302805_4.0001.1128/1","302805_4.0001.1128/2","302805_4.0001.1128/3","302805_4.0001.1163","302805_4.0001.1181/1","302805_4.0001.1254","302805_4.0001.1255/1","302805_4.0001.1257/1","302805_4.0001.1258/2","302805_4.0001.1259/3","302805_4.0001.1260","302805_4.0001.1262/4","302805_4.0001.1264","302805_4.0001.1265","302805_4.0001.1266/26","302805_4.0001.1512","302805_4.0001.1522"],"location_quality":"dokładny","gunb_url":"https://wyszukiwarka.gunb.gov.pl/","parcel_count":20,"parcel_shard":"x068-y210","parcel_id":"302805_4.0001.1128/2","location_source":"powiat wągrowiecki (wfs)"}},{"type":"Feature","id":"ST-WK-WA/WNIOSEK/1749/2026::302805_4.0001.1128/3","geometry":{"type":"Polygon","coordinates":[[[17.1609414399187,52.6595986296831],[17.1608541849122,52.6596089763882],[17.1605391997073,52.6596482669568],[17.1604675493721,52.6596545250988],[17.1600644613775,52.6597017029689],[17.1595619381004,52.6597589966054],[17.1592896389278,52.659787969275],[17.1591108605984,52.6598327527531],[17.1589048504193,52.6598842471257],[17.1589344461173,52.6599209520568],[17.1592947641149,52.6598289877177],[17.1601863657608,52.6597248129564],[17.1609538287275,52.6596386210014],[17.1609414399187,52.6595986296831]]]},"properties":{"case_id":"ST-WK-WA/WNIOSEK/1749/2026","source_type":"wniosek_decyzja","received_date":"2026-01-30","decision_date":"2026-05-05","status":"decyzja wydana","description":"budowa oświetlenia drogowego w Skokach -ul. Polna, Karolewo - II etap","address":"Polna, Skoki","city":"Skoki","office":"Starosta Powiatu Wągrowiec","case_kind":"Obiekt budowlany inny niż budynek mieszkalny jednorodzinny","parcel_ids":["302805_4.0001.1092/4","302805_4.0001.1119/1","302805_4.0001.1123/3","302805_4.0001.1128/1","302805_4.0001.1128/2","302805_4.0001.1128/3","302805_4.0001.1163","302805_4.0001.1181/1","302805_4.0001.1254","302805_4.0001.1255/1","302805_4.0001.1257/1","302805_4.0001.1258/2","302805_4.0001.1259/3","302805_4.0001.1260","302805_4.0001.1262/4","302805_4.0001.1264","302805_4.0001.1265","302805_4.0001.1266/26","302805_4.0001.1512","302805_4.0001.1522"],"location_quality":"dokładny","gunb_url":"https://wyszukiwarka.gunb.gov.pl/","parcel_count":20,"parcel_shard":"x068-y210","parcel_id":"302805_4.0001.1128/3","location_source":"powiat wągrowiecki (wfs)"}},{"type":"Feature","id":"ST-WK-WA/WNIOSEK/1749/2026::302805_4.0001.1163","geometry":{"type":"Polygon","coordinates":[[[17.1617046585744,52.6656353327766],[17.1617721271625,52.6655336963668],[17.1617424596561,52.6652348378807],[17.1617121383812,52.6649808223495],[17.1616541205029,52.6644768069283],[17.1616251355432,52.6642321512692],[17.1615481304905,52.6635866320324],[17.1614289564697,52.6624376621454],[17.1614157133651,52.6623341246839],[17.1613916862428,52.6621453113592],[17.1612255997562,52.6608452920386],[17.1611952429458,52.6605934328719],[17.1611671829463,52.6603547634604],[17.1611362624677,52.6600918836997],[17.1611224047921,52.6600205163374],[17.1610803801944,52.6598763322185],[17.1610281766154,52.659630789167],[17.1609966591252,52.6594164885855],[17.1609863024854,52.6593692926902],[17.1609459039912,52.6591493862121],[17.1609386311382,52.6591046678421],[17.1609137509444,52.6589528759427],[17.1608725333544,52.6587048941188],[17.160799084477,52.6586967348242],[17.1608200693426,52.658820368924],[17.1608585098422,52.6590667133842],[17.1609414399187,52.6595986296831],[17.1609538287275,52.6596386210014],[17.1610547227527,52.6600347368038],[17.1610632488222,52.6601028409178],[17.1610761854208,52.6602049070304],[17.1610916481117,52.6603396019065],[17.1611081997298,52.6604727289402],[17.1611250509954,52.6605931360581],[17.1611427126444,52.6607341959992],[17.161156866678,52.6608456959921],[17.1611733082852,52.6609764234264],[17.1612037532562,52.661217752414],[17.1612352678458,52.661468515485],[17.1613132311867,52.6621049424662],[17.1613362319961,52.6622932991818],[17.1613544149397,52.6624399207488],[17.1613665420491,52.6625440319044],[17.1613858991661,52.6627102117208],[17.1613991884906,52.6628267810818],[17.1614288018948,52.6630867233986],[17.1614584139134,52.6633467555588],[17.1614767589916,52.6635081173858],[17.1615065210702,52.6637680607029],[17.1615361288062,52.6640283624],[17.1615494171716,52.6641450215823],[17.161583328908,52.6643967258992],[17.161615317601,52.664671693674],[17.1616193782924,52.6647066829599],[17.1616277626239,52.6647783709757],[17.1616482020025,52.6649539474675],[17.1616987443989,52.665549443306],[17.1617046585744,52.6656353327766]]]},"properties":{"case_id":"ST-WK-WA/WNIOSEK/1749/2026","source_type":"wniosek_decyzja","received_date":"2026-01-30","decision_date":"2026-05-05","status":"decyzja wydana","description":"budowa oświetlenia drogowego w Skokach -ul. Polna, Karolewo - II etap","address":"Polna, Skoki","city":"Skoki","office":"Starosta Powiatu Wągrowiec","case_kind":"Obiekt budowlany inny niż budynek mieszkalny jednorodzinny","parcel_ids":["302805_4.0001.1092/4","302805_4.0001.1119/1","302805_4.0001.1123/3","302805_4.0001.1128/1","302805_4.0001.1128/2","302805_4.0001.1128/3","302805_4.0001.1163","302805_4.0001.1181/1","302805_4.0001.1254","302805_4.0001.1255/1","302805_4.0001.1257/1","302805_4.0001.1258/2","302805_4.0001.1259/3","302805_4.0001.1260","302805_4.0001.1262/4","302805_4.0001.1264","302805_4.0001.1265","302805_4.0001.1266/26","302805_4.0001.1512","302805_4.0001.1522"],"location_quality":"dokładny","gunb_url":"https://wyszukiwarka.gunb.gov.pl/","parcel_count":20,"parcel_shard":"x068-y210","parcel_id":"302805_4.0001.1163","location_source":"powiat wągrowiecki (wfs)"}},{"type":"Feature","id":"ST-WK-WA/WNIOSEK/1749/2026::302805_4.0001.1181/1","geometry":{"type":"Polygon","coordinates":[[[17.1541509184,52.6562727955989],[17.1541543482423,52.6562427656595],[17.1541651016523,52.6561486655362],[17.1541768581442,52.6560456676216],[17.1541993667709,52.6558483895576],[17.1542250300542,52.6556238785827],[17.1542898402135,52.6556062702602],[17.1542301898138,52.6555783113048],[17.1541191776466,52.6555261566758],[17.154096786507,52.6557146285151],[17.1540733889651,52.6559112788913],[17.1540498432594,52.6561080190072],[17.1539514383323,52.6561886116459],[17.1541509184,52.6562727955989]]]},"properties":{"case_id":"ST-WK-WA/WNIOSEK/1749/2026","source_type":"wniosek_decyzja","received_date":"2026-01-30","decision_date":"2026-05-05","status":"decyzja wydana","description":"budowa oświetlenia drogowego w Skokach -ul. Polna, Karolewo - II etap","address":"Polna, Skoki","city":"Skoki","office":"Starosta Powiatu Wągrowiec","case_kind":"Obiekt budowlany inny niż budynek mieszkalny jednorodzinny","parcel_ids":["302805_4.0001.1092/4","302805_4.0001.1119/1","302805_4.0001.1123/3","302805_4.0001.1128/1","302805_4.0001.1128/2","302805_4.0001.1128/3","302805_4.0001.1163","302805_4.0001.1181/1","302805_4.0001.1254","302805_4.0001.1255/1","302805_4.0001.1257/1","302805_4.0001.1258/2","302805_4.0001.1259/3","302805_4.0001.1260","302805_4.0001.1262/4","302805_4.0001.1264","302805_4.0001.1265","302805_4.0001.1266/26","302805_4.0001.1512","302805_4.0001.1522"],"location_quality":"dokładny","gunb_url":"https://wyszukiwarka.gunb.gov.pl/","parcel_count":20,"parcel_shard":"x068-y210","parcel_id":"302805_4.0001.1181/1","location_source":"powiat wągrowiecki (wfs)"}},{"type":"Feature","id":"ST-WK-WA/WNIOSEK/1749/2026::302805_4.0001.1254","geometry":{"type":"Polygon","coordinates":[[[17.1540282960074,52.6554835009962],[17.1541191776466,52.6555261566758],[17.1542301898138,52.6555783113048],[17.1542898402135,52.6556062702602],[17.1545257784787,52.6557169409754],[17.1548351347789,52.6558621116202],[17.1549474803477,52.6559148028675],[17.1550062436776,52.6559424031174],[17.1552590597137,52.6560610476865],[17.1555696048708,52.6562067538494],[17.1557405683907,52.6562869545781],[17.1558392689524,52.6563341258257],[17.15591073775,52.6562771480946],[17.1556770441275,52.6561670721106],[17.1554427306263,52.6560576598083],[17.1552088619486,52.6559483363066],[17.1549739587476,52.6558386542224],[17.1547396484159,52.6557291505641],[17.1544822491797,52.6556089830272],[17.154171565835,52.6554639027942],[17.1541749428777,52.6554181662704],[17.1540282960074,52.6554835009962]]]},"properties":{"case_id":"ST-WK-WA/WNIOSEK/1749/2026","source_type":"wniosek_decyzja","received_date":"2026-01-30","decision_date":"2026-05-05","status":"decyzja wydana","description":"budowa oświetlenia drogowego w Skokach -ul. Polna, Karolewo - II etap","address":"Polna, Skoki","city":"Skoki","office":"Starosta Powiatu Wągrowiec","case_kind":"Obiekt budowlany inny niż budynek mieszkalny jednorodzinny","parcel_ids":["302805_4.0001.1092/4","302805_4.0001.1119/1","302805_4.0001.1123/3","302805_4.0001.1128/1","302805_4.0001.1128/2","302805_4.0001.1128/3","302805_4.0001.1163","302805_4.0001.1181/1","302805_4.0001.1254","302805_4.0001.1255/1","302805_4.0001.1257/1","302805_4.0001.1258/2","302805_4.0001.1259/3","302805_4.0001.1260","302805_4.0001.1262/4","302805_4.0001.1264","302805_4.0001.1265","302805_4.0001.1266/26","302805_4.0001.1512","302805_4.0001.1522"],"location_quality":"dokładny","gunb_url":"https://wyszukiwarka.gunb.gov.pl/","parcel_count":20,"parcel_shard":"x068-y210","parcel_id":"302805_4.0001.1254","location_source":"powiat wągrowiecki (wfs)"}},{"type":"Feature","id":"ST-WK-WA/WNIOSEK/1749/2026::302805_4.0001.1255/1","geometry":{"type":"Polygon","coordinates":[[[17.1567940384891,52.656167150535],[17.1568650652421,52.6561109815564],[17.1568120260671,52.6561142872947],[17.1566138215249,52.656020375137],[17.1563855652966,52.6559111360671],[17.1561513977576,52.6558014551086],[17.1559099740164,52.6556871104307],[17.1556804223946,52.6555774779809],[17.1554431456755,52.6554651037832],[17.1552080905071,52.6553538044733],[17.1549779280798,52.6552468116163],[17.1547718797863,52.6551473349636],[17.1547691297029,52.655113440033],[17.1546430948,52.6551831633073],[17.1547091872581,52.6551785101495],[17.1549051639669,52.6552714401544],[17.155161532568,52.6553927766369],[17.1553940718495,52.6555030009751],[17.1556301396584,52.6556152378055],[17.1558601604404,52.6557247391447],[17.1560916668403,52.6558344241923],[17.15632569075,52.6559452736471],[17.156561196186,52.6560568395718],[17.1567940384891,52.656167150535]]]},"properties":{"case_id":"ST-WK-WA/WNIOSEK/1749/2026","source_type":"wniosek_decyzja","received_date":"2026-01-30","decision_date":"2026-05-05","status":"decyzja wydana","description":"budowa oświetlenia drogowego w Skokach -ul. Polna, Karolewo - II etap","address":"Polna, Skoki","city":"Skoki","office":"Starosta Powiatu Wągrowiec","case_kind":"Obiekt budowlany inny niż budynek mieszkalny jednorodzinny","parcel_ids":["302805_4.0001.1092/4","302805_4.0001.1119/1","302805_4.0001.1123/3","302805_4.0001.1128/1","302805_4.0001.1128/2","302805_4.0001.1128/3","302805_4.0001.1163","302805_4.0001.1181/1","302805_4.0001.1254","302805_4.0001.1255/1","302805_4.0001.1257/1","302805_4.0001.1258/2","302805_4.0001.1259/3","302805_4.0001.1260","302805_4.0001.1262/4","302805_4.0001.1264","302805_4.0001.1265","302805_4.0001.1266/26","302805_4.0001.1512","302805_4.0001.1522"],"location_quality":"dokładny","gunb_url":"https://wyszukiwarka.gunb.gov.pl/","parcel_count":20,"parcel_shard":"x068-y210","parcel_id":"302805_4.0001.1255/1","location_source":"powiat wągrowiecki (wfs)"}},{"type":"Feature","id":"ST-WK-WA/WNIOSEK/1749/2026::302805_4.0001.1257/1","geometry":{"type":"Polygon","coordinates":[[[17.1572411202094,52.6558134832722],[17.157348984792,52.6557282390202],[17.1571134775863,52.6556164047185],[17.1568810796632,52.6555059137556],[17.1566514213723,52.65539753011],[17.1564161903849,52.6552873790471],[17.1561852261575,52.6551753349058],[17.1559560898969,52.6550665451132],[17.1557179544981,52.6549525203872],[17.1554971091827,52.6548475827208],[17.1554057814311,52.6548042095957],[17.1554013294053,52.6547572169462],[17.1552441225792,52.6548462095736],[17.1553358587695,52.654838090583],[17.1554747007574,52.6549040464917],[17.1556642998424,52.6549901542529],[17.1558937266665,52.6551037440015],[17.1561267014939,52.6552147726562],[17.1563606187618,52.6553258984901],[17.1565935631165,52.6554365630913],[17.1568269955556,52.6555474126589],[17.1569593408898,52.6556136449168],[17.1570622044071,52.6556587985725],[17.1572803688275,52.6557557388934],[17.1572411202094,52.6558134832722]]]},"properties":{"case_id":"ST-WK-WA/WNIOSEK/1749/2026","source_type":"wniosek_decyzja","received_date":"2026-01-30","decision_date":"2026-05-05","status":"decyzja wydana","description":"budowa oświetlenia drogowego w Skokach -ul. Polna, Karolewo - II etap","address":"Polna, Skoki","city":"Skoki","office":"Starosta Powiatu Wągrowiec","case_kind":"Obiekt budowlany inny niż budynek mieszkalny jednorodzinny","parcel_ids":["302805_4.0001.1092/4","302805_4.0001.1119/1","302805_4.0001.1123/3","302805_4.0001.1128/1","302805_4.0001.1128/2","302805_4.0001.1128/3","302805_4.0001.1163","302805_4.0001.1181/1","302805_4.0001.1254","302805_4.0001.1255/1","302805_4.0001.1257/1","302805_4.0001.1258/2","302805_4.0001.1259/3","302805_4.0001.1260","302805_4.0001.1262/4","302805_4.0001.1264","302805_4.0001.1265","302805_4.0001.1266/26","302805_4.0001.1512","302805_4.0001.1522"],"location_quality":"dokładny","gunb_url":"https://wyszukiwarka.gunb.gov.pl/","parcel_count":20,"parcel_shard":"x068-y210","parcel_id":"302805_4.0001.1257/1","location_source":"powiat wągrowiecki (wfs)"}},{"type":"Feature","id":"ST-WK-WA/WNIOSEK/1749/2026::302805_4.0001.1258/2","geometry":{"type":"Polygon","coordinates":[[[17.1555420244334,52.6546792092731],[17.1556626327972,52.6546457103996],[17.1557210994207,52.6546732210766],[17.1559432407126,52.6547777417056],[17.156179168627,52.6548852646365],[17.1564093509664,52.6549973776936],[17.1566459588652,52.6551054037338],[17.1568813631654,52.6552142074819],[17.1569082022282,52.6551958135203],[17.1571972270707,52.6552653032477],[17.1574432228022,52.6553664501247],[17.1576031761825,52.6554039415176],[17.1575442194455,52.6555297403637],[17.1576059709433,52.6555248949895],[17.157747578057,52.6554130057235],[17.1579112595227,52.6552759250422],[17.1578812079619,52.6552198908012],[17.1578496351422,52.6552338618874],[17.1575824804608,52.655279510639],[17.1573055346232,52.655273410854],[17.1570819836286,52.6551984940148],[17.1568445134612,52.6551153279282],[17.1567986388389,52.6550969671175],[17.1566227820899,52.6550115617435],[17.1562312822582,52.6548300194054],[17.156078239675,52.6547602190552],[17.1557709816673,52.6546137553362],[17.1557728702383,52.6545580522541],[17.1555420244334,52.6546792092731]]]},"properties":{"case_id":"ST-WK-WA/WNIOSEK/1749/2026","source_type":"wniosek_decyzja","received_date":"2026-01-30","decision_date":"2026-05-05","status":"decyzja wydana","description":"budowa oświetlenia drogowego w Skokach -ul. Polna, Karolewo - II etap","address":"Polna, Skoki","city":"Skoki","office":"Starosta Powiatu Wągrowiec","case_kind":"Obiekt budowlany inny niż budynek mieszkalny jednorodzinny","parcel_ids":["302805_4.0001.1092/4","302805_4.0001.1119/1","302805_4.0001.1123/3","302805_4.0001.1128/1","302805_4.0001.1128/2","302805_4.0001.1128/3","302805_4.0001.1163","302805_4.0001.1181/1","302805_4.0001.1254","302805_4.0001.1255/1","302805_4.0001.1257/1","302805_4.0001.1258/2","302805_4.0001.1259/3","302805_4.0001.1260","302805_4.0001.1262/4","302805_4.0001.1264","302805_4.0001.1265","302805_4.0001.1266/26","302805_4.0001.1512","302805_4.0001.1522"],"location_quality":"dokładny","gunb_url":"https://wyszukiwarka.gunb.gov.pl/","parcel_count":20,"parcel_shard":"x068-y210","parcel_id":"302805_4.0001.1258/2","location_source":"powiat wągrowiecki (wfs)"}},{"type":"Feature","id":"ST-WK-WA/WNIOSEK/1749/2026::302805_4.0001.1259/3","geometry":{"type":"Polygon","coordinates":[[[17.1566227820899,52.6550115617435],[17.1567986388389,52.6550969671175],[17.1568033043315,52.6550525553079],[17.1570869197111,52.6549263819325],[17.1572899276696,52.6548360679834],[17.157482164487,52.6547504410216],[17.1577853455738,52.6546154201912],[17.1576935287779,52.654518850298],[17.1576107784567,52.654518961041],[17.1574655291308,52.6546033571835],[17.1575369526062,52.654658617413],[17.1575261825948,52.6546633945691],[17.15732981421,52.6547505548017],[17.1571843449375,52.6548151810026],[17.1570553987453,52.6548723263639],[17.1569105188294,52.6549366818866],[17.1567870310769,52.6549914832726],[17.1567404094094,52.6550121240263],[17.1566227820899,52.6550115617435]]]},"properties":{"case_id":"ST-WK-WA/WNIOSEK/1749/2026","source_type":"wniosek_decyzja","received_date":"2026-01-30","decision_date":"2026-05-05","status":"decyzja wydana","description":"budowa oświetlenia drogowego w Skokach -ul. Polna, Karolewo - II etap","address":"Polna, Skoki","city":"Skoki","office":"Starosta Powiatu Wągrowiec","case_kind":"Obiekt budowlany inny niż budynek mieszkalny jednorodzinny","parcel_ids":["302805_4.0001.1092/4","302805_4.0001.1119/1","302805_4.0001.1123/3","302805_4.0001.1128/1","302805_4.0001.1128/2","302805_4.0001.1128/3","302805_4.0001.1163","302805_4.0001.1181/1","302805_4.0001.1254","302805_4.0001.1255/1","302805_4.0001.1257/1","302805_4.0001.1258/2","302805_4.0001.1259/3","302805_4.0001.1260","302805_4.0001.1262/4","302805_4.0001.1264","302805_4.0001.1265","302805_4.0001.1266/26","302805_4.0001.1512","302805_4.0001.1522"],"location_quality":"dokładny","gunb_url":"https://wyszukiwarka.gunb.gov.pl/","parcel_count":20,"parcel_shard":"x068-y210","parcel_id":"302805_4.0001.1259/3","location_source":"powiat wągrowiecki (wfs)"}},{"type":"Feature","id":"ST-WK-WA/WNIOSEK/1749/2026::302805_4.0001.1260","geometry":{"type":"Polygon","coordinates":[[[17.1562312822582,52.6548300194054],[17.1562361638257,52.6547900237731],[17.1563700065442,52.654738354311],[17.1565329192869,52.6546754131357],[17.1566880107864,52.6546155375334],[17.1568447250979,52.6545550305477],[17.1570091123332,52.6544915476687],[17.1570301595315,52.6545094023943],[17.15721964698,52.6544403142648],[17.1572121043465,52.6544385270701],[17.1571104615052,52.6543622788865],[17.1569327876591,52.6544291045521],[17.156954279383,52.6544473181537],[17.1567850239373,52.6545130540459],[17.156609422347,52.6545811346173],[17.1564270322268,52.6546518300304],[17.1562403623633,52.6547242382748],[17.156146363359,52.6547607576997],[17.156078239675,52.6547602190552],[17.1562312822582,52.6548300194054]]]},"properties":{"case_id":"ST-WK-WA/WNIOSEK/1749/2026","source_type":"wniosek_decyzja","received_date":"2026-01-30","decision_date":"2026-05-05","status":"decyzja wydana","description":"budowa oświetlenia drogowego w Skokach -ul. Polna, Karolewo - II etap","address":"Polna, Skoki","city":"Skoki","office":"Starosta Powiatu Wągrowiec","case_kind":"Obiekt budowlany inny niż budynek mieszkalny jednorodzinny","parcel_ids":["302805_4.0001.1092/4","302805_4.0001.1119/1","302805_4.0001.1123/3","302805_4.0001.1128/1","302805_4.0001.1128/2","302805_4.0001.1128/3","302805_4.0001.1163","302805_4.0001.1181/1","302805_4.0001.1254","302805_4.0001.1255/1","302805_4.0001.1257/1","302805_4.0001.1258/2","302805_4.0001.1259/3","302805_4.0001.1260","302805_4.0001.1262/4","302805_4.0001.1264","302805_4.0001.1265","302805_4.0001.1266/26","302805_4.0001.1512","302805_4.0001.1522"],"location_quality":"dokładny","gunb_url":"https://wyszukiwarka.gunb.gov.pl/","parcel_count":20,"parcel_shard":"x068-y210","parcel_id":"302805_4.0001.1260","location_source":"powiat wągrowiecki (wfs)"}},{"type":"Feature","id":"ST-WK-WA/WNIOSEK/1749/2026::302805_4.0001.1262/4","geometry":{"type":"Polygon","coordinates":[[[17.1524692520944,52.6561723169223],[17.1526559915641,52.656035258464],[17.1532348957838,52.655706326657],[17.1537943942946,52.6554940884821],[17.1539446672431,52.6554442505337],[17.1540282960074,52.6554835009962],[17.1541749428777,52.6554181662704],[17.1541209024204,52.655377247785],[17.1545918899557,52.6551458644021],[17.1546430948,52.6551831633073],[17.1547691297029,52.655113440033],[17.1548087398067,52.6550903195894],[17.1547638804201,52.6550580214548],[17.1552178967925,52.6548262945345],[17.1552441225792,52.6548462095736],[17.1554013294053,52.6547572169462],[17.1555420244334,52.6546792092731],[17.1557728702383,52.6545580522541],[17.1559668485681,52.6544817117439],[17.1561467695554,52.6544085511858],[17.1563193820893,52.6543388343872],[17.1564943473872,52.6542673995341],[17.1566626165672,52.6541975434737],[17.1568169487628,52.6541353800087],[17.1568705761535,52.6540841294743],[17.156823053281,52.6540508348876],[17.15631329729,52.6542695348609],[17.1551914858332,52.6547904999755],[17.154955230486,52.65491111384],[17.1548545041154,52.654962163808],[17.1547385986568,52.6550209065522],[17.1542901604224,52.6552450841391],[17.1542185182566,52.6552815106874],[17.1537073018671,52.6554718610648],[17.1531871542488,52.6556658368625],[17.1526223001219,52.6559912781771],[17.1526038381345,52.6560037894562],[17.1525168652849,52.6560762343363],[17.1524237378833,52.6561535781545],[17.1524692520944,52.6561723169223]]]},"properties":{"case_id":"ST-WK-WA/WNIOSEK/1749/2026","source_type":"wniosek_decyzja","received_date":"2026-01-30","decision_date":"2026-05-05","status":"decyzja wydana","description":"budowa oświetlenia drogowego w Skokach -ul. Polna, Karolewo - II etap","address":"Polna, Skoki","city":"Skoki","office":"Starosta Powiatu Wągrowiec","case_kind":"Obiekt budowlany inny niż budynek mieszkalny jednorodzinny","parcel_ids":["302805_4.0001.1092/4","302805_4.0001.1119/1","302805_4.0001.1123/3","302805_4.0001.1128/1","302805_4.0001.1128/2","302805_4.0001.1128/3","302805_4.0001.1163","302805_4.0001.1181/1","302805_4.0001.1254","302805_4.0001.1255/1","302805_4.0001.1257/1","302805_4.0001.1258/2","302805_4.0001.1259/3","302805_4.0001.1260","302805_4.0001.1262/4","302805_4.0001.1264","302805_4.0001.1265","302805_4.0001.1266/26","302805_4.0001.1512","302805_4.0001.1522"],"location_quality":"dokładny","gunb_url":"https://wyszukiwarka.gunb.gov.pl/","parcel_count":20,"parcel_shard":"x068-y210","parcel_id":"302805_4.0001.1262/4","location_source":"powiat wągrowiecki (wfs)"}},{"type":"Feature","id":"ST-WK-WA/WNIOSEK/1749/2026::302805_4.0001.1264","geometry":{"type":"Polygon","coordinates":[[[17.1548087398067,52.6550903195894],[17.1550252287507,52.6549688451231],[17.1552441225792,52.6548462095736],[17.1552178967925,52.6548262945345],[17.1547638804201,52.6550580214548],[17.1548087398067,52.6550903195894]]]},"properties":{"case_id":"ST-WK-WA/WNIOSEK/1749/2026","source_type":"wniosek_decyzja","received_date":"2026-01-30","decision_date":"2026-05-05","status":"decyzja wydana","description":"budowa oświetlenia drogowego w Skokach -ul. Polna, Karolewo - II etap","address":"Polna, Skoki","city":"Skoki","office":"Starosta Powiatu Wągrowiec","case_kind":"Obiekt budowlany inny niż budynek mieszkalny jednorodzinny","parcel_ids":["302805_4.0001.1092/4","302805_4.0001.1119/1","302805_4.0001.1123/3","302805_4.0001.1128/1","302805_4.0001.1128/2","302805_4.0001.1128/3","302805_4.0001.1163","302805_4.0001.1181/1","302805_4.0001.1254","302805_4.0001.1255/1","302805_4.0001.1257/1","302805_4.0001.1258/2","302805_4.0001.1259/3","302805_4.0001.1260","302805_4.0001.1262/4","302805_4.0001.1264","302805_4.0001.1265","302805_4.0001.1266/26","302805_4.0001.1512","302805_4.0001.1522"],"location_quality":"dokładny","gunb_url":"https://wyszukiwarka.gunb.gov.pl/","parcel_count":20,"parcel_shard":"x068-y210","parcel_id":"302805_4.0001.1264","location_source":"powiat wągrowiecki (wfs)"}},{"type":"Feature","id":"ST-WK-WA/WNIOSEK/1749/2026::302805_4.0001.1265","geometry":{"type":"Polygon","coordinates":[[[17.1541749428777,52.6554181662704],[17.1544032028263,52.6553182901962],[17.1546430948,52.6551831633073],[17.1545918899557,52.6551458644021],[17.1541209024204,52.655377247785],[17.1541749428777,52.6554181662704]]]},"properties":{"case_id":"ST-WK-WA/WNIOSEK/1749/2026","source_type":"wniosek_decyzja","received_date":"2026-01-30","decision_date":"2026-05-05","status":"decyzja wydana","description":"budowa oświetlenia drogowego w Skokach -ul. Polna, Karolewo - II etap","address":"Polna, Skoki","city":"Skoki","office":"Starosta Powiatu Wągrowiec","case_kind":"Obiekt budowlany inny niż budynek mieszkalny jednorodzinny","parcel_ids":["302805_4.0001.1092/4","302805_4.0001.1119/1","302805_4.0001.1123/3","302805_4.0001.1128/1","302805_4.0001.1128/2","302805_4.0001.1128/3","302805_4.0001.1163","302805_4.0001.1181/1","302805_4.0001.1254","302805_4.0001.1255/1","302805_4.0001.1257/1","302805_4.0001.1258/2","302805_4.0001.1259/3","302805_4.0001.1260","302805_4.0001.1262/4","302805_4.0001.1264","302805_4.0001.1265","302805_4.0001.1266/26","302805_4.0001.1512","302805_4.0001.1522"],"location_quality":"dokładny","gunb_url":"https://wyszukiwarka.gunb.gov.pl/","parcel_count":20,"parcel_shard":"x068-y210","parcel_id":"302805_4.0001.1265","location_source":"powiat wągrowiecki (wfs)"}},{"type":"Feature","id":"ST-WK-WA/WNIOSEK/1749/2026::302805_4.0001.1266/26","geometry":{"type":"Polygon","coordinates":[[[17.1536246444251,52.6581156610065],[17.1536638850818,52.6579642134007],[17.1536813086483,52.6578110341418],[17.153733235311,52.6573371283276],[17.1536777683573,52.6570179524563],[17.15315222592,52.6562674427241],[17.1530908291114,52.6561448652856],[17.1532657476716,52.6560891025869],[17.1539621267826,52.6564213044639],[17.1541360774858,52.6567647098521],[17.1543095859886,52.6569811399801],[17.1546234975003,52.6571167791132],[17.1550030120853,52.6571648054083],[17.1554665647991,52.6569897714391],[17.1555221081174,52.6570675187443],[17.1555679428603,52.6577436707046],[17.1560169301382,52.6578396441554],[17.1570061298283,52.657956747716],[17.1578002111968,52.6577655388957],[17.1578132184661,52.6572721769098],[17.1574106766565,52.6569027515977],[17.1577394707355,52.6566116063887],[17.1586066653941,52.6562280750687],[17.1587788038336,52.6561519424227],[17.1588491861401,52.656120813914],[17.1594729287705,52.6558449428315],[17.1594881424557,52.6558382139853],[17.159660593141,52.6555386018307],[17.1598067959252,52.6552845866113],[17.1601457164726,52.6551585234287],[17.1599841034846,52.6550346562979],[17.1595535736638,52.6552977178769],[17.1594167220027,52.6558061477249],[17.158838819681,52.6555462684458],[17.1586808461633,52.655676361705],[17.1582952872867,52.6554311421772],[17.1582868882822,52.6554378033195],[17.1581175801832,52.6555716568704],[17.1579448816137,52.655708120717],[17.1577634881643,52.6558515153692],[17.157601397603,52.6559797869179],[17.1574275166322,52.6561171501055],[17.157252456167,52.6562555929142],[17.1570801938334,52.6563916952196],[17.156927087486,52.6565127646267],[17.1568865217423,52.6565448324611],[17.1570036648735,52.6565996289022],[17.15704454803,52.6566770095056],[17.1571209530025,52.6568216223725],[17.1570542604491,52.6569038151347],[17.1567445780435,52.6569158201303],[17.1564968320614,52.6569254235997],[17.1560839219942,52.6569414283179],[17.1558417796598,52.6569508133131],[17.1556124442912,52.6568861999096],[17.1554118060483,52.6568024107703],[17.1551854021426,52.656707860748],[17.1551863896142,52.6566992571301],[17.1548740069015,52.6565778155562],[17.1546647944039,52.6564895563653],[17.1542966407699,52.656334243871],[17.1541509184,52.6562727955989],[17.1539514383323,52.6561886116459],[17.1537283874464,52.6560945109947],[17.1533025777434,52.6559218906427],[17.1533093076499,52.6558591124942],[17.1533150760748,52.6558053026244],[17.1537824806048,52.6555898610782],[17.1540282960074,52.6554835009962],[17.1539446672431,52.6554442505337],[17.1537943942946,52.6554940884821],[17.1532348957838,52.655706326657],[17.1526559915641,52.656035258464],[17.1524692520944,52.6561723169223],[17.1527861928947,52.6563030225531],[17.1530789315609,52.6564886358354],[17.1532403780092,52.6567534771273],[17.1533404582191,52.6574330933513],[17.1533832750239,52.6574889407942],[17.1534330317391,52.6577746432139],[17.1536246444251,52.6581156610065]],[[17.1564653490838,52.6571943860238],[17.156375928277,52.6572790390203],[17.1561409260323,52.6571872232042],[17.1562303471017,52.6571025703849],[17.1564653490838,52.6571943860238]]]},"properties":{"case_id":"ST-WK-WA/WNIOSEK/1749/2026","source_type":"wniosek_decyzja","received_date":"2026-01-30","decision_date":"2026-05-05","status":"decyzja wydana","description":"budowa oświetlenia drogowego w Skokach -ul. Polna, Karolewo - II etap","address":"Polna, Skoki","city":"Skoki","office":"Starosta Powiatu Wągrowiec","case_kind":"Obiekt budowlany inny niż budynek mieszkalny jednorodzinny","parcel_ids":["302805_4.0001.1092/4","302805_4.0001.1119/1","302805_4.0001.1123/3","302805_4.0001.1128/1","302805_4.0001.1128/2","302805_4.0001.1128/3","302805_4.0001.1163","302805_4.0001.1181/1","302805_4.0001.1254","302805_4.0001.1255/1","302805_4.0001.1257/1","302805_4.0001.1258/2","302805_4.0001.1259/3","302805_4.0001.1260","302805_4.0001.1262/4","302805_4.0001.1264","302805_4.0001.1265","302805_4.0001.1266/26","302805_4.0001.1512","302805_4.0001.1522"],"location_quality":"dokładny","gunb_url":"https://wyszukiwarka.gunb.gov.pl/","parcel_count":20,"parcel_shard":"x068-y210","parcel_id":"302805_4.0001.1266/26","location_source":"powiat wągrowiecki (wfs)"}},{"type":"Feature","id":"ST-WK-WA/WNIOSEK/1749/2026::302805_4.0001.1512","geometry":{"type":"Polygon","coordinates":[[[17.1554118060483,52.6568024107703],[17.1556124442912,52.6568861999096],[17.1556260747838,52.6567621426982],[17.1556312517693,52.6567150243575],[17.1555131612895,52.6567101482376],[17.1554118060483,52.6568024107703]]]},"properties":{"case_id":"ST-WK-WA/WNIOSEK/1749/2026","source_type":"wniosek_decyzja","received_date":"2026-01-30","decision_date":"2026-05-05","status":"decyzja wydana","description":"budowa oświetlenia drogowego w Skokach -ul. Polna, Karolewo - II etap","address":"Polna, Skoki","city":"Skoki","office":"Starosta Powiatu Wągrowiec","case_kind":"Obiekt budowlany inny niż budynek mieszkalny jednorodzinny","parcel_ids":["302805_4.0001.1092/4","302805_4.0001.1119/1","302805_4.0001.1123/3","302805_4.0001.1128/1","302805_4.0001.1128/2","302805_4.0001.1128/3","302805_4.0001.1163","302805_4.0001.1181/1","302805_4.0001.1254","302805_4.0001.1255/1","302805_4.0001.1257/1","302805_4.0001.1258/2","302805_4.0001.1259/3","302805_4.0001.1260","302805_4.0001.1262/4","302805_4.0001.1264","302805_4.0001.1265","302805_4.0001.1266/26","302805_4.0001.1512","302805_4.0001.1522"],"location_quality":"dokładny","gunb_url":"https://wyszukiwarka.gunb.gov.pl/","parcel_count":20,"parcel_shard":"x068-y210","parcel_id":"302805_4.0001.1512","location_source":"powiat wągrowiecki (wfs)"}},{"type":"Feature","id":"ST-WK-WA/WNIOSEK/1749/2026::302805_4.0001.1522","geometry":{"type":"Polygon","coordinates":[[[17.1564968320614,52.6569254235997],[17.1567445780435,52.6569158201303],[17.1566776645733,52.6567238563983],[17.1565988897912,52.6564978625582],[17.1567108076471,52.6564626376019],[17.1568865217423,52.6565448324611],[17.156927087486,52.6565127646267],[17.1566356259761,52.6563749442083],[17.1565703473079,52.6563441183433],[17.1564951890764,52.6564087141735],[17.1562329092349,52.6564277907952],[17.15591073775,52.6562771480946],[17.1558392689524,52.6563341258257],[17.1560316562794,52.6564244904515],[17.1562654208959,52.6565342891156],[17.1565108282652,52.6566496168851],[17.1565393180359,52.6567651419179],[17.1564968320614,52.6569254235997]]]},"properties":{"case_id":"ST-WK-WA/WNIOSEK/1749/2026","source_type":"wniosek_decyzja","received_date":"2026-01-30","decision_date":"2026-05-05","status":"decyzja wydana","description":"budowa oświetlenia drogowego w Skokach -ul. Polna, Karolewo - II etap","address":"Polna, Skoki","city":"Skoki","office":"Starosta Powiatu Wągrowiec","case_kind":"Obiekt budowlany inny niż budynek mieszkalny jednorodzinny","parcel_ids":["302805_4.0001.1092/4","302805_4.0001.1119/1","302805_4.0001.1123/3","302805_4.0001.1128/1","302805_4.0001.1128/2","302805_4.0001.1128/3","302805_4.0001.1163","302805_4.0001.1181/1","302805_4.0001.1254","302805_4.0001.1255/1","302805_4.0001.1257/1","302805_4.0001.1258/2","302805_4.0001.1259/3","302805_4.0001.1260","302805_4.0001.1262/4","302805_4.0001.1264","302805_4.0001.1265","302805_4.0001.1266/26","302805_4.0001.1512","302805_4.0001.1522"],"location_quality":"dokładny","gunb_url":"https://wyszukiwarka.gunb.gov.pl/","parcel_count":20,"parcel_shard":"x068-y210","parcel_id":"302805_4.0001.1522","location_source":"powiat wągrowiecki (wfs)"}},{"type":"Feature","id":"ST-WK-WA/WNIOSEK/22215/2025::302805_4.0001.1443","geometry":{"type":"Polygon","coordinates":[[[17.1654352568264,52.6658003160013],[17.1654117676336,52.6653041970986],[17.1652849584074,52.6652282604346],[17.1651371648077,52.665231791394],[17.1651816023277,52.6658063106358],[17.1654352568264,52.6658003160013]]]},"properties":{"case_id":"ST-WK-WA/WNIOSEK/22215/2025","source_type":"wniosek_decyzja","received_date":"2025-10-28","decision_date":"2026-02-09","status":"decyzja wydana","description":"rozbudowa oraz zmiana sposobu użytkowania budynku gospodarczego na budynek mieszkalny jednorodzinny","address":"Sosnowa 1, Skoki","city":"Skoki","office":"Starosta Powiatu Wągrowiec","case_kind":"Budynek mieszkalny jednorodzinny","parcel_ids":["302805_4.0001.1443"],"location_quality":"dokładny","gunb_url":"https://wyszukiwarka.gunb.gov.pl/","parcel_count":1,"parcel_shard":"x068-y210","parcel_id":"302805_4.0001.1443","location_source":"powiat wągrowiecki (wfs)"}},{"type":"Feature","id":"ST-WK-WA/WNIOSEK/8598/2026::302805_4.0001.1669/13","geometry":{"type":"Polygon","coordinates":[[[17.1642661816671,52.664659339024],[17.1642369287051,52.6642102633411],[17.1639120989444,52.664218163476],[17.163941347636,52.6646671492644],[17.1642661816671,52.664659339024]]]},"properties":{"case_id":"ST-WK-WA/WNIOSEK/8598/2026","source_type":"wniosek_decyzja","received_date":"2026-05-06","decision_date":"2026-06-30","status":"decyzja wydana","description":"budynek mieszkalny wielorodzinny","address":"Skoki","city":"Skoki","office":"Starosta Powiatu Wągrowiec","case_kind":"Obiekt budowlany inny niż budynek mieszkalny jednorodzinny","parcel_ids":["302805_4.0001.1669/13"],"location_quality":"dokładny","gunb_url":"https://wyszukiwarka.gunb.gov.pl/","parcel_count":1,"parcel_shard":"x068-y210","parcel_id":"302805_4.0001.1669/13","location_source":"powiat wągrowiecki (wfs)"}},{"type":"Feature","id":"ST-WK-WA/WNIOSEK/8596/2026::302805_4.0001.1669/14","geometry":{"type":"Polygon","coordinates":[[[17.1645910156074,52.6646515278659],[17.1645617594093,52.6642024521687],[17.1642369287051,52.6642102633411],[17.1642661816671,52.664659339024],[17.1645910156074,52.6646515278659]]]},"properties":{"case_id":"ST-WK-WA/WNIOSEK/8596/2026","source_type":"wniosek_decyzja","received_date":"2026-05-06","decision_date":"2026-07-10","status":"decyzja wydana","description":"budynek mieszkalny jednorodzinny","address":"Skoki","city":"Skoki","office":"Starosta Powiatu Wągrowiec","case_kind":"Obiekt budowlany inny niż budynek mieszkalny jednorodzinny","parcel_ids":["302805_4.0001.1669/14"],"location_quality":"dokładny","gunb_url":"https://wyszukiwarka.gunb.gov.pl/","parcel_count":1,"parcel_shard":"x068-y210","parcel_id":"302805_4.0001.1669/14","location_source":"powiat wągrowiecki (wfs)"}},{"type":"Feature","id":"ST-WK-WA/WNIOSEK/18805/2025::302805_4.0001.1680/3","geometry":{"type":"Polygon","coordinates":[[[17.1730928146987,52.6755562595649],[17.1730102183033,52.6755556723467],[17.1729692613233,52.6755557542931],[17.172592707482,52.6759251928908],[17.1726438692601,52.6759443112],[17.1728441154304,52.6760198559981],[17.1730023913808,52.6758820424048],[17.1733801951377,52.6755502684384],[17.1730928146987,52.6755562595649]]]},"properties":{"case_id":"ST-WK-WA/WNIOSEK/18805/2025","source_type":"wniosek_decyzja","received_date":"2025-09-15","decision_date":"2025-10-29","status":"decyzja wydana","description":"budynek mieszkalny jednorodzinny","address":"Skoki","city":"Skoki","office":"Starosta Powiatu Wągrowiec","case_kind":"Budynek mieszkalny jednorodzinny","parcel_ids":["302805_4.0001.1680/3"],"location_quality":"dokładny","gunb_url":"https://wyszukiwarka.gunb.gov.pl/","parcel_count":1,"parcel_shard":"x068-y210","parcel_id":"302805_4.0001.1680/3","location_source":"powiat wągrowiecki (wfs)"}},{"type":"Feature","id":"ST-WK-WA/WNIOSEK/9668/2026::302805_4.0001.1701","geometry":{"type":"Polygon","coordinates":[[[17.1593390625301,52.6727725268586],[17.1592346967759,52.6726253837906],[17.1591467665836,52.6725001064435],[17.1591299279164,52.6724761706907],[17.1587800788315,52.6725706609552],[17.1588829738585,52.6727096155677],[17.1587115251821,52.6727528857976],[17.1587731423543,52.6728394212813],[17.1584407714541,52.6729320573961],[17.1584681355579,52.6729699083879],[17.1588602101619,52.6728633162608],[17.1588871707928,52.6728990972176],[17.1589480746735,52.6729920085135],[17.158941645522,52.6729957375501],[17.1589675421559,52.6730330387749],[17.1589403512605,52.6730400356556],[17.1590583616797,52.6731926681498],[17.1592251451273,52.6730903518966],[17.1594610721821,52.6729479251391],[17.1594455860581,52.6729228306793],[17.1593390625301,52.6727725268586]]]},"properties":{"case_id":"ST-WK-WA/WNIOSEK/9668/2026","source_type":"wniosek_decyzja","received_date":"2026-05-21","decision_date":"2026-07-10","status":"decyzja wydana","description":"przebudowa / adaptacja części obiektu celem wydzielenia pomieszczenia łazienki oraz wykonania otworu drzwiowego w ścianie nośnej budynku","address":"Wincentego Ciastowicza 11, Skoki","city":"Skoki","office":"Starosta Powiatu Wągrowiec","case_kind":"Obiekt budowlany inny niż budynek mieszkalny jednorodzinny","parcel_ids":["302805_4.0001.1701"],"location_quality":"dokładny","gunb_url":"https://wyszukiwarka.gunb.gov.pl/","parcel_count":1,"parcel_shard":"x068-y210","parcel_id":"302805_4.0001.1701","location_source":"powiat wągrowiecki (wfs)"}},{"type":"Feature","id":"ST-WK-WA/WNIOSEK/18015/2025::302805_4.0001.33/8","geometry":{"type":"Polygon","coordinates":[[[17.1609388085251,52.6790284058136],[17.1612013864426,52.6789042914214],[17.1608681493793,52.6786436679472],[17.1606055719479,52.6787677816531],[17.1609388085251,52.6790284058136]]]},"properties":{"case_id":"ST-WK-WA/WNIOSEK/18015/2025","source_type":"wniosek_decyzja","received_date":"2025-09-02","decision_date":"2025-10-31","status":"decyzja wydana","description":"budowa budynku mieszkalnego jednorodzinnego","address":"Skoki","city":"Skoki","office":"Starosta Powiatu Wągrowiec","case_kind":"Budynek mieszkalny jednorodzinny","parcel_ids":["302805_4.0001.33/8"],"location_quality":"dokładny","gunb_url":"https://wyszukiwarka.gunb.gov.pl/","parcel_count":1,"parcel_shard":"x068-y210","parcel_id":"302805_4.0001.33/8","location_source":"powiat wągrowiecki (wfs)"}},{"type":"Feature","id":"ST-WK-WA/WNIOSEK/7593/2026::302805_4.0001.72/11","geometry":{"type":"Polygon","coordinates":[[[17.1771633622011,52.6779775270927],[17.177175237705,52.6783188974499],[17.1772147489028,52.6783275550825],[17.1777165762349,52.6781500441866],[17.1777102306715,52.6779704182619],[17.1772372831231,52.6779765179847],[17.1771633622011,52.6779775270927]]]},"properties":{"case_id":"ST-WK-WA/WNIOSEK/7593/2026","source_type":"wniosek_decyzja","received_date":"2026-04-22","decision_date":"2026-06-30","status":"decyzja wydana","description":"budynek mieszkalny jednorodzinny","address":"Rakojedzka 51A, Skoki","city":"Skoki","office":"Starosta Powiatu Wągrowiec","case_kind":"Budynek mieszkalny jednorodzinny","parcel_ids":["302805_4.0001.72/11"],"location_quality":"dokładny","gunb_url":"https://wyszukiwarka.gunb.gov.pl/","parcel_count":1,"parcel_shard":"x068-y210","parcel_id":"302805_4.0001.72/11","location_source":"powiat wągrowiecki (wfs)"}},{"type":"Feature","id":"ST-WK-WA/WNIOSEK/3285/2026::302805_4.0001.730","geometry":{"type":"Polygon","coordinates":[[[17.152696187217,52.6713132644937],[17.1525960599972,52.6715525116183],[17.1527095370538,52.6715786936574],[17.1527162888898,52.6715649363204],[17.1527769433525,52.671451364552],[17.1528373267041,52.6713448921447],[17.152696187217,52.6713132644937]]]},"properties":{"case_id":"ST-WK-WA/WNIOSEK/3285/2026","source_type":"wniosek_decyzja","received_date":"2026-02-23","decision_date":"2026-05-13","status":"decyzja wydana","description":"rozbiórka części budynku mieszkalnego wielorodzinnego","address":"Jana Pawła II 5, Skoki","city":"Skoki","office":"Starosta Powiatu Wągrowiec","case_kind":"Obiekt budowlany inny niż budynek mieszkalny jednorodzinny","parcel_ids":["302805_4.0001.730"],"location_quality":"dokładny","gunb_url":"https://wyszukiwarka.gunb.gov.pl/","parcel_count":1,"parcel_shard":"x068-y210","parcel_id":"302805_4.0001.730","location_source":"powiat wągrowiecki (wfs)"}},{"type":"Feature","id":"ST-WK-WA/WNIOSEK/8437/2026::302805_4.0001.754","geometry":{"type":"Polygon","coordinates":[[[17.1535643756888,52.6697806483005],[17.1530567638185,52.6706483736887],[17.1530167018493,52.6707319952434],[17.1529233131982,52.6709106677002],[17.1529955007447,52.670924322784],[17.1530846990588,52.6709410110323],[17.1531265334097,52.670856937901],[17.1531989844294,52.6707357129795],[17.1532039354077,52.6707144097833],[17.1533865947555,52.6703642587357],[17.1536838442105,52.6697885807561],[17.1535643756888,52.6697806483005]]]},"properties":{"case_id":"ST-WK-WA/WNIOSEK/8437/2026","source_type":"wniosek_decyzja","received_date":"2026-05-04","decision_date":"2026-07-27","status":"decyzja wydana","description":"rozbiórka budynku mieszkalnego - kamienicy wielorodzinnej","address":"Rynkowa 6, Skoki","city":"Skoki","office":"Starosta Powiatu Wągrowiec","case_kind":"Obiekt budowlany inny niż budynek mieszkalny jednorodzinny","parcel_ids":["302805_4.0001.754"],"location_quality":"dokładny","gunb_url":"https://wyszukiwarka.gunb.gov.pl/","parcel_count":1,"parcel_shard":"x068-y210","parcel_id":"302805_4.0001.754","location_source":"powiat wągrowiecki (wfs)"}},{"type":"Feature","id":"ST-WK-WA/WNIOSEK/4010/2026::302805_4.0001.796/5","geometry":{"type":"Polygon","coordinates":[[[17.1697872208481,52.6739596044871],[17.1704426724037,52.6740288121974],[17.1705321484707,52.6737152433799],[17.1704831252524,52.6736806587934],[17.1698643478344,52.6736893581832],[17.1697872208481,52.6739596044871]]]},"properties":{"case_id":"ST-WK-WA/WNIOSEK/4010/2026","source_type":"wniosek_decyzja","received_date":"2026-03-04","decision_date":"2026-06-15","status":"decyzja wydana","description":"budowa budynku mieszkalnego jednorodzinnego oraz wolnostojacego garażu - zatwierdzenie zamiennego PZT","address":"Skoki","city":"Skoki","office":"Starosta Powiatu Wągrowiec","case_kind":"Budynek mieszkalny jednorodzinny","parcel_ids":["302805_4.0001.796/5"],"location_quality":"dokładny","gunb_url":"https://wyszukiwarka.gunb.gov.pl/","parcel_count":1,"parcel_shard":"x068-y210","parcel_id":"302805_4.0001.796/5","location_source":"powiat wągrowiecki (wfs)"}},{"type":"Feature","id":"ST-WK-WA/WNIOSEK/1092/2026::302805_4.0001.796/8","geometry":{"type":"Polygon","coordinates":[[[17.1698643478344,52.6736893581832],[17.1704831252524,52.6736806587934],[17.1707219697825,52.6736772972438],[17.1712243552513,52.6736702960245],[17.1712258156908,52.6736367310213],[17.1701532232644,52.6736619969621],[17.1698743774044,52.6736544883215],[17.1698643478344,52.6736893581832]]]},"properties":{"case_id":"ST-WK-WA/WNIOSEK/1092/2026","source_type":"wniosek_decyzja","received_date":"2026-01-12","decision_date":"2026-03-16","status":"decyzja wydana","description":"budowa ulicy Kościuszki w Skokach - budowa dróg osiedlowych wraz z kanalizacją deszczową","address":"Skoki","city":"Skoki","office":"Starosta Powiatu Wągrowiec","case_kind":"Obiekt budowlany inny niż budynek mieszkalny jednorodzinny","parcel_ids":["302805_4.0001.796/8","302805_4.0001.809/1","302805_4.0001.809/2","302805_4.0001.812/8","302805_4.0001.812/9","302805_4.0001.813/11","302805_4.0001.813/5","302805_4.0001.814/7","302805_4.0001.830/1","302805_4.0001.830/6","302805_4.0001.831","302805_4.0001.839/4","302805_4.0001.840/5","302805_4.0001.841/5","302805_4.0001.842/1","302805_4.0001.842/2","302805_4.0001.843/5","302805_4.0001.843/9","302805_4.0001.844/8","302805_4.0001.845/4","302805_4.0001.845/5","302805_4.0001.858/35","302805_4.0001.858/60"],"location_quality":"dokładny","gunb_url":"https://wyszukiwarka.gunb.gov.pl/","parcel_count":23,"parcel_shard":"x068-y210","parcel_id":"302805_4.0001.796/8","location_source":"powiat wągrowiecki (wfs)"}},{"type":"Feature","id":"ST-WK-WA/WNIOSEK/1092/2026::302805_4.0001.809/1","geometry":{"type":"Polygon","coordinates":[[[17.1712258156908,52.6736367310213],[17.1712337914586,52.6735970002645],[17.170819571437,52.6736059920295],[17.1707235082581,52.673607979618],[17.170073962919,52.6736185271722],[17.1698641630151,52.6736213692793],[17.1696484619822,52.6736142639656],[17.1689697496478,52.6735630616899],[17.1682710523772,52.673490927569],[17.1675077754016,52.6733840389757],[17.1666276124548,52.6732746273263],[17.1661592786557,52.673195523118],[17.1649164232059,52.6728854932166],[17.1641157201038,52.672667678302],[17.163824814209,52.6725578183673],[17.163558352029,52.6724258460262],[17.1629649468943,52.6720510913443],[17.1624623488371,52.6717009743417],[17.1621172202234,52.6714502611286],[17.1620823794581,52.6714709531111],[17.1622574366523,52.6715988585816],[17.1624286409881,52.6717239833528],[17.1627584771206,52.6719546222021],[17.1629429055941,52.6720835613581],[17.1632568793364,52.6722829142646],[17.1635174509189,52.6724474836666],[17.163620628545,52.6724985581046],[17.1637863985679,52.6725807415326],[17.1640464260573,52.6726829386407],[17.1640871855658,52.6726985376955],[17.1642419524517,52.6727419010453],[17.1646454260544,52.6728562269459],[17.1650724660436,52.6729619430438],[17.1654616311638,52.6730591731406],[17.165857290545,52.6731531577301],[17.166125574411,52.6732177942551],[17.1661504602623,52.6732230920798],[17.1663511829666,52.6732572177016],[17.1665774003569,52.6732957462708],[17.166586394101,52.6732970677287],[17.1668181996169,52.6733294339098],[17.1670846478184,52.6733600107645],[17.167344368841,52.6733928047242],[17.1676042450133,52.6734273951031],[17.1676830795842,52.6734376181014],[17.1679206116008,52.6734675835198],[17.1682388760049,52.6735096309871],[17.1684286849285,52.673534689219],[17.1685576374109,52.6735488950293],[17.16887780151,52.6735843933934],[17.1690241163504,52.6735998968294],[17.1693951439942,52.6736284837112],[17.1696122303621,52.6736452477474],[17.169634264229,52.6736469236665],[17.1696562981124,52.6736485995815],[17.1698743774044,52.6736544883215],[17.1701532232644,52.6736619969621],[17.1712258156908,52.6736367310213]]]},"properties":{"case_id":"ST-WK-WA/WNIOSEK/1092/2026","source_type":"wniosek_decyzja","received_date":"2026-01-12","decision_date":"2026-03-16","status":"decyzja wydana","description":"budowa ulicy Kościuszki w Skokach - budowa dróg osiedlowych wraz z kanalizacją deszczową","address":"Skoki","city":"Skoki","office":"Starosta Powiatu Wągrowiec","case_kind":"Obiekt budowlany inny niż budynek mieszkalny jednorodzinny","parcel_ids":["302805_4.0001.796/8","302805_4.0001.809/1","302805_4.0001.809/2","302805_4.0001.812/8","302805_4.0001.812/9","302805_4.0001.813/11","302805_4.0001.813/5","302805_4.0001.814/7","302805_4.0001.830/1","302805_4.0001.830/6","302805_4.0001.831","302805_4.0001.839/4","302805_4.0001.840/5","302805_4.0001.841/5","302805_4.0001.842/1","302805_4.0001.842/2","302805_4.0001.843/5","302805_4.0001.843/9","302805_4.0001.844/8","302805_4.0001.845/4","302805_4.0001.845/5","302805_4.0001.858/35","302805_4.0001.858/60"],"location_quality":"dokładny","gunb_url":"https://wyszukiwarka.gunb.gov.pl/","parcel_count":23,"parcel_shard":"x068-y210","parcel_id":"302805_4.0001.809/1","location_source":"powiat wągrowiecki (wfs)"}},{"type":"Feature","id":"ST-WK-WA/WNIOSEK/1092/2026::302805_4.0001.809/2","geometry":{"type":"Polygon","coordinates":[[[17.1621172202234,52.6714502611286],[17.1624623488371,52.6717009743417],[17.1629649468943,52.6720510913443],[17.163558352029,52.6724258460262],[17.163824814209,52.6725578183673],[17.1641157201038,52.672667678302],[17.1649164232059,52.6728854932166],[17.1661592786557,52.673195523118],[17.1666276124548,52.6732746273263],[17.1675077754016,52.6733840389757],[17.1682710523772,52.673490927569],[17.1689697496478,52.6735630616899],[17.1696484619822,52.6736142639656],[17.1698641630151,52.6736213692793],[17.170073962919,52.6736185271722],[17.1699350826889,52.6736021913141],[17.1696668795959,52.6735942176062],[17.1690418018975,52.673547391924],[17.1684469601819,52.6734819183167],[17.1683393845286,52.6734673879066],[17.1677040106826,52.6733829521381],[17.1675476859995,52.6733660987219],[17.166595163802,52.6732414499711],[17.1661766763821,52.6731708642677],[17.1655476652407,52.6730188849601],[17.1646786500722,52.6728067566424],[17.1641366962384,52.6726556949795],[17.1638488964904,52.6725442123009],[17.1635839241915,52.6724092434652],[17.1630057431021,52.6720466319498],[17.1624945850179,52.6716876791048],[17.1621475772242,52.67143276302],[17.1621172202234,52.6714502611286]]]},"properties":{"case_id":"ST-WK-WA/WNIOSEK/1092/2026","source_type":"wniosek_decyzja","received_date":"2026-01-12","decision_date":"2026-03-16","status":"decyzja wydana","description":"budowa ulicy Kościuszki w Skokach - budowa dróg osiedlowych wraz z kanalizacją deszczową","address":"Skoki","city":"Skoki","office":"Starosta Powiatu Wągrowiec","case_kind":"Obiekt budowlany inny niż budynek mieszkalny jednorodzinny","parcel_ids":["302805_4.0001.796/8","302805_4.0001.809/1","302805_4.0001.809/2","302805_4.0001.812/8","302805_4.0001.812/9","302805_4.0001.813/11","302805_4.0001.813/5","302805_4.0001.814/7","302805_4.0001.830/1","302805_4.0001.830/6","302805_4.0001.831","302805_4.0001.839/4","302805_4.0001.840/5","302805_4.0001.841/5","302805_4.0001.842/1","302805_4.0001.842/2","302805_4.0001.843/5","302805_4.0001.843/9","302805_4.0001.844/8","302805_4.0001.845/4","302805_4.0001.845/5","302805_4.0001.858/35","302805_4.0001.858/60"],"location_quality":"dokładny","gunb_url":"https://wyszukiwarka.gunb.gov.pl/","parcel_count":23,"parcel_shard":"x068-y210","parcel_id":"302805_4.0001.809/2","location_source":"powiat wągrowiecki (wfs)"}},{"type":"Feature","id":"ST-WK-WA/WNIOSEK/1092/2026::302805_4.0001.812/8","geometry":{"type":"Polygon","coordinates":[[[17.1696287454672,52.6735578777437],[17.1696668795959,52.6735942176062],[17.1699350826889,52.6736021913141],[17.1689347922581,52.6726796297372],[17.1688732274484,52.672704655429],[17.1689407738248,52.6727653719794],[17.1690965462048,52.6729076723129],[17.1692736781738,52.6730682739633],[17.1694499251469,52.6732290563263],[17.1695474389405,52.6733673953627],[17.1696287454672,52.6735578777437]]]},"properties":{"case_id":"ST-WK-WA/WNIOSEK/1092/2026","source_type":"wniosek_decyzja","received_date":"2026-01-12","decision_date":"2026-03-16","status":"decyzja wydana","description":"budowa ulicy Kościuszki w Skokach - budowa dróg osiedlowych wraz z kanalizacją deszczową","address":"Skoki","city":"Skoki","office":"Starosta Powiatu Wągrowiec","case_kind":"Obiekt budowlany inny niż budynek mieszkalny jednorodzinny","parcel_ids":["302805_4.0001.796/8","302805_4.0001.809/1","302805_4.0001.809/2","302805_4.0001.812/8","302805_4.0001.812/9","302805_4.0001.813/11","302805_4.0001.813/5","302805_4.0001.814/7","302805_4.0001.830/1","302805_4.0001.830/6","302805_4.0001.831","302805_4.0001.839/4","302805_4.0001.840/5","302805_4.0001.841/5","302805_4.0001.842/1","302805_4.0001.842/2","302805_4.0001.843/5","302805_4.0001.843/9","302805_4.0001.844/8","302805_4.0001.845/4","302805_4.0001.845/5","302805_4.0001.858/35","302805_4.0001.858/60"],"location_quality":"dokładny","gunb_url":"https://wyszukiwarka.gunb.gov.pl/","parcel_count":23,"parcel_shard":"x068-y210","parcel_id":"302805_4.0001.812/8","location_source":"powiat wągrowiecki (wfs)"}},{"type":"Feature","id":"ST-WK-WA/WNIOSEK/1092/2026::302805_4.0001.812/9","geometry":{"type":"Polygon","coordinates":[[[17.1689407738248,52.6727653719794],[17.1688732274484,52.672704655429],[17.1682077259176,52.6729751955434],[17.1679266075909,52.6730891920304],[17.1679255037969,52.6730896459939],[17.1679659565062,52.6731275537752],[17.1683015370755,52.6729932721073],[17.1688777683746,52.6727578232537],[17.1689407738248,52.6727653719794]]]},"properties":{"case_id":"ST-WK-WA/WNIOSEK/1092/2026","source_type":"wniosek_decyzja","received_date":"2026-01-12","decision_date":"2026-03-16","status":"decyzja wydana","description":"budowa ulicy Kościuszki w Skokach - budowa dróg osiedlowych wraz z kanalizacją deszczową","address":"Skoki","city":"Skoki","office":"Starosta Powiatu Wągrowiec","case_kind":"Obiekt budowlany inny niż budynek mieszkalny jednorodzinny","parcel_ids":["302805_4.0001.796/8","302805_4.0001.809/1","302805_4.0001.809/2","302805_4.0001.812/8","302805_4.0001.812/9","302805_4.0001.813/11","302805_4.0001.813/5","302805_4.0001.814/7","302805_4.0001.830/1","302805_4.0001.830/6","302805_4.0001.831","302805_4.0001.839/4","302805_4.0001.840/5","302805_4.0001.841/5","302805_4.0001.842/1","302805_4.0001.842/2","302805_4.0001.843/5","302805_4.0001.843/9","302805_4.0001.844/8","302805_4.0001.845/4","302805_4.0001.845/5","302805_4.0001.858/35","302805_4.0001.858/60"],"location_quality":"dokładny","gunb_url":"https://wyszukiwarka.gunb.gov.pl/","parcel_count":23,"parcel_shard":"x068-y210","parcel_id":"302805_4.0001.812/9","location_source":"powiat wągrowiecki (wfs)"}},{"type":"Feature","id":"ST-WK-WA/WNIOSEK/1092/2026::302805_4.0001.813/11","geometry":{"type":"Polygon","coordinates":[[[17.1688535886965,52.6726045351788],[17.1683342509748,52.6721242524775],[17.1683157946069,52.6721317258833],[17.1684926393354,52.6722952805085],[17.1687009191186,52.6724878917755],[17.1688496845568,52.6726254653886],[17.1688535886965,52.6726045351788]]]},"properties":{"case_id":"ST-WK-WA/WNIOSEK/1092/2026","source_type":"wniosek_decyzja","received_date":"2026-01-12","decision_date":"2026-03-16","status":"decyzja wydana","description":"budowa ulicy Kościuszki w Skokach - budowa dróg osiedlowych wraz z kanalizacją deszczową","address":"Skoki","city":"Skoki","office":"Starosta Powiatu Wągrowiec","case_kind":"Obiekt budowlany inny niż budynek mieszkalny jednorodzinny","parcel_ids":["302805_4.0001.796/8","302805_4.0001.809/1","302805_4.0001.809/2","302805_4.0001.812/8","302805_4.0001.812/9","302805_4.0001.813/11","302805_4.0001.813/5","302805_4.0001.814/7","302805_4.0001.830/1","302805_4.0001.830/6","302805_4.0001.831","302805_4.0001.839/4","302805_4.0001.840/5","302805_4.0001.841/5","302805_4.0001.842/1","302805_4.0001.842/2","302805_4.0001.843/5","302805_4.0001.843/9","302805_4.0001.844/8","302805_4.0001.845/4","302805_4.0001.845/5","302805_4.0001.858/35","302805_4.0001.858/60"],"location_quality":"dokładny","gunb_url":"https://wyszukiwarka.gunb.gov.pl/","parcel_count":23,"parcel_shard":"x068-y210","parcel_id":"302805_4.0001.813/11","location_source":"powiat wągrowiecki (wfs)"}},{"type":"Feature","id":"ST-WK-WA/WNIOSEK/1092/2026::302805_4.0001.813/5","geometry":{"type":"Polygon","coordinates":[[[17.1679266075909,52.6730891920304],[17.1682077259176,52.6729751955434],[17.1688732274484,52.672704655429],[17.1689347922581,52.6726796297372],[17.1688535886965,52.6726045351788],[17.1688496845568,52.6726254653886],[17.1688404811237,52.6726747283415],[17.1684476887643,52.6728343348661],[17.1680290782656,52.6730044367503],[17.167949156047,52.6729945676596],[17.1677928661925,52.672847748938],[17.1676089627287,52.6726749807249],[17.1675698569611,52.6726382311469],[17.1675917655503,52.6725760994212],[17.1674795747417,52.6724707186086],[17.1674180606089,52.6724956755996],[17.1673320855187,52.6725306387177],[17.1674829785559,52.6726724114664],[17.1676316308464,52.672812054285],[17.1677801946535,52.6729516343765],[17.167926114451,52.6730887267305],[17.1679266075909,52.6730891920304]]]},"properties":{"case_id":"ST-WK-WA/WNIOSEK/1092/2026","source_type":"wniosek_decyzja","received_date":"2026-01-12","decision_date":"2026-03-16","status":"decyzja wydana","description":"budowa ulicy Kościuszki w Skokach - budowa dróg osiedlowych wraz z kanalizacją deszczową","address":"Skoki","city":"Skoki","office":"Starosta Powiatu Wągrowiec","case_kind":"Obiekt budowlany inny niż budynek mieszkalny jednorodzinny","parcel_ids":["302805_4.0001.796/8","302805_4.0001.809/1","302805_4.0001.809/2","302805_4.0001.812/8","302805_4.0001.812/9","302805_4.0001.813/11","302805_4.0001.813/5","302805_4.0001.814/7","302805_4.0001.830/1","302805_4.0001.830/6","302805_4.0001.831","302805_4.0001.839/4","302805_4.0001.840/5","302805_4.0001.841/5","302805_4.0001.842/1","302805_4.0001.842/2","302805_4.0001.843/5","302805_4.0001.843/9","302805_4.0001.844/8","302805_4.0001.845/4","302805_4.0001.845/5","302805_4.0001.858/35","302805_4.0001.858/60"],"location_quality":"dokładny","gunb_url":"https://wyszukiwarka.gunb.gov.pl/","parcel_count":23,"parcel_shard":"x068-y210","parcel_id":"302805_4.0001.813/5","location_source":"powiat wągrowiecki (wfs)"}},{"type":"Feature","id":"ST-WK-WA/WNIOSEK/1092/2026::302805_4.0001.814/7","geometry":{"type":"Polygon","coordinates":[[[17.1671893042879,52.6723964666692],[17.1673320855187,52.6725306387177],[17.1674180606089,52.6724956755996],[17.1672752758618,52.6723615709714],[17.1671326398137,52.6722274672104],[17.1671210204026,52.6722165109572],[17.167142900438,52.6721543828829],[17.167029459062,52.672047805453],[17.1669679246478,52.6720727171053],[17.1668819516918,52.6721077024439],[17.1670465205644,52.6722623617673],[17.1671893042879,52.6723964666692]]]},"properties":{"case_id":"ST-WK-WA/WNIOSEK/1092/2026","source_type":"wniosek_decyzja","received_date":"2026-01-12","decision_date":"2026-03-16","status":"decyzja wydana","description":"budowa ulicy Kościuszki w Skokach - budowa dróg osiedlowych wraz z kanalizacją deszczową","address":"Skoki","city":"Skoki","office":"Starosta Powiatu Wągrowiec","case_kind":"Obiekt budowlany inny niż budynek mieszkalny jednorodzinny","parcel_ids":["302805_4.0001.796/8","302805_4.0001.809/1","302805_4.0001.809/2","302805_4.0001.812/8","302805_4.0001.812/9","302805_4.0001.813/11","302805_4.0001.813/5","302805_4.0001.814/7","302805_4.0001.830/1","302805_4.0001.830/6","302805_4.0001.831","302805_4.0001.839/4","302805_4.0001.840/5","302805_4.0001.841/5","302805_4.0001.842/1","302805_4.0001.842/2","302805_4.0001.843/5","302805_4.0001.843/9","302805_4.0001.844/8","302805_4.0001.845/4","302805_4.0001.845/5","302805_4.0001.858/35","302805_4.0001.858/60"],"location_quality":"dokładny","gunb_url":"https://wyszukiwarka.gunb.gov.pl/","parcel_count":23,"parcel_shard":"x068-y210","parcel_id":"302805_4.0001.814/7","location_source":"powiat wągrowiecki (wfs)"}},{"type":"Feature","id":"ST-WK-WA/WNIOSEK/1092/2026::302805_4.0001.830/1","geometry":{"type":"Polygon","coordinates":[[[17.1663777380378,52.6703333322916],[17.1663901009985,52.6703283380077],[17.166396282968,52.6703258858007],[17.1655169782785,52.6695131854274],[17.1654900673111,52.669512847203],[17.1657928754432,52.6697927253846],[17.1660284623082,52.6700105075191],[17.1661503633854,52.670123066321],[17.1663777380378,52.6703333322916]]]},"properties":{"case_id":"ST-WK-WA/WNIOSEK/1092/2026","source_type":"wniosek_decyzja","received_date":"2026-01-12","decision_date":"2026-03-16","status":"decyzja wydana","description":"budowa ulicy Kościuszki w Skokach - budowa dróg osiedlowych wraz z kanalizacją deszczową","address":"Skoki","city":"Skoki","office":"Starosta Powiatu Wągrowiec","case_kind":"Obiekt budowlany inny niż budynek mieszkalny jednorodzinny","parcel_ids":["302805_4.0001.796/8","302805_4.0001.809/1","302805_4.0001.809/2","302805_4.0001.812/8","302805_4.0001.812/9","302805_4.0001.813/11","302805_4.0001.813/5","302805_4.0001.814/7","302805_4.0001.830/1","302805_4.0001.830/6","302805_4.0001.831","302805_4.0001.839/4","302805_4.0001.840/5","302805_4.0001.841/5","302805_4.0001.842/1","302805_4.0001.842/2","302805_4.0001.843/5","302805_4.0001.843/9","302805_4.0001.844/8","302805_4.0001.845/4","302805_4.0001.845/5","302805_4.0001.858/35","302805_4.0001.858/60"],"location_quality":"dokładny","gunb_url":"https://wyszukiwarka.gunb.gov.pl/","parcel_count":23,"parcel_shard":"x068-y210","parcel_id":"302805_4.0001.830/1","location_source":"powiat wągrowiecki (wfs)"}},{"type":"Feature","id":"ST-WK-WA/WNIOSEK/1092/2026::302805_4.0001.830/6","geometry":{"type":"Polygon","coordinates":[[[17.1661503633854,52.670123066321],[17.1660284623082,52.6700105075191],[17.1660115742032,52.6700602782735],[17.1658757227704,52.6701145851491],[17.165793850318,52.6701043182426],[17.165667271,52.67015490166],[17.165608544571,52.6701784218936],[17.1656694947209,52.6702347015233],[17.1657304450266,52.6702909811397],[17.1657828427042,52.6702700034967],[17.1659156042196,52.6702169677758],[17.1659326393089,52.6701671065708],[17.1660684908356,52.6701127996218],[17.1661503633854,52.670123066321]]]},"properties":{"case_id":"ST-WK-WA/WNIOSEK/1092/2026","source_type":"wniosek_decyzja","received_date":"2026-01-12","decision_date":"2026-03-16","status":"decyzja wydana","description":"budowa ulicy Kościuszki w Skokach - budowa dróg osiedlowych wraz z kanalizacją deszczową","address":"Skoki","city":"Skoki","office":"Starosta Powiatu Wągrowiec","case_kind":"Obiekt budowlany inny niż budynek mieszkalny jednorodzinny","parcel_ids":["302805_4.0001.796/8","302805_4.0001.809/1","302805_4.0001.809/2","302805_4.0001.812/8","302805_4.0001.812/9","302805_4.0001.813/11","302805_4.0001.813/5","302805_4.0001.814/7","302805_4.0001.830/1","302805_4.0001.830/6","302805_4.0001.831","302805_4.0001.839/4","302805_4.0001.840/5","302805_4.0001.841/5","302805_4.0001.842/1","302805_4.0001.842/2","302805_4.0001.843/5","302805_4.0001.843/9","302805_4.0001.844/8","302805_4.0001.845/4","302805_4.0001.845/5","302805_4.0001.858/35","302805_4.0001.858/60"],"location_quality":"dokładny","gunb_url":"https://wyszukiwarka.gunb.gov.pl/","parcel_count":23,"parcel_shard":"x068-y210","parcel_id":"302805_4.0001.830/6","location_source":"powiat wągrowiecki (wfs)"}},{"type":"Feature","id":"ST-WK-WA/WNIOSEK/1092/2026::302805_4.0001.831","geometry":{"type":"Polygon","coordinates":[[[17.170073962919,52.6736185271722],[17.1700132782238,52.6735617310779],[17.169851854305,52.6734120713383],[17.1697161636903,52.6732903867834],[17.1696326227338,52.6732114648256],[17.1696245538217,52.6732039489138],[17.1695919804885,52.6731737067551],[17.1695514912269,52.6731363974072],[17.1694850050397,52.6730751097353],[17.1693388789013,52.672939826755],[17.1691770435662,52.672789949287],[17.1690282896772,52.6726484008962],[17.1689652102977,52.6725933505018],[17.1687546872051,52.6723979288604],[17.1685635787989,52.6722211736996],[17.1684942215223,52.6721565948897],[17.1684687539185,52.6721329555316],[17.1683729236781,52.6720436534837],[17.1683322856092,52.6720060747154],[17.1682917964667,52.6719685851879],[17.1681087805209,52.6717996608408],[17.1679196155827,52.6716232655717],[17.1677400553139,52.6714585870029],[17.1676736053666,52.6713949484543],[17.1674959346953,52.6712327546431],[17.1673573562841,52.671101778073],[17.1672170166306,52.670971764934],[17.1670750088526,52.6708421228218],[17.1670346250903,52.6708044519409],[17.1668719599921,52.6706529686965],[17.1668315384179,52.6706153701316],[17.1666688693041,52.670464003433],[17.1662424048376,52.6700870452328],[17.1661331619344,52.6699693961412],[17.1660115705164,52.6698564692383],[17.1658334707687,52.6696910182846],[17.1656271920577,52.6694993055688],[17.165421259198,52.6693066581017],[17.1653230633128,52.6692168425601],[17.1653176389681,52.6692112405492],[17.1652185540227,52.6691199509082],[17.165181669545,52.6690610499362],[17.1651304578859,52.6689795781547],[17.1649800540859,52.6690931690272],[17.1651481388796,52.669171655287],[17.1652936495447,52.6693070355491],[17.1655169782785,52.6695131854274],[17.166396282968,52.6703258858007],[17.1664933938817,52.6704161679503],[17.1666330854756,52.6705460884479],[17.1667948898648,52.6706965885194],[17.1669566943369,52.6708469985086],[17.1671183520622,52.6709974089014],[17.1677264604298,52.6715606346558],[17.1678801553881,52.6717030293882],[17.1683342509748,52.6721242524775],[17.1688535886965,52.6726045351788],[17.1689347922581,52.6726796297372],[17.1699350826889,52.6736021913141],[17.170073962919,52.6736185271722]]]},"properties":{"case_id":"ST-WK-WA/WNIOSEK/1092/2026","source_type":"wniosek_decyzja","received_date":"2026-01-12","decision_date":"2026-03-16","status":"decyzja wydana","description":"budowa ulicy Kościuszki w Skokach - budowa dróg osiedlowych wraz z kanalizacją deszczową","address":"Skoki","city":"Skoki","office":"Starosta Powiatu Wągrowiec","case_kind":"Obiekt budowlany inny niż budynek mieszkalny jednorodzinny","parcel_ids":["302805_4.0001.796/8","302805_4.0001.809/1","302805_4.0001.809/2","302805_4.0001.812/8","302805_4.0001.812/9","302805_4.0001.813/11","302805_4.0001.813/5","302805_4.0001.814/7","302805_4.0001.830/1","302805_4.0001.830/6","302805_4.0001.831","302805_4.0001.839/4","302805_4.0001.840/5","302805_4.0001.841/5","302805_4.0001.842/1","302805_4.0001.842/2","302805_4.0001.843/5","302805_4.0001.843/9","302805_4.0001.844/8","302805_4.0001.845/4","302805_4.0001.845/5","302805_4.0001.858/35","302805_4.0001.858/60"],"location_quality":"dokładny","gunb_url":"https://wyszukiwarka.gunb.gov.pl/","parcel_count":23,"parcel_shard":"x068-y210","parcel_id":"302805_4.0001.831","location_source":"powiat wągrowiecki (wfs)"}},{"type":"Feature","id":"ST-WK-WA/WNIOSEK/1092/2026::302805_4.0001.839/4","geometry":{"type":"Polygon","coordinates":[[[17.1695919804885,52.6731737067551],[17.1696440344015,52.6731536541062],[17.1702052348196,52.6729340596687],[17.1705747126185,52.6727894365786],[17.1713514266964,52.6724868417373],[17.171311477823,52.6724493551252],[17.1710186571914,52.6725620854997],[17.1707710654881,52.6726590166287],[17.1706993995147,52.6726496992161],[17.1705429416391,52.6725031366442],[17.170355580523,52.6723277207515],[17.1702316429354,52.6723767325304],[17.1704185567654,52.6725518289021],[17.1705753090527,52.6726983005448],[17.1705598322652,52.6727417749072],[17.1702839749949,52.6728496978373],[17.1699671946496,52.6729736986131],[17.1695514912269,52.6731363974072],[17.1695919804885,52.6731737067551]]]},"properties":{"case_id":"ST-WK-WA/WNIOSEK/1092/2026","source_type":"wniosek_decyzja","received_date":"2026-01-12","decision_date":"2026-03-16","status":"decyzja wydana","description":"budowa ulicy Kościuszki w Skokach - budowa dróg osiedlowych wraz z kanalizacją deszczową","address":"Skoki","city":"Skoki","office":"Starosta Powiatu Wągrowiec","case_kind":"Obiekt budowlany inny niż budynek mieszkalny jednorodzinny","parcel_ids":["302805_4.0001.796/8","302805_4.0001.809/1","302805_4.0001.809/2","302805_4.0001.812/8","302805_4.0001.812/9","302805_4.0001.813/11","302805_4.0001.813/5","302805_4.0001.814/7","302805_4.0001.830/1","302805_4.0001.830/6","302805_4.0001.831","302805_4.0001.839/4","302805_4.0001.840/5","302805_4.0001.841/5","302805_4.0001.842/1","302805_4.0001.842/2","302805_4.0001.843/5","302805_4.0001.843/9","302805_4.0001.844/8","302805_4.0001.845/4","302805_4.0001.845/5","302805_4.0001.858/35","302805_4.0001.858/60"],"location_quality":"dokładny","gunb_url":"https://wyszukiwarka.gunb.gov.pl/","parcel_count":23,"parcel_shard":"x068-y210","parcel_id":"302805_4.0001.839/4","location_source":"powiat wągrowiecki (wfs)"}},{"type":"Feature","id":"ST-WK-WA/WNIOSEK/1092/2026::302805_4.0001.840/5","geometry":{"type":"Polygon","coordinates":[[[17.1698129647787,52.6719853707236],[17.170022447346,52.6721812325681],[17.1702316429354,52.6723767325304],[17.170355580523,52.6723277207515],[17.1701472681669,52.6721324069367],[17.1699382321555,52.6719363686941],[17.1698129647787,52.6719853707236]]]},"properties":{"case_id":"ST-WK-WA/WNIOSEK/1092/2026","source_type":"wniosek_decyzja","received_date":"2026-01-12","decision_date":"2026-03-16","status":"decyzja wydana","description":"budowa ulicy Kościuszki w Skokach - budowa dróg osiedlowych wraz z kanalizacją deszczową","address":"Skoki","city":"Skoki","office":"Starosta Powiatu Wągrowiec","case_kind":"Obiekt budowlany inny niż budynek mieszkalny jednorodzinny","parcel_ids":["302805_4.0001.796/8","302805_4.0001.809/1","302805_4.0001.809/2","302805_4.0001.812/8","302805_4.0001.812/9","302805_4.0001.813/11","302805_4.0001.813/5","302805_4.0001.814/7","302805_4.0001.830/1","302805_4.0001.830/6","302805_4.0001.831","302805_4.0001.839/4","302805_4.0001.840/5","302805_4.0001.841/5","302805_4.0001.842/1","302805_4.0001.842/2","302805_4.0001.843/5","302805_4.0001.843/9","302805_4.0001.844/8","302805_4.0001.845/4","302805_4.0001.845/5","302805_4.0001.858/35","302805_4.0001.858/60"],"location_quality":"dokładny","gunb_url":"https://wyszukiwarka.gunb.gov.pl/","parcel_count":23,"parcel_shard":"x068-y210","parcel_id":"302805_4.0001.840/5","location_source":"powiat wągrowiecki (wfs)"}},{"type":"Feature","id":"ST-WK-WA/WNIOSEK/1092/2026::302805_4.0001.841/5","geometry":{"type":"Polygon","coordinates":[[[17.1683322856092,52.6720060747154],[17.1683729236781,52.6720436534837],[17.1689038917972,52.6718369800393],[17.1693976122839,52.6716447492628],[17.1694590610203,52.6716528517766],[17.1696240335318,52.671807738724],[17.1698129647787,52.6719853707236],[17.1699382321555,52.6719363686941],[17.1697283943151,52.6717403468414],[17.169519191186,52.6715440320232],[17.1693455184686,52.6716112663362],[17.1683322856092,52.6720060747154]]]},"properties":{"case_id":"ST-WK-WA/WNIOSEK/1092/2026","source_type":"wniosek_decyzja","received_date":"2026-01-12","decision_date":"2026-03-16","status":"decyzja wydana","description":"budowa ulicy Kościuszki w Skokach - budowa dróg osiedlowych wraz z kanalizacją deszczową","address":"Skoki","city":"Skoki","office":"Starosta Powiatu Wągrowiec","case_kind":"Obiekt budowlany inny niż budynek mieszkalny jednorodzinny","parcel_ids":["302805_4.0001.796/8","302805_4.0001.809/1","302805_4.0001.809/2","302805_4.0001.812/8","302805_4.0001.812/9","302805_4.0001.813/11","302805_4.0001.813/5","302805_4.0001.814/7","302805_4.0001.830/1","302805_4.0001.830/6","302805_4.0001.831","302805_4.0001.839/4","302805_4.0001.840/5","302805_4.0001.841/5","302805_4.0001.842/1","302805_4.0001.842/2","302805_4.0001.843/5","302805_4.0001.843/9","302805_4.0001.844/8","302805_4.0001.845/4","302805_4.0001.845/5","302805_4.0001.858/35","302805_4.0001.858/60"],"location_quality":"dokładny","gunb_url":"https://wyszukiwarka.gunb.gov.pl/","parcel_count":23,"parcel_shard":"x068-y210","parcel_id":"302805_4.0001.841/5","location_source":"powiat wągrowiecki (wfs)"}},{"type":"Feature","id":"ST-WK-WA/WNIOSEK/1092/2026::302805_4.0001.842/1","geometry":{"type":"Polygon","coordinates":[[[17.1689847802152,52.671208325665],[17.1691693201748,52.6713811967449],[17.1693265147396,52.6715282973229],[17.1693110361399,52.6715716816386],[17.1689486226678,52.6717128559995],[17.1682917964667,52.6719685851879],[17.1683322856092,52.6720060747154],[17.1693455184686,52.6716112663362],[17.169519191186,52.6715440320232],[17.169315818557,52.6713532648474],[17.1691093116293,52.6711597242258],[17.1689847802152,52.671208325665]]]},"properties":{"case_id":"ST-WK-WA/WNIOSEK/1092/2026","source_type":"wniosek_decyzja","received_date":"2026-01-12","decision_date":"2026-03-16","status":"decyzja wydana","description":"budowa ulicy Kościuszki w Skokach - budowa dróg osiedlowych wraz z kanalizacją deszczową","address":"Skoki","city":"Skoki","office":"Starosta Powiatu Wągrowiec","case_kind":"Obiekt budowlany inny niż budynek mieszkalny jednorodzinny","parcel_ids":["302805_4.0001.796/8","302805_4.0001.809/1","302805_4.0001.809/2","302805_4.0001.812/8","302805_4.0001.812/9","302805_4.0001.813/11","302805_4.0001.813/5","302805_4.0001.814/7","302805_4.0001.830/1","302805_4.0001.830/6","302805_4.0001.831","302805_4.0001.839/4","302805_4.0001.840/5","302805_4.0001.841/5","302805_4.0001.842/1","302805_4.0001.842/2","302805_4.0001.843/5","302805_4.0001.843/9","302805_4.0001.844/8","302805_4.0001.845/4","302805_4.0001.845/5","302805_4.0001.858/35","302805_4.0001.858/60"],"location_quality":"dokładny","gunb_url":"https://wyszukiwarka.gunb.gov.pl/","parcel_count":23,"parcel_shard":"x068-y210","parcel_id":"302805_4.0001.842/1","location_source":"powiat wągrowiecki (wfs)"}},{"type":"Feature","id":"ST-WK-WA/WNIOSEK/1092/2026::302805_4.0001.842/2","geometry":{"type":"Polygon","coordinates":[[[17.1682917964667,52.6719685851879],[17.1689486226678,52.6717128559995],[17.1687664497257,52.6715401544474],[17.1687353917363,52.6715524167554],[17.1681087805209,52.6717996608408],[17.1682917964667,52.6719685851879]]]},"properties":{"case_id":"ST-WK-WA/WNIOSEK/1092/2026","source_type":"wniosek_decyzja","received_date":"2026-01-12","decision_date":"2026-03-16","status":"decyzja wydana","description":"budowa ulicy Kościuszki w Skokach - budowa dróg osiedlowych wraz z kanalizacją deszczową","address":"Skoki","city":"Skoki","office":"Starosta Powiatu Wągrowiec","case_kind":"Obiekt budowlany inny niż budynek mieszkalny jednorodzinny","parcel_ids":["302805_4.0001.796/8","302805_4.0001.809/1","302805_4.0001.809/2","302805_4.0001.812/8","302805_4.0001.812/9","302805_4.0001.813/11","302805_4.0001.813/5","302805_4.0001.814/7","302805_4.0001.830/1","302805_4.0001.830/6","302805_4.0001.831","302805_4.0001.839/4","302805_4.0001.840/5","302805_4.0001.841/5","302805_4.0001.842/1","302805_4.0001.842/2","302805_4.0001.843/5","302805_4.0001.843/9","302805_4.0001.844/8","302805_4.0001.845/4","302805_4.0001.845/5","302805_4.0001.858/35","302805_4.0001.858/60"],"location_quality":"dokładny","gunb_url":"https://wyszukiwarka.gunb.gov.pl/","parcel_count":23,"parcel_shard":"x068-y210","parcel_id":"302805_4.0001.842/2","location_source":"powiat wągrowiecki (wfs)"}},{"type":"Feature","id":"ST-WK-WA/WNIOSEK/1092/2026::302805_4.0001.843/5","geometry":{"type":"Polygon","coordinates":[[[17.1689847802152,52.671208325665],[17.1691093116293,52.6711597242258],[17.1689326893184,52.6709940101444],[17.1688081591985,52.6710427012624],[17.1689847802152,52.671208325665]]]},"properties":{"case_id":"ST-WK-WA/WNIOSEK/1092/2026","source_type":"wniosek_decyzja","received_date":"2026-01-12","decision_date":"2026-03-16","status":"decyzja wydana","description":"budowa ulicy Kościuszki w Skokach - budowa dróg osiedlowych wraz z kanalizacją deszczową","address":"Skoki","city":"Skoki","office":"Starosta Powiatu Wągrowiec","case_kind":"Obiekt budowlany inny niż budynek mieszkalny jednorodzinny","parcel_ids":["302805_4.0001.796/8","302805_4.0001.809/1","302805_4.0001.809/2","302805_4.0001.812/8","302805_4.0001.812/9","302805_4.0001.813/11","302805_4.0001.813/5","302805_4.0001.814/7","302805_4.0001.830/1","302805_4.0001.830/6","302805_4.0001.831","302805_4.0001.839/4","302805_4.0001.840/5","302805_4.0001.841/5","302805_4.0001.842/1","302805_4.0001.842/2","302805_4.0001.843/5","302805_4.0001.843/9","302805_4.0001.844/8","302805_4.0001.845/4","302805_4.0001.845/5","302805_4.0001.858/35","302805_4.0001.858/60"],"location_quality":"dokładny","gunb_url":"https://wyszukiwarka.gunb.gov.pl/","parcel_count":23,"parcel_shard":"x068-y210","parcel_id":"302805_4.0001.843/5","location_source":"powiat wągrowiecki (wfs)"}},{"type":"Feature","id":"ST-WK-WA/WNIOSEK/1092/2026::302805_4.0001.843/9","geometry":{"type":"Polygon","coordinates":[[[17.1688081591985,52.6710427012624],[17.1689326893184,52.6709940101444],[17.1687300710653,52.6708041375991],[17.1690232138734,52.6706895331772],[17.1693148516656,52.6705754618888],[17.1692750387507,52.670538784376],[17.1686898752996,52.6707663773837],[17.1685654924025,52.6708149777537],[17.1688081591985,52.6710427012624]]]},"properties":{"case_id":"ST-WK-WA/WNIOSEK/1092/2026","source_type":"wniosek_decyzja","received_date":"2026-01-12","decision_date":"2026-03-16","status":"decyzja wydana","description":"budowa ulicy Kościuszki w Skokach - budowa dróg osiedlowych wraz z kanalizacją deszczową","address":"Skoki","city":"Skoki","office":"Starosta Powiatu Wągrowiec","case_kind":"Obiekt budowlany inny niż budynek mieszkalny jednorodzinny","parcel_ids":["302805_4.0001.796/8","302805_4.0001.809/1","302805_4.0001.809/2","302805_4.0001.812/8","302805_4.0001.812/9","302805_4.0001.813/11","302805_4.0001.813/5","302805_4.0001.814/7","302805_4.0001.830/1","302805_4.0001.830/6","302805_4.0001.831","302805_4.0001.839/4","302805_4.0001.840/5","302805_4.0001.841/5","302805_4.0001.842/1","302805_4.0001.842/2","302805_4.0001.843/5","302805_4.0001.843/9","302805_4.0001.844/8","302805_4.0001.845/4","302805_4.0001.845/5","302805_4.0001.858/35","302805_4.0001.858/60"],"location_quality":"dokładny","gunb_url":"https://wyszukiwarka.gunb.gov.pl/","parcel_count":23,"parcel_shard":"x068-y210","parcel_id":"302805_4.0001.843/9","location_source":"powiat wągrowiecki (wfs)"}},{"type":"Feature","id":"ST-WK-WA/WNIOSEK/1092/2026::302805_4.0001.844/8","geometry":{"type":"Polygon","coordinates":[[[17.1682878957418,52.6705546891154],[17.1684248723716,52.670683089837],[17.1685654924025,52.6708149777537],[17.1686898752996,52.6707663773837],[17.1692750387507,52.670538784376],[17.1692342269443,52.6705002125195],[17.168985633927,52.6705975095944],[17.168649757624,52.6707288848488],[17.1684122618254,52.6705063114789],[17.1682878957418,52.6705546891154]]]},"properties":{"case_id":"ST-WK-WA/WNIOSEK/1092/2026","source_type":"wniosek_decyzja","received_date":"2026-01-12","decision_date":"2026-03-16","status":"decyzja wydana","description":"budowa ulicy Kościuszki w Skokach - budowa dróg osiedlowych wraz z kanalizacją deszczową","address":"Skoki","city":"Skoki","office":"Starosta Powiatu Wągrowiec","case_kind":"Obiekt budowlany inny niż budynek mieszkalny jednorodzinny","parcel_ids":["302805_4.0001.796/8","302805_4.0001.809/1","302805_4.0001.809/2","302805_4.0001.812/8","302805_4.0001.812/9","302805_4.0001.813/11","302805_4.0001.813/5","302805_4.0001.814/7","302805_4.0001.830/1","302805_4.0001.830/6","302805_4.0001.831","302805_4.0001.839/4","302805_4.0001.840/5","302805_4.0001.841/5","302805_4.0001.842/1","302805_4.0001.842/2","302805_4.0001.843/5","302805_4.0001.843/9","302805_4.0001.844/8","302805_4.0001.845/4","302805_4.0001.845/5","302805_4.0001.858/35","302805_4.0001.858/60"],"location_quality":"dokładny","gunb_url":"https://wyszukiwarka.gunb.gov.pl/","parcel_count":23,"parcel_shard":"x068-y210","parcel_id":"302805_4.0001.844/8","location_source":"powiat wągrowiecki (wfs)"}},{"type":"Feature","id":"ST-WK-WA/WNIOSEK/1092/2026::302805_4.0001.845/4","geometry":{"type":"Polygon","coordinates":[[[17.1681074740249,52.6703863494088],[17.1678003516772,52.6705060608711],[17.1674933771857,52.6706256827058],[17.1670346250903,52.6708044519409],[17.1670750088526,52.6708421228218],[17.168117474095,52.670435849627],[17.1681478583325,52.670424019929],[17.1681074740249,52.6703863494088]]]},"properties":{"case_id":"ST-WK-WA/WNIOSEK/1092/2026","source_type":"wniosek_decyzja","received_date":"2026-01-12","decision_date":"2026-03-16","status":"decyzja wydana","description":"budowa ulicy Kościuszki w Skokach - budowa dróg osiedlowych wraz z kanalizacją deszczową","address":"Skoki","city":"Skoki","office":"Starosta Powiatu Wągrowiec","case_kind":"Obiekt budowlany inny niż budynek mieszkalny jednorodzinny","parcel_ids":["302805_4.0001.796/8","302805_4.0001.809/1","302805_4.0001.809/2","302805_4.0001.812/8","302805_4.0001.812/9","302805_4.0001.813/11","302805_4.0001.813/5","302805_4.0001.814/7","302805_4.0001.830/1","302805_4.0001.830/6","302805_4.0001.831","302805_4.0001.839/4","302805_4.0001.840/5","302805_4.0001.841/5","302805_4.0001.842/1","302805_4.0001.842/2","302805_4.0001.843/5","302805_4.0001.843/9","302805_4.0001.844/8","302805_4.0001.845/4","302805_4.0001.845/5","302805_4.0001.858/35","302805_4.0001.858/60"],"location_quality":"dokładny","gunb_url":"https://wyszukiwarka.gunb.gov.pl/","parcel_count":23,"parcel_shard":"x068-y210","parcel_id":"302805_4.0001.845/4","location_source":"powiat wągrowiecki (wfs)"}},{"type":"Feature","id":"ST-WK-WA/WNIOSEK/1092/2026::302805_4.0001.845/5","geometry":{"type":"Polygon","coordinates":[[[17.1681478583325,52.670424019929],[17.1682722276093,52.6703754627159],[17.1681711817039,52.6702810971641],[17.1680701654553,52.6701867497061],[17.1679456520885,52.6702351259506],[17.1681074740249,52.6703863494088],[17.1681478583325,52.670424019929]]]},"properties":{"case_id":"ST-WK-WA/WNIOSEK/1092/2026","source_type":"wniosek_decyzja","received_date":"2026-01-12","decision_date":"2026-03-16","status":"decyzja wydana","description":"budowa ulicy Kościuszki w Skokach - budowa dróg osiedlowych wraz z kanalizacją deszczową","address":"Skoki","city":"Skoki","office":"Starosta Powiatu Wągrowiec","case_kind":"Obiekt budowlany inny niż budynek mieszkalny jednorodzinny","parcel_ids":["302805_4.0001.796/8","302805_4.0001.809/1","302805_4.0001.809/2","302805_4.0001.812/8","302805_4.0001.812/9","302805_4.0001.813/11","302805_4.0001.813/5","302805_4.0001.814/7","302805_4.0001.830/1","302805_4.0001.830/6","302805_4.0001.831","302805_4.0001.839/4","302805_4.0001.840/5","302805_4.0001.841/5","302805_4.0001.842/1","302805_4.0001.842/2","302805_4.0001.843/5","302805_4.0001.843/9","302805_4.0001.844/8","302805_4.0001.845/4","302805_4.0001.845/5","302805_4.0001.858/35","302805_4.0001.858/60"],"location_quality":"dokładny","gunb_url":"https://wyszukiwarka.gunb.gov.pl/","parcel_count":23,"parcel_shard":"x068-y210","parcel_id":"302805_4.0001.845/5","location_source":"powiat wągrowiecki (wfs)"}},{"type":"Feature","id":"ST-WK-WA/WNIOSEK/1092/2026::302805_4.0001.858/35","geometry":{"type":"Polygon","coordinates":[[[17.1715544248279,52.6723538111774],[17.1717902240729,52.6722609129697],[17.1716981937888,52.672248945898],[17.1715161734983,52.6720780838787],[17.1713234075973,52.6718969908229],[17.1711304937593,52.6717159862816],[17.1709377293361,52.6715349824614],[17.1707449682029,52.6713538884678],[17.1705520591332,52.6711728829881],[17.1703592994764,52.6709918782301],[17.1701665431106,52.6708107832988],[17.1699736388091,52.6706297768806],[17.1697808839186,52.670448771185],[17.1695627117667,52.6702438606686],[17.1692077121255,52.6699105511127],[17.1690470638468,52.6697596968705],[17.1687940360341,52.6695221863147],[17.1685366566063,52.6692804206523],[17.1684934827124,52.6694053105724],[17.1689569755456,52.669840489978],[17.1692283058585,52.6700952941567],[17.1694977517228,52.6703482870344],[17.1696502687894,52.670491534362],[17.1698176023989,52.6706487256748],[17.1699943821986,52.6708146106798],[17.1701987594296,52.671006571984],[17.1704040117738,52.6711992580317],[17.1706121696596,52.6713947500997],[17.1708222205045,52.6715918727426],[17.1710305265361,52.671787544834],[17.1712388378241,52.6719830368387],[17.1714230332444,52.6721560714424],[17.1715741117842,52.6722978681945],[17.1715544248279,52.6723538111774]]]},"properties":{"case_id":"ST-WK-WA/WNIOSEK/1092/2026","source_type":"wniosek_decyzja","received_date":"2026-01-12","decision_date":"2026-03-16","status":"decyzja wydana","description":"budowa ulicy Kościuszki w Skokach - budowa dróg osiedlowych wraz z kanalizacją deszczową","address":"Skoki","city":"Skoki","office":"Starosta Powiatu Wągrowiec","case_kind":"Obiekt budowlany inny niż budynek mieszkalny jednorodzinny","parcel_ids":["302805_4.0001.796/8","302805_4.0001.809/1","302805_4.0001.809/2","302805_4.0001.812/8","302805_4.0001.812/9","302805_4.0001.813/11","302805_4.0001.813/5","302805_4.0001.814/7","302805_4.0001.830/1","302805_4.0001.830/6","302805_4.0001.831","302805_4.0001.839/4","302805_4.0001.840/5","302805_4.0001.841/5","302805_4.0001.842/1","302805_4.0001.842/2","302805_4.0001.843/5","302805_4.0001.843/9","302805_4.0001.844/8","302805_4.0001.845/4","302805_4.0001.845/5","302805_4.0001.858/35","302805_4.0001.858/60"],"location_quality":"dokładny","gunb_url":"https://wyszukiwarka.gunb.gov.pl/","parcel_count":23,"parcel_shard":"x068-y210","parcel_id":"302805_4.0001.858/35","location_source":"powiat wągrowiecki (wfs)"}},{"type":"Feature","id":"ST-WK-WA/WNIOSEK/1092/2026::302805_4.0001.858/60","geometry":{"type":"Polygon","coordinates":[[[17.1693148516656,52.6705754618888],[17.1695582428209,52.6704795656428],[17.1696502687894,52.670491534362],[17.1694977517228,52.6703482870344],[17.169478063022,52.6704042296835],[17.1692342269443,52.6705002125195],[17.1692750387507,52.670538784376],[17.1693148516656,52.6705754618888]]]},"properties":{"case_id":"ST-WK-WA/WNIOSEK/1092/2026","source_type":"wniosek_decyzja","received_date":"2026-01-12","decision_date":"2026-03-16","status":"decyzja wydana","description":"budowa ulicy Kościuszki w Skokach - budowa dróg osiedlowych wraz z kanalizacją deszczową","address":"Skoki","city":"Skoki","office":"Starosta Powiatu Wągrowiec","case_kind":"Obiekt budowlany inny niż budynek mieszkalny jednorodzinny","parcel_ids":["302805_4.0001.796/8","302805_4.0001.809/1","302805_4.0001.809/2","302805_4.0001.812/8","302805_4.0001.812/9","302805_4.0001.813/11","302805_4.0001.813/5","302805_4.0001.814/7","302805_4.0001.830/1","302805_4.0001.830/6","302805_4.0001.831","302805_4.0001.839/4","302805_4.0001.840/5","302805_4.0001.841/5","302805_4.0001.842/1","302805_4.0001.842/2","302805_4.0001.843/5","302805_4.0001.843/9","302805_4.0001.844/8","302805_4.0001.845/4","302805_4.0001.845/5","302805_4.0001.858/35","302805_4.0001.858/60"],"location_quality":"dokładny","gunb_url":"https://wyszukiwarka.gunb.gov.pl/","parcel_count":23,"parcel_shard":"x068-y210","parcel_id":"302805_4.0001.858/60","location_source":"powiat wągrowiecki (wfs)"}},{"type":"Feature","id":"ST-WK-WA/WNIOSEK/6924/2026::302805_4.0001.82/5","geometry":{"type":"Polygon","coordinates":[[[17.1532787747034,52.6774291304534],[17.1531152237681,52.6773209898803],[17.1529035808139,52.6771630090395],[17.1528675553837,52.6771296783926],[17.1526363848555,52.6769570070073],[17.152169943401,52.6765330869637],[17.1519142306884,52.6765800945526],[17.1519398388449,52.6766453553453],[17.1518635507716,52.6768600509071],[17.1518810322932,52.6769658316061],[17.1519123232693,52.6771552836805],[17.1520375213531,52.6771469448172],[17.1522002696162,52.6771805242844],[17.1524738709454,52.677204614645],[17.1530064876382,52.6772701784198],[17.1530648300154,52.6773416096507],[17.1529226916177,52.6774530459489],[17.1529299776575,52.6774649885179],[17.1530591546009,52.6774527795678],[17.1532787747034,52.6774291304534]]]},"properties":{"case_id":"ST-WK-WA/WNIOSEK/6924/2026","source_type":"wniosek_decyzja","received_date":"2026-04-13","decision_date":"2026-06-15","status":"decyzja wydana","description":"budynek mieszkalny jednorodzinny","address":"Skoki","city":"Skoki","office":"Starosta Powiatu Wągrowiec","case_kind":"Budynek mieszkalny jednorodzinny","parcel_ids":["302805_4.0001.82/5"],"location_quality":"dokładny","gunb_url":"https://wyszukiwarka.gunb.gov.pl/","parcel_count":1,"parcel_shard":"x068-y210","parcel_id":"302805_4.0001.82/5","location_source":"powiat wągrowiecki (wfs)"}},{"type":"Feature","id":"ST-WK-WA/WNIOSEK/9574/2026::302805_4.0001.840/3","geometry":{"type":"Polygon","coordinates":[[[17.1694941286612,52.6723872049383],[17.170022447346,52.6721812325681],[17.1698129647787,52.6719853707236],[17.1697593349716,52.6720067442767],[17.1692836058833,52.6721916943632],[17.1694941286612,52.6723872049383]]]},"properties":{"case_id":"ST-WK-WA/WNIOSEK/9574/2026","source_type":"wniosek_decyzja","received_date":"2026-05-19","decision_date":"2026-07-16","status":"decyzja wydana","description":"budynek mieszkalny jednorodzinny","address":"Skoki","city":"Skoki","office":"Starosta Powiatu Wągrowiec","case_kind":"Budynek mieszkalny jednorodzinny","parcel_ids":["302805_4.0001.840/3"],"location_quality":"dokładny","gunb_url":"https://wyszukiwarka.gunb.gov.pl/","parcel_count":1,"parcel_shard":"x068-y210","parcel_id":"302805_4.0001.840/3","location_source":"powiat wągrowiecki (wfs)"}},{"type":"Feature","id":"ST-WK-WA/ZGŁOSZENIE/2746/2025::302805_4.0001.873/10","geometry":{"type":"Polygon","coordinates":[[[17.1847087552007,52.6723684350054],[17.1842356412722,52.6724026925499],[17.1842273720671,52.6726378862966],[17.1847538657272,52.6725986485248],[17.1847087552007,52.6723684350054]]]},"properties":{"case_id":"ST-WK-WA/ZGŁOSZENIE/2746/2025","source_type":"zgloszenie","received_date":"2025-09-01","decision_date":null,"status":"Brak sprzeciwu","description":"budowa sieci elektroenergetycznej w celu zasilania w energie elektryczną 48 budynków mieszkalnych w m. Skoki, ul. Antoniewska","address":"Skoki","city":"Skoki","office":"Starosta Powiatu Wągrowiec","case_kind":"budowa nowego/nowych obiektów budowlanych","parcel_ids":["302805_4.0001.873/10","302805_4.0001.873/11","302805_4.0001.873/12","302805_4.0001.873/13","302805_4.0001.873/14","302805_4.0001.873/15","302805_4.0001.873/16","302805_4.0001.873/17","302805_4.0001.873/18","302805_4.0001.873/19","302805_4.0001.873/20","302805_4.0001.873/21","302805_4.0001.873/22","302805_4.0001.873/23","302805_4.0001.873/24","302805_4.0001.873/25","302805_4.0001.873/26","302805_4.0001.873/27","302805_4.0001.873/28","302805_4.0001.873/29","302805_4.0001.873/30","302805_4.0001.873/31","302805_4.0001.873/32","302805_4.0001.873/33","302805_4.0001.873/34","302805_4.0001.873/35","302805_4.0001.873/36","302805_4.0001.873/37","302805_4.0001.873/38","302805_4.0001.873/39","302805_4.0001.873/40","302805_4.0001.873/41","302805_4.0001.873/42","302805_4.0001.873/43","302805_4.0001.873/44","302805_4.0001.873/45","302805_4.0001.873/46","302805_4.0001.873/47","302805_4.0001.873/48","302805_4.0001.873/49","302805_4.0001.873/50","302805_4.0001.873/51","302805_4.0001.873/52","302805_4.0001.873/53","302805_4.0001.873/54","302805_4.0001.873/55","302805_4.0001.873/56","302805_4.0001.873/57","302805_4.0001.873/58","302805_4.0001.873/59","302805_4.0001.873/60","302805_4.0001.873/61","302805_4.0001.873/62","302805_4.0001.873/9","302805_4.0001.882/11","302805_4.0001.883","302805_5.0018.41"],"location_quality":"dokładny","gunb_url":"https://wyszukiwarka.gunb.gov.pl/","parcel_count":54,"parcel_shard":"x068-y210","parcel_id":"302805_4.0001.873/10","location_source":"powiat wągrowiecki (wfs)"}},{"type":"Feature","id":"ST-WK-WA/ZGŁOSZENIE/2746/2025::302805_4.0001.873/11","geometry":{"type":"Polygon","coordinates":[[[17.1851189631873,52.6723387400236],[17.1847087552007,52.6723684350054],[17.1847538657272,52.6725986485248],[17.1853477819726,52.672554380625],[17.1851189631873,52.6723387400236]]]},"properties":{"case_id":"ST-WK-WA/ZGŁOSZENIE/2746/2025","source_type":"zgloszenie","received_date":"2025-09-01","decision_date":null,"status":"Brak sprzeciwu","description":"budowa sieci elektroenergetycznej w celu zasilania w energie elektryczną 48 budynków mieszkalnych w m. Skoki, ul. Antoniewska","address":"Skoki","city":"Skoki","office":"Starosta Powiatu Wągrowiec","case_kind":"budowa nowego/nowych obiektów budowlanych","parcel_ids":["302805_4.0001.873/10","302805_4.0001.873/11","302805_4.0001.873/12","302805_4.0001.873/13","302805_4.0001.873/14","302805_4.0001.873/15","302805_4.0001.873/16","302805_4.0001.873/17","302805_4.0001.873/18","302805_4.0001.873/19","302805_4.0001.873/20","302805_4.0001.873/21","302805_4.0001.873/22","302805_4.0001.873/23","302805_4.0001.873/24","302805_4.0001.873/25","302805_4.0001.873/26","302805_4.0001.873/27","302805_4.0001.873/28","302805_4.0001.873/29","302805_4.0001.873/30","302805_4.0001.873/31","302805_4.0001.873/32","302805_4.0001.873/33","302805_4.0001.873/34","302805_4.0001.873/35","302805_4.0001.873/36","302805_4.0001.873/37","302805_4.0001.873/38","302805_4.0001.873/39","302805_4.0001.873/40","302805_4.0001.873/41","302805_4.0001.873/42","302805_4.0001.873/43","302805_4.0001.873/44","302805_4.0001.873/45","302805_4.0001.873/46","302805_4.0001.873/47","302805_4.0001.873/48","302805_4.0001.873/49","302805_4.0001.873/50","302805_4.0001.873/51","302805_4.0001.873/52","302805_4.0001.873/53","302805_4.0001.873/54","302805_4.0001.873/55","302805_4.0001.873/56","302805_4.0001.873/57","302805_4.0001.873/58","302805_4.0001.873/59","302805_4.0001.873/60","302805_4.0001.873/61","302805_4.0001.873/62","302805_4.0001.873/9","302805_4.0001.882/11","302805_4.0001.883","302805_5.0018.41"],"location_quality":"dokładny","gunb_url":"https://wyszukiwarka.gunb.gov.pl/","parcel_count":54,"parcel_shard":"x068-y210","parcel_id":"302805_4.0001.873/11","location_source":"powiat wągrowiecki (wfs)"}},{"type":"Feature","id":"ST-WK-WA/ZGŁOSZENIE/2746/2025::302805_4.0001.873/12","geometry":{"type":"Polygon","coordinates":[[[17.1850298820371,52.6722546897742],[17.1847596581796,52.6719999387661],[17.1844692568405,52.6721143799938],[17.1841789277349,52.6722288299965],[17.1842271703945,52.6722740624246],[17.1843295178014,52.6723054043919],[17.1850298820371,52.6722546897742]]]},"properties":{"case_id":"ST-WK-WA/ZGŁOSZENIE/2746/2025","source_type":"zgloszenie","received_date":"2025-09-01","decision_date":null,"status":"Brak sprzeciwu","description":"budowa sieci elektroenergetycznej w celu zasilania w energie elektryczną 48 budynków mieszkalnych w m. Skoki, ul. Antoniewska","address":"Skoki","city":"Skoki","office":"Starosta Powiatu Wągrowiec","case_kind":"budowa nowego/nowych obiektów budowlanych","parcel_ids":["302805_4.0001.873/10","302805_4.0001.873/11","302805_4.0001.873/12","302805_4.0001.873/13","302805_4.0001.873/14","302805_4.0001.873/15","302805_4.0001.873/16","302805_4.0001.873/17","302805_4.0001.873/18","302805_4.0001.873/19","302805_4.0001.873/20","302805_4.0001.873/21","302805_4.0001.873/22","302805_4.0001.873/23","302805_4.0001.873/24","302805_4.0001.873/25","302805_4.0001.873/26","302805_4.0001.873/27","302805_4.0001.873/28","302805_4.0001.873/29","302805_4.0001.873/30","302805_4.0001.873/31","302805_4.0001.873/32","302805_4.0001.873/33","302805_4.0001.873/34","302805_4.0001.873/35","302805_4.0001.873/36","302805_4.0001.873/37","302805_4.0001.873/38","302805_4.0001.873/39","302805_4.0001.873/40","302805_4.0001.873/41","302805_4.0001.873/42","302805_4.0001.873/43","302805_4.0001.873/44","302805_4.0001.873/45","302805_4.0001.873/46","302805_4.0001.873/47","302805_4.0001.873/48","302805_4.0001.873/49","302805_4.0001.873/50","302805_4.0001.873/51","302805_4.0001.873/52","302805_4.0001.873/53","302805_4.0001.873/54","302805_4.0001.873/55","302805_4.0001.873/56","302805_4.0001.873/57","302805_4.0001.873/58","302805_4.0001.873/59","302805_4.0001.873/60","302805_4.0001.873/61","302805_4.0001.873/62","302805_4.0001.873/9","302805_4.0001.882/11","302805_4.0001.883","302805_5.0018.41"],"location_quality":"dokładny","gunb_url":"https://wyszukiwarka.gunb.gov.pl/","parcel_count":54,"parcel_shard":"x068-y210","parcel_id":"302805_4.0001.873/12","location_source":"powiat wągrowiecki (wfs)"}},{"type":"Feature","id":"ST-WK-WA/ZGŁOSZENIE/2746/2025::302805_4.0001.873/13","geometry":{"type":"Polygon","coordinates":[[[17.1837571720035,52.6723950396558],[17.1834756819046,52.6721311399685],[17.1831817163002,52.6722470004465],[17.183462088264,52.6725113424902],[17.1837571720035,52.6723950396558]]]},"properties":{"case_id":"ST-WK-WA/ZGŁOSZENIE/2746/2025","source_type":"zgloszenie","received_date":"2025-09-01","decision_date":null,"status":"Brak sprzeciwu","description":"budowa sieci elektroenergetycznej w celu zasilania w energie elektryczną 48 budynków mieszkalnych w m. Skoki, ul. Antoniewska","address":"Skoki","city":"Skoki","office":"Starosta Powiatu Wągrowiec","case_kind":"budowa nowego/nowych obiektów budowlanych","parcel_ids":["302805_4.0001.873/10","302805_4.0001.873/11","302805_4.0001.873/12","302805_4.0001.873/13","302805_4.0001.873/14","302805_4.0001.873/15","302805_4.0001.873/16","302805_4.0001.873/17","302805_4.0001.873/18","302805_4.0001.873/19","302805_4.0001.873/20","302805_4.0001.873/21","302805_4.0001.873/22","302805_4.0001.873/23","302805_4.0001.873/24","302805_4.0001.873/25","302805_4.0001.873/26","302805_4.0001.873/27","302805_4.0001.873/28","302805_4.0001.873/29","302805_4.0001.873/30","302805_4.0001.873/31","302805_4.0001.873/32","302805_4.0001.873/33","302805_4.0001.873/34","302805_4.0001.873/35","302805_4.0001.873/36","302805_4.0001.873/37","302805_4.0001.873/38","302805_4.0001.873/39","302805_4.0001.873/40","302805_4.0001.873/41","302805_4.0001.873/42","302805_4.0001.873/43","302805_4.0001.873/44","302805_4.0001.873/45","302805_4.0001.873/46","302805_4.0001.873/47","302805_4.0001.873/48","302805_4.0001.873/49","302805_4.0001.873/50","302805_4.0001.873/51","302805_4.0001.873/52","302805_4.0001.873/53","302805_4.0001.873/54","302805_4.0001.873/55","302805_4.0001.873/56","302805_4.0001.873/57","302805_4.0001.873/58","302805_4.0001.873/59","302805_4.0001.873/60","302805_4.0001.873/61","302805_4.0001.873/62","302805_4.0001.873/9","302805_4.0001.882/11","302805_4.0001.883","302805_5.0018.41"],"location_quality":"dokładny","gunb_url":"https://wyszukiwarka.gunb.gov.pl/","parcel_count":54,"parcel_shard":"x068-y210","parcel_id":"302805_4.0001.873/13","location_source":"powiat wągrowiecki (wfs)"}},{"type":"Feature","id":"ST-WK-WA/ZGŁOSZENIE/2746/2025::302805_4.0001.873/14","geometry":{"type":"Polygon","coordinates":[[[17.1840548755426,52.6722777026138],[17.1838136056508,52.6720515035788],[17.1837113657165,52.6720382442822],[17.1834756819046,52.6721311399685],[17.1837571720035,52.6723950396558],[17.1840548755426,52.6722777026138]]]},"properties":{"case_id":"ST-WK-WA/ZGŁOSZENIE/2746/2025","source_type":"zgloszenie","received_date":"2025-09-01","decision_date":null,"status":"Brak sprzeciwu","description":"budowa sieci elektroenergetycznej w celu zasilania w energie elektryczną 48 budynków mieszkalnych w m. Skoki, ul. Antoniewska","address":"Skoki","city":"Skoki","office":"Starosta Powiatu Wągrowiec","case_kind":"budowa nowego/nowych obiektów budowlanych","parcel_ids":["302805_4.0001.873/10","302805_4.0001.873/11","302805_4.0001.873/12","302805_4.0001.873/13","302805_4.0001.873/14","302805_4.0001.873/15","302805_4.0001.873/16","302805_4.0001.873/17","302805_4.0001.873/18","302805_4.0001.873/19","302805_4.0001.873/20","302805_4.0001.873/21","302805_4.0001.873/22","302805_4.0001.873/23","302805_4.0001.873/24","302805_4.0001.873/25","302805_4.0001.873/26","302805_4.0001.873/27","302805_4.0001.873/28","302805_4.0001.873/29","302805_4.0001.873/30","302805_4.0001.873/31","302805_4.0001.873/32","302805_4.0001.873/33","302805_4.0001.873/34","302805_4.0001.873/35","302805_4.0001.873/36","302805_4.0001.873/37","302805_4.0001.873/38","302805_4.0001.873/39","302805_4.0001.873/40","302805_4.0001.873/41","302805_4.0001.873/42","302805_4.0001.873/43","302805_4.0001.873/44","302805_4.0001.873/45","302805_4.0001.873/46","302805_4.0001.873/47","302805_4.0001.873/48","302805_4.0001.873/49","302805_4.0001.873/50","302805_4.0001.873/51","302805_4.0001.873/52","302805_4.0001.873/53","302805_4.0001.873/54","302805_4.0001.873/55","302805_4.0001.873/56","302805_4.0001.873/57","302805_4.0001.873/58","302805_4.0001.873/59","302805_4.0001.873/60","302805_4.0001.873/61","302805_4.0001.873/62","302805_4.0001.873/9","302805_4.0001.882/11","302805_4.0001.883","302805_5.0018.41"],"location_quality":"dokładny","gunb_url":"https://wyszukiwarka.gunb.gov.pl/","parcel_count":54,"parcel_shard":"x068-y210","parcel_id":"302805_4.0001.873/14","location_source":"powiat wągrowiecki (wfs)"}},{"type":"Feature","id":"ST-WK-WA/ZGŁOSZENIE/2746/2025::302805_4.0001.873/15","geometry":{"type":"Polygon","coordinates":[[[17.1841789277349,52.6722288299965],[17.1844692568405,52.6721143799938],[17.184187764218,52.6718504819752],[17.1839594549412,52.6719404725688],[17.1839376430183,52.6720026131366],[17.1841789277349,52.6722288299965]]]},"properties":{"case_id":"ST-WK-WA/ZGŁOSZENIE/2746/2025","source_type":"zgloszenie","received_date":"2025-09-01","decision_date":null,"status":"Brak sprzeciwu","description":"budowa sieci elektroenergetycznej w celu zasilania w energie elektryczną 48 budynków mieszkalnych w m. Skoki, ul. Antoniewska","address":"Skoki","city":"Skoki","office":"Starosta Powiatu Wągrowiec","case_kind":"budowa nowego/nowych obiektów budowlanych","parcel_ids":["302805_4.0001.873/10","302805_4.0001.873/11","302805_4.0001.873/12","302805_4.0001.873/13","302805_4.0001.873/14","302805_4.0001.873/15","302805_4.0001.873/16","302805_4.0001.873/17","302805_4.0001.873/18","302805_4.0001.873/19","302805_4.0001.873/20","302805_4.0001.873/21","302805_4.0001.873/22","302805_4.0001.873/23","302805_4.0001.873/24","302805_4.0001.873/25","302805_4.0001.873/26","302805_4.0001.873/27","302805_4.0001.873/28","302805_4.0001.873/29","302805_4.0001.873/30","302805_4.0001.873/31","302805_4.0001.873/32","302805_4.0001.873/33","302805_4.0001.873/34","302805_4.0001.873/35","302805_4.0001.873/36","302805_4.0001.873/37","302805_4.0001.873/38","302805_4.0001.873/39","302805_4.0001.873/40","302805_4.0001.873/41","302805_4.0001.873/42","302805_4.0001.873/43","302805_4.0001.873/44","302805_4.0001.873/45","302805_4.0001.873/46","302805_4.0001.873/47","302805_4.0001.873/48","302805_4.0001.873/49","302805_4.0001.873/50","302805_4.0001.873/51","302805_4.0001.873/52","302805_4.0001.873/53","302805_4.0001.873/54","302805_4.0001.873/55","302805_4.0001.873/56","302805_4.0001.873/57","302805_4.0001.873/58","302805_4.0001.873/59","302805_4.0001.873/60","302805_4.0001.873/61","302805_4.0001.873/62","302805_4.0001.873/9","302805_4.0001.882/11","302805_4.0001.883","302805_5.0018.41"],"location_quality":"dokładny","gunb_url":"https://wyszukiwarka.gunb.gov.pl/","parcel_count":54,"parcel_shard":"x068-y210","parcel_id":"302805_4.0001.873/15","location_source":"powiat wągrowiecki (wfs)"}},{"type":"Feature","id":"ST-WK-WA/ZGŁOSZENIE/2746/2025::302805_4.0001.873/16","geometry":{"type":"Polygon","coordinates":[[[17.1844692568405,52.6721143799938],[17.1847596581796,52.6719999387661],[17.1844792521932,52.6717355905613],[17.184187764218,52.6718504819752],[17.1844692568405,52.6721143799938]]]},"properties":{"case_id":"ST-WK-WA/ZGŁOSZENIE/2746/2025","source_type":"zgloszenie","received_date":"2025-09-01","decision_date":null,"status":"Brak sprzeciwu","description":"budowa sieci elektroenergetycznej w celu zasilania w energie elektryczną 48 budynków mieszkalnych w m. Skoki, ul. Antoniewska","address":"Skoki","city":"Skoki","office":"Starosta Powiatu Wągrowiec","case_kind":"budowa nowego/nowych obiektów budowlanych","parcel_ids":["302805_4.0001.873/10","302805_4.0001.873/11","302805_4.0001.873/12","302805_4.0001.873/13","302805_4.0001.873/14","302805_4.0001.873/15","302805_4.0001.873/16","302805_4.0001.873/17","302805_4.0001.873/18","302805_4.0001.873/19","302805_4.0001.873/20","302805_4.0001.873/21","302805_4.0001.873/22","302805_4.0001.873/23","302805_4.0001.873/24","302805_4.0001.873/25","302805_4.0001.873/26","302805_4.0001.873/27","302805_4.0001.873/28","302805_4.0001.873/29","302805_4.0001.873/30","302805_4.0001.873/31","302805_4.0001.873/32","302805_4.0001.873/33","302805_4.0001.873/34","302805_4.0001.873/35","302805_4.0001.873/36","302805_4.0001.873/37","302805_4.0001.873/38","302805_4.0001.873/39","302805_4.0001.873/40","302805_4.0001.873/41","302805_4.0001.873/42","302805_4.0001.873/43","302805_4.0001.873/44","302805_4.0001.873/45","302805_4.0001.873/46","302805_4.0001.873/47","302805_4.0001.873/48","302805_4.0001.873/49","302805_4.0001.873/50","302805_4.0001.873/51","302805_4.0001.873/52","302805_4.0001.873/53","302805_4.0001.873/54","302805_4.0001.873/55","302805_4.0001.873/56","302805_4.0001.873/57","302805_4.0001.873/58","302805_4.0001.873/59","302805_4.0001.873/60","302805_4.0001.873/61","302805_4.0001.873/62","302805_4.0001.873/9","302805_4.0001.882/11","302805_4.0001.883","302805_5.0018.41"],"location_quality":"dokładny","gunb_url":"https://wyszukiwarka.gunb.gov.pl/","parcel_count":54,"parcel_shard":"x068-y210","parcel_id":"302805_4.0001.873/16","location_source":"powiat wągrowiecki (wfs)"}},{"type":"Feature","id":"ST-WK-WA/ZGŁOSZENIE/2746/2025::302805_4.0001.873/17","geometry":{"type":"Polygon","coordinates":[[[17.1833538684105,52.6717784402481],[17.1829433457206,52.671939341043],[17.1831236809302,52.6721093649211],[17.1832256552601,52.6721225959325],[17.1835743406756,52.6719851653738],[17.1833538684105,52.6717784402481]]]},"properties":{"case_id":"ST-WK-WA/ZGŁOSZENIE/2746/2025","source_type":"zgloszenie","received_date":"2025-09-01","decision_date":null,"status":"Brak sprzeciwu","description":"budowa sieci elektroenergetycznej w celu zasilania w energie elektryczną 48 budynków mieszkalnych w m. Skoki, ul. Antoniewska","address":"Skoki","city":"Skoki","office":"Starosta Powiatu Wągrowiec","case_kind":"budowa nowego/nowych obiektów budowlanych","parcel_ids":["302805_4.0001.873/10","302805_4.0001.873/11","302805_4.0001.873/12","302805_4.0001.873/13","302805_4.0001.873/14","302805_4.0001.873/15","302805_4.0001.873/16","302805_4.0001.873/17","302805_4.0001.873/18","302805_4.0001.873/19","302805_4.0001.873/20","302805_4.0001.873/21","302805_4.0001.873/22","302805_4.0001.873/23","302805_4.0001.873/24","302805_4.0001.873/25","302805_4.0001.873/26","302805_4.0001.873/27","302805_4.0001.873/28","302805_4.0001.873/29","302805_4.0001.873/30","302805_4.0001.873/31","302805_4.0001.873/32","302805_4.0001.873/33","302805_4.0001.873/34","302805_4.0001.873/35","302805_4.0001.873/36","302805_4.0001.873/37","302805_4.0001.873/38","302805_4.0001.873/39","302805_4.0001.873/40","302805_4.0001.873/41","302805_4.0001.873/42","302805_4.0001.873/43","302805_4.0001.873/44","302805_4.0001.873/45","302805_4.0001.873/46","302805_4.0001.873/47","302805_4.0001.873/48","302805_4.0001.873/49","302805_4.0001.873/50","302805_4.0001.873/51","302805_4.0001.873/52","302805_4.0001.873/53","302805_4.0001.873/54","302805_4.0001.873/55","302805_4.0001.873/56","302805_4.0001.873/57","302805_4.0001.873/58","302805_4.0001.873/59","302805_4.0001.873/60","302805_4.0001.873/61","302805_4.0001.873/62","302805_4.0001.873/9","302805_4.0001.882/11","302805_4.0001.883","302805_5.0018.41"],"location_quality":"dokładny","gunb_url":"https://wyszukiwarka.gunb.gov.pl/","parcel_count":54,"parcel_shard":"x068-y210","parcel_id":"302805_4.0001.873/17","location_source":"powiat wągrowiecki (wfs)"}},{"type":"Feature","id":"ST-WK-WA/ZGŁOSZENIE/2746/2025::302805_4.0001.873/18","geometry":{"type":"Polygon","coordinates":[[[17.1835199580471,52.6715674760083],[17.1832445989228,52.6716760053826],[17.1833538684105,52.6717784402481],[17.1835743406756,52.6719851653738],[17.1838496861605,52.6718766351419],[17.1835199580471,52.6715674760083]]]},"properties":{"case_id":"ST-WK-WA/ZGŁOSZENIE/2746/2025","source_type":"zgloszenie","received_date":"2025-09-01","decision_date":null,"status":"Brak sprzeciwu","description":"budowa sieci elektroenergetycznej w celu zasilania w energie elektryczną 48 budynków mieszkalnych w m. Skoki, ul. Antoniewska","address":"Skoki","city":"Skoki","office":"Starosta Powiatu Wągrowiec","case_kind":"budowa nowego/nowych obiektów budowlanych","parcel_ids":["302805_4.0001.873/10","302805_4.0001.873/11","302805_4.0001.873/12","302805_4.0001.873/13","302805_4.0001.873/14","302805_4.0001.873/15","302805_4.0001.873/16","302805_4.0001.873/17","302805_4.0001.873/18","302805_4.0001.873/19","302805_4.0001.873/20","302805_4.0001.873/21","302805_4.0001.873/22","302805_4.0001.873/23","302805_4.0001.873/24","302805_4.0001.873/25","302805_4.0001.873/26","302805_4.0001.873/27","302805_4.0001.873/28","302805_4.0001.873/29","302805_4.0001.873/30","302805_4.0001.873/31","302805_4.0001.873/32","302805_4.0001.873/33","302805_4.0001.873/34","302805_4.0001.873/35","302805_4.0001.873/36","302805_4.0001.873/37","302805_4.0001.873/38","302805_4.0001.873/39","302805_4.0001.873/40","302805_4.0001.873/41","302805_4.0001.873/42","302805_4.0001.873/43","302805_4.0001.873/44","302805_4.0001.873/45","302805_4.0001.873/46","302805_4.0001.873/47","302805_4.0001.873/48","302805_4.0001.873/49","302805_4.0001.873/50","302805_4.0001.873/51","302805_4.0001.873/52","302805_4.0001.873/53","302805_4.0001.873/54","302805_4.0001.873/55","302805_4.0001.873/56","302805_4.0001.873/57","302805_4.0001.873/58","302805_4.0001.873/59","302805_4.0001.873/60","302805_4.0001.873/61","302805_4.0001.873/62","302805_4.0001.873/9","302805_4.0001.882/11","302805_4.0001.883","302805_5.0018.41"],"location_quality":"dokładny","gunb_url":"https://wyszukiwarka.gunb.gov.pl/","parcel_count":54,"parcel_shard":"x068-y210","parcel_id":"302805_4.0001.873/18","location_source":"powiat wągrowiecki (wfs)"}},{"type":"Feature","id":"ST-WK-WA/ZGŁOSZENIE/2746/2025::302805_4.0001.873/19","geometry":{"type":"Polygon","coordinates":[[[17.1838496861605,52.6718766351419],[17.1841250450674,52.6717681043646],[17.1837953307607,52.6714589371026],[17.1835199580471,52.6715674760083],[17.1838496861605,52.6718766351419]]]},"properties":{"case_id":"ST-WK-WA/ZGŁOSZENIE/2746/2025","source_type":"zgloszenie","received_date":"2025-09-01","decision_date":null,"status":"Brak sprzeciwu","description":"budowa sieci elektroenergetycznej w celu zasilania w energie elektryczną 48 budynków mieszkalnych w m. Skoki, ul. Antoniewska","address":"Skoki","city":"Skoki","office":"Starosta Powiatu Wągrowiec","case_kind":"budowa nowego/nowych obiektów budowlanych","parcel_ids":["302805_4.0001.873/10","302805_4.0001.873/11","302805_4.0001.873/12","302805_4.0001.873/13","302805_4.0001.873/14","302805_4.0001.873/15","302805_4.0001.873/16","302805_4.0001.873/17","302805_4.0001.873/18","302805_4.0001.873/19","302805_4.0001.873/20","302805_4.0001.873/21","302805_4.0001.873/22","302805_4.0001.873/23","302805_4.0001.873/24","302805_4.0001.873/25","302805_4.0001.873/26","302805_4.0001.873/27","302805_4.0001.873/28","302805_4.0001.873/29","302805_4.0001.873/30","302805_4.0001.873/31","302805_4.0001.873/32","302805_4.0001.873/33","302805_4.0001.873/34","302805_4.0001.873/35","302805_4.0001.873/36","302805_4.0001.873/37","302805_4.0001.873/38","302805_4.0001.873/39","302805_4.0001.873/40","302805_4.0001.873/41","302805_4.0001.873/42","302805_4.0001.873/43","302805_4.0001.873/44","302805_4.0001.873/45","302805_4.0001.873/46","302805_4.0001.873/47","302805_4.0001.873/48","302805_4.0001.873/49","302805_4.0001.873/50","302805_4.0001.873/51","302805_4.0001.873/52","302805_4.0001.873/53","302805_4.0001.873/54","302805_4.0001.873/55","302805_4.0001.873/56","302805_4.0001.873/57","302805_4.0001.873/58","302805_4.0001.873/59","302805_4.0001.873/60","302805_4.0001.873/61","302805_4.0001.873/62","302805_4.0001.873/9","302805_4.0001.882/11","302805_4.0001.883","302805_5.0018.41"],"location_quality":"dokładny","gunb_url":"https://wyszukiwarka.gunb.gov.pl/","parcel_count":54,"parcel_shard":"x068-y210","parcel_id":"302805_4.0001.873/19","location_source":"powiat wągrowiecki (wfs)"}},{"type":"Feature","id":"ST-WK-WA/ZGŁOSZENIE/2746/2025::302805_4.0001.873/20","geometry":{"type":"Polygon","coordinates":[[[17.1841250450674,52.6717681043646],[17.184399151504,52.6716600676179],[17.1840706871636,52.671350406434],[17.1837953307607,52.6714589371026],[17.1841250450674,52.6717681043646]]]},"properties":{"case_id":"ST-WK-WA/ZGŁOSZENIE/2746/2025","source_type":"zgloszenie","received_date":"2025-09-01","decision_date":null,"status":"Brak sprzeciwu","description":"budowa sieci elektroenergetycznej w celu zasilania w energie elektryczną 48 budynków mieszkalnych w m. Skoki, ul. Antoniewska","address":"Skoki","city":"Skoki","office":"Starosta Powiatu Wągrowiec","case_kind":"budowa nowego/nowych obiektów budowlanych","parcel_ids":["302805_4.0001.873/10","302805_4.0001.873/11","302805_4.0001.873/12","302805_4.0001.873/13","302805_4.0001.873/14","302805_4.0001.873/15","302805_4.0001.873/16","302805_4.0001.873/17","302805_4.0001.873/18","302805_4.0001.873/19","302805_4.0001.873/20","302805_4.0001.873/21","302805_4.0001.873/22","302805_4.0001.873/23","302805_4.0001.873/24","302805_4.0001.873/25","302805_4.0001.873/26","302805_4.0001.873/27","302805_4.0001.873/28","302805_4.0001.873/29","302805_4.0001.873/30","302805_4.0001.873/31","302805_4.0001.873/32","302805_4.0001.873/33","302805_4.0001.873/34","302805_4.0001.873/35","302805_4.0001.873/36","302805_4.0001.873/37","302805_4.0001.873/38","302805_4.0001.873/39","302805_4.0001.873/40","302805_4.0001.873/41","302805_4.0001.873/42","302805_4.0001.873/43","302805_4.0001.873/44","302805_4.0001.873/45","302805_4.0001.873/46","302805_4.0001.873/47","302805_4.0001.873/48","302805_4.0001.873/49","302805_4.0001.873/50","302805_4.0001.873/51","302805_4.0001.873/52","302805_4.0001.873/53","302805_4.0001.873/54","302805_4.0001.873/55","302805_4.0001.873/56","302805_4.0001.873/57","302805_4.0001.873/58","302805_4.0001.873/59","302805_4.0001.873/60","302805_4.0001.873/61","302805_4.0001.873/62","302805_4.0001.873/9","302805_4.0001.882/11","302805_4.0001.883","302805_5.0018.41"],"location_quality":"dokładny","gunb_url":"https://wyszukiwarka.gunb.gov.pl/","parcel_count":54,"parcel_shard":"x068-y210","parcel_id":"302805_4.0001.873/20","location_source":"powiat wągrowiecki (wfs)"}},{"type":"Feature","id":"ST-WK-WA/ZGŁOSZENIE/2746/2025::302805_4.0001.873/21","geometry":{"type":"Polygon","coordinates":[[[17.1827270237964,52.6717353844674],[17.1829433457206,52.671939341043],[17.1833538684105,52.6717784402481],[17.1832445989228,52.6716760053826],[17.1831366963778,52.6715748200769],[17.1827270237964,52.6717353844674]]]},"properties":{"case_id":"ST-WK-WA/ZGŁOSZENIE/2746/2025","source_type":"zgloszenie","received_date":"2025-09-01","decision_date":null,"status":"Brak sprzeciwu","description":"budowa sieci elektroenergetycznej w celu zasilania w energie elektryczną 48 budynków mieszkalnych w m. Skoki, ul. Antoniewska","address":"Skoki","city":"Skoki","office":"Starosta Powiatu Wągrowiec","case_kind":"budowa nowego/nowych obiektów budowlanych","parcel_ids":["302805_4.0001.873/10","302805_4.0001.873/11","302805_4.0001.873/12","302805_4.0001.873/13","302805_4.0001.873/14","302805_4.0001.873/15","302805_4.0001.873/16","302805_4.0001.873/17","302805_4.0001.873/18","302805_4.0001.873/19","302805_4.0001.873/20","302805_4.0001.873/21","302805_4.0001.873/22","302805_4.0001.873/23","302805_4.0001.873/24","302805_4.0001.873/25","302805_4.0001.873/26","302805_4.0001.873/27","302805_4.0001.873/28","302805_4.0001.873/29","302805_4.0001.873/30","302805_4.0001.873/31","302805_4.0001.873/32","302805_4.0001.873/33","302805_4.0001.873/34","302805_4.0001.873/35","302805_4.0001.873/36","302805_4.0001.873/37","302805_4.0001.873/38","302805_4.0001.873/39","302805_4.0001.873/40","302805_4.0001.873/41","302805_4.0001.873/42","302805_4.0001.873/43","302805_4.0001.873/44","302805_4.0001.873/45","302805_4.0001.873/46","302805_4.0001.873/47","302805_4.0001.873/48","302805_4.0001.873/49","302805_4.0001.873/50","302805_4.0001.873/51","302805_4.0001.873/52","302805_4.0001.873/53","302805_4.0001.873/54","302805_4.0001.873/55","302805_4.0001.873/56","302805_4.0001.873/57","302805_4.0001.873/58","302805_4.0001.873/59","302805_4.0001.873/60","302805_4.0001.873/61","302805_4.0001.873/62","302805_4.0001.873/9","302805_4.0001.882/11","302805_4.0001.883","302805_5.0018.41"],"location_quality":"dokładny","gunb_url":"https://wyszukiwarka.gunb.gov.pl/","parcel_count":54,"parcel_shard":"x068-y210","parcel_id":"302805_4.0001.873/21","location_source":"powiat wągrowiecki (wfs)"}},{"type":"Feature","id":"ST-WK-WA/ZGŁOSZENIE/2746/2025::302805_4.0001.873/22","geometry":{"type":"Polygon","coordinates":[[[17.1829148769292,52.6713668266063],[17.1825687561263,52.6715032483696],[17.182546793458,52.6715654505623],[17.1827270237964,52.6717353844674],[17.1831366963778,52.6715748200769],[17.1829148769292,52.6713668266063]]]},"properties":{"case_id":"ST-WK-WA/ZGŁOSZENIE/2746/2025","source_type":"zgloszenie","received_date":"2025-09-01","decision_date":null,"status":"Brak sprzeciwu","description":"budowa sieci elektroenergetycznej w celu zasilania w energie elektryczną 48 budynków mieszkalnych w m. Skoki, ul. Antoniewska","address":"Skoki","city":"Skoki","office":"Starosta Powiatu Wągrowiec","case_kind":"budowa nowego/nowych obiektów budowlanych","parcel_ids":["302805_4.0001.873/10","302805_4.0001.873/11","302805_4.0001.873/12","302805_4.0001.873/13","302805_4.0001.873/14","302805_4.0001.873/15","302805_4.0001.873/16","302805_4.0001.873/17","302805_4.0001.873/18","302805_4.0001.873/19","302805_4.0001.873/20","302805_4.0001.873/21","302805_4.0001.873/22","302805_4.0001.873/23","302805_4.0001.873/24","302805_4.0001.873/25","302805_4.0001.873/26","302805_4.0001.873/27","302805_4.0001.873/28","302805_4.0001.873/29","302805_4.0001.873/30","302805_4.0001.873/31","302805_4.0001.873/32","302805_4.0001.873/33","302805_4.0001.873/34","302805_4.0001.873/35","302805_4.0001.873/36","302805_4.0001.873/37","302805_4.0001.873/38","302805_4.0001.873/39","302805_4.0001.873/40","302805_4.0001.873/41","302805_4.0001.873/42","302805_4.0001.873/43","302805_4.0001.873/44","302805_4.0001.873/45","302805_4.0001.873/46","302805_4.0001.873/47","302805_4.0001.873/48","302805_4.0001.873/49","302805_4.0001.873/50","302805_4.0001.873/51","302805_4.0001.873/52","302805_4.0001.873/53","302805_4.0001.873/54","302805_4.0001.873/55","302805_4.0001.873/56","302805_4.0001.873/57","302805_4.0001.873/58","302805_4.0001.873/59","302805_4.0001.873/60","302805_4.0001.873/61","302805_4.0001.873/62","302805_4.0001.873/9","302805_4.0001.882/11","302805_4.0001.883","302805_5.0018.41"],"location_quality":"dokładny","gunb_url":"https://wyszukiwarka.gunb.gov.pl/","parcel_count":54,"parcel_shard":"x068-y210","parcel_id":"302805_4.0001.873/22","location_source":"powiat wągrowiecki (wfs)"}},{"type":"Feature","id":"ST-WK-WA/ZGŁOSZENIE/2746/2025::302805_4.0001.873/25","geometry":{"type":"Polygon","coordinates":[[[17.1837953307607,52.6714589371026],[17.1840706871636,52.671350406434],[17.1837422276215,52.6710407353563],[17.1834655915303,52.6711497687224],[17.1837953307607,52.6714589371026]]]},"properties":{"case_id":"ST-WK-WA/ZGŁOSZENIE/2746/2025","source_type":"zgloszenie","received_date":"2025-09-01","decision_date":null,"status":"Brak sprzeciwu","description":"budowa sieci elektroenergetycznej w celu zasilania w energie elektryczną 48 budynków mieszkalnych w m. Skoki, ul. Antoniewska","address":"Skoki","city":"Skoki","office":"Starosta Powiatu Wągrowiec","case_kind":"budowa nowego/nowych obiektów budowlanych","parcel_ids":["302805_4.0001.873/10","302805_4.0001.873/11","302805_4.0001.873/12","302805_4.0001.873/13","302805_4.0001.873/14","302805_4.0001.873/15","302805_4.0001.873/16","302805_4.0001.873/17","302805_4.0001.873/18","302805_4.0001.873/19","302805_4.0001.873/20","302805_4.0001.873/21","302805_4.0001.873/22","302805_4.0001.873/23","302805_4.0001.873/24","302805_4.0001.873/25","302805_4.0001.873/26","302805_4.0001.873/27","302805_4.0001.873/28","302805_4.0001.873/29","302805_4.0001.873/30","302805_4.0001.873/31","302805_4.0001.873/32","302805_4.0001.873/33","302805_4.0001.873/34","302805_4.0001.873/35","302805_4.0001.873/36","302805_4.0001.873/37","302805_4.0001.873/38","302805_4.0001.873/39","302805_4.0001.873/40","302805_4.0001.873/41","302805_4.0001.873/42","302805_4.0001.873/43","302805_4.0001.873/44","302805_4.0001.873/45","302805_4.0001.873/46","302805_4.0001.873/47","302805_4.0001.873/48","302805_4.0001.873/49","302805_4.0001.873/50","302805_4.0001.873/51","302805_4.0001.873/52","302805_4.0001.873/53","302805_4.0001.873/54","302805_4.0001.873/55","302805_4.0001.873/56","302805_4.0001.873/57","302805_4.0001.873/58","302805_4.0001.873/59","302805_4.0001.873/60","302805_4.0001.873/61","302805_4.0001.873/62","302805_4.0001.873/9","302805_4.0001.882/11","302805_4.0001.883","302805_5.0018.41"],"location_quality":"dokładny","gunb_url":"https://wyszukiwarka.gunb.gov.pl/","parcel_count":54,"parcel_shard":"x068-y210","parcel_id":"302805_4.0001.873/25","location_source":"powiat wągrowiecki (wfs)"}},{"type":"Feature","id":"ST-WK-WA/ZGŁOSZENIE/2746/2025::302805_4.0001.873/26","geometry":{"type":"Polygon","coordinates":[[[17.1827522293685,52.6711032140919],[17.1822608251486,52.6712958101155],[17.182386585049,52.6714143929465],[17.1824886593338,52.671427715161],[17.1829178875992,52.6712585417942],[17.1827522293685,52.6711032140919]]]},"properties":{"case_id":"ST-WK-WA/ZGŁOSZENIE/2746/2025","source_type":"zgloszenie","received_date":"2025-09-01","decision_date":null,"status":"Brak sprzeciwu","description":"budowa sieci elektroenergetycznej w celu zasilania w energie elektryczną 48 budynków mieszkalnych w m. Skoki, ul. Antoniewska","address":"Skoki","city":"Skoki","office":"Starosta Powiatu Wągrowiec","case_kind":"budowa nowego/nowych obiektów budowlanych","parcel_ids":["302805_4.0001.873/10","302805_4.0001.873/11","302805_4.0001.873/12","302805_4.0001.873/13","302805_4.0001.873/14","302805_4.0001.873/15","302805_4.0001.873/16","302805_4.0001.873/17","302805_4.0001.873/18","302805_4.0001.873/19","302805_4.0001.873/20","302805_4.0001.873/21","302805_4.0001.873/22","302805_4.0001.873/23","302805_4.0001.873/24","302805_4.0001.873/25","302805_4.0001.873/26","302805_4.0001.873/27","302805_4.0001.873/28","302805_4.0001.873/29","302805_4.0001.873/30","302805_4.0001.873/31","302805_4.0001.873/32","302805_4.0001.873/33","302805_4.0001.873/34","302805_4.0001.873/35","302805_4.0001.873/36","302805_4.0001.873/37","302805_4.0001.873/38","302805_4.0001.873/39","302805_4.0001.873/40","302805_4.0001.873/41","302805_4.0001.873/42","302805_4.0001.873/43","302805_4.0001.873/44","302805_4.0001.873/45","302805_4.0001.873/46","302805_4.0001.873/47","302805_4.0001.873/48","302805_4.0001.873/49","302805_4.0001.873/50","302805_4.0001.873/51","302805_4.0001.873/52","302805_4.0001.873/53","302805_4.0001.873/54","302805_4.0001.873/55","302805_4.0001.873/56","302805_4.0001.873/57","302805_4.0001.873/58","302805_4.0001.873/59","302805_4.0001.873/60","302805_4.0001.873/61","302805_4.0001.873/62","302805_4.0001.873/9","302805_4.0001.882/11","302805_4.0001.883","302805_5.0018.41"],"location_quality":"dokładny","gunb_url":"https://wyszukiwarka.gunb.gov.pl/","parcel_count":54,"parcel_shard":"x068-y210","parcel_id":"302805_4.0001.873/26","location_source":"powiat wągrowiecki (wfs)"}},{"type":"Feature","id":"ST-WK-WA/ZGŁOSZENIE/2746/2025::302805_4.0001.873/27","geometry":{"type":"Polygon","coordinates":[[[17.1827522293685,52.6711032140919],[17.1825881705294,52.6709493890677],[17.182097422286,52.6711417462834],[17.1822608251486,52.6712958101155],[17.1827522293685,52.6711032140919]]]},"properties":{"case_id":"ST-WK-WA/ZGŁOSZENIE/2746/2025","source_type":"zgloszenie","received_date":"2025-09-01","decision_date":null,"status":"Brak sprzeciwu","description":"budowa sieci elektroenergetycznej w celu zasilania w energie elektryczną 48 budynków mieszkalnych w m. Skoki, ul. Antoniewska","address":"Skoki","city":"Skoki","office":"Starosta Powiatu Wągrowiec","case_kind":"budowa nowego/nowych obiektów budowlanych","parcel_ids":["302805_4.0001.873/10","302805_4.0001.873/11","302805_4.0001.873/12","302805_4.0001.873/13","302805_4.0001.873/14","302805_4.0001.873/15","302805_4.0001.873/16","302805_4.0001.873/17","302805_4.0001.873/18","302805_4.0001.873/19","302805_4.0001.873/20","302805_4.0001.873/21","302805_4.0001.873/22","302805_4.0001.873/23","302805_4.0001.873/24","302805_4.0001.873/25","302805_4.0001.873/26","302805_4.0001.873/27","302805_4.0001.873/28","302805_4.0001.873/29","302805_4.0001.873/30","302805_4.0001.873/31","302805_4.0001.873/32","302805_4.0001.873/33","302805_4.0001.873/34","302805_4.0001.873/35","302805_4.0001.873/36","302805_4.0001.873/37","302805_4.0001.873/38","302805_4.0001.873/39","302805_4.0001.873/40","302805_4.0001.873/41","302805_4.0001.873/42","302805_4.0001.873/43","302805_4.0001.873/44","302805_4.0001.873/45","302805_4.0001.873/46","302805_4.0001.873/47","302805_4.0001.873/48","302805_4.0001.873/49","302805_4.0001.873/50","302805_4.0001.873/51","302805_4.0001.873/52","302805_4.0001.873/53","302805_4.0001.873/54","302805_4.0001.873/55","302805_4.0001.873/56","302805_4.0001.873/57","302805_4.0001.873/58","302805_4.0001.873/59","302805_4.0001.873/60","302805_4.0001.873/61","302805_4.0001.873/62","302805_4.0001.873/9","302805_4.0001.882/11","302805_4.0001.883","302805_5.0018.41"],"location_quality":"dokładny","gunb_url":"https://wyszukiwarka.gunb.gov.pl/","parcel_count":54,"parcel_shard":"x068-y210","parcel_id":"302805_4.0001.873/27","location_source":"powiat wągrowiecki (wfs)"}},{"type":"Feature","id":"ST-WK-WA/ZGŁOSZENIE/2746/2025::302805_4.0001.873/28","geometry":{"type":"Polygon","coordinates":[[[17.1831659595269,52.6711607626302],[17.1828362412594,52.6708516195708],[17.1825881705294,52.6709493890677],[17.1827522293685,52.6711032140919],[17.1829178875992,52.6712585417942],[17.1831659595269,52.6711607626302]]]},"properties":{"case_id":"ST-WK-WA/ZGŁOSZENIE/2746/2025","source_type":"zgloszenie","received_date":"2025-09-01","decision_date":null,"status":"Brak sprzeciwu","description":"budowa sieci elektroenergetycznej w celu zasilania w energie elektryczną 48 budynków mieszkalnych w m. Skoki, ul. Antoniewska","address":"Skoki","city":"Skoki","office":"Starosta Powiatu Wągrowiec","case_kind":"budowa nowego/nowych obiektów budowlanych","parcel_ids":["302805_4.0001.873/10","302805_4.0001.873/11","302805_4.0001.873/12","302805_4.0001.873/13","302805_4.0001.873/14","302805_4.0001.873/15","302805_4.0001.873/16","302805_4.0001.873/17","302805_4.0001.873/18","302805_4.0001.873/19","302805_4.0001.873/20","302805_4.0001.873/21","302805_4.0001.873/22","302805_4.0001.873/23","302805_4.0001.873/24","302805_4.0001.873/25","302805_4.0001.873/26","302805_4.0001.873/27","302805_4.0001.873/28","302805_4.0001.873/29","302805_4.0001.873/30","302805_4.0001.873/31","302805_4.0001.873/32","302805_4.0001.873/33","302805_4.0001.873/34","302805_4.0001.873/35","302805_4.0001.873/36","302805_4.0001.873/37","302805_4.0001.873/38","302805_4.0001.873/39","302805_4.0001.873/40","302805_4.0001.873/41","302805_4.0001.873/42","302805_4.0001.873/43","302805_4.0001.873/44","302805_4.0001.873/45","302805_4.0001.873/46","302805_4.0001.873/47","302805_4.0001.873/48","302805_4.0001.873/49","302805_4.0001.873/50","302805_4.0001.873/51","302805_4.0001.873/52","302805_4.0001.873/53","302805_4.0001.873/54","302805_4.0001.873/55","302805_4.0001.873/56","302805_4.0001.873/57","302805_4.0001.873/58","302805_4.0001.873/59","302805_4.0001.873/60","302805_4.0001.873/61","302805_4.0001.873/62","302805_4.0001.873/9","302805_4.0001.882/11","302805_4.0001.883","302805_5.0018.41"],"location_quality":"dokładny","gunb_url":"https://wyszukiwarka.gunb.gov.pl/","parcel_count":54,"parcel_shard":"x068-y210","parcel_id":"302805_4.0001.873/28","location_source":"powiat wągrowiecki (wfs)"}},{"type":"Feature","id":"ST-WK-WA/ZGŁOSZENIE/2746/2025::302805_4.0001.873/29","geometry":{"type":"Polygon","coordinates":[[[17.183414044965,52.671062992029],[17.1830843258351,52.6707538406643],[17.1828362412594,52.6708516195708],[17.1831659595269,52.6711607626302],[17.183414044965,52.671062992029]]]},"properties":{"case_id":"ST-WK-WA/ZGŁOSZENIE/2746/2025","source_type":"zgloszenie","received_date":"2025-09-01","decision_date":null,"status":"Brak sprzeciwu","description":"budowa sieci elektroenergetycznej w celu zasilania w energie elektryczną 48 budynków mieszkalnych w m. Skoki, ul. Antoniewska","address":"Skoki","city":"Skoki","office":"Starosta Powiatu Wągrowiec","case_kind":"budowa nowego/nowych obiektów budowlanych","parcel_ids":["302805_4.0001.873/10","302805_4.0001.873/11","302805_4.0001.873/12","302805_4.0001.873/13","302805_4.0001.873/14","302805_4.0001.873/15","302805_4.0001.873/16","302805_4.0001.873/17","302805_4.0001.873/18","302805_4.0001.873/19","302805_4.0001.873/20","302805_4.0001.873/21","302805_4.0001.873/22","302805_4.0001.873/23","302805_4.0001.873/24","302805_4.0001.873/25","302805_4.0001.873/26","302805_4.0001.873/27","302805_4.0001.873/28","302805_4.0001.873/29","302805_4.0001.873/30","302805_4.0001.873/31","302805_4.0001.873/32","302805_4.0001.873/33","302805_4.0001.873/34","302805_4.0001.873/35","302805_4.0001.873/36","302805_4.0001.873/37","302805_4.0001.873/38","302805_4.0001.873/39","302805_4.0001.873/40","302805_4.0001.873/41","302805_4.0001.873/42","302805_4.0001.873/43","302805_4.0001.873/44","302805_4.0001.873/45","302805_4.0001.873/46","302805_4.0001.873/47","302805_4.0001.873/48","302805_4.0001.873/49","302805_4.0001.873/50","302805_4.0001.873/51","302805_4.0001.873/52","302805_4.0001.873/53","302805_4.0001.873/54","302805_4.0001.873/55","302805_4.0001.873/56","302805_4.0001.873/57","302805_4.0001.873/58","302805_4.0001.873/59","302805_4.0001.873/60","302805_4.0001.873/61","302805_4.0001.873/62","302805_4.0001.873/9","302805_4.0001.882/11","302805_4.0001.883","302805_5.0018.41"],"location_quality":"dokładny","gunb_url":"https://wyszukiwarka.gunb.gov.pl/","parcel_count":54,"parcel_shard":"x068-y210","parcel_id":"302805_4.0001.873/29","location_source":"powiat wągrowiecki (wfs)"}},{"type":"Feature","id":"ST-WK-WA/ZGŁOSZENIE/2746/2025::302805_4.0001.873/30","geometry":{"type":"Polygon","coordinates":[[[17.1836621146839,52.6709652118144],[17.1833336609019,52.6706555396076],[17.1830843258351,52.6707538406643],[17.183414044965,52.671062992029],[17.1836621146839,52.6709652118144]]]},"properties":{"case_id":"ST-WK-WA/ZGŁOSZENIE/2746/2025","source_type":"zgloszenie","received_date":"2025-09-01","decision_date":null,"status":"Brak sprzeciwu","description":"budowa sieci elektroenergetycznej w celu zasilania w energie elektryczną 48 budynków mieszkalnych w m. Skoki, ul. Antoniewska","address":"Skoki","city":"Skoki","office":"Starosta Powiatu Wągrowiec","case_kind":"budowa nowego/nowych obiektów budowlanych","parcel_ids":["302805_4.0001.873/10","302805_4.0001.873/11","302805_4.0001.873/12","302805_4.0001.873/13","302805_4.0001.873/14","302805_4.0001.873/15","302805_4.0001.873/16","302805_4.0001.873/17","302805_4.0001.873/18","302805_4.0001.873/19","302805_4.0001.873/20","302805_4.0001.873/21","302805_4.0001.873/22","302805_4.0001.873/23","302805_4.0001.873/24","302805_4.0001.873/25","302805_4.0001.873/26","302805_4.0001.873/27","302805_4.0001.873/28","302805_4.0001.873/29","302805_4.0001.873/30","302805_4.0001.873/31","302805_4.0001.873/32","302805_4.0001.873/33","302805_4.0001.873/34","302805_4.0001.873/35","302805_4.0001.873/36","302805_4.0001.873/37","302805_4.0001.873/38","302805_4.0001.873/39","302805_4.0001.873/40","302805_4.0001.873/41","302805_4.0001.873/42","302805_4.0001.873/43","302805_4.0001.873/44","302805_4.0001.873/45","302805_4.0001.873/46","302805_4.0001.873/47","302805_4.0001.873/48","302805_4.0001.873/49","302805_4.0001.873/50","302805_4.0001.873/51","302805_4.0001.873/52","302805_4.0001.873/53","302805_4.0001.873/54","302805_4.0001.873/55","302805_4.0001.873/56","302805_4.0001.873/57","302805_4.0001.873/58","302805_4.0001.873/59","302805_4.0001.873/60","302805_4.0001.873/61","302805_4.0001.873/62","302805_4.0001.873/9","302805_4.0001.882/11","302805_4.0001.883","302805_5.0018.41"],"location_quality":"dokładny","gunb_url":"https://wyszukiwarka.gunb.gov.pl/","parcel_count":54,"parcel_shard":"x068-y210","parcel_id":"302805_4.0001.873/30","location_source":"powiat wągrowiecki (wfs)"}},{"type":"Feature","id":"ST-WK-WA/ZGŁOSZENIE/2746/2025::302805_4.0001.873/31","geometry":{"type":"Polygon","coordinates":[[[17.1825881705294,52.6709493890677],[17.1824247663012,52.6707961974334],[17.1819346599162,52.6709882797994],[17.182097422286,52.6711417462834],[17.1825881705294,52.6709493890677]]]},"properties":{"case_id":"ST-WK-WA/ZGŁOSZENIE/2746/2025","source_type":"zgloszenie","received_date":"2025-09-01","decision_date":null,"status":"Brak sprzeciwu","description":"budowa sieci elektroenergetycznej w celu zasilania w energie elektryczną 48 budynków mieszkalnych w m. Skoki, ul. Antoniewska","address":"Skoki","city":"Skoki","office":"Starosta Powiatu Wągrowiec","case_kind":"budowa nowego/nowych obiektów budowlanych","parcel_ids":["302805_4.0001.873/10","302805_4.0001.873/11","302805_4.0001.873/12","302805_4.0001.873/13","302805_4.0001.873/14","302805_4.0001.873/15","302805_4.0001.873/16","302805_4.0001.873/17","302805_4.0001.873/18","302805_4.0001.873/19","302805_4.0001.873/20","302805_4.0001.873/21","302805_4.0001.873/22","302805_4.0001.873/23","302805_4.0001.873/24","302805_4.0001.873/25","302805_4.0001.873/26","302805_4.0001.873/27","302805_4.0001.873/28","302805_4.0001.873/29","302805_4.0001.873/30","302805_4.0001.873/31","302805_4.0001.873/32","302805_4.0001.873/33","302805_4.0001.873/34","302805_4.0001.873/35","302805_4.0001.873/36","302805_4.0001.873/37","302805_4.0001.873/38","302805_4.0001.873/39","302805_4.0001.873/40","302805_4.0001.873/41","302805_4.0001.873/42","302805_4.0001.873/43","302805_4.0001.873/44","302805_4.0001.873/45","302805_4.0001.873/46","302805_4.0001.873/47","302805_4.0001.873/48","302805_4.0001.873/49","302805_4.0001.873/50","302805_4.0001.873/51","302805_4.0001.873/52","302805_4.0001.873/53","302805_4.0001.873/54","302805_4.0001.873/55","302805_4.0001.873/56","302805_4.0001.873/57","302805_4.0001.873/58","302805_4.0001.873/59","302805_4.0001.873/60","302805_4.0001.873/61","302805_4.0001.873/62","302805_4.0001.873/9","302805_4.0001.882/11","302805_4.0001.883","302805_5.0018.41"],"location_quality":"dokładny","gunb_url":"https://wyszukiwarka.gunb.gov.pl/","parcel_count":54,"parcel_shard":"x068-y210","parcel_id":"302805_4.0001.873/31","location_source":"powiat wągrowiecki (wfs)"}},{"type":"Feature","id":"ST-WK-WA/ZGŁOSZENIE/2746/2025::302805_4.0001.873/32","geometry":{"type":"Polygon","coordinates":[[[17.1819346599162,52.6709882797994],[17.1824247663012,52.6707961974334],[17.1822584431504,52.6706402443107],[17.1818317808136,52.6708083725112],[17.1818098174592,52.6708705745717],[17.1819346599162,52.6709882797994]]]},"properties":{"case_id":"ST-WK-WA/ZGŁOSZENIE/2746/2025","source_type":"zgloszenie","received_date":"2025-09-01","decision_date":null,"status":"Brak sprzeciwu","description":"budowa sieci elektroenergetycznej w celu zasilania w energie elektryczną 48 budynków mieszkalnych w m. Skoki, ul. Antoniewska","address":"Skoki","city":"Skoki","office":"Starosta Powiatu Wągrowiec","case_kind":"budowa nowego/nowych obiektów budowlanych","parcel_ids":["302805_4.0001.873/10","302805_4.0001.873/11","302805_4.0001.873/12","302805_4.0001.873/13","302805_4.0001.873/14","302805_4.0001.873/15","302805_4.0001.873/16","302805_4.0001.873/17","302805_4.0001.873/18","302805_4.0001.873/19","302805_4.0001.873/20","302805_4.0001.873/21","302805_4.0001.873/22","302805_4.0001.873/23","302805_4.0001.873/24","302805_4.0001.873/25","302805_4.0001.873/26","302805_4.0001.873/27","302805_4.0001.873/28","302805_4.0001.873/29","302805_4.0001.873/30","302805_4.0001.873/31","302805_4.0001.873/32","302805_4.0001.873/33","302805_4.0001.873/34","302805_4.0001.873/35","302805_4.0001.873/36","302805_4.0001.873/37","302805_4.0001.873/38","302805_4.0001.873/39","302805_4.0001.873/40","302805_4.0001.873/41","302805_4.0001.873/42","302805_4.0001.873/43","302805_4.0001.873/44","302805_4.0001.873/45","302805_4.0001.873/46","302805_4.0001.873/47","302805_4.0001.873/48","302805_4.0001.873/49","302805_4.0001.873/50","302805_4.0001.873/51","302805_4.0001.873/52","302805_4.0001.873/53","302805_4.0001.873/54","302805_4.0001.873/55","302805_4.0001.873/56","302805_4.0001.873/57","302805_4.0001.873/58","302805_4.0001.873/59","302805_4.0001.873/60","302805_4.0001.873/61","302805_4.0001.873/62","302805_4.0001.873/9","302805_4.0001.882/11","302805_4.0001.883","302805_5.0018.41"],"location_quality":"dokładny","gunb_url":"https://wyszukiwarka.gunb.gov.pl/","parcel_count":54,"parcel_shard":"x068-y210","parcel_id":"302805_4.0001.873/32","location_source":"powiat wągrowiecki (wfs)"}},{"type":"Feature","id":"ST-WK-WA/ZGŁOSZENIE/2746/2025::302805_4.0001.873/33","geometry":{"type":"Polygon","coordinates":[[[17.1822584431504,52.6706402443107],[17.1824247663012,52.6707961974334],[17.1825881705294,52.6709493890677],[17.1828362412594,52.6708516195708],[17.1825065278004,52.6705424666106],[17.1822584431504,52.6706402443107]]]},"properties":{"case_id":"ST-WK-WA/ZGŁOSZENIE/2746/2025","source_type":"zgloszenie","received_date":"2025-09-01","decision_date":null,"status":"Brak sprzeciwu","description":"budowa sieci elektroenergetycznej w celu zasilania w energie elektryczną 48 budynków mieszkalnych w m. Skoki, ul. Antoniewska","address":"Skoki","city":"Skoki","office":"Starosta Powiatu Wągrowiec","case_kind":"budowa nowego/nowych obiektów budowlanych","parcel_ids":["302805_4.0001.873/10","302805_4.0001.873/11","302805_4.0001.873/12","302805_4.0001.873/13","302805_4.0001.873/14","302805_4.0001.873/15","302805_4.0001.873/16","302805_4.0001.873/17","302805_4.0001.873/18","302805_4.0001.873/19","302805_4.0001.873/20","302805_4.0001.873/21","302805_4.0001.873/22","302805_4.0001.873/23","302805_4.0001.873/24","302805_4.0001.873/25","302805_4.0001.873/26","302805_4.0001.873/27","302805_4.0001.873/28","302805_4.0001.873/29","302805_4.0001.873/30","302805_4.0001.873/31","302805_4.0001.873/32","302805_4.0001.873/33","302805_4.0001.873/34","302805_4.0001.873/35","302805_4.0001.873/36","302805_4.0001.873/37","302805_4.0001.873/38","302805_4.0001.873/39","302805_4.0001.873/40","302805_4.0001.873/41","302805_4.0001.873/42","302805_4.0001.873/43","302805_4.0001.873/44","302805_4.0001.873/45","302805_4.0001.873/46","302805_4.0001.873/47","302805_4.0001.873/48","302805_4.0001.873/49","302805_4.0001.873/50","302805_4.0001.873/51","302805_4.0001.873/52","302805_4.0001.873/53","302805_4.0001.873/54","302805_4.0001.873/55","302805_4.0001.873/56","302805_4.0001.873/57","302805_4.0001.873/58","302805_4.0001.873/59","302805_4.0001.873/60","302805_4.0001.873/61","302805_4.0001.873/62","302805_4.0001.873/9","302805_4.0001.882/11","302805_4.0001.883","302805_5.0018.41"],"location_quality":"dokładny","gunb_url":"https://wyszukiwarka.gunb.gov.pl/","parcel_count":54,"parcel_shard":"x068-y210","parcel_id":"302805_4.0001.873/33","location_source":"powiat wągrowiecki (wfs)"}},{"type":"Feature","id":"ST-WK-WA/ZGŁOSZENIE/2746/2025::302805_4.0001.873/34","geometry":{"type":"Polygon","coordinates":[[[17.1830843258351,52.6707538406643],[17.1827545963962,52.6704446972693],[17.1825065278004,52.6705424666106],[17.1828362412594,52.6708516195708],[17.1830843258351,52.6707538406643]]]},"properties":{"case_id":"ST-WK-WA/ZGŁOSZENIE/2746/2025","source_type":"zgloszenie","received_date":"2025-09-01","decision_date":null,"status":"Brak sprzeciwu","description":"budowa sieci elektroenergetycznej w celu zasilania w energie elektryczną 48 budynków mieszkalnych w m. Skoki, ul. Antoniewska","address":"Skoki","city":"Skoki","office":"Starosta Powiatu Wągrowiec","case_kind":"budowa nowego/nowych obiektów budowlanych","parcel_ids":["302805_4.0001.873/10","302805_4.0001.873/11","302805_4.0001.873/12","302805_4.0001.873/13","302805_4.0001.873/14","302805_4.0001.873/15","302805_4.0001.873/16","302805_4.0001.873/17","302805_4.0001.873/18","302805_4.0001.873/19","302805_4.0001.873/20","302805_4.0001.873/21","302805_4.0001.873/22","302805_4.0001.873/23","302805_4.0001.873/24","302805_4.0001.873/25","302805_4.0001.873/26","302805_4.0001.873/27","302805_4.0001.873/28","302805_4.0001.873/29","302805_4.0001.873/30","302805_4.0001.873/31","302805_4.0001.873/32","302805_4.0001.873/33","302805_4.0001.873/34","302805_4.0001.873/35","302805_4.0001.873/36","302805_4.0001.873/37","302805_4.0001.873/38","302805_4.0001.873/39","302805_4.0001.873/40","302805_4.0001.873/41","302805_4.0001.873/42","302805_4.0001.873/43","302805_4.0001.873/44","302805_4.0001.873/45","302805_4.0001.873/46","302805_4.0001.873/47","302805_4.0001.873/48","302805_4.0001.873/49","302805_4.0001.873/50","302805_4.0001.873/51","302805_4.0001.873/52","302805_4.0001.873/53","302805_4.0001.873/54","302805_4.0001.873/55","302805_4.0001.873/56","302805_4.0001.873/57","302805_4.0001.873/58","302805_4.0001.873/59","302805_4.0001.873/60","302805_4.0001.873/61","302805_4.0001.873/62","302805_4.0001.873/9","302805_4.0001.882/11","302805_4.0001.883","302805_5.0018.41"],"location_quality":"dokładny","gunb_url":"https://wyszukiwarka.gunb.gov.pl/","parcel_count":54,"parcel_shard":"x068-y210","parcel_id":"302805_4.0001.873/34","location_source":"powiat wągrowiecki (wfs)"}},{"type":"Feature","id":"ST-WK-WA/ZGŁOSZENIE/2746/2025::302805_4.0001.873/35","geometry":{"type":"Polygon","coordinates":[[[17.1830843258351,52.6707538406643],[17.1833336609019,52.6706555396076],[17.1830052115828,52.6703458754793],[17.1827545963962,52.6704446972693],[17.1830843258351,52.6707538406643]]]},"properties":{"case_id":"ST-WK-WA/ZGŁOSZENIE/2746/2025","source_type":"zgloszenie","received_date":"2025-09-01","decision_date":null,"status":"Brak sprzeciwu","description":"budowa sieci elektroenergetycznej w celu zasilania w energie elektryczną 48 budynków mieszkalnych w m. Skoki, ul. Antoniewska","address":"Skoki","city":"Skoki","office":"Starosta Powiatu Wągrowiec","case_kind":"budowa nowego/nowych obiektów budowlanych","parcel_ids":["302805_4.0001.873/10","302805_4.0001.873/11","302805_4.0001.873/12","302805_4.0001.873/13","302805_4.0001.873/14","302805_4.0001.873/15","302805_4.0001.873/16","302805_4.0001.873/17","302805_4.0001.873/18","302805_4.0001.873/19","302805_4.0001.873/20","302805_4.0001.873/21","302805_4.0001.873/22","302805_4.0001.873/23","302805_4.0001.873/24","302805_4.0001.873/25","302805_4.0001.873/26","302805_4.0001.873/27","302805_4.0001.873/28","302805_4.0001.873/29","302805_4.0001.873/30","302805_4.0001.873/31","302805_4.0001.873/32","302805_4.0001.873/33","302805_4.0001.873/34","302805_4.0001.873/35","302805_4.0001.873/36","302805_4.0001.873/37","302805_4.0001.873/38","302805_4.0001.873/39","302805_4.0001.873/40","302805_4.0001.873/41","302805_4.0001.873/42","302805_4.0001.873/43","302805_4.0001.873/44","302805_4.0001.873/45","302805_4.0001.873/46","302805_4.0001.873/47","302805_4.0001.873/48","302805_4.0001.873/49","302805_4.0001.873/50","302805_4.0001.873/51","302805_4.0001.873/52","302805_4.0001.873/53","302805_4.0001.873/54","302805_4.0001.873/55","302805_4.0001.873/56","302805_4.0001.873/57","302805_4.0001.873/58","302805_4.0001.873/59","302805_4.0001.873/60","302805_4.0001.873/61","302805_4.0001.873/62","302805_4.0001.873/9","302805_4.0001.882/11","302805_4.0001.883","302805_5.0018.41"],"location_quality":"dokładny","gunb_url":"https://wyszukiwarka.gunb.gov.pl/","parcel_count":54,"parcel_shard":"x068-y210","parcel_id":"302805_4.0001.873/35","location_source":"powiat wągrowiecki (wfs)"}},{"type":"Feature","id":"ST-WK-WA/ZGŁOSZENIE/2746/2025::302805_4.0001.873/37","geometry":{"type":"Polygon","coordinates":[[[17.1817183047507,52.6703711493377],[17.1819997580694,52.6706350620727],[17.1823542439063,52.6704953474217],[17.1820728041132,52.6702314356193],[17.1819206653751,52.6702914001929],[17.1817183047507,52.6703711493377]]]},"properties":{"case_id":"ST-WK-WA/ZGŁOSZENIE/2746/2025","source_type":"zgloszenie","received_date":"2025-09-01","decision_date":null,"status":"Brak sprzeciwu","description":"budowa sieci elektroenergetycznej w celu zasilania w energie elektryczną 48 budynków mieszkalnych w m. Skoki, ul. Antoniewska","address":"Skoki","city":"Skoki","office":"Starosta Powiatu Wągrowiec","case_kind":"budowa nowego/nowych obiektów budowlanych","parcel_ids":["302805_4.0001.873/10","302805_4.0001.873/11","302805_4.0001.873/12","302805_4.0001.873/13","302805_4.0001.873/14","302805_4.0001.873/15","302805_4.0001.873/16","302805_4.0001.873/17","302805_4.0001.873/18","302805_4.0001.873/19","302805_4.0001.873/20","302805_4.0001.873/21","302805_4.0001.873/22","302805_4.0001.873/23","302805_4.0001.873/24","302805_4.0001.873/25","302805_4.0001.873/26","302805_4.0001.873/27","302805_4.0001.873/28","302805_4.0001.873/29","302805_4.0001.873/30","302805_4.0001.873/31","302805_4.0001.873/32","302805_4.0001.873/33","302805_4.0001.873/34","302805_4.0001.873/35","302805_4.0001.873/36","302805_4.0001.873/37","302805_4.0001.873/38","302805_4.0001.873/39","302805_4.0001.873/40","302805_4.0001.873/41","302805_4.0001.873/42","302805_4.0001.873/43","302805_4.0001.873/44","302805_4.0001.873/45","302805_4.0001.873/46","302805_4.0001.873/47","302805_4.0001.873/48","302805_4.0001.873/49","302805_4.0001.873/50","302805_4.0001.873/51","302805_4.0001.873/52","302805_4.0001.873/53","302805_4.0001.873/54","302805_4.0001.873/55","302805_4.0001.873/56","302805_4.0001.873/57","302805_4.0001.873/58","302805_4.0001.873/59","302805_4.0001.873/60","302805_4.0001.873/61","302805_4.0001.873/62","302805_4.0001.873/9","302805_4.0001.882/11","302805_4.0001.883","302805_5.0018.41"],"location_quality":"dokładny","gunb_url":"https://wyszukiwarka.gunb.gov.pl/","parcel_count":54,"parcel_shard":"x068-y210","parcel_id":"302805_4.0001.873/37","location_source":"powiat wągrowiecki (wfs)"}},{"type":"Feature","id":"ST-WK-WA/ZGŁOSZENIE/2746/2025::302805_4.0001.873/38","geometry":{"type":"Polygon","coordinates":[[[17.1820728041132,52.6702314356193],[17.1823542439063,52.6704953474217],[17.1826673678888,52.6703719369913],[17.1823118288104,52.670038384662],[17.1820728041132,52.6702314356193]]]},"properties":{"case_id":"ST-WK-WA/ZGŁOSZENIE/2746/2025","source_type":"zgloszenie","received_date":"2025-09-01","decision_date":null,"status":"Brak sprzeciwu","description":"budowa sieci elektroenergetycznej w celu zasilania w energie elektryczną 48 budynków mieszkalnych w m. Skoki, ul. Antoniewska","address":"Skoki","city":"Skoki","office":"Starosta Powiatu Wągrowiec","case_kind":"budowa nowego/nowych obiektów budowlanych","parcel_ids":["302805_4.0001.873/10","302805_4.0001.873/11","302805_4.0001.873/12","302805_4.0001.873/13","302805_4.0001.873/14","302805_4.0001.873/15","302805_4.0001.873/16","302805_4.0001.873/17","302805_4.0001.873/18","302805_4.0001.873/19","302805_4.0001.873/20","302805_4.0001.873/21","302805_4.0001.873/22","302805_4.0001.873/23","302805_4.0001.873/24","302805_4.0001.873/25","302805_4.0001.873/26","302805_4.0001.873/27","302805_4.0001.873/28","302805_4.0001.873/29","302805_4.0001.873/30","302805_4.0001.873/31","302805_4.0001.873/32","302805_4.0001.873/33","302805_4.0001.873/34","302805_4.0001.873/35","302805_4.0001.873/36","302805_4.0001.873/37","302805_4.0001.873/38","302805_4.0001.873/39","302805_4.0001.873/40","302805_4.0001.873/41","302805_4.0001.873/42","302805_4.0001.873/43","302805_4.0001.873/44","302805_4.0001.873/45","302805_4.0001.873/46","302805_4.0001.873/47","302805_4.0001.873/48","302805_4.0001.873/49","302805_4.0001.873/50","302805_4.0001.873/51","302805_4.0001.873/52","302805_4.0001.873/53","302805_4.0001.873/54","302805_4.0001.873/55","302805_4.0001.873/56","302805_4.0001.873/57","302805_4.0001.873/58","302805_4.0001.873/59","302805_4.0001.873/60","302805_4.0001.873/61","302805_4.0001.873/62","302805_4.0001.873/9","302805_4.0001.882/11","302805_4.0001.883","302805_5.0018.41"],"location_quality":"dokładny","gunb_url":"https://wyszukiwarka.gunb.gov.pl/","parcel_count":54,"parcel_shard":"x068-y210","parcel_id":"302805_4.0001.873/38","location_source":"powiat wągrowiecki (wfs)"}},{"type":"Feature","id":"ST-WK-WA/ZGŁOSZENIE/2746/2025::302805_4.0001.873/39","geometry":{"type":"Polygon","coordinates":[[[17.1826673678888,52.6703719369913],[17.1829251159616,52.6702703515425],[17.1825096338169,52.6698786073921],[17.1823118288104,52.670038384662],[17.1826673678888,52.6703719369913]]]},"properties":{"case_id":"ST-WK-WA/ZGŁOSZENIE/2746/2025","source_type":"zgloszenie","received_date":"2025-09-01","decision_date":null,"status":"Brak sprzeciwu","description":"budowa sieci elektroenergetycznej w celu zasilania w energie elektryczną 48 budynków mieszkalnych w m. Skoki, ul. Antoniewska","address":"Skoki","city":"Skoki","office":"Starosta Powiatu Wągrowiec","case_kind":"budowa nowego/nowych obiektów budowlanych","parcel_ids":["302805_4.0001.873/10","302805_4.0001.873/11","302805_4.0001.873/12","302805_4.0001.873/13","302805_4.0001.873/14","302805_4.0001.873/15","302805_4.0001.873/16","302805_4.0001.873/17","302805_4.0001.873/18","302805_4.0001.873/19","302805_4.0001.873/20","302805_4.0001.873/21","302805_4.0001.873/22","302805_4.0001.873/23","302805_4.0001.873/24","302805_4.0001.873/25","302805_4.0001.873/26","302805_4.0001.873/27","302805_4.0001.873/28","302805_4.0001.873/29","302805_4.0001.873/30","302805_4.0001.873/31","302805_4.0001.873/32","302805_4.0001.873/33","302805_4.0001.873/34","302805_4.0001.873/35","302805_4.0001.873/36","302805_4.0001.873/37","302805_4.0001.873/38","302805_4.0001.873/39","302805_4.0001.873/40","302805_4.0001.873/41","302805_4.0001.873/42","302805_4.0001.873/43","302805_4.0001.873/44","302805_4.0001.873/45","302805_4.0001.873/46","302805_4.0001.873/47","302805_4.0001.873/48","302805_4.0001.873/49","302805_4.0001.873/50","302805_4.0001.873/51","302805_4.0001.873/52","302805_4.0001.873/53","302805_4.0001.873/54","302805_4.0001.873/55","302805_4.0001.873/56","302805_4.0001.873/57","302805_4.0001.873/58","302805_4.0001.873/59","302805_4.0001.873/60","302805_4.0001.873/61","302805_4.0001.873/62","302805_4.0001.873/9","302805_4.0001.882/11","302805_4.0001.883","302805_5.0018.41"],"location_quality":"dokładny","gunb_url":"https://wyszukiwarka.gunb.gov.pl/","parcel_count":54,"parcel_shard":"x068-y210","parcel_id":"302805_4.0001.873/39","location_source":"powiat wągrowiecki (wfs)"}},{"type":"Feature","id":"ST-WK-WA/ZGŁOSZENIE/2746/2025::302805_4.0001.873/40","geometry":{"type":"Polygon","coordinates":[[[17.1812982599963,52.6702366839683],[17.181319841378,52.6698777646077],[17.1812228644654,52.6698750995399],[17.1809518820913,52.6698676371539],[17.1807399899383,52.6698618138654],[17.1810950489285,52.6701966078848],[17.1812013173979,52.6702345134221],[17.1812982599963,52.6702366839683]]]},"properties":{"case_id":"ST-WK-WA/ZGŁOSZENIE/2746/2025","source_type":"zgloszenie","received_date":"2025-09-01","decision_date":null,"status":"Brak sprzeciwu","description":"budowa sieci elektroenergetycznej w celu zasilania w energie elektryczną 48 budynków mieszkalnych w m. Skoki, ul. Antoniewska","address":"Skoki","city":"Skoki","office":"Starosta Powiatu Wągrowiec","case_kind":"budowa nowego/nowych obiektów budowlanych","parcel_ids":["302805_4.0001.873/10","302805_4.0001.873/11","302805_4.0001.873/12","302805_4.0001.873/13","302805_4.0001.873/14","302805_4.0001.873/15","302805_4.0001.873/16","302805_4.0001.873/17","302805_4.0001.873/18","302805_4.0001.873/19","302805_4.0001.873/20","302805_4.0001.873/21","302805_4.0001.873/22","302805_4.0001.873/23","302805_4.0001.873/24","302805_4.0001.873/25","302805_4.0001.873/26","302805_4.0001.873/27","302805_4.0001.873/28","302805_4.0001.873/29","302805_4.0001.873/30","302805_4.0001.873/31","302805_4.0001.873/32","302805_4.0001.873/33","302805_4.0001.873/34","302805_4.0001.873/35","302805_4.0001.873/36","302805_4.0001.873/37","302805_4.0001.873/38","302805_4.0001.873/39","302805_4.0001.873/40","302805_4.0001.873/41","302805_4.0001.873/42","302805_4.0001.873/43","302805_4.0001.873/44","302805_4.0001.873/45","302805_4.0001.873/46","302805_4.0001.873/47","302805_4.0001.873/48","302805_4.0001.873/49","302805_4.0001.873/50","302805_4.0001.873/51","302805_4.0001.873/52","302805_4.0001.873/53","302805_4.0001.873/54","302805_4.0001.873/55","302805_4.0001.873/56","302805_4.0001.873/57","302805_4.0001.873/58","302805_4.0001.873/59","302805_4.0001.873/60","302805_4.0001.873/61","302805_4.0001.873/62","302805_4.0001.873/9","302805_4.0001.882/11","302805_4.0001.883","302805_5.0018.41"],"location_quality":"dokładny","gunb_url":"https://wyszukiwarka.gunb.gov.pl/","parcel_count":54,"parcel_shard":"x068-y210","parcel_id":"302805_4.0001.873/40","location_source":"powiat wągrowiecki (wfs)"}},{"type":"Feature","id":"ST-WK-WA/ZGŁOSZENIE/2746/2025::302805_4.0001.873/41","geometry":{"type":"Polygon","coordinates":[[[17.1816690360976,52.6702449784076],[17.1816906529329,52.6698879555477],[17.1816253858757,52.6698861658079],[17.181319841378,52.6698777646077],[17.1812982599963,52.6702366839683],[17.1816690360976,52.6702449784076]]]},"properties":{"case_id":"ST-WK-WA/ZGŁOSZENIE/2746/2025","source_type":"zgloszenie","received_date":"2025-09-01","decision_date":null,"status":"Brak sprzeciwu","description":"budowa sieci elektroenergetycznej w celu zasilania w energie elektryczną 48 budynków mieszkalnych w m. Skoki, ul. Antoniewska","address":"Skoki","city":"Skoki","office":"Starosta Powiatu Wągrowiec","case_kind":"budowa nowego/nowych obiektów budowlanych","parcel_ids":["302805_4.0001.873/10","302805_4.0001.873/11","302805_4.0001.873/12","302805_4.0001.873/13","302805_4.0001.873/14","302805_4.0001.873/15","302805_4.0001.873/16","302805_4.0001.873/17","302805_4.0001.873/18","302805_4.0001.873/19","302805_4.0001.873/20","302805_4.0001.873/21","302805_4.0001.873/22","302805_4.0001.873/23","302805_4.0001.873/24","302805_4.0001.873/25","302805_4.0001.873/26","302805_4.0001.873/27","302805_4.0001.873/28","302805_4.0001.873/29","302805_4.0001.873/30","302805_4.0001.873/31","302805_4.0001.873/32","302805_4.0001.873/33","302805_4.0001.873/34","302805_4.0001.873/35","302805_4.0001.873/36","302805_4.0001.873/37","302805_4.0001.873/38","302805_4.0001.873/39","302805_4.0001.873/40","302805_4.0001.873/41","302805_4.0001.873/42","302805_4.0001.873/43","302805_4.0001.873/44","302805_4.0001.873/45","302805_4.0001.873/46","302805_4.0001.873/47","302805_4.0001.873/48","302805_4.0001.873/49","302805_4.0001.873/50","302805_4.0001.873/51","302805_4.0001.873/52","302805_4.0001.873/53","302805_4.0001.873/54","302805_4.0001.873/55","302805_4.0001.873/56","302805_4.0001.873/57","302805_4.0001.873/58","302805_4.0001.873/59","302805_4.0001.873/60","302805_4.0001.873/61","302805_4.0001.873/62","302805_4.0001.873/9","302805_4.0001.882/11","302805_4.0001.883","302805_5.0018.41"],"location_quality":"dokładny","gunb_url":"https://wyszukiwarka.gunb.gov.pl/","parcel_count":54,"parcel_shard":"x068-y210","parcel_id":"302805_4.0001.873/41","location_source":"powiat wągrowiecki (wfs)"}},{"type":"Feature","id":"ST-WK-WA/ZGŁOSZENIE/2746/2025::302805_4.0001.873/42","geometry":{"type":"Polygon","coordinates":[[[17.1825096338169,52.6698786073921],[17.1820331950202,52.6698840469255],[17.1816906529329,52.6698879555477],[17.1816690360976,52.6702449784076],[17.1816838140165,52.6702453051209],[17.1817593006039,52.6702200148354],[17.1819247532565,52.6702237183148],[17.1819206653751,52.6702914001929],[17.1820728041132,52.6702314356193],[17.1823118288104,52.670038384662],[17.1825096338169,52.6698786073921]]]},"properties":{"case_id":"ST-WK-WA/ZGŁOSZENIE/2746/2025","source_type":"zgloszenie","received_date":"2025-09-01","decision_date":null,"status":"Brak sprzeciwu","description":"budowa sieci elektroenergetycznej w celu zasilania w energie elektryczną 48 budynków mieszkalnych w m. Skoki, ul. Antoniewska","address":"Skoki","city":"Skoki","office":"Starosta Powiatu Wągrowiec","case_kind":"budowa nowego/nowych obiektów budowlanych","parcel_ids":["302805_4.0001.873/10","302805_4.0001.873/11","302805_4.0001.873/12","302805_4.0001.873/13","302805_4.0001.873/14","302805_4.0001.873/15","302805_4.0001.873/16","302805_4.0001.873/17","302805_4.0001.873/18","302805_4.0001.873/19","302805_4.0001.873/20","302805_4.0001.873/21","302805_4.0001.873/22","302805_4.0001.873/23","302805_4.0001.873/24","302805_4.0001.873/25","302805_4.0001.873/26","302805_4.0001.873/27","302805_4.0001.873/28","302805_4.0001.873/29","302805_4.0001.873/30","302805_4.0001.873/31","302805_4.0001.873/32","302805_4.0001.873/33","302805_4.0001.873/34","302805_4.0001.873/35","302805_4.0001.873/36","302805_4.0001.873/37","302805_4.0001.873/38","302805_4.0001.873/39","302805_4.0001.873/40","302805_4.0001.873/41","302805_4.0001.873/42","302805_4.0001.873/43","302805_4.0001.873/44","302805_4.0001.873/45","302805_4.0001.873/46","302805_4.0001.873/47","302805_4.0001.873/48","302805_4.0001.873/49","302805_4.0001.873/50","302805_4.0001.873/51","302805_4.0001.873/52","302805_4.0001.873/53","302805_4.0001.873/54","302805_4.0001.873/55","302805_4.0001.873/56","302805_4.0001.873/57","302805_4.0001.873/58","302805_4.0001.873/59","302805_4.0001.873/60","302805_4.0001.873/61","302805_4.0001.873/62","302805_4.0001.873/9","302805_4.0001.882/11","302805_4.0001.883","302805_5.0018.41"],"location_quality":"dokładny","gunb_url":"https://wyszukiwarka.gunb.gov.pl/","parcel_count":54,"parcel_shard":"x068-y210","parcel_id":"302805_4.0001.873/42","location_source":"powiat wągrowiecki (wfs)"}},{"type":"Feature","id":"ST-WK-WA/ZGŁOSZENIE/2746/2025::302805_4.0001.873/43","geometry":{"type":"Polygon","coordinates":[[[17.1807399899383,52.6698618138654],[17.1809518820913,52.6698676371539],[17.1808096359634,52.6694769030692],[17.1803892985343,52.6694653423396],[17.180355489413,52.6694992421969],[17.1807399899383,52.6698618138654]]]},"properties":{"case_id":"ST-WK-WA/ZGŁOSZENIE/2746/2025","source_type":"zgloszenie","received_date":"2025-09-01","decision_date":null,"status":"Brak sprzeciwu","description":"budowa sieci elektroenergetycznej w celu zasilania w energie elektryczną 48 budynków mieszkalnych w m. Skoki, ul. Antoniewska","address":"Skoki","city":"Skoki","office":"Starosta Powiatu Wągrowiec","case_kind":"budowa nowego/nowych obiektów budowlanych","parcel_ids":["302805_4.0001.873/10","302805_4.0001.873/11","302805_4.0001.873/12","302805_4.0001.873/13","302805_4.0001.873/14","302805_4.0001.873/15","302805_4.0001.873/16","302805_4.0001.873/17","302805_4.0001.873/18","302805_4.0001.873/19","302805_4.0001.873/20","302805_4.0001.873/21","302805_4.0001.873/22","302805_4.0001.873/23","302805_4.0001.873/24","302805_4.0001.873/25","302805_4.0001.873/26","302805_4.0001.873/27","302805_4.0001.873/28","302805_4.0001.873/29","302805_4.0001.873/30","302805_4.0001.873/31","302805_4.0001.873/32","302805_4.0001.873/33","302805_4.0001.873/34","302805_4.0001.873/35","302805_4.0001.873/36","302805_4.0001.873/37","302805_4.0001.873/38","302805_4.0001.873/39","302805_4.0001.873/40","302805_4.0001.873/41","302805_4.0001.873/42","302805_4.0001.873/43","302805_4.0001.873/44","302805_4.0001.873/45","302805_4.0001.873/46","302805_4.0001.873/47","302805_4.0001.873/48","302805_4.0001.873/49","302805_4.0001.873/50","302805_4.0001.873/51","302805_4.0001.873/52","302805_4.0001.873/53","302805_4.0001.873/54","302805_4.0001.873/55","302805_4.0001.873/56","302805_4.0001.873/57","302805_4.0001.873/58","302805_4.0001.873/59","302805_4.0001.873/60","302805_4.0001.873/61","302805_4.0001.873/62","302805_4.0001.873/9","302805_4.0001.882/11","302805_4.0001.883","302805_5.0018.41"],"location_quality":"dokładny","gunb_url":"https://wyszukiwarka.gunb.gov.pl/","parcel_count":54,"parcel_shard":"x068-y210","parcel_id":"302805_4.0001.873/43","location_source":"powiat wągrowiecki (wfs)"}},{"type":"Feature","id":"ST-WK-WA/ZGŁOSZENIE/2746/2025::302805_4.0001.873/44","geometry":{"type":"Polygon","coordinates":[[[17.1808096359634,52.6694769030692],[17.1809518820913,52.6698676371539],[17.1812228644654,52.6698750995399],[17.1812358102813,52.6694886194637],[17.1808096359634,52.6694769030692]]]},"properties":{"case_id":"ST-WK-WA/ZGŁOSZENIE/2746/2025","source_type":"zgloszenie","received_date":"2025-09-01","decision_date":null,"status":"Brak sprzeciwu","description":"budowa sieci elektroenergetycznej w celu zasilania w energie elektryczną 48 budynków mieszkalnych w m. Skoki, ul. Antoniewska","address":"Skoki","city":"Skoki","office":"Starosta Powiatu Wągrowiec","case_kind":"budowa nowego/nowych obiektów budowlanych","parcel_ids":["302805_4.0001.873/10","302805_4.0001.873/11","302805_4.0001.873/12","302805_4.0001.873/13","302805_4.0001.873/14","302805_4.0001.873/15","302805_4.0001.873/16","302805_4.0001.873/17","302805_4.0001.873/18","302805_4.0001.873/19","302805_4.0001.873/20","302805_4.0001.873/21","302805_4.0001.873/22","302805_4.0001.873/23","302805_4.0001.873/24","302805_4.0001.873/25","302805_4.0001.873/26","302805_4.0001.873/27","302805_4.0001.873/28","302805_4.0001.873/29","302805_4.0001.873/30","302805_4.0001.873/31","302805_4.0001.873/32","302805_4.0001.873/33","302805_4.0001.873/34","302805_4.0001.873/35","302805_4.0001.873/36","302805_4.0001.873/37","302805_4.0001.873/38","302805_4.0001.873/39","302805_4.0001.873/40","302805_4.0001.873/41","302805_4.0001.873/42","302805_4.0001.873/43","302805_4.0001.873/44","302805_4.0001.873/45","302805_4.0001.873/46","302805_4.0001.873/47","302805_4.0001.873/48","302805_4.0001.873/49","302805_4.0001.873/50","302805_4.0001.873/51","302805_4.0001.873/52","302805_4.0001.873/53","302805_4.0001.873/54","302805_4.0001.873/55","302805_4.0001.873/56","302805_4.0001.873/57","302805_4.0001.873/58","302805_4.0001.873/59","302805_4.0001.873/60","302805_4.0001.873/61","302805_4.0001.873/62","302805_4.0001.873/9","302805_4.0001.882/11","302805_4.0001.883","302805_5.0018.41"],"location_quality":"dokładny","gunb_url":"https://wyszukiwarka.gunb.gov.pl/","parcel_count":54,"parcel_shard":"x068-y210","parcel_id":"302805_4.0001.873/44","location_source":"powiat wągrowiecki (wfs)"}},{"type":"Feature","id":"ST-WK-WA/ZGŁOSZENIE/2746/2025::302805_4.0001.873/45","geometry":{"type":"Polygon","coordinates":[[[17.1812228644654,52.6698750995399],[17.181319841378,52.6698777646077],[17.1816253858757,52.6698861658079],[17.1815311564232,52.6694967437564],[17.1812358102813,52.6694886194637],[17.1812228644654,52.6698750995399]]]},"properties":{"case_id":"ST-WK-WA/ZGŁOSZENIE/2746/2025","source_type":"zgloszenie","received_date":"2025-09-01","decision_date":null,"status":"Brak sprzeciwu","description":"budowa sieci elektroenergetycznej w celu zasilania w energie elektryczną 48 budynków mieszkalnych w m. Skoki, ul. Antoniewska","address":"Skoki","city":"Skoki","office":"Starosta Powiatu Wągrowiec","case_kind":"budowa nowego/nowych obiektów budowlanych","parcel_ids":["302805_4.0001.873/10","302805_4.0001.873/11","302805_4.0001.873/12","302805_4.0001.873/13","302805_4.0001.873/14","302805_4.0001.873/15","302805_4.0001.873/16","302805_4.0001.873/17","302805_4.0001.873/18","302805_4.0001.873/19","302805_4.0001.873/20","302805_4.0001.873/21","302805_4.0001.873/22","302805_4.0001.873/23","302805_4.0001.873/24","302805_4.0001.873/25","302805_4.0001.873/26","302805_4.0001.873/27","302805_4.0001.873/28","302805_4.0001.873/29","302805_4.0001.873/30","302805_4.0001.873/31","302805_4.0001.873/32","302805_4.0001.873/33","302805_4.0001.873/34","302805_4.0001.873/35","302805_4.0001.873/36","302805_4.0001.873/37","302805_4.0001.873/38","302805_4.0001.873/39","302805_4.0001.873/40","302805_4.0001.873/41","302805_4.0001.873/42","302805_4.0001.873/43","302805_4.0001.873/44","302805_4.0001.873/45","302805_4.0001.873/46","302805_4.0001.873/47","302805_4.0001.873/48","302805_4.0001.873/49","302805_4.0001.873/50","302805_4.0001.873/51","302805_4.0001.873/52","302805_4.0001.873/53","302805_4.0001.873/54","302805_4.0001.873/55","302805_4.0001.873/56","302805_4.0001.873/57","302805_4.0001.873/58","302805_4.0001.873/59","302805_4.0001.873/60","302805_4.0001.873/61","302805_4.0001.873/62","302805_4.0001.873/9","302805_4.0001.882/11","302805_4.0001.883","302805_5.0018.41"],"location_quality":"dokładny","gunb_url":"https://wyszukiwarka.gunb.gov.pl/","parcel_count":54,"parcel_shard":"x068-y210","parcel_id":"302805_4.0001.873/45","location_source":"powiat wągrowiecki (wfs)"}},{"type":"Feature","id":"ST-WK-WA/ZGŁOSZENIE/2746/2025::302805_4.0001.873/46","geometry":{"type":"Polygon","coordinates":[[[17.1816253858757,52.6698861658079],[17.1816906529329,52.6698879555477],[17.1820331950202,52.6698840469255],[17.1818265026827,52.6695048673135],[17.1815311564232,52.6694967437564],[17.1816253858757,52.6698861658079]]]},"properties":{"case_id":"ST-WK-WA/ZGŁOSZENIE/2746/2025","source_type":"zgloszenie","received_date":"2025-09-01","decision_date":null,"status":"Brak sprzeciwu","description":"budowa sieci elektroenergetycznej w celu zasilania w energie elektryczną 48 budynków mieszkalnych w m. Skoki, ul. Antoniewska","address":"Skoki","city":"Skoki","office":"Starosta Powiatu Wągrowiec","case_kind":"budowa nowego/nowych obiektów budowlanych","parcel_ids":["302805_4.0001.873/10","302805_4.0001.873/11","302805_4.0001.873/12","302805_4.0001.873/13","302805_4.0001.873/14","302805_4.0001.873/15","302805_4.0001.873/16","302805_4.0001.873/17","302805_4.0001.873/18","302805_4.0001.873/19","302805_4.0001.873/20","302805_4.0001.873/21","302805_4.0001.873/22","302805_4.0001.873/23","302805_4.0001.873/24","302805_4.0001.873/25","302805_4.0001.873/26","302805_4.0001.873/27","302805_4.0001.873/28","302805_4.0001.873/29","302805_4.0001.873/30","302805_4.0001.873/31","302805_4.0001.873/32","302805_4.0001.873/33","302805_4.0001.873/34","302805_4.0001.873/35","302805_4.0001.873/36","302805_4.0001.873/37","302805_4.0001.873/38","302805_4.0001.873/39","302805_4.0001.873/40","302805_4.0001.873/41","302805_4.0001.873/42","302805_4.0001.873/43","302805_4.0001.873/44","302805_4.0001.873/45","302805_4.0001.873/46","302805_4.0001.873/47","302805_4.0001.873/48","302805_4.0001.873/49","302805_4.0001.873/50","302805_4.0001.873/51","302805_4.0001.873/52","302805_4.0001.873/53","302805_4.0001.873/54","302805_4.0001.873/55","302805_4.0001.873/56","302805_4.0001.873/57","302805_4.0001.873/58","302805_4.0001.873/59","302805_4.0001.873/60","302805_4.0001.873/61","302805_4.0001.873/62","302805_4.0001.873/9","302805_4.0001.882/11","302805_4.0001.883","302805_5.0018.41"],"location_quality":"dokładny","gunb_url":"https://wyszukiwarka.gunb.gov.pl/","parcel_count":54,"parcel_shard":"x068-y210","parcel_id":"302805_4.0001.873/46","location_source":"powiat wągrowiecki (wfs)"}},{"type":"Feature","id":"ST-WK-WA/ZGŁOSZENIE/2746/2025::302805_4.0001.873/47","geometry":{"type":"Polygon","coordinates":[[[17.1820331950202,52.6698840469255],[17.1825096338169,52.6698786073921],[17.1821218490597,52.669512990135],[17.1818265026827,52.6695048673135],[17.1820331950202,52.6698840469255]]]},"properties":{"case_id":"ST-WK-WA/ZGŁOSZENIE/2746/2025","source_type":"zgloszenie","received_date":"2025-09-01","decision_date":null,"status":"Brak sprzeciwu","description":"budowa sieci elektroenergetycznej w celu zasilania w energie elektryczną 48 budynków mieszkalnych w m. Skoki, ul. Antoniewska","address":"Skoki","city":"Skoki","office":"Starosta Powiatu Wągrowiec","case_kind":"budowa nowego/nowych obiektów budowlanych","parcel_ids":["302805_4.0001.873/10","302805_4.0001.873/11","302805_4.0001.873/12","302805_4.0001.873/13","302805_4.0001.873/14","302805_4.0001.873/15","302805_4.0001.873/16","302805_4.0001.873/17","302805_4.0001.873/18","302805_4.0001.873/19","302805_4.0001.873/20","302805_4.0001.873/21","302805_4.0001.873/22","302805_4.0001.873/23","302805_4.0001.873/24","302805_4.0001.873/25","302805_4.0001.873/26","302805_4.0001.873/27","302805_4.0001.873/28","302805_4.0001.873/29","302805_4.0001.873/30","302805_4.0001.873/31","302805_4.0001.873/32","302805_4.0001.873/33","302805_4.0001.873/34","302805_4.0001.873/35","302805_4.0001.873/36","302805_4.0001.873/37","302805_4.0001.873/38","302805_4.0001.873/39","302805_4.0001.873/40","302805_4.0001.873/41","302805_4.0001.873/42","302805_4.0001.873/43","302805_4.0001.873/44","302805_4.0001.873/45","302805_4.0001.873/46","302805_4.0001.873/47","302805_4.0001.873/48","302805_4.0001.873/49","302805_4.0001.873/50","302805_4.0001.873/51","302805_4.0001.873/52","302805_4.0001.873/53","302805_4.0001.873/54","302805_4.0001.873/55","302805_4.0001.873/56","302805_4.0001.873/57","302805_4.0001.873/58","302805_4.0001.873/59","302805_4.0001.873/60","302805_4.0001.873/61","302805_4.0001.873/62","302805_4.0001.873/9","302805_4.0001.882/11","302805_4.0001.883","302805_5.0018.41"],"location_quality":"dokładny","gunb_url":"https://wyszukiwarka.gunb.gov.pl/","parcel_count":54,"parcel_shard":"x068-y210","parcel_id":"302805_4.0001.873/47","location_source":"powiat wągrowiecki (wfs)"}},{"type":"Feature","id":"ST-WK-WA/ZGŁOSZENIE/2746/2025::302805_4.0001.873/48","geometry":{"type":"Polygon","coordinates":[[[17.1818317808136,52.6708083725112],[17.1817077594662,52.6708572518795],[17.1818837412182,52.6710231943868],[17.1827072115019,52.6717996146626],[17.1831817163002,52.6722470004465],[17.1834756819046,52.6721311399685],[17.1837113657165,52.6720382442822],[17.1838136056508,52.6720515035788],[17.1840548755426,52.6722777026138],[17.1841915971696,52.6724058854509],[17.1842356412722,52.6724026925499],[17.1847087552007,52.6723684350054],[17.1851189631873,52.6723387400236],[17.1850298820371,52.6722546897742],[17.1843295178014,52.6723054043919],[17.1842271703945,52.6722740624246],[17.1841789277349,52.6722288299965],[17.1839376430183,52.6720026131366],[17.1839594549412,52.6719404725688],[17.184187764218,52.6718504819752],[17.1844792521932,52.6717355905613],[17.184399151504,52.6716600676179],[17.1841250450674,52.6717681043646],[17.1838496861605,52.6718766351419],[17.1835743406756,52.6719851653738],[17.1832256552601,52.6721225959325],[17.1831236809302,52.6721093649211],[17.1829433457206,52.671939341043],[17.1827270237964,52.6717353844674],[17.182546793458,52.6715654505623],[17.1825687561263,52.6715032483696],[17.1829148769292,52.6713668266063],[17.18319021996,52.6712583068722],[17.1834655915303,52.6711497687224],[17.1837422276215,52.6710407353563],[17.1836621146839,52.6709652118144],[17.183414044965,52.671062992029],[17.1831659595269,52.6711607626302],[17.1829178875992,52.6712585417942],[17.1824886593338,52.671427715161],[17.182386585049,52.6714143929465],[17.1822608251486,52.6712958101155],[17.182097422286,52.6711417462834],[17.1819346599162,52.6709882797994],[17.1818098174592,52.6708705745717],[17.1818317808136,52.6708083725112]]]},"properties":{"case_id":"ST-WK-WA/ZGŁOSZENIE/2746/2025","source_type":"zgloszenie","received_date":"2025-09-01","decision_date":null,"status":"Brak sprzeciwu","description":"budowa sieci elektroenergetycznej w celu zasilania w energie elektryczną 48 budynków mieszkalnych w m. Skoki, ul. Antoniewska","address":"Skoki","city":"Skoki","office":"Starosta Powiatu Wągrowiec","case_kind":"budowa nowego/nowych obiektów budowlanych","parcel_ids":["302805_4.0001.873/10","302805_4.0001.873/11","302805_4.0001.873/12","302805_4.0001.873/13","302805_4.0001.873/14","302805_4.0001.873/15","302805_4.0001.873/16","302805_4.0001.873/17","302805_4.0001.873/18","302805_4.0001.873/19","302805_4.0001.873/20","302805_4.0001.873/21","302805_4.0001.873/22","302805_4.0001.873/23","302805_4.0001.873/24","302805_4.0001.873/25","302805_4.0001.873/26","302805_4.0001.873/27","302805_4.0001.873/28","302805_4.0001.873/29","302805_4.0001.873/30","302805_4.0001.873/31","302805_4.0001.873/32","302805_4.0001.873/33","302805_4.0001.873/34","302805_4.0001.873/35","302805_4.0001.873/36","302805_4.0001.873/37","302805_4.0001.873/38","302805_4.0001.873/39","302805_4.0001.873/40","302805_4.0001.873/41","302805_4.0001.873/42","302805_4.0001.873/43","302805_4.0001.873/44","302805_4.0001.873/45","302805_4.0001.873/46","302805_4.0001.873/47","302805_4.0001.873/48","302805_4.0001.873/49","302805_4.0001.873/50","302805_4.0001.873/51","302805_4.0001.873/52","302805_4.0001.873/53","302805_4.0001.873/54","302805_4.0001.873/55","302805_4.0001.873/56","302805_4.0001.873/57","302805_4.0001.873/58","302805_4.0001.873/59","302805_4.0001.873/60","302805_4.0001.873/61","302805_4.0001.873/62","302805_4.0001.873/9","302805_4.0001.882/11","302805_4.0001.883","302805_5.0018.41"],"location_quality":"dokładny","gunb_url":"https://wyszukiwarka.gunb.gov.pl/","parcel_count":54,"parcel_shard":"x068-y210","parcel_id":"302805_4.0001.873/48","location_source":"powiat wągrowiecki (wfs)"}},{"type":"Feature","id":"ST-WK-WA/ZGŁOSZENIE/2746/2025::302805_4.0001.873/49","geometry":{"type":"Polygon","coordinates":[[[17.1829251159616,52.6702703515425],[17.1826673678888,52.6703719369913],[17.1823542439063,52.6704953474217],[17.1819997580694,52.6706350620727],[17.1817516865551,52.6707328388059],[17.1816276503839,52.6707817269755],[17.1817077594662,52.6708572518795],[17.1818317808136,52.6708083725112],[17.1822584431504,52.6706402443107],[17.1825065278004,52.6705424666106],[17.1827545963962,52.6704446972693],[17.1830052115828,52.6703458754793],[17.1829251159616,52.6702703515425]]]},"properties":{"case_id":"ST-WK-WA/ZGŁOSZENIE/2746/2025","source_type":"zgloszenie","received_date":"2025-09-01","decision_date":null,"status":"Brak sprzeciwu","description":"budowa sieci elektroenergetycznej w celu zasilania w energie elektryczną 48 budynków mieszkalnych w m. Skoki, ul. Antoniewska","address":"Skoki","city":"Skoki","office":"Starosta Powiatu Wągrowiec","case_kind":"budowa nowego/nowych obiektów budowlanych","parcel_ids":["302805_4.0001.873/10","302805_4.0001.873/11","302805_4.0001.873/12","302805_4.0001.873/13","302805_4.0001.873/14","302805_4.0001.873/15","302805_4.0001.873/16","302805_4.0001.873/17","302805_4.0001.873/18","302805_4.0001.873/19","302805_4.0001.873/20","302805_4.0001.873/21","302805_4.0001.873/22","302805_4.0001.873/23","302805_4.0001.873/24","302805_4.0001.873/25","302805_4.0001.873/26","302805_4.0001.873/27","302805_4.0001.873/28","302805_4.0001.873/29","302805_4.0001.873/30","302805_4.0001.873/31","302805_4.0001.873/32","302805_4.0001.873/33","302805_4.0001.873/34","302805_4.0001.873/35","302805_4.0001.873/36","302805_4.0001.873/37","302805_4.0001.873/38","302805_4.0001.873/39","302805_4.0001.873/40","302805_4.0001.873/41","302805_4.0001.873/42","302805_4.0001.873/43","302805_4.0001.873/44","302805_4.0001.873/45","302805_4.0001.873/46","302805_4.0001.873/47","302805_4.0001.873/48","302805_4.0001.873/49","302805_4.0001.873/50","302805_4.0001.873/51","302805_4.0001.873/52","302805_4.0001.873/53","302805_4.0001.873/54","302805_4.0001.873/55","302805_4.0001.873/56","302805_4.0001.873/57","302805_4.0001.873/58","302805_4.0001.873/59","302805_4.0001.873/60","302805_4.0001.873/61","302805_4.0001.873/62","302805_4.0001.873/9","302805_4.0001.882/11","302805_4.0001.883","302805_5.0018.41"],"location_quality":"dokładny","gunb_url":"https://wyszukiwarka.gunb.gov.pl/","parcel_count":54,"parcel_shard":"x068-y210","parcel_id":"302805_4.0001.873/49","location_source":"powiat wągrowiecki (wfs)"}},{"type":"Feature","id":"ST-WK-WA/ZGŁOSZENIE/2746/2025::302805_4.0001.873/50","geometry":{"type":"Polygon","coordinates":[[[17.1803892985343,52.6694653423396],[17.1802268642455,52.6694608756916],[17.1816276503839,52.6707817269755],[17.1817516865551,52.6707328388059],[17.1816496141186,52.6707195159626],[17.1813138399466,52.6704029122932],[17.1812713892289,52.670362877353],[17.1813051952913,52.6703267663498],[17.1813142097107,52.6703269724124],[17.1816819129005,52.6703351916597],[17.1817183047507,52.6703711493377],[17.1819206653751,52.6702914001929],[17.1819247532565,52.6702237183148],[17.1817593006039,52.6702200148354],[17.1816838140165,52.6702453051209],[17.1816690360976,52.6702449784076],[17.1812982599963,52.6702366839683],[17.1812013173979,52.6702345134221],[17.1810950489285,52.6701966078848],[17.1807399899383,52.6698618138654],[17.180355489413,52.6694992421969],[17.1803892985343,52.6694653423396]]]},"properties":{"case_id":"ST-WK-WA/ZGŁOSZENIE/2746/2025","source_type":"zgloszenie","received_date":"2025-09-01","decision_date":null,"status":"Brak sprzeciwu","description":"budowa sieci elektroenergetycznej w celu zasilania w energie elektryczną 48 budynków mieszkalnych w m. Skoki, ul. Antoniewska","address":"Skoki","city":"Skoki","office":"Starosta Powiatu Wągrowiec","case_kind":"budowa nowego/nowych obiektów budowlanych","parcel_ids":["302805_4.0001.873/10","302805_4.0001.873/11","302805_4.0001.873/12","302805_4.0001.873/13","302805_4.0001.873/14","302805_4.0001.873/15","302805_4.0001.873/16","302805_4.0001.873/17","302805_4.0001.873/18","302805_4.0001.873/19","302805_4.0001.873/20","302805_4.0001.873/21","302805_4.0001.873/22","302805_4.0001.873/23","302805_4.0001.873/24","302805_4.0001.873/25","302805_4.0001.873/26","302805_4.0001.873/27","302805_4.0001.873/28","302805_4.0001.873/29","302805_4.0001.873/30","302805_4.0001.873/31","302805_4.0001.873/32","302805_4.0001.873/33","302805_4.0001.873/34","302805_4.0001.873/35","302805_4.0001.873/36","302805_4.0001.873/37","302805_4.0001.873/38","302805_4.0001.873/39","302805_4.0001.873/40","302805_4.0001.873/41","302805_4.0001.873/42","302805_4.0001.873/43","302805_4.0001.873/44","302805_4.0001.873/45","302805_4.0001.873/46","302805_4.0001.873/47","302805_4.0001.873/48","302805_4.0001.873/49","302805_4.0001.873/50","302805_4.0001.873/51","302805_4.0001.873/52","302805_4.0001.873/53","302805_4.0001.873/54","302805_4.0001.873/55","302805_4.0001.873/56","302805_4.0001.873/57","302805_4.0001.873/58","302805_4.0001.873/59","302805_4.0001.873/60","302805_4.0001.873/61","302805_4.0001.873/62","302805_4.0001.873/9","302805_4.0001.882/11","302805_4.0001.883","302805_5.0018.41"],"location_quality":"dokładny","gunb_url":"https://wyszukiwarka.gunb.gov.pl/","parcel_count":54,"parcel_shard":"x068-y210","parcel_id":"302805_4.0001.873/50","location_source":"powiat wągrowiecki (wfs)"}},{"type":"Feature","id":"ST-WK-WA/ZGŁOSZENIE/2746/2025::302805_4.0001.873/51","geometry":{"type":"Polygon","coordinates":[[[17.1821218490597,52.669512990135],[17.1819309954648,52.6693330419676],[17.1818349121588,52.6693419591707],[17.1813941842407,52.6693828637459],[17.180125172925,52.6693649790986],[17.1802268642455,52.6694608756916],[17.1803892985343,52.6694653423396],[17.1808096359634,52.6694769030692],[17.1812358102813,52.6694886194637],[17.1815311564232,52.6694967437564],[17.1818265026827,52.6695048673135],[17.1821218490597,52.669512990135]]]},"properties":{"case_id":"ST-WK-WA/ZGŁOSZENIE/2746/2025","source_type":"zgloszenie","received_date":"2025-09-01","decision_date":null,"status":"Brak sprzeciwu","description":"budowa sieci elektroenergetycznej w celu zasilania w energie elektryczną 48 budynków mieszkalnych w m. Skoki, ul. Antoniewska","address":"Skoki","city":"Skoki","office":"Starosta Powiatu Wągrowiec","case_kind":"budowa nowego/nowych obiektów budowlanych","parcel_ids":["302805_4.0001.873/10","302805_4.0001.873/11","302805_4.0001.873/12","302805_4.0001.873/13","302805_4.0001.873/14","302805_4.0001.873/15","302805_4.0001.873/16","302805_4.0001.873/17","302805_4.0001.873/18","302805_4.0001.873/19","302805_4.0001.873/20","302805_4.0001.873/21","302805_4.0001.873/22","302805_4.0001.873/23","302805_4.0001.873/24","302805_4.0001.873/25","302805_4.0001.873/26","302805_4.0001.873/27","302805_4.0001.873/28","302805_4.0001.873/29","302805_4.0001.873/30","302805_4.0001.873/31","302805_4.0001.873/32","302805_4.0001.873/33","302805_4.0001.873/34","302805_4.0001.873/35","302805_4.0001.873/36","302805_4.0001.873/37","302805_4.0001.873/38","302805_4.0001.873/39","302805_4.0001.873/40","302805_4.0001.873/41","302805_4.0001.873/42","302805_4.0001.873/43","302805_4.0001.873/44","302805_4.0001.873/45","302805_4.0001.873/46","302805_4.0001.873/47","302805_4.0001.873/48","302805_4.0001.873/49","302805_4.0001.873/50","302805_4.0001.873/51","302805_4.0001.873/52","302805_4.0001.873/53","302805_4.0001.873/54","302805_4.0001.873/55","302805_4.0001.873/56","302805_4.0001.873/57","302805_4.0001.873/58","302805_4.0001.873/59","302805_4.0001.873/60","302805_4.0001.873/61","302805_4.0001.873/62","302805_4.0001.873/9","302805_4.0001.882/11","302805_4.0001.883","302805_5.0018.41"],"location_quality":"dokładny","gunb_url":"https://wyszukiwarka.gunb.gov.pl/","parcel_count":54,"parcel_shard":"x068-y210","parcel_id":"302805_4.0001.873/51","location_source":"powiat wągrowiecki (wfs)"}},{"type":"Feature","id":"ST-WK-WA/ZGŁOSZENIE/2746/2025::302805_4.0001.873/52","geometry":{"type":"Polygon","coordinates":[[[17.1828939999043,52.6727370701327],[17.1826111322951,52.6724718827101],[17.1822455793918,52.6726159614816],[17.1822237347924,52.6726781194841],[17.1823307057242,52.6727785532308],[17.1828939999043,52.6727370701327]]]},"properties":{"case_id":"ST-WK-WA/ZGŁOSZENIE/2746/2025","source_type":"zgloszenie","received_date":"2025-09-01","decision_date":null,"status":"Brak sprzeciwu","description":"budowa sieci elektroenergetycznej w celu zasilania w energie elektryczną 48 budynków mieszkalnych w m. Skoki, ul. Antoniewska","address":"Skoki","city":"Skoki","office":"Starosta Powiatu Wągrowiec","case_kind":"budowa nowego/nowych obiektów budowlanych","parcel_ids":["302805_4.0001.873/10","302805_4.0001.873/11","302805_4.0001.873/12","302805_4.0001.873/13","302805_4.0001.873/14","302805_4.0001.873/15","302805_4.0001.873/16","302805_4.0001.873/17","302805_4.0001.873/18","302805_4.0001.873/19","302805_4.0001.873/20","302805_4.0001.873/21","302805_4.0001.873/22","302805_4.0001.873/23","302805_4.0001.873/24","302805_4.0001.873/25","302805_4.0001.873/26","302805_4.0001.873/27","302805_4.0001.873/28","302805_4.0001.873/29","302805_4.0001.873/30","302805_4.0001.873/31","302805_4.0001.873/32","302805_4.0001.873/33","302805_4.0001.873/34","302805_4.0001.873/35","302805_4.0001.873/36","302805_4.0001.873/37","302805_4.0001.873/38","302805_4.0001.873/39","302805_4.0001.873/40","302805_4.0001.873/41","302805_4.0001.873/42","302805_4.0001.873/43","302805_4.0001.873/44","302805_4.0001.873/45","302805_4.0001.873/46","302805_4.0001.873/47","302805_4.0001.873/48","302805_4.0001.873/49","302805_4.0001.873/50","302805_4.0001.873/51","302805_4.0001.873/52","302805_4.0001.873/53","302805_4.0001.873/54","302805_4.0001.873/55","302805_4.0001.873/56","302805_4.0001.873/57","302805_4.0001.873/58","302805_4.0001.873/59","302805_4.0001.873/60","302805_4.0001.873/61","302805_4.0001.873/62","302805_4.0001.873/9","302805_4.0001.882/11","302805_4.0001.883","302805_5.0018.41"],"location_quality":"dokładny","gunb_url":"https://wyszukiwarka.gunb.gov.pl/","parcel_count":54,"parcel_shard":"x068-y210","parcel_id":"302805_4.0001.873/52","location_source":"powiat wągrowiecki (wfs)"}},{"type":"Feature","id":"ST-WK-WA/ZGŁOSZENIE/2746/2025::302805_4.0001.873/53","geometry":{"type":"Polygon","coordinates":[[[17.1832695658998,52.6727092726995],[17.1828964176365,52.6723594418747],[17.1826111322951,52.6724718827101],[17.1828939999043,52.6727370701327],[17.1831166406385,52.6727206661998],[17.1832695658998,52.6727092726995]]]},"properties":{"case_id":"ST-WK-WA/ZGŁOSZENIE/2746/2025","source_type":"zgloszenie","received_date":"2025-09-01","decision_date":null,"status":"Brak sprzeciwu","description":"budowa sieci elektroenergetycznej w celu zasilania w energie elektryczną 48 budynków mieszkalnych w m. Skoki, ul. Antoniewska","address":"Skoki","city":"Skoki","office":"Starosta Powiatu Wągrowiec","case_kind":"budowa nowego/nowych obiektów budowlanych","parcel_ids":["302805_4.0001.873/10","302805_4.0001.873/11","302805_4.0001.873/12","302805_4.0001.873/13","302805_4.0001.873/14","302805_4.0001.873/15","302805_4.0001.873/16","302805_4.0001.873/17","302805_4.0001.873/18","302805_4.0001.873/19","302805_4.0001.873/20","302805_4.0001.873/21","302805_4.0001.873/22","302805_4.0001.873/23","302805_4.0001.873/24","302805_4.0001.873/25","302805_4.0001.873/26","302805_4.0001.873/27","302805_4.0001.873/28","302805_4.0001.873/29","302805_4.0001.873/30","302805_4.0001.873/31","302805_4.0001.873/32","302805_4.0001.873/33","302805_4.0001.873/34","302805_4.0001.873/35","302805_4.0001.873/36","302805_4.0001.873/37","302805_4.0001.873/38","302805_4.0001.873/39","302805_4.0001.873/40","302805_4.0001.873/41","302805_4.0001.873/42","302805_4.0001.873/43","302805_4.0001.873/44","302805_4.0001.873/45","302805_4.0001.873/46","302805_4.0001.873/47","302805_4.0001.873/48","302805_4.0001.873/49","302805_4.0001.873/50","302805_4.0001.873/51","302805_4.0001.873/52","302805_4.0001.873/53","302805_4.0001.873/54","302805_4.0001.873/55","302805_4.0001.873/56","302805_4.0001.873/57","302805_4.0001.873/58","302805_4.0001.873/59","302805_4.0001.873/60","302805_4.0001.873/61","302805_4.0001.873/62","302805_4.0001.873/9","302805_4.0001.882/11","302805_4.0001.883","302805_5.0018.41"],"location_quality":"dokładny","gunb_url":"https://wyszukiwarka.gunb.gov.pl/","parcel_count":54,"parcel_shard":"x068-y210","parcel_id":"302805_4.0001.873/53","location_source":"powiat wągrowiecki (wfs)"}},{"type":"Feature","id":"ST-WK-WA/ZGŁOSZENIE/2746/2025::302805_4.0001.873/54","geometry":{"type":"Polygon","coordinates":[[[17.1832695658998,52.6727092726995],[17.1836425440807,52.6726814742282],[17.183462088264,52.6725113424902],[17.1831817163002,52.6722470004465],[17.1828964176365,52.6723594418747],[17.1832695658998,52.6727092726995]]]},"properties":{"case_id":"ST-WK-WA/ZGŁOSZENIE/2746/2025","source_type":"zgloszenie","received_date":"2025-09-01","decision_date":null,"status":"Brak sprzeciwu","description":"budowa sieci elektroenergetycznej w celu zasilania w energie elektryczną 48 budynków mieszkalnych w m. Skoki, ul. Antoniewska","address":"Skoki","city":"Skoki","office":"Starosta Powiatu Wągrowiec","case_kind":"budowa nowego/nowych obiektów budowlanych","parcel_ids":["302805_4.0001.873/10","302805_4.0001.873/11","302805_4.0001.873/12","302805_4.0001.873/13","302805_4.0001.873/14","302805_4.0001.873/15","302805_4.0001.873/16","302805_4.0001.873/17","302805_4.0001.873/18","302805_4.0001.873/19","302805_4.0001.873/20","302805_4.0001.873/21","302805_4.0001.873/22","302805_4.0001.873/23","302805_4.0001.873/24","302805_4.0001.873/25","302805_4.0001.873/26","302805_4.0001.873/27","302805_4.0001.873/28","302805_4.0001.873/29","302805_4.0001.873/30","302805_4.0001.873/31","302805_4.0001.873/32","302805_4.0001.873/33","302805_4.0001.873/34","302805_4.0001.873/35","302805_4.0001.873/36","302805_4.0001.873/37","302805_4.0001.873/38","302805_4.0001.873/39","302805_4.0001.873/40","302805_4.0001.873/41","302805_4.0001.873/42","302805_4.0001.873/43","302805_4.0001.873/44","302805_4.0001.873/45","302805_4.0001.873/46","302805_4.0001.873/47","302805_4.0001.873/48","302805_4.0001.873/49","302805_4.0001.873/50","302805_4.0001.873/51","302805_4.0001.873/52","302805_4.0001.873/53","302805_4.0001.873/54","302805_4.0001.873/55","302805_4.0001.873/56","302805_4.0001.873/57","302805_4.0001.873/58","302805_4.0001.873/59","302805_4.0001.873/60","302805_4.0001.873/61","302805_4.0001.873/62","302805_4.0001.873/9","302805_4.0001.882/11","302805_4.0001.883","302805_5.0018.41"],"location_quality":"dokładny","gunb_url":"https://wyszukiwarka.gunb.gov.pl/","parcel_count":54,"parcel_shard":"x068-y210","parcel_id":"302805_4.0001.873/54","location_source":"powiat wągrowiecki (wfs)"}},{"type":"Feature","id":"ST-WK-WA/ZGŁOSZENIE/2746/2025::302805_4.0001.873/55","geometry":{"type":"Polygon","coordinates":[[[17.1820630321144,52.6725272467897],[17.1821651088878,52.6725405692905],[17.1824131897717,52.6724427917591],[17.182147792635,52.6721939637051],[17.1818380647341,52.6723160391324],[17.1820630321144,52.6725272467897]]]},"properties":{"case_id":"ST-WK-WA/ZGŁOSZENIE/2746/2025","source_type":"zgloszenie","received_date":"2025-09-01","decision_date":null,"status":"Brak sprzeciwu","description":"budowa sieci elektroenergetycznej w celu zasilania w energie elektryczną 48 budynków mieszkalnych w m. Skoki, ul. Antoniewska","address":"Skoki","city":"Skoki","office":"Starosta Powiatu Wągrowiec","case_kind":"budowa nowego/nowych obiektów budowlanych","parcel_ids":["302805_4.0001.873/10","302805_4.0001.873/11","302805_4.0001.873/12","302805_4.0001.873/13","302805_4.0001.873/14","302805_4.0001.873/15","302805_4.0001.873/16","302805_4.0001.873/17","302805_4.0001.873/18","302805_4.0001.873/19","302805_4.0001.873/20","302805_4.0001.873/21","302805_4.0001.873/22","302805_4.0001.873/23","302805_4.0001.873/24","302805_4.0001.873/25","302805_4.0001.873/26","302805_4.0001.873/27","302805_4.0001.873/28","302805_4.0001.873/29","302805_4.0001.873/30","302805_4.0001.873/31","302805_4.0001.873/32","302805_4.0001.873/33","302805_4.0001.873/34","302805_4.0001.873/35","302805_4.0001.873/36","302805_4.0001.873/37","302805_4.0001.873/38","302805_4.0001.873/39","302805_4.0001.873/40","302805_4.0001.873/41","302805_4.0001.873/42","302805_4.0001.873/43","302805_4.0001.873/44","302805_4.0001.873/45","302805_4.0001.873/46","302805_4.0001.873/47","302805_4.0001.873/48","302805_4.0001.873/49","302805_4.0001.873/50","302805_4.0001.873/51","302805_4.0001.873/52","302805_4.0001.873/53","302805_4.0001.873/54","302805_4.0001.873/55","302805_4.0001.873/56","302805_4.0001.873/57","302805_4.0001.873/58","302805_4.0001.873/59","302805_4.0001.873/60","302805_4.0001.873/61","302805_4.0001.873/62","302805_4.0001.873/9","302805_4.0001.882/11","302805_4.0001.883","302805_5.0018.41"],"location_quality":"dokładny","gunb_url":"https://wyszukiwarka.gunb.gov.pl/","parcel_count":54,"parcel_shard":"x068-y210","parcel_id":"302805_4.0001.873/55","location_source":"powiat wągrowiecki (wfs)"}},{"type":"Feature","id":"ST-WK-WA/ZGŁOSZENIE/2746/2025::302805_4.0001.873/56","geometry":{"type":"Polygon","coordinates":[[[17.1824131897717,52.6724427917591],[17.1827170931367,52.6723230203476],[17.1824625489822,52.6720843785073],[17.1824516949844,52.6720741929651],[17.1823094252852,52.6721302627243],[17.182147792635,52.6721939637051],[17.1824131897717,52.6724427917591]]]},"properties":{"case_id":"ST-WK-WA/ZGŁOSZENIE/2746/2025","source_type":"zgloszenie","received_date":"2025-09-01","decision_date":null,"status":"Brak sprzeciwu","description":"budowa sieci elektroenergetycznej w celu zasilania w energie elektryczną 48 budynków mieszkalnych w m. Skoki, ul. Antoniewska","address":"Skoki","city":"Skoki","office":"Starosta Powiatu Wągrowiec","case_kind":"budowa nowego/nowych obiektów budowlanych","parcel_ids":["302805_4.0001.873/10","302805_4.0001.873/11","302805_4.0001.873/12","302805_4.0001.873/13","302805_4.0001.873/14","302805_4.0001.873/15","302805_4.0001.873/16","302805_4.0001.873/17","302805_4.0001.873/18","302805_4.0001.873/19","302805_4.0001.873/20","302805_4.0001.873/21","302805_4.0001.873/22","302805_4.0001.873/23","302805_4.0001.873/24","302805_4.0001.873/25","302805_4.0001.873/26","302805_4.0001.873/27","302805_4.0001.873/28","302805_4.0001.873/29","302805_4.0001.873/30","302805_4.0001.873/31","302805_4.0001.873/32","302805_4.0001.873/33","302805_4.0001.873/34","302805_4.0001.873/35","302805_4.0001.873/36","302805_4.0001.873/37","302805_4.0001.873/38","302805_4.0001.873/39","302805_4.0001.873/40","302805_4.0001.873/41","302805_4.0001.873/42","302805_4.0001.873/43","302805_4.0001.873/44","302805_4.0001.873/45","302805_4.0001.873/46","302805_4.0001.873/47","302805_4.0001.873/48","302805_4.0001.873/49","302805_4.0001.873/50","302805_4.0001.873/51","302805_4.0001.873/52","302805_4.0001.873/53","302805_4.0001.873/54","302805_4.0001.873/55","302805_4.0001.873/56","302805_4.0001.873/57","302805_4.0001.873/58","302805_4.0001.873/59","302805_4.0001.873/60","302805_4.0001.873/61","302805_4.0001.873/62","302805_4.0001.873/9","302805_4.0001.882/11","302805_4.0001.883","302805_5.0018.41"],"location_quality":"dokładny","gunb_url":"https://wyszukiwarka.gunb.gov.pl/","parcel_count":54,"parcel_shard":"x068-y210","parcel_id":"302805_4.0001.873/56","location_source":"powiat wągrowiecki (wfs)"}},{"type":"Feature","id":"ST-WK-WA/ZGŁOSZENIE/2746/2025::302805_4.0001.873/57","geometry":{"type":"Polygon","coordinates":[[[17.1827170931367,52.6723230203476],[17.1829775783283,52.672220357212],[17.1829995407243,52.6721581549453],[17.1827860652453,52.6719568783404],[17.1824625489822,52.6720843785073],[17.1827170931367,52.6723230203476]]]},"properties":{"case_id":"ST-WK-WA/ZGŁOSZENIE/2746/2025","source_type":"zgloszenie","received_date":"2025-09-01","decision_date":null,"status":"Brak sprzeciwu","description":"budowa sieci elektroenergetycznej w celu zasilania w energie elektryczną 48 budynków mieszkalnych w m. Skoki, ul. Antoniewska","address":"Skoki","city":"Skoki","office":"Starosta Powiatu Wągrowiec","case_kind":"budowa nowego/nowych obiektów budowlanych","parcel_ids":["302805_4.0001.873/10","302805_4.0001.873/11","302805_4.0001.873/12","302805_4.0001.873/13","302805_4.0001.873/14","302805_4.0001.873/15","302805_4.0001.873/16","302805_4.0001.873/17","302805_4.0001.873/18","302805_4.0001.873/19","302805_4.0001.873/20","302805_4.0001.873/21","302805_4.0001.873/22","302805_4.0001.873/23","302805_4.0001.873/24","302805_4.0001.873/25","302805_4.0001.873/26","302805_4.0001.873/27","302805_4.0001.873/28","302805_4.0001.873/29","302805_4.0001.873/30","302805_4.0001.873/31","302805_4.0001.873/32","302805_4.0001.873/33","302805_4.0001.873/34","302805_4.0001.873/35","302805_4.0001.873/36","302805_4.0001.873/37","302805_4.0001.873/38","302805_4.0001.873/39","302805_4.0001.873/40","302805_4.0001.873/41","302805_4.0001.873/42","302805_4.0001.873/43","302805_4.0001.873/44","302805_4.0001.873/45","302805_4.0001.873/46","302805_4.0001.873/47","302805_4.0001.873/48","302805_4.0001.873/49","302805_4.0001.873/50","302805_4.0001.873/51","302805_4.0001.873/52","302805_4.0001.873/53","302805_4.0001.873/54","302805_4.0001.873/55","302805_4.0001.873/56","302805_4.0001.873/57","302805_4.0001.873/58","302805_4.0001.873/59","302805_4.0001.873/60","302805_4.0001.873/61","302805_4.0001.873/62","302805_4.0001.873/9","302805_4.0001.882/11","302805_4.0001.883","302805_5.0018.41"],"location_quality":"dokładny","gunb_url":"https://wyszukiwarka.gunb.gov.pl/","parcel_count":54,"parcel_shard":"x068-y210","parcel_id":"302805_4.0001.873/57","location_source":"powiat wągrowiecki (wfs)"}},{"type":"Feature","id":"ST-WK-WA/ZGŁOSZENIE/2746/2025::302805_4.0001.873/58","geometry":{"type":"Polygon","coordinates":[[[17.1821207829678,52.671953179195],[17.1816492495038,52.6721387739159],[17.1818380647341,52.6723160391324],[17.182147792635,52.6721939637051],[17.1823094252852,52.6721302627243],[17.1821207829678,52.671953179195]]]},"properties":{"case_id":"ST-WK-WA/ZGŁOSZENIE/2746/2025","source_type":"zgloszenie","received_date":"2025-09-01","decision_date":null,"status":"Brak sprzeciwu","description":"budowa sieci elektroenergetycznej w celu zasilania w energie elektryczną 48 budynków mieszkalnych w m. Skoki, ul. Antoniewska","address":"Skoki","city":"Skoki","office":"Starosta Powiatu Wągrowiec","case_kind":"budowa nowego/nowych obiektów budowlanych","parcel_ids":["302805_4.0001.873/10","302805_4.0001.873/11","302805_4.0001.873/12","302805_4.0001.873/13","302805_4.0001.873/14","302805_4.0001.873/15","302805_4.0001.873/16","302805_4.0001.873/17","302805_4.0001.873/18","302805_4.0001.873/19","302805_4.0001.873/20","302805_4.0001.873/21","302805_4.0001.873/22","302805_4.0001.873/23","302805_4.0001.873/24","302805_4.0001.873/25","302805_4.0001.873/26","302805_4.0001.873/27","302805_4.0001.873/28","302805_4.0001.873/29","302805_4.0001.873/30","302805_4.0001.873/31","302805_4.0001.873/32","302805_4.0001.873/33","302805_4.0001.873/34","302805_4.0001.873/35","302805_4.0001.873/36","302805_4.0001.873/37","302805_4.0001.873/38","302805_4.0001.873/39","302805_4.0001.873/40","302805_4.0001.873/41","302805_4.0001.873/42","302805_4.0001.873/43","302805_4.0001.873/44","302805_4.0001.873/45","302805_4.0001.873/46","302805_4.0001.873/47","302805_4.0001.873/48","302805_4.0001.873/49","302805_4.0001.873/50","302805_4.0001.873/51","302805_4.0001.873/52","302805_4.0001.873/53","302805_4.0001.873/54","302805_4.0001.873/55","302805_4.0001.873/56","302805_4.0001.873/57","302805_4.0001.873/58","302805_4.0001.873/59","302805_4.0001.873/60","302805_4.0001.873/61","302805_4.0001.873/62","302805_4.0001.873/9","302805_4.0001.882/11","302805_4.0001.883","302805_5.0018.41"],"location_quality":"dokładny","gunb_url":"https://wyszukiwarka.gunb.gov.pl/","parcel_count":54,"parcel_shard":"x068-y210","parcel_id":"302805_4.0001.873/58","location_source":"powiat wągrowiecki (wfs)"}},{"type":"Feature","id":"ST-WK-WA/ZGŁOSZENIE/2746/2025::302805_4.0001.873/59","geometry":{"type":"Polygon","coordinates":[[[17.182012013017,52.6718510432159],[17.1813916525655,52.6718969271778],[17.1816492495038,52.6721387739159],[17.1821207829678,52.671953179195],[17.182012013017,52.6718510432159]]]},"properties":{"case_id":"ST-WK-WA/ZGŁOSZENIE/2746/2025","source_type":"zgloszenie","received_date":"2025-09-01","decision_date":null,"status":"Brak sprzeciwu","description":"budowa sieci elektroenergetycznej w celu zasilania w energie elektryczną 48 budynków mieszkalnych w m. Skoki, ul. Antoniewska","address":"Skoki","city":"Skoki","office":"Starosta Powiatu Wągrowiec","case_kind":"budowa nowego/nowych obiektów budowlanych","parcel_ids":["302805_4.0001.873/10","302805_4.0001.873/11","302805_4.0001.873/12","302805_4.0001.873/13","302805_4.0001.873/14","302805_4.0001.873/15","302805_4.0001.873/16","302805_4.0001.873/17","302805_4.0001.873/18","302805_4.0001.873/19","302805_4.0001.873/20","302805_4.0001.873/21","302805_4.0001.873/22","302805_4.0001.873/23","302805_4.0001.873/24","302805_4.0001.873/25","302805_4.0001.873/26","302805_4.0001.873/27","302805_4.0001.873/28","302805_4.0001.873/29","302805_4.0001.873/30","302805_4.0001.873/31","302805_4.0001.873/32","302805_4.0001.873/33","302805_4.0001.873/34","302805_4.0001.873/35","302805_4.0001.873/36","302805_4.0001.873/37","302805_4.0001.873/38","302805_4.0001.873/39","302805_4.0001.873/40","302805_4.0001.873/41","302805_4.0001.873/42","302805_4.0001.873/43","302805_4.0001.873/44","302805_4.0001.873/45","302805_4.0001.873/46","302805_4.0001.873/47","302805_4.0001.873/48","302805_4.0001.873/49","302805_4.0001.873/50","302805_4.0001.873/51","302805_4.0001.873/52","302805_4.0001.873/53","302805_4.0001.873/54","302805_4.0001.873/55","302805_4.0001.873/56","302805_4.0001.873/57","302805_4.0001.873/58","302805_4.0001.873/59","302805_4.0001.873/60","302805_4.0001.873/61","302805_4.0001.873/62","302805_4.0001.873/9","302805_4.0001.882/11","302805_4.0001.883","302805_5.0018.41"],"location_quality":"dokładny","gunb_url":"https://wyszukiwarka.gunb.gov.pl/","parcel_count":54,"parcel_shard":"x068-y210","parcel_id":"302805_4.0001.873/59","location_source":"powiat wągrowiecki (wfs)"}},{"type":"Feature","id":"ST-WK-WA/ZGŁOSZENIE/2746/2025::302805_4.0001.873/60","geometry":{"type":"Polygon","coordinates":[[[17.1827860652453,52.6719568783404],[17.1826256656024,52.6718056489875],[17.182012013017,52.6718510432159],[17.1821207829678,52.671953179195],[17.1823094252852,52.6721302627243],[17.1824516949844,52.6720741929651],[17.1824625489822,52.6720843785073],[17.1827860652453,52.6719568783404]]]},"properties":{"case_id":"ST-WK-WA/ZGŁOSZENIE/2746/2025","source_type":"zgloszenie","received_date":"2025-09-01","decision_date":null,"status":"Brak sprzeciwu","description":"budowa sieci elektroenergetycznej w celu zasilania w energie elektryczną 48 budynków mieszkalnych w m. Skoki, ul. Antoniewska","address":"Skoki","city":"Skoki","office":"Starosta Powiatu Wągrowiec","case_kind":"budowa nowego/nowych obiektów budowlanych","parcel_ids":["302805_4.0001.873/10","302805_4.0001.873/11","302805_4.0001.873/12","302805_4.0001.873/13","302805_4.0001.873/14","302805_4.0001.873/15","302805_4.0001.873/16","302805_4.0001.873/17","302805_4.0001.873/18","302805_4.0001.873/19","302805_4.0001.873/20","302805_4.0001.873/21","302805_4.0001.873/22","302805_4.0001.873/23","302805_4.0001.873/24","302805_4.0001.873/25","302805_4.0001.873/26","302805_4.0001.873/27","302805_4.0001.873/28","302805_4.0001.873/29","302805_4.0001.873/30","302805_4.0001.873/31","302805_4.0001.873/32","302805_4.0001.873/33","302805_4.0001.873/34","302805_4.0001.873/35","302805_4.0001.873/36","302805_4.0001.873/37","302805_4.0001.873/38","302805_4.0001.873/39","302805_4.0001.873/40","302805_4.0001.873/41","302805_4.0001.873/42","302805_4.0001.873/43","302805_4.0001.873/44","302805_4.0001.873/45","302805_4.0001.873/46","302805_4.0001.873/47","302805_4.0001.873/48","302805_4.0001.873/49","302805_4.0001.873/50","302805_4.0001.873/51","302805_4.0001.873/52","302805_4.0001.873/53","302805_4.0001.873/54","302805_4.0001.873/55","302805_4.0001.873/56","302805_4.0001.873/57","302805_4.0001.873/58","302805_4.0001.873/59","302805_4.0001.873/60","302805_4.0001.873/61","302805_4.0001.873/62","302805_4.0001.873/9","302805_4.0001.882/11","302805_4.0001.883","302805_5.0018.41"],"location_quality":"dokładny","gunb_url":"https://wyszukiwarka.gunb.gov.pl/","parcel_count":54,"parcel_shard":"x068-y210","parcel_id":"302805_4.0001.873/60","location_source":"powiat wągrowiecki (wfs)"}},{"type":"Feature","id":"ST-WK-WA/ZGŁOSZENIE/2746/2025::302805_4.0001.873/61","geometry":{"type":"Polygon","coordinates":[[[17.1823307057242,52.6727785532308],[17.1822237347924,52.6726781194841],[17.1820630321144,52.6725272467897],[17.1818380647341,52.6723160391324],[17.1816492495038,52.6721387739159],[17.1813916525655,52.6718969271778],[17.1813100176173,52.6719029599834],[17.1822490588466,52.6727845660055],[17.1823307057242,52.6727785532308]]]},"properties":{"case_id":"ST-WK-WA/ZGŁOSZENIE/2746/2025","source_type":"zgloszenie","received_date":"2025-09-01","decision_date":null,"status":"Brak sprzeciwu","description":"budowa sieci elektroenergetycznej w celu zasilania w energie elektryczną 48 budynków mieszkalnych w m. Skoki, ul. Antoniewska","address":"Skoki","city":"Skoki","office":"Starosta Powiatu Wągrowiec","case_kind":"budowa nowego/nowych obiektów budowlanych","parcel_ids":["302805_4.0001.873/10","302805_4.0001.873/11","302805_4.0001.873/12","302805_4.0001.873/13","302805_4.0001.873/14","302805_4.0001.873/15","302805_4.0001.873/16","302805_4.0001.873/17","302805_4.0001.873/18","302805_4.0001.873/19","302805_4.0001.873/20","302805_4.0001.873/21","302805_4.0001.873/22","302805_4.0001.873/23","302805_4.0001.873/24","302805_4.0001.873/25","302805_4.0001.873/26","302805_4.0001.873/27","302805_4.0001.873/28","302805_4.0001.873/29","302805_4.0001.873/30","302805_4.0001.873/31","302805_4.0001.873/32","302805_4.0001.873/33","302805_4.0001.873/34","302805_4.0001.873/35","302805_4.0001.873/36","302805_4.0001.873/37","302805_4.0001.873/38","302805_4.0001.873/39","302805_4.0001.873/40","302805_4.0001.873/41","302805_4.0001.873/42","302805_4.0001.873/43","302805_4.0001.873/44","302805_4.0001.873/45","302805_4.0001.873/46","302805_4.0001.873/47","302805_4.0001.873/48","302805_4.0001.873/49","302805_4.0001.873/50","302805_4.0001.873/51","302805_4.0001.873/52","302805_4.0001.873/53","302805_4.0001.873/54","302805_4.0001.873/55","302805_4.0001.873/56","302805_4.0001.873/57","302805_4.0001.873/58","302805_4.0001.873/59","302805_4.0001.873/60","302805_4.0001.873/61","302805_4.0001.873/62","302805_4.0001.873/9","302805_4.0001.882/11","302805_4.0001.883","302805_5.0018.41"],"location_quality":"dokładny","gunb_url":"https://wyszukiwarka.gunb.gov.pl/","parcel_count":54,"parcel_shard":"x068-y210","parcel_id":"302805_4.0001.873/61","location_source":"powiat wągrowiecki (wfs)"}},{"type":"Feature","id":"ST-WK-WA/ZGŁOSZENIE/2746/2025::302805_4.0001.873/62","geometry":{"type":"Polygon","coordinates":[[[17.1827072115019,52.6717996146626],[17.1826256656024,52.6718056489875],[17.1827860652453,52.6719568783404],[17.1829995407243,52.6721581549453],[17.1829775783283,52.672220357212],[17.1827170931367,52.6723230203476],[17.1824131897717,52.6724427917591],[17.1821651088878,52.6725405692905],[17.1820630321144,52.6725272467897],[17.1822237347924,52.6726781194841],[17.1822455793918,52.6726159614816],[17.1826111322951,52.6724718827101],[17.1828964176365,52.6723594418747],[17.1831817163002,52.6722470004465],[17.1827072115019,52.6717996146626]]]},"properties":{"case_id":"ST-WK-WA/ZGŁOSZENIE/2746/2025","source_type":"zgloszenie","received_date":"2025-09-01","decision_date":null,"status":"Brak sprzeciwu","description":"budowa sieci elektroenergetycznej w celu zasilania w energie elektryczną 48 budynków mieszkalnych w m. Skoki, ul. Antoniewska","address":"Skoki","city":"Skoki","office":"Starosta Powiatu Wągrowiec","case_kind":"budowa nowego/nowych obiektów budowlanych","parcel_ids":["302805_4.0001.873/10","302805_4.0001.873/11","302805_4.0001.873/12","302805_4.0001.873/13","302805_4.0001.873/14","302805_4.0001.873/15","302805_4.0001.873/16","302805_4.0001.873/17","302805_4.0001.873/18","302805_4.0001.873/19","302805_4.0001.873/20","302805_4.0001.873/21","302805_4.0001.873/22","302805_4.0001.873/23","302805_4.0001.873/24","302805_4.0001.873/25","302805_4.0001.873/26","302805_4.0001.873/27","302805_4.0001.873/28","302805_4.0001.873/29","302805_4.0001.873/30","302805_4.0001.873/31","302805_4.0001.873/32","302805_4.0001.873/33","302805_4.0001.873/34","302805_4.0001.873/35","302805_4.0001.873/36","302805_4.0001.873/37","302805_4.0001.873/38","302805_4.0001.873/39","302805_4.0001.873/40","302805_4.0001.873/41","302805_4.0001.873/42","302805_4.0001.873/43","302805_4.0001.873/44","302805_4.0001.873/45","302805_4.0001.873/46","302805_4.0001.873/47","302805_4.0001.873/48","302805_4.0001.873/49","302805_4.0001.873/50","302805_4.0001.873/51","302805_4.0001.873/52","302805_4.0001.873/53","302805_4.0001.873/54","302805_4.0001.873/55","302805_4.0001.873/56","302805_4.0001.873/57","302805_4.0001.873/58","302805_4.0001.873/59","302805_4.0001.873/60","302805_4.0001.873/61","302805_4.0001.873/62","302805_4.0001.873/9","302805_4.0001.882/11","302805_4.0001.883","302805_5.0018.41"],"location_quality":"dokładny","gunb_url":"https://wyszukiwarka.gunb.gov.pl/","parcel_count":54,"parcel_shard":"x068-y210","parcel_id":"302805_4.0001.873/62","location_source":"powiat wągrowiecki (wfs)"}},{"type":"Feature","id":"ST-WK-WA/ZGŁOSZENIE/2746/2025::302805_4.0001.873/9","geometry":{"type":"Polygon","coordinates":[[[17.1842356412722,52.6724026925499],[17.1841915971696,52.6724058854509],[17.1840548755426,52.6722777026138],[17.1837571720035,52.6723950396558],[17.183462088264,52.6725113424902],[17.1836425440807,52.6726814742282],[17.1842273720671,52.6726378862966],[17.1842356412722,52.6724026925499]]]},"properties":{"case_id":"ST-WK-WA/ZGŁOSZENIE/2746/2025","source_type":"zgloszenie","received_date":"2025-09-01","decision_date":null,"status":"Brak sprzeciwu","description":"budowa sieci elektroenergetycznej w celu zasilania w energie elektryczną 48 budynków mieszkalnych w m. Skoki, ul. Antoniewska","address":"Skoki","city":"Skoki","office":"Starosta Powiatu Wągrowiec","case_kind":"budowa nowego/nowych obiektów budowlanych","parcel_ids":["302805_4.0001.873/10","302805_4.0001.873/11","302805_4.0001.873/12","302805_4.0001.873/13","302805_4.0001.873/14","302805_4.0001.873/15","302805_4.0001.873/16","302805_4.0001.873/17","302805_4.0001.873/18","302805_4.0001.873/19","302805_4.0001.873/20","302805_4.0001.873/21","302805_4.0001.873/22","302805_4.0001.873/23","302805_4.0001.873/24","302805_4.0001.873/25","302805_4.0001.873/26","302805_4.0001.873/27","302805_4.0001.873/28","302805_4.0001.873/29","302805_4.0001.873/30","302805_4.0001.873/31","302805_4.0001.873/32","302805_4.0001.873/33","302805_4.0001.873/34","302805_4.0001.873/35","302805_4.0001.873/36","302805_4.0001.873/37","302805_4.0001.873/38","302805_4.0001.873/39","302805_4.0001.873/40","302805_4.0001.873/41","302805_4.0001.873/42","302805_4.0001.873/43","302805_4.0001.873/44","302805_4.0001.873/45","302805_4.0001.873/46","302805_4.0001.873/47","302805_4.0001.873/48","302805_4.0001.873/49","302805_4.0001.873/50","302805_4.0001.873/51","302805_4.0001.873/52","302805_4.0001.873/53","302805_4.0001.873/54","302805_4.0001.873/55","302805_4.0001.873/56","302805_4.0001.873/57","302805_4.0001.873/58","302805_4.0001.873/59","302805_4.0001.873/60","302805_4.0001.873/61","302805_4.0001.873/62","302805_4.0001.873/9","302805_4.0001.882/11","302805_4.0001.883","302805_5.0018.41"],"location_quality":"dokładny","gunb_url":"https://wyszukiwarka.gunb.gov.pl/","parcel_count":54,"parcel_shard":"x068-y210","parcel_id":"302805_4.0001.873/9","location_source":"powiat wągrowiecki (wfs)"}},{"type":"Feature","id":"ST-WK-WA/ZGŁOSZENIE/2746/2025::302805_4.0001.882/11","geometry":{"type":"Polygon","coordinates":[[[17.1819309954648,52.6693330419676],[17.1821218490597,52.669512990135],[17.1836671046099,52.6692601454864],[17.1846501997276,52.6687767648092],[17.1844592424519,52.66863534843],[17.1844147413181,52.6687156939825],[17.1835620940161,52.669134939482],[17.1821073588525,52.669372967316],[17.1819309954648,52.6693330419676]]]},"properties":{"case_id":"ST-WK-WA/ZGŁOSZENIE/2746/2025","source_type":"zgloszenie","received_date":"2025-09-01","decision_date":null,"status":"Brak sprzeciwu","description":"budowa sieci elektroenergetycznej w celu zasilania w energie elektryczną 48 budynków mieszkalnych w m. Skoki, ul. Antoniewska","address":"Skoki","city":"Skoki","office":"Starosta Powiatu Wągrowiec","case_kind":"budowa nowego/nowych obiektów budowlanych","parcel_ids":["302805_4.0001.873/10","302805_4.0001.873/11","302805_4.0001.873/12","302805_4.0001.873/13","302805_4.0001.873/14","302805_4.0001.873/15","302805_4.0001.873/16","302805_4.0001.873/17","302805_4.0001.873/18","302805_4.0001.873/19","302805_4.0001.873/20","302805_4.0001.873/21","302805_4.0001.873/22","302805_4.0001.873/23","302805_4.0001.873/24","302805_4.0001.873/25","302805_4.0001.873/26","302805_4.0001.873/27","302805_4.0001.873/28","302805_4.0001.873/29","302805_4.0001.873/30","302805_4.0001.873/31","302805_4.0001.873/32","302805_4.0001.873/33","302805_4.0001.873/34","302805_4.0001.873/35","302805_4.0001.873/36","302805_4.0001.873/37","302805_4.0001.873/38","302805_4.0001.873/39","302805_4.0001.873/40","302805_4.0001.873/41","302805_4.0001.873/42","302805_4.0001.873/43","302805_4.0001.873/44","302805_4.0001.873/45","302805_4.0001.873/46","302805_4.0001.873/47","302805_4.0001.873/48","302805_4.0001.873/49","302805_4.0001.873/50","302805_4.0001.873/51","302805_4.0001.873/52","302805_4.0001.873/53","302805_4.0001.873/54","302805_4.0001.873/55","302805_4.0001.873/56","302805_4.0001.873/57","302805_4.0001.873/58","302805_4.0001.873/59","302805_4.0001.873/60","302805_4.0001.873/61","302805_4.0001.873/62","302805_4.0001.873/9","302805_4.0001.882/11","302805_4.0001.883","302805_5.0018.41"],"location_quality":"dokładny","gunb_url":"https://wyszukiwarka.gunb.gov.pl/","parcel_count":54,"parcel_shard":"x068-y210","parcel_id":"302805_4.0001.882/11","location_source":"powiat wągrowiecki (wfs)"}},{"type":"Feature","id":"ST-WK-WA/ZGŁOSZENIE/2746/2025::302805_4.0001.883","geometry":{"type":"Polygon","coordinates":[[[17.1890179470117,52.6721843242969],[17.1888985271496,52.6721192069981],[17.1883628642546,52.6718176880036],[17.1879797006702,52.671648997147],[17.1877841869417,52.6714581717208],[17.1874464741127,52.670822756293],[17.1874260466129,52.670781991433],[17.1873054418164,52.6706149496161],[17.1870957076443,52.6703464147438],[17.186958056799,52.6701978152288],[17.1868062396974,52.6700293897278],[17.1864071357112,52.6697571974773],[17.1859764743947,52.6695016775885],[17.1856126636379,52.6693227933996],[17.1852162370994,52.6691555511429],[17.1849627654365,52.6689905107002],[17.1848388558999,52.668872235206],[17.1847667044588,52.6688033638989],[17.1843797064031,52.6685211698459],[17.183378319492,52.6680072234333],[17.1821612034672,52.6670885055503],[17.1816410162556,52.6667595967652],[17.1807948040554,52.6661169320185],[17.1807690328573,52.6660683554647],[17.1806473718996,52.6661009811293],[17.1807360427008,52.6661331968018],[17.1810549866234,52.6663766883327],[17.1815948525139,52.6667841100695],[17.182115565243,52.6671122400437],[17.1828973035007,52.6676881043831],[17.1831234662974,52.6678661324851],[17.1833383655358,52.6680366290299],[17.1833524324908,52.6680424483329],[17.1836404060529,52.6681897365652],[17.1839288463564,52.6683351086636],[17.1843415351687,52.668548187887],[17.1844592424519,52.66863534843],[17.1846501997276,52.6687767648092],[17.1847080887229,52.6688196304389],[17.1849097761785,52.6690090151175],[17.1851804412996,52.6691849919791],[17.1855845756661,52.6693571646913],[17.1859344631445,52.6695294209921],[17.1863668926529,52.6697835902962],[17.1867443622457,52.6700435955315],[17.1870416707001,52.6703620461052],[17.1872519951778,52.6706304004057],[17.1873105786599,52.6707095657965],[17.1873669700988,52.6707945756003],[17.1873744401482,52.6708128955472],[17.1873916983788,52.6708385686868],[17.1877249502,52.6714680604616],[17.187939425559,52.6717023488683],[17.1883286784901,52.6718775001584],[17.1887616953407,52.6721217741838],[17.1890157182407,52.6722395834923],[17.1890179470117,52.6721843242969]]]},"properties":{"case_id":"ST-WK-WA/ZGŁOSZENIE/2746/2025","source_type":"zgloszenie","received_date":"2025-09-01","decision_date":null,"status":"Brak sprzeciwu","description":"budowa sieci elektroenergetycznej w celu zasilania w energie elektryczną 48 budynków mieszkalnych w m. Skoki, ul. Antoniewska","address":"Skoki","city":"Skoki","office":"Starosta Powiatu Wągrowiec","case_kind":"budowa nowego/nowych obiektów budowlanych","parcel_ids":["302805_4.0001.873/10","302805_4.0001.873/11","302805_4.0001.873/12","302805_4.0001.873/13","302805_4.0001.873/14","302805_4.0001.873/15","302805_4.0001.873/16","302805_4.0001.873/17","302805_4.0001.873/18","302805_4.0001.873/19","302805_4.0001.873/20","302805_4.0001.873/21","302805_4.0001.873/22","302805_4.0001.873/23","302805_4.0001.873/24","302805_4.0001.873/25","302805_4.0001.873/26","302805_4.0001.873/27","302805_4.0001.873/28","302805_4.0001.873/29","302805_4.0001.873/30","302805_4.0001.873/31","302805_4.0001.873/32","302805_4.0001.873/33","302805_4.0001.873/34","302805_4.0001.873/35","302805_4.0001.873/36","302805_4.0001.873/37","302805_4.0001.873/38","302805_4.0001.873/39","302805_4.0001.873/40","302805_4.0001.873/41","302805_4.0001.873/42","302805_4.0001.873/43","302805_4.0001.873/44","302805_4.0001.873/45","302805_4.0001.873/46","302805_4.0001.873/47","302805_4.0001.873/48","302805_4.0001.873/49","302805_4.0001.873/50","302805_4.0001.873/51","302805_4.0001.873/52","302805_4.0001.873/53","302805_4.0001.873/54","302805_4.0001.873/55","302805_4.0001.873/56","302805_4.0001.873/57","302805_4.0001.873/58","302805_4.0001.873/59","302805_4.0001.873/60","302805_4.0001.873/61","302805_4.0001.873/62","302805_4.0001.873/9","302805_4.0001.882/11","302805_4.0001.883","302805_5.0018.41"],"location_quality":"dokładny","gunb_url":"https://wyszukiwarka.gunb.gov.pl/","parcel_count":54,"parcel_shard":"x068-y210","parcel_id":"302805_4.0001.883","location_source":"powiat wągrowiecki (wfs)"}},{"type":"Feature","id":"ST-WK-WA/ZGŁOSZENIE/2746/2025::302805_5.0018.41","geometry":{"type":"Polygon","coordinates":[[[17.1914184734621,52.6733547081355],[17.1914766162148,52.6733037604147],[17.1890179470117,52.6721843242969],[17.1890157182407,52.6722395834923],[17.1914184734621,52.6733547081355]]]},"properties":{"case_id":"ST-WK-WA/ZGŁOSZENIE/2746/2025","source_type":"zgloszenie","received_date":"2025-09-01","decision_date":null,"status":"Brak sprzeciwu","description":"budowa sieci elektroenergetycznej w celu zasilania w energie elektryczną 48 budynków mieszkalnych w m. Skoki, ul. Antoniewska","address":"Skoki","city":"Skoki","office":"Starosta Powiatu Wągrowiec","case_kind":"budowa nowego/nowych obiektów budowlanych","parcel_ids":["302805_4.0001.873/10","302805_4.0001.873/11","302805_4.0001.873/12","302805_4.0001.873/13","302805_4.0001.873/14","302805_4.0001.873/15","302805_4.0001.873/16","302805_4.0001.873/17","302805_4.0001.873/18","302805_4.0001.873/19","302805_4.0001.873/20","302805_4.0001.873/21","302805_4.0001.873/22","302805_4.0001.873/23","302805_4.0001.873/24","302805_4.0001.873/25","302805_4.0001.873/26","302805_4.0001.873/27","302805_4.0001.873/28","302805_4.0001.873/29","302805_4.0001.873/30","302805_4.0001.873/31","302805_4.0001.873/32","302805_4.0001.873/33","302805_4.0001.873/34","302805_4.0001.873/35","302805_4.0001.873/36","302805_4.0001.873/37","302805_4.0001.873/38","302805_4.0001.873/39","302805_4.0001.873/40","302805_4.0001.873/41","302805_4.0001.873/42","302805_4.0001.873/43","302805_4.0001.873/44","302805_4.0001.873/45","302805_4.0001.873/46","302805_4.0001.873/47","302805_4.0001.873/48","302805_4.0001.873/49","302805_4.0001.873/50","302805_4.0001.873/51","302805_4.0001.873/52","302805_4.0001.873/53","302805_4.0001.873/54","302805_4.0001.873/55","302805_4.0001.873/56","302805_4.0001.873/57","302805_4.0001.873/58","302805_4.0001.873/59","302805_4.0001.873/60","302805_4.0001.873/61","302805_4.0001.873/62","302805_4.0001.873/9","302805_4.0001.882/11","302805_4.0001.883","302805_5.0018.41"],"location_quality":"dokładny","gunb_url":"https://wyszukiwarka.gunb.gov.pl/","parcel_count":54,"parcel_shard":"x068-y210","parcel_id":"302805_5.0018.41","location_source":"powiat wągrowiecki (wfs)"}},{"type":"Feature","id":"ST-WK-WA/WNIOSEK/24484/2025::302805_4.0001.873/21","geometry":{"type":"Polygon","coordinates":[[[17.1827270237964,52.6717353844674],[17.1829433457206,52.671939341043],[17.1833538684105,52.6717784402481],[17.1832445989228,52.6716760053826],[17.1831366963778,52.6715748200769],[17.1827270237964,52.6717353844674]]]},"properties":{"case_id":"ST-WK-WA/WNIOSEK/24484/2025","source_type":"wniosek_decyzja","received_date":"2025-12-02","decision_date":"2026-04-09","status":"decyzja wydana","description":"budynek mieszkalny jednorodzinny","address":"Skoki","city":"Skoki","office":"Starosta Powiatu Wągrowiec","case_kind":"Budynek mieszkalny jednorodzinny","parcel_ids":["302805_4.0001.873/21"],"location_quality":"dokładny","gunb_url":"https://wyszukiwarka.gunb.gov.pl/","parcel_count":1,"parcel_shard":"x068-y210","parcel_id":"302805_4.0001.873/21","location_source":"powiat wągrowiecki (wfs)"}},{"type":"Feature","id":"ST-WK-WA/ZGŁOSZENIE/489/2026::302805_4.0001.873/42","geometry":{"type":"Polygon","coordinates":[[[17.1825096338169,52.6698786073921],[17.1820331950202,52.6698840469255],[17.1816906529329,52.6698879555477],[17.1816690360976,52.6702449784076],[17.1816838140165,52.6702453051209],[17.1817593006039,52.6702200148354],[17.1819247532565,52.6702237183148],[17.1819206653751,52.6702914001929],[17.1820728041132,52.6702314356193],[17.1823118288104,52.670038384662],[17.1825096338169,52.6698786073921]]]},"properties":{"case_id":"ST-WK-WA/ZGŁOSZENIE/489/2026","source_type":"zgloszenie","received_date":"2026-02-17","decision_date":null,"status":"Brak sprzeciwu","description":"budowa budynku mieszkalnego jednorodzinnego","address":"Skoki","city":"Skoki","office":"Starosta Powiatu Wągrowiec","case_kind":"budowa nowego/nowych obiektów budowlanych","parcel_ids":["302805_4.0001.873/42"],"location_quality":"dokładny","gunb_url":"https://wyszukiwarka.gunb.gov.pl/","parcel_count":1,"parcel_shard":"x068-y210","parcel_id":"302805_4.0001.873/42","location_source":"powiat wągrowiecki (wfs)"}},{"type":"Feature","id":"ST-WK-WA/WNIOSEK/8784/2026::302805_4.0001.873/44","geometry":{"type":"Polygon","coordinates":[[[17.1808096359634,52.6694769030692],[17.1809518820913,52.6698676371539],[17.1812228644654,52.6698750995399],[17.1812358102813,52.6694886194637],[17.1808096359634,52.6694769030692]]]},"properties":{"case_id":"ST-WK-WA/WNIOSEK/8784/2026","source_type":"wniosek_decyzja","received_date":"2026-05-07","decision_date":"2026-07-10","status":"decyzja wydana","description":"budynek mieszkalno-usługowy wraz z niezbędną infrastrukturą techniczną","address":"Skoki","city":"Skoki","office":"Starosta Powiatu Wągrowiec","case_kind":"Budynek mieszkalny jednorodzinny","parcel_ids":["302805_4.0001.873/44"],"location_quality":"dokładny","gunb_url":"https://wyszukiwarka.gunb.gov.pl/","parcel_count":1,"parcel_shard":"x068-y210","parcel_id":"302805_4.0001.873/44","location_source":"powiat wągrowiecki (wfs)"}},{"type":"Feature","id":"ST-WK-WA/WNIOSEK/7658/2026::302805_4.0001.873/53","geometry":{"type":"Polygon","coordinates":[[[17.1832695658998,52.6727092726995],[17.1828964176365,52.6723594418747],[17.1826111322951,52.6724718827101],[17.1828939999043,52.6727370701327],[17.1831166406385,52.6727206661998],[17.1832695658998,52.6727092726995]]]},"properties":{"case_id":"ST-WK-WA/WNIOSEK/7658/2026","source_type":"wniosek_decyzja","received_date":"2026-04-23","decision_date":"2026-06-15","status":"decyzja wydana","description":"budowa budynku mieszkalnego jednorodzinnego","address":"Skoki","city":"Skoki","office":"Starosta Powiatu Wągrowiec","case_kind":"Budynek mieszkalny jednorodzinny","parcel_ids":["302805_4.0001.873/53"],"location_quality":"dokładny","gunb_url":"https://wyszukiwarka.gunb.gov.pl/","parcel_count":1,"parcel_shard":"x068-y210","parcel_id":"302805_4.0001.873/53","location_source":"powiat wągrowiecki (wfs)"}},{"type":"Feature","id":"ST-WK-WA/WNIOSEK/8798/2026::302805_4.0001.873/55","geometry":{"type":"Polygon","coordinates":[[[17.1820630321144,52.6725272467897],[17.1821651088878,52.6725405692905],[17.1824131897717,52.6724427917591],[17.182147792635,52.6721939637051],[17.1818380647341,52.6723160391324],[17.1820630321144,52.6725272467897]]]},"properties":{"case_id":"ST-WK-WA/WNIOSEK/8798/2026","source_type":"wniosek_decyzja","received_date":"2026-05-08","decision_date":"2026-07-14","status":"decyzja wydana","description":"budowa budynku mieszkalnego jednorodzinnego","address":"Skoki","city":"Skoki","office":"Starosta Powiatu Wągrowiec","case_kind":"Budynek mieszkalny jednorodzinny","parcel_ids":["302805_4.0001.873/55"],"location_quality":"dokładny","gunb_url":"https://wyszukiwarka.gunb.gov.pl/","parcel_count":1,"parcel_shard":"x068-y210","parcel_id":"302805_4.0001.873/55","location_source":"powiat wągrowiecki (wfs)"}},{"type":"Feature","id":"ST-WK-WA/WNIOSEK/10833/2026::302805_4.0001.897","geometry":{"type":"Polygon","coordinates":[[[17.1407528944898,52.6723816029653],[17.1414499041656,52.6723695001406],[17.1419587536419,52.6718425504221],[17.1418167553415,52.6713150494255],[17.1409539185825,52.6712777142624],[17.1408669425732,52.6717662209093],[17.1407528944898,52.6723816029653]]]},"properties":{"case_id":"ST-WK-WA/WNIOSEK/10833/2026","source_type":"wniosek_decyzja","received_date":"2026-06-08","decision_date":"2026-07-15","status":"decyzja wydana","description":"budowa myjni bezdotykowej z wolnostojacym stanowiskiem do odkurzania i niezbędną infrastruktura techniczna ( etap I )","address":"Rogozińska, Skoki","city":"Skoki","office":"Starosta Powiatu Wągrowiec","case_kind":"Obiekt budowlany inny niż budynek mieszkalny jednorodzinny","parcel_ids":["302805_4.0001.897"],"location_quality":"dokładny","gunb_url":"https://wyszukiwarka.gunb.gov.pl/","parcel_count":1,"parcel_shard":"x068-y210","parcel_id":"302805_4.0001.897","location_source":"powiat wągrowiecki (wfs)"}},{"type":"Feature","id":"ST-WK-WA/WNIOSEK/6852/2026::302805_5.0001.268","geometry":{"type":"Polygon","coordinates":[[[17.2248273882179,52.6302108466459],[17.225166642282,52.6303201340124],[17.2263788951886,52.6307026139668],[17.2273528420389,52.6310098918454],[17.2274156989811,52.6309314539135],[17.2260441656487,52.630501417425],[17.2239772388096,52.6298405698082],[17.2213550956337,52.6290313060709],[17.2212339402934,52.6290001181504],[17.221138305027,52.6290413719037],[17.2213155454816,52.6291057061847],[17.2217907200655,52.6292497991556],[17.2229730654883,52.6296145183105],[17.2248273882179,52.6302108466459]]]},"properties":{"case_id":"ST-WK-WA/WNIOSEK/6852/2026","source_type":"wniosek_decyzja","received_date":"2026-04-10","decision_date":"2026-05-18","status":"decyzja wydana","description":"budowa sieci elektroenergetycznej kablowej 15 kV, słupy sieci elektroenergetycznej napowietrznej SN 15kV - zatwierdzenie projektu zamiennego","address":"Stawiany","city":"Stawiany","office":"Starosta Powiatu Wągrowiec","case_kind":"Obiekt budowlany inny niż budynek mieszkalny jednorodzinny","parcel_ids":["302805_5.0001.268","302805_5.0002.82","302805_5.0023.2"],"location_quality":"dokładny","gunb_url":"https://wyszukiwarka.gunb.gov.pl/","parcel_count":3,"parcel_shard":"x068-y210","parcel_id":"302805_5.0001.268","location_source":"powiat wągrowiecki (wfs)"}},{"type":"Feature","id":"ST-WK-WA/WNIOSEK/6852/2026::302805_5.0002.82","geometry":{"type":"Polygon","coordinates":[[[17.2177614237437,52.6270071717338],[17.2175790442997,52.6270695345478],[17.219193278829,52.6279701019728],[17.221138305027,52.6290413719037],[17.2212339402934,52.6290001181504],[17.2193224183337,52.6278718331733],[17.2177614237437,52.6270071717338]]]},"properties":{"case_id":"ST-WK-WA/WNIOSEK/6852/2026","source_type":"wniosek_decyzja","received_date":"2026-04-10","decision_date":"2026-05-18","status":"decyzja wydana","description":"budowa sieci elektroenergetycznej kablowej 15 kV, słupy sieci elektroenergetycznej napowietrznej SN 15kV - zatwierdzenie projektu zamiennego","address":"Stawiany","city":"Stawiany","office":"Starosta Powiatu Wągrowiec","case_kind":"Obiekt budowlany inny niż budynek mieszkalny jednorodzinny","parcel_ids":["302805_5.0001.268","302805_5.0002.82","302805_5.0023.2"],"location_quality":"dokładny","gunb_url":"https://wyszukiwarka.gunb.gov.pl/","parcel_count":3,"parcel_shard":"x068-y210","parcel_id":"302805_5.0002.82","location_source":"powiat wągrowiecki (wfs)"}},{"type":"Feature","id":"ST-WK-WA/WNIOSEK/6852/2026::302805_5.0023.2","geometry":{"type":"Polygon","coordinates":[[[17.2076237016505,52.6186106664194],[17.2073904504307,52.6186896372057],[17.2075492961473,52.6187220887532],[17.2079587114242,52.6190076769871],[17.2102074795481,52.6205674797373],[17.2109818742601,52.6211636905583],[17.2175790442997,52.6270695345478],[17.2177614237437,52.6270071717338],[17.2172805404614,52.6265604453364],[17.2111235208529,52.6210964178368],[17.210359834195,52.6204801639639],[17.2081059841681,52.6189503026063],[17.2076237016505,52.6186106664194]]]},"properties":{"case_id":"ST-WK-WA/WNIOSEK/6852/2026","source_type":"wniosek_decyzja","received_date":"2026-04-10","decision_date":"2026-05-18","status":"decyzja wydana","description":"budowa sieci elektroenergetycznej kablowej 15 kV, słupy sieci elektroenergetycznej napowietrznej SN 15kV - zatwierdzenie projektu zamiennego","address":"Stawiany","city":"Stawiany","office":"Starosta Powiatu Wągrowiec","case_kind":"Obiekt budowlany inny niż budynek mieszkalny jednorodzinny","parcel_ids":["302805_5.0001.268","302805_5.0002.82","302805_5.0023.2"],"location_quality":"dokładny","gunb_url":"https://wyszukiwarka.gunb.gov.pl/","parcel_count":3,"parcel_shard":"x068-y210","parcel_id":"302805_5.0023.2","location_source":"powiat wągrowiecki (wfs)"}},{"type":"Feature","id":"ST-WK-WA/ZGŁOSZENIE/1963/2026::302805_5.0004.48/21","geometry":{"type":"Polygon","coordinates":[[[17.061680835538,52.6727836931371],[17.0617539351033,52.6729947553844],[17.062082175728,52.6729527760934],[17.0621229388396,52.672920294859],[17.0621039577358,52.6727296130026],[17.061680835538,52.6727836931371]]]},"properties":{"case_id":"ST-WK-WA/ZGŁOSZENIE/1963/2026","source_type":"zgloszenie","received_date":"2026-06-17","decision_date":null,"status":"Brak sprzeciwu","description":"budynek mieszkalny jednorodzinny","address":"Budziszewice","city":"Budziszewice","office":"Starosta Powiatu Wągrowiec","case_kind":"budowa nowego/nowych obiektów budowlanych","parcel_ids":["302805_5.0004.48/21"],"location_quality":"dokładny","gunb_url":"https://wyszukiwarka.gunb.gov.pl/","parcel_count":1,"parcel_shard":"x068-y210","parcel_id":"302805_5.0004.48/21","location_source":"powiat wągrowiecki (wfs)"}},{"type":"Feature","id":"ST-WK-WA/ZGŁOSZENIE/1643/2026::302805_5.0004.59/11","geometry":{"type":"Polygon","coordinates":[[[17.0693323171711,52.6675469715879],[17.0689141545889,52.6675304758099],[17.0687526863675,52.6675105854125],[17.0685004213037,52.6674795019594],[17.068596445228,52.6675869364226],[17.0688163567499,52.6678332999917],[17.0693323171711,52.6675469715879]]]},"properties":{"case_id":"ST-WK-WA/ZGŁOSZENIE/1643/2026","source_type":"zgloszenie","received_date":"2026-05-25","decision_date":null,"status":"Brak sprzeciwu","description":"budowa budynku mieszkalnego jednorodzinnego","address":"Budziszewice","city":"Budziszewice","office":"Starosta Powiatu Wągrowiec","case_kind":"budowa nowego/nowych obiektów budowlanych","parcel_ids":["302805_5.0004.59/11"],"location_quality":"dokładny","gunb_url":"https://wyszukiwarka.gunb.gov.pl/","parcel_count":1,"parcel_shard":"x068-y210","parcel_id":"302805_5.0004.59/11","location_source":"powiat wągrowiecki (wfs)"}},{"type":"Feature","id":"ST-WK-WA/WNIOSEK/7005/2026::302805_5.0004.59/14","geometry":{"type":"Polygon","coordinates":[[[17.0693143409442,52.6675024329412],[17.0691703840852,52.6671670180785],[17.068712979228,52.6672393768266],[17.0688106776741,52.6674676231944],[17.0693143409442,52.6675024329412]]]},"properties":{"case_id":"ST-WK-WA/WNIOSEK/7005/2026","source_type":"wniosek_decyzja","received_date":"2026-04-14","decision_date":"2026-06-15","status":"decyzja wydana","description":"budowa budynku mieszkalnego jednorodzinnego","address":"Budziszewice","city":"Budziszewice","office":"Starosta Powiatu Wągrowiec","case_kind":"Budynek mieszkalny jednorodzinny","parcel_ids":["302805_5.0004.59/14"],"location_quality":"dokładny","gunb_url":"https://wyszukiwarka.gunb.gov.pl/","parcel_count":1,"parcel_shard":"x068-y210","parcel_id":"302805_5.0004.59/14","location_source":"powiat wągrowiecki (wfs)"}},{"type":"Feature","id":"ST-WK-WA/WNIOSEK/3999/2026::302805_5.0007.91/15","geometry":{"type":"Polygon","coordinates":[[[17.1170449106666,52.7134386236166],[17.1169464084674,52.7131573082502],[17.1165121206735,52.7132133889507],[17.1165325452337,52.7132718683631],[17.116610472232,52.7134947035613],[17.1170449106666,52.7134386236166]]]},"properties":{"case_id":"ST-WK-WA/WNIOSEK/3999/2026","source_type":"wniosek_decyzja","received_date":"2026-03-04","decision_date":"2026-04-27","status":"decyzja wydana","description":"budowa budynku mieszkalnego jednorodzinnego","address":"Grzybowo","city":"Grzybowo","office":"Starosta Powiatu Wągrowiec","case_kind":"Budynek mieszkalny jednorodzinny","parcel_ids":["302805_5.0007.91/15"],"location_quality":"dokładny","gunb_url":"https://wyszukiwarka.gunb.gov.pl/","parcel_count":1,"parcel_shard":"x068-y210","parcel_id":"302805_5.0007.91/15","location_source":"powiat wągrowiecki (wfs)"}},{"type":"Feature","id":"ST-WK-WA/WNIOSEK/8049/2026::302805_5.0007.95/74","geometry":{"type":"Polygon","coordinates":[[[17.1083490636066,52.7116031462867],[17.108673319459,52.7116204762392],[17.1087472787024,52.7111983424532],[17.1084226067697,52.711183530569],[17.1083490636066,52.7116031462867]]]},"properties":{"case_id":"ST-WK-WA/WNIOSEK/8049/2026","source_type":"wniosek_decyzja","received_date":"2026-04-28","decision_date":"2026-07-01","status":"decyzja wydana","description":"budowa budynku letniskowego","address":"Grzybowo","city":"Grzybowo","office":"Starosta Powiatu Wągrowiec","case_kind":"Obiekt budowlany inny niż budynek mieszkalny jednorodzinny","parcel_ids":["302805_5.0007.95/74"],"location_quality":"dokładny","gunb_url":"https://wyszukiwarka.gunb.gov.pl/","parcel_count":1,"parcel_shard":"x068-y210","parcel_id":"302805_5.0007.95/74","location_source":"powiat wągrowiecki (wfs)"}},{"type":"Feature","id":"ST-WK-WA/WNIOSEK/235/2026::302805_5.0012.135/2","geometry":{"type":"Polygon","coordinates":[[[17.127160424832,52.7031633462078],[17.1281923166261,52.7032412727495],[17.128042972445,52.7030351156159],[17.1279550587697,52.7029535021594],[17.127880209534,52.7028829092937],[17.1277960737655,52.7028065765467],[17.1275247408637,52.7026070025197],[17.1272868376427,52.7025876904629],[17.127160424832,52.7031633462078]]]},"properties":{"case_id":"ST-WK-WA/WNIOSEK/235/2026","source_type":"wniosek_decyzja","received_date":"2026-01-05","decision_date":"2026-03-31","status":"decyzja wydana","description":"budynek mieszkalny jednorodzinny","address":"Lechlin","city":"Lechlin","office":"Starosta Powiatu Wągrowiec","case_kind":"Budynek mieszkalny jednorodzinny","parcel_ids":["302805_5.0012.135/2"],"location_quality":"dokładny","gunb_url":"https://wyszukiwarka.gunb.gov.pl/","parcel_count":1,"parcel_shard":"x068-y210","parcel_id":"302805_5.0012.135/2","location_source":"powiat wągrowiecki (wfs)"}},{"type":"Feature","id":"ST-WK-WA/WNIOSEK/198/2026::302805_5.0012.135/3","geometry":{"type":"Polygon","coordinates":[[[17.1273635718135,52.7024760673669],[17.1273322716624,52.702442746843],[17.1273049205149,52.7023944552085],[17.1272854755558,52.7017911938636],[17.1268121587218,52.7017528292702],[17.1266598393675,52.7024461706191],[17.1273323351537,52.7025007680973],[17.1273635718135,52.7024760673669]]]},"properties":{"case_id":"ST-WK-WA/WNIOSEK/198/2026","source_type":"wniosek_decyzja","received_date":"2026-01-05","decision_date":"2026-04-03","status":"decyzja wydana","description":"budowa budynku mieszkalnego jednorodzinnego","address":"Lechlin","city":"Lechlin","office":"Starosta Powiatu Wągrowiec","case_kind":"Budynek mieszkalny jednorodzinny","parcel_ids":["302805_5.0012.135/3"],"location_quality":"dokładny","gunb_url":"https://wyszukiwarka.gunb.gov.pl/","parcel_count":1,"parcel_shard":"x068-y210","parcel_id":"302805_5.0012.135/3","location_source":"powiat wągrowiecki (wfs)"}},{"type":"Feature","id":"ST-WK-WA/WNIOSEK/200/2026::302805_5.0012.149/6","geometry":{"type":"Polygon","coordinates":[[[17.1274935510154,52.7009965622078],[17.1274335349175,52.7013516294541],[17.1285319347263,52.7014419777376],[17.1286107301533,52.7010884410202],[17.1274935510154,52.7009965622078]]]},"properties":{"case_id":"ST-WK-WA/WNIOSEK/200/2026","source_type":"wniosek_decyzja","received_date":"2026-01-05","decision_date":"2026-04-09","status":"decyzja wydana","description":"budynek mieszkalny jednorodzinny","address":"Lechlin","city":"Lechlin","office":"Starosta Powiatu Wągrowiec","case_kind":"Budynek mieszkalny jednorodzinny","parcel_ids":["302805_5.0012.149/6"],"location_quality":"dokładny","gunb_url":"https://wyszukiwarka.gunb.gov.pl/","parcel_count":1,"parcel_shard":"x068-y210","parcel_id":"302805_5.0012.149/6","location_source":"powiat wągrowiecki (wfs)"}},{"type":"Feature","id":"ST-WK-WA/WNIOSEK/21753/2025::302805_5.0012.167/2","geometry":{"type":"Polygon","coordinates":[[[17.1489907170548,52.7066517414202],[17.1494902579608,52.7066052669696],[17.149281326675,52.7062252256634],[17.1490340973617,52.7058745669661],[17.148714851193,52.7054916657128],[17.1480526224076,52.7047505869425],[17.1474260512147,52.70496308017],[17.147215273663,52.7050441993135],[17.147606385009,52.7052856996524],[17.1476989360225,52.7054321512282],[17.148051390124,52.7053250400421],[17.1488115964295,52.7062454907676],[17.1489907170548,52.7066517414202]]]},"properties":{"case_id":"ST-WK-WA/WNIOSEK/21753/2025","source_type":"wniosek_decyzja","received_date":"2025-10-23","decision_date":"2025-12-31","status":"decyzja wydana","description":"budowa wiaty rekreacyjnej","address":"Lechlin","city":"Lechlin","office":"Starosta Powiatu Wągrowiec","case_kind":"Obiekt budowlany inny niż budynek mieszkalny jednorodzinny","parcel_ids":["302805_5.0012.167/2"],"location_quality":"dokładny","gunb_url":"https://wyszukiwarka.gunb.gov.pl/","parcel_count":1,"parcel_shard":"x068-y210","parcel_id":"302805_5.0012.167/2","location_source":"powiat wągrowiecki (wfs)"}},{"type":"Feature","id":"ST-WK-WA/WNIOSEK/26408/2025::302805_5.0012.257/1","geometry":{"type":"Polygon","coordinates":[[[17.1478151800861,52.7101739328807],[17.1483839990073,52.7108274370369],[17.1487901306022,52.7107168446388],[17.1482377762485,52.7100534848843],[17.1478151800861,52.7101739328807]]]},"properties":{"case_id":"ST-WK-WA/WNIOSEK/26408/2025","source_type":"wniosek_decyzja","received_date":"2025-12-30","decision_date":"2026-02-04","status":"decyzja wydana","description":"budowa zewnętrznej i wewnętrznej instalacji gazowej dla budynku mieszkalnego jednorodzinnego wraz z instalacja zbiornikowa na gaz płynny propan z pojedyńczym zbiornikiem podziemnym","address":"Lechlin","city":"Lechlin","office":"Starosta Powiatu Wągrowiec","case_kind":"Budynek mieszkalny jednorodzinny","parcel_ids":["302805_5.0012.257/1"],"location_quality":"dokładny","gunb_url":"https://wyszukiwarka.gunb.gov.pl/","parcel_count":1,"parcel_shard":"x068-y210","parcel_id":"302805_5.0012.257/1","location_source":"powiat wągrowiecki (wfs)"}},{"type":"Feature","id":"ST-WK-WA/ZGŁOSZENIE/3111/2025::302805_5.0012.95/18","geometry":{"type":"Polygon","coordinates":[[[17.1765305238197,52.7186152330352],[17.1766938100516,52.7188725919571],[17.1770948736698,52.7187787564637],[17.1770512727711,52.7184934767684],[17.1768343811383,52.71854418696],[17.1765305238197,52.7186152330352]]]},"properties":{"case_id":"ST-WK-WA/ZGŁOSZENIE/3111/2025","source_type":"zgloszenie","received_date":"2025-10-01","decision_date":null,"status":"Brak sprzeciwu","description":"budowa budynku mieszkalnego jednorodzinnego","address":"Lechlinek","city":"Lechlinek","office":"Starosta Powiatu Wągrowiec","case_kind":"budowa nowego/nowych obiektów budowlanych","parcel_ids":["302805_5.0012.95/18"],"location_quality":"dokładny","gunb_url":"https://wyszukiwarka.gunb.gov.pl/","parcel_count":1,"parcel_shard":"x068-y210","parcel_id":"302805_5.0012.95/18","location_source":"powiat wągrowiecki (wfs)"}},{"type":"Feature","id":"ST-WK-WA/ZGŁOSZENIE/3322/2025::302805_5.0013.130/1","geometry":{"type":"Polygon","coordinates":[[[17.2108256303801,52.7251822488368],[17.2102951540986,52.7244263182548],[17.2094301161354,52.7246633687612],[17.2099656123037,52.7254117044303],[17.2108256303801,52.7251822488368]]]},"properties":{"case_id":"ST-WK-WA/ZGŁOSZENIE/3322/2025","source_type":"zgloszenie","received_date":"2025-10-17","decision_date":null,"status":"Brak sprzeciwu","description":"Przyłaczenie do sieci elektroenergetycznej zakładu produkcyjno-usługowego oraz budynku mieszkalnego jednorodzinnego w miejscowości Łosiniec","address":"Łosiniec","city":"Łosiniec","office":"Starosta Powiatu Wągrowiec","case_kind":"budowa nowego/nowych obiektów budowlanych","parcel_ids":["302805_5.0013.130/1","302805_5.0013.132","302805_5.0013.133/2","302805_5.0013.28","302805_5.0013.41","302805_5.0013.71/2"],"location_quality":"dokładny","gunb_url":"https://wyszukiwarka.gunb.gov.pl/","parcel_count":6,"parcel_shard":"x068-y210","parcel_id":"302805_5.0013.130/1","location_source":"powiat wągrowiecki (wfs)"}},{"type":"Feature","id":"ST-WK-WA/ZGŁOSZENIE/3322/2025::302805_5.0013.132","geometry":{"type":"Polygon","coordinates":[[[17.2086581304067,52.7221307564573],[17.2087429979456,52.7222504028656],[17.2095319695281,52.7233610872855],[17.2102951540986,52.7244263182548],[17.2108256303801,52.7251822488368],[17.2110605234469,52.7255058187676],[17.2117395013901,52.7264411260858],[17.2127064509333,52.7277879854625],[17.2128606889693,52.7278380792396],[17.2118447358101,52.7264091122387],[17.2110753082094,52.7253353467373],[17.2110288064114,52.7252685172031],[17.2109450573605,52.7251518457335],[17.2103248926229,52.7242880047696],[17.2102770939401,52.7242218991815],[17.2096392035181,52.7233327734659],[17.2087015638064,52.7220126851699],[17.2055853512035,52.7176629235006],[17.2055206281848,52.717728764874],[17.2067559217832,52.7195074511543],[17.2069043408005,52.719713171911],[17.207141989749,52.7200424337524],[17.2072768321316,52.7202269897909],[17.2074106116554,52.720426779383],[17.2074655437527,52.7204910797859],[17.2075898578115,52.7206627071139],[17.2076935295421,52.7208058546933],[17.2077149789494,52.7208354714249],[17.208242358702,52.7215905617291],[17.2086581304067,52.7221307564573]]]},"properties":{"case_id":"ST-WK-WA/ZGŁOSZENIE/3322/2025","source_type":"zgloszenie","received_date":"2025-10-17","decision_date":null,"status":"Brak sprzeciwu","description":"Przyłaczenie do sieci elektroenergetycznej zakładu produkcyjno-usługowego oraz budynku mieszkalnego jednorodzinnego w miejscowości Łosiniec","address":"Łosiniec","city":"Łosiniec","office":"Starosta Powiatu Wągrowiec","case_kind":"budowa nowego/nowych obiektów budowlanych","parcel_ids":["302805_5.0013.130/1","302805_5.0013.132","302805_5.0013.133/2","302805_5.0013.28","302805_5.0013.41","302805_5.0013.71/2"],"location_quality":"dokładny","gunb_url":"https://wyszukiwarka.gunb.gov.pl/","parcel_count":6,"parcel_shard":"x068-y210","parcel_id":"302805_5.0013.132","location_source":"powiat wągrowiecki (wfs)"}},{"type":"Feature","id":"ST-WK-WA/ZGŁOSZENIE/3322/2025::302805_5.0013.133/2","geometry":{"type":"Polygon","coordinates":[[[17.2103248926229,52.7242880047696],[17.2109450573605,52.7251518457335],[17.2110288064114,52.7252685172031],[17.2113117401646,52.7251937166597],[17.2106087008873,52.7242125858535],[17.2103248926229,52.7242880047696]]]},"properties":{"case_id":"ST-WK-WA/ZGŁOSZENIE/3322/2025","source_type":"zgloszenie","received_date":"2025-10-17","decision_date":null,"status":"Brak sprzeciwu","description":"Przyłaczenie do sieci elektroenergetycznej zakładu produkcyjno-usługowego oraz budynku mieszkalnego jednorodzinnego w miejscowości Łosiniec","address":"Łosiniec","city":"Łosiniec","office":"Starosta Powiatu Wągrowiec","case_kind":"budowa nowego/nowych obiektów budowlanych","parcel_ids":["302805_5.0013.130/1","302805_5.0013.132","302805_5.0013.133/2","302805_5.0013.28","302805_5.0013.41","302805_5.0013.71/2"],"location_quality":"dokładny","gunb_url":"https://wyszukiwarka.gunb.gov.pl/","parcel_count":6,"parcel_shard":"x068-y210","parcel_id":"302805_5.0013.133/2","location_source":"powiat wągrowiecki (wfs)"}},{"type":"Feature","id":"ST-WK-WA/ZGŁOSZENIE/3322/2025::302805_5.0013.28","geometry":{"type":"Polygon","coordinates":[[[17.1996804832727,52.7303504651121],[17.2008478382578,52.7301126119405],[17.2017161204774,52.7298524445995],[17.2025979155458,52.7294110959794],[17.2038189248484,52.7286687704377],[17.2041725202682,52.7280634147565],[17.2042720473288,52.7280404907954],[17.2043547745928,52.7278156306796],[17.2045633672333,52.7272787825348],[17.2046222500436,52.727182103564],[17.2047669658939,52.7269761073327],[17.2050424324325,52.7266190823178],[17.2051750421938,52.726420229466],[17.2053413477202,52.7262053472256],[17.2055653525397,52.7261045027716],[17.2053482213915,52.7261490389035],[17.2052134903068,52.7260132068102],[17.2052681176163,52.7261891893934],[17.204698774255,52.7269087051111],[17.2044829331561,52.727249738619],[17.2041118331802,52.7280155751945],[17.2036942511673,52.7285898548068],[17.2035920129541,52.7286546025636],[17.2028000855894,52.7291375546343],[17.2026378029028,52.7292366705681],[17.2022469710719,52.7294398483255],[17.2015500367501,52.7298023738572],[17.2009773452251,52.7299761031789],[17.1999440466028,52.7301925578377],[17.1958816057819,52.7308286090596],[17.1932514582422,52.7312424735808],[17.193113285927,52.7312545773433],[17.1925931570909,52.7312808747766],[17.1926100071086,52.7313568204517],[17.1932203608292,52.7313250103709],[17.1981192041894,52.7305938592672],[17.1996804832727,52.7303504651121]]]},"properties":{"case_id":"ST-WK-WA/ZGŁOSZENIE/3322/2025","source_type":"zgloszenie","received_date":"2025-10-17","decision_date":null,"status":"Brak sprzeciwu","description":"Przyłaczenie do sieci elektroenergetycznej zakładu produkcyjno-usługowego oraz budynku mieszkalnego jednorodzinnego w miejscowości Łosiniec","address":"Łosiniec","city":"Łosiniec","office":"Starosta Powiatu Wągrowiec","case_kind":"budowa nowego/nowych obiektów budowlanych","parcel_ids":["302805_5.0013.130/1","302805_5.0013.132","302805_5.0013.133/2","302805_5.0013.28","302805_5.0013.41","302805_5.0013.71/2"],"location_quality":"dokładny","gunb_url":"https://wyszukiwarka.gunb.gov.pl/","parcel_count":6,"parcel_shard":"x068-y210","parcel_id":"302805_5.0013.28","location_source":"powiat wągrowiecki (wfs)"}},{"type":"Feature","id":"ST-WK-WA/ZGŁOSZENIE/3322/2025::302805_5.0013.41","geometry":{"type":"Polygon","coordinates":[[[17.2050424324325,52.7266190823178],[17.2047669658939,52.7269761073327],[17.2046222500436,52.727182103564],[17.2045633672333,52.7272787825348],[17.2043547745928,52.7278156306796],[17.2043647656661,52.7280034448966],[17.204520281816,52.7284561387181],[17.2060362733976,52.727842503358],[17.2050424324325,52.7266190823178]]]},"properties":{"case_id":"ST-WK-WA/ZGŁOSZENIE/3322/2025","source_type":"zgloszenie","received_date":"2025-10-17","decision_date":null,"status":"Brak sprzeciwu","description":"Przyłaczenie do sieci elektroenergetycznej zakładu produkcyjno-usługowego oraz budynku mieszkalnego jednorodzinnego w miejscowości Łosiniec","address":"Łosiniec","city":"Łosiniec","office":"Starosta Powiatu Wągrowiec","case_kind":"budowa nowego/nowych obiektów budowlanych","parcel_ids":["302805_5.0013.130/1","302805_5.0013.132","302805_5.0013.133/2","302805_5.0013.28","302805_5.0013.41","302805_5.0013.71/2"],"location_quality":"dokładny","gunb_url":"https://wyszukiwarka.gunb.gov.pl/","parcel_count":6,"parcel_shard":"x068-y210","parcel_id":"302805_5.0013.41","location_source":"powiat wągrowiecki (wfs)"}},{"type":"Feature","id":"ST-WK-WA/ZGŁOSZENIE/3322/2025::302805_5.0013.71/2","geometry":{"type":"Polygon","coordinates":[[[17.2013590117492,52.7237618670106],[17.2019573992205,52.7240645585902],[17.2034683318132,52.7248729580499],[17.2036390181576,52.7249650376286],[17.2038370989901,52.7251855162474],[17.2040853714185,52.7254087699975],[17.2052134903068,52.7260132068102],[17.2053482213915,52.7261490389035],[17.2055653525397,52.7261045027716],[17.2061084379661,52.7262400197363],[17.2084971396381,52.7268462868374],[17.2107916988172,52.7274641226677],[17.2123603828419,52.7278051247742],[17.2137431314492,52.7281403849305],[17.2140786774415,52.7282208282683],[17.2149322479837,52.7284254606582],[17.2150633899702,52.7284600953299],[17.2152213260295,52.7284551941413],[17.2154795508722,52.7284870780032],[17.2163503314482,52.7285749478108],[17.2173967563093,52.7286778593512],[17.2185918362359,52.7288156770516],[17.2193752863628,52.7288852326592],[17.2208214396451,52.7290328864024],[17.2208808524871,52.7290353119678],[17.2214621980782,52.7290954541708],[17.2223551687308,52.7291878778442],[17.224939480609,52.7294551868751],[17.2255406994161,52.7294575941922],[17.2266044270603,52.7295482820507],[17.2276044293821,52.7296085848396],[17.2287552001536,52.7296839341719],[17.2292099432271,52.7297062786358],[17.2294081803431,52.7297515776897],[17.2294573122572,52.7297708089106],[17.2299509264915,52.7302993591244],[17.2300272728462,52.7303658689714],[17.2301509176386,52.7304379996928],[17.2304534631521,52.730694088166],[17.2305239548499,52.7307032727581],[17.2305642258805,52.7306133479736],[17.2296617966765,52.729886133359],[17.2296704534486,52.7298412480435],[17.2295309976757,52.7297208222554],[17.2293235905574,52.7296692467901],[17.2292298529579,52.7296423879188],[17.2283957279232,52.7295875815794],[17.2266301454954,52.7294538641066],[17.2230801513496,52.7291543391158],[17.2211014223987,52.7289711294308],[17.2204270295583,52.7289090904772],[17.2202294270571,52.7288908954947],[17.2200327279305,52.7288801564798],[17.2198333862143,52.728859891338],[17.2193781016796,52.7288139367033],[17.2185802162706,52.7287372340563],[17.2179868653318,52.7286802087553],[17.2175482449679,52.7286380417051],[17.2171604272533,52.7286007258928],[17.2160915225353,52.7284982881564],[17.2159526476736,52.7284849000756],[17.215228423666,52.7283722760524],[17.2147280728892,52.7282726016647],[17.2145692329127,52.7282323653283],[17.2128606889693,52.7278380792396],[17.2127064509333,52.7277879854625],[17.2081477896579,52.7266762290985],[17.2054310698923,52.7260104766785],[17.2041377914103,52.725319242467],[17.2040242894637,52.725175377765],[17.2036477464323,52.7248431192368],[17.2015524422946,52.7237272230601],[17.2010216763207,52.723593810421],[17.2008941199226,52.7235617475153],[17.1997598491121,52.7232766259184],[17.1993637159546,52.7231770463729],[17.1979350572198,52.7228292216552],[17.1977661469474,52.7227880967883],[17.1974549079566,52.7227123180294],[17.1942525477882,52.7219665300172],[17.1906370511092,52.7211102108595],[17.1895825767801,52.7208518802005],[17.1891686703,52.7207163544872],[17.1860545280936,52.7197620593675],[17.1859783036448,52.7198432691689],[17.1860639045882,52.7198729188675],[17.1866028441454,52.7200369384396],[17.1875703213625,52.720331385666],[17.1876497087367,52.7203555478827],[17.1883182502077,52.7205590034526],[17.1888822853642,52.7207306537424],[17.1894433960778,52.7209014095843],[17.1897422920018,52.7209923625541],[17.1900129449671,52.7210579397475],[17.1901233106375,52.7210846755246],[17.1906377723395,52.7212093173443],[17.191952818496,52.7215376453843],[17.1941781472281,52.7220545429432],[17.1949584718698,52.7222444545333],[17.1957326005,52.7224328514765],[17.1972918833373,52.7227994888859],[17.1980652473946,52.7229947103661],[17.2013590117492,52.7237618670106]]]},"properties":{"case_id":"ST-WK-WA/ZGŁOSZENIE/3322/2025","source_type":"zgloszenie","received_date":"2025-10-17","decision_date":null,"status":"Brak sprzeciwu","description":"Przyłaczenie do sieci elektroenergetycznej zakładu produkcyjno-usługowego oraz budynku mieszkalnego jednorodzinnego w miejscowości Łosiniec","address":"Łosiniec","city":"Łosiniec","office":"Starosta Powiatu Wągrowiec","case_kind":"budowa nowego/nowych obiektów budowlanych","parcel_ids":["302805_5.0013.130/1","302805_5.0013.132","302805_5.0013.133/2","302805_5.0013.28","302805_5.0013.41","302805_5.0013.71/2"],"location_quality":"dokładny","gunb_url":"https://wyszukiwarka.gunb.gov.pl/","parcel_count":6,"parcel_shard":"x068-y210","parcel_id":"302805_5.0013.71/2","location_source":"powiat wągrowiecki (wfs)"}},{"type":"Feature","id":"ST-WK-WA/ZGŁOSZENIE/2486/2026::302805_5.0013.137/10","geometry":{"type":"Polygon","coordinates":[[[17.2222058046038,52.7277806589409],[17.2217810201049,52.727410656751],[17.2214477540162,52.7275793152481],[17.2219215350092,52.7279244760527],[17.2222058046038,52.7277806589409]]]},"properties":{"case_id":"ST-WK-WA/ZGŁOSZENIE/2486/2026","source_type":"zgloszenie","received_date":"2026-07-29","decision_date":null,"status":"Brak sprzeciwu","description":"budynek mieszkalny jednorodzinny","address":"Łosiniec","city":"Łosiniec","office":"Starosta Powiatu Wągrowiec","case_kind":"budowa nowego/nowych obiektów budowlanych","parcel_ids":["302805_5.0013.137/10"],"location_quality":"dokładny","gunb_url":"https://wyszukiwarka.gunb.gov.pl/","parcel_count":1,"parcel_shard":"x068-y210","parcel_id":"302805_5.0013.137/10","location_source":"powiat wągrowiecki (wfs)"}},{"type":"Feature","id":"ST-WK-WA/WNIOSEK/21646/2025::302805_5.0013.137/5","geometry":{"type":"Polygon","coordinates":[[[17.220784436343,52.7284998274405],[17.220310658187,52.728154662137],[17.2200262319397,52.7282984736902],[17.2205000093849,52.7286436401191],[17.220784436343,52.7284998274405]]]},"properties":{"case_id":"ST-WK-WA/WNIOSEK/21646/2025","source_type":"wniosek_decyzja","received_date":"2025-10-21","decision_date":"2025-12-08","status":"decyzja wydana","description":"budowa budynku mieszkalnego jednorodzinnego","address":"Łosiniec","city":"Łosiniec","office":"Starosta Powiatu Wągrowiec","case_kind":"Budynek mieszkalny jednorodzinny","parcel_ids":["302805_5.0013.137/5"],"location_quality":"dokładny","gunb_url":"https://wyszukiwarka.gunb.gov.pl/","parcel_count":1,"parcel_shard":"x068-y210","parcel_id":"302805_5.0013.137/5","location_source":"powiat wągrowiecki (wfs)"}},{"type":"Feature","id":"ST-WK-WA/WNIOSEK/25535/2025::302805_5.0013.146/9","geometry":{"type":"Polygon","coordinates":[[[17.2134618731957,52.7118151923151],[17.2115787905963,52.713109455086],[17.2103461180077,52.7142414112642],[17.211479278278,52.7148194946201],[17.2110683206674,52.7151961255603],[17.2099218471426,52.7146310401669],[17.2097972210904,52.7147012827388],[17.2111331810937,52.7153563484679],[17.2111939571797,52.715400562],[17.2112174854065,52.7154486284646],[17.2115237390205,52.7172516526653],[17.21235212946,52.7170603414479],[17.212564256448,52.7170756491582],[17.2139267961683,52.7163689963035],[17.2142720333022,52.7162330677399],[17.21630316372,52.715561637469],[17.2157989469895,52.7148793603685],[17.2154296252857,52.7143936520175],[17.2153073503861,52.7142331732944],[17.2142973574962,52.7129178465857],[17.2134618731957,52.7118151923151]]]},"properties":{"case_id":"ST-WK-WA/WNIOSEK/25535/2025","source_type":"wniosek_decyzja","received_date":"2025-12-17","decision_date":"2026-06-17","status":"decyzja wydana","description":"dokończenie budowy budynku mieszkalnego jednorodzinnego z rozbudową i przebudową w ramach zabudowy zagrodowej","address":"Łosiniec","city":"Łosiniec","office":"Starosta Powiatu Wągrowiec","case_kind":"Budynek mieszkalny jednorodzinny","parcel_ids":["302805_5.0013.146/9"],"location_quality":"dokładny","gunb_url":"https://wyszukiwarka.gunb.gov.pl/","parcel_count":1,"parcel_shard":"x068-y210","parcel_id":"302805_5.0013.146/9","location_source":"powiat wągrowiecki (wfs)"}},{"type":"Feature","id":"ST-WK-WA/WNIOSEK/2837/2026::302805_5.0014.90/1","geometry":{"type":"Polygon","coordinates":[[[17.1526252543407,52.6026175980594],[17.1525389124786,52.6028877343969],[17.1530554729186,52.6028845987633],[17.1530510633785,52.6026150174823],[17.1526252543407,52.6026175980594]]]},"properties":{"case_id":"ST-WK-WA/WNIOSEK/2837/2026","source_type":"wniosek_decyzja","received_date":"2026-02-13","decision_date":"2026-04-02","status":"decyzja wydana","description":"budowa budynku mieszkalnego jednorodzinnego","address":"Niedźwiedziny","city":"Niedźwiedziny","office":"Starosta Powiatu Wągrowiec","case_kind":"Budynek mieszkalny jednorodzinny","parcel_ids":["302805_5.0014.90/1"],"location_quality":"dokładny","gunb_url":"https://wyszukiwarka.gunb.gov.pl/","parcel_count":1,"parcel_shard":"x068-y210","parcel_id":"302805_5.0014.90/1","location_source":"powiat wągrowiecki (wfs)"}},{"type":"Feature","id":"ST-WK-WA/WNIOSEK/23390/2025::302805_5.0015.119","geometry":{"type":"Polygon","coordinates":[[[17.0989173829542,52.6659652790518],[17.0988674950073,52.6660190034585],[17.0991567819072,52.6660338748059],[17.099289415454,52.6660394664128],[17.1005036078602,52.66627984192],[17.1012973336194,52.6664076415806],[17.1015310346435,52.6664427461471],[17.1017802312037,52.6664680930638],[17.10240564454,52.6664208968072],[17.1024054573483,52.6663497127091],[17.1019807508671,52.6663827089216],[17.1018011252615,52.6663970165775],[17.1015500142753,52.6663723955843],[17.101278482898,52.6663457803323],[17.1010495744512,52.6663087655638],[17.1005495589085,52.6662278758638],[17.1002385216328,52.6661662071284],[17.0993193845269,52.6659838828641],[17.0989173829542,52.6659652790518]]]},"properties":{"case_id":"ST-WK-WA/WNIOSEK/23390/2025","source_type":"wniosek_decyzja","received_date":"2025-11-18","decision_date":"2026-01-20","status":"decyzja wydana","description":"budowa oświetlenia drogowego m. Potrzanowo ul. Stare Potrzanowo","address":"Stare Potrzanowo","city":"Potrzanowo","office":"Starosta Powiatu Wągrowiec","case_kind":"Obiekt budowlany inny niż budynek mieszkalny jednorodzinny","parcel_ids":["302805_5.0015.119","302805_5.0015.128","302805_5.0015.134/6","302805_5.0015.139","302805_5.0015.52","302805_5.0015.767/2"],"location_quality":"dokładny","gunb_url":"https://wyszukiwarka.gunb.gov.pl/","parcel_count":6,"parcel_shard":"x068-y210","parcel_id":"302805_5.0015.119","location_source":"powiat wągrowiecki (wfs)"}},{"type":"Feature","id":"ST-WK-WA/WNIOSEK/23390/2025::302805_5.0015.128","geometry":{"type":"Polygon","coordinates":[[[17.1082807909894,52.6677725100829],[17.1083277227297,52.6677644295523],[17.1083598658968,52.6677408546827],[17.1082068274072,52.6664489201406],[17.1081706084565,52.6661341300274],[17.108134544546,52.6658200582761],[17.1081297596707,52.6657845750739],[17.1080783603698,52.6657890768604],[17.1082756656515,52.6677175252605],[17.1082807909894,52.6677725100829]]]},"properties":{"case_id":"ST-WK-WA/WNIOSEK/23390/2025","source_type":"wniosek_decyzja","received_date":"2025-11-18","decision_date":"2026-01-20","status":"decyzja wydana","description":"budowa oświetlenia drogowego m. Potrzanowo ul. Stare Potrzanowo","address":"Stare Potrzanowo","city":"Potrzanowo","office":"Starosta Powiatu Wągrowiec","case_kind":"Obiekt budowlany inny niż budynek mieszkalny jednorodzinny","parcel_ids":["302805_5.0015.119","302805_5.0015.128","302805_5.0015.134/6","302805_5.0015.139","302805_5.0015.52","302805_5.0015.767/2"],"location_quality":"dokładny","gunb_url":"https://wyszukiwarka.gunb.gov.pl/","parcel_count":6,"parcel_shard":"x068-y210","parcel_id":"302805_5.0015.128","location_source":"powiat wągrowiecki (wfs)"}},{"type":"Feature","id":"ST-WK-WA/WNIOSEK/23390/2025::302805_5.0015.134/6","geometry":{"type":"Polygon","coordinates":[[[17.1081297596707,52.6657845750739],[17.108134544546,52.6658200582761],[17.1084990220378,52.6657836747498],[17.108644193825,52.6657693030427],[17.1090097367843,52.6657350083059],[17.1095209062855,52.6656864393171],[17.1100320751364,52.6656378681397],[17.1100279728315,52.6655972486586],[17.1081297596707,52.6657845750739]]]},"properties":{"case_id":"ST-WK-WA/WNIOSEK/23390/2025","source_type":"wniosek_decyzja","received_date":"2025-11-18","decision_date":"2026-01-20","status":"decyzja wydana","description":"budowa oświetlenia drogowego m. Potrzanowo ul. Stare Potrzanowo","address":"Stare Potrzanowo","city":"Potrzanowo","office":"Starosta Powiatu Wągrowiec","case_kind":"Obiekt budowlany inny niż budynek mieszkalny jednorodzinny","parcel_ids":["302805_5.0015.119","302805_5.0015.128","302805_5.0015.134/6","302805_5.0015.139","302805_5.0015.52","302805_5.0015.767/2"],"location_quality":"dokładny","gunb_url":"https://wyszukiwarka.gunb.gov.pl/","parcel_count":6,"parcel_shard":"x068-y210","parcel_id":"302805_5.0015.134/6","location_source":"powiat wągrowiecki (wfs)"}},{"type":"Feature","id":"ST-WK-WA/WNIOSEK/23390/2025::302805_5.0015.139","geometry":{"type":"Polygon","coordinates":[[[17.1024054573483,52.6663497127091],[17.10240564454,52.6664208968072],[17.1028167134636,52.6664108908521],[17.1045027989699,52.6661419738121],[17.1046998011477,52.6661227913217],[17.1055824622858,52.6660366167698],[17.105611642057,52.6660337812885],[17.1057739819508,52.6660180202338],[17.105835498747,52.6660117809771],[17.1059229277777,52.6660031048369],[17.1064554760053,52.6659502985868],[17.1067471508567,52.6659213754262],[17.1070426658601,52.6658921679121],[17.107196994587,52.6658768658517],[17.1073380307306,52.6658627804477],[17.1076333951247,52.6658333922445],[17.1080272629185,52.6657942066477],[17.1080783603698,52.6657890768604],[17.1081297596707,52.6657845750739],[17.1100279728315,52.6655972486586],[17.1117443751782,52.6654297732032],[17.1125713403271,52.6653490743426],[17.1132527900248,52.6652825711252],[17.113507381756,52.6652391307066],[17.1142637442897,52.6651782982328],[17.1159130645143,52.664907311824],[17.1159964374317,52.6648120390362],[17.1143869468249,52.6650971437804],[17.1126723149623,52.6652663120033],[17.1126022347692,52.6652764437846],[17.112088657205,52.6653328924968],[17.1117661616337,52.665368772808],[17.1113681594735,52.6653634078351],[17.1112832407137,52.6653741770483],[17.1100177206745,52.6655299518185],[17.1084830100746,52.6656802023541],[17.1084538285769,52.6656830899358],[17.1071909955975,52.6658080433652],[17.1057683821843,52.6659487892424],[17.1057355524463,52.6659520370162],[17.1045062540786,52.6660736415391],[17.1027983219804,52.6663428860435],[17.1024054573483,52.6663497127091]]]},"properties":{"case_id":"ST-WK-WA/WNIOSEK/23390/2025","source_type":"wniosek_decyzja","received_date":"2025-11-18","decision_date":"2026-01-20","status":"decyzja wydana","description":"budowa oświetlenia drogowego m. Potrzanowo ul. Stare Potrzanowo","address":"Stare Potrzanowo","city":"Potrzanowo","office":"Starosta Powiatu Wągrowiec","case_kind":"Obiekt budowlany inny niż budynek mieszkalny jednorodzinny","parcel_ids":["302805_5.0015.119","302805_5.0015.128","302805_5.0015.134/6","302805_5.0015.139","302805_5.0015.52","302805_5.0015.767/2"],"location_quality":"dokładny","gunb_url":"https://wyszukiwarka.gunb.gov.pl/","parcel_count":6,"parcel_shard":"x068-y210","parcel_id":"302805_5.0015.139","location_source":"powiat wągrowiecki (wfs)"}},{"type":"Feature","id":"ST-WK-WA/WNIOSEK/23390/2025::302805_5.0015.52","geometry":{"type":"Polygon","coordinates":[[[17.0989173829542,52.6659652790518],[17.0984481283427,52.6659032028725],[17.0978232025618,52.6657555489062],[17.0970695934506,52.6657372545514],[17.0965877302705,52.6658359391449],[17.0962438120195,52.6659061863429],[17.0957316914582,52.6658918581308],[17.0946361026879,52.6658605993669],[17.094405919606,52.6658906232091],[17.0956910424816,52.6659334974283],[17.0962689936597,52.6659402516108],[17.0969688682834,52.6657958933721],[17.0972631579666,52.6657680367669],[17.0979150676478,52.6658098126513],[17.0983816065337,52.665953475231],[17.0984316331391,52.6659607088884],[17.0987510610151,52.6660020307879],[17.0988674950073,52.6660190034585],[17.0989173829542,52.6659652790518]]]},"properties":{"case_id":"ST-WK-WA/WNIOSEK/23390/2025","source_type":"wniosek_decyzja","received_date":"2025-11-18","decision_date":"2026-01-20","status":"decyzja wydana","description":"budowa oświetlenia drogowego m. Potrzanowo ul. Stare Potrzanowo","address":"Stare Potrzanowo","city":"Potrzanowo","office":"Starosta Powiatu Wągrowiec","case_kind":"Obiekt budowlany inny niż budynek mieszkalny jednorodzinny","parcel_ids":["302805_5.0015.119","302805_5.0015.128","302805_5.0015.134/6","302805_5.0015.139","302805_5.0015.52","302805_5.0015.767/2"],"location_quality":"dokładny","gunb_url":"https://wyszukiwarka.gunb.gov.pl/","parcel_count":6,"parcel_shard":"x068-y210","parcel_id":"302805_5.0015.52","location_source":"powiat wągrowiecki (wfs)"}},{"type":"Feature","id":"ST-WK-WA/WNIOSEK/23390/2025::302805_5.0015.767/2","geometry":{"type":"Polygon","coordinates":[[[17.1078964990843,52.6677804746889],[17.1077880178488,52.667753458823],[17.1076313349227,52.6675905479023],[17.1074374603625,52.6673887666564],[17.107319911928,52.6672664259895],[17.1073254039051,52.6673287792622],[17.1078252108008,52.6677922389645],[17.1078763857428,52.667839685922],[17.108235799603,52.6677803236937],[17.1082807909894,52.6677725100829],[17.1082756656515,52.6677175252605],[17.1080783603698,52.6657890768604],[17.1080272629185,52.6657942066477],[17.1076333951247,52.6658333922445],[17.1079565940028,52.6658234045652],[17.1080345335998,52.6658569129538],[17.108072441411,52.6661781679879],[17.1080951989133,52.6663722151312],[17.1081163320318,52.666551438799],[17.1081373174304,52.6667306629813],[17.108158451664,52.6669099764845],[17.1081795851867,52.6670892000906],[17.1082141250092,52.667383594569],[17.1082485016221,52.6676763718645],[17.1081825343306,52.6677329645711],[17.1078964990843,52.6677804746889]]]},"properties":{"case_id":"ST-WK-WA/WNIOSEK/23390/2025","source_type":"wniosek_decyzja","received_date":"2025-11-18","decision_date":"2026-01-20","status":"decyzja wydana","description":"budowa oświetlenia drogowego m. Potrzanowo ul. Stare Potrzanowo","address":"Stare Potrzanowo","city":"Potrzanowo","office":"Starosta Powiatu Wągrowiec","case_kind":"Obiekt budowlany inny niż budynek mieszkalny jednorodzinny","parcel_ids":["302805_5.0015.119","302805_5.0015.128","302805_5.0015.134/6","302805_5.0015.139","302805_5.0015.52","302805_5.0015.767/2"],"location_quality":"dokładny","gunb_url":"https://wyszukiwarka.gunb.gov.pl/","parcel_count":6,"parcel_shard":"x068-y210","parcel_id":"302805_5.0015.767/2","location_source":"powiat wągrowiecki (wfs)"}},{"type":"Feature","id":"ST-WK-WA/ZGŁOSZENIE/3588/2025::302805_5.0015.124/43","geometry":{"type":"Polygon","coordinates":[[[17.1073354934631,52.6674607530819],[17.1073281179799,52.6673816180977],[17.1057739819508,52.6660180202338],[17.105611642057,52.6660337812885],[17.1057159683724,52.6660646760751],[17.1060528537435,52.666362271422],[17.1064652520014,52.6667266716808],[17.1066328260963,52.6668747877839],[17.1066647755223,52.6669028893059],[17.1067854184121,52.6669964578813],[17.1069478304203,52.6671223359381],[17.1071304736576,52.6672638243743],[17.1071923251252,52.6673117433756],[17.1072920646138,52.6674155792452],[17.1073354934631,52.6674607530819]]]},"properties":{"case_id":"ST-WK-WA/ZGŁOSZENIE/3588/2025","source_type":"zgloszenie","received_date":"2025-11-07","decision_date":null,"status":"Brak sprzeciwu","description":"budowa sieci kanalizacji sanitarnej w miejscowości Potrzanowo","address":"Skoki","city":"Skoki","office":"Starosta Powiatu Wągrowiec","case_kind":"budowa nowego/nowych obiektów budowlanych","parcel_ids":["302805_5.0015.124/43","302805_5.0015.125","302805_5.0015.128","302805_5.0015.130/4","302805_5.0015.139","302805_5.0015.154/10","302805_5.0015.154/13","302805_5.0015.154/20","302805_5.0015.155/4","302805_5.0015.157","302805_5.0015.165","302805_5.0015.166/1","302805_5.0015.167/4","302805_5.0015.375","302805_5.0015.380/1","302805_5.0015.380/14","302805_5.0015.382/1","302805_5.0015.384/1","302805_5.0015.385/12","302805_5.0015.385/7","302805_5.0015.389","302805_5.0015.390","302805_5.0015.391/2","302805_5.0015.392","302805_5.0015.395/1","302805_5.0015.396/3","302805_5.0015.398/6","302805_5.0015.553/2","302805_5.0015.571/1","302805_5.0015.571/2","302805_5.0015.575","302805_5.0015.578/1","302805_5.0015.595","302805_5.0015.601/6","302805_5.0015.605","302805_5.0015.610/1","302805_5.0015.613/5","302805_5.0015.613/6","302805_5.0015.614","302805_5.0015.615/1","302805_5.0015.616","302805_5.0015.664","302805_5.0015.705","302805_5.0015.762/20","302805_5.0015.764","302805_5.0015.767/2"],"location_quality":"dokładny","gunb_url":"https://wyszukiwarka.gunb.gov.pl/","parcel_count":46,"parcel_shard":"x068-y210","parcel_id":"302805_5.0015.124/43","location_source":"powiat wągrowiecki (wfs)"}},{"type":"Feature","id":"ST-WK-WA/ZGŁOSZENIE/3588/2025::302805_5.0015.125","geometry":{"type":"Polygon","coordinates":[[[17.105835498747,52.6660117809771],[17.1057739819508,52.6660180202338],[17.1073281179799,52.6673816180977],[17.1077744689878,52.6678560854577],[17.1078763857428,52.667839685922],[17.1078252108008,52.6677922389645],[17.1073254039051,52.6673287792622],[17.106719500905,52.6667927577312],[17.1065353756757,52.6666298676413],[17.1062130644714,52.6663446537558],[17.105885751942,52.6660561763958],[17.105835498747,52.6660117809771]]]},"properties":{"case_id":"ST-WK-WA/ZGŁOSZENIE/3588/2025","source_type":"zgloszenie","received_date":"2025-11-07","decision_date":null,"status":"Brak sprzeciwu","description":"budowa sieci kanalizacji sanitarnej w miejscowości Potrzanowo","address":"Skoki","city":"Skoki","office":"Starosta Powiatu Wągrowiec","case_kind":"budowa nowego/nowych obiektów budowlanych","parcel_ids":["302805_5.0015.124/43","302805_5.0015.125","302805_5.0015.128","302805_5.0015.130/4","302805_5.0015.139","302805_5.0015.154/10","302805_5.0015.154/13","302805_5.0015.154/20","302805_5.0015.155/4","302805_5.0015.157","302805_5.0015.165","302805_5.0015.166/1","302805_5.0015.167/4","302805_5.0015.375","302805_5.0015.380/1","302805_5.0015.380/14","302805_5.0015.382/1","302805_5.0015.384/1","302805_5.0015.385/12","302805_5.0015.385/7","302805_5.0015.389","302805_5.0015.390","302805_5.0015.391/2","302805_5.0015.392","302805_5.0015.395/1","302805_5.0015.396/3","302805_5.0015.398/6","302805_5.0015.553/2","302805_5.0015.571/1","302805_5.0015.571/2","302805_5.0015.575","302805_5.0015.578/1","302805_5.0015.595","302805_5.0015.601/6","302805_5.0015.605","302805_5.0015.610/1","302805_5.0015.613/5","302805_5.0015.613/6","302805_5.0015.614","302805_5.0015.615/1","302805_5.0015.616","302805_5.0015.664","302805_5.0015.705","302805_5.0015.762/20","302805_5.0015.764","302805_5.0015.767/2"],"location_quality":"dokładny","gunb_url":"https://wyszukiwarka.gunb.gov.pl/","parcel_count":46,"parcel_shard":"x068-y210","parcel_id":"302805_5.0015.125","location_source":"powiat wągrowiecki (wfs)"}},{"type":"Feature","id":"ST-WK-WA/ZGŁOSZENIE/3588/2025::302805_5.0015.128","geometry":{"type":"Polygon","coordinates":[[[17.1082807909894,52.6677725100829],[17.1083277227297,52.6677644295523],[17.1083598658968,52.6677408546827],[17.1082068274072,52.6664489201406],[17.1081706084565,52.6661341300274],[17.108134544546,52.6658200582761],[17.1081297596707,52.6657845750739],[17.1080783603698,52.6657890768604],[17.1082756656515,52.6677175252605],[17.1082807909894,52.6677725100829]]]},"properties":{"case_id":"ST-WK-WA/ZGŁOSZENIE/3588/2025","source_type":"zgloszenie","received_date":"2025-11-07","decision_date":null,"status":"Brak sprzeciwu","description":"budowa sieci kanalizacji sanitarnej w miejscowości Potrzanowo","address":"Skoki","city":"Skoki","office":"Starosta Powiatu Wągrowiec","case_kind":"budowa nowego/nowych obiektów budowlanych","parcel_ids":["302805_5.0015.124/43","302805_5.0015.125","302805_5.0015.128","302805_5.0015.130/4","302805_5.0015.139","302805_5.0015.154/10","302805_5.0015.154/13","302805_5.0015.154/20","302805_5.0015.155/4","302805_5.0015.157","302805_5.0015.165","302805_5.0015.166/1","302805_5.0015.167/4","302805_5.0015.375","302805_5.0015.380/1","302805_5.0015.380/14","302805_5.0015.382/1","302805_5.0015.384/1","302805_5.0015.385/12","302805_5.0015.385/7","302805_5.0015.389","302805_5.0015.390","302805_5.0015.391/2","302805_5.0015.392","302805_5.0015.395/1","302805_5.0015.396/3","302805_5.0015.398/6","302805_5.0015.553/2","302805_5.0015.571/1","302805_5.0015.571/2","302805_5.0015.575","302805_5.0015.578/1","302805_5.0015.595","302805_5.0015.601/6","302805_5.0015.605","302805_5.0015.610/1","302805_5.0015.613/5","302805_5.0015.613/6","302805_5.0015.614","302805_5.0015.615/1","302805_5.0015.616","302805_5.0015.664","302805_5.0015.705","302805_5.0015.762/20","302805_5.0015.764","302805_5.0015.767/2"],"location_quality":"dokładny","gunb_url":"https://wyszukiwarka.gunb.gov.pl/","parcel_count":46,"parcel_shard":"x068-y210","parcel_id":"302805_5.0015.128","location_source":"powiat wągrowiecki (wfs)"}},{"type":"Feature","id":"ST-WK-WA/ZGŁOSZENIE/3588/2025::302805_5.0015.130/4","geometry":{"type":"Polygon","coordinates":[[[17.1086642323842,52.668701656653],[17.1086924120135,52.6687407836614],[17.1087010449337,52.668752442223],[17.1091690801047,52.6687022168732],[17.109628966242,52.6686528271911],[17.1101878203644,52.6685928547706],[17.1109091937365,52.6685158547342],[17.1113727786358,52.6684661265497],[17.1112995767648,52.6682705529123],[17.1112447451316,52.6681240978553],[17.111099255267,52.6681397231747],[17.1102112061258,52.6682348857527],[17.1101914485203,52.6685379695031],[17.1096961565769,52.6685910498251],[17.1091596745922,52.6686485817663],[17.1086642323842,52.668701656653]]]},"properties":{"case_id":"ST-WK-WA/ZGŁOSZENIE/3588/2025","source_type":"zgloszenie","received_date":"2025-11-07","decision_date":null,"status":"Brak sprzeciwu","description":"budowa sieci kanalizacji sanitarnej w miejscowości Potrzanowo","address":"Skoki","city":"Skoki","office":"Starosta Powiatu Wągrowiec","case_kind":"budowa nowego/nowych obiektów budowlanych","parcel_ids":["302805_5.0015.124/43","302805_5.0015.125","302805_5.0015.128","302805_5.0015.130/4","302805_5.0015.139","302805_5.0015.154/10","302805_5.0015.154/13","302805_5.0015.154/20","302805_5.0015.155/4","302805_5.0015.157","302805_5.0015.165","302805_5.0015.166/1","302805_5.0015.167/4","302805_5.0015.375","302805_5.0015.380/1","302805_5.0015.380/14","302805_5.0015.382/1","302805_5.0015.384/1","302805_5.0015.385/12","302805_5.0015.385/7","302805_5.0015.389","302805_5.0015.390","302805_5.0015.391/2","302805_5.0015.392","302805_5.0015.395/1","302805_5.0015.396/3","302805_5.0015.398/6","302805_5.0015.553/2","302805_5.0015.571/1","302805_5.0015.571/2","302805_5.0015.575","302805_5.0015.578/1","302805_5.0015.595","302805_5.0015.601/6","302805_5.0015.605","302805_5.0015.610/1","302805_5.0015.613/5","302805_5.0015.613/6","302805_5.0015.614","302805_5.0015.615/1","302805_5.0015.616","302805_5.0015.664","302805_5.0015.705","302805_5.0015.762/20","302805_5.0015.764","302805_5.0015.767/2"],"location_quality":"dokładny","gunb_url":"https://wyszukiwarka.gunb.gov.pl/","parcel_count":46,"parcel_shard":"x068-y210","parcel_id":"302805_5.0015.130/4","location_source":"powiat wągrowiecki (wfs)"}},{"type":"Feature","id":"ST-WK-WA/ZGŁOSZENIE/3588/2025::302805_5.0015.139","geometry":{"type":"Polygon","coordinates":[[[17.1024054573483,52.6663497127091],[17.10240564454,52.6664208968072],[17.1028167134636,52.6664108908521],[17.1045027989699,52.6661419738121],[17.1046998011477,52.6661227913217],[17.1055824622858,52.6660366167698],[17.105611642057,52.6660337812885],[17.1057739819508,52.6660180202338],[17.105835498747,52.6660117809771],[17.1059229277777,52.6660031048369],[17.1064554760053,52.6659502985868],[17.1067471508567,52.6659213754262],[17.1070426658601,52.6658921679121],[17.107196994587,52.6658768658517],[17.1073380307306,52.6658627804477],[17.1076333951247,52.6658333922445],[17.1080272629185,52.6657942066477],[17.1080783603698,52.6657890768604],[17.1081297596707,52.6657845750739],[17.1100279728315,52.6655972486586],[17.1117443751782,52.6654297732032],[17.1125713403271,52.6653490743426],[17.1132527900248,52.6652825711252],[17.113507381756,52.6652391307066],[17.1142637442897,52.6651782982328],[17.1159130645143,52.664907311824],[17.1159964374317,52.6648120390362],[17.1143869468249,52.6650971437804],[17.1126723149623,52.6652663120033],[17.1126022347692,52.6652764437846],[17.112088657205,52.6653328924968],[17.1117661616337,52.665368772808],[17.1113681594735,52.6653634078351],[17.1112832407137,52.6653741770483],[17.1100177206745,52.6655299518185],[17.1084830100746,52.6656802023541],[17.1084538285769,52.6656830899358],[17.1071909955975,52.6658080433652],[17.1057683821843,52.6659487892424],[17.1057355524463,52.6659520370162],[17.1045062540786,52.6660736415391],[17.1027983219804,52.6663428860435],[17.1024054573483,52.6663497127091]]]},"properties":{"case_id":"ST-WK-WA/ZGŁOSZENIE/3588/2025","source_type":"zgloszenie","received_date":"2025-11-07","decision_date":null,"status":"Brak sprzeciwu","description":"budowa sieci kanalizacji sanitarnej w miejscowości Potrzanowo","address":"Skoki","city":"Skoki","office":"Starosta Powiatu Wągrowiec","case_kind":"budowa nowego/nowych obiektów budowlanych","parcel_ids":["302805_5.0015.124/43","302805_5.0015.125","302805_5.0015.128","302805_5.0015.130/4","302805_5.0015.139","302805_5.0015.154/10","302805_5.0015.154/13","302805_5.0015.154/20","302805_5.0015.155/4","302805_5.0015.157","302805_5.0015.165","302805_5.0015.166/1","302805_5.0015.167/4","302805_5.0015.375","302805_5.0015.380/1","302805_5.0015.380/14","302805_5.0015.382/1","302805_5.0015.384/1","302805_5.0015.385/12","302805_5.0015.385/7","302805_5.0015.389","302805_5.0015.390","302805_5.0015.391/2","302805_5.0015.392","302805_5.0015.395/1","302805_5.0015.396/3","302805_5.0015.398/6","302805_5.0015.553/2","302805_5.0015.571/1","302805_5.0015.571/2","302805_5.0015.575","302805_5.0015.578/1","302805_5.0015.595","302805_5.0015.601/6","302805_5.0015.605","302805_5.0015.610/1","302805_5.0015.613/5","302805_5.0015.613/6","302805_5.0015.614","302805_5.0015.615/1","302805_5.0015.616","302805_5.0015.664","302805_5.0015.705","302805_5.0015.762/20","302805_5.0015.764","302805_5.0015.767/2"],"location_quality":"dokładny","gunb_url":"https://wyszukiwarka.gunb.gov.pl/","parcel_count":46,"parcel_shard":"x068-y210","parcel_id":"302805_5.0015.139","location_source":"powiat wągrowiecki (wfs)"}},{"type":"Feature","id":"ST-WK-WA/ZGŁOSZENIE/3588/2025::302805_5.0015.154/10","geometry":{"type":"Polygon","coordinates":[[[17.1153259484835,52.6687190968847],[17.1177507539841,52.669071258029],[17.1177339477573,52.6690101989536],[17.1173103920993,52.6689516834138],[17.117009348682,52.6689100765644],[17.1166046644322,52.6688542155354],[17.1163040621907,52.6688127899242],[17.115827438994,52.6687468632791],[17.1153494887483,52.6686808349335],[17.1153259484835,52.6687190968847]]]},"properties":{"case_id":"ST-WK-WA/ZGŁOSZENIE/3588/2025","source_type":"zgloszenie","received_date":"2025-11-07","decision_date":null,"status":"Brak sprzeciwu","description":"budowa sieci kanalizacji sanitarnej w miejscowości Potrzanowo","address":"Skoki","city":"Skoki","office":"Starosta Powiatu Wągrowiec","case_kind":"budowa nowego/nowych obiektów budowlanych","parcel_ids":["302805_5.0015.124/43","302805_5.0015.125","302805_5.0015.128","302805_5.0015.130/4","302805_5.0015.139","302805_5.0015.154/10","302805_5.0015.154/13","302805_5.0015.154/20","302805_5.0015.155/4","302805_5.0015.157","302805_5.0015.165","302805_5.0015.166/1","302805_5.0015.167/4","302805_5.0015.375","302805_5.0015.380/1","302805_5.0015.380/14","302805_5.0015.382/1","302805_5.0015.384/1","302805_5.0015.385/12","302805_5.0015.385/7","302805_5.0015.389","302805_5.0015.390","302805_5.0015.391/2","302805_5.0015.392","302805_5.0015.395/1","302805_5.0015.396/3","302805_5.0015.398/6","302805_5.0015.553/2","302805_5.0015.571/1","302805_5.0015.571/2","302805_5.0015.575","302805_5.0015.578/1","302805_5.0015.595","302805_5.0015.601/6","302805_5.0015.605","302805_5.0015.610/1","302805_5.0015.613/5","302805_5.0015.613/6","302805_5.0015.614","302805_5.0015.615/1","302805_5.0015.616","302805_5.0015.664","302805_5.0015.705","302805_5.0015.762/20","302805_5.0015.764","302805_5.0015.767/2"],"location_quality":"dokładny","gunb_url":"https://wyszukiwarka.gunb.gov.pl/","parcel_count":46,"parcel_shard":"x068-y210","parcel_id":"302805_5.0015.154/10","location_source":"powiat wągrowiecki (wfs)"}},{"type":"Feature","id":"ST-WK-WA/ZGŁOSZENIE/3588/2025::302805_5.0015.154/13","geometry":{"type":"Polygon","coordinates":[[[17.1163837100795,52.6680963759145],[17.1160963540157,52.668138720402],[17.1161814192964,52.6681723382184],[17.1162341874776,52.6683486134326],[17.1162951331616,52.6685519115291],[17.1163628545708,52.6687784473696],[17.1163040621907,52.6688127899242],[17.1166046644322,52.6688542155354],[17.116519421304,52.6688000157603],[17.116495595968,52.6687205700606],[17.1164347987523,52.6685171833102],[17.1163739966522,52.6683140661029],[17.1163252443725,52.6681512119913],[17.1163837100795,52.6680963759145]]]},"properties":{"case_id":"ST-WK-WA/ZGŁOSZENIE/3588/2025","source_type":"zgloszenie","received_date":"2025-11-07","decision_date":null,"status":"Brak sprzeciwu","description":"budowa sieci kanalizacji sanitarnej w miejscowości Potrzanowo","address":"Skoki","city":"Skoki","office":"Starosta Powiatu Wągrowiec","case_kind":"budowa nowego/nowych obiektów budowlanych","parcel_ids":["302805_5.0015.124/43","302805_5.0015.125","302805_5.0015.128","302805_5.0015.130/4","302805_5.0015.139","302805_5.0015.154/10","302805_5.0015.154/13","302805_5.0015.154/20","302805_5.0015.155/4","302805_5.0015.157","302805_5.0015.165","302805_5.0015.166/1","302805_5.0015.167/4","302805_5.0015.375","302805_5.0015.380/1","302805_5.0015.380/14","302805_5.0015.382/1","302805_5.0015.384/1","302805_5.0015.385/12","302805_5.0015.385/7","302805_5.0015.389","302805_5.0015.390","302805_5.0015.391/2","302805_5.0015.392","302805_5.0015.395/1","302805_5.0015.396/3","302805_5.0015.398/6","302805_5.0015.553/2","302805_5.0015.571/1","302805_5.0015.571/2","302805_5.0015.575","302805_5.0015.578/1","302805_5.0015.595","302805_5.0015.601/6","302805_5.0015.605","302805_5.0015.610/1","302805_5.0015.613/5","302805_5.0015.613/6","302805_5.0015.614","302805_5.0015.615/1","302805_5.0015.616","302805_5.0015.664","302805_5.0015.705","302805_5.0015.762/20","302805_5.0015.764","302805_5.0015.767/2"],"location_quality":"dokładny","gunb_url":"https://wyszukiwarka.gunb.gov.pl/","parcel_count":46,"parcel_shard":"x068-y210","parcel_id":"302805_5.0015.154/13","location_source":"powiat wągrowiecki (wfs)"}},{"type":"Feature","id":"ST-WK-WA/ZGŁOSZENIE/3588/2025::302805_5.0015.154/20","geometry":{"type":"Polygon","coordinates":[[[17.1169595433323,52.6680115445655],[17.1167438674267,52.6680433391572],[17.1168289330254,52.6680769565108],[17.1168830948642,52.6682575557265],[17.1169438956296,52.6684608524036],[17.117004844762,52.6686641501463],[17.1170681388333,52.6688758235183],[17.117009348682,52.6689100765644],[17.1173103920993,52.6689516834138],[17.1172250000895,52.6688974830415],[17.1171812338754,52.6687511132286],[17.1171255457035,52.6685654699048],[17.117070005807,52.6683798276523],[17.1170143185607,52.6681941842688],[17.1169595433323,52.6680115445655]]]},"properties":{"case_id":"ST-WK-WA/ZGŁOSZENIE/3588/2025","source_type":"zgloszenie","received_date":"2025-11-07","decision_date":null,"status":"Brak sprzeciwu","description":"budowa sieci kanalizacji sanitarnej w miejscowości Potrzanowo","address":"Skoki","city":"Skoki","office":"Starosta Powiatu Wągrowiec","case_kind":"budowa nowego/nowych obiektów budowlanych","parcel_ids":["302805_5.0015.124/43","302805_5.0015.125","302805_5.0015.128","302805_5.0015.130/4","302805_5.0015.139","302805_5.0015.154/10","302805_5.0015.154/13","302805_5.0015.154/20","302805_5.0015.155/4","302805_5.0015.157","302805_5.0015.165","302805_5.0015.166/1","302805_5.0015.167/4","302805_5.0015.375","302805_5.0015.380/1","302805_5.0015.380/14","302805_5.0015.382/1","302805_5.0015.384/1","302805_5.0015.385/12","302805_5.0015.385/7","302805_5.0015.389","302805_5.0015.390","302805_5.0015.391/2","302805_5.0015.392","302805_5.0015.395/1","302805_5.0015.396/3","302805_5.0015.398/6","302805_5.0015.553/2","302805_5.0015.571/1","302805_5.0015.571/2","302805_5.0015.575","302805_5.0015.578/1","302805_5.0015.595","302805_5.0015.601/6","302805_5.0015.605","302805_5.0015.610/1","302805_5.0015.613/5","302805_5.0015.613/6","302805_5.0015.614","302805_5.0015.615/1","302805_5.0015.616","302805_5.0015.664","302805_5.0015.705","302805_5.0015.762/20","302805_5.0015.764","302805_5.0015.767/2"],"location_quality":"dokładny","gunb_url":"https://wyszukiwarka.gunb.gov.pl/","parcel_count":46,"parcel_shard":"x068-y210","parcel_id":"302805_5.0015.154/20","location_source":"powiat wągrowiecki (wfs)"}},{"type":"Feature","id":"ST-WK-WA/ZGŁOSZENIE/3588/2025::302805_5.0015.155/4","geometry":{"type":"Polygon","coordinates":[[[17.1159762071863,52.6689211495414],[17.1158032669459,52.6688970406969],[17.1158254507943,52.6689185959972],[17.1158476346644,52.6689401512934],[17.1157645658342,52.6691590916266],[17.115684778084,52.6693692488112],[17.1156315924093,52.6693894329126],[17.1152137971624,52.6693311326145],[17.1147815552809,52.6692708356044],[17.1144513301379,52.6692247802628],[17.1143830211204,52.669181310503],[17.1144273405777,52.6693291234705],[17.1144743141829,52.6693017935174],[17.1148851789602,52.6693591459389],[17.1152886758188,52.6694153634563],[17.1157635243928,52.6694816384936],[17.1159762071863,52.6689211495414]]]},"properties":{"case_id":"ST-WK-WA/ZGŁOSZENIE/3588/2025","source_type":"zgloszenie","received_date":"2025-11-07","decision_date":null,"status":"Brak sprzeciwu","description":"budowa sieci kanalizacji sanitarnej w miejscowości Potrzanowo","address":"Skoki","city":"Skoki","office":"Starosta Powiatu Wągrowiec","case_kind":"budowa nowego/nowych obiektów budowlanych","parcel_ids":["302805_5.0015.124/43","302805_5.0015.125","302805_5.0015.128","302805_5.0015.130/4","302805_5.0015.139","302805_5.0015.154/10","302805_5.0015.154/13","302805_5.0015.154/20","302805_5.0015.155/4","302805_5.0015.157","302805_5.0015.165","302805_5.0015.166/1","302805_5.0015.167/4","302805_5.0015.375","302805_5.0015.380/1","302805_5.0015.380/14","302805_5.0015.382/1","302805_5.0015.384/1","302805_5.0015.385/12","302805_5.0015.385/7","302805_5.0015.389","302805_5.0015.390","302805_5.0015.391/2","302805_5.0015.392","302805_5.0015.395/1","302805_5.0015.396/3","302805_5.0015.398/6","302805_5.0015.553/2","302805_5.0015.571/1","302805_5.0015.571/2","302805_5.0015.575","302805_5.0015.578/1","302805_5.0015.595","302805_5.0015.601/6","302805_5.0015.605","302805_5.0015.610/1","302805_5.0015.613/5","302805_5.0015.613/6","302805_5.0015.614","302805_5.0015.615/1","302805_5.0015.616","302805_5.0015.664","302805_5.0015.705","302805_5.0015.762/20","302805_5.0015.764","302805_5.0015.767/2"],"location_quality":"dokładny","gunb_url":"https://wyszukiwarka.gunb.gov.pl/","parcel_count":46,"parcel_shard":"x068-y210","parcel_id":"302805_5.0015.155/4","location_source":"powiat wągrowiecki (wfs)"}},{"type":"Feature","id":"ST-WK-WA/ZGŁOSZENIE/3588/2025::302805_5.0015.157","geometry":{"type":"Polygon","coordinates":[[[17.1142321592884,52.6686779097515],[17.1141087591773,52.6686932066214],[17.114199853275,52.6690349763175],[17.1143015575037,52.6693351038006],[17.114504681109,52.6700081535469],[17.1148694260979,52.6710165581615],[17.1149822719272,52.671373028697],[17.1150499500282,52.6715942623535],[17.1156243026227,52.6724376044407],[17.1158722094107,52.6727733815563],[17.1162840001663,52.673289769892],[17.116703315819,52.6739110006777],[17.1167268207478,52.6739432375393],[17.1168733532461,52.6741547446315],[17.1174813835086,52.6760785731858],[17.1162079046165,52.6773034457531],[17.117503094981,52.6760837129589],[17.1175592870246,52.6760307935386],[17.1169151678638,52.6740893280234],[17.1163639739818,52.6732692999875],[17.1157728285522,52.6725264570294],[17.1155182662491,52.672153533251],[17.1151711183512,52.6715682050608],[17.1149962560466,52.6710468038926],[17.1149725463671,52.6709763460854],[17.1144888570479,52.6695342856135],[17.1144273405777,52.6693291234705],[17.1143830211204,52.669181310503],[17.1143158570148,52.6689569346363],[17.1142428742841,52.6687132823837],[17.1142321592884,52.6686779097515]]]},"properties":{"case_id":"ST-WK-WA/ZGŁOSZENIE/3588/2025","source_type":"zgloszenie","received_date":"2025-11-07","decision_date":null,"status":"Brak sprzeciwu","description":"budowa sieci kanalizacji sanitarnej w miejscowości Potrzanowo","address":"Skoki","city":"Skoki","office":"Starosta Powiatu Wągrowiec","case_kind":"budowa nowego/nowych obiektów budowlanych","parcel_ids":["302805_5.0015.124/43","302805_5.0015.125","302805_5.0015.128","302805_5.0015.130/4","302805_5.0015.139","302805_5.0015.154/10","302805_5.0015.154/13","302805_5.0015.154/20","302805_5.0015.155/4","302805_5.0015.157","302805_5.0015.165","302805_5.0015.166/1","302805_5.0015.167/4","302805_5.0015.375","302805_5.0015.380/1","302805_5.0015.380/14","302805_5.0015.382/1","302805_5.0015.384/1","302805_5.0015.385/12","302805_5.0015.385/7","302805_5.0015.389","302805_5.0015.390","302805_5.0015.391/2","302805_5.0015.392","302805_5.0015.395/1","302805_5.0015.396/3","302805_5.0015.398/6","302805_5.0015.553/2","302805_5.0015.571/1","302805_5.0015.571/2","302805_5.0015.575","302805_5.0015.578/1","302805_5.0015.595","302805_5.0015.601/6","302805_5.0015.605","302805_5.0015.610/1","302805_5.0015.613/5","302805_5.0015.613/6","302805_5.0015.614","302805_5.0015.615/1","302805_5.0015.616","302805_5.0015.664","302805_5.0015.705","302805_5.0015.762/20","302805_5.0015.764","302805_5.0015.767/2"],"location_quality":"dokładny","gunb_url":"https://wyszukiwarka.gunb.gov.pl/","parcel_count":46,"parcel_shard":"x068-y210","parcel_id":"302805_5.0015.157","location_source":"powiat wągrowiecki (wfs)"}},{"type":"Feature","id":"ST-WK-WA/ZGŁOSZENIE/3588/2025::302805_5.0015.165","geometry":{"type":"Polygon","coordinates":[[[17.1141909665515,52.6685554187118],[17.1141087591773,52.6686932066214],[17.1142321592884,52.6686779097515],[17.1142898473386,52.6686859524985],[17.1158032669459,52.6688970406969],[17.1159762071863,52.6689211495414],[17.1161196288308,52.6689428540814],[17.1182362355301,52.6692614654301],[17.1184052077767,52.6692852715798],[17.11847731065,52.6692954332904],[17.1187938066847,52.6693466149247],[17.118907746581,52.6693715390191],[17.1189753556316,52.6694074156617],[17.1203946052566,52.6696412917563],[17.1204640022951,52.6695447154208],[17.1204855237012,52.6695179985529],[17.1204150446449,52.6695069034308],[17.1203399019506,52.6694942128814],[17.1195712425857,52.6693642109364],[17.1177507539841,52.669071258029],[17.1153259484835,52.6687190968847],[17.1149877924223,52.6686706751623],[17.1146981982132,52.6686285849187],[17.1141909665515,52.6685554187118]]]},"properties":{"case_id":"ST-WK-WA/ZGŁOSZENIE/3588/2025","source_type":"zgloszenie","received_date":"2025-11-07","decision_date":null,"status":"Brak sprzeciwu","description":"budowa sieci kanalizacji sanitarnej w miejscowości Potrzanowo","address":"Skoki","city":"Skoki","office":"Starosta Powiatu Wągrowiec","case_kind":"budowa nowego/nowych obiektów budowlanych","parcel_ids":["302805_5.0015.124/43","302805_5.0015.125","302805_5.0015.128","302805_5.0015.130/4","302805_5.0015.139","302805_5.0015.154/10","302805_5.0015.154/13","302805_5.0015.154/20","302805_5.0015.155/4","302805_5.0015.157","302805_5.0015.165","302805_5.0015.166/1","302805_5.0015.167/4","302805_5.0015.375","302805_5.0015.380/1","302805_5.0015.380/14","302805_5.0015.382/1","302805_5.0015.384/1","302805_5.0015.385/12","302805_5.0015.385/7","302805_5.0015.389","302805_5.0015.390","302805_5.0015.391/2","302805_5.0015.392","302805_5.0015.395/1","302805_5.0015.396/3","302805_5.0015.398/6","302805_5.0015.553/2","302805_5.0015.571/1","302805_5.0015.571/2","302805_5.0015.575","302805_5.0015.578/1","302805_5.0015.595","302805_5.0015.601/6","302805_5.0015.605","302805_5.0015.610/1","302805_5.0015.613/5","302805_5.0015.613/6","302805_5.0015.614","302805_5.0015.615/1","302805_5.0015.616","302805_5.0015.664","302805_5.0015.705","302805_5.0015.762/20","302805_5.0015.764","302805_5.0015.767/2"],"location_quality":"dokładny","gunb_url":"https://wyszukiwarka.gunb.gov.pl/","parcel_count":46,"parcel_shard":"x068-y210","parcel_id":"302805_5.0015.165","location_source":"powiat wągrowiecki (wfs)"}},{"type":"Feature","id":"ST-WK-WA/ZGŁOSZENIE/3588/2025::302805_5.0015.166/1","geometry":{"type":"Polygon","coordinates":[[[17.1177507539841,52.669071258029],[17.1195712425857,52.6693642109364],[17.1195552971226,52.6693043268749],[17.1190353385284,52.6692167913139],[17.1186935153984,52.6691591578394],[17.1184449561635,52.6691173157896],[17.1182327918868,52.6690814958715],[17.1177302246436,52.6689968700177],[17.1177339477573,52.6690101989536],[17.1177507539841,52.669071258029]]]},"properties":{"case_id":"ST-WK-WA/ZGŁOSZENIE/3588/2025","source_type":"zgloszenie","received_date":"2025-11-07","decision_date":null,"status":"Brak sprzeciwu","description":"budowa sieci kanalizacji sanitarnej w miejscowości Potrzanowo","address":"Skoki","city":"Skoki","office":"Starosta Powiatu Wągrowiec","case_kind":"budowa nowego/nowych obiektów budowlanych","parcel_ids":["302805_5.0015.124/43","302805_5.0015.125","302805_5.0015.128","302805_5.0015.130/4","302805_5.0015.139","302805_5.0015.154/10","302805_5.0015.154/13","302805_5.0015.154/20","302805_5.0015.155/4","302805_5.0015.157","302805_5.0015.165","302805_5.0015.166/1","302805_5.0015.167/4","302805_5.0015.375","302805_5.0015.380/1","302805_5.0015.380/14","302805_5.0015.382/1","302805_5.0015.384/1","302805_5.0015.385/12","302805_5.0015.385/7","302805_5.0015.389","302805_5.0015.390","302805_5.0015.391/2","302805_5.0015.392","302805_5.0015.395/1","302805_5.0015.396/3","302805_5.0015.398/6","302805_5.0015.553/2","302805_5.0015.571/1","302805_5.0015.571/2","302805_5.0015.575","302805_5.0015.578/1","302805_5.0015.595","302805_5.0015.601/6","302805_5.0015.605","302805_5.0015.610/1","302805_5.0015.613/5","302805_5.0015.613/6","302805_5.0015.614","302805_5.0015.615/1","302805_5.0015.616","302805_5.0015.664","302805_5.0015.705","302805_5.0015.762/20","302805_5.0015.764","302805_5.0015.767/2"],"location_quality":"dokładny","gunb_url":"https://wyszukiwarka.gunb.gov.pl/","parcel_count":46,"parcel_shard":"x068-y210","parcel_id":"302805_5.0015.166/1","location_source":"powiat wągrowiecki (wfs)"}},{"type":"Feature","id":"ST-WK-WA/ZGŁOSZENIE/3588/2025::302805_5.0015.167/4","geometry":{"type":"Polygon","coordinates":[[[17.1225313499229,52.6669806002066],[17.1224219362164,52.6669914032119],[17.121913539972,52.6676260962633],[17.1218705658355,52.6676828472919],[17.1211775477286,52.6685513670378],[17.1204150446449,52.6695069034308],[17.1204855237012,52.6695179985529],[17.1208270818097,52.6691070221873],[17.1210401819759,52.668840127297],[17.1212541148988,52.6685740435379],[17.1214148721442,52.6683720322559],[17.12153740616,52.6682182689265],[17.1215754710764,52.6681704689458],[17.121735074691,52.6679667174671],[17.1218976080254,52.6677649263368],[17.1220728170807,52.6675473952397],[17.1221986153275,52.6673912085413],[17.122222344593,52.6673617469492],[17.1225313499229,52.6669806002066]]]},"properties":{"case_id":"ST-WK-WA/ZGŁOSZENIE/3588/2025","source_type":"zgloszenie","received_date":"2025-11-07","decision_date":null,"status":"Brak sprzeciwu","description":"budowa sieci kanalizacji sanitarnej w miejscowości Potrzanowo","address":"Skoki","city":"Skoki","office":"Starosta Powiatu Wągrowiec","case_kind":"budowa nowego/nowych obiektów budowlanych","parcel_ids":["302805_5.0015.124/43","302805_5.0015.125","302805_5.0015.128","302805_5.0015.130/4","302805_5.0015.139","302805_5.0015.154/10","302805_5.0015.154/13","302805_5.0015.154/20","302805_5.0015.155/4","302805_5.0015.157","302805_5.0015.165","302805_5.0015.166/1","302805_5.0015.167/4","302805_5.0015.375","302805_5.0015.380/1","302805_5.0015.380/14","302805_5.0015.382/1","302805_5.0015.384/1","302805_5.0015.385/12","302805_5.0015.385/7","302805_5.0015.389","302805_5.0015.390","302805_5.0015.391/2","302805_5.0015.392","302805_5.0015.395/1","302805_5.0015.396/3","302805_5.0015.398/6","302805_5.0015.553/2","302805_5.0015.571/1","302805_5.0015.571/2","302805_5.0015.575","302805_5.0015.578/1","302805_5.0015.595","302805_5.0015.601/6","302805_5.0015.605","302805_5.0015.610/1","302805_5.0015.613/5","302805_5.0015.613/6","302805_5.0015.614","302805_5.0015.615/1","302805_5.0015.616","302805_5.0015.664","302805_5.0015.705","302805_5.0015.762/20","302805_5.0015.764","302805_5.0015.767/2"],"location_quality":"dokładny","gunb_url":"https://wyszukiwarka.gunb.gov.pl/","parcel_count":46,"parcel_shard":"x068-y210","parcel_id":"302805_5.0015.167/4","location_source":"powiat wągrowiecki (wfs)"}},{"type":"Feature","id":"ST-WK-WA/ZGŁOSZENIE/3588/2025::302805_5.0015.375","geometry":{"type":"Polygon","coordinates":[[[17.1057600952464,52.6706694012658],[17.1056489469155,52.6706894656255],[17.1056531719496,52.6710749241887],[17.1056544661016,52.6711917569927],[17.10565555942,52.6712463087956],[17.1056564103196,52.6712915214149],[17.10566060039,52.6715062600028],[17.1056631979572,52.6716324615113],[17.1056673862387,52.6718472899463],[17.105665886595,52.6718945373837],[17.1061181855025,52.6721843573621],[17.1062853233865,52.6728779676294],[17.1064081095031,52.6733875041963],[17.1064187726007,52.6734404372627],[17.1066495717208,52.6744316373254],[17.1068642768586,52.6753489282996],[17.1071831145745,52.6767038897092],[17.1074470544282,52.6778280716324],[17.1076702696885,52.6787800213035],[17.1076636891995,52.6788346256047],[17.1077926783294,52.6788141816956],[17.1077833472197,52.6787777440392],[17.1077062941008,52.6784455013551],[17.1076330985073,52.6781335402344],[17.1075628877563,52.6778332214427],[17.1075564140782,52.6778065522052],[17.1075379017959,52.6777293604042],[17.1074922612112,52.6775390488175],[17.1073254409247,52.6768186941418],[17.1072963345889,52.6766941629374],[17.1072479560677,52.6764871742586],[17.1070634900995,52.6756979129085],[17.1069837374663,52.6753566716024],[17.10693251999,52.6751375219759],[17.1069239693657,52.6750936351596],[17.1067909534547,52.6745327234387],[17.106766029283,52.6744251239405],[17.1065211540328,52.6733772784627],[17.1063922645314,52.6728614150908],[17.1062256137943,52.6721456556137],[17.1061148274723,52.6720721040641],[17.105758886628,52.6718344680345],[17.1057718261616,52.6715665153739],[17.1057832350496,52.6714308183211],[17.1057600952464,52.6706694012658]]]},"properties":{"case_id":"ST-WK-WA/ZGŁOSZENIE/3588/2025","source_type":"zgloszenie","received_date":"2025-11-07","decision_date":null,"status":"Brak sprzeciwu","description":"budowa sieci kanalizacji sanitarnej w miejscowości Potrzanowo","address":"Skoki","city":"Skoki","office":"Starosta Powiatu Wągrowiec","case_kind":"budowa nowego/nowych obiektów budowlanych","parcel_ids":["302805_5.0015.124/43","302805_5.0015.125","302805_5.0015.128","302805_5.0015.130/4","302805_5.0015.139","302805_5.0015.154/10","302805_5.0015.154/13","302805_5.0015.154/20","302805_5.0015.155/4","302805_5.0015.157","302805_5.0015.165","302805_5.0015.166/1","302805_5.0015.167/4","302805_5.0015.375","302805_5.0015.380/1","302805_5.0015.380/14","302805_5.0015.382/1","302805_5.0015.384/1","302805_5.0015.385/12","302805_5.0015.385/7","302805_5.0015.389","302805_5.0015.390","302805_5.0015.391/2","302805_5.0015.392","302805_5.0015.395/1","302805_5.0015.396/3","302805_5.0015.398/6","302805_5.0015.553/2","302805_5.0015.571/1","302805_5.0015.571/2","302805_5.0015.575","302805_5.0015.578/1","302805_5.0015.595","302805_5.0015.601/6","302805_5.0015.605","302805_5.0015.610/1","302805_5.0015.613/5","302805_5.0015.613/6","302805_5.0015.614","302805_5.0015.615/1","302805_5.0015.616","302805_5.0015.664","302805_5.0015.705","302805_5.0015.762/20","302805_5.0015.764","302805_5.0015.767/2"],"location_quality":"dokładny","gunb_url":"https://wyszukiwarka.gunb.gov.pl/","parcel_count":46,"parcel_shard":"x068-y210","parcel_id":"302805_5.0015.375","location_source":"powiat wągrowiecki (wfs)"}},{"type":"Feature","id":"ST-WK-WA/ZGŁOSZENIE/3588/2025::302805_5.0015.380/1","geometry":{"type":"Polygon","coordinates":[[[17.1076483066249,52.6695987482533],[17.1076599765105,52.6696575696254],[17.1079742154842,52.6695903731314],[17.1083437348601,52.6695290449115],[17.1085315571619,52.6695039452014],[17.1086497046917,52.669488207266],[17.1088592427614,52.6694638994636],[17.1092466052767,52.6694189988262],[17.1092606597366,52.6693804364704],[17.1086081484395,52.6694157040645],[17.1076483066249,52.6695987482533]]]},"properties":{"case_id":"ST-WK-WA/ZGŁOSZENIE/3588/2025","source_type":"zgloszenie","received_date":"2025-11-07","decision_date":null,"status":"Brak sprzeciwu","description":"budowa sieci kanalizacji sanitarnej w miejscowości Potrzanowo","address":"Skoki","city":"Skoki","office":"Starosta Powiatu Wągrowiec","case_kind":"budowa nowego/nowych obiektów budowlanych","parcel_ids":["302805_5.0015.124/43","302805_5.0015.125","302805_5.0015.128","302805_5.0015.130/4","302805_5.0015.139","302805_5.0015.154/10","302805_5.0015.154/13","302805_5.0015.154/20","302805_5.0015.155/4","302805_5.0015.157","302805_5.0015.165","302805_5.0015.166/1","302805_5.0015.167/4","302805_5.0015.375","302805_5.0015.380/1","302805_5.0015.380/14","302805_5.0015.382/1","302805_5.0015.384/1","302805_5.0015.385/12","302805_5.0015.385/7","302805_5.0015.389","302805_5.0015.390","302805_5.0015.391/2","302805_5.0015.392","302805_5.0015.395/1","302805_5.0015.396/3","302805_5.0015.398/6","302805_5.0015.553/2","302805_5.0015.571/1","302805_5.0015.571/2","302805_5.0015.575","302805_5.0015.578/1","302805_5.0015.595","302805_5.0015.601/6","302805_5.0015.605","302805_5.0015.610/1","302805_5.0015.613/5","302805_5.0015.613/6","302805_5.0015.614","302805_5.0015.615/1","302805_5.0015.616","302805_5.0015.664","302805_5.0015.705","302805_5.0015.762/20","302805_5.0015.764","302805_5.0015.767/2"],"location_quality":"dokładny","gunb_url":"https://wyszukiwarka.gunb.gov.pl/","parcel_count":46,"parcel_shard":"x068-y210","parcel_id":"302805_5.0015.380/1","location_source":"powiat wągrowiecki (wfs)"}},{"type":"Feature","id":"ST-WK-WA/ZGŁOSZENIE/3588/2025::302805_5.0015.380/14","geometry":{"type":"Polygon","coordinates":[[[17.1080612634002,52.6701655581927],[17.1083836358831,52.6701398534785],[17.1086987502916,52.6701148122922],[17.1090140121673,52.6700897713776],[17.1089948317377,52.6700006527637],[17.1087749332511,52.67001814242],[17.1086173851946,52.6698050367201],[17.1084997150802,52.6695357904138],[17.1085315571619,52.6695039452014],[17.1083437348601,52.6695290449115],[17.1084618309852,52.669799103439],[17.108469460089,52.6698165063465],[17.1083937758355,52.6700484388839],[17.1080420848797,52.6700764394341],[17.1080612634002,52.6701655581927]]]},"properties":{"case_id":"ST-WK-WA/ZGŁOSZENIE/3588/2025","source_type":"zgloszenie","received_date":"2025-11-07","decision_date":null,"status":"Brak sprzeciwu","description":"budowa sieci kanalizacji sanitarnej w miejscowości Potrzanowo","address":"Skoki","city":"Skoki","office":"Starosta Powiatu Wągrowiec","case_kind":"budowa nowego/nowych obiektów budowlanych","parcel_ids":["302805_5.0015.124/43","302805_5.0015.125","302805_5.0015.128","302805_5.0015.130/4","302805_5.0015.139","302805_5.0015.154/10","302805_5.0015.154/13","302805_5.0015.154/20","302805_5.0015.155/4","302805_5.0015.157","302805_5.0015.165","302805_5.0015.166/1","302805_5.0015.167/4","302805_5.0015.375","302805_5.0015.380/1","302805_5.0015.380/14","302805_5.0015.382/1","302805_5.0015.384/1","302805_5.0015.385/12","302805_5.0015.385/7","302805_5.0015.389","302805_5.0015.390","302805_5.0015.391/2","302805_5.0015.392","302805_5.0015.395/1","302805_5.0015.396/3","302805_5.0015.398/6","302805_5.0015.553/2","302805_5.0015.571/1","302805_5.0015.571/2","302805_5.0015.575","302805_5.0015.578/1","302805_5.0015.595","302805_5.0015.601/6","302805_5.0015.605","302805_5.0015.610/1","302805_5.0015.613/5","302805_5.0015.613/6","302805_5.0015.614","302805_5.0015.615/1","302805_5.0015.616","302805_5.0015.664","302805_5.0015.705","302805_5.0015.762/20","302805_5.0015.764","302805_5.0015.767/2"],"location_quality":"dokładny","gunb_url":"https://wyszukiwarka.gunb.gov.pl/","parcel_count":46,"parcel_shard":"x068-y210","parcel_id":"302805_5.0015.380/14","location_source":"powiat wągrowiecki (wfs)"}},{"type":"Feature","id":"ST-WK-WA/ZGŁOSZENIE/3588/2025::302805_5.0015.382/1","geometry":{"type":"Polygon","coordinates":[[[17.1076483066249,52.6695987482533],[17.1074757043601,52.6696852627636],[17.1070070157453,52.6700991696328],[17.107530406092,52.6697114281089],[17.1076599765105,52.6696575696254],[17.1076483066249,52.6695987482533]]]},"properties":{"case_id":"ST-WK-WA/ZGŁOSZENIE/3588/2025","source_type":"zgloszenie","received_date":"2025-11-07","decision_date":null,"status":"Brak sprzeciwu","description":"budowa sieci kanalizacji sanitarnej w miejscowości Potrzanowo","address":"Skoki","city":"Skoki","office":"Starosta Powiatu Wągrowiec","case_kind":"budowa nowego/nowych obiektów budowlanych","parcel_ids":["302805_5.0015.124/43","302805_5.0015.125","302805_5.0015.128","302805_5.0015.130/4","302805_5.0015.139","302805_5.0015.154/10","302805_5.0015.154/13","302805_5.0015.154/20","302805_5.0015.155/4","302805_5.0015.157","302805_5.0015.165","302805_5.0015.166/1","302805_5.0015.167/4","302805_5.0015.375","302805_5.0015.380/1","302805_5.0015.380/14","302805_5.0015.382/1","302805_5.0015.384/1","302805_5.0015.385/12","302805_5.0015.385/7","302805_5.0015.389","302805_5.0015.390","302805_5.0015.391/2","302805_5.0015.392","302805_5.0015.395/1","302805_5.0015.396/3","302805_5.0015.398/6","302805_5.0015.553/2","302805_5.0015.571/1","302805_5.0015.571/2","302805_5.0015.575","302805_5.0015.578/1","302805_5.0015.595","302805_5.0015.601/6","302805_5.0015.605","302805_5.0015.610/1","302805_5.0015.613/5","302805_5.0015.613/6","302805_5.0015.614","302805_5.0015.615/1","302805_5.0015.616","302805_5.0015.664","302805_5.0015.705","302805_5.0015.762/20","302805_5.0015.764","302805_5.0015.767/2"],"location_quality":"dokładny","gunb_url":"https://wyszukiwarka.gunb.gov.pl/","parcel_count":46,"parcel_shard":"x068-y210","parcel_id":"302805_5.0015.382/1","location_source":"powiat wągrowiecki (wfs)"}},{"type":"Feature","id":"ST-WK-WA/ZGŁOSZENIE/3588/2025::302805_5.0015.384/1","geometry":{"type":"Polygon","coordinates":[[[17.1116665128638,52.6689544496069],[17.1116153713392,52.6689659583501],[17.1115966304271,52.6690231011798],[17.1116414801268,52.669015287747],[17.1116665128638,52.6689544496069]]]},"properties":{"case_id":"ST-WK-WA/ZGŁOSZENIE/3588/2025","source_type":"zgloszenie","received_date":"2025-11-07","decision_date":null,"status":"Brak sprzeciwu","description":"budowa sieci kanalizacji sanitarnej w miejscowości Potrzanowo","address":"Skoki","city":"Skoki","office":"Starosta Powiatu Wągrowiec","case_kind":"budowa nowego/nowych obiektów budowlanych","parcel_ids":["302805_5.0015.124/43","302805_5.0015.125","302805_5.0015.128","302805_5.0015.130/4","302805_5.0015.139","302805_5.0015.154/10","302805_5.0015.154/13","302805_5.0015.154/20","302805_5.0015.155/4","302805_5.0015.157","302805_5.0015.165","302805_5.0015.166/1","302805_5.0015.167/4","302805_5.0015.375","302805_5.0015.380/1","302805_5.0015.380/14","302805_5.0015.382/1","302805_5.0015.384/1","302805_5.0015.385/12","302805_5.0015.385/7","302805_5.0015.389","302805_5.0015.390","302805_5.0015.391/2","302805_5.0015.392","302805_5.0015.395/1","302805_5.0015.396/3","302805_5.0015.398/6","302805_5.0015.553/2","302805_5.0015.571/1","302805_5.0015.571/2","302805_5.0015.575","302805_5.0015.578/1","302805_5.0015.595","302805_5.0015.601/6","302805_5.0015.605","302805_5.0015.610/1","302805_5.0015.613/5","302805_5.0015.613/6","302805_5.0015.614","302805_5.0015.615/1","302805_5.0015.616","302805_5.0015.664","302805_5.0015.705","302805_5.0015.762/20","302805_5.0015.764","302805_5.0015.767/2"],"location_quality":"dokładny","gunb_url":"https://wyszukiwarka.gunb.gov.pl/","parcel_count":46,"parcel_shard":"x068-y210","parcel_id":"302805_5.0015.384/1","location_source":"powiat wągrowiecki (wfs)"}},{"type":"Feature","id":"ST-WK-WA/ZGŁOSZENIE/3588/2025::302805_5.0015.385/12","geometry":{"type":"Polygon","coordinates":[[[17.1116665128638,52.6689544496069],[17.1116414801268,52.669015287747],[17.1128893836218,52.668792762466],[17.1131815512712,52.6687544105851],[17.1134706708755,52.6687160760512],[17.1134547167117,52.6686681997498],[17.1122246493069,52.6688574817276],[17.1116665128638,52.6689544496069]]]},"properties":{"case_id":"ST-WK-WA/ZGŁOSZENIE/3588/2025","source_type":"zgloszenie","received_date":"2025-11-07","decision_date":null,"status":"Brak sprzeciwu","description":"budowa sieci kanalizacji sanitarnej w miejscowości Potrzanowo","address":"Skoki","city":"Skoki","office":"Starosta Powiatu Wągrowiec","case_kind":"budowa nowego/nowych obiektów budowlanych","parcel_ids":["302805_5.0015.124/43","302805_5.0015.125","302805_5.0015.128","302805_5.0015.130/4","302805_5.0015.139","302805_5.0015.154/10","302805_5.0015.154/13","302805_5.0015.154/20","302805_5.0015.155/4","302805_5.0015.157","302805_5.0015.165","302805_5.0015.166/1","302805_5.0015.167/4","302805_5.0015.375","302805_5.0015.380/1","302805_5.0015.380/14","302805_5.0015.382/1","302805_5.0015.384/1","302805_5.0015.385/12","302805_5.0015.385/7","302805_5.0015.389","302805_5.0015.390","302805_5.0015.391/2","302805_5.0015.392","302805_5.0015.395/1","302805_5.0015.396/3","302805_5.0015.398/6","302805_5.0015.553/2","302805_5.0015.571/1","302805_5.0015.571/2","302805_5.0015.575","302805_5.0015.578/1","302805_5.0015.595","302805_5.0015.601/6","302805_5.0015.605","302805_5.0015.610/1","302805_5.0015.613/5","302805_5.0015.613/6","302805_5.0015.614","302805_5.0015.615/1","302805_5.0015.616","302805_5.0015.664","302805_5.0015.705","302805_5.0015.762/20","302805_5.0015.764","302805_5.0015.767/2"],"location_quality":"dokładny","gunb_url":"https://wyszukiwarka.gunb.gov.pl/","parcel_count":46,"parcel_shard":"x068-y210","parcel_id":"302805_5.0015.385/12","location_source":"powiat wągrowiecki (wfs)"}},{"type":"Feature","id":"ST-WK-WA/ZGŁOSZENIE/3588/2025::302805_5.0015.385/7","geometry":{"type":"Polygon","coordinates":[[[17.113705001114,52.66862041123],[17.1134547167117,52.6686681997498],[17.1134706708755,52.6687160760512],[17.1137625758119,52.6686949451883],[17.1140428760787,52.6686513790142],[17.113705001114,52.66862041123]]]},"properties":{"case_id":"ST-WK-WA/ZGŁOSZENIE/3588/2025","source_type":"zgloszenie","received_date":"2025-11-07","decision_date":null,"status":"Brak sprzeciwu","description":"budowa sieci kanalizacji sanitarnej w miejscowości Potrzanowo","address":"Skoki","city":"Skoki","office":"Starosta Powiatu Wągrowiec","case_kind":"budowa nowego/nowych obiektów budowlanych","parcel_ids":["302805_5.0015.124/43","302805_5.0015.125","302805_5.0015.128","302805_5.0015.130/4","302805_5.0015.139","302805_5.0015.154/10","302805_5.0015.154/13","302805_5.0015.154/20","302805_5.0015.155/4","302805_5.0015.157","302805_5.0015.165","302805_5.0015.166/1","302805_5.0015.167/4","302805_5.0015.375","302805_5.0015.380/1","302805_5.0015.380/14","302805_5.0015.382/1","302805_5.0015.384/1","302805_5.0015.385/12","302805_5.0015.385/7","302805_5.0015.389","302805_5.0015.390","302805_5.0015.391/2","302805_5.0015.392","302805_5.0015.395/1","302805_5.0015.396/3","302805_5.0015.398/6","302805_5.0015.553/2","302805_5.0015.571/1","302805_5.0015.571/2","302805_5.0015.575","302805_5.0015.578/1","302805_5.0015.595","302805_5.0015.601/6","302805_5.0015.605","302805_5.0015.610/1","302805_5.0015.613/5","302805_5.0015.613/6","302805_5.0015.614","302805_5.0015.615/1","302805_5.0015.616","302805_5.0015.664","302805_5.0015.705","302805_5.0015.762/20","302805_5.0015.764","302805_5.0015.767/2"],"location_quality":"dokładny","gunb_url":"https://wyszukiwarka.gunb.gov.pl/","parcel_count":46,"parcel_shard":"x068-y210","parcel_id":"302805_5.0015.385/7","location_source":"powiat wągrowiecki (wfs)"}},{"type":"Feature","id":"ST-WK-WA/ZGŁOSZENIE/3588/2025::302805_5.0015.389","geometry":{"type":"Polygon","coordinates":[[[17.1083277227297,52.6677644295523],[17.1082807909894,52.6677725100829],[17.1084073726245,52.6683273800574],[17.1084321550909,52.668380861285],[17.1084622064855,52.6684224290077],[17.1084331023836,52.6682286017295],[17.1083598658968,52.6677408546827],[17.1083277227297,52.6677644295523]]]},"properties":{"case_id":"ST-WK-WA/ZGŁOSZENIE/3588/2025","source_type":"zgloszenie","received_date":"2025-11-07","decision_date":null,"status":"Brak sprzeciwu","description":"budowa sieci kanalizacji sanitarnej w miejscowości Potrzanowo","address":"Skoki","city":"Skoki","office":"Starosta Powiatu Wągrowiec","case_kind":"budowa nowego/nowych obiektów budowlanych","parcel_ids":["302805_5.0015.124/43","302805_5.0015.125","302805_5.0015.128","302805_5.0015.130/4","302805_5.0015.139","302805_5.0015.154/10","302805_5.0015.154/13","302805_5.0015.154/20","302805_5.0015.155/4","302805_5.0015.157","302805_5.0015.165","302805_5.0015.166/1","302805_5.0015.167/4","302805_5.0015.375","302805_5.0015.380/1","302805_5.0015.380/14","302805_5.0015.382/1","302805_5.0015.384/1","302805_5.0015.385/12","302805_5.0015.385/7","302805_5.0015.389","302805_5.0015.390","302805_5.0015.391/2","302805_5.0015.392","302805_5.0015.395/1","302805_5.0015.396/3","302805_5.0015.398/6","302805_5.0015.553/2","302805_5.0015.571/1","302805_5.0015.571/2","302805_5.0015.575","302805_5.0015.578/1","302805_5.0015.595","302805_5.0015.601/6","302805_5.0015.605","302805_5.0015.610/1","302805_5.0015.613/5","302805_5.0015.613/6","302805_5.0015.614","302805_5.0015.615/1","302805_5.0015.616","302805_5.0015.664","302805_5.0015.705","302805_5.0015.762/20","302805_5.0015.764","302805_5.0015.767/2"],"location_quality":"dokładny","gunb_url":"https://wyszukiwarka.gunb.gov.pl/","parcel_count":46,"parcel_shard":"x068-y210","parcel_id":"302805_5.0015.389","location_source":"powiat wągrowiecki (wfs)"}},{"type":"Feature","id":"ST-WK-WA/ZGŁOSZENIE/3588/2025::302805_5.0015.390","geometry":{"type":"Polygon","coordinates":[[[17.1082807909894,52.6677725100829],[17.108235799603,52.6677803236937],[17.1078763857428,52.667839685922],[17.1084073726245,52.6683273800574],[17.1082807909894,52.6677725100829]]]},"properties":{"case_id":"ST-WK-WA/ZGŁOSZENIE/3588/2025","source_type":"zgloszenie","received_date":"2025-11-07","decision_date":null,"status":"Brak sprzeciwu","description":"budowa sieci kanalizacji sanitarnej w miejscowości Potrzanowo","address":"Skoki","city":"Skoki","office":"Starosta Powiatu Wągrowiec","case_kind":"budowa nowego/nowych obiektów budowlanych","parcel_ids":["302805_5.0015.124/43","302805_5.0015.125","302805_5.0015.128","302805_5.0015.130/4","302805_5.0015.139","302805_5.0015.154/10","302805_5.0015.154/13","302805_5.0015.154/20","302805_5.0015.155/4","302805_5.0015.157","302805_5.0015.165","302805_5.0015.166/1","302805_5.0015.167/4","302805_5.0015.375","302805_5.0015.380/1","302805_5.0015.380/14","302805_5.0015.382/1","302805_5.0015.384/1","302805_5.0015.385/12","302805_5.0015.385/7","302805_5.0015.389","302805_5.0015.390","302805_5.0015.391/2","302805_5.0015.392","302805_5.0015.395/1","302805_5.0015.396/3","302805_5.0015.398/6","302805_5.0015.553/2","302805_5.0015.571/1","302805_5.0015.571/2","302805_5.0015.575","302805_5.0015.578/1","302805_5.0015.595","302805_5.0015.601/6","302805_5.0015.605","302805_5.0015.610/1","302805_5.0015.613/5","302805_5.0015.613/6","302805_5.0015.614","302805_5.0015.615/1","302805_5.0015.616","302805_5.0015.664","302805_5.0015.705","302805_5.0015.762/20","302805_5.0015.764","302805_5.0015.767/2"],"location_quality":"dokładny","gunb_url":"https://wyszukiwarka.gunb.gov.pl/","parcel_count":46,"parcel_shard":"x068-y210","parcel_id":"302805_5.0015.390","location_source":"powiat wągrowiecki (wfs)"}},{"type":"Feature","id":"ST-WK-WA/ZGŁOSZENIE/3588/2025::302805_5.0015.391/2","geometry":{"type":"Polygon","coordinates":[[[17.1078763857428,52.667839685922],[17.1077744689878,52.6678560854577],[17.1083209301192,52.6683976665112],[17.1083422037722,52.6684241719679],[17.1086117739976,52.6687600336924],[17.1090258422804,52.6692878279319],[17.1089411503545,52.6693282762221],[17.1092678315373,52.6693138248563],[17.109202649149,52.6692779306013],[17.1091274312034,52.6692792513656],[17.1089726720737,52.6690849328866],[17.1089187097825,52.6690188452802],[17.1087010449337,52.668752442223],[17.1086924120135,52.6687407836614],[17.1086642323842,52.668701656653],[17.1084622064855,52.6684224290077],[17.1084321550909,52.668380861285],[17.1084073726245,52.6683273800574],[17.1078763857428,52.667839685922]]]},"properties":{"case_id":"ST-WK-WA/ZGŁOSZENIE/3588/2025","source_type":"zgloszenie","received_date":"2025-11-07","decision_date":null,"status":"Brak sprzeciwu","description":"budowa sieci kanalizacji sanitarnej w miejscowości Potrzanowo","address":"Skoki","city":"Skoki","office":"Starosta Powiatu Wągrowiec","case_kind":"budowa nowego/nowych obiektów budowlanych","parcel_ids":["302805_5.0015.124/43","302805_5.0015.125","302805_5.0015.128","302805_5.0015.130/4","302805_5.0015.139","302805_5.0015.154/10","302805_5.0015.154/13","302805_5.0015.154/20","302805_5.0015.155/4","302805_5.0015.157","302805_5.0015.165","302805_5.0015.166/1","302805_5.0015.167/4","302805_5.0015.375","302805_5.0015.380/1","302805_5.0015.380/14","302805_5.0015.382/1","302805_5.0015.384/1","302805_5.0015.385/12","302805_5.0015.385/7","302805_5.0015.389","302805_5.0015.390","302805_5.0015.391/2","302805_5.0015.392","302805_5.0015.395/1","302805_5.0015.396/3","302805_5.0015.398/6","302805_5.0015.553/2","302805_5.0015.571/1","302805_5.0015.571/2","302805_5.0015.575","302805_5.0015.578/1","302805_5.0015.595","302805_5.0015.601/6","302805_5.0015.605","302805_5.0015.610/1","302805_5.0015.613/5","302805_5.0015.613/6","302805_5.0015.614","302805_5.0015.615/1","302805_5.0015.616","302805_5.0015.664","302805_5.0015.705","302805_5.0015.762/20","302805_5.0015.764","302805_5.0015.767/2"],"location_quality":"dokładny","gunb_url":"https://wyszukiwarka.gunb.gov.pl/","parcel_count":46,"parcel_shard":"x068-y210","parcel_id":"302805_5.0015.391/2","location_source":"powiat wągrowiecki (wfs)"}},{"type":"Feature","id":"ST-WK-WA/ZGŁOSZENIE/3588/2025::302805_5.0015.392","geometry":{"type":"Polygon","coordinates":[[[17.1022459769114,52.6708929000715],[17.102228098799,52.6710099533805],[17.1036051277021,52.6710473988579],[17.1045315410282,52.6708666968458],[17.1056489469155,52.6706894656255],[17.1057600952464,52.6706694012658],[17.1058831336586,52.6706468373349],[17.1064216312804,52.6704233241759],[17.1066678641872,52.6703249125759],[17.1067494365628,52.6702910023349],[17.1070070157453,52.6700991696328],[17.1074757043601,52.6696852627636],[17.1076483066249,52.6695987482533],[17.1086081484395,52.6694157040645],[17.1092606597366,52.6693804364704],[17.1103472626243,52.669190964329],[17.1116153713392,52.6689659583501],[17.1116665128638,52.6689544496069],[17.1122246493069,52.6688574817276],[17.1134547167117,52.6686681997498],[17.113705001114,52.66862041123],[17.1140428760787,52.6686513790142],[17.1141087591773,52.6686932066214],[17.1141909665515,52.6685554187118],[17.1141768972855,52.6685382147883],[17.1141747854585,52.6685192589492],[17.1139711809384,52.6685163504329],[17.1136809125572,52.6685506163871],[17.113388466827,52.6685851386387],[17.1130981977863,52.66861940319],[17.112815585543,52.6686658118545],[17.1125176586616,52.6686879302007],[17.1124821443306,52.6687085012367],[17.1124799841107,52.6687164781178],[17.1102644054081,52.6691270611824],[17.1097368375864,52.669228874584],[17.1092678315373,52.6693138248563],[17.1089411503545,52.6693282762221],[17.1085667496066,52.6693669464502],[17.1076444813453,52.6695216124149],[17.1073278064864,52.6696513315756],[17.1066858347323,52.670163833878],[17.1057788189096,52.6705525848549],[17.1045183265463,52.6707403053366],[17.103604036263,52.6709234986957],[17.1032747948224,52.6709312046473],[17.1022459769114,52.6708929000715]]]},"properties":{"case_id":"ST-WK-WA/ZGŁOSZENIE/3588/2025","source_type":"zgloszenie","received_date":"2025-11-07","decision_date":null,"status":"Brak sprzeciwu","description":"budowa sieci kanalizacji sanitarnej w miejscowości Potrzanowo","address":"Skoki","city":"Skoki","office":"Starosta Powiatu Wągrowiec","case_kind":"budowa nowego/nowych obiektów budowlanych","parcel_ids":["302805_5.0015.124/43","302805_5.0015.125","302805_5.0015.128","302805_5.0015.130/4","302805_5.0015.139","302805_5.0015.154/10","302805_5.0015.154/13","302805_5.0015.154/20","302805_5.0015.155/4","302805_5.0015.157","302805_5.0015.165","302805_5.0015.166/1","302805_5.0015.167/4","302805_5.0015.375","302805_5.0015.380/1","302805_5.0015.380/14","302805_5.0015.382/1","302805_5.0015.384/1","302805_5.0015.385/12","302805_5.0015.385/7","302805_5.0015.389","302805_5.0015.390","302805_5.0015.391/2","302805_5.0015.392","302805_5.0015.395/1","302805_5.0015.396/3","302805_5.0015.398/6","302805_5.0015.553/2","302805_5.0015.571/1","302805_5.0015.571/2","302805_5.0015.575","302805_5.0015.578/1","302805_5.0015.595","302805_5.0015.601/6","302805_5.0015.605","302805_5.0015.610/1","302805_5.0015.613/5","302805_5.0015.613/6","302805_5.0015.614","302805_5.0015.615/1","302805_5.0015.616","302805_5.0015.664","302805_5.0015.705","302805_5.0015.762/20","302805_5.0015.764","302805_5.0015.767/2"],"location_quality":"dokładny","gunb_url":"https://wyszukiwarka.gunb.gov.pl/","parcel_count":46,"parcel_shard":"x068-y210","parcel_id":"302805_5.0015.392","location_source":"powiat wągrowiecki (wfs)"}},{"type":"Feature","id":"ST-WK-WA/ZGŁOSZENIE/3588/2025::302805_5.0015.395/1","geometry":{"type":"Polygon","coordinates":[[[17.1057788189096,52.6705525848549],[17.1066858347323,52.670163833878],[17.1073278064864,52.6696513315756],[17.1076444813453,52.6695216124149],[17.1071860929344,52.6696690834469],[17.1067745395029,52.6699497938413],[17.1061936321196,52.6703241890388],[17.1057193463516,52.6705189972183],[17.1057788189096,52.6705525848549]]]},"properties":{"case_id":"ST-WK-WA/ZGŁOSZENIE/3588/2025","source_type":"zgloszenie","received_date":"2025-11-07","decision_date":null,"status":"Brak sprzeciwu","description":"budowa sieci kanalizacji sanitarnej w miejscowości Potrzanowo","address":"Skoki","city":"Skoki","office":"Starosta Powiatu Wągrowiec","case_kind":"budowa nowego/nowych obiektów budowlanych","parcel_ids":["302805_5.0015.124/43","302805_5.0015.125","302805_5.0015.128","302805_5.0015.130/4","302805_5.0015.139","302805_5.0015.154/10","302805_5.0015.154/13","302805_5.0015.154/20","302805_5.0015.155/4","302805_5.0015.157","302805_5.0015.165","302805_5.0015.166/1","302805_5.0015.167/4","302805_5.0015.375","302805_5.0015.380/1","302805_5.0015.380/14","302805_5.0015.382/1","302805_5.0015.384/1","302805_5.0015.385/12","302805_5.0015.385/7","302805_5.0015.389","302805_5.0015.390","302805_5.0015.391/2","302805_5.0015.392","302805_5.0015.395/1","302805_5.0015.396/3","302805_5.0015.398/6","302805_5.0015.553/2","302805_5.0015.571/1","302805_5.0015.571/2","302805_5.0015.575","302805_5.0015.578/1","302805_5.0015.595","302805_5.0015.601/6","302805_5.0015.605","302805_5.0015.610/1","302805_5.0015.613/5","302805_5.0015.613/6","302805_5.0015.614","302805_5.0015.615/1","302805_5.0015.616","302805_5.0015.664","302805_5.0015.705","302805_5.0015.762/20","302805_5.0015.764","302805_5.0015.767/2"],"location_quality":"dokładny","gunb_url":"https://wyszukiwarka.gunb.gov.pl/","parcel_count":46,"parcel_shard":"x068-y210","parcel_id":"302805_5.0015.395/1","location_source":"powiat wągrowiecki (wfs)"}},{"type":"Feature","id":"ST-WK-WA/ZGŁOSZENIE/3588/2025::302805_5.0015.396/3","geometry":{"type":"Polygon","coordinates":[[[17.1036051277021,52.6710473988579],[17.1039807969071,52.6709874553507],[17.1041146437481,52.67096609781],[17.1044380384719,52.670914493944],[17.1047060516679,52.6708623905143],[17.1051359561533,52.670783539342],[17.1056489469155,52.6706894656255],[17.1045315410282,52.6708666968458],[17.1036051277021,52.6710473988579]]]},"properties":{"case_id":"ST-WK-WA/ZGŁOSZENIE/3588/2025","source_type":"zgloszenie","received_date":"2025-11-07","decision_date":null,"status":"Brak sprzeciwu","description":"budowa sieci kanalizacji sanitarnej w miejscowości Potrzanowo","address":"Skoki","city":"Skoki","office":"Starosta Powiatu Wągrowiec","case_kind":"budowa nowego/nowych obiektów budowlanych","parcel_ids":["302805_5.0015.124/43","302805_5.0015.125","302805_5.0015.128","302805_5.0015.130/4","302805_5.0015.139","302805_5.0015.154/10","302805_5.0015.154/13","302805_5.0015.154/20","302805_5.0015.155/4","302805_5.0015.157","302805_5.0015.165","302805_5.0015.166/1","302805_5.0015.167/4","302805_5.0015.375","302805_5.0015.380/1","302805_5.0015.380/14","302805_5.0015.382/1","302805_5.0015.384/1","302805_5.0015.385/12","302805_5.0015.385/7","302805_5.0015.389","302805_5.0015.390","302805_5.0015.391/2","302805_5.0015.392","302805_5.0015.395/1","302805_5.0015.396/3","302805_5.0015.398/6","302805_5.0015.553/2","302805_5.0015.571/1","302805_5.0015.571/2","302805_5.0015.575","302805_5.0015.578/1","302805_5.0015.595","302805_5.0015.601/6","302805_5.0015.605","302805_5.0015.610/1","302805_5.0015.613/5","302805_5.0015.613/6","302805_5.0015.614","302805_5.0015.615/1","302805_5.0015.616","302805_5.0015.664","302805_5.0015.705","302805_5.0015.762/20","302805_5.0015.764","302805_5.0015.767/2"],"location_quality":"dokładny","gunb_url":"https://wyszukiwarka.gunb.gov.pl/","parcel_count":46,"parcel_shard":"x068-y210","parcel_id":"302805_5.0015.396/3","location_source":"powiat wągrowiecki (wfs)"}},{"type":"Feature","id":"ST-WK-WA/ZGŁOSZENIE/3588/2025::302805_5.0015.398/6","geometry":{"type":"Polygon","coordinates":[[[17.1045183265463,52.6707403053366],[17.1057788189096,52.6705525848549],[17.1057193463516,52.6705189972183],[17.1056645662243,52.6705300876408],[17.1045183265463,52.6707403053366]]]},"properties":{"case_id":"ST-WK-WA/ZGŁOSZENIE/3588/2025","source_type":"zgloszenie","received_date":"2025-11-07","decision_date":null,"status":"Brak sprzeciwu","description":"budowa sieci kanalizacji sanitarnej w miejscowości Potrzanowo","address":"Skoki","city":"Skoki","office":"Starosta Powiatu Wągrowiec","case_kind":"budowa nowego/nowych obiektów budowlanych","parcel_ids":["302805_5.0015.124/43","302805_5.0015.125","302805_5.0015.128","302805_5.0015.130/4","302805_5.0015.139","302805_5.0015.154/10","302805_5.0015.154/13","302805_5.0015.154/20","302805_5.0015.155/4","302805_5.0015.157","302805_5.0015.165","302805_5.0015.166/1","302805_5.0015.167/4","302805_5.0015.375","302805_5.0015.380/1","302805_5.0015.380/14","302805_5.0015.382/1","302805_5.0015.384/1","302805_5.0015.385/12","302805_5.0015.385/7","302805_5.0015.389","302805_5.0015.390","302805_5.0015.391/2","302805_5.0015.392","302805_5.0015.395/1","302805_5.0015.396/3","302805_5.0015.398/6","302805_5.0015.553/2","302805_5.0015.571/1","302805_5.0015.571/2","302805_5.0015.575","302805_5.0015.578/1","302805_5.0015.595","302805_5.0015.601/6","302805_5.0015.605","302805_5.0015.610/1","302805_5.0015.613/5","302805_5.0015.613/6","302805_5.0015.614","302805_5.0015.615/1","302805_5.0015.616","302805_5.0015.664","302805_5.0015.705","302805_5.0015.762/20","302805_5.0015.764","302805_5.0015.767/2"],"location_quality":"dokładny","gunb_url":"https://wyszukiwarka.gunb.gov.pl/","parcel_count":46,"parcel_shard":"x068-y210","parcel_id":"302805_5.0015.398/6","location_source":"powiat wągrowiecki (wfs)"}},{"type":"Feature","id":"ST-WK-WA/ZGŁOSZENIE/3588/2025::302805_5.0015.553/2","geometry":{"type":"Polygon","coordinates":[[[17.131564018357,52.6722691740931],[17.131617816883,52.6722533284876],[17.1314561897447,52.6720513727515],[17.1311942023955,52.6717241574316],[17.1308838532119,52.671338618153],[17.1308125133668,52.6713309835454],[17.1310112869076,52.6715790837576],[17.1311410061849,52.6717409891673],[17.131564018357,52.6722691740931]]]},"properties":{"case_id":"ST-WK-WA/ZGŁOSZENIE/3588/2025","source_type":"zgloszenie","received_date":"2025-11-07","decision_date":null,"status":"Brak sprzeciwu","description":"budowa sieci kanalizacji sanitarnej w miejscowości Potrzanowo","address":"Skoki","city":"Skoki","office":"Starosta Powiatu Wągrowiec","case_kind":"budowa nowego/nowych obiektów budowlanych","parcel_ids":["302805_5.0015.124/43","302805_5.0015.125","302805_5.0015.128","302805_5.0015.130/4","302805_5.0015.139","302805_5.0015.154/10","302805_5.0015.154/13","302805_5.0015.154/20","302805_5.0015.155/4","302805_5.0015.157","302805_5.0015.165","302805_5.0015.166/1","302805_5.0015.167/4","302805_5.0015.375","302805_5.0015.380/1","302805_5.0015.380/14","302805_5.0015.382/1","302805_5.0015.384/1","302805_5.0015.385/12","302805_5.0015.385/7","302805_5.0015.389","302805_5.0015.390","302805_5.0015.391/2","302805_5.0015.392","302805_5.0015.395/1","302805_5.0015.396/3","302805_5.0015.398/6","302805_5.0015.553/2","302805_5.0015.571/1","302805_5.0015.571/2","302805_5.0015.575","302805_5.0015.578/1","302805_5.0015.595","302805_5.0015.601/6","302805_5.0015.605","302805_5.0015.610/1","302805_5.0015.613/5","302805_5.0015.613/6","302805_5.0015.614","302805_5.0015.615/1","302805_5.0015.616","302805_5.0015.664","302805_5.0015.705","302805_5.0015.762/20","302805_5.0015.764","302805_5.0015.767/2"],"location_quality":"dokładny","gunb_url":"https://wyszukiwarka.gunb.gov.pl/","parcel_count":46,"parcel_shard":"x068-y210","parcel_id":"302805_5.0015.553/2","location_source":"powiat wągrowiecki (wfs)"}},{"type":"Feature","id":"ST-WK-WA/ZGŁOSZENIE/3588/2025::302805_5.0015.571/1","geometry":{"type":"Polygon","coordinates":[[[17.1334420597543,52.6711556282888],[17.1329898159486,52.6711716837297],[17.1328595288783,52.6711721873742],[17.13261751954,52.6711870538906],[17.1325469524765,52.6712016437625],[17.132213932261,52.6712787484259],[17.1322298002692,52.6713054761314],[17.1324915822036,52.6712811957335],[17.1331833522361,52.6711944116615],[17.1334420597543,52.6711556282888]]]},"properties":{"case_id":"ST-WK-WA/ZGŁOSZENIE/3588/2025","source_type":"zgloszenie","received_date":"2025-11-07","decision_date":null,"status":"Brak sprzeciwu","description":"budowa sieci kanalizacji sanitarnej w miejscowości Potrzanowo","address":"Skoki","city":"Skoki","office":"Starosta Powiatu Wągrowiec","case_kind":"budowa nowego/nowych obiektów budowlanych","parcel_ids":["302805_5.0015.124/43","302805_5.0015.125","302805_5.0015.128","302805_5.0015.130/4","302805_5.0015.139","302805_5.0015.154/10","302805_5.0015.154/13","302805_5.0015.154/20","302805_5.0015.155/4","302805_5.0015.157","302805_5.0015.165","302805_5.0015.166/1","302805_5.0015.167/4","302805_5.0015.375","302805_5.0015.380/1","302805_5.0015.380/14","302805_5.0015.382/1","302805_5.0015.384/1","302805_5.0015.385/12","302805_5.0015.385/7","302805_5.0015.389","302805_5.0015.390","302805_5.0015.391/2","302805_5.0015.392","302805_5.0015.395/1","302805_5.0015.396/3","302805_5.0015.398/6","302805_5.0015.553/2","302805_5.0015.571/1","302805_5.0015.571/2","302805_5.0015.575","302805_5.0015.578/1","302805_5.0015.595","302805_5.0015.601/6","302805_5.0015.605","302805_5.0015.610/1","302805_5.0015.613/5","302805_5.0015.613/6","302805_5.0015.614","302805_5.0015.615/1","302805_5.0015.616","302805_5.0015.664","302805_5.0015.705","302805_5.0015.762/20","302805_5.0015.764","302805_5.0015.767/2"],"location_quality":"dokładny","gunb_url":"https://wyszukiwarka.gunb.gov.pl/","parcel_count":46,"parcel_shard":"x068-y210","parcel_id":"302805_5.0015.571/1","location_source":"powiat wągrowiecki (wfs)"}},{"type":"Feature","id":"ST-WK-WA/ZGŁOSZENIE/3588/2025::302805_5.0015.571/2","geometry":{"type":"Polygon","coordinates":[[[17.1327597265835,52.6712604775031],[17.1328308844606,52.6712586308017],[17.1329620026744,52.6712552278811],[17.1343234731108,52.6712180207159],[17.1343618876272,52.671117031657],[17.1342855083271,52.6710982136904],[17.1334420597543,52.6711556282888],[17.1331833522361,52.6711944116615],[17.1324915822036,52.6712811957335],[17.1322298002692,52.6713054761314],[17.1321120638467,52.6713178615424],[17.1318213894533,52.6713237552021],[17.131215571156,52.671249730186],[17.1303942950934,52.6711385858975],[17.1296035242569,52.671034134379],[17.1292899447142,52.6711153117229],[17.1284853714356,52.6714322222018],[17.128311682028,52.6715006324542],[17.1278105387685,52.6716992498636],[17.1265557700184,52.672221345519],[17.1238815671982,52.6733079185172],[17.1238033409701,52.6733418609319],[17.1229953485659,52.6737070082073],[17.1224783588839,52.673927629986],[17.1224419368002,52.6739441733106],[17.1218762065535,52.6741840623197],[17.1219578821222,52.6742704870813],[17.1220481088433,52.6742431838352],[17.1231045200454,52.6738075100067],[17.1240395991591,52.6733927681837],[17.1266398092871,52.6722974634764],[17.127886703704,52.6717928308248],[17.1279048411542,52.6717857994607],[17.127986355922,52.6717541019564],[17.1284040154839,52.6715916909415],[17.1286498729144,52.6714912237735],[17.1292596717317,52.6712593085419],[17.1296956903705,52.6712133504445],[17.1299959743942,52.6712420928693],[17.1308125133668,52.6713309835454],[17.1308838532119,52.671338618153],[17.131244452094,52.6713762295894],[17.1315545333792,52.6714042146827],[17.1319213924833,52.6714359110405],[17.1319900505558,52.6714415779895],[17.1321997474701,52.671446970286],[17.1325413967146,52.6713221417132],[17.1326203280972,52.6712977897502],[17.1326695907903,52.6712823017643],[17.1327597265835,52.6712604775031]]]},"properties":{"case_id":"ST-WK-WA/ZGŁOSZENIE/3588/2025","source_type":"zgloszenie","received_date":"2025-11-07","decision_date":null,"status":"Brak sprzeciwu","description":"budowa sieci kanalizacji sanitarnej w miejscowości Potrzanowo","address":"Skoki","city":"Skoki","office":"Starosta Powiatu Wągrowiec","case_kind":"budowa nowego/nowych obiektów budowlanych","parcel_ids":["302805_5.0015.124/43","302805_5.0015.125","302805_5.0015.128","302805_5.0015.130/4","302805_5.0015.139","302805_5.0015.154/10","302805_5.0015.154/13","302805_5.0015.154/20","302805_5.0015.155/4","302805_5.0015.157","302805_5.0015.165","302805_5.0015.166/1","302805_5.0015.167/4","302805_5.0015.375","302805_5.0015.380/1","302805_5.0015.380/14","302805_5.0015.382/1","302805_5.0015.384/1","302805_5.0015.385/12","302805_5.0015.385/7","302805_5.0015.389","302805_5.0015.390","302805_5.0015.391/2","302805_5.0015.392","302805_5.0015.395/1","302805_5.0015.396/3","302805_5.0015.398/6","302805_5.0015.553/2","302805_5.0015.571/1","302805_5.0015.571/2","302805_5.0015.575","302805_5.0015.578/1","302805_5.0015.595","302805_5.0015.601/6","302805_5.0015.605","302805_5.0015.610/1","302805_5.0015.613/5","302805_5.0015.613/6","302805_5.0015.614","302805_5.0015.615/1","302805_5.0015.616","302805_5.0015.664","302805_5.0015.705","302805_5.0015.762/20","302805_5.0015.764","302805_5.0015.767/2"],"location_quality":"dokładny","gunb_url":"https://wyszukiwarka.gunb.gov.pl/","parcel_count":46,"parcel_shard":"x068-y210","parcel_id":"302805_5.0015.571/2","location_source":"powiat wągrowiecki (wfs)"}},{"type":"Feature","id":"ST-WK-WA/ZGŁOSZENIE/3588/2025::302805_5.0015.575","geometry":{"type":"Polygon","coordinates":[[[17.1296035242569,52.671034134379],[17.1286248940142,52.6708686756369],[17.1277133343585,52.6707174678145],[17.1267927520354,52.6705641815425],[17.1235883630916,52.6700349705487],[17.1235009702631,52.6700213107149],[17.1220522600605,52.6697939739505],[17.1219076766048,52.6697712842888],[17.1211074734304,52.6696456006548],[17.1204640022951,52.6695447154208],[17.1203946052566,52.6696412917563],[17.1208047744982,52.6697043703334],[17.12110210681,52.669752156653],[17.1213732476173,52.6697954074548],[17.1216696108062,52.6698420726139],[17.1220340999077,52.6698993479103],[17.1223287292457,52.6699459209939],[17.1224442967865,52.6699644507296],[17.123459613694,52.6701249185899],[17.1235472142065,52.6701381471425],[17.1267418315187,52.6706604714675],[17.1276523300368,52.6708171158003],[17.1278668778465,52.6708555480439],[17.1282626567516,52.6709323822779],[17.1285605843083,52.670985432301],[17.1286244185676,52.670996803221],[17.1292899447142,52.6711153117229],[17.1296035242569,52.671034134379]]]},"properties":{"case_id":"ST-WK-WA/ZGŁOSZENIE/3588/2025","source_type":"zgloszenie","received_date":"2025-11-07","decision_date":null,"status":"Brak sprzeciwu","description":"budowa sieci kanalizacji sanitarnej w miejscowości Potrzanowo","address":"Skoki","city":"Skoki","office":"Starosta Powiatu Wągrowiec","case_kind":"budowa nowego/nowych obiektów budowlanych","parcel_ids":["302805_5.0015.124/43","302805_5.0015.125","302805_5.0015.128","302805_5.0015.130/4","302805_5.0015.139","302805_5.0015.154/10","302805_5.0015.154/13","302805_5.0015.154/20","302805_5.0015.155/4","302805_5.0015.157","302805_5.0015.165","302805_5.0015.166/1","302805_5.0015.167/4","302805_5.0015.375","302805_5.0015.380/1","302805_5.0015.380/14","302805_5.0015.382/1","302805_5.0015.384/1","302805_5.0015.385/12","302805_5.0015.385/7","302805_5.0015.389","302805_5.0015.390","302805_5.0015.391/2","302805_5.0015.392","302805_5.0015.395/1","302805_5.0015.396/3","302805_5.0015.398/6","302805_5.0015.553/2","302805_5.0015.571/1","302805_5.0015.571/2","302805_5.0015.575","302805_5.0015.578/1","302805_5.0015.595","302805_5.0015.601/6","302805_5.0015.605","302805_5.0015.610/1","302805_5.0015.613/5","302805_5.0015.613/6","302805_5.0015.614","302805_5.0015.615/1","302805_5.0015.616","302805_5.0015.664","302805_5.0015.705","302805_5.0015.762/20","302805_5.0015.764","302805_5.0015.767/2"],"location_quality":"dokładny","gunb_url":"https://wyszukiwarka.gunb.gov.pl/","parcel_count":46,"parcel_shard":"x068-y210","parcel_id":"302805_5.0015.575","location_source":"powiat wągrowiecki (wfs)"}},{"type":"Feature","id":"ST-WK-WA/ZGŁOSZENIE/3588/2025::302805_5.0015.578/1","geometry":{"type":"Polygon","coordinates":[[[17.1228029857511,52.6707829354504],[17.122690454713,52.6709372706856],[17.1225863024838,52.6710801127359],[17.1225183635025,52.6711732883729],[17.1226063583122,52.6711726983176],[17.1228889746393,52.6707987014916],[17.1235472142065,52.6701381471425],[17.123459613694,52.6701249185899],[17.1228029857511,52.6707829354504]]]},"properties":{"case_id":"ST-WK-WA/ZGŁOSZENIE/3588/2025","source_type":"zgloszenie","received_date":"2025-11-07","decision_date":null,"status":"Brak sprzeciwu","description":"budowa sieci kanalizacji sanitarnej w miejscowości Potrzanowo","address":"Skoki","city":"Skoki","office":"Starosta Powiatu Wągrowiec","case_kind":"budowa nowego/nowych obiektów budowlanych","parcel_ids":["302805_5.0015.124/43","302805_5.0015.125","302805_5.0015.128","302805_5.0015.130/4","302805_5.0015.139","302805_5.0015.154/10","302805_5.0015.154/13","302805_5.0015.154/20","302805_5.0015.155/4","302805_5.0015.157","302805_5.0015.165","302805_5.0015.166/1","302805_5.0015.167/4","302805_5.0015.375","302805_5.0015.380/1","302805_5.0015.380/14","302805_5.0015.382/1","302805_5.0015.384/1","302805_5.0015.385/12","302805_5.0015.385/7","302805_5.0015.389","302805_5.0015.390","302805_5.0015.391/2","302805_5.0015.392","302805_5.0015.395/1","302805_5.0015.396/3","302805_5.0015.398/6","302805_5.0015.553/2","302805_5.0015.571/1","302805_5.0015.571/2","302805_5.0015.575","302805_5.0015.578/1","302805_5.0015.595","302805_5.0015.601/6","302805_5.0015.605","302805_5.0015.610/1","302805_5.0015.613/5","302805_5.0015.613/6","302805_5.0015.614","302805_5.0015.615/1","302805_5.0015.616","302805_5.0015.664","302805_5.0015.705","302805_5.0015.762/20","302805_5.0015.764","302805_5.0015.767/2"],"location_quality":"dokładny","gunb_url":"https://wyszukiwarka.gunb.gov.pl/","parcel_count":46,"parcel_shard":"x068-y210","parcel_id":"302805_5.0015.578/1","location_source":"powiat wągrowiecki (wfs)"}},{"type":"Feature","id":"ST-WK-WA/ZGŁOSZENIE/3588/2025::302805_5.0015.595","geometry":{"type":"Polygon","coordinates":[[[17.1219076766048,52.6697712842888],[17.1220522600605,52.6697939739505],[17.1220664897011,52.6697826556968],[17.1223003608166,52.6694880763033],[17.1224934368168,52.6692451334402],[17.1226877004166,52.6690034556556],[17.1230122240905,52.6685997164429],[17.1231758019648,52.668397924742],[17.1233389198412,52.6681966545572],[17.1234910197129,52.6680068019072],[17.1236625315247,52.6677926991221],[17.1238190884471,52.6675958549078],[17.1239862064767,52.6673879275651],[17.1241491634098,52.6671844654416],[17.1242296673133,52.6670841328437],[17.1243097112547,52.6669846056501],[17.1244726520025,52.6667838357538],[17.1246346699345,52.6665819006297],[17.1247841749949,52.6663950686603],[17.1249160675232,52.6662309588895],[17.1247797370084,52.6661904426812],[17.1245018105862,52.6665429488752],[17.1244761210895,52.6665749520187],[17.1243273901794,52.6667608387498],[17.1241785092951,52.6669466359737],[17.1240127541987,52.6671467759724],[17.1238508554667,52.6673486378413],[17.1235267941698,52.6677526839389],[17.1233778131727,52.6679384333738],[17.1232029853698,52.6681564060376],[17.1230410459936,52.6683583070934],[17.122883216276,52.6685613959049],[17.1228451542365,52.6686091064474],[17.122722030631,52.6687629566172],[17.1225602468357,52.6689647822991],[17.1223478847429,52.6692318238773],[17.12213400236,52.6694981668927],[17.1219272648944,52.6697548601232],[17.1219076766048,52.6697712842888]]]},"properties":{"case_id":"ST-WK-WA/ZGŁOSZENIE/3588/2025","source_type":"zgloszenie","received_date":"2025-11-07","decision_date":null,"status":"Brak sprzeciwu","description":"budowa sieci kanalizacji sanitarnej w miejscowości Potrzanowo","address":"Skoki","city":"Skoki","office":"Starosta Powiatu Wągrowiec","case_kind":"budowa nowego/nowych obiektów budowlanych","parcel_ids":["302805_5.0015.124/43","302805_5.0015.125","302805_5.0015.128","302805_5.0015.130/4","302805_5.0015.139","302805_5.0015.154/10","302805_5.0015.154/13","302805_5.0015.154/20","302805_5.0015.155/4","302805_5.0015.157","302805_5.0015.165","302805_5.0015.166/1","302805_5.0015.167/4","302805_5.0015.375","302805_5.0015.380/1","302805_5.0015.380/14","302805_5.0015.382/1","302805_5.0015.384/1","302805_5.0015.385/12","302805_5.0015.385/7","302805_5.0015.389","302805_5.0015.390","302805_5.0015.391/2","302805_5.0015.392","302805_5.0015.395/1","302805_5.0015.396/3","302805_5.0015.398/6","302805_5.0015.553/2","302805_5.0015.571/1","302805_5.0015.571/2","302805_5.0015.575","302805_5.0015.578/1","302805_5.0015.595","302805_5.0015.601/6","302805_5.0015.605","302805_5.0015.610/1","302805_5.0015.613/5","302805_5.0015.613/6","302805_5.0015.614","302805_5.0015.615/1","302805_5.0015.616","302805_5.0015.664","302805_5.0015.705","302805_5.0015.762/20","302805_5.0015.764","302805_5.0015.767/2"],"location_quality":"dokładny","gunb_url":"https://wyszukiwarka.gunb.gov.pl/","parcel_count":46,"parcel_shard":"x068-y210","parcel_id":"302805_5.0015.595","location_source":"powiat wągrowiecki (wfs)"}},{"type":"Feature","id":"ST-WK-WA/ZGŁOSZENIE/3588/2025::302805_5.0015.601/6","geometry":{"type":"Polygon","coordinates":[[[17.1232523861709,52.6661741550204],[17.1231770482049,52.6661796524989],[17.1231446479996,52.6662204884821],[17.1232614935995,52.6662550084791],[17.1233537580191,52.6662422569365],[17.1235531959279,52.6663010902725],[17.1238988411832,52.66640313936],[17.1244761210895,52.6665749520187],[17.1245018105862,52.6665429488752],[17.1232523861709,52.6661741550204]]]},"properties":{"case_id":"ST-WK-WA/ZGŁOSZENIE/3588/2025","source_type":"zgloszenie","received_date":"2025-11-07","decision_date":null,"status":"Brak sprzeciwu","description":"budowa sieci kanalizacji sanitarnej w miejscowości Potrzanowo","address":"Skoki","city":"Skoki","office":"Starosta Powiatu Wągrowiec","case_kind":"budowa nowego/nowych obiektów budowlanych","parcel_ids":["302805_5.0015.124/43","302805_5.0015.125","302805_5.0015.128","302805_5.0015.130/4","302805_5.0015.139","302805_5.0015.154/10","302805_5.0015.154/13","302805_5.0015.154/20","302805_5.0015.155/4","302805_5.0015.157","302805_5.0015.165","302805_5.0015.166/1","302805_5.0015.167/4","302805_5.0015.375","302805_5.0015.380/1","302805_5.0015.380/14","302805_5.0015.382/1","302805_5.0015.384/1","302805_5.0015.385/12","302805_5.0015.385/7","302805_5.0015.389","302805_5.0015.390","302805_5.0015.391/2","302805_5.0015.392","302805_5.0015.395/1","302805_5.0015.396/3","302805_5.0015.398/6","302805_5.0015.553/2","302805_5.0015.571/1","302805_5.0015.571/2","302805_5.0015.575","302805_5.0015.578/1","302805_5.0015.595","302805_5.0015.601/6","302805_5.0015.605","302805_5.0015.610/1","302805_5.0015.613/5","302805_5.0015.613/6","302805_5.0015.614","302805_5.0015.615/1","302805_5.0015.616","302805_5.0015.664","302805_5.0015.705","302805_5.0015.762/20","302805_5.0015.764","302805_5.0015.767/2"],"location_quality":"dokładny","gunb_url":"https://wyszukiwarka.gunb.gov.pl/","parcel_count":46,"parcel_shard":"x068-y210","parcel_id":"302805_5.0015.601/6","location_source":"powiat wągrowiecki (wfs)"}},{"type":"Feature","id":"ST-WK-WA/ZGŁOSZENIE/3588/2025::302805_5.0015.605","geometry":{"type":"Polygon","coordinates":[[[17.1249639954042,52.6659712656911],[17.1247580035448,52.6660487431027],[17.124684849704,52.6660551230744],[17.124417108466,52.666078669323],[17.1247797370084,52.6661904426812],[17.1249160675232,52.6662309588895],[17.1250455855943,52.6662704187066],[17.1251742960107,52.666106053006],[17.1249639954042,52.6659712656911]]]},"properties":{"case_id":"ST-WK-WA/ZGŁOSZENIE/3588/2025","source_type":"zgloszenie","received_date":"2025-11-07","decision_date":null,"status":"Brak sprzeciwu","description":"budowa sieci kanalizacji sanitarnej w miejscowości Potrzanowo","address":"Skoki","city":"Skoki","office":"Starosta Powiatu Wągrowiec","case_kind":"budowa nowego/nowych obiektów budowlanych","parcel_ids":["302805_5.0015.124/43","302805_5.0015.125","302805_5.0015.128","302805_5.0015.130/4","302805_5.0015.139","302805_5.0015.154/10","302805_5.0015.154/13","302805_5.0015.154/20","302805_5.0015.155/4","302805_5.0015.157","302805_5.0015.165","302805_5.0015.166/1","302805_5.0015.167/4","302805_5.0015.375","302805_5.0015.380/1","302805_5.0015.380/14","302805_5.0015.382/1","302805_5.0015.384/1","302805_5.0015.385/12","302805_5.0015.385/7","302805_5.0015.389","302805_5.0015.390","302805_5.0015.391/2","302805_5.0015.392","302805_5.0015.395/1","302805_5.0015.396/3","302805_5.0015.398/6","302805_5.0015.553/2","302805_5.0015.571/1","302805_5.0015.571/2","302805_5.0015.575","302805_5.0015.578/1","302805_5.0015.595","302805_5.0015.601/6","302805_5.0015.605","302805_5.0015.610/1","302805_5.0015.613/5","302805_5.0015.613/6","302805_5.0015.614","302805_5.0015.615/1","302805_5.0015.616","302805_5.0015.664","302805_5.0015.705","302805_5.0015.762/20","302805_5.0015.764","302805_5.0015.767/2"],"location_quality":"dokładny","gunb_url":"https://wyszukiwarka.gunb.gov.pl/","parcel_count":46,"parcel_shard":"x068-y210","parcel_id":"302805_5.0015.605","location_source":"powiat wągrowiecki (wfs)"}},{"type":"Feature","id":"ST-WK-WA/ZGŁOSZENIE/3588/2025::302805_5.0015.610/1","geometry":{"type":"Polygon","coordinates":[[[17.1235009702631,52.6700213107149],[17.1235883630916,52.6700349705487],[17.1239640849329,52.6694676555261],[17.1245301283993,52.6689663988716],[17.1250357091474,52.6683275510296],[17.125338720932,52.6676121903537],[17.1257448374823,52.6672850350288],[17.1264270580976,52.6669116333811],[17.1268752956161,52.6667836267585],[17.1275717086599,52.6667279645759],[17.1286799857447,52.6665276020784],[17.1299377786565,52.6662330454903],[17.1311342257122,52.6660091347429],[17.1317004914015,52.6659125801404],[17.1320743091458,52.6657779042756],[17.1329298097196,52.6654736315677],[17.1328756299992,52.6654291352058],[17.1320171119726,52.6657255801188],[17.1315818157528,52.6658782919487],[17.1311212672578,52.6659603715038],[17.1310258188638,52.6659758727171],[17.1305846061284,52.6660592982818],[17.1304119829211,52.6660919377567],[17.129882819932,52.6661919896527],[17.1286491930828,52.6664670694255],[17.127548818233,52.6666753535644],[17.1268540377259,52.6667311792176],[17.1263656334708,52.6668700290954],[17.1261032871082,52.6670153660536],[17.125807521056,52.6671778171328],[17.1256788863831,52.6672476898778],[17.1255434835094,52.6673556340691],[17.1253230712558,52.667533124686],[17.1252533903958,52.6675888673488],[17.1251881613167,52.6677447686928],[17.1250921000391,52.6679755138631],[17.125003560223,52.6681929583684],[17.1249548147556,52.668311689133],[17.1248700209706,52.6684185132476],[17.1247188174942,52.6686086340566],[17.1245579348958,52.6688107732355],[17.1244592249528,52.668934747897],[17.1243756567133,52.6690088092559],[17.1239544668223,52.6693820774712],[17.1238867746382,52.669442066842],[17.123847210609,52.6695014691296],[17.1237644752297,52.6696256890074],[17.1235946432545,52.6698806731316],[17.1235009702631,52.6700213107149]]]},"properties":{"case_id":"ST-WK-WA/ZGŁOSZENIE/3588/2025","source_type":"zgloszenie","received_date":"2025-11-07","decision_date":null,"status":"Brak sprzeciwu","description":"budowa sieci kanalizacji sanitarnej w miejscowości Potrzanowo","address":"Skoki","city":"Skoki","office":"Starosta Powiatu Wągrowiec","case_kind":"budowa nowego/nowych obiektów budowlanych","parcel_ids":["302805_5.0015.124/43","302805_5.0015.125","302805_5.0015.128","302805_5.0015.130/4","302805_5.0015.139","302805_5.0015.154/10","302805_5.0015.154/13","302805_5.0015.154/20","302805_5.0015.155/4","302805_5.0015.157","302805_5.0015.165","302805_5.0015.166/1","302805_5.0015.167/4","302805_5.0015.375","302805_5.0015.380/1","302805_5.0015.380/14","302805_5.0015.382/1","302805_5.0015.384/1","302805_5.0015.385/12","302805_5.0015.385/7","302805_5.0015.389","302805_5.0015.390","302805_5.0015.391/2","302805_5.0015.392","302805_5.0015.395/1","302805_5.0015.396/3","302805_5.0015.398/6","302805_5.0015.553/2","302805_5.0015.571/1","302805_5.0015.571/2","302805_5.0015.575","302805_5.0015.578/1","302805_5.0015.595","302805_5.0015.601/6","302805_5.0015.605","302805_5.0015.610/1","302805_5.0015.613/5","302805_5.0015.613/6","302805_5.0015.614","302805_5.0015.615/1","302805_5.0015.616","302805_5.0015.664","302805_5.0015.705","302805_5.0015.762/20","302805_5.0015.764","302805_5.0015.767/2"],"location_quality":"dokładny","gunb_url":"https://wyszukiwarka.gunb.gov.pl/","parcel_count":46,"parcel_shard":"x068-y210","parcel_id":"302805_5.0015.610/1","location_source":"powiat wągrowiecki (wfs)"}},{"type":"Feature","id":"ST-WK-WA/ZGŁOSZENIE/3588/2025::302805_5.0015.613/5","geometry":{"type":"Polygon","coordinates":[[[17.1316990512549,52.6712717299139],[17.1318213894533,52.6713237552021],[17.1321120638467,52.6713178615424],[17.1322298002692,52.6713054761314],[17.132213932261,52.6712787484259],[17.1320331408062,52.6712847588644],[17.1316990512549,52.6712717299139]]]},"properties":{"case_id":"ST-WK-WA/ZGŁOSZENIE/3588/2025","source_type":"zgloszenie","received_date":"2025-11-07","decision_date":null,"status":"Brak sprzeciwu","description":"budowa sieci kanalizacji sanitarnej w miejscowości Potrzanowo","address":"Skoki","city":"Skoki","office":"Starosta Powiatu Wągrowiec","case_kind":"budowa nowego/nowych obiektów budowlanych","parcel_ids":["302805_5.0015.124/43","302805_5.0015.125","302805_5.0015.128","302805_5.0015.130/4","302805_5.0015.139","302805_5.0015.154/10","302805_5.0015.154/13","302805_5.0015.154/20","302805_5.0015.155/4","302805_5.0015.157","302805_5.0015.165","302805_5.0015.166/1","302805_5.0015.167/4","302805_5.0015.375","302805_5.0015.380/1","302805_5.0015.380/14","302805_5.0015.382/1","302805_5.0015.384/1","302805_5.0015.385/12","302805_5.0015.385/7","302805_5.0015.389","302805_5.0015.390","302805_5.0015.391/2","302805_5.0015.392","302805_5.0015.395/1","302805_5.0015.396/3","302805_5.0015.398/6","302805_5.0015.553/2","302805_5.0015.571/1","302805_5.0015.571/2","302805_5.0015.575","302805_5.0015.578/1","302805_5.0015.595","302805_5.0015.601/6","302805_5.0015.605","302805_5.0015.610/1","302805_5.0015.613/5","302805_5.0015.613/6","302805_5.0015.614","302805_5.0015.615/1","302805_5.0015.616","302805_5.0015.664","302805_5.0015.705","302805_5.0015.762/20","302805_5.0015.764","302805_5.0015.767/2"],"location_quality":"dokładny","gunb_url":"https://wyszukiwarka.gunb.gov.pl/","parcel_count":46,"parcel_shard":"x068-y210","parcel_id":"302805_5.0015.613/5","location_source":"powiat wągrowiecki (wfs)"}},{"type":"Feature","id":"ST-WK-WA/ZGŁOSZENIE/3588/2025::302805_5.0015.613/6","geometry":{"type":"Polygon","coordinates":[[[17.1319535604874,52.6708554176356],[17.1317148810099,52.6709065756958],[17.1315857332651,52.6709547980885],[17.131446094569,52.6711271447541],[17.1316990512549,52.6712717299139],[17.1320331408062,52.6712847588644],[17.132213932261,52.6712787484259],[17.1325469524765,52.6712016437625],[17.1323251554541,52.6710667603016],[17.1321396869041,52.6710192914741],[17.1319535604874,52.6708554176356]]]},"properties":{"case_id":"ST-WK-WA/ZGŁOSZENIE/3588/2025","source_type":"zgloszenie","received_date":"2025-11-07","decision_date":null,"status":"Brak sprzeciwu","description":"budowa sieci kanalizacji sanitarnej w miejscowości Potrzanowo","address":"Skoki","city":"Skoki","office":"Starosta Powiatu Wągrowiec","case_kind":"budowa nowego/nowych obiektów budowlanych","parcel_ids":["302805_5.0015.124/43","302805_5.0015.125","302805_5.0015.128","302805_5.0015.130/4","302805_5.0015.139","302805_5.0015.154/10","302805_5.0015.154/13","302805_5.0015.154/20","302805_5.0015.155/4","302805_5.0015.157","302805_5.0015.165","302805_5.0015.166/1","302805_5.0015.167/4","302805_5.0015.375","302805_5.0015.380/1","302805_5.0015.380/14","302805_5.0015.382/1","302805_5.0015.384/1","302805_5.0015.385/12","302805_5.0015.385/7","302805_5.0015.389","302805_5.0015.390","302805_5.0015.391/2","302805_5.0015.392","302805_5.0015.395/1","302805_5.0015.396/3","302805_5.0015.398/6","302805_5.0015.553/2","302805_5.0015.571/1","302805_5.0015.571/2","302805_5.0015.575","302805_5.0015.578/1","302805_5.0015.595","302805_5.0015.601/6","302805_5.0015.605","302805_5.0015.610/1","302805_5.0015.613/5","302805_5.0015.613/6","302805_5.0015.614","302805_5.0015.615/1","302805_5.0015.616","302805_5.0015.664","302805_5.0015.705","302805_5.0015.762/20","302805_5.0015.764","302805_5.0015.767/2"],"location_quality":"dokładny","gunb_url":"https://wyszukiwarka.gunb.gov.pl/","parcel_count":46,"parcel_shard":"x068-y210","parcel_id":"302805_5.0015.613/6","location_source":"powiat wągrowiecki (wfs)"}},{"type":"Feature","id":"ST-WK-WA/ZGŁOSZENIE/3588/2025::302805_5.0015.614","geometry":{"type":"Polygon","coordinates":[[[17.1323251554541,52.6710667603016],[17.1325469524765,52.6712016437625],[17.13261751954,52.6711870538906],[17.1326068608286,52.6710588284185],[17.1325349175508,52.6710455130101],[17.1325929725594,52.6709880814762],[17.1324327712321,52.6709191909987],[17.1325513804452,52.6704890998957],[17.1325883493788,52.6703270276204],[17.1327449931639,52.6700447537462],[17.1327597802208,52.6699799247993],[17.1326583594229,52.6699526852097],[17.1326929710841,52.669760494194],[17.13303624892,52.6696217188794],[17.1331930417082,52.6693837144875],[17.1333800202758,52.6691931318752],[17.1334868786711,52.6690388605346],[17.1335605116584,52.6689798256646],[17.1337052917256,52.6688168498564],[17.1337566742439,52.6686764450278],[17.1339790410643,52.66857933224],[17.1341933091553,52.6684161445649],[17.1343357318175,52.6682835427629],[17.1343975440653,52.6682024388032],[17.1346034475996,52.668118559137],[17.1347047105299,52.6679488734142],[17.134942351866,52.6677478319351],[17.1352320162772,52.6675791639573],[17.1353408071163,52.6674754675375],[17.1353768436077,52.667376562319],[17.1359890242573,52.6672151005624],[17.13605015651,52.6670828976613],[17.1362549878688,52.6670284927012],[17.1363975395413,52.6669136216267],[17.136414721807,52.6667501115238],[17.1365446894613,52.6666590833559],[17.1367793774386,52.6665892858866],[17.1368467291508,52.6664595496424],[17.1369651997371,52.6662625176427],[17.1371039016869,52.6661792241878],[17.137165749234,52.6660894859686],[17.1373321746405,52.666002448165],[17.1374783735254,52.6658962853845],[17.1375765664438,52.6657862526975],[17.1376858025135,52.6657323888275],[17.1377085418436,52.6655646766312],[17.1378436712132,52.6654554068534],[17.1380679361941,52.6651309903704],[17.1379378409045,52.6650883472182],[17.1377630515888,52.6654159679071],[17.1376198601811,52.6655212936928],[17.1375936654152,52.6656873156256],[17.1374729122243,52.665735545242],[17.1374092705992,52.6658624803761],[17.1372630716618,52.6659686430628],[17.1370966462481,52.6660556807787],[17.1370347986085,52.6661454189531],[17.1368937932069,52.6662275854949],[17.1367545914466,52.6664144758001],[17.1367045154035,52.6665526633552],[17.1364525516682,52.66661400928],[17.1363225839733,52.6667050373385],[17.1363226773065,52.6668769988644],[17.1361628496478,52.6669834184101],[17.1359637770131,52.6670406403654],[17.1358853686769,52.667164391743],[17.1352616710985,52.6673202185658],[17.135260186201,52.6674360268967],[17.1351513952856,52.6675397232519],[17.1346125720822,52.6679037978971],[17.134534343603,52.6680847524518],[17.1343226814307,52.6681658147659],[17.1342706588554,52.6682517079907],[17.1341047469447,52.6684191485477],[17.1339281064554,52.6685408021894],[17.1337011092821,52.6686344121367],[17.1336497266662,52.6687748169509],[17.1334864248741,52.6689237816867],[17.1334683569598,52.6690248495353],[17.1332718389331,52.6691640768258],[17.1330916214961,52.6693564752309],[17.1329415898209,52.6695962954699],[17.1325780278585,52.6697296225542],[17.1325556742468,52.6699939064247],[17.1326503336646,52.6700193301322],[17.1325004510469,52.6703034198878],[17.1324499591346,52.6704618601834],[17.1323251554541,52.6710667603016]]]},"properties":{"case_id":"ST-WK-WA/ZGŁOSZENIE/3588/2025","source_type":"zgloszenie","received_date":"2025-11-07","decision_date":null,"status":"Brak sprzeciwu","description":"budowa sieci kanalizacji sanitarnej w miejscowości Potrzanowo","address":"Skoki","city":"Skoki","office":"Starosta Powiatu Wągrowiec","case_kind":"budowa nowego/nowych obiektów budowlanych","parcel_ids":["302805_5.0015.124/43","302805_5.0015.125","302805_5.0015.128","302805_5.0015.130/4","302805_5.0015.139","302805_5.0015.154/10","302805_5.0015.154/13","302805_5.0015.154/20","302805_5.0015.155/4","302805_5.0015.157","302805_5.0015.165","302805_5.0015.166/1","302805_5.0015.167/4","302805_5.0015.375","302805_5.0015.380/1","302805_5.0015.380/14","302805_5.0015.382/1","302805_5.0015.384/1","302805_5.0015.385/12","302805_5.0015.385/7","302805_5.0015.389","302805_5.0015.390","302805_5.0015.391/2","302805_5.0015.392","302805_5.0015.395/1","302805_5.0015.396/3","302805_5.0015.398/6","302805_5.0015.553/2","302805_5.0015.571/1","302805_5.0015.571/2","302805_5.0015.575","302805_5.0015.578/1","302805_5.0015.595","302805_5.0015.601/6","302805_5.0015.605","302805_5.0015.610/1","302805_5.0015.613/5","302805_5.0015.613/6","302805_5.0015.614","302805_5.0015.615/1","302805_5.0015.616","302805_5.0015.664","302805_5.0015.705","302805_5.0015.762/20","302805_5.0015.764","302805_5.0015.767/2"],"location_quality":"dokładny","gunb_url":"https://wyszukiwarka.gunb.gov.pl/","parcel_count":46,"parcel_shard":"x068-y210","parcel_id":"302805_5.0015.614","location_source":"powiat wągrowiecki (wfs)"}},{"type":"Feature","id":"ST-WK-WA/ZGŁOSZENIE/3588/2025::302805_5.0015.615/1","geometry":{"type":"Polygon","coordinates":[[[17.1327076067346,52.6710858863118],[17.1326068608286,52.6710588284185],[17.13261751954,52.6711870538906],[17.1328595288783,52.6711721873742],[17.1327076067346,52.6710858863118]]]},"properties":{"case_id":"ST-WK-WA/ZGŁOSZENIE/3588/2025","source_type":"zgloszenie","received_date":"2025-11-07","decision_date":null,"status":"Brak sprzeciwu","description":"budowa sieci kanalizacji sanitarnej w miejscowości Potrzanowo","address":"Skoki","city":"Skoki","office":"Starosta Powiatu Wągrowiec","case_kind":"budowa nowego/nowych obiektów budowlanych","parcel_ids":["302805_5.0015.124/43","302805_5.0015.125","302805_5.0015.128","302805_5.0015.130/4","302805_5.0015.139","302805_5.0015.154/10","302805_5.0015.154/13","302805_5.0015.154/20","302805_5.0015.155/4","302805_5.0015.157","302805_5.0015.165","302805_5.0015.166/1","302805_5.0015.167/4","302805_5.0015.375","302805_5.0015.380/1","302805_5.0015.380/14","302805_5.0015.382/1","302805_5.0015.384/1","302805_5.0015.385/12","302805_5.0015.385/7","302805_5.0015.389","302805_5.0015.390","302805_5.0015.391/2","302805_5.0015.392","302805_5.0015.395/1","302805_5.0015.396/3","302805_5.0015.398/6","302805_5.0015.553/2","302805_5.0015.571/1","302805_5.0015.571/2","302805_5.0015.575","302805_5.0015.578/1","302805_5.0015.595","302805_5.0015.601/6","302805_5.0015.605","302805_5.0015.610/1","302805_5.0015.613/5","302805_5.0015.613/6","302805_5.0015.614","302805_5.0015.615/1","302805_5.0015.616","302805_5.0015.664","302805_5.0015.705","302805_5.0015.762/20","302805_5.0015.764","302805_5.0015.767/2"],"location_quality":"dokładny","gunb_url":"https://wyszukiwarka.gunb.gov.pl/","parcel_count":46,"parcel_shard":"x068-y210","parcel_id":"302805_5.0015.615/1","location_source":"powiat wągrowiecki (wfs)"}},{"type":"Feature","id":"ST-WK-WA/ZGŁOSZENIE/3588/2025::302805_5.0015.616","geometry":{"type":"Polygon","coordinates":[[[17.1325349175508,52.6710455130101],[17.1326068608286,52.6710588284185],[17.1327076067346,52.6710858863118],[17.1328595288783,52.6711721873742],[17.1329898159486,52.6711716837297],[17.1327802833195,52.6710075264297],[17.1326688831395,52.6709975428024],[17.1329623237015,52.6707075847401],[17.1339967834126,52.6694264032533],[17.1347035342609,52.6686839964455],[17.1354513186795,52.6679460551736],[17.136455384468,52.6672949809696],[17.1373128227973,52.6666177564946],[17.1384105475579,52.6657737847882],[17.1383512695867,52.6657677711683],[17.1372618094096,52.6665910704639],[17.1364019272124,52.6672722912233],[17.1354024960776,52.6679198633267],[17.1346465435164,52.6686645640776],[17.1339341849527,52.6694046785867],[17.1328971781786,52.6706871397283],[17.1325929725594,52.6709880814762],[17.1325349175508,52.6710455130101]]]},"properties":{"case_id":"ST-WK-WA/ZGŁOSZENIE/3588/2025","source_type":"zgloszenie","received_date":"2025-11-07","decision_date":null,"status":"Brak sprzeciwu","description":"budowa sieci kanalizacji sanitarnej w miejscowości Potrzanowo","address":"Skoki","city":"Skoki","office":"Starosta Powiatu Wągrowiec","case_kind":"budowa nowego/nowych obiektów budowlanych","parcel_ids":["302805_5.0015.124/43","302805_5.0015.125","302805_5.0015.128","302805_5.0015.130/4","302805_5.0015.139","302805_5.0015.154/10","302805_5.0015.154/13","302805_5.0015.154/20","302805_5.0015.155/4","302805_5.0015.157","302805_5.0015.165","302805_5.0015.166/1","302805_5.0015.167/4","302805_5.0015.375","302805_5.0015.380/1","302805_5.0015.380/14","302805_5.0015.382/1","302805_5.0015.384/1","302805_5.0015.385/12","302805_5.0015.385/7","302805_5.0015.389","302805_5.0015.390","302805_5.0015.391/2","302805_5.0015.392","302805_5.0015.395/1","302805_5.0015.396/3","302805_5.0015.398/6","302805_5.0015.553/2","302805_5.0015.571/1","302805_5.0015.571/2","302805_5.0015.575","302805_5.0015.578/1","302805_5.0015.595","302805_5.0015.601/6","302805_5.0015.605","302805_5.0015.610/1","302805_5.0015.613/5","302805_5.0015.613/6","302805_5.0015.614","302805_5.0015.615/1","302805_5.0015.616","302805_5.0015.664","302805_5.0015.705","302805_5.0015.762/20","302805_5.0015.764","302805_5.0015.767/2"],"location_quality":"dokładny","gunb_url":"https://wyszukiwarka.gunb.gov.pl/","parcel_count":46,"parcel_shard":"x068-y210","parcel_id":"302805_5.0015.616","location_source":"powiat wągrowiecki (wfs)"}},{"type":"Feature","id":"ST-WK-WA/ZGŁOSZENIE/3588/2025::302805_5.0015.664","geometry":{"type":"Polygon","coordinates":[[[17.1224442967865,52.6699644507296],[17.1223287292457,52.6699459209939],[17.1220793391236,52.6702567564038],[17.1218402900932,52.6705510480282],[17.12179878141,52.6705620983083],[17.1215274607081,52.6705192092219],[17.1212237006082,52.6704718532014],[17.1209184037104,52.6704237554297],[17.1206169986491,52.6703759607745],[17.1206280970182,52.6703608625409],[17.1203261145184,52.6703132138456],[17.1202493687787,52.6704097071372],[17.1218912820797,52.670645847746],[17.1219337797388,52.6706522380584],[17.1224442967865,52.6699644507296]]]},"properties":{"case_id":"ST-WK-WA/ZGŁOSZENIE/3588/2025","source_type":"zgloszenie","received_date":"2025-11-07","decision_date":null,"status":"Brak sprzeciwu","description":"budowa sieci kanalizacji sanitarnej w miejscowości Potrzanowo","address":"Skoki","city":"Skoki","office":"Starosta Powiatu Wągrowiec","case_kind":"budowa nowego/nowych obiektów budowlanych","parcel_ids":["302805_5.0015.124/43","302805_5.0015.125","302805_5.0015.128","302805_5.0015.130/4","302805_5.0015.139","302805_5.0015.154/10","302805_5.0015.154/13","302805_5.0015.154/20","302805_5.0015.155/4","302805_5.0015.157","302805_5.0015.165","302805_5.0015.166/1","302805_5.0015.167/4","302805_5.0015.375","302805_5.0015.380/1","302805_5.0015.380/14","302805_5.0015.382/1","302805_5.0015.384/1","302805_5.0015.385/12","302805_5.0015.385/7","302805_5.0015.389","302805_5.0015.390","302805_5.0015.391/2","302805_5.0015.392","302805_5.0015.395/1","302805_5.0015.396/3","302805_5.0015.398/6","302805_5.0015.553/2","302805_5.0015.571/1","302805_5.0015.571/2","302805_5.0015.575","302805_5.0015.578/1","302805_5.0015.595","302805_5.0015.601/6","302805_5.0015.605","302805_5.0015.610/1","302805_5.0015.613/5","302805_5.0015.613/6","302805_5.0015.614","302805_5.0015.615/1","302805_5.0015.616","302805_5.0015.664","302805_5.0015.705","302805_5.0015.762/20","302805_5.0015.764","302805_5.0015.767/2"],"location_quality":"dokładny","gunb_url":"https://wyszukiwarka.gunb.gov.pl/","parcel_count":46,"parcel_shard":"x068-y210","parcel_id":"302805_5.0015.664","location_source":"powiat wągrowiecki (wfs)"}},{"type":"Feature","id":"ST-WK-WA/ZGŁOSZENIE/3588/2025::302805_5.0015.705","geometry":{"type":"Polygon","coordinates":[[[17.120010828949,52.6703764807197],[17.1200556500826,52.6704314378656],[17.1203425203869,52.6704755536019],[17.1204787841201,52.6704965083463],[17.1205542872557,52.6704617669601],[17.1206475204253,52.6704761042759],[17.1209343923871,52.6705202186515],[17.1212212653326,52.6705643323829],[17.1215081392323,52.6706084454608],[17.1217950141162,52.6706525578764],[17.1218998128264,52.6706686724609],[17.1219337797388,52.6706522380584],[17.1218912820797,52.670645847746],[17.1202493687787,52.6704097071372],[17.120010828949,52.6703764807197]]]},"properties":{"case_id":"ST-WK-WA/ZGŁOSZENIE/3588/2025","source_type":"zgloszenie","received_date":"2025-11-07","decision_date":null,"status":"Brak sprzeciwu","description":"budowa sieci kanalizacji sanitarnej w miejscowości Potrzanowo","address":"Skoki","city":"Skoki","office":"Starosta Powiatu Wągrowiec","case_kind":"budowa nowego/nowych obiektów budowlanych","parcel_ids":["302805_5.0015.124/43","302805_5.0015.125","302805_5.0015.128","302805_5.0015.130/4","302805_5.0015.139","302805_5.0015.154/10","302805_5.0015.154/13","302805_5.0015.154/20","302805_5.0015.155/4","302805_5.0015.157","302805_5.0015.165","302805_5.0015.166/1","302805_5.0015.167/4","302805_5.0015.375","302805_5.0015.380/1","302805_5.0015.380/14","302805_5.0015.382/1","302805_5.0015.384/1","302805_5.0015.385/12","302805_5.0015.385/7","302805_5.0015.389","302805_5.0015.390","302805_5.0015.391/2","302805_5.0015.392","302805_5.0015.395/1","302805_5.0015.396/3","302805_5.0015.398/6","302805_5.0015.553/2","302805_5.0015.571/1","302805_5.0015.571/2","302805_5.0015.575","302805_5.0015.578/1","302805_5.0015.595","302805_5.0015.601/6","302805_5.0015.605","302805_5.0015.610/1","302805_5.0015.613/5","302805_5.0015.613/6","302805_5.0015.614","302805_5.0015.615/1","302805_5.0015.616","302805_5.0015.664","302805_5.0015.705","302805_5.0015.762/20","302805_5.0015.764","302805_5.0015.767/2"],"location_quality":"dokładny","gunb_url":"https://wyszukiwarka.gunb.gov.pl/","parcel_count":46,"parcel_shard":"x068-y210","parcel_id":"302805_5.0015.705","location_source":"powiat wągrowiecki (wfs)"}},{"type":"Feature","id":"ST-WK-WA/ZGŁOSZENIE/3588/2025::302805_5.0015.762/20","geometry":{"type":"Polygon","coordinates":[[[17.1146981982132,52.6686285849187],[17.1149877924223,52.6686706751623],[17.1149394940447,52.6686172893482],[17.1149592500675,52.6685833749571],[17.11505343014,52.6684219470597],[17.1151143169619,52.6683144554934],[17.1152058259145,52.6682699871387],[17.1156413044647,52.668205816766],[17.1156642814895,52.6682023628908],[17.1160963540157,52.668138720402],[17.1163837100795,52.6680963759145],[17.1167438674267,52.6680433391572],[17.1169595433323,52.6680115445655],[17.1168942192598,52.667793750658],[17.1168290437565,52.667575956149],[17.1167638689775,52.6673581616087],[17.116698695846,52.6671404568811],[17.1166202157238,52.6668784931755],[17.1160599601294,52.666940614862],[17.1151684275025,52.6670396578702],[17.1150658797952,52.6671715125404],[17.1151636337664,52.6671308856415],[17.1153378847825,52.6671116345684],[17.1157741026955,52.6670634586379],[17.115860062652,52.6670996284551],[17.1159204881739,52.6673014433261],[17.1159942215369,52.6675475171561],[17.1160678070954,52.6677935016149],[17.1161283834831,52.6679954056774],[17.1160697997871,52.6680501778205],[17.1156378658238,52.6681137973386],[17.1153073465298,52.6681625689076],[17.1152315850834,52.6681116213118],[17.1154988123652,52.6676493894652],[17.1154851964824,52.6676037834295],[17.1149251718022,52.6674690721936],[17.114883636553,52.6674108073856],[17.1148948480405,52.6673936895088],[17.1148322417917,52.6674748992898],[17.1143276177492,52.6682209364182],[17.1141747854585,52.6685192589492],[17.114221712107,52.6684438642893],[17.1144456968462,52.6680838886392],[17.1145270384783,52.6679588535995],[17.1147748806544,52.6675779292602],[17.114870868329,52.6675526778234],[17.1152443170926,52.6676425153657],[17.1153018561623,52.6677191450497],[17.1150807435472,52.6681017532426],[17.1150610732998,52.6681356216969],[17.114794563436,52.6685965016525],[17.1147727122213,52.6686038210246],[17.1146981982132,52.6686285849187]],[[17.1165749636439,52.6672289953974],[17.1166485532159,52.6674750694121],[17.1167222915462,52.6677211428144],[17.1167758380606,52.6678999748249],[17.1167172553291,52.6679547472932],[17.1163572140483,52.6680078558424],[17.1162721639212,52.6679741994924],[17.1162132645434,52.6677774121394],[17.1161396780895,52.6675314277661],[17.1160659438308,52.6672853540217],[17.1160055175707,52.6670835392118],[17.1160650122185,52.6670312801911],[17.1164285752132,52.6669911013582],[17.1165145357074,52.6670272707039],[17.1165749636439,52.6672289953974]]]},"properties":{"case_id":"ST-WK-WA/ZGŁOSZENIE/3588/2025","source_type":"zgloszenie","received_date":"2025-11-07","decision_date":null,"status":"Brak sprzeciwu","description":"budowa sieci kanalizacji sanitarnej w miejscowości Potrzanowo","address":"Skoki","city":"Skoki","office":"Starosta Powiatu Wągrowiec","case_kind":"budowa nowego/nowych obiektów budowlanych","parcel_ids":["302805_5.0015.124/43","302805_5.0015.125","302805_5.0015.128","302805_5.0015.130/4","302805_5.0015.139","302805_5.0015.154/10","302805_5.0015.154/13","302805_5.0015.154/20","302805_5.0015.155/4","302805_5.0015.157","302805_5.0015.165","302805_5.0015.166/1","302805_5.0015.167/4","302805_5.0015.375","302805_5.0015.380/1","302805_5.0015.380/14","302805_5.0015.382/1","302805_5.0015.384/1","302805_5.0015.385/12","302805_5.0015.385/7","302805_5.0015.389","302805_5.0015.390","302805_5.0015.391/2","302805_5.0015.392","302805_5.0015.395/1","302805_5.0015.396/3","302805_5.0015.398/6","302805_5.0015.553/2","302805_5.0015.571/1","302805_5.0015.571/2","302805_5.0015.575","302805_5.0015.578/1","302805_5.0015.595","302805_5.0015.601/6","302805_5.0015.605","302805_5.0015.610/1","302805_5.0015.613/5","302805_5.0015.613/6","302805_5.0015.614","302805_5.0015.615/1","302805_5.0015.616","302805_5.0015.664","302805_5.0015.705","302805_5.0015.762/20","302805_5.0015.764","302805_5.0015.767/2"],"location_quality":"dokładny","gunb_url":"https://wyszukiwarka.gunb.gov.pl/","parcel_count":46,"parcel_shard":"x068-y210","parcel_id":"302805_5.0015.762/20","location_source":"powiat wągrowiecki (wfs)"}},{"type":"Feature","id":"ST-WK-WA/ZGŁOSZENIE/3588/2025::302805_5.0015.764","geometry":{"type":"Polygon","coordinates":[[[17.1042001968114,52.6712324970294],[17.1044842551029,52.6712007653268],[17.1045618703254,52.6713805898852],[17.1046745560665,52.6713708872643],[17.1048603028728,52.6713548936043],[17.104797015736,52.671152830107],[17.1047060516679,52.6708623905143],[17.1044380384719,52.670914493944],[17.1041146437481,52.67096609781],[17.1039807969071,52.6709874553507],[17.1040607697213,52.6712452744901],[17.1042001968114,52.6712324970294]]]},"properties":{"case_id":"ST-WK-WA/ZGŁOSZENIE/3588/2025","source_type":"zgloszenie","received_date":"2025-11-07","decision_date":null,"status":"Brak sprzeciwu","description":"budowa sieci kanalizacji sanitarnej w miejscowości Potrzanowo","address":"Skoki","city":"Skoki","office":"Starosta Powiatu Wągrowiec","case_kind":"budowa nowego/nowych obiektów budowlanych","parcel_ids":["302805_5.0015.124/43","302805_5.0015.125","302805_5.0015.128","302805_5.0015.130/4","302805_5.0015.139","302805_5.0015.154/10","302805_5.0015.154/13","302805_5.0015.154/20","302805_5.0015.155/4","302805_5.0015.157","302805_5.0015.165","302805_5.0015.166/1","302805_5.0015.167/4","302805_5.0015.375","302805_5.0015.380/1","302805_5.0015.380/14","302805_5.0015.382/1","302805_5.0015.384/1","302805_5.0015.385/12","302805_5.0015.385/7","302805_5.0015.389","302805_5.0015.390","302805_5.0015.391/2","302805_5.0015.392","302805_5.0015.395/1","302805_5.0015.396/3","302805_5.0015.398/6","302805_5.0015.553/2","302805_5.0015.571/1","302805_5.0015.571/2","302805_5.0015.575","302805_5.0015.578/1","302805_5.0015.595","302805_5.0015.601/6","302805_5.0015.605","302805_5.0015.610/1","302805_5.0015.613/5","302805_5.0015.613/6","302805_5.0015.614","302805_5.0015.615/1","302805_5.0015.616","302805_5.0015.664","302805_5.0015.705","302805_5.0015.762/20","302805_5.0015.764","302805_5.0015.767/2"],"location_quality":"dokładny","gunb_url":"https://wyszukiwarka.gunb.gov.pl/","parcel_count":46,"parcel_shard":"x068-y210","parcel_id":"302805_5.0015.764","location_source":"powiat wągrowiecki (wfs)"}},{"type":"Feature","id":"ST-WK-WA/ZGŁOSZENIE/3588/2025::302805_5.0015.767/2","geometry":{"type":"Polygon","coordinates":[[[17.1078964990843,52.6677804746889],[17.1077880178488,52.667753458823],[17.1076313349227,52.6675905479023],[17.1074374603625,52.6673887666564],[17.107319911928,52.6672664259895],[17.1073254039051,52.6673287792622],[17.1078252108008,52.6677922389645],[17.1078763857428,52.667839685922],[17.108235799603,52.6677803236937],[17.1082807909894,52.6677725100829],[17.1082756656515,52.6677175252605],[17.1080783603698,52.6657890768604],[17.1080272629185,52.6657942066477],[17.1076333951247,52.6658333922445],[17.1079565940028,52.6658234045652],[17.1080345335998,52.6658569129538],[17.108072441411,52.6661781679879],[17.1080951989133,52.6663722151312],[17.1081163320318,52.666551438799],[17.1081373174304,52.6667306629813],[17.108158451664,52.6669099764845],[17.1081795851867,52.6670892000906],[17.1082141250092,52.667383594569],[17.1082485016221,52.6676763718645],[17.1081825343306,52.6677329645711],[17.1078964990843,52.6677804746889]]]},"properties":{"case_id":"ST-WK-WA/ZGŁOSZENIE/3588/2025","source_type":"zgloszenie","received_date":"2025-11-07","decision_date":null,"status":"Brak sprzeciwu","description":"budowa sieci kanalizacji sanitarnej w miejscowości Potrzanowo","address":"Skoki","city":"Skoki","office":"Starosta Powiatu Wągrowiec","case_kind":"budowa nowego/nowych obiektów budowlanych","parcel_ids":["302805_5.0015.124/43","302805_5.0015.125","302805_5.0015.128","302805_5.0015.130/4","302805_5.0015.139","302805_5.0015.154/10","302805_5.0015.154/13","302805_5.0015.154/20","302805_5.0015.155/4","302805_5.0015.157","302805_5.0015.165","302805_5.0015.166/1","302805_5.0015.167/4","302805_5.0015.375","302805_5.0015.380/1","302805_5.0015.380/14","302805_5.0015.382/1","302805_5.0015.384/1","302805_5.0015.385/12","302805_5.0015.385/7","302805_5.0015.389","302805_5.0015.390","302805_5.0015.391/2","302805_5.0015.392","302805_5.0015.395/1","302805_5.0015.396/3","302805_5.0015.398/6","302805_5.0015.553/2","302805_5.0015.571/1","302805_5.0015.571/2","302805_5.0015.575","302805_5.0015.578/1","302805_5.0015.595","302805_5.0015.601/6","302805_5.0015.605","302805_5.0015.610/1","302805_5.0015.613/5","302805_5.0015.613/6","302805_5.0015.614","302805_5.0015.615/1","302805_5.0015.616","302805_5.0015.664","302805_5.0015.705","302805_5.0015.762/20","302805_5.0015.764","302805_5.0015.767/2"],"location_quality":"dokładny","gunb_url":"https://wyszukiwarka.gunb.gov.pl/","parcel_count":46,"parcel_shard":"x068-y210","parcel_id":"302805_5.0015.767/2","location_source":"powiat wągrowiecki (wfs)"}},{"type":"Feature","id":"ST-WK-WA/WNIOSEK/10108/2026::302805_5.0015.148/15","geometry":{"type":"Polygon","coordinates":[[[17.1173251155865,52.6627993458869],[17.1172883584389,52.6627969151612],[17.1172343794958,52.6630916567188],[17.1171852272865,52.6633595621067],[17.1171601559537,52.6634960724864],[17.1168133354208,52.6638426458166],[17.1168268716955,52.6638722038345],[17.1171959255036,52.6635035287925],[17.1173251155865,52.6627993458869]]]},"properties":{"case_id":"ST-WK-WA/WNIOSEK/10108/2026","source_type":"wniosek_decyzja","received_date":"2026-05-27","decision_date":"2026-07-27","status":"decyzja wydana","description":"budowa oświetlenia drogowego w m. Potrzanowo  ul. stare Potrzanowo","address":"Stare Potrzanowo","city":"Potrzanowo","office":"Starosta Powiatu Wągrowiec","case_kind":"Obiekt budowlany inny niż budynek mieszkalny jednorodzinny","parcel_ids":["302805_5.0015.148/15","302805_5.0015.151","302805_5.0015.176"],"location_quality":"dokładny","gunb_url":"https://wyszukiwarka.gunb.gov.pl/","parcel_count":3,"parcel_shard":"x068-y210","parcel_id":"302805_5.0015.148/15","location_source":"powiat wągrowiecki (wfs)"}},{"type":"Feature","id":"ST-WK-WA/WNIOSEK/10108/2026::302805_5.0015.151","geometry":{"type":"Polygon","coordinates":[[[17.1151684275025,52.6670396578702],[17.1155240592503,52.666339144775],[17.1158360605899,52.6654706916039],[17.1159791878522,52.6650222136282],[17.1161059328776,52.6647920950005],[17.1168997872119,52.6639024265981],[17.11710134951,52.6637222047442],[17.1172867370856,52.6636036948372],[17.1172972956077,52.6634831636454],[17.1174780439747,52.6625088462117],[17.1177811173439,52.6619262976816],[17.1178792180008,52.6617377549093],[17.1179629441701,52.6614555470429],[17.1179605710602,52.6612797373488],[17.1179584333693,52.6610408383931],[17.118002147051,52.6609546158087],[17.1180311403159,52.6609314645413],[17.118127277821,52.6608549788562],[17.1183250801921,52.6606856983653],[17.1183619605577,52.6606137416785],[17.1184632024784,52.6603700784244],[17.118499780344,52.6601557004276],[17.1184154696228,52.6597825822483],[17.1178142700873,52.6583710689813],[17.1176776231969,52.6583779638752],[17.1183153089362,52.6597951088381],[17.1184029146406,52.6601560626871],[17.1183818726272,52.6603290654849],[17.1182420263263,52.6606620692518],[17.1179311399343,52.6609111333716],[17.1178537040777,52.6610299053724],[17.117796057553,52.6617159839518],[17.1173818153264,52.6624978281206],[17.1173459045948,52.6626919224864],[17.1173251155865,52.6627993458869],[17.1171959255036,52.6635035287925],[17.1168268716955,52.6638722038345],[17.1167860915577,52.6639182058938],[17.1159964374317,52.6648120390362],[17.1159130645143,52.664907311824],[17.1157652290196,52.6653693254524],[17.1156391479086,52.665749446992],[17.1154158470324,52.6663831838678],[17.1150789373919,52.6670495947561],[17.1151684275025,52.6670396578702]]]},"properties":{"case_id":"ST-WK-WA/WNIOSEK/10108/2026","source_type":"wniosek_decyzja","received_date":"2026-05-27","decision_date":"2026-07-27","status":"decyzja wydana","description":"budowa oświetlenia drogowego w m. Potrzanowo  ul. stare Potrzanowo","address":"Stare Potrzanowo","city":"Potrzanowo","office":"Starosta Powiatu Wągrowiec","case_kind":"Obiekt budowlany inny niż budynek mieszkalny jednorodzinny","parcel_ids":["302805_5.0015.148/15","302805_5.0015.151","302805_5.0015.176"],"location_quality":"dokładny","gunb_url":"https://wyszukiwarka.gunb.gov.pl/","parcel_count":3,"parcel_shard":"x068-y210","parcel_id":"302805_5.0015.151","location_source":"powiat wągrowiecki (wfs)"}},{"type":"Feature","id":"ST-WK-WA/WNIOSEK/10108/2026::302805_5.0015.176","geometry":{"type":"Polygon","coordinates":[[[17.1173549712303,52.6635332032092],[17.1172972956077,52.6634831636454],[17.1172867370856,52.6636036948372],[17.1187612063798,52.6630314805829],[17.1207948760297,52.6622325127843],[17.1218647182885,52.6618275890535],[17.1224491857942,52.6615857461849],[17.1229148863647,52.6613952662938],[17.1229909507744,52.6613665431015],[17.1230416118599,52.6613426551496],[17.123378926084,52.6612284874214],[17.1237460534171,52.6610580633066],[17.1251090906295,52.6605771437103],[17.1263126550665,52.6601580645019],[17.1277058625997,52.6596318742954],[17.1281333455795,52.659495943932],[17.128292035046,52.6594830314678],[17.1280441302141,52.6594257108699],[17.1280522095794,52.6594633938124],[17.1276727129779,52.6595858549014],[17.1272883932117,52.6597274369906],[17.1262706118703,52.6601038478196],[17.1261835701955,52.6601343771358],[17.1258937898684,52.6602424789772],[17.1255006943086,52.6603891203422],[17.1250575767594,52.6605544193477],[17.1233384121068,52.6611661523318],[17.1228909059644,52.661377479153],[17.1224123263502,52.6615601205109],[17.1218293376378,52.6617826030401],[17.1207510542566,52.6621947113999],[17.1193892411381,52.662731838187],[17.1189370341532,52.6629102008228],[17.1187421452447,52.6629870313612],[17.1173549712303,52.6635332032092]]]},"properties":{"case_id":"ST-WK-WA/WNIOSEK/10108/2026","source_type":"wniosek_decyzja","received_date":"2026-05-27","decision_date":"2026-07-27","status":"decyzja wydana","description":"budowa oświetlenia drogowego w m. Potrzanowo  ul. stare Potrzanowo","address":"Stare Potrzanowo","city":"Potrzanowo","office":"Starosta Powiatu Wągrowiec","case_kind":"Obiekt budowlany inny niż budynek mieszkalny jednorodzinny","parcel_ids":["302805_5.0015.148/15","302805_5.0015.151","302805_5.0015.176"],"location_quality":"dokładny","gunb_url":"https://wyszukiwarka.gunb.gov.pl/","parcel_count":3,"parcel_shard":"x068-y210","parcel_id":"302805_5.0015.176","location_source":"powiat wągrowiecki (wfs)"}},{"type":"Feature","id":"ST-WK-WA/WNIOSEK/12154/2026::302805_5.0015.151","geometry":{"type":"Polygon","coordinates":[[[17.1151684275025,52.6670396578702],[17.1155240592503,52.666339144775],[17.1158360605899,52.6654706916039],[17.1159791878522,52.6650222136282],[17.1161059328776,52.6647920950005],[17.1168997872119,52.6639024265981],[17.11710134951,52.6637222047442],[17.1172867370856,52.6636036948372],[17.1172972956077,52.6634831636454],[17.1174780439747,52.6625088462117],[17.1177811173439,52.6619262976816],[17.1178792180008,52.6617377549093],[17.1179629441701,52.6614555470429],[17.1179605710602,52.6612797373488],[17.1179584333693,52.6610408383931],[17.118002147051,52.6609546158087],[17.1180311403159,52.6609314645413],[17.118127277821,52.6608549788562],[17.1183250801921,52.6606856983653],[17.1183619605577,52.6606137416785],[17.1184632024784,52.6603700784244],[17.118499780344,52.6601557004276],[17.1184154696228,52.6597825822483],[17.1178142700873,52.6583710689813],[17.1176776231969,52.6583779638752],[17.1183153089362,52.6597951088381],[17.1184029146406,52.6601560626871],[17.1183818726272,52.6603290654849],[17.1182420263263,52.6606620692518],[17.1179311399343,52.6609111333716],[17.1178537040777,52.6610299053724],[17.117796057553,52.6617159839518],[17.1173818153264,52.6624978281206],[17.1173459045948,52.6626919224864],[17.1173251155865,52.6627993458869],[17.1171959255036,52.6635035287925],[17.1168268716955,52.6638722038345],[17.1167860915577,52.6639182058938],[17.1159964374317,52.6648120390362],[17.1159130645143,52.664907311824],[17.1157652290196,52.6653693254524],[17.1156391479086,52.665749446992],[17.1154158470324,52.6663831838678],[17.1150789373919,52.6670495947561],[17.1151684275025,52.6670396578702]]]},"properties":{"case_id":"ST-WK-WA/WNIOSEK/12154/2026","source_type":"wniosek_decyzja","received_date":"2026-06-24","decision_date":"2026-08-10","status":"decyzja wydana","description":"budowa sieci elektroenergetycznej nN do 1kV - budowa oświetlenia drogowego w gminie Skoki - Potrzanowo ul. Rumiankowa, Szkolna, Bajkowa, Sezamkowa, Leśnych Skrzatów","address":"Potrzanowo","city":"Potrzanowo","office":"Starosta Powiatu Wągrowiec","case_kind":"Obiekt budowlany inny niż budynek mieszkalny jednorodzinny","parcel_ids":["302805_5.0015.151","302805_5.0015.154/13","302805_5.0015.154/20","302805_5.0015.157","302805_5.0015.375","302805_5.0015.386/10","302805_5.0015.392","302805_5.0015.762/20"],"location_quality":"dokładny","gunb_url":"https://wyszukiwarka.gunb.gov.pl/","parcel_count":8,"parcel_shard":"x068-y210","parcel_id":"302805_5.0015.151","location_source":"powiat wągrowiecki (wfs)"}},{"type":"Feature","id":"ST-WK-WA/WNIOSEK/12154/2026::302805_5.0015.154/13","geometry":{"type":"Polygon","coordinates":[[[17.1163837100795,52.6680963759145],[17.1160963540157,52.668138720402],[17.1161814192964,52.6681723382184],[17.1162341874776,52.6683486134326],[17.1162951331616,52.6685519115291],[17.1163628545708,52.6687784473696],[17.1163040621907,52.6688127899242],[17.1166046644322,52.6688542155354],[17.116519421304,52.6688000157603],[17.116495595968,52.6687205700606],[17.1164347987523,52.6685171833102],[17.1163739966522,52.6683140661029],[17.1163252443725,52.6681512119913],[17.1163837100795,52.6680963759145]]]},"properties":{"case_id":"ST-WK-WA/WNIOSEK/12154/2026","source_type":"wniosek_decyzja","received_date":"2026-06-24","decision_date":"2026-08-10","status":"decyzja wydana","description":"budowa sieci elektroenergetycznej nN do 1kV - budowa oświetlenia drogowego w gminie Skoki - Potrzanowo ul. Rumiankowa, Szkolna, Bajkowa, Sezamkowa, Leśnych Skrzatów","address":"Potrzanowo","city":"Potrzanowo","office":"Starosta Powiatu Wągrowiec","case_kind":"Obiekt budowlany inny niż budynek mieszkalny jednorodzinny","parcel_ids":["302805_5.0015.151","302805_5.0015.154/13","302805_5.0015.154/20","302805_5.0015.157","302805_5.0015.375","302805_5.0015.386/10","302805_5.0015.392","302805_5.0015.762/20"],"location_quality":"dokładny","gunb_url":"https://wyszukiwarka.gunb.gov.pl/","parcel_count":8,"parcel_shard":"x068-y210","parcel_id":"302805_5.0015.154/13","location_source":"powiat wągrowiecki (wfs)"}},{"type":"Feature","id":"ST-WK-WA/WNIOSEK/12154/2026::302805_5.0015.154/20","geometry":{"type":"Polygon","coordinates":[[[17.1169595433323,52.6680115445655],[17.1167438674267,52.6680433391572],[17.1168289330254,52.6680769565108],[17.1168830948642,52.6682575557265],[17.1169438956296,52.6684608524036],[17.117004844762,52.6686641501463],[17.1170681388333,52.6688758235183],[17.117009348682,52.6689100765644],[17.1173103920993,52.6689516834138],[17.1172250000895,52.6688974830415],[17.1171812338754,52.6687511132286],[17.1171255457035,52.6685654699048],[17.117070005807,52.6683798276523],[17.1170143185607,52.6681941842688],[17.1169595433323,52.6680115445655]]]},"properties":{"case_id":"ST-WK-WA/WNIOSEK/12154/2026","source_type":"wniosek_decyzja","received_date":"2026-06-24","decision_date":"2026-08-10","status":"decyzja wydana","description":"budowa sieci elektroenergetycznej nN do 1kV - budowa oświetlenia drogowego w gminie Skoki - Potrzanowo ul. Rumiankowa, Szkolna, Bajkowa, Sezamkowa, Leśnych Skrzatów","address":"Potrzanowo","city":"Potrzanowo","office":"Starosta Powiatu Wągrowiec","case_kind":"Obiekt budowlany inny niż budynek mieszkalny jednorodzinny","parcel_ids":["302805_5.0015.151","302805_5.0015.154/13","302805_5.0015.154/20","302805_5.0015.157","302805_5.0015.375","302805_5.0015.386/10","302805_5.0015.392","302805_5.0015.762/20"],"location_quality":"dokładny","gunb_url":"https://wyszukiwarka.gunb.gov.pl/","parcel_count":8,"parcel_shard":"x068-y210","parcel_id":"302805_5.0015.154/20","location_source":"powiat wągrowiecki (wfs)"}},{"type":"Feature","id":"ST-WK-WA/WNIOSEK/12154/2026::302805_5.0015.157","geometry":{"type":"Polygon","coordinates":[[[17.1142321592884,52.6686779097515],[17.1141087591773,52.6686932066214],[17.114199853275,52.6690349763175],[17.1143015575037,52.6693351038006],[17.114504681109,52.6700081535469],[17.1148694260979,52.6710165581615],[17.1149822719272,52.671373028697],[17.1150499500282,52.6715942623535],[17.1156243026227,52.6724376044407],[17.1158722094107,52.6727733815563],[17.1162840001663,52.673289769892],[17.116703315819,52.6739110006777],[17.1167268207478,52.6739432375393],[17.1168733532461,52.6741547446315],[17.1174813835086,52.6760785731858],[17.1162079046165,52.6773034457531],[17.117503094981,52.6760837129589],[17.1175592870246,52.6760307935386],[17.1169151678638,52.6740893280234],[17.1163639739818,52.6732692999875],[17.1157728285522,52.6725264570294],[17.1155182662491,52.672153533251],[17.1151711183512,52.6715682050608],[17.1149962560466,52.6710468038926],[17.1149725463671,52.6709763460854],[17.1144888570479,52.6695342856135],[17.1144273405777,52.6693291234705],[17.1143830211204,52.669181310503],[17.1143158570148,52.6689569346363],[17.1142428742841,52.6687132823837],[17.1142321592884,52.6686779097515]]]},"properties":{"case_id":"ST-WK-WA/WNIOSEK/12154/2026","source_type":"wniosek_decyzja","received_date":"2026-06-24","decision_date":"2026-08-10","status":"decyzja wydana","description":"budowa sieci elektroenergetycznej nN do 1kV - budowa oświetlenia drogowego w gminie Skoki - Potrzanowo ul. Rumiankowa, Szkolna, Bajkowa, Sezamkowa, Leśnych Skrzatów","address":"Potrzanowo","city":"Potrzanowo","office":"Starosta Powiatu Wągrowiec","case_kind":"Obiekt budowlany inny niż budynek mieszkalny jednorodzinny","parcel_ids":["302805_5.0015.151","302805_5.0015.154/13","302805_5.0015.154/20","302805_5.0015.157","302805_5.0015.375","302805_5.0015.386/10","302805_5.0015.392","302805_5.0015.762/20"],"location_quality":"dokładny","gunb_url":"https://wyszukiwarka.gunb.gov.pl/","parcel_count":8,"parcel_shard":"x068-y210","parcel_id":"302805_5.0015.157","location_source":"powiat wągrowiecki (wfs)"}},{"type":"Feature","id":"ST-WK-WA/WNIOSEK/12154/2026::302805_5.0015.375","geometry":{"type":"Polygon","coordinates":[[[17.1057600952464,52.6706694012658],[17.1056489469155,52.6706894656255],[17.1056531719496,52.6710749241887],[17.1056544661016,52.6711917569927],[17.10565555942,52.6712463087956],[17.1056564103196,52.6712915214149],[17.10566060039,52.6715062600028],[17.1056631979572,52.6716324615113],[17.1056673862387,52.6718472899463],[17.105665886595,52.6718945373837],[17.1061181855025,52.6721843573621],[17.1062853233865,52.6728779676294],[17.1064081095031,52.6733875041963],[17.1064187726007,52.6734404372627],[17.1066495717208,52.6744316373254],[17.1068642768586,52.6753489282996],[17.1071831145745,52.6767038897092],[17.1074470544282,52.6778280716324],[17.1076702696885,52.6787800213035],[17.1076636891995,52.6788346256047],[17.1077926783294,52.6788141816956],[17.1077833472197,52.6787777440392],[17.1077062941008,52.6784455013551],[17.1076330985073,52.6781335402344],[17.1075628877563,52.6778332214427],[17.1075564140782,52.6778065522052],[17.1075379017959,52.6777293604042],[17.1074922612112,52.6775390488175],[17.1073254409247,52.6768186941418],[17.1072963345889,52.6766941629374],[17.1072479560677,52.6764871742586],[17.1070634900995,52.6756979129085],[17.1069837374663,52.6753566716024],[17.10693251999,52.6751375219759],[17.1069239693657,52.6750936351596],[17.1067909534547,52.6745327234387],[17.106766029283,52.6744251239405],[17.1065211540328,52.6733772784627],[17.1063922645314,52.6728614150908],[17.1062256137943,52.6721456556137],[17.1061148274723,52.6720721040641],[17.105758886628,52.6718344680345],[17.1057718261616,52.6715665153739],[17.1057832350496,52.6714308183211],[17.1057600952464,52.6706694012658]]]},"properties":{"case_id":"ST-WK-WA/WNIOSEK/12154/2026","source_type":"wniosek_decyzja","received_date":"2026-06-24","decision_date":"2026-08-10","status":"decyzja wydana","description":"budowa sieci elektroenergetycznej nN do 1kV - budowa oświetlenia drogowego w gminie Skoki - Potrzanowo ul. Rumiankowa, Szkolna, Bajkowa, Sezamkowa, Leśnych Skrzatów","address":"Potrzanowo","city":"Potrzanowo","office":"Starosta Powiatu Wągrowiec","case_kind":"Obiekt budowlany inny niż budynek mieszkalny jednorodzinny","parcel_ids":["302805_5.0015.151","302805_5.0015.154/13","302805_5.0015.154/20","302805_5.0015.157","302805_5.0015.375","302805_5.0015.386/10","302805_5.0015.392","302805_5.0015.762/20"],"location_quality":"dokładny","gunb_url":"https://wyszukiwarka.gunb.gov.pl/","parcel_count":8,"parcel_shard":"x068-y210","parcel_id":"302805_5.0015.375","location_source":"powiat wągrowiecki (wfs)"}},{"type":"Feature","id":"ST-WK-WA/WNIOSEK/12154/2026::302805_5.0015.386/10","geometry":{"type":"Polygon","coordinates":[[[17.1139711809384,52.6685163504329],[17.1141747854585,52.6685192589492],[17.1143276177492,52.6682209364182],[17.1148322417917,52.6674748992898],[17.1148948480405,52.6673936895088],[17.1150658797952,52.6671715125404],[17.1151684275025,52.6670396578702],[17.1150789373919,52.6670495947561],[17.1149129931952,52.6670681277078],[17.1148033000458,52.6672365396382],[17.1142648787222,52.6680637538588],[17.1141057361353,52.6683174860669],[17.1139711809384,52.6685163504329]]]},"properties":{"case_id":"ST-WK-WA/WNIOSEK/12154/2026","source_type":"wniosek_decyzja","received_date":"2026-06-24","decision_date":"2026-08-10","status":"decyzja wydana","description":"budowa sieci elektroenergetycznej nN do 1kV - budowa oświetlenia drogowego w gminie Skoki - Potrzanowo ul. Rumiankowa, Szkolna, Bajkowa, Sezamkowa, Leśnych Skrzatów","address":"Potrzanowo","city":"Potrzanowo","office":"Starosta Powiatu Wągrowiec","case_kind":"Obiekt budowlany inny niż budynek mieszkalny jednorodzinny","parcel_ids":["302805_5.0015.151","302805_5.0015.154/13","302805_5.0015.154/20","302805_5.0015.157","302805_5.0015.375","302805_5.0015.386/10","302805_5.0015.392","302805_5.0015.762/20"],"location_quality":"dokładny","gunb_url":"https://wyszukiwarka.gunb.gov.pl/","parcel_count":8,"parcel_shard":"x068-y210","parcel_id":"302805_5.0015.386/10","location_source":"powiat wągrowiecki (wfs)"}},{"type":"Feature","id":"ST-WK-WA/WNIOSEK/12154/2026::302805_5.0015.392","geometry":{"type":"Polygon","coordinates":[[[17.1022459769114,52.6708929000715],[17.102228098799,52.6710099533805],[17.1036051277021,52.6710473988579],[17.1045315410282,52.6708666968458],[17.1056489469155,52.6706894656255],[17.1057600952464,52.6706694012658],[17.1058831336586,52.6706468373349],[17.1064216312804,52.6704233241759],[17.1066678641872,52.6703249125759],[17.1067494365628,52.6702910023349],[17.1070070157453,52.6700991696328],[17.1074757043601,52.6696852627636],[17.1076483066249,52.6695987482533],[17.1086081484395,52.6694157040645],[17.1092606597366,52.6693804364704],[17.1103472626243,52.669190964329],[17.1116153713392,52.6689659583501],[17.1116665128638,52.6689544496069],[17.1122246493069,52.6688574817276],[17.1134547167117,52.6686681997498],[17.113705001114,52.66862041123],[17.1140428760787,52.6686513790142],[17.1141087591773,52.6686932066214],[17.1141909665515,52.6685554187118],[17.1141768972855,52.6685382147883],[17.1141747854585,52.6685192589492],[17.1139711809384,52.6685163504329],[17.1136809125572,52.6685506163871],[17.113388466827,52.6685851386387],[17.1130981977863,52.66861940319],[17.112815585543,52.6686658118545],[17.1125176586616,52.6686879302007],[17.1124821443306,52.6687085012367],[17.1124799841107,52.6687164781178],[17.1102644054081,52.6691270611824],[17.1097368375864,52.669228874584],[17.1092678315373,52.6693138248563],[17.1089411503545,52.6693282762221],[17.1085667496066,52.6693669464502],[17.1076444813453,52.6695216124149],[17.1073278064864,52.6696513315756],[17.1066858347323,52.670163833878],[17.1057788189096,52.6705525848549],[17.1045183265463,52.6707403053366],[17.103604036263,52.6709234986957],[17.1032747948224,52.6709312046473],[17.1022459769114,52.6708929000715]]]},"properties":{"case_id":"ST-WK-WA/WNIOSEK/12154/2026","source_type":"wniosek_decyzja","received_date":"2026-06-24","decision_date":"2026-08-10","status":"decyzja wydana","description":"budowa sieci elektroenergetycznej nN do 1kV - budowa oświetlenia drogowego w gminie Skoki - Potrzanowo ul. Rumiankowa, Szkolna, Bajkowa, Sezamkowa, Leśnych Skrzatów","address":"Potrzanowo","city":"Potrzanowo","office":"Starosta Powiatu Wągrowiec","case_kind":"Obiekt budowlany inny niż budynek mieszkalny jednorodzinny","parcel_ids":["302805_5.0015.151","302805_5.0015.154/13","302805_5.0015.154/20","302805_5.0015.157","302805_5.0015.375","302805_5.0015.386/10","302805_5.0015.392","302805_5.0015.762/20"],"location_quality":"dokładny","gunb_url":"https://wyszukiwarka.gunb.gov.pl/","parcel_count":8,"parcel_shard":"x068-y210","parcel_id":"302805_5.0015.392","location_source":"powiat wągrowiecki (wfs)"}},{"type":"Feature","id":"ST-WK-WA/WNIOSEK/12154/2026::302805_5.0015.762/20","geometry":{"type":"Polygon","coordinates":[[[17.1146981982132,52.6686285849187],[17.1149877924223,52.6686706751623],[17.1149394940447,52.6686172893482],[17.1149592500675,52.6685833749571],[17.11505343014,52.6684219470597],[17.1151143169619,52.6683144554934],[17.1152058259145,52.6682699871387],[17.1156413044647,52.668205816766],[17.1156642814895,52.6682023628908],[17.1160963540157,52.668138720402],[17.1163837100795,52.6680963759145],[17.1167438674267,52.6680433391572],[17.1169595433323,52.6680115445655],[17.1168942192598,52.667793750658],[17.1168290437565,52.667575956149],[17.1167638689775,52.6673581616087],[17.116698695846,52.6671404568811],[17.1166202157238,52.6668784931755],[17.1160599601294,52.666940614862],[17.1151684275025,52.6670396578702],[17.1150658797952,52.6671715125404],[17.1151636337664,52.6671308856415],[17.1153378847825,52.6671116345684],[17.1157741026955,52.6670634586379],[17.115860062652,52.6670996284551],[17.1159204881739,52.6673014433261],[17.1159942215369,52.6675475171561],[17.1160678070954,52.6677935016149],[17.1161283834831,52.6679954056774],[17.1160697997871,52.6680501778205],[17.1156378658238,52.6681137973386],[17.1153073465298,52.6681625689076],[17.1152315850834,52.6681116213118],[17.1154988123652,52.6676493894652],[17.1154851964824,52.6676037834295],[17.1149251718022,52.6674690721936],[17.114883636553,52.6674108073856],[17.1148948480405,52.6673936895088],[17.1148322417917,52.6674748992898],[17.1143276177492,52.6682209364182],[17.1141747854585,52.6685192589492],[17.114221712107,52.6684438642893],[17.1144456968462,52.6680838886392],[17.1145270384783,52.6679588535995],[17.1147748806544,52.6675779292602],[17.114870868329,52.6675526778234],[17.1152443170926,52.6676425153657],[17.1153018561623,52.6677191450497],[17.1150807435472,52.6681017532426],[17.1150610732998,52.6681356216969],[17.114794563436,52.6685965016525],[17.1147727122213,52.6686038210246],[17.1146981982132,52.6686285849187]],[[17.1165749636439,52.6672289953974],[17.1166485532159,52.6674750694121],[17.1167222915462,52.6677211428144],[17.1167758380606,52.6678999748249],[17.1167172553291,52.6679547472932],[17.1163572140483,52.6680078558424],[17.1162721639212,52.6679741994924],[17.1162132645434,52.6677774121394],[17.1161396780895,52.6675314277661],[17.1160659438308,52.6672853540217],[17.1160055175707,52.6670835392118],[17.1160650122185,52.6670312801911],[17.1164285752132,52.6669911013582],[17.1165145357074,52.6670272707039],[17.1165749636439,52.6672289953974]]]},"properties":{"case_id":"ST-WK-WA/WNIOSEK/12154/2026","source_type":"wniosek_decyzja","received_date":"2026-06-24","decision_date":"2026-08-10","status":"decyzja wydana","description":"budowa sieci elektroenergetycznej nN do 1kV - budowa oświetlenia drogowego w gminie Skoki - Potrzanowo ul. Rumiankowa, Szkolna, Bajkowa, Sezamkowa, Leśnych Skrzatów","address":"Potrzanowo","city":"Potrzanowo","office":"Starosta Powiatu Wągrowiec","case_kind":"Obiekt budowlany inny niż budynek mieszkalny jednorodzinny","parcel_ids":["302805_5.0015.151","302805_5.0015.154/13","302805_5.0015.154/20","302805_5.0015.157","302805_5.0015.375","302805_5.0015.386/10","302805_5.0015.392","302805_5.0015.762/20"],"location_quality":"dokładny","gunb_url":"https://wyszukiwarka.gunb.gov.pl/","parcel_count":8,"parcel_shard":"x068-y210","parcel_id":"302805_5.0015.762/20","location_source":"powiat wągrowiecki (wfs)"}},{"type":"Feature","id":"ST-WK-WA/WNIOSEK/18438/2025::302805_5.0015.155/11","geometry":{"type":"Polygon","coordinates":[[[17.1154599939887,52.668867607219],[17.1153706550692,52.6691041156225],[17.1157645658342,52.6691590916266],[17.1158476346644,52.6689401512934],[17.1158254507943,52.6689185959972],[17.1154599939887,52.668867607219]]]},"properties":{"case_id":"ST-WK-WA/WNIOSEK/18438/2025","source_type":"wniosek_decyzja","received_date":"2025-09-09","decision_date":"2025-11-24","status":"decyzja wydana","description":"budowa budynku mieszkalnego jednorodzinnego dwulokalowego ze zbiornikami bezodpływowymi do 10 m3 i wewnętrzną instalacja gazu","address":"Potrzanowo","city":"Potrzanowo","office":"Starosta Powiatu Wągrowiec","case_kind":"Budynek mieszkalny jednorodzinny","parcel_ids":["302805_5.0015.155/11"],"location_quality":"dokładny","gunb_url":"https://wyszukiwarka.gunb.gov.pl/","parcel_count":1,"parcel_shard":"x068-y210","parcel_id":"302805_5.0015.155/11","location_source":"powiat wągrowiecki (wfs)"}},{"type":"Feature","id":"ST-WK-WA/WNIOSEK/11633/2026::302805_5.0015.165","geometry":{"type":"Polygon","coordinates":[[[17.1141909665515,52.6685554187118],[17.1141087591773,52.6686932066214],[17.1142321592884,52.6686779097515],[17.1142898473386,52.6686859524985],[17.1158032669459,52.6688970406969],[17.1159762071863,52.6689211495414],[17.1161196288308,52.6689428540814],[17.1182362355301,52.6692614654301],[17.1184052077767,52.6692852715798],[17.11847731065,52.6692954332904],[17.1187938066847,52.6693466149247],[17.118907746581,52.6693715390191],[17.1189753556316,52.6694074156617],[17.1203946052566,52.6696412917563],[17.1204640022951,52.6695447154208],[17.1204855237012,52.6695179985529],[17.1204150446449,52.6695069034308],[17.1203399019506,52.6694942128814],[17.1195712425857,52.6693642109364],[17.1177507539841,52.669071258029],[17.1153259484835,52.6687190968847],[17.1149877924223,52.6686706751623],[17.1146981982132,52.6686285849187],[17.1141909665515,52.6685554187118]]]},"properties":{"case_id":"ST-WK-WA/WNIOSEK/11633/2026","source_type":"wniosek_decyzja","received_date":"2026-06-18","decision_date":"2026-08-18","status":"decyzja wydana","description":"budowa sieci elektroenergetycznej nN do 1 kV. Budowa oświetlenia drogowego w gminie Skoki - Potrzanowo  ul. Zagajnikowa, Borówiec","address":"Potrzanowo","city":"Potrzanowo","office":"Starosta Powiatu Wągrowiec","case_kind":"Obiekt budowlany inny niż budynek mieszkalny jednorodzinny","parcel_ids":["302805_5.0015.165","302805_5.0015.167/4","302805_5.0015.575","302805_5.0015.584/3","302805_5.0015.585/2","302805_5.0015.595","302805_5.0015.605","302805_5.0015.610/1"],"location_quality":"dokładny","gunb_url":"https://wyszukiwarka.gunb.gov.pl/","parcel_count":8,"parcel_shard":"x068-y210","parcel_id":"302805_5.0015.165","location_source":"powiat wągrowiecki (wfs)"}},{"type":"Feature","id":"ST-WK-WA/WNIOSEK/11633/2026::302805_5.0015.167/4","geometry":{"type":"Polygon","coordinates":[[[17.1225313499229,52.6669806002066],[17.1224219362164,52.6669914032119],[17.121913539972,52.6676260962633],[17.1218705658355,52.6676828472919],[17.1211775477286,52.6685513670378],[17.1204150446449,52.6695069034308],[17.1204855237012,52.6695179985529],[17.1208270818097,52.6691070221873],[17.1210401819759,52.668840127297],[17.1212541148988,52.6685740435379],[17.1214148721442,52.6683720322559],[17.12153740616,52.6682182689265],[17.1215754710764,52.6681704689458],[17.121735074691,52.6679667174671],[17.1218976080254,52.6677649263368],[17.1220728170807,52.6675473952397],[17.1221986153275,52.6673912085413],[17.122222344593,52.6673617469492],[17.1225313499229,52.6669806002066]]]},"properties":{"case_id":"ST-WK-WA/WNIOSEK/11633/2026","source_type":"wniosek_decyzja","received_date":"2026-06-18","decision_date":"2026-08-18","status":"decyzja wydana","description":"budowa sieci elektroenergetycznej nN do 1 kV. Budowa oświetlenia drogowego w gminie Skoki - Potrzanowo  ul. Zagajnikowa, Borówiec","address":"Potrzanowo","city":"Potrzanowo","office":"Starosta Powiatu Wągrowiec","case_kind":"Obiekt budowlany inny niż budynek mieszkalny jednorodzinny","parcel_ids":["302805_5.0015.165","302805_5.0015.167/4","302805_5.0015.575","302805_5.0015.584/3","302805_5.0015.585/2","302805_5.0015.595","302805_5.0015.605","302805_5.0015.610/1"],"location_quality":"dokładny","gunb_url":"https://wyszukiwarka.gunb.gov.pl/","parcel_count":8,"parcel_shard":"x068-y210","parcel_id":"302805_5.0015.167/4","location_source":"powiat wągrowiecki (wfs)"}},{"type":"Feature","id":"ST-WK-WA/WNIOSEK/11633/2026::302805_5.0015.575","geometry":{"type":"Polygon","coordinates":[[[17.1296035242569,52.671034134379],[17.1286248940142,52.6708686756369],[17.1277133343585,52.6707174678145],[17.1267927520354,52.6705641815425],[17.1235883630916,52.6700349705487],[17.1235009702631,52.6700213107149],[17.1220522600605,52.6697939739505],[17.1219076766048,52.6697712842888],[17.1211074734304,52.6696456006548],[17.1204640022951,52.6695447154208],[17.1203946052566,52.6696412917563],[17.1208047744982,52.6697043703334],[17.12110210681,52.669752156653],[17.1213732476173,52.6697954074548],[17.1216696108062,52.6698420726139],[17.1220340999077,52.6698993479103],[17.1223287292457,52.6699459209939],[17.1224442967865,52.6699644507296],[17.123459613694,52.6701249185899],[17.1235472142065,52.6701381471425],[17.1267418315187,52.6706604714675],[17.1276523300368,52.6708171158003],[17.1278668778465,52.6708555480439],[17.1282626567516,52.6709323822779],[17.1285605843083,52.670985432301],[17.1286244185676,52.670996803221],[17.1292899447142,52.6711153117229],[17.1296035242569,52.671034134379]]]},"properties":{"case_id":"ST-WK-WA/WNIOSEK/11633/2026","source_type":"wniosek_decyzja","received_date":"2026-06-18","decision_date":"2026-08-18","status":"decyzja wydana","description":"budowa sieci elektroenergetycznej nN do 1 kV. Budowa oświetlenia drogowego w gminie Skoki - Potrzanowo  ul. Zagajnikowa, Borówiec","address":"Potrzanowo","city":"Potrzanowo","office":"Starosta Powiatu Wągrowiec","case_kind":"Obiekt budowlany inny niż budynek mieszkalny jednorodzinny","parcel_ids":["302805_5.0015.165","302805_5.0015.167/4","302805_5.0015.575","302805_5.0015.584/3","302805_5.0015.585/2","302805_5.0015.595","302805_5.0015.605","302805_5.0015.610/1"],"location_quality":"dokładny","gunb_url":"https://wyszukiwarka.gunb.gov.pl/","parcel_count":8,"parcel_shard":"x068-y210","parcel_id":"302805_5.0015.575","location_source":"powiat wągrowiecki (wfs)"}},{"type":"Feature","id":"ST-WK-WA/WNIOSEK/11633/2026::302805_5.0015.584/3","geometry":{"type":"Polygon","coordinates":[[[17.1204855237012,52.6695179985529],[17.1204640022951,52.6695447154208],[17.1211074734304,52.6696456006548],[17.12113330488,52.6696217240757],[17.1204855237012,52.6695179985529]]]},"properties":{"case_id":"ST-WK-WA/WNIOSEK/11633/2026","source_type":"wniosek_decyzja","received_date":"2026-06-18","decision_date":"2026-08-18","status":"decyzja wydana","description":"budowa sieci elektroenergetycznej nN do 1 kV. Budowa oświetlenia drogowego w gminie Skoki - Potrzanowo  ul. Zagajnikowa, Borówiec","address":"Potrzanowo","city":"Potrzanowo","office":"Starosta Powiatu Wągrowiec","case_kind":"Obiekt budowlany inny niż budynek mieszkalny jednorodzinny","parcel_ids":["302805_5.0015.165","302805_5.0015.167/4","302805_5.0015.575","302805_5.0015.584/3","302805_5.0015.585/2","302805_5.0015.595","302805_5.0015.605","302805_5.0015.610/1"],"location_quality":"dokładny","gunb_url":"https://wyszukiwarka.gunb.gov.pl/","parcel_count":8,"parcel_shard":"x068-y210","parcel_id":"302805_5.0015.584/3","location_source":"powiat wągrowiecki (wfs)"}},{"type":"Feature","id":"ST-WK-WA/WNIOSEK/11633/2026::302805_5.0015.585/2","geometry":{"type":"Polygon","coordinates":[[[17.1220664897011,52.6697826556968],[17.1220522600605,52.6697939739505],[17.1235009702631,52.6700213107149],[17.1227678621665,52.6698993222357],[17.122471480554,52.6698500031247],[17.1223038689418,52.6698220706326],[17.1220664897011,52.6697826556968]]]},"properties":{"case_id":"ST-WK-WA/WNIOSEK/11633/2026","source_type":"wniosek_decyzja","received_date":"2026-06-18","decision_date":"2026-08-18","status":"decyzja wydana","description":"budowa sieci elektroenergetycznej nN do 1 kV. Budowa oświetlenia drogowego w gminie Skoki - Potrzanowo  ul. Zagajnikowa, Borówiec","address":"Potrzanowo","city":"Potrzanowo","office":"Starosta Powiatu Wągrowiec","case_kind":"Obiekt budowlany inny niż budynek mieszkalny jednorodzinny","parcel_ids":["302805_5.0015.165","302805_5.0015.167/4","302805_5.0015.575","302805_5.0015.584/3","302805_5.0015.585/2","302805_5.0015.595","302805_5.0015.605","302805_5.0015.610/1"],"location_quality":"dokładny","gunb_url":"https://wyszukiwarka.gunb.gov.pl/","parcel_count":8,"parcel_shard":"x068-y210","parcel_id":"302805_5.0015.585/2","location_source":"powiat wągrowiecki (wfs)"}},{"type":"Feature","id":"ST-WK-WA/WNIOSEK/11633/2026::302805_5.0015.595","geometry":{"type":"Polygon","coordinates":[[[17.1219076766048,52.6697712842888],[17.1220522600605,52.6697939739505],[17.1220664897011,52.6697826556968],[17.1223003608166,52.6694880763033],[17.1224934368168,52.6692451334402],[17.1226877004166,52.6690034556556],[17.1230122240905,52.6685997164429],[17.1231758019648,52.668397924742],[17.1233389198412,52.6681966545572],[17.1234910197129,52.6680068019072],[17.1236625315247,52.6677926991221],[17.1238190884471,52.6675958549078],[17.1239862064767,52.6673879275651],[17.1241491634098,52.6671844654416],[17.1242296673133,52.6670841328437],[17.1243097112547,52.6669846056501],[17.1244726520025,52.6667838357538],[17.1246346699345,52.6665819006297],[17.1247841749949,52.6663950686603],[17.1249160675232,52.6662309588895],[17.1247797370084,52.6661904426812],[17.1245018105862,52.6665429488752],[17.1244761210895,52.6665749520187],[17.1243273901794,52.6667608387498],[17.1241785092951,52.6669466359737],[17.1240127541987,52.6671467759724],[17.1238508554667,52.6673486378413],[17.1235267941698,52.6677526839389],[17.1233778131727,52.6679384333738],[17.1232029853698,52.6681564060376],[17.1230410459936,52.6683583070934],[17.122883216276,52.6685613959049],[17.1228451542365,52.6686091064474],[17.122722030631,52.6687629566172],[17.1225602468357,52.6689647822991],[17.1223478847429,52.6692318238773],[17.12213400236,52.6694981668927],[17.1219272648944,52.6697548601232],[17.1219076766048,52.6697712842888]]]},"properties":{"case_id":"ST-WK-WA/WNIOSEK/11633/2026","source_type":"wniosek_decyzja","received_date":"2026-06-18","decision_date":"2026-08-18","status":"decyzja wydana","description":"budowa sieci elektroenergetycznej nN do 1 kV. Budowa oświetlenia drogowego w gminie Skoki - Potrzanowo  ul. Zagajnikowa, Borówiec","address":"Potrzanowo","city":"Potrzanowo","office":"Starosta Powiatu Wągrowiec","case_kind":"Obiekt budowlany inny niż budynek mieszkalny jednorodzinny","parcel_ids":["302805_5.0015.165","302805_5.0015.167/4","302805_5.0015.575","302805_5.0015.584/3","302805_5.0015.585/2","302805_5.0015.595","302805_5.0015.605","302805_5.0015.610/1"],"location_quality":"dokładny","gunb_url":"https://wyszukiwarka.gunb.gov.pl/","parcel_count":8,"parcel_shard":"x068-y210","parcel_id":"302805_5.0015.595","location_source":"powiat wągrowiecki (wfs)"}},{"type":"Feature","id":"ST-WK-WA/WNIOSEK/11633/2026::302805_5.0015.605","geometry":{"type":"Polygon","coordinates":[[[17.1249639954042,52.6659712656911],[17.1247580035448,52.6660487431027],[17.124684849704,52.6660551230744],[17.124417108466,52.666078669323],[17.1247797370084,52.6661904426812],[17.1249160675232,52.6662309588895],[17.1250455855943,52.6662704187066],[17.1251742960107,52.666106053006],[17.1249639954042,52.6659712656911]]]},"properties":{"case_id":"ST-WK-WA/WNIOSEK/11633/2026","source_type":"wniosek_decyzja","received_date":"2026-06-18","decision_date":"2026-08-18","status":"decyzja wydana","description":"budowa sieci elektroenergetycznej nN do 1 kV. Budowa oświetlenia drogowego w gminie Skoki - Potrzanowo  ul. Zagajnikowa, Borówiec","address":"Potrzanowo","city":"Potrzanowo","office":"Starosta Powiatu Wągrowiec","case_kind":"Obiekt budowlany inny niż budynek mieszkalny jednorodzinny","parcel_ids":["302805_5.0015.165","302805_5.0015.167/4","302805_5.0015.575","302805_5.0015.584/3","302805_5.0015.585/2","302805_5.0015.595","302805_5.0015.605","302805_5.0015.610/1"],"location_quality":"dokładny","gunb_url":"https://wyszukiwarka.gunb.gov.pl/","parcel_count":8,"parcel_shard":"x068-y210","parcel_id":"302805_5.0015.605","location_source":"powiat wągrowiecki (wfs)"}},{"type":"Feature","id":"ST-WK-WA/WNIOSEK/11633/2026::302805_5.0015.610/1","geometry":{"type":"Polygon","coordinates":[[[17.1235009702631,52.6700213107149],[17.1235883630916,52.6700349705487],[17.1239640849329,52.6694676555261],[17.1245301283993,52.6689663988716],[17.1250357091474,52.6683275510296],[17.125338720932,52.6676121903537],[17.1257448374823,52.6672850350288],[17.1264270580976,52.6669116333811],[17.1268752956161,52.6667836267585],[17.1275717086599,52.6667279645759],[17.1286799857447,52.6665276020784],[17.1299377786565,52.6662330454903],[17.1311342257122,52.6660091347429],[17.1317004914015,52.6659125801404],[17.1320743091458,52.6657779042756],[17.1329298097196,52.6654736315677],[17.1328756299992,52.6654291352058],[17.1320171119726,52.6657255801188],[17.1315818157528,52.6658782919487],[17.1311212672578,52.6659603715038],[17.1310258188638,52.6659758727171],[17.1305846061284,52.6660592982818],[17.1304119829211,52.6660919377567],[17.129882819932,52.6661919896527],[17.1286491930828,52.6664670694255],[17.127548818233,52.6666753535644],[17.1268540377259,52.6667311792176],[17.1263656334708,52.6668700290954],[17.1261032871082,52.6670153660536],[17.125807521056,52.6671778171328],[17.1256788863831,52.6672476898778],[17.1255434835094,52.6673556340691],[17.1253230712558,52.667533124686],[17.1252533903958,52.6675888673488],[17.1251881613167,52.6677447686928],[17.1250921000391,52.6679755138631],[17.125003560223,52.6681929583684],[17.1249548147556,52.668311689133],[17.1248700209706,52.6684185132476],[17.1247188174942,52.6686086340566],[17.1245579348958,52.6688107732355],[17.1244592249528,52.668934747897],[17.1243756567133,52.6690088092559],[17.1239544668223,52.6693820774712],[17.1238867746382,52.669442066842],[17.123847210609,52.6695014691296],[17.1237644752297,52.6696256890074],[17.1235946432545,52.6698806731316],[17.1235009702631,52.6700213107149]]]},"properties":{"case_id":"ST-WK-WA/WNIOSEK/11633/2026","source_type":"wniosek_decyzja","received_date":"2026-06-18","decision_date":"2026-08-18","status":"decyzja wydana","description":"budowa sieci elektroenergetycznej nN do 1 kV. Budowa oświetlenia drogowego w gminie Skoki - Potrzanowo  ul. Zagajnikowa, Borówiec","address":"Potrzanowo","city":"Potrzanowo","office":"Starosta Powiatu Wągrowiec","case_kind":"Obiekt budowlany inny niż budynek mieszkalny jednorodzinny","parcel_ids":["302805_5.0015.165","302805_5.0015.167/4","302805_5.0015.575","302805_5.0015.584/3","302805_5.0015.585/2","302805_5.0015.595","302805_5.0015.605","302805_5.0015.610/1"],"location_quality":"dokładny","gunb_url":"https://wyszukiwarka.gunb.gov.pl/","parcel_count":8,"parcel_shard":"x068-y210","parcel_id":"302805_5.0015.610/1","location_source":"powiat wągrowiecki (wfs)"}},{"type":"Feature","id":"ST-WK-WA/WNIOSEK/17536/2025::302805_5.0015.166/13","geometry":{"type":"Polygon","coordinates":[[[17.1183737684744,52.6667854773797],[17.118045796363,52.6668191662289],[17.1179661659925,52.6668680937349],[17.1180106641628,52.6670956241955],[17.1184311183171,52.6670503107586],[17.1183737684744,52.6667854773797]]]},"properties":{"case_id":"ST-WK-WA/WNIOSEK/17536/2025","source_type":"wniosek_decyzja","received_date":"2025-08-27","decision_date":"2025-10-23","status":"decyzja wydana","description":"budowa budynku mieszkalnego jednorodzinnego","address":"Potrzanowo","city":"Potrzanowo","office":"Starosta Powiatu Wągrowiec","case_kind":"Budynek mieszkalny jednorodzinny","parcel_ids":["302805_5.0015.166/13"],"location_quality":"dokładny","gunb_url":"https://wyszukiwarka.gunb.gov.pl/","parcel_count":1,"parcel_shard":"x068-y210","parcel_id":"302805_5.0015.166/13","location_source":"powiat wągrowiecki (wfs)"}},{"type":"Feature","id":"ST-WK-WA/WNIOSEK/1099/2026::302805_5.0015.198","geometry":{"type":"Polygon","coordinates":[[[17.1263126550665,52.6601580645019],[17.1251090906295,52.6605771437103],[17.1258858965279,52.6618632856438],[17.1263218033504,52.6618057279779],[17.1266612634331,52.6617527892947],[17.1271847397605,52.6615814309893],[17.1263126550665,52.6601580645019]]]},"properties":{"case_id":"ST-WK-WA/WNIOSEK/1099/2026","source_type":"wniosek_decyzja","received_date":"2026-01-15","decision_date":"2026-03-18","status":"decyzja wydana","description":"budowa budynku mieszkalnego jednorodzinnego - zatwierdzenie projektu zamiennego","address":"Potrzanowo","city":"Potrzanowo","office":"Starosta Powiatu Wągrowiec","case_kind":"Budynek mieszkalny jednorodzinny","parcel_ids":["302805_5.0015.198"],"location_quality":"dokładny","gunb_url":"https://wyszukiwarka.gunb.gov.pl/","parcel_count":1,"parcel_shard":"x068-y210","parcel_id":"302805_5.0015.198","location_source":"powiat wągrowiecki (wfs)"}},{"type":"Feature","id":"ST-WK-WA/WNIOSEK/23394/2025::302805_5.0015.208/3","geometry":{"type":"Polygon","coordinates":[[[17.1309449183228,52.6576466459172],[17.1310644373399,52.6577758612547],[17.1312092765264,52.6579325835443],[17.1313965126727,52.6581351821119],[17.1315182117971,52.6582738496368],[17.1315443882891,52.6582655933868],[17.1314253669268,52.6581260467829],[17.1309484176947,52.6576043413016],[17.1308917408419,52.6576078800815],[17.1309449183228,52.6576466459172]]]},"properties":{"case_id":"ST-WK-WA/WNIOSEK/23394/2025","source_type":"wniosek_decyzja","received_date":"2025-11-18","decision_date":"2026-05-28","status":"decyzja wydana","description":"budowa oświetlenia drogowego w m. Potrzanowo ul. Włókna","address":"Potrzanowo","city":"Potrzanowo","office":"Starosta Powiatu Wągrowiec","case_kind":"Obiekt budowlany inny niż budynek mieszkalny jednorodzinny","parcel_ids":["302805_5.0015.208/3","302805_5.0015.212","302805_5.0015.477","302805_5.0015.480/12","302805_5.0015.481","302805_5.0015.627","302805_5.0015.694"],"location_quality":"dokładny","gunb_url":"https://wyszukiwarka.gunb.gov.pl/","parcel_count":7,"parcel_shard":"x068-y210","parcel_id":"302805_5.0015.208/3","location_source":"powiat wągrowiecki (wfs)"}},{"type":"Feature","id":"ST-WK-WA/WNIOSEK/23394/2025::302805_5.0015.212","geometry":{"type":"Polygon","coordinates":[[[17.1310650485542,52.6575946105198],[17.1309484176947,52.6576043413016],[17.1314253669268,52.6581260467829],[17.1315443882891,52.6582655933868],[17.1316259974722,52.6583613671118],[17.1321042331439,52.6589823317169],[17.1322797996164,52.6591921432411],[17.1326595508951,52.6596200134584],[17.1327458207126,52.6597142294877],[17.1334304849918,52.6604910269611],[17.13349066097,52.6604529602194],[17.1329627918542,52.6598402960437],[17.1329340848643,52.6598089504861],[17.1328024039032,52.6596549629895],[17.1323890111971,52.6591620632818],[17.1317406753491,52.6583343821723],[17.1315635930657,52.658134551783],[17.1314937392498,52.6580549213548],[17.1310650485542,52.6575946105198]]]},"properties":{"case_id":"ST-WK-WA/WNIOSEK/23394/2025","source_type":"wniosek_decyzja","received_date":"2025-11-18","decision_date":"2026-05-28","status":"decyzja wydana","description":"budowa oświetlenia drogowego w m. Potrzanowo ul. Włókna","address":"Potrzanowo","city":"Potrzanowo","office":"Starosta Powiatu Wągrowiec","case_kind":"Obiekt budowlany inny niż budynek mieszkalny jednorodzinny","parcel_ids":["302805_5.0015.208/3","302805_5.0015.212","302805_5.0015.477","302805_5.0015.480/12","302805_5.0015.481","302805_5.0015.627","302805_5.0015.694"],"location_quality":"dokładny","gunb_url":"https://wyszukiwarka.gunb.gov.pl/","parcel_count":7,"parcel_shard":"x068-y210","parcel_id":"302805_5.0015.212","location_source":"powiat wągrowiecki (wfs)"}},{"type":"Feature","id":"ST-WK-WA/WNIOSEK/23394/2025::302805_5.0015.477","geometry":{"type":"Polygon","coordinates":[[[17.1266938236005,52.6511997057161],[17.1265487986943,52.6512306003287],[17.1266438531957,52.6513032177192],[17.1273875839517,52.6525447446425],[17.1278301818961,52.6532838491211],[17.1281861544755,52.6538526071381],[17.1282092019772,52.6538909116398],[17.1284887515116,52.6543557580619],[17.1285547664581,52.6544654234545],[17.1287647415047,52.6548188198959],[17.1290398534354,52.6552821540232],[17.129561258533,52.6561467587326],[17.1298342471243,52.6564643144407],[17.1309484176947,52.6576043413016],[17.1310650485542,52.6575946105198],[17.1309050346549,52.6574720962487],[17.1303250145446,52.6568700913116],[17.1298988603798,52.6564252895629],[17.1296898637453,52.6561808459301],[17.1296490198182,52.6561330988398],[17.1286401848352,52.6544506267972],[17.1283011344331,52.6538815998093],[17.1282734830539,52.653835590074],[17.1282476875043,52.6537923306252],[17.1282270454366,52.6537584567115],[17.1279308563989,52.6532654720534],[17.1279071914873,52.6532260998011],[17.1277357422976,52.6529407618185],[17.1276544935135,52.6528055335486],[17.1274848090287,52.652523254509],[17.1272828489918,52.652185463464],[17.1271920189249,52.6520333807899],[17.1269759972247,52.65167190793],[17.1267690613641,52.6513256291559],[17.1267387851511,52.6512749401095],[17.1267237268832,52.6512498014871],[17.1267085679629,52.6512244353705],[17.1266938236005,52.6511997057161]]]},"properties":{"case_id":"ST-WK-WA/WNIOSEK/23394/2025","source_type":"wniosek_decyzja","received_date":"2025-11-18","decision_date":"2026-05-28","status":"decyzja wydana","description":"budowa oświetlenia drogowego w m. Potrzanowo ul. Włókna","address":"Potrzanowo","city":"Potrzanowo","office":"Starosta Powiatu Wągrowiec","case_kind":"Obiekt budowlany inny niż budynek mieszkalny jednorodzinny","parcel_ids":["302805_5.0015.208/3","302805_5.0015.212","302805_5.0015.477","302805_5.0015.480/12","302805_5.0015.481","302805_5.0015.627","302805_5.0015.694"],"location_quality":"dokładny","gunb_url":"https://wyszukiwarka.gunb.gov.pl/","parcel_count":7,"parcel_shard":"x068-y210","parcel_id":"302805_5.0015.477","location_source":"powiat wągrowiecki (wfs)"}},{"type":"Feature","id":"ST-WK-WA/WNIOSEK/23394/2025::302805_5.0015.480/12","geometry":{"type":"Polygon","coordinates":[[[17.1375491819004,52.6584808438396],[17.1372749255835,52.6585436569156],[17.1372350821946,52.6585357233516],[17.1370607064402,52.6584408649913],[17.1373862371711,52.6582926507809],[17.1369818147717,52.6584302972571],[17.1368687654934,52.6585165682979],[17.1367272353853,52.6585651125493],[17.1367562502113,52.6585974446474],[17.1370241058491,52.6585022126202],[17.137172695269,52.6586607133235],[17.1372218881036,52.6586441643994],[17.1374594414166,52.6585768209592],[17.1377460697818,52.6584678531936],[17.1380997654091,52.6583555673349],[17.1380880906403,52.6582717592177],[17.1378361213614,52.6583874231017],[17.1375491819004,52.6584808438396]]]},"properties":{"case_id":"ST-WK-WA/WNIOSEK/23394/2025","source_type":"wniosek_decyzja","received_date":"2025-11-18","decision_date":"2026-05-28","status":"decyzja wydana","description":"budowa oświetlenia drogowego w m. Potrzanowo ul. Włókna","address":"Potrzanowo","city":"Potrzanowo","office":"Starosta Powiatu Wągrowiec","case_kind":"Obiekt budowlany inny niż budynek mieszkalny jednorodzinny","parcel_ids":["302805_5.0015.208/3","302805_5.0015.212","302805_5.0015.477","302805_5.0015.480/12","302805_5.0015.481","302805_5.0015.627","302805_5.0015.694"],"location_quality":"dokładny","gunb_url":"https://wyszukiwarka.gunb.gov.pl/","parcel_count":7,"parcel_shard":"x068-y210","parcel_id":"302805_5.0015.480/12","location_source":"powiat wągrowiecki (wfs)"}},{"type":"Feature","id":"ST-WK-WA/WNIOSEK/23394/2025::302805_5.0015.481","geometry":{"type":"Polygon","coordinates":[[[17.1377363642557,52.6550968426166],[17.1376692522414,52.6551095969597],[17.1378472279642,52.655630630749],[17.1378645326803,52.6558418606588],[17.1377960547668,52.6560474033734],[17.1375410605956,52.6564637120509],[17.1374922564988,52.6567284302032],[17.1375728966953,52.6569037080886],[17.1380386798394,52.657338205375],[17.1380340142888,52.6574803172472],[17.1379298842186,52.6575507640421],[17.1376475142241,52.6576581909146],[17.1374942956821,52.6577613359376],[17.1372081035581,52.6582058061667],[17.1368385133511,52.6584790282779],[17.1362838736151,52.6586687556786],[17.1360764913225,52.6587380557709],[17.1358400037218,52.6588187020195],[17.1358012262815,52.6588317776822],[17.1357135956194,52.6588616869958],[17.1356749255393,52.6588748713559],[17.1354842817206,52.6589398700686],[17.1347162055599,52.6592008810425],[17.1342728852765,52.6593517912865],[17.1329340848643,52.6598089504861],[17.1329627918542,52.6598402960437],[17.1347448145935,52.6592369000709],[17.1361404171559,52.6587826371189],[17.1367272353853,52.6585651125493],[17.1368687654934,52.6585165682979],[17.1369818147717,52.6584302972571],[17.1372781421302,52.6582038257065],[17.1375142373523,52.6578443030688],[17.1377555057015,52.657681227353],[17.1379693855401,52.6575840468027],[17.1380989042897,52.6575041815358],[17.1381217759134,52.6574586153549],[17.138093887399,52.6573230123371],[17.1376262153282,52.6568861543046],[17.1375621966423,52.6567300205602],[17.1375999940985,52.6564740876698],[17.1378496303008,52.6560542946174],[17.1379251953174,52.6558480951107],[17.1378964808435,52.6556201029847],[17.1377363642557,52.6550968426166]]]},"properties":{"case_id":"ST-WK-WA/WNIOSEK/23394/2025","source_type":"wniosek_decyzja","received_date":"2025-11-18","decision_date":"2026-05-28","status":"decyzja wydana","description":"budowa oświetlenia drogowego w m. Potrzanowo ul. Włókna","address":"Potrzanowo","city":"Potrzanowo","office":"Starosta Powiatu Wągrowiec","case_kind":"Obiekt budowlany inny niż budynek mieszkalny jednorodzinny","parcel_ids":["302805_5.0015.208/3","302805_5.0015.212","302805_5.0015.477","302805_5.0015.480/12","302805_5.0015.481","302805_5.0015.627","302805_5.0015.694"],"location_quality":"dokładny","gunb_url":"https://wyszukiwarka.gunb.gov.pl/","parcel_count":7,"parcel_shard":"x068-y210","parcel_id":"302805_5.0015.481","location_source":"powiat wągrowiecki (wfs)"}},{"type":"Feature","id":"ST-WK-WA/WNIOSEK/23394/2025::302805_5.0015.627","geometry":{"type":"Polygon","coordinates":[[[17.13349066097,52.6604529602194],[17.1334304849918,52.6604910269611],[17.1327412734495,52.6609375020208],[17.1327886377599,52.6609719884413],[17.1335206693501,52.6605090362957],[17.1335039766768,52.660477843054],[17.13349066097,52.6604529602194]]]},"properties":{"case_id":"ST-WK-WA/WNIOSEK/23394/2025","source_type":"wniosek_decyzja","received_date":"2025-11-18","decision_date":"2026-05-28","status":"decyzja wydana","description":"budowa oświetlenia drogowego w m. Potrzanowo ul. Włókna","address":"Potrzanowo","city":"Potrzanowo","office":"Starosta Powiatu Wągrowiec","case_kind":"Obiekt budowlany inny niż budynek mieszkalny jednorodzinny","parcel_ids":["302805_5.0015.208/3","302805_5.0015.212","302805_5.0015.477","302805_5.0015.480/12","302805_5.0015.481","302805_5.0015.627","302805_5.0015.694"],"location_quality":"dokładny","gunb_url":"https://wyszukiwarka.gunb.gov.pl/","parcel_count":7,"parcel_shard":"x068-y210","parcel_id":"302805_5.0015.627","location_source":"powiat wągrowiecki (wfs)"}},{"type":"Feature","id":"ST-WK-WA/WNIOSEK/23394/2025::302805_5.0015.694","geometry":{"type":"Polygon","coordinates":[[[17.1316032365787,52.6581234343767],[17.1315635930657,52.658134551783],[17.1317406753491,52.6583343821723],[17.1323890111971,52.6591620632818],[17.1328024039032,52.6596549629895],[17.1329340848643,52.6598089504861],[17.1342728852765,52.6593517912865],[17.1340615877997,52.6594203182053],[17.1338485154268,52.6594894201849],[17.1336265090912,52.6595614189416],[17.133401804343,52.6596342921852],[17.1330957396602,52.6597335499754],[17.1329085076083,52.6596951771076],[17.1327516376488,52.6595069543761],[17.1327116703254,52.6594588455225],[17.1325063063579,52.6592125702988],[17.1324387792238,52.6591296060954],[17.1320208623159,52.6586271956488],[17.1319909247424,52.6585910911942],[17.1318729644569,52.6584481942743],[17.131773421151,52.6583279647971],[17.1316032365787,52.6581234343767]]]},"properties":{"case_id":"ST-WK-WA/WNIOSEK/23394/2025","source_type":"wniosek_decyzja","received_date":"2025-11-18","decision_date":"2026-05-28","status":"decyzja wydana","description":"budowa oświetlenia drogowego w m. Potrzanowo ul. Włókna","address":"Potrzanowo","city":"Potrzanowo","office":"Starosta Powiatu Wągrowiec","case_kind":"Obiekt budowlany inny niż budynek mieszkalny jednorodzinny","parcel_ids":["302805_5.0015.208/3","302805_5.0015.212","302805_5.0015.477","302805_5.0015.480/12","302805_5.0015.481","302805_5.0015.627","302805_5.0015.694"],"location_quality":"dokładny","gunb_url":"https://wyszukiwarka.gunb.gov.pl/","parcel_count":7,"parcel_shard":"x068-y210","parcel_id":"302805_5.0015.694","location_source":"powiat wągrowiecki (wfs)"}},{"type":"Feature","id":"ST-WK-WA/WNIOSEK/25168/2025::302805_5.0015.217/7","geometry":{"type":"Polygon","coordinates":[[[17.0625060669443,52.6758257873045],[17.0625281183966,52.6760320413667],[17.0632510296454,52.676003515144],[17.0632289747991,52.6757972611997],[17.0625060669443,52.6758257873045]]]},"properties":{"case_id":"ST-WK-WA/WNIOSEK/25168/2025","source_type":"wniosek_decyzja","received_date":"2025-12-11","decision_date":"2026-02-20","status":"decyzja wydana","description":"budynek mieszkalny jednorodzinny","address":"Potrzanowo","city":"Potrzanowo","office":"Starosta Powiatu Wągrowiec","case_kind":"Budynek mieszkalny jednorodzinny","parcel_ids":["302805_5.0015.217/7"],"location_quality":"dokładny","gunb_url":"https://wyszukiwarka.gunb.gov.pl/","parcel_count":1,"parcel_shard":"x068-y210","parcel_id":"302805_5.0015.217/7","location_source":"powiat wągrowiecki (wfs)"}},{"type":"Feature","id":"ST-WK-WA/WNIOSEK/4592/2026::302805_5.0015.228/15","geometry":{"type":"Polygon","coordinates":[[[17.0735155658921,52.6762743653729],[17.0733558902024,52.6763295575767],[17.0733314552303,52.6763033931608],[17.0732574342745,52.6763286080678],[17.0731871752288,52.6763577168963],[17.0731715637791,52.6763757492298],[17.0727611553144,52.6765336821613],[17.0730456489155,52.6769105891475],[17.0732187486598,52.6768500200523],[17.0733785798566,52.677018164365],[17.073462162524,52.6769883507148],[17.073302548822,52.67682389302],[17.0735181826616,52.6767517028801],[17.0733989489493,52.6766076026754],[17.0737073081956,52.6765066586027],[17.0737666419205,52.6764837552223],[17.0736002371173,52.6763607663052],[17.0735155658921,52.6762743653729]]]},"properties":{"case_id":"ST-WK-WA/WNIOSEK/4592/2026","source_type":"wniosek_decyzja","received_date":"2026-03-12","decision_date":"2026-06-22","status":"decyzja wydana","description":"budowa wiaty magazynowej oraz kanalizacji deszczowej z utwardzeniem placu manewrowego","address":"Skocka, Potrzanowo","city":"Potrzanowo","office":"Starosta Powiatu Wągrowiec","case_kind":"Obiekt budowlany inny niż budynek mieszkalny jednorodzinny","parcel_ids":["302805_5.0015.228/15","302805_5.0015.228/20"],"location_quality":"dokładny","gunb_url":"https://wyszukiwarka.gunb.gov.pl/","parcel_count":2,"parcel_shard":"x068-y210","parcel_id":"302805_5.0015.228/15","location_source":"powiat wągrowiecki (wfs)"}},{"type":"Feature","id":"ST-WK-WA/WNIOSEK/4592/2026::302805_5.0015.228/20","geometry":{"type":"Polygon","coordinates":[[[17.0731789718642,52.6770876126079],[17.0733785798566,52.677018164365],[17.0732187486598,52.6768500200523],[17.0730456489155,52.6769105891475],[17.0731789718642,52.6770876126079]]]},"properties":{"case_id":"ST-WK-WA/WNIOSEK/4592/2026","source_type":"wniosek_decyzja","received_date":"2026-03-12","decision_date":"2026-06-22","status":"decyzja wydana","description":"budowa wiaty magazynowej oraz kanalizacji deszczowej z utwardzeniem placu manewrowego","address":"Skocka, Potrzanowo","city":"Potrzanowo","office":"Starosta Powiatu Wągrowiec","case_kind":"Obiekt budowlany inny niż budynek mieszkalny jednorodzinny","parcel_ids":["302805_5.0015.228/15","302805_5.0015.228/20"],"location_quality":"dokładny","gunb_url":"https://wyszukiwarka.gunb.gov.pl/","parcel_count":2,"parcel_shard":"x068-y210","parcel_id":"302805_5.0015.228/20","location_source":"powiat wągrowiecki (wfs)"}},{"type":"Feature","id":"ST-WK-WA/WNIOSEK/22886/2025::302805_5.0015.380/11","geometry":{"type":"Polygon","coordinates":[[[17.1084521118865,52.6704581600661],[17.1087683087077,52.6704381597276],[17.1086987502916,52.6701148122922],[17.1083836358831,52.6701398534785],[17.1084521118865,52.6704581600661]]]},"properties":{"case_id":"ST-WK-WA/WNIOSEK/22886/2025","source_type":"wniosek_decyzja","received_date":"2025-11-07","decision_date":"2025-12-22","status":"decyzja wydana","description":"budowa budynku mieszkalnego jednorodzinnego","address":"Potrzanowo","city":"Potrzanowo","office":"Starosta Powiatu Wągrowiec","case_kind":"Budynek mieszkalny jednorodzinny","parcel_ids":["302805_5.0015.380/11"],"location_quality":"dokładny","gunb_url":"https://wyszukiwarka.gunb.gov.pl/","parcel_count":1,"parcel_shard":"x068-y210","parcel_id":"302805_5.0015.380/11","location_source":"powiat wągrowiecki (wfs)"}},{"type":"Feature","id":"ST-WK-WA/WNIOSEK/23401/2025::302805_5.0015.39/1","geometry":{"type":"Polygon","coordinates":[[[17.0870801560271,52.6637480018331],[17.0872397723276,52.6637663938323],[17.0876001482525,52.6638063867309],[17.0881959752245,52.663994313501],[17.0888539990371,52.6642018597469],[17.089082929039,52.6644330449652],[17.0892209701346,52.6645707907089],[17.0894630419431,52.6648136860629],[17.0894843480117,52.6648313169817],[17.0902791418166,52.6655255172527],[17.0903114188494,52.6655571874935],[17.0903927192165,52.665621198107],[17.0909864898348,52.6660886871986],[17.0911255014582,52.6663172395163],[17.0921207803849,52.6665681478498],[17.0927879976086,52.6667266666873],[17.0928582774561,52.6666961867499],[17.0911913354704,52.6662963713876],[17.0910333324685,52.6660667074365],[17.0904738028988,52.6656314271257],[17.0903644811995,52.6655465245849],[17.0895121758964,52.6648038976342],[17.0888909335379,52.6641702014675],[17.0882212234425,52.6639598033044],[17.0876228350448,52.6637718915772],[17.0870982461486,52.663712960826],[17.0870801560271,52.6637480018331]]]},"properties":{"case_id":"ST-WK-WA/WNIOSEK/23401/2025","source_type":"wniosek_decyzja","received_date":"2025-11-18","decision_date":"2026-08-17","status":"decyzja wydana","description":"budowa oświetlenia drogowego w m. Potrzanowo ul. Uroczysko/Smolarki","address":"Potrzanowo","city":"Potrzanowo","office":"Starosta Powiatu Wągrowiec","case_kind":"Obiekt budowlany inny niż budynek mieszkalny jednorodzinny","parcel_ids":["302805_5.0015.39/1","302805_5.0015.54","302805_5.0015.56/14","302805_5.0015.61","302805_5.0015.65/16","302805_5.0015.65/8","302805_5.0015.745","302805_5.0015.754","302805_5.0015.98"],"location_quality":"dokładny","gunb_url":"https://wyszukiwarka.gunb.gov.pl/","parcel_count":9,"parcel_shard":"x068-y210","parcel_id":"302805_5.0015.39/1","location_source":"powiat wągrowiecki (wfs)"}},{"type":"Feature","id":"ST-WK-WA/WNIOSEK/23401/2025::302805_5.0015.54","geometry":{"type":"Polygon","coordinates":[[[17.0911820184325,52.6611074261054],[17.0916742801937,52.6611404987883],[17.0926684557356,52.6611260954751],[17.0938161229766,52.661151413265],[17.0948206639207,52.661207621757],[17.0956257590134,52.6613737428772],[17.0959289408906,52.6614658395999],[17.0962594458989,52.6615662325068],[17.0964963816336,52.6616382301787],[17.0967660742861,52.6619209768734],[17.0967188011294,52.662192107537],[17.0966198976049,52.6625584863023],[17.0964698993721,52.6629646578104],[17.0963706550219,52.6632334223026],[17.0962515007407,52.6634562084649],[17.0961427431945,52.6635690688342],[17.0958067526091,52.6637767196269],[17.0953465112642,52.6640410907005],[17.0952890707976,52.6640821867482],[17.0951245989905,52.6641998582668],[17.0949915186977,52.6643663048913],[17.0948235516841,52.6645763829338],[17.0948204863091,52.6646302657953],[17.0948106258518,52.6648035889883],[17.0947959062814,52.6649491490167],[17.0947432341544,52.6654695329222],[17.0946345229902,52.6656645872757],[17.0944747158697,52.6657881019426],[17.0941788402699,52.6659193393031],[17.0940994770557,52.6659539003743],[17.093864412368,52.66614200017],[17.0935122049461,52.6664068782527],[17.0928582774561,52.6666961867499],[17.0927879976086,52.6667266666873],[17.0922713430015,52.6673209364147],[17.092065316953,52.6675210429673],[17.0919555142579,52.6676276812327],[17.0917493797974,52.6678278852651],[17.0916319680774,52.667941907507],[17.0913453481981,52.6682376541466],[17.0911399773606,52.6686306997836],[17.0911377135153,52.6687509043974],[17.0911335680025,52.6689934406138],[17.0911471066559,52.6693241882465],[17.0912024277896,52.6694188265512],[17.0913234811929,52.6710229428286],[17.0914578583856,52.67099363836],[17.0913472958398,52.669437387624],[17.0913344363207,52.6693615040114],[17.0912862968405,52.6689826599295],[17.0912826086805,52.6686717585812],[17.0914818924419,52.6682732389177],[17.0925801916382,52.6671296968754],[17.0926206628283,52.6670673093435],[17.0928825531334,52.6668488865891],[17.0931160428696,52.6666870413426],[17.0936604399622,52.66643655296],[17.0938539300655,52.6662792172532],[17.0939553191233,52.6661683126447],[17.094234221517,52.6659700850534],[17.094405919606,52.6658906232091],[17.0946361026879,52.6658605993669],[17.0946629683087,52.6658100843305],[17.0947782656405,52.6655926277313],[17.094836350008,52.6654831339034],[17.0948425296641,52.6654183120331],[17.0948547677333,52.6652914548566],[17.0948710247526,52.6651211737392],[17.0949020616513,52.6647962549594],[17.0949208963628,52.6645865094503],[17.0951986328954,52.6642284513728],[17.0954110959691,52.6640746681343],[17.0958484597774,52.6638114593074],[17.0959099494373,52.6637808142516],[17.0962449978673,52.6636137967047],[17.096390426082,52.6634860272508],[17.0964763677192,52.6632466308027],[17.0966931463953,52.6625689306967],[17.0968118424081,52.6622319115528],[17.0968072661046,52.6621544404403],[17.0968266490658,52.6620490376218],[17.0968280545216,52.6619341719692],[17.0967806337926,52.6618145368712],[17.0967077111481,52.6616904398146],[17.0966998139109,52.6616863353207],[17.0965460571444,52.6616090405461],[17.09638102938,52.6615530446388],[17.0959666587211,52.6614359298748],[17.0956749537499,52.6613535372759],[17.0948305611571,52.6611792973632],[17.0938227490913,52.661124052548],[17.092668755641,52.6610973382851],[17.0916763560568,52.6611116653372],[17.0912361927297,52.6610610174927],[17.0911820184325,52.6611074261054]]]},"properties":{"case_id":"ST-WK-WA/WNIOSEK/23401/2025","source_type":"wniosek_decyzja","received_date":"2025-11-18","decision_date":"2026-08-17","status":"decyzja wydana","description":"budowa oświetlenia drogowego w m. Potrzanowo ul. Uroczysko/Smolarki","address":"Potrzanowo","city":"Potrzanowo","office":"Starosta Powiatu Wągrowiec","case_kind":"Obiekt budowlany inny niż budynek mieszkalny jednorodzinny","parcel_ids":["302805_5.0015.39/1","302805_5.0015.54","302805_5.0015.56/14","302805_5.0015.61","302805_5.0015.65/16","302805_5.0015.65/8","302805_5.0015.745","302805_5.0015.754","302805_5.0015.98"],"location_quality":"dokładny","gunb_url":"https://wyszukiwarka.gunb.gov.pl/","parcel_count":9,"parcel_shard":"x068-y210","parcel_id":"302805_5.0015.54","location_source":"powiat wągrowiecki (wfs)"}},{"type":"Feature","id":"ST-WK-WA/WNIOSEK/23401/2025::302805_5.0015.56/14","geometry":{"type":"Polygon","coordinates":[[[17.0951986328954,52.6642284513728],[17.0949208963628,52.6645865094503],[17.0949020616513,52.6647962549594],[17.0949311894112,52.664801332846],[17.0949386578224,52.6647188861677],[17.0949500215344,52.6645909933312],[17.0949767469554,52.6645566860613],[17.0952274769316,52.6642334387574],[17.0951986328954,52.6642284513728]]]},"properties":{"case_id":"ST-WK-WA/WNIOSEK/23401/2025","source_type":"wniosek_decyzja","received_date":"2025-11-18","decision_date":"2026-08-17","status":"decyzja wydana","description":"budowa oświetlenia drogowego w m. Potrzanowo ul. Uroczysko/Smolarki","address":"Potrzanowo","city":"Potrzanowo","office":"Starosta Powiatu Wągrowiec","case_kind":"Obiekt budowlany inny niż budynek mieszkalny jednorodzinny","parcel_ids":["302805_5.0015.39/1","302805_5.0015.54","302805_5.0015.56/14","302805_5.0015.61","302805_5.0015.65/16","302805_5.0015.65/8","302805_5.0015.745","302805_5.0015.754","302805_5.0015.98"],"location_quality":"dokładny","gunb_url":"https://wyszukiwarka.gunb.gov.pl/","parcel_count":9,"parcel_shard":"x068-y210","parcel_id":"302805_5.0015.56/14","location_source":"powiat wągrowiecki (wfs)"}},{"type":"Feature","id":"ST-WK-WA/WNIOSEK/23401/2025::302805_5.0015.61","geometry":{"type":"Polygon","coordinates":[[[17.0973793445101,52.6619263675002],[17.0968072661046,52.6621544404403],[17.0968118424081,52.6622319115528],[17.0974939025002,52.6619713521089],[17.0973793445101,52.6619263675002]]]},"properties":{"case_id":"ST-WK-WA/WNIOSEK/23401/2025","source_type":"wniosek_decyzja","received_date":"2025-11-18","decision_date":"2026-08-17","status":"decyzja wydana","description":"budowa oświetlenia drogowego w m. Potrzanowo ul. Uroczysko/Smolarki","address":"Potrzanowo","city":"Potrzanowo","office":"Starosta Powiatu Wągrowiec","case_kind":"Obiekt budowlany inny niż budynek mieszkalny jednorodzinny","parcel_ids":["302805_5.0015.39/1","302805_5.0015.54","302805_5.0015.56/14","302805_5.0015.61","302805_5.0015.65/16","302805_5.0015.65/8","302805_5.0015.745","302805_5.0015.754","302805_5.0015.98"],"location_quality":"dokładny","gunb_url":"https://wyszukiwarka.gunb.gov.pl/","parcel_count":9,"parcel_shard":"x068-y210","parcel_id":"302805_5.0015.61","location_source":"powiat wągrowiecki (wfs)"}},{"type":"Feature","id":"ST-WK-WA/WNIOSEK/23401/2025::302805_5.0015.65/16","geometry":{"type":"Polygon","coordinates":[[[17.0882449074665,52.6639318594318],[17.0882212234425,52.6639598033044],[17.0888909335379,52.6641702014675],[17.0895121758964,52.6648038976342],[17.0903644811995,52.6655465245849],[17.0904459514233,52.6655627702491],[17.089556666988,52.664787744277],[17.0894962132491,52.664726031686],[17.0892822296625,52.6645198043562],[17.0889245814653,52.6641605278375],[17.088460760704,52.6640022892426],[17.0882449074665,52.6639318594318]]]},"properties":{"case_id":"ST-WK-WA/WNIOSEK/23401/2025","source_type":"wniosek_decyzja","received_date":"2025-11-18","decision_date":"2026-08-17","status":"decyzja wydana","description":"budowa oświetlenia drogowego w m. Potrzanowo ul. Uroczysko/Smolarki","address":"Potrzanowo","city":"Potrzanowo","office":"Starosta Powiatu Wągrowiec","case_kind":"Obiekt budowlany inny niż budynek mieszkalny jednorodzinny","parcel_ids":["302805_5.0015.39/1","302805_5.0015.54","302805_5.0015.56/14","302805_5.0015.61","302805_5.0015.65/16","302805_5.0015.65/8","302805_5.0015.745","302805_5.0015.754","302805_5.0015.98"],"location_quality":"dokładny","gunb_url":"https://wyszukiwarka.gunb.gov.pl/","parcel_count":9,"parcel_shard":"x068-y210","parcel_id":"302805_5.0015.65/16","location_source":"powiat wągrowiecki (wfs)"}},{"type":"Feature","id":"ST-WK-WA/WNIOSEK/23401/2025::302805_5.0015.65/8","geometry":{"type":"Polygon","coordinates":[[[17.0908404450829,52.6631878736657],[17.090579821552,52.6631241673033],[17.0904530350008,52.6633159560166],[17.0905378383824,52.6634045453651],[17.090317344106,52.6637381258964],[17.0901550500943,52.6639115243462],[17.0899363591201,52.6640919990311],[17.0894360799212,52.6645142460035],[17.0892822296625,52.6645198043562],[17.0894962132491,52.664726031686],[17.0895043124106,52.664628938198],[17.0896230226474,52.6645044953341],[17.0899895048538,52.6642100401958],[17.0902921052298,52.6639450171252],[17.0904081863909,52.6639179174893],[17.0909686965273,52.6641004658722],[17.0913756831756,52.6641983444633],[17.0914321315667,52.6641144490562],[17.0910089536473,52.6640121570586],[17.090511939509,52.6638534728793],[17.0904545466865,52.6637716179769],[17.0906750401519,52.6634380371977],[17.0908404450829,52.6631878736657]]]},"properties":{"case_id":"ST-WK-WA/WNIOSEK/23401/2025","source_type":"wniosek_decyzja","received_date":"2025-11-18","decision_date":"2026-08-17","status":"decyzja wydana","description":"budowa oświetlenia drogowego w m. Potrzanowo ul. Uroczysko/Smolarki","address":"Potrzanowo","city":"Potrzanowo","office":"Starosta Powiatu Wągrowiec","case_kind":"Obiekt budowlany inny niż budynek mieszkalny jednorodzinny","parcel_ids":["302805_5.0015.39/1","302805_5.0015.54","302805_5.0015.56/14","302805_5.0015.61","302805_5.0015.65/16","302805_5.0015.65/8","302805_5.0015.745","302805_5.0015.754","302805_5.0015.98"],"location_quality":"dokładny","gunb_url":"https://wyszukiwarka.gunb.gov.pl/","parcel_count":9,"parcel_shard":"x068-y210","parcel_id":"302805_5.0015.65/8","location_source":"powiat wągrowiecki (wfs)"}},{"type":"Feature","id":"ST-WK-WA/WNIOSEK/23401/2025::302805_5.0015.745","geometry":{"type":"Polygon","coordinates":[[[17.0924428881529,52.6650551511593],[17.0924090116862,52.6651147677909],[17.0922367492324,52.6654210395401],[17.0928249431697,52.6655428160602],[17.0929734582739,52.6653044829488],[17.0932519522246,52.6652871435572],[17.0937770168733,52.6653771425667],[17.0940851741133,52.6648286241422],[17.0942276744285,52.6647970235665],[17.094730229489,52.6648831435201],[17.0947959062814,52.6649491490167],[17.0948106258518,52.6648035889883],[17.0940077540067,52.6646655965908],[17.0937110287332,52.6652164990965],[17.0935686738214,52.6652480086664],[17.0930627122914,52.6651612667591],[17.0924428881529,52.6650551511593]]]},"properties":{"case_id":"ST-WK-WA/WNIOSEK/23401/2025","source_type":"wniosek_decyzja","received_date":"2025-11-18","decision_date":"2026-08-17","status":"decyzja wydana","description":"budowa oświetlenia drogowego w m. Potrzanowo ul. Uroczysko/Smolarki","address":"Potrzanowo","city":"Potrzanowo","office":"Starosta Powiatu Wągrowiec","case_kind":"Obiekt budowlany inny niż budynek mieszkalny jednorodzinny","parcel_ids":["302805_5.0015.39/1","302805_5.0015.54","302805_5.0015.56/14","302805_5.0015.61","302805_5.0015.65/16","302805_5.0015.65/8","302805_5.0015.745","302805_5.0015.754","302805_5.0015.98"],"location_quality":"dokładny","gunb_url":"https://wyszukiwarka.gunb.gov.pl/","parcel_count":9,"parcel_shard":"x068-y210","parcel_id":"302805_5.0015.745","location_source":"powiat wągrowiecki (wfs)"}},{"type":"Feature","id":"ST-WK-WA/WNIOSEK/23401/2025::302805_5.0015.754","geometry":{"type":"Polygon","coordinates":[[[17.089082929039,52.6644330449652],[17.0890610596902,52.6644965732205],[17.088567207199,52.6647039315071],[17.0884554192632,52.6646849982848],[17.0883100902608,52.6647460809287],[17.0884287342202,52.6648492932584],[17.0891213638461,52.6645581966874],[17.0892209701346,52.6645707907089],[17.089082929039,52.6644330449652]]]},"properties":{"case_id":"ST-WK-WA/WNIOSEK/23401/2025","source_type":"wniosek_decyzja","received_date":"2025-11-18","decision_date":"2026-08-17","status":"decyzja wydana","description":"budowa oświetlenia drogowego w m. Potrzanowo ul. Uroczysko/Smolarki","address":"Potrzanowo","city":"Potrzanowo","office":"Starosta Powiatu Wągrowiec","case_kind":"Obiekt budowlany inny niż budynek mieszkalny jednorodzinny","parcel_ids":["302805_5.0015.39/1","302805_5.0015.54","302805_5.0015.56/14","302805_5.0015.61","302805_5.0015.65/16","302805_5.0015.65/8","302805_5.0015.745","302805_5.0015.754","302805_5.0015.98"],"location_quality":"dokładny","gunb_url":"https://wyszukiwarka.gunb.gov.pl/","parcel_count":9,"parcel_shard":"x068-y210","parcel_id":"302805_5.0015.754","location_source":"powiat wągrowiecki (wfs)"}},{"type":"Feature","id":"ST-WK-WA/WNIOSEK/23401/2025::302805_5.0015.98","geometry":{"type":"Polygon","coordinates":[[[17.0967077111481,52.6616904398146],[17.0967806337926,52.6618145368712],[17.0968324185505,52.661773549252],[17.0971511838312,52.6618266095686],[17.0973535840953,52.6618763088355],[17.0973793445101,52.6619263675002],[17.0974939025002,52.6619713521089],[17.0976189410744,52.6619357012523],[17.0976857119377,52.6619164620513],[17.0980540780821,52.6618099289398],[17.0983337059259,52.6617377826583],[17.0987256869647,52.6615116899395],[17.0990268884855,52.6612959956965],[17.0992167451072,52.6610436132768],[17.0992498466714,52.6608969059867],[17.0995703118449,52.660512278362],[17.0998175607234,52.6602688731451],[17.1003222614733,52.6597545386065],[17.100667016529,52.6587824622368],[17.1005687211724,52.658773936529],[17.1004820297999,52.6590225872904],[17.1004024008274,52.6592511599567],[17.1003166421986,52.6594974809563],[17.1002487648599,52.6596071503838],[17.1001449605985,52.6597748747946],[17.1001233847561,52.6597962805729],[17.0998579041588,52.6600635250095],[17.0995866863136,52.6603364771546],[17.099483599737,52.6604403064738],[17.099340385418,52.6606195041137],[17.0991141839762,52.6609025036029],[17.0988913196275,52.6611812141092],[17.0988168264343,52.6612744754513],[17.098615420567,52.6614511626073],[17.0983106161921,52.6616315564325],[17.0981994385364,52.6616973066442],[17.0978038109648,52.6618017840346],[17.0973726213115,52.6618242943839],[17.0971687621003,52.6617896681532],[17.096997028666,52.6617597800255],[17.0967077111481,52.6616904398146]]]},"properties":{"case_id":"ST-WK-WA/WNIOSEK/23401/2025","source_type":"wniosek_decyzja","received_date":"2025-11-18","decision_date":"2026-08-17","status":"decyzja wydana","description":"budowa oświetlenia drogowego w m. Potrzanowo ul. Uroczysko/Smolarki","address":"Potrzanowo","city":"Potrzanowo","office":"Starosta Powiatu Wągrowiec","case_kind":"Obiekt budowlany inny niż budynek mieszkalny jednorodzinny","parcel_ids":["302805_5.0015.39/1","302805_5.0015.54","302805_5.0015.56/14","302805_5.0015.61","302805_5.0015.65/16","302805_5.0015.65/8","302805_5.0015.745","302805_5.0015.754","302805_5.0015.98"],"location_quality":"dokładny","gunb_url":"https://wyszukiwarka.gunb.gov.pl/","parcel_count":9,"parcel_shard":"x068-y210","parcel_id":"302805_5.0015.98","location_source":"powiat wągrowiecki (wfs)"}},{"type":"Feature","id":"ST-WK-WA/WNIOSEK/10708/2026::302805_5.0015.399/1","geometry":{"type":"Polygon","coordinates":[[[17.0930792806194,52.6572939420796],[17.0930728432257,52.6573481275758],[17.0937186595619,52.6575168162482],[17.0937587493425,52.6575293456157],[17.0940967366646,52.6576236006814],[17.0941392059168,52.6576354291212],[17.0949972271278,52.6579243876752],[17.0950569041805,52.6579423480235],[17.0952531559211,52.6579722464746],[17.0954638436581,52.658004501622],[17.0957791416054,52.6580526533573],[17.0959128083025,52.6580427984839],[17.0969544806483,52.6582303078326],[17.0969955863914,52.6582407481542],[17.0979804048437,52.6584293716666],[17.0980277065721,52.6584362924505],[17.0984874579177,52.6585037806113],[17.0988733861525,52.6585603702215],[17.0991322922271,52.6585983778673],[17.099447637371,52.6586446328279],[17.0996081106099,52.6586681407648],[17.0997393569284,52.6586826188706],[17.1001031618397,52.6587226794445],[17.1005687211724,52.658773936529],[17.1005851634622,52.6587174639899],[17.1005268497629,52.6587112466103],[17.0996338757487,52.6586164020677],[17.0981200244965,52.6583639468161],[17.0970132226587,52.6581841111408],[17.0969685935273,52.6581758931219],[17.0964355704314,52.6580717702601],[17.0963689999654,52.6581105373555],[17.0958773756447,52.6580155699231],[17.0957590425447,52.658023920251],[17.0951400991544,52.6578831923916],[17.0950565552541,52.6578641652386],[17.0941882759694,52.6576005708287],[17.0930792806194,52.6572939420796]]]},"properties":{"case_id":"ST-WK-WA/WNIOSEK/10708/2026","source_type":"wniosek_decyzja","received_date":"2026-06-02","decision_date":"2026-07-10","status":"decyzja wydana","description":"budowa ośwoetlenia drogowego","address":"Smolarki, Potrzanowo","city":"Potrzanowo","office":"Starosta Powiatu Wągrowiec","case_kind":"Obiekt budowlany inny niż budynek mieszkalny jednorodzinny","parcel_ids":["302805_5.0015.399/1","302805_5.0015.54","302805_5.0015.89/1","302805_5.0015.92/22","302805_5.0015.92/33","302805_5.0015.93","302805_5.0015.94/31","302805_5.0015.94/65"],"location_quality":"dokładny","gunb_url":"https://wyszukiwarka.gunb.gov.pl/","parcel_count":8,"parcel_shard":"x068-y210","parcel_id":"302805_5.0015.399/1","location_source":"powiat wągrowiecki (wfs)"}},{"type":"Feature","id":"ST-WK-WA/WNIOSEK/10708/2026::302805_5.0015.54","geometry":{"type":"Polygon","coordinates":[[[17.0911820184325,52.6611074261054],[17.0916742801937,52.6611404987883],[17.0926684557356,52.6611260954751],[17.0938161229766,52.661151413265],[17.0948206639207,52.661207621757],[17.0956257590134,52.6613737428772],[17.0959289408906,52.6614658395999],[17.0962594458989,52.6615662325068],[17.0964963816336,52.6616382301787],[17.0967660742861,52.6619209768734],[17.0967188011294,52.662192107537],[17.0966198976049,52.6625584863023],[17.0964698993721,52.6629646578104],[17.0963706550219,52.6632334223026],[17.0962515007407,52.6634562084649],[17.0961427431945,52.6635690688342],[17.0958067526091,52.6637767196269],[17.0953465112642,52.6640410907005],[17.0952890707976,52.6640821867482],[17.0951245989905,52.6641998582668],[17.0949915186977,52.6643663048913],[17.0948235516841,52.6645763829338],[17.0948204863091,52.6646302657953],[17.0948106258518,52.6648035889883],[17.0947959062814,52.6649491490167],[17.0947432341544,52.6654695329222],[17.0946345229902,52.6656645872757],[17.0944747158697,52.6657881019426],[17.0941788402699,52.6659193393031],[17.0940994770557,52.6659539003743],[17.093864412368,52.66614200017],[17.0935122049461,52.6664068782527],[17.0928582774561,52.6666961867499],[17.0927879976086,52.6667266666873],[17.0922713430015,52.6673209364147],[17.092065316953,52.6675210429673],[17.0919555142579,52.6676276812327],[17.0917493797974,52.6678278852651],[17.0916319680774,52.667941907507],[17.0913453481981,52.6682376541466],[17.0911399773606,52.6686306997836],[17.0911377135153,52.6687509043974],[17.0911335680025,52.6689934406138],[17.0911471066559,52.6693241882465],[17.0912024277896,52.6694188265512],[17.0913234811929,52.6710229428286],[17.0914578583856,52.67099363836],[17.0913472958398,52.669437387624],[17.0913344363207,52.6693615040114],[17.0912862968405,52.6689826599295],[17.0912826086805,52.6686717585812],[17.0914818924419,52.6682732389177],[17.0925801916382,52.6671296968754],[17.0926206628283,52.6670673093435],[17.0928825531334,52.6668488865891],[17.0931160428696,52.6666870413426],[17.0936604399622,52.66643655296],[17.0938539300655,52.6662792172532],[17.0939553191233,52.6661683126447],[17.094234221517,52.6659700850534],[17.094405919606,52.6658906232091],[17.0946361026879,52.6658605993669],[17.0946629683087,52.6658100843305],[17.0947782656405,52.6655926277313],[17.094836350008,52.6654831339034],[17.0948425296641,52.6654183120331],[17.0948547677333,52.6652914548566],[17.0948710247526,52.6651211737392],[17.0949020616513,52.6647962549594],[17.0949208963628,52.6645865094503],[17.0951986328954,52.6642284513728],[17.0954110959691,52.6640746681343],[17.0958484597774,52.6638114593074],[17.0959099494373,52.6637808142516],[17.0962449978673,52.6636137967047],[17.096390426082,52.6634860272508],[17.0964763677192,52.6632466308027],[17.0966931463953,52.6625689306967],[17.0968118424081,52.6622319115528],[17.0968072661046,52.6621544404403],[17.0968266490658,52.6620490376218],[17.0968280545216,52.6619341719692],[17.0967806337926,52.6618145368712],[17.0967077111481,52.6616904398146],[17.0966998139109,52.6616863353207],[17.0965460571444,52.6616090405461],[17.09638102938,52.6615530446388],[17.0959666587211,52.6614359298748],[17.0956749537499,52.6613535372759],[17.0948305611571,52.6611792973632],[17.0938227490913,52.661124052548],[17.092668755641,52.6610973382851],[17.0916763560568,52.6611116653372],[17.0912361927297,52.6610610174927],[17.0911820184325,52.6611074261054]]]},"properties":{"case_id":"ST-WK-WA/WNIOSEK/10708/2026","source_type":"wniosek_decyzja","received_date":"2026-06-02","decision_date":"2026-07-10","status":"decyzja wydana","description":"budowa ośwoetlenia drogowego","address":"Smolarki, Potrzanowo","city":"Potrzanowo","office":"Starosta Powiatu Wągrowiec","case_kind":"Obiekt budowlany inny niż budynek mieszkalny jednorodzinny","parcel_ids":["302805_5.0015.399/1","302805_5.0015.54","302805_5.0015.89/1","302805_5.0015.92/22","302805_5.0015.92/33","302805_5.0015.93","302805_5.0015.94/31","302805_5.0015.94/65"],"location_quality":"dokładny","gunb_url":"https://wyszukiwarka.gunb.gov.pl/","parcel_count":8,"parcel_shard":"x068-y210","parcel_id":"302805_5.0015.54","location_source":"powiat wągrowiecki (wfs)"}},{"type":"Feature","id":"ST-WK-WA/WNIOSEK/10708/2026::302805_5.0015.89/1","geometry":{"type":"Polygon","coordinates":[[[17.0906988337286,52.6564352375373],[17.0906951224601,52.656480311687],[17.0911294076856,52.6566483026441],[17.0912888424088,52.6567469264611],[17.0915030072846,52.6568794137292],[17.0917863743805,52.6569787774833],[17.0923354833933,52.6571251144516],[17.0930728432257,52.6573481275758],[17.0930792806194,52.6572939420796],[17.0923386196682,52.6570695594426],[17.0918219250551,52.6569422281465],[17.0915438712127,52.6568382904835],[17.091169317077,52.656610351398],[17.0906988337286,52.6564352375373]]]},"properties":{"case_id":"ST-WK-WA/WNIOSEK/10708/2026","source_type":"wniosek_decyzja","received_date":"2026-06-02","decision_date":"2026-07-10","status":"decyzja wydana","description":"budowa ośwoetlenia drogowego","address":"Smolarki, Potrzanowo","city":"Potrzanowo","office":"Starosta Powiatu Wągrowiec","case_kind":"Obiekt budowlany inny niż budynek mieszkalny jednorodzinny","parcel_ids":["302805_5.0015.399/1","302805_5.0015.54","302805_5.0015.89/1","302805_5.0015.92/22","302805_5.0015.92/33","302805_5.0015.93","302805_5.0015.94/31","302805_5.0015.94/65"],"location_quality":"dokładny","gunb_url":"https://wyszukiwarka.gunb.gov.pl/","parcel_count":8,"parcel_shard":"x068-y210","parcel_id":"302805_5.0015.89/1","location_source":"powiat wągrowiecki (wfs)"}},{"type":"Feature","id":"ST-WK-WA/WNIOSEK/10708/2026::302805_5.0015.92/22","geometry":{"type":"Polygon","coordinates":[[[17.09638102938,52.6615530446388],[17.0960625539566,52.6612837402925],[17.0957360994596,52.6610873313765],[17.0960378216287,52.6612966297398],[17.0959883756819,52.6613934955585],[17.0959666587211,52.6614359298748],[17.09638102938,52.6615530446388]]]},"properties":{"case_id":"ST-WK-WA/WNIOSEK/10708/2026","source_type":"wniosek_decyzja","received_date":"2026-06-02","decision_date":"2026-07-10","status":"decyzja wydana","description":"budowa ośwoetlenia drogowego","address":"Smolarki, Potrzanowo","city":"Potrzanowo","office":"Starosta Powiatu Wągrowiec","case_kind":"Obiekt budowlany inny niż budynek mieszkalny jednorodzinny","parcel_ids":["302805_5.0015.399/1","302805_5.0015.54","302805_5.0015.89/1","302805_5.0015.92/22","302805_5.0015.92/33","302805_5.0015.93","302805_5.0015.94/31","302805_5.0015.94/65"],"location_quality":"dokładny","gunb_url":"https://wyszukiwarka.gunb.gov.pl/","parcel_count":8,"parcel_shard":"x068-y210","parcel_id":"302805_5.0015.92/22","location_source":"powiat wągrowiecki (wfs)"}},{"type":"Feature","id":"ST-WK-WA/WNIOSEK/10708/2026::302805_5.0015.92/33","geometry":{"type":"Polygon","coordinates":[[[17.095602772619,52.6581550214452],[17.0957791416054,52.6580526533573],[17.0954638436581,52.658004501622],[17.0954978162119,52.658041339403],[17.095602772619,52.6581550214452]]]},"properties":{"case_id":"ST-WK-WA/WNIOSEK/10708/2026","source_type":"wniosek_decyzja","received_date":"2026-06-02","decision_date":"2026-07-10","status":"decyzja wydana","description":"budowa ośwoetlenia drogowego","address":"Smolarki, Potrzanowo","city":"Potrzanowo","office":"Starosta Powiatu Wągrowiec","case_kind":"Obiekt budowlany inny niż budynek mieszkalny jednorodzinny","parcel_ids":["302805_5.0015.399/1","302805_5.0015.54","302805_5.0015.89/1","302805_5.0015.92/22","302805_5.0015.92/33","302805_5.0015.93","302805_5.0015.94/31","302805_5.0015.94/65"],"location_quality":"dokładny","gunb_url":"https://wyszukiwarka.gunb.gov.pl/","parcel_count":8,"parcel_shard":"x068-y210","parcel_id":"302805_5.0015.92/33","location_source":"powiat wągrowiecki (wfs)"}},{"type":"Feature","id":"ST-WK-WA/WNIOSEK/10708/2026::302805_5.0015.93","geometry":{"type":"Polygon","coordinates":[[[17.09638102938,52.6615530446388],[17.0965460571444,52.6616090405461],[17.0960960374442,52.6612403636789],[17.0956423129065,52.6609298048598],[17.095563483337,52.6608891197579],[17.095484507983,52.6608483436167],[17.0954394629295,52.6608250820968],[17.0953183670592,52.6607625944768],[17.0948813463571,52.660237812161],[17.0947170109913,52.6598931506918],[17.0947015941871,52.6596377924653],[17.0946938064431,52.659420958323],[17.0946814985658,52.6590795250952],[17.0946970942327,52.6589971404416],[17.0950038932845,52.6587056875366],[17.0952912796187,52.6584193109145],[17.0959128083025,52.6580427984839],[17.0957791416054,52.6580526533573],[17.095602772619,52.6581550214452],[17.0951533987519,52.6584156392829],[17.09489799966,52.6586946332569],[17.0946348860039,52.6589820158424],[17.0945889205806,52.6591331754285],[17.0945603924745,52.6594763398571],[17.0945574075606,52.6595122451049],[17.0945646394429,52.6595571483647],[17.0946108370767,52.6598439903372],[17.0946253641775,52.6598791700468],[17.0947999345154,52.6602864409708],[17.0949176080163,52.6604777516877],[17.0951887764545,52.6608005363152],[17.0955229273856,52.6609623176411],[17.0957360994596,52.6610873313765],[17.0960625539566,52.6612837402925],[17.09638102938,52.6615530446388]]]},"properties":{"case_id":"ST-WK-WA/WNIOSEK/10708/2026","source_type":"wniosek_decyzja","received_date":"2026-06-02","decision_date":"2026-07-10","status":"decyzja wydana","description":"budowa ośwoetlenia drogowego","address":"Smolarki, Potrzanowo","city":"Potrzanowo","office":"Starosta Powiatu Wągrowiec","case_kind":"Obiekt budowlany inny niż budynek mieszkalny jednorodzinny","parcel_ids":["302805_5.0015.399/1","302805_5.0015.54","302805_5.0015.89/1","302805_5.0015.92/22","302805_5.0015.92/33","302805_5.0015.93","302805_5.0015.94/31","302805_5.0015.94/65"],"location_quality":"dokładny","gunb_url":"https://wyszukiwarka.gunb.gov.pl/","parcel_count":8,"parcel_shard":"x068-y210","parcel_id":"302805_5.0015.93","location_source":"powiat wągrowiecki (wfs)"}},{"type":"Feature","id":"ST-WK-WA/WNIOSEK/10708/2026::302805_5.0015.94/31","geometry":{"type":"Polygon","coordinates":[[[17.0947015941871,52.6596377924653],[17.0947170109913,52.6598931506918],[17.0948813463571,52.660237812161],[17.0947015941871,52.6596377924653]]]},"properties":{"case_id":"ST-WK-WA/WNIOSEK/10708/2026","source_type":"wniosek_decyzja","received_date":"2026-06-02","decision_date":"2026-07-10","status":"decyzja wydana","description":"budowa ośwoetlenia drogowego","address":"Smolarki, Potrzanowo","city":"Potrzanowo","office":"Starosta Powiatu Wągrowiec","case_kind":"Obiekt budowlany inny niż budynek mieszkalny jednorodzinny","parcel_ids":["302805_5.0015.399/1","302805_5.0015.54","302805_5.0015.89/1","302805_5.0015.92/22","302805_5.0015.92/33","302805_5.0015.93","302805_5.0015.94/31","302805_5.0015.94/65"],"location_quality":"dokładny","gunb_url":"https://wyszukiwarka.gunb.gov.pl/","parcel_count":8,"parcel_shard":"x068-y210","parcel_id":"302805_5.0015.94/31","location_source":"powiat wągrowiecki (wfs)"}},{"type":"Feature","id":"ST-WK-WA/WNIOSEK/10708/2026::302805_5.0015.94/65","geometry":{"type":"Polygon","coordinates":[[[17.0979804048437,52.6584293716666],[17.0969955863914,52.6582407481542],[17.0969544806483,52.6582303078326],[17.0959128083025,52.6580427984839],[17.0952912796187,52.6584193109145],[17.0950038932845,52.6587056875366],[17.09503262665,52.6587099512609],[17.0952227833766,52.6585055032127],[17.0955582289455,52.6582866156776],[17.0958624697103,52.6581186271019],[17.0962031532274,52.6581685890983],[17.0968783326404,52.6582676541289],[17.0974530175592,52.6583520196085],[17.0979804048437,52.6584293716666]]]},"properties":{"case_id":"ST-WK-WA/WNIOSEK/10708/2026","source_type":"wniosek_decyzja","received_date":"2026-06-02","decision_date":"2026-07-10","status":"decyzja wydana","description":"budowa ośwoetlenia drogowego","address":"Smolarki, Potrzanowo","city":"Potrzanowo","office":"Starosta Powiatu Wągrowiec","case_kind":"Obiekt budowlany inny niż budynek mieszkalny jednorodzinny","parcel_ids":["302805_5.0015.399/1","302805_5.0015.54","302805_5.0015.89/1","302805_5.0015.92/22","302805_5.0015.92/33","302805_5.0015.93","302805_5.0015.94/31","302805_5.0015.94/65"],"location_quality":"dokładny","gunb_url":"https://wyszukiwarka.gunb.gov.pl/","parcel_count":8,"parcel_shard":"x068-y210","parcel_id":"302805_5.0015.94/65","location_source":"powiat wągrowiecki (wfs)"}},{"type":"Feature","id":"ST-WK-WA/WNIOSEK/23990/2025::302805_5.0015.406","geometry":{"type":"Polygon","coordinates":[[[17.0991324519347,52.6527435383502],[17.0990848355093,52.6526450974273],[17.0990057226404,52.6524814564603],[17.0988447066737,52.6522978698217],[17.0988265256133,52.6522642455445],[17.0987957450597,52.6522288709733],[17.0985488533357,52.652035111956],[17.0982001465584,52.6518329221997],[17.0977742248975,52.6515567782755],[17.096905376757,52.6510172897412],[17.0966571032597,52.6509260582472],[17.0963060083672,52.6508399026949],[17.0958764390857,52.6507484516052],[17.0954842741429,52.6507364506009],[17.0948168079799,52.65088450273],[17.0943472867805,52.6509770690404],[17.0939573713659,52.6510780657294],[17.0940057193562,52.6511535043764],[17.0945502223218,52.6510331216898],[17.0955593249509,52.6508242194277],[17.0958374596063,52.650826025246],[17.0963013748284,52.65092835327],[17.0966067331669,52.651030734234],[17.0971644450419,52.6513559557009],[17.0977950210715,52.651728161924],[17.0982438232958,52.6519997831866],[17.0985671659522,52.6521760961497],[17.0986742631336,52.6522800285425],[17.0988281948661,52.6524314869544],[17.0989204325265,52.6525746904873],[17.0989796554412,52.6527692212386],[17.0990286979937,52.6528208303424],[17.0991867011813,52.6531785224139],[17.099324048267,52.6533607669311],[17.0997244197243,52.6536459475488],[17.1004321761371,52.6540466665529],[17.1009505750076,52.6543681210869],[17.1014839550525,52.6547163143063],[17.1016648658313,52.6548767516328],[17.1017267005242,52.6549292073588],[17.1017974985475,52.6550365135966],[17.1018301505044,52.6551112623085],[17.101844409831,52.655209534727],[17.1018249042443,52.6553614945016],[17.101809883664,52.6553974088879],[17.1017444633912,52.6555544770906],[17.1017704270802,52.6558072931781],[17.1018668723997,52.6558915187463],[17.1019074195418,52.6559270532985],[17.1019675207991,52.655967190936],[17.1020561036673,52.6560380559667],[17.1020923485604,52.6560670423112],[17.1022642131714,52.6560513859728],[17.1024771999585,52.6560003154232],[17.1030859913843,52.6558543349729],[17.1032232609018,52.655822186328],[17.1038558381095,52.6556977840745],[17.1039275065232,52.6556836604461],[17.1044213158191,52.6555721772969],[17.1045043087245,52.6555534404291],[17.1047021082035,52.6555087840058],[17.1054816223683,52.6553508395259],[17.1058719833025,52.6551983803361],[17.1059220430693,52.6551715243341],[17.1059536165127,52.6551545858119],[17.1064734234513,52.6548756312252],[17.1069040236494,52.6546447018608],[17.1071977871741,52.6545832284562],[17.107081810355,52.654473492705],[17.1067782652555,52.6545999181943],[17.1058846533108,52.6550675809011],[17.1058313047121,52.6550925810721],[17.1056405967871,52.6551848092927],[17.1046004650167,52.6554211695801],[17.103952537691,52.655570303228],[17.1029346137642,52.6558045899148],[17.1024170092935,52.655923718109],[17.1022043290011,52.6559050825038],[17.1020557456413,52.6558528106842],[17.1019391224395,52.6557704022314],[17.1019583111577,52.6556300261959],[17.1020261310169,52.6551929100421],[17.1020005970049,52.6550468708269],[17.1019423416543,52.6549129979862],[17.101813478948,52.6547764606478],[17.1012413084683,52.6544100234249],[17.1010445990475,52.6542845300381],[17.1006207318538,52.6540093829971],[17.0997209288783,52.6534772164643],[17.0994564127229,52.6532749604628],[17.0993378973609,52.6530467377443],[17.099183289361,52.6527945716984],[17.0991324519347,52.6527435383502]]]},"properties":{"case_id":"ST-WK-WA/WNIOSEK/23990/2025","source_type":"wniosek_decyzja","received_date":"2025-11-25","decision_date":"2026-01-08","status":"decyzja wydana","description":"budowa oświetlenia drogowego w m. Potrzanowo ul. Włókna","address":"Włókna, Potrzanowo","city":"Potrzanowo","office":"Starosta Powiatu Wągrowiec","case_kind":"Obiekt budowlany inny niż budynek mieszkalny jednorodzinny","parcel_ids":["302805_5.0015.406","302805_5.0015.444","302805_5.0015.460","302805_5.0015.98"],"location_quality":"dokładny","gunb_url":"https://wyszukiwarka.gunb.gov.pl/","parcel_count":4,"parcel_shard":"x068-y210","parcel_id":"302805_5.0015.406","location_source":"powiat wągrowiecki (wfs)"}},{"type":"Feature","id":"ST-WK-WA/WNIOSEK/23990/2025::302805_5.0015.444","geometry":{"type":"Polygon","coordinates":[[[17.1022642131714,52.6560513859728],[17.1020923485604,52.6560670423112],[17.1014812699656,52.6562706531149],[17.1013789951649,52.656392173117],[17.1013743895318,52.6564352400229],[17.1013586938218,52.6564871523479],[17.1013411710363,52.6565951227519],[17.1013439883133,52.6567538920562],[17.1013461111738,52.6568017208041],[17.1014690535817,52.657089419349],[17.1014650231466,52.6571863232507],[17.1013845181774,52.6573109446853],[17.1010145980559,52.6576461735236],[17.1008790356408,52.657882379799],[17.1005851634622,52.6587174639899],[17.1005687211724,52.658773936529],[17.100667016529,52.6587824622368],[17.1008601777697,52.6581795034542],[17.1008700146106,52.6581575385184],[17.1008797062567,52.6581358437271],[17.1010711083034,52.65771049456],[17.1011121711737,52.6576703614252],[17.1014899814854,52.6573011336693],[17.1015696554398,52.65718077343],[17.1015815849916,52.6570854625245],[17.1015388668195,52.6569948823069],[17.1014572189281,52.6568250316517],[17.1014336590188,52.6566910315174],[17.101458502832,52.6564668958746],[17.101514781932,52.6563674732291],[17.1016138702568,52.6563065712967],[17.1019392807389,52.6561927415833],[17.1022642131714,52.6560513859728]]]},"properties":{"case_id":"ST-WK-WA/WNIOSEK/23990/2025","source_type":"wniosek_decyzja","received_date":"2025-11-25","decision_date":"2026-01-08","status":"decyzja wydana","description":"budowa oświetlenia drogowego w m. Potrzanowo ul. Włókna","address":"Włókna, Potrzanowo","city":"Potrzanowo","office":"Starosta Powiatu Wągrowiec","case_kind":"Obiekt budowlany inny niż budynek mieszkalny jednorodzinny","parcel_ids":["302805_5.0015.406","302805_5.0015.444","302805_5.0015.460","302805_5.0015.98"],"location_quality":"dokładny","gunb_url":"https://wyszukiwarka.gunb.gov.pl/","parcel_count":4,"parcel_shard":"x068-y210","parcel_id":"302805_5.0015.444","location_source":"powiat wągrowiecki (wfs)"}},{"type":"Feature","id":"ST-WK-WA/WNIOSEK/23990/2025::302805_5.0015.460","geometry":{"type":"Polygon","coordinates":[[[17.1073704088479,52.6545231238081],[17.107081810355,52.654473492705],[17.1071977871741,52.6545832284562],[17.1073907931221,52.6546285416914],[17.1075079722721,52.6546811090687],[17.1078325019682,52.6548827719602],[17.1084513296746,52.6552672395525],[17.1093366283937,52.6558479979304],[17.1097680169389,52.656105083635],[17.1099992431669,52.6561757838354],[17.1108443656509,52.656335448791],[17.1109170248561,52.6563491756128],[17.1109814013254,52.6563613376167],[17.1116584282336,52.6564712721443],[17.1127515636391,52.6566823358752],[17.1140202679253,52.6569017327829],[17.1173191721961,52.6575043085296],[17.1175436470232,52.6575344009777],[17.1182901873654,52.6576733296266],[17.1194800995516,52.6578946371387],[17.1210741080184,52.6581822910036],[17.1214484822259,52.6581603518426],[17.1212997417205,52.6581335453231],[17.1210162478792,52.6580826417909],[17.119832952542,52.657869757109],[17.1194646388122,52.6578034806413],[17.1174650613319,52.6574442121016],[17.1172937444152,52.6574231640418],[17.1140378521714,52.6568339240151],[17.1127539053821,52.6566026006948],[17.1117297045899,52.6563975663158],[17.1102570340061,52.6561379289675],[17.1101042854729,52.6560841048303],[17.1098381338061,52.6560424803032],[17.1096555441559,52.6559469830822],[17.1086895397506,52.6552744772759],[17.1083620069165,52.6550360704414],[17.1079693989227,52.6548319560988],[17.1079144927,52.6548036473963],[17.1073704088479,52.6545231238081]]]},"properties":{"case_id":"ST-WK-WA/WNIOSEK/23990/2025","source_type":"wniosek_decyzja","received_date":"2025-11-25","decision_date":"2026-01-08","status":"decyzja wydana","description":"budowa oświetlenia drogowego w m. Potrzanowo ul. Włókna","address":"Włókna, Potrzanowo","city":"Potrzanowo","office":"Starosta Powiatu Wągrowiec","case_kind":"Obiekt budowlany inny niż budynek mieszkalny jednorodzinny","parcel_ids":["302805_5.0015.406","302805_5.0015.444","302805_5.0015.460","302805_5.0015.98"],"location_quality":"dokładny","gunb_url":"https://wyszukiwarka.gunb.gov.pl/","parcel_count":4,"parcel_shard":"x068-y210","parcel_id":"302805_5.0015.460","location_source":"powiat wągrowiecki (wfs)"}},{"type":"Feature","id":"ST-WK-WA/WNIOSEK/23990/2025::302805_5.0015.98","geometry":{"type":"Polygon","coordinates":[[[17.0967077111481,52.6616904398146],[17.0967806337926,52.6618145368712],[17.0968324185505,52.661773549252],[17.0971511838312,52.6618266095686],[17.0973535840953,52.6618763088355],[17.0973793445101,52.6619263675002],[17.0974939025002,52.6619713521089],[17.0976189410744,52.6619357012523],[17.0976857119377,52.6619164620513],[17.0980540780821,52.6618099289398],[17.0983337059259,52.6617377826583],[17.0987256869647,52.6615116899395],[17.0990268884855,52.6612959956965],[17.0992167451072,52.6610436132768],[17.0992498466714,52.6608969059867],[17.0995703118449,52.660512278362],[17.0998175607234,52.6602688731451],[17.1003222614733,52.6597545386065],[17.100667016529,52.6587824622368],[17.1005687211724,52.658773936529],[17.1004820297999,52.6590225872904],[17.1004024008274,52.6592511599567],[17.1003166421986,52.6594974809563],[17.1002487648599,52.6596071503838],[17.1001449605985,52.6597748747946],[17.1001233847561,52.6597962805729],[17.0998579041588,52.6600635250095],[17.0995866863136,52.6603364771546],[17.099483599737,52.6604403064738],[17.099340385418,52.6606195041137],[17.0991141839762,52.6609025036029],[17.0988913196275,52.6611812141092],[17.0988168264343,52.6612744754513],[17.098615420567,52.6614511626073],[17.0983106161921,52.6616315564325],[17.0981994385364,52.6616973066442],[17.0978038109648,52.6618017840346],[17.0973726213115,52.6618242943839],[17.0971687621003,52.6617896681532],[17.096997028666,52.6617597800255],[17.0967077111481,52.6616904398146]]]},"properties":{"case_id":"ST-WK-WA/WNIOSEK/23990/2025","source_type":"wniosek_decyzja","received_date":"2025-11-25","decision_date":"2026-01-08","status":"decyzja wydana","description":"budowa oświetlenia drogowego w m. Potrzanowo ul. Włókna","address":"Włókna, Potrzanowo","city":"Potrzanowo","office":"Starosta Powiatu Wągrowiec","case_kind":"Obiekt budowlany inny niż budynek mieszkalny jednorodzinny","parcel_ids":["302805_5.0015.406","302805_5.0015.444","302805_5.0015.460","302805_5.0015.98"],"location_quality":"dokładny","gunb_url":"https://wyszukiwarka.gunb.gov.pl/","parcel_count":4,"parcel_shard":"x068-y210","parcel_id":"302805_5.0015.98","location_source":"powiat wągrowiecki (wfs)"}},{"type":"Feature","id":"ST-WK-WA/WNIOSEK/3315/2026::302805_5.0015.443/22","geometry":{"type":"Polygon","coordinates":[[[17.1008797062567,52.6581358437271],[17.1017984620499,52.6582726555639],[17.1019709079639,52.657844407278],[17.1010711083034,52.65771049456],[17.1008797062567,52.6581358437271]]]},"properties":{"case_id":"ST-WK-WA/WNIOSEK/3315/2026","source_type":"wniosek_decyzja","received_date":"2026-02-23","decision_date":"2026-06-02","status":"decyzja wydana","description":"budynek mieszkalny jednorodzinny","address":"Potrzanowo","city":"Potrzanowo","office":"Starosta Powiatu Wągrowiec","case_kind":"Budynek mieszkalny jednorodzinny","parcel_ids":["302805_5.0015.443/22"],"location_quality":"dokładny","gunb_url":"https://wyszukiwarka.gunb.gov.pl/","parcel_count":1,"parcel_shard":"x068-y210","parcel_id":"302805_5.0015.443/22","location_source":"powiat wągrowiecki (wfs)"}},{"type":"Feature","id":"ST-WK-WA/WNIOSEK/18452/2025::302805_5.0015.443/28","geometry":{"type":"Polygon","coordinates":[[[17.1028489526045,52.6579749764509],[17.1030272672152,52.6575333905336],[17.1030031522523,52.6575259413664],[17.1021996635908,52.6572769699816],[17.1019885017114,52.6578007518876],[17.1011121711737,52.6576703614252],[17.1010711083034,52.65771049456],[17.1019709079639,52.657844407278],[17.1028489526045,52.6579749764509]]]},"properties":{"case_id":"ST-WK-WA/WNIOSEK/18452/2025","source_type":"wniosek_decyzja","received_date":"2025-09-10","decision_date":"2025-10-31","status":"decyzja wydana","description":"budowa budynku mieszkalnego jednorodzinnego","address":"Potrzanowo","city":"Potrzanowo","office":"Starosta Powiatu Wągrowiec","case_kind":"Budynek mieszkalny jednorodzinny","parcel_ids":["302805_5.0015.443/28"],"location_quality":"dokładny","gunb_url":"https://wyszukiwarka.gunb.gov.pl/","parcel_count":1,"parcel_shard":"x068-y210","parcel_id":"302805_5.0015.443/28","location_source":"powiat wągrowiecki (wfs)"}},{"type":"Feature","id":"ST-WK-WA/WNIOSEK/23392/2025::302805_5.0015.458","geometry":{"type":"Polygon","coordinates":[[[17.1101042854729,52.6560841048303],[17.1102570340061,52.6561379289675],[17.1109356516097,52.6560455899027],[17.1113019351625,52.6559415472198],[17.1124834881765,52.6554863049742],[17.1134378613163,52.6551050724845],[17.1141249710333,52.6548459125055],[17.1146435235441,52.6547241264391],[17.1160057316156,52.6544537651712],[17.1162725005371,52.6543996051568],[17.1161985262224,52.6543398956911],[17.1158709740387,52.6544159117833],[17.1153117290954,52.654532428988],[17.1149573107252,52.6546052851566],[17.1148913447515,52.654618905897],[17.1147156962806,52.6546559570215],[17.1141755024457,52.6547578108542],[17.1140550116268,52.6547980719512],[17.1139153730822,52.6548448748499],[17.1136141311992,52.6549589631445],[17.1133638327425,52.6550538985945],[17.1131332883316,52.6551439072493],[17.1129074551768,52.655232190429],[17.1124172126456,52.6554236373888],[17.1123967480167,52.6554315320532],[17.111929164038,52.655613186857],[17.1117028783938,52.6557010200244],[17.1115341683465,52.6557676099212],[17.1112352871395,52.6558824923617],[17.1111945146886,52.6558992693376],[17.1108842344733,52.6559827364135],[17.1101042854729,52.6560841048303]]]},"properties":{"case_id":"ST-WK-WA/WNIOSEK/23392/2025","source_type":"wniosek_decyzja","received_date":"2025-11-18","decision_date":"2026-01-08","status":"decyzja wydana","description":"budowa oświetlenia drogowego w m. Potrzanowo  ul. Włókna","address":"Włókna, Potrzanowo","city":"Potrzanowo","office":"Starosta Powiatu Wągrowiec","case_kind":"Obiekt budowlany inny niż budynek mieszkalny jednorodzinny","parcel_ids":["302805_5.0015.458","302805_5.0015.489","302805_5.0015.491/5","302805_5.0015.491/6","302805_5.0015.491/7"],"location_quality":"dokładny","gunb_url":"https://wyszukiwarka.gunb.gov.pl/","parcel_count":5,"parcel_shard":"x068-y210","parcel_id":"302805_5.0015.458","location_source":"powiat wągrowiecki (wfs)"}},{"type":"Feature","id":"ST-WK-WA/WNIOSEK/23392/2025::302805_5.0015.489","geometry":{"type":"Polygon","coordinates":[[[17.1161985262224,52.6543398956911],[17.1162725005371,52.6543996051568],[17.1170584970673,52.6540897385212],[17.1172798102434,52.6539602325028],[17.1174658418121,52.653855510161],[17.1176845750203,52.6537323781421],[17.1180533801046,52.653656429233],[17.1187538948963,52.6535100087474],[17.1192150526331,52.653413643017],[17.1194431132996,52.6532993654641],[17.1202267663251,52.6529087881421],[17.1202553120189,52.6528945285162],[17.1202825599462,52.6528786541923],[17.1219111995171,52.652476085828],[17.1232521384123,52.6521408931535],[17.1265796970402,52.6512857318472],[17.1266438531957,52.6513032177192],[17.1265487986943,52.6512306003287],[17.123213997881,52.6520785020257],[17.1218738912763,52.6524275216594],[17.1202334152199,52.6528158295984],[17.1191361080355,52.6533612079649],[17.1178510576401,52.6536216283864],[17.117647075149,52.6536640968138],[17.1171941474491,52.6538973326157],[17.1169663062683,52.6540092845537],[17.1168461705264,52.6540591964493],[17.1161985262224,52.6543398956911]]]},"properties":{"case_id":"ST-WK-WA/WNIOSEK/23392/2025","source_type":"wniosek_decyzja","received_date":"2025-11-18","decision_date":"2026-01-08","status":"decyzja wydana","description":"budowa oświetlenia drogowego w m. Potrzanowo  ul. Włókna","address":"Włókna, Potrzanowo","city":"Potrzanowo","office":"Starosta Powiatu Wągrowiec","case_kind":"Obiekt budowlany inny niż budynek mieszkalny jednorodzinny","parcel_ids":["302805_5.0015.458","302805_5.0015.489","302805_5.0015.491/5","302805_5.0015.491/6","302805_5.0015.491/7"],"location_quality":"dokładny","gunb_url":"https://wyszukiwarka.gunb.gov.pl/","parcel_count":5,"parcel_shard":"x068-y210","parcel_id":"302805_5.0015.489","location_source":"powiat wągrowiecki (wfs)"}},{"type":"Feature","id":"ST-WK-WA/WNIOSEK/23392/2025::302805_5.0015.491/5","geometry":{"type":"Polygon","coordinates":[[[17.1187538948963,52.6535100087474],[17.1187657427068,52.6535311909165],[17.1190174405477,52.653478689004],[17.1192333736382,52.6534335599774],[17.1192939898336,52.6534029143144],[17.1194722483025,52.6533131074237],[17.1194431132996,52.6532993654641],[17.1192150526331,52.653413643017],[17.1187538948963,52.6535100087474]]]},"properties":{"case_id":"ST-WK-WA/WNIOSEK/23392/2025","source_type":"wniosek_decyzja","received_date":"2025-11-18","decision_date":"2026-01-08","status":"decyzja wydana","description":"budowa oświetlenia drogowego w m. Potrzanowo  ul. Włókna","address":"Włókna, Potrzanowo","city":"Potrzanowo","office":"Starosta Powiatu Wągrowiec","case_kind":"Obiekt budowlany inny niż budynek mieszkalny jednorodzinny","parcel_ids":["302805_5.0015.458","302805_5.0015.489","302805_5.0015.491/5","302805_5.0015.491/6","302805_5.0015.491/7"],"location_quality":"dokładny","gunb_url":"https://wyszukiwarka.gunb.gov.pl/","parcel_count":5,"parcel_shard":"x068-y210","parcel_id":"302805_5.0015.491/5","location_source":"powiat wągrowiecki (wfs)"}},{"type":"Feature","id":"ST-WK-WA/WNIOSEK/23392/2025::302805_5.0015.491/6","geometry":{"type":"Polygon","coordinates":[[[17.1192333736382,52.6534335599774],[17.1190174405477,52.653478689004],[17.1191354097695,52.653498888728],[17.1194466653643,52.6537405346532],[17.1195810997016,52.6539784396028],[17.119715681445,52.6542164353544],[17.1198501186758,52.6544543399925],[17.1199845555485,52.6546923343349],[17.1201191416351,52.6549303296187],[17.1202587984351,52.6549010791649],[17.1203030089948,52.654841102372],[17.1206571531763,52.654750622023],[17.1210739848777,52.6546440688894],[17.121458282706,52.6545458110694],[17.1217480355651,52.654290651549],[17.1218508293948,52.6542791905569],[17.1216075494786,52.6541770889155],[17.1216263955542,52.6542396006853],[17.1213611659338,52.6544731025258],[17.1208748125304,52.6545975649664],[17.1205518632587,52.654680188874],[17.1202549090258,52.6547561745156],[17.1201627500992,52.6547310447755],[17.1199609432312,52.6543741871946],[17.1197808363219,52.6540555068397],[17.1196847916597,52.6538854720548],[17.1195863188031,52.6537112849716],[17.119281908457,52.6534672637081],[17.1192939898336,52.6534029143144],[17.1192333736382,52.6534335599774]]]},"properties":{"case_id":"ST-WK-WA/WNIOSEK/23392/2025","source_type":"wniosek_decyzja","received_date":"2025-11-18","decision_date":"2026-01-08","status":"decyzja wydana","description":"budowa oświetlenia drogowego w m. Potrzanowo  ul. Włókna","address":"Włókna, Potrzanowo","city":"Potrzanowo","office":"Starosta Powiatu Wągrowiec","case_kind":"Obiekt budowlany inny niż budynek mieszkalny jednorodzinny","parcel_ids":["302805_5.0015.458","302805_5.0015.489","302805_5.0015.491/5","302805_5.0015.491/6","302805_5.0015.491/7"],"location_quality":"dokładny","gunb_url":"https://wyszukiwarka.gunb.gov.pl/","parcel_count":5,"parcel_shard":"x068-y210","parcel_id":"302805_5.0015.491/6","location_source":"powiat wągrowiecki (wfs)"}},{"type":"Feature","id":"ST-WK-WA/WNIOSEK/23392/2025::302805_5.0015.491/7","geometry":{"type":"Polygon","coordinates":[[[17.1223330143636,52.6546521799993],[17.1225373665722,52.6546006300349],[17.1224561330894,52.6544800476593],[17.1223598234249,52.654455518005],[17.1222926577621,52.6543557105574],[17.1221588532231,52.6542995372402],[17.1217880723558,52.6541438256544],[17.1217394179013,52.6541233334524],[17.121344311185,52.6539574642384],[17.1210221916611,52.6538221527746],[17.1206454903786,52.6538219643854],[17.1202172142702,52.6538216615319],[17.1197786657507,52.6539134009897],[17.1196847916597,52.6538854720548],[17.1197808363219,52.6540555068397],[17.119826762084,52.6539984189033],[17.1202335510276,52.6539133637343],[17.120643229635,52.6539125399177],[17.1209759107147,52.6539117726776],[17.1212669605865,52.6540340918678],[17.1216075494786,52.6541770889155],[17.1218508293948,52.6542791905569],[17.1221731008118,52.654414590738],[17.1223330143636,52.6546521799993]]]},"properties":{"case_id":"ST-WK-WA/WNIOSEK/23392/2025","source_type":"wniosek_decyzja","received_date":"2025-11-18","decision_date":"2026-01-08","status":"decyzja wydana","description":"budowa oświetlenia drogowego w m. Potrzanowo  ul. Włókna","address":"Włókna, Potrzanowo","city":"Potrzanowo","office":"Starosta Powiatu Wągrowiec","case_kind":"Obiekt budowlany inny niż budynek mieszkalny jednorodzinny","parcel_ids":["302805_5.0015.458","302805_5.0015.489","302805_5.0015.491/5","302805_5.0015.491/6","302805_5.0015.491/7"],"location_quality":"dokładny","gunb_url":"https://wyszukiwarka.gunb.gov.pl/","parcel_count":5,"parcel_shard":"x068-y210","parcel_id":"302805_5.0015.491/7","location_source":"powiat wągrowiecki (wfs)"}},{"type":"Feature","id":"ST-WK-WA/WNIOSEK/8436/2026::302805_5.0015.464/1","geometry":{"type":"Polygon","coordinates":[[[17.1169046764537,52.6560035925402],[17.1169774572237,52.6561909814895],[17.1175613070814,52.6561069850269],[17.1174665973863,52.6558635319342],[17.1169046764537,52.6560035925402]]]},"properties":{"case_id":"ST-WK-WA/WNIOSEK/8436/2026","source_type":"wniosek_decyzja","received_date":"2026-04-30","decision_date":"2026-07-13","status":"decyzja wydana","description":"budowa przyłacza gazu propanowego wraz ze zbiornikiem naziemnym o pojemności V=2700 l oraz instalacji wewnętrznej gazu propanowego dla budynku mieszkalnego","address":"Potrzanowo","city":"Potrzanowo","office":"Starosta Powiatu Wągrowiec","case_kind":"Budynek mieszkalny jednorodzinny","parcel_ids":["302805_5.0015.464/1"],"location_quality":"dokładny","gunb_url":"https://wyszukiwarka.gunb.gov.pl/","parcel_count":1,"parcel_shard":"x068-y210","parcel_id":"302805_5.0015.464/1","location_source":"powiat wągrowiecki (wfs)"}},{"type":"Feature","id":"ST-WK-WA/WNIOSEK/2922/2026::302805_5.0015.464/18","geometry":{"type":"Polygon","coordinates":[[[17.1178653096399,52.6559458586808],[17.1179467561347,52.6561214482535],[17.1185224505623,52.6560386445869],[17.1184342035889,52.6558483554765],[17.1178653096399,52.6559458586808]]]},"properties":{"case_id":"ST-WK-WA/WNIOSEK/2922/2026","source_type":"wniosek_decyzja","received_date":"2026-02-17","decision_date":"2026-07-17","status":"decyzja wydana","description":"budowa budynku mieszkalnego jednorodzinnego","address":"Potrzanowo","city":"Potrzanowo","office":"Starosta Powiatu Wągrowiec","case_kind":"Budynek mieszkalny jednorodzinny","parcel_ids":["302805_5.0015.464/18"],"location_quality":"dokładny","gunb_url":"https://wyszukiwarka.gunb.gov.pl/","parcel_count":1,"parcel_shard":"x068-y210","parcel_id":"302805_5.0015.464/18","location_source":"powiat wągrowiecki (wfs)"}},{"type":"Feature","id":"ST-WK-WA/ZGŁOSZENIE/3660/2025::302805_5.0015.489","geometry":{"type":"Polygon","coordinates":[[[17.1161985262224,52.6543398956911],[17.1162725005371,52.6543996051568],[17.1170584970673,52.6540897385212],[17.1172798102434,52.6539602325028],[17.1174658418121,52.653855510161],[17.1176845750203,52.6537323781421],[17.1180533801046,52.653656429233],[17.1187538948963,52.6535100087474],[17.1192150526331,52.653413643017],[17.1194431132996,52.6532993654641],[17.1202267663251,52.6529087881421],[17.1202553120189,52.6528945285162],[17.1202825599462,52.6528786541923],[17.1219111995171,52.652476085828],[17.1232521384123,52.6521408931535],[17.1265796970402,52.6512857318472],[17.1266438531957,52.6513032177192],[17.1265487986943,52.6512306003287],[17.123213997881,52.6520785020257],[17.1218738912763,52.6524275216594],[17.1202334152199,52.6528158295984],[17.1191361080355,52.6533612079649],[17.1178510576401,52.6536216283864],[17.117647075149,52.6536640968138],[17.1171941474491,52.6538973326157],[17.1169663062683,52.6540092845537],[17.1168461705264,52.6540591964493],[17.1161985262224,52.6543398956911]]]},"properties":{"case_id":"ST-WK-WA/ZGŁOSZENIE/3660/2025","source_type":"zgloszenie","received_date":"2025-11-14","decision_date":null,"status":"Brak sprzeciwu","description":"przebudowa sieci elektroenergetycznej nn-0,4kV","address":"Włókna, Potrzanowo","city":"Potrzanowo","office":"Starosta Powiatu Wągrowiec","case_kind":"budowa nowego/nowych obiektów budowlanych","parcel_ids":["302805_5.0015.489"],"location_quality":"dokładny","gunb_url":"https://wyszukiwarka.gunb.gov.pl/","parcel_count":1,"parcel_shard":"x068-y210","parcel_id":"302805_5.0015.489","location_source":"powiat wągrowiecki (wfs)"}},{"type":"Feature","id":"ST-WK-WA/WNIOSEK/21888/2025::302805_5.0015.508/18","geometry":{"type":"Polygon","coordinates":[[[17.1301947332591,52.6521941045193],[17.1308128076826,52.6520495398129],[17.1305991185761,52.6517366511777],[17.1302339015572,52.6518288773432],[17.1299877980479,52.6518910605404],[17.1301947332591,52.6521941045193]]]},"properties":{"case_id":"ST-WK-WA/WNIOSEK/21888/2025","source_type":"wniosek_decyzja","received_date":"2025-10-24","decision_date":"2026-02-12","status":"decyzja wydana","description":"budynek mieszkalny jednorodzinny wraz ze zbiornikiem na ścieki do 10 m3 i własnym ujęciem wody - studnią","address":"Potrzanowo","city":"Potrzanowo","office":"Starosta Powiatu Wągrowiec","case_kind":"Budynek mieszkalny jednorodzinny","parcel_ids":["302805_5.0015.508/18"],"location_quality":"dokładny","gunb_url":"https://wyszukiwarka.gunb.gov.pl/","parcel_count":1,"parcel_shard":"x068-y210","parcel_id":"302805_5.0015.508/18","location_source":"powiat wągrowiecki (wfs)"}},{"type":"Feature","id":"ST-WK-WA/WNIOSEK/10950/2026::302805_5.0015.55/14","geometry":{"type":"Polygon","coordinates":[[[17.0934025509238,52.6633343121402],[17.0930703427339,52.6632680231973],[17.0927548306184,52.6631778649444],[17.0921392121382,52.6642451690678],[17.0928156232503,52.664370212748],[17.0930054442074,52.6640294638494],[17.0931961213293,52.6636907703003],[17.0934025509238,52.6633343121402]]]},"properties":{"case_id":"ST-WK-WA/WNIOSEK/10950/2026","source_type":"wniosek_decyzja","received_date":"2026-06-09","decision_date":"2026-08-05","status":"decyzja wydana","description":"budowa budynku mieszkalnego jednorodzinnego","address":"Potrzanowo","city":"Potrzanowo","office":"Starosta Powiatu Wągrowiec","case_kind":"Budynek mieszkalny jednorodzinny","parcel_ids":["302805_5.0015.55/14"],"location_quality":"dokładny","gunb_url":"https://wyszukiwarka.gunb.gov.pl/","parcel_count":1,"parcel_shard":"x068-y210","parcel_id":"302805_5.0015.55/14","location_source":"powiat wągrowiecki (wfs)"}},{"type":"Feature","id":"ST-WK-WA/ZGŁOSZENIE/3236/2025::302805_5.0015.55/14","geometry":{"type":"Polygon","coordinates":[[[17.0934025509238,52.6633343121402],[17.0930703427339,52.6632680231973],[17.0927548306184,52.6631778649444],[17.0921392121382,52.6642451690678],[17.0928156232503,52.664370212748],[17.0930054442074,52.6640294638494],[17.0931961213293,52.6636907703003],[17.0934025509238,52.6633343121402]]]},"properties":{"case_id":"ST-WK-WA/ZGŁOSZENIE/3236/2025","source_type":"zgloszenie","received_date":"2025-10-10","decision_date":null,"status":"Brak sprzeciwu","description":"budowa sieci wodociągowej z przyłączem","address":"Potrzanowo","city":"Potrzanowo","office":"Starosta Powiatu Wągrowiec","case_kind":"budowa nowego/nowych obiektów budowlanych","parcel_ids":["302805_5.0015.55/14","302805_5.0015.55/7","302805_5.0015.745"],"location_quality":"dokładny","gunb_url":"https://wyszukiwarka.gunb.gov.pl/","parcel_count":3,"parcel_shard":"x068-y210","parcel_id":"302805_5.0015.55/14","location_source":"powiat wągrowiecki (wfs)"}},{"type":"Feature","id":"ST-WK-WA/ZGŁOSZENIE/3236/2025::302805_5.0015.55/7","geometry":{"type":"Polygon","coordinates":[[[17.0948106258518,52.6648035889883],[17.0948204863091,52.6646302657953],[17.0946883646152,52.6646722855336],[17.0928156232503,52.664370212748],[17.092769040857,52.6644553436939],[17.093389032949,52.6645604047294],[17.0936334468369,52.6646019592024],[17.0940077540067,52.6646655965908],[17.0948106258518,52.6648035889883]]]},"properties":{"case_id":"ST-WK-WA/ZGŁOSZENIE/3236/2025","source_type":"zgloszenie","received_date":"2025-10-10","decision_date":null,"status":"Brak sprzeciwu","description":"budowa sieci wodociągowej z przyłączem","address":"Potrzanowo","city":"Potrzanowo","office":"Starosta Powiatu Wągrowiec","case_kind":"budowa nowego/nowych obiektów budowlanych","parcel_ids":["302805_5.0015.55/14","302805_5.0015.55/7","302805_5.0015.745"],"location_quality":"dokładny","gunb_url":"https://wyszukiwarka.gunb.gov.pl/","parcel_count":3,"parcel_shard":"x068-y210","parcel_id":"302805_5.0015.55/7","location_source":"powiat wągrowiecki (wfs)"}},{"type":"Feature","id":"ST-WK-WA/ZGŁOSZENIE/3236/2025::302805_5.0015.745","geometry":{"type":"Polygon","coordinates":[[[17.0924428881529,52.6650551511593],[17.0924090116862,52.6651147677909],[17.0922367492324,52.6654210395401],[17.0928249431697,52.6655428160602],[17.0929734582739,52.6653044829488],[17.0932519522246,52.6652871435572],[17.0937770168733,52.6653771425667],[17.0940851741133,52.6648286241422],[17.0942276744285,52.6647970235665],[17.094730229489,52.6648831435201],[17.0947959062814,52.6649491490167],[17.0948106258518,52.6648035889883],[17.0940077540067,52.6646655965908],[17.0937110287332,52.6652164990965],[17.0935686738214,52.6652480086664],[17.0930627122914,52.6651612667591],[17.0924428881529,52.6650551511593]]]},"properties":{"case_id":"ST-WK-WA/ZGŁOSZENIE/3236/2025","source_type":"zgloszenie","received_date":"2025-10-10","decision_date":null,"status":"Brak sprzeciwu","description":"budowa sieci wodociągowej z przyłączem","address":"Potrzanowo","city":"Potrzanowo","office":"Starosta Powiatu Wągrowiec","case_kind":"budowa nowego/nowych obiektów budowlanych","parcel_ids":["302805_5.0015.55/14","302805_5.0015.55/7","302805_5.0015.745"],"location_quality":"dokładny","gunb_url":"https://wyszukiwarka.gunb.gov.pl/","parcel_count":3,"parcel_shard":"x068-y210","parcel_id":"302805_5.0015.745","location_source":"powiat wągrowiecki (wfs)"}},{"type":"Feature","id":"ST-WK-WA/WNIOSEK/2214/2026::302805_5.0015.594/2","geometry":{"type":"Polygon","coordinates":[[[17.1234910197129,52.6680068019072],[17.1233389198412,52.6681966545572],[17.1240354637389,52.6684045985122],[17.1241875603599,52.6682147449129],[17.1239769604404,52.6681518449574],[17.1234910197129,52.6680068019072]]]},"properties":{"case_id":"ST-WK-WA/WNIOSEK/2214/2026","source_type":"wniosek_decyzja","received_date":"2026-02-06","decision_date":"2026-04-03","status":"decyzja wydana","description":"budowa budynku gospodarczo-garażowego","address":"Potrzanowo","city":"Potrzanowo","office":"Starosta Powiatu Wągrowiec","case_kind":"Obiekt budowlany inny niż budynek mieszkalny jednorodzinny","parcel_ids":["302805_5.0015.594/2"],"location_quality":"dokładny","gunb_url":"https://wyszukiwarka.gunb.gov.pl/","parcel_count":1,"parcel_shard":"x068-y210","parcel_id":"302805_5.0015.594/2","location_source":"powiat wągrowiecki (wfs)"}},{"type":"Feature","id":"ST-WK-WA/WNIOSEK/11146/2026::302805_5.0015.774/3","geometry":{"type":"Polygon","coordinates":[[[17.0980948421343,52.6751352577474],[17.098308937105,52.6750205009305],[17.098132242046,52.6748987265732],[17.0982431761938,52.6748392657297],[17.0981629929246,52.6747840127877],[17.0978405576236,52.6749830546455],[17.0980948421343,52.6751352577474]]]},"properties":{"case_id":"ST-WK-WA/WNIOSEK/11146/2026","source_type":"wniosek_decyzja","received_date":"2026-06-11","decision_date":"2026-08-07","status":"decyzja wydana","description":"budowa budynku mieszkalnego jednorodzinnego","address":"Potrzanowo","city":"Potrzanowo","office":"Starosta Powiatu Wągrowiec","case_kind":"Budynek mieszkalny jednorodzinny","parcel_ids":["302805_5.0015.774/3"],"location_quality":"dokładny","gunb_url":"https://wyszukiwarka.gunb.gov.pl/","parcel_count":1,"parcel_shard":"x068-y210","parcel_id":"302805_5.0015.774/3","location_source":"powiat wągrowiecki (wfs)"}},{"type":"Feature","id":"ST-WK-WA/WNIOSEK/11148/2026::302805_5.0015.774/9","geometry":{"type":"Polygon","coordinates":[[[17.0986311449011,52.6746312844848],[17.0987864795555,52.6745480747768],[17.0987903681047,52.6745099981257],[17.0988923306004,52.6744553216113],[17.0985873308311,52.6742529447819],[17.0983039967797,52.6744059107141],[17.0986311449011,52.6746312844848]]]},"properties":{"case_id":"ST-WK-WA/WNIOSEK/11148/2026","source_type":"wniosek_decyzja","received_date":"2026-06-11","decision_date":"2026-08-07","status":"decyzja wydana","description":"budowa budynku mieszkalnego jednorodzinnego","address":"Potrzanowo","city":"Potrzanowo","office":"Starosta Powiatu Wągrowiec","case_kind":"Budynek mieszkalny jednorodzinny","parcel_ids":["302805_5.0015.774/9"],"location_quality":"dokładny","gunb_url":"https://wyszukiwarka.gunb.gov.pl/","parcel_count":1,"parcel_shard":"x068-y210","parcel_id":"302805_5.0015.774/9","location_source":"powiat wągrowiecki (wfs)"}},{"type":"Feature","id":"ST-WK-WA/WNIOSEK/3308/2026::302805_5.0015.94/32","geometry":{"type":"Polygon","coordinates":[[[17.0984444730211,52.6611029511317],[17.0984652407399,52.6611065243047],[17.0988913196275,52.6611812141092],[17.0991141839762,52.6609025036029],[17.0986881111007,52.6608276348879],[17.0986673416467,52.6608241516136],[17.0984444730211,52.6611029511317]]]},"properties":{"case_id":"ST-WK-WA/WNIOSEK/3308/2026","source_type":"wniosek_decyzja","received_date":"2026-02-23","decision_date":"2026-04-24","status":"decyzja wydana","description":"budowa budynku mieszkalnego jednorodzinnego","address":"Potrzanowo","city":"Potrzanowo","office":"Starosta Powiatu Wągrowiec","case_kind":"Budynek mieszkalny jednorodzinny","parcel_ids":["302805_5.0015.94/32"],"location_quality":"dokładny","gunb_url":"https://wyszukiwarka.gunb.gov.pl/","parcel_count":1,"parcel_shard":"x068-y210","parcel_id":"302805_5.0015.94/32","location_source":"powiat wągrowiecki (wfs)"}},{"type":"Feature","id":"ST-WK-WA/ZGŁOSZENIE/2448/2026::302805_5.0015.94/67","geometry":{"type":"Polygon","coordinates":[[[17.0973850499211,52.6612353590619],[17.0964941632788,52.661079200934],[17.0956423129065,52.6609298048598],[17.0960960374442,52.6612403636789],[17.0968476647347,52.6614048104335],[17.097212603428,52.6614840732254],[17.0972404818766,52.6614438425807],[17.0973850499211,52.6612353590619]]]},"properties":{"case_id":"ST-WK-WA/ZGŁOSZENIE/2448/2026","source_type":"zgloszenie","received_date":"2026-07-27","decision_date":null,"status":"Brak sprzeciwu","description":"budowa budynku mieszkalnego jednorodzinnego wraz ze zbiornikiem b.o. na ścieki","address":"Potrzanowo","city":"Potrzanowo","office":"Starosta Powiatu Wągrowiec","case_kind":"budowa nowego/nowych obiektów budowlanych","parcel_ids":["302805_5.0015.94/67"],"location_quality":"dokładny","gunb_url":"https://wyszukiwarka.gunb.gov.pl/","parcel_count":1,"parcel_shard":"x068-y210","parcel_id":"302805_5.0015.94/67","location_source":"powiat wągrowiecki (wfs)"}},{"type":"Feature","id":"ST-WK-WA/WNIOSEK/5992/2026::302805_5.0019.132/3","geometry":{"type":"Polygon","coordinates":[[[17.1394239101265,52.620665572615],[17.1395697984352,52.6203146854659],[17.138978125577,52.620223531073],[17.1388990863852,52.6202484666381],[17.138700235524,52.6205565092554],[17.1394239101265,52.620665572615]]]},"properties":{"case_id":"ST-WK-WA/WNIOSEK/5992/2026","source_type":"wniosek_decyzja","received_date":"2025-11-26","decision_date":"2026-03-23","status":"decyzja wydana","description":"budowa muru oporowego wraz z niwelacja terenu","address":"Rejowiec","city":"Rejowiec","office":"Starosta Powiatu Wągrowiec","case_kind":"Obiekt budowlany inny niż budynek mieszkalny jednorodzinny","parcel_ids":["302805_5.0019.132/3"],"location_quality":"dokładny","gunb_url":"https://wyszukiwarka.gunb.gov.pl/","parcel_count":1,"parcel_shard":"x068-y210","parcel_id":"302805_5.0019.132/3","location_source":"powiat wągrowiecki (wfs)"}},{"type":"Feature","id":"ST-WK-WA/WNIOSEK/13574/2026::302805_5.0019.195/2","geometry":{"type":"Polygon","coordinates":[[[17.1768068836618,52.6137082452082],[17.1766798801933,52.6137646399149],[17.1770152902,52.6139954214359],[17.1776958528424,52.6144204761805],[17.1781875029834,52.6147224703022],[17.1789462248635,52.6152010709119],[17.1791880430132,52.6153532061669],[17.1799233967541,52.6158562960154],[17.1807095031524,52.6162996709446],[17.1809751709538,52.6162905038598],[17.1800848890134,52.6157652399371],[17.1793071260657,52.6152842446362],[17.1783095294858,52.6146518944802],[17.177154423174,52.6139121051367],[17.1768068836618,52.6137082452082]]]},"properties":{"case_id":"ST-WK-WA/WNIOSEK/13574/2026","source_type":"wniosek_decyzja","received_date":"2026-07-16","decision_date":"2026-08-17","status":"decyzja wydana","description":"budowa zbiornika 32000 m3 do magazynowania produktów naftowych I klasy wraz z infrastruktura towarzyszącą w bazie paliw nr 4 w Rejowcu","address":"Rejowiec","city":"Rejowiec","office":"Starosta Powiatu Wągrowiec","case_kind":"Obiekt budowlany inny niż budynek mieszkalny jednorodzinny","parcel_ids":["302805_5.0019.195/2","302805_5.0019.196/2","302805_5.0019.197/2","302805_5.0019.199"],"location_quality":"dokładny","gunb_url":"https://wyszukiwarka.gunb.gov.pl/","parcel_count":4,"parcel_shard":"x068-y210","parcel_id":"302805_5.0019.195/2","location_source":"powiat wągrowiecki (wfs)"}},{"type":"Feature","id":"ST-WK-WA/WNIOSEK/13574/2026::302805_5.0019.196/2","geometry":{"type":"Polygon","coordinates":[[[17.1799233967541,52.6158562960154],[17.1791880430132,52.6153532061669],[17.1789462248635,52.6152010709119],[17.1773075947451,52.6161321887041],[17.1779080429174,52.6165776901459],[17.1782367380821,52.6165450728503],[17.1807095031524,52.6162996709446],[17.1799233967541,52.6158562960154]]]},"properties":{"case_id":"ST-WK-WA/WNIOSEK/13574/2026","source_type":"wniosek_decyzja","received_date":"2026-07-16","decision_date":"2026-08-17","status":"decyzja wydana","description":"budowa zbiornika 32000 m3 do magazynowania produktów naftowych I klasy wraz z infrastruktura towarzyszącą w bazie paliw nr 4 w Rejowcu","address":"Rejowiec","city":"Rejowiec","office":"Starosta Powiatu Wągrowiec","case_kind":"Obiekt budowlany inny niż budynek mieszkalny jednorodzinny","parcel_ids":["302805_5.0019.195/2","302805_5.0019.196/2","302805_5.0019.197/2","302805_5.0019.199"],"location_quality":"dokładny","gunb_url":"https://wyszukiwarka.gunb.gov.pl/","parcel_count":4,"parcel_shard":"x068-y210","parcel_id":"302805_5.0019.196/2","location_source":"powiat wągrowiecki (wfs)"}},{"type":"Feature","id":"ST-WK-WA/WNIOSEK/13574/2026::302805_5.0019.197/2","geometry":{"type":"Polygon","coordinates":[[[17.1789462248635,52.6152010709119],[17.1781875029834,52.6147224703022],[17.1776958528424,52.6144204761805],[17.176153092415,52.6152807586399],[17.1773075947451,52.6161321887041],[17.1789462248635,52.6152010709119]]]},"properties":{"case_id":"ST-WK-WA/WNIOSEK/13574/2026","source_type":"wniosek_decyzja","received_date":"2026-07-16","decision_date":"2026-08-17","status":"decyzja wydana","description":"budowa zbiornika 32000 m3 do magazynowania produktów naftowych I klasy wraz z infrastruktura towarzyszącą w bazie paliw nr 4 w Rejowcu","address":"Rejowiec","city":"Rejowiec","office":"Starosta Powiatu Wągrowiec","case_kind":"Obiekt budowlany inny niż budynek mieszkalny jednorodzinny","parcel_ids":["302805_5.0019.195/2","302805_5.0019.196/2","302805_5.0019.197/2","302805_5.0019.199"],"location_quality":"dokładny","gunb_url":"https://wyszukiwarka.gunb.gov.pl/","parcel_count":4,"parcel_shard":"x068-y210","parcel_id":"302805_5.0019.197/2","location_source":"powiat wągrowiecki (wfs)"}},{"type":"Feature","id":"ST-WK-WA/WNIOSEK/13574/2026::302805_5.0019.199","geometry":{"type":"Polygon","coordinates":[[[17.1760646386456,52.6124406379841],[17.1761488445731,52.6124413286974],[17.176301914826,52.6124406095827],[17.1779905988911,52.6124400203747],[17.1799936102036,52.6124375296004],[17.18085092528,52.6124419646308],[17.1823723883009,52.6134552432237],[17.1834199070529,52.6139837239522],[17.1841966269673,52.6143686883464],[17.184433383327,52.6142804397342],[17.1846543970479,52.6141980582832],[17.1849780452613,52.6140774191843],[17.1838878130014,52.6128652444097],[17.1842874470476,52.6121267988691],[17.1844605044562,52.6120466605083],[17.1846961120454,52.6117973480443],[17.1848538204097,52.6116304642571],[17.1851421800025,52.6113238672059],[17.1841361502762,52.6107552444016],[17.1836186497635,52.6104608074276],[17.1832469871186,52.6102493424529],[17.1825573434995,52.6098581169752],[17.1826418376099,52.6092778673952],[17.182788316432,52.6083438447927],[17.1822762704556,52.6074459572545],[17.1812056819454,52.6072961314166],[17.1792521125491,52.6070294475686],[17.1791869288673,52.6070216451169],[17.1771450908366,52.6067772174887],[17.1764187310213,52.6072099779642],[17.1755018496065,52.6077549217484],[17.1740035863937,52.6086532771924],[17.1735159523146,52.6089307052037],[17.1733192467256,52.6099298843779],[17.1730998284422,52.6110361126365],[17.1740779225605,52.6114984621128],[17.1760646386456,52.6124406379841]]]},"properties":{"case_id":"ST-WK-WA/WNIOSEK/13574/2026","source_type":"wniosek_decyzja","received_date":"2026-07-16","decision_date":"2026-08-17","status":"decyzja wydana","description":"budowa zbiornika 32000 m3 do magazynowania produktów naftowych I klasy wraz z infrastruktura towarzyszącą w bazie paliw nr 4 w Rejowcu","address":"Rejowiec","city":"Rejowiec","office":"Starosta Powiatu Wągrowiec","case_kind":"Obiekt budowlany inny niż budynek mieszkalny jednorodzinny","parcel_ids":["302805_5.0019.195/2","302805_5.0019.196/2","302805_5.0019.197/2","302805_5.0019.199"],"location_quality":"dokładny","gunb_url":"https://wyszukiwarka.gunb.gov.pl/","parcel_count":4,"parcel_shard":"x068-y210","parcel_id":"302805_5.0019.199","location_source":"powiat wągrowiecki (wfs)"}},{"type":"Feature","id":"ST-WK-WA/WNIOSEK/1568/2026::302805_5.0019.199","geometry":{"type":"Polygon","coordinates":[[[17.1760646386456,52.6124406379841],[17.1761488445731,52.6124413286974],[17.176301914826,52.6124406095827],[17.1779905988911,52.6124400203747],[17.1799936102036,52.6124375296004],[17.18085092528,52.6124419646308],[17.1823723883009,52.6134552432237],[17.1834199070529,52.6139837239522],[17.1841966269673,52.6143686883464],[17.184433383327,52.6142804397342],[17.1846543970479,52.6141980582832],[17.1849780452613,52.6140774191843],[17.1838878130014,52.6128652444097],[17.1842874470476,52.6121267988691],[17.1844605044562,52.6120466605083],[17.1846961120454,52.6117973480443],[17.1848538204097,52.6116304642571],[17.1851421800025,52.6113238672059],[17.1841361502762,52.6107552444016],[17.1836186497635,52.6104608074276],[17.1832469871186,52.6102493424529],[17.1825573434995,52.6098581169752],[17.1826418376099,52.6092778673952],[17.182788316432,52.6083438447927],[17.1822762704556,52.6074459572545],[17.1812056819454,52.6072961314166],[17.1792521125491,52.6070294475686],[17.1791869288673,52.6070216451169],[17.1771450908366,52.6067772174887],[17.1764187310213,52.6072099779642],[17.1755018496065,52.6077549217484],[17.1740035863937,52.6086532771924],[17.1735159523146,52.6089307052037],[17.1733192467256,52.6099298843779],[17.1730998284422,52.6110361126365],[17.1740779225605,52.6114984621128],[17.1760646386456,52.6124406379841]]]},"properties":{"case_id":"ST-WK-WA/WNIOSEK/1568/2026","source_type":"wniosek_decyzja","received_date":"2026-01-28","decision_date":"2026-03-23","status":"decyzja wydana","description":"rozbudowa układu komunikacyjnego w Bazie Paliw nr 4 w Rejowcu","address":"Rejowiec","city":"Rejowiec","office":"Starosta Powiatu Wągrowiec","case_kind":"Obiekt budowlany inny niż budynek mieszkalny jednorodzinny","parcel_ids":["302805_5.0019.199"],"location_quality":"dokładny","gunb_url":"https://wyszukiwarka.gunb.gov.pl/","parcel_count":1,"parcel_shard":"x068-y210","parcel_id":"302805_5.0019.199","location_source":"powiat wągrowiecki (wfs)"}},{"type":"Feature","id":"ST-WK-WA/WNIOSEK/6314/2026::302805_5.0019.199","geometry":{"type":"Polygon","coordinates":[[[17.1760646386456,52.6124406379841],[17.1761488445731,52.6124413286974],[17.176301914826,52.6124406095827],[17.1779905988911,52.6124400203747],[17.1799936102036,52.6124375296004],[17.18085092528,52.6124419646308],[17.1823723883009,52.6134552432237],[17.1834199070529,52.6139837239522],[17.1841966269673,52.6143686883464],[17.184433383327,52.6142804397342],[17.1846543970479,52.6141980582832],[17.1849780452613,52.6140774191843],[17.1838878130014,52.6128652444097],[17.1842874470476,52.6121267988691],[17.1844605044562,52.6120466605083],[17.1846961120454,52.6117973480443],[17.1848538204097,52.6116304642571],[17.1851421800025,52.6113238672059],[17.1841361502762,52.6107552444016],[17.1836186497635,52.6104608074276],[17.1832469871186,52.6102493424529],[17.1825573434995,52.6098581169752],[17.1826418376099,52.6092778673952],[17.182788316432,52.6083438447927],[17.1822762704556,52.6074459572545],[17.1812056819454,52.6072961314166],[17.1792521125491,52.6070294475686],[17.1791869288673,52.6070216451169],[17.1771450908366,52.6067772174887],[17.1764187310213,52.6072099779642],[17.1755018496065,52.6077549217484],[17.1740035863937,52.6086532771924],[17.1735159523146,52.6089307052037],[17.1733192467256,52.6099298843779],[17.1730998284422,52.6110361126365],[17.1740779225605,52.6114984621128],[17.1760646386456,52.6124406379841]]]},"properties":{"case_id":"ST-WK-WA/WNIOSEK/6314/2026","source_type":"wniosek_decyzja","received_date":"2026-04-02","decision_date":"2026-05-13","status":"decyzja wydana","description":"rozbudowa sieci wody i wodnego roztworu środka pianotwórczego w Bazie Paliw nr 4 w Rejowcu","address":"Rejowiec","city":"Rejowiec","office":"Starosta Powiatu Wągrowiec","case_kind":"Obiekt budowlany inny niż budynek mieszkalny jednorodzinny","parcel_ids":["302805_5.0019.199"],"location_quality":"dokładny","gunb_url":"https://wyszukiwarka.gunb.gov.pl/","parcel_count":1,"parcel_shard":"x068-y210","parcel_id":"302805_5.0019.199","location_source":"powiat wągrowiecki (wfs)"}},{"type":"Feature","id":"ST-WK-WA/WNIOSEK/11392/2026::302805_5.0021.1/56","geometry":{"type":"Polygon","coordinates":[[[17.1279151471396,52.6989095332746],[17.1287321338687,52.6989525586837],[17.1279950162773,52.6983655466783],[17.1275358508215,52.6986075297108],[17.1275930521903,52.6986530756887],[17.1279151471396,52.6989095332746]]]},"properties":{"case_id":"ST-WK-WA/WNIOSEK/11392/2026","source_type":"wniosek_decyzja","received_date":"2026-06-15","decision_date":"2026-08-07","status":"decyzja wydana","description":"budynek mieszkalny jednorodzinny","address":"Rościnno","city":"Rościnno","office":"Starosta Powiatu Wągrowiec","case_kind":"Budynek mieszkalny jednorodzinny","parcel_ids":["302805_5.0021.1/56"],"location_quality":"dokładny","gunb_url":"https://wyszukiwarka.gunb.gov.pl/","parcel_count":1,"parcel_shard":"x068-y210","parcel_id":"302805_5.0021.1/56","location_source":"powiat wągrowiecki (wfs)"}},{"type":"Feature","id":"ST-WK-WA/WNIOSEK/7891/2026::302805_5.0021.157","geometry":{"type":"Polygon","coordinates":[[[17.1398680149893,52.6891926979689],[17.140296127742,52.6889402954781],[17.1420627033085,52.6878455030361],[17.1430329088359,52.6872270069449],[17.1430463639899,52.6872347433926],[17.1435627704414,52.6869048680247],[17.1450150537527,52.6861660829923],[17.1458301213753,52.6856445859356],[17.1453011851405,52.6855400918079],[17.1448273138332,52.6851834609136],[17.1442456773502,52.6845489750039],[17.1449591682485,52.6843669242653],[17.1451078911785,52.6843769028451],[17.1452521793533,52.684413317619],[17.1459271462878,52.6846726200272],[17.1459454119563,52.6837350825019],[17.1459169909191,52.6837171868136],[17.140975896559,52.6836495637361],[17.1409730945523,52.6854078898798],[17.1400438720548,52.6856419900989],[17.1397891026943,52.6856974595286],[17.1394768578808,52.6855394597807],[17.1391928415269,52.6854400098577],[17.1389022805658,52.6853741053729],[17.138398315103,52.6853593150197],[17.1382864920152,52.6848514593723],[17.1380782416296,52.6849460512101],[17.1378398319684,52.6850628127648],[17.1374320305856,52.6852226116102],[17.1370328779599,52.6853771480397],[17.1369124162288,52.6854561678133],[17.1368645211698,52.6855152672793],[17.1368176086616,52.68566764166],[17.1369218652873,52.6859691644332],[17.1369803559131,52.6861481301797],[17.1369606868589,52.6862921515228],[17.1368193169036,52.6864952121822],[17.1365669315855,52.6868376360535],[17.1364100189188,52.6870384018852],[17.1361824612529,52.6872686331547],[17.1358893034373,52.6874739608874],[17.1357826542379,52.6875159345751],[17.136873801679,52.6878585176943],[17.1381117270743,52.6881065087928],[17.1385616514152,52.6879658046836],[17.1391135069095,52.6883310552976],[17.1388077225801,52.6885073276376],[17.1393064693432,52.6888572980374],[17.1398680149893,52.6891926979689]]]},"properties":{"case_id":"ST-WK-WA/WNIOSEK/7891/2026","source_type":"wniosek_decyzja","received_date":"2026-04-24","decision_date":"2026-05-15","status":"decyzja wydana","description":"przebudowa istniejących ciągów pieszych w załozeniu parkowo-pałacowym na ściezki edukacyjne oraz budowa wiaty - zatwierdzernie projektu zamiennego","address":"Rościnno","city":"Rościnno","office":"Starosta Powiatu Wągrowiec","case_kind":"Obiekt budowlany inny niż budynek mieszkalny jednorodzinny","parcel_ids":["302805_5.0021.157"],"location_quality":"dokładny","gunb_url":"https://wyszukiwarka.gunb.gov.pl/","parcel_count":1,"parcel_shard":"x068-y210","parcel_id":"302805_5.0021.157","location_source":"powiat wągrowiecki (wfs)"}},{"type":"Feature","id":"ST-WK-WA/WNIOSEK/26260/2025::302805_5.0021.17/5","geometry":{"type":"Polygon","coordinates":[[[17.1376023260458,52.6905932594813],[17.1374559074972,52.6906600764085],[17.1377349452801,52.6908813673492],[17.137891993829,52.6908079152535],[17.1376023260458,52.6905932594813]]]},"properties":{"case_id":"ST-WK-WA/WNIOSEK/26260/2025","source_type":"wniosek_decyzja","received_date":"2025-12-23","decision_date":"2026-03-17","status":"decyzja wydana","description":"budynek mieszkalny jednorodzinny w zabudowie wolnostojącej","address":"Rościnno","city":"Rościnno","office":"Starosta Powiatu Wągrowiec","case_kind":"Budynek mieszkalny jednorodzinny","parcel_ids":["302805_5.0021.17/5"],"location_quality":"dokładny","gunb_url":"https://wyszukiwarka.gunb.gov.pl/","parcel_count":1,"parcel_shard":"x068-y210","parcel_id":"302805_5.0021.17/5","location_source":"powiat wągrowiecki (wfs)"}},{"type":"Feature","id":"ST-WK-WA/WNIOSEK/10431/2026::302805_5.0021.23/3","geometry":{"type":"Polygon","coordinates":[[[17.1399613087293,52.6895858488052],[17.1397447791122,52.6897210638929],[17.1400079918021,52.6899139777424],[17.140430180738,52.6902405566976],[17.1413700219467,52.6898015993716],[17.1409489222179,52.6894629640525],[17.1405133336353,52.6896968009129],[17.1402964328567,52.6898133207976],[17.1399613087293,52.6895858488052]]]},"properties":{"case_id":"ST-WK-WA/WNIOSEK/10431/2026","source_type":"wniosek_decyzja","received_date":"2026-06-01","decision_date":"2026-07-27","status":"decyzja wydana","description":"budowa wiaty rekreacyjnej w Rościnnie","address":"Rościnno","city":"Rościnno","office":"Starosta Powiatu Wągrowiec","case_kind":"Obiekt budowlany inny niż budynek mieszkalny jednorodzinny","parcel_ids":["302805_5.0021.23/3"],"location_quality":"dokładny","gunb_url":"https://wyszukiwarka.gunb.gov.pl/","parcel_count":1,"parcel_shard":"x068-y210","parcel_id":"302805_5.0021.23/3","location_source":"powiat wągrowiecki (wfs)"}},{"type":"Feature","id":"ST-WK-WA/WNIOSEK/21752/2025::302805_5.0021.23/3","geometry":{"type":"Polygon","coordinates":[[[17.1399613087293,52.6895858488052],[17.1397447791122,52.6897210638929],[17.1400079918021,52.6899139777424],[17.140430180738,52.6902405566976],[17.1413700219467,52.6898015993716],[17.1409489222179,52.6894629640525],[17.1405133336353,52.6896968009129],[17.1402964328567,52.6898133207976],[17.1399613087293,52.6895858488052]]]},"properties":{"case_id":"ST-WK-WA/WNIOSEK/21752/2025","source_type":"wniosek_decyzja","received_date":"2025-10-23","decision_date":"2026-04-10","status":"decyzja wydana","description":"budowa wiaty rekreacyjnej","address":"Rościnno","city":"Rościnno","office":"Starosta Powiatu Wągrowiec","case_kind":"Obiekt budowlany inny niż budynek mieszkalny jednorodzinny","parcel_ids":["302805_5.0021.23/3"],"location_quality":"dokładny","gunb_url":"https://wyszukiwarka.gunb.gov.pl/","parcel_count":1,"parcel_shard":"x068-y210","parcel_id":"302805_5.0021.23/3","location_source":"powiat wągrowiecki (wfs)"}},{"type":"Feature","id":"ST-WK-WA/WNIOSEK/4962/2026::302805_5.0021.274/74","geometry":{"type":"Polygon","coordinates":[[[17.1406413501998,52.681903157854],[17.1406225035987,52.6821174576644],[17.1408168733047,52.6821372905877],[17.140939691138,52.6822690354974],[17.1411250803247,52.682369778193],[17.1415760039794,52.6823756508838],[17.1415883462259,52.6820252364688],[17.1411226420029,52.6820191668462],[17.1406413501998,52.681903157854]]]},"properties":{"case_id":"ST-WK-WA/WNIOSEK/4962/2026","source_type":"wniosek_decyzja","received_date":"2026-03-17","decision_date":"2026-06-29","status":"decyzja wydana","description":"budynek mieszkalny jednorodzinny","address":"Rościnno","city":"Rościnno","office":"Starosta Powiatu Wągrowiec","case_kind":"Budynek mieszkalny jednorodzinny","parcel_ids":["302805_5.0021.274/74"],"location_quality":"dokładny","gunb_url":"https://wyszukiwarka.gunb.gov.pl/","parcel_count":1,"parcel_shard":"x068-y210","parcel_id":"302805_5.0021.274/74","location_source":"powiat wągrowiecki (wfs)"}},{"type":"Feature","id":"ST-WK-WA/WNIOSEK/24507/2025::302805_5.0022.2/19","geometry":{"type":"Polygon","coordinates":[[[17.1328275166685,52.608183278803],[17.1327487370196,52.6078823104104],[17.130862684481,52.6081319968696],[17.1310697340638,52.6084373981077],[17.1328275166685,52.608183278803]]]},"properties":{"case_id":"ST-WK-WA/WNIOSEK/24507/2025","source_type":"wniosek_decyzja","received_date":"2025-12-01","decision_date":"2026-03-02","status":"decyzja wydana","description":"budowa zespołu czterech budynków rekreacji indywidualnej wraz ze szczelnym zbiornikiem bezodpływowym i niezbędna infrastrukturą","address":"Sławica","city":"Sławica","office":"Starosta Powiatu Wągrowiec","case_kind":"Obiekt budowlany inny niż budynek mieszkalny jednorodzinny","parcel_ids":["302805_5.0022.2/19"],"location_quality":"dokładny","gunb_url":"https://wyszukiwarka.gunb.gov.pl/","parcel_count":1,"parcel_shard":"x068-y210","parcel_id":"302805_5.0022.2/19","location_source":"powiat wągrowiecki (wfs)"}},{"type":"Feature","id":"ST-WK-WA/WNIOSEK/20968/2025::302805_5.0022.65/1","geometry":{"type":"Polygon","coordinates":[[[17.1393380633399,52.6284674190293],[17.1396605213074,52.6283680241982],[17.1393773853535,52.6282890213791],[17.1391218803022,52.628193404802],[17.1388440845875,52.6280709119525],[17.1386012410456,52.6279292279502],[17.1382669158139,52.6278102802529],[17.1376948376013,52.6276536130037],[17.1358596657213,52.6281784098988],[17.1369080977989,52.6285053733252],[17.1378923193737,52.6288461500849],[17.1380373563532,52.6288539459055],[17.1382810885997,52.6287398718715],[17.138714385578,52.6286224122823],[17.1387375337836,52.6285793513679],[17.1387114302189,52.62854725648],[17.1388769465932,52.6284974114398],[17.1388979996745,52.628523448053],[17.1389622972428,52.6285360482991],[17.1391307580521,52.6284866736722],[17.1393380633399,52.6284674190293]]]},"properties":{"case_id":"ST-WK-WA/WNIOSEK/20968/2025","source_type":"wniosek_decyzja","received_date":"2025-10-14","decision_date":"2025-12-02","status":"decyzja wydana","description":"budowa wiaty rekreacyjnej","address":"Dzwonowska, Sławica","city":"Sławica","office":"Starosta Powiatu Wągrowiec","case_kind":"Obiekt budowlany inny niż budynek mieszkalny jednorodzinny","parcel_ids":["302805_5.0022.65/1"],"location_quality":"dokładny","gunb_url":"https://wyszukiwarka.gunb.gov.pl/","parcel_count":1,"parcel_shard":"x068-y210","parcel_id":"302805_5.0022.65/1","location_source":"powiat wągrowiecki (wfs)"}},{"type":"Feature","id":"ST-WK-WA/WNIOSEK/24487/2025::302805_5.0023.1/1","geometry":{"type":"Polygon","coordinates":[[[17.2062450951974,52.619360763066],[17.2060079658715,52.6194981687022],[17.2064965168904,52.6198068654982],[17.206702517218,52.6196963818567],[17.2063756697197,52.6194853770424],[17.2064118826118,52.6194636442591],[17.2062450951974,52.619360763066]]]},"properties":{"case_id":"ST-WK-WA/WNIOSEK/24487/2025","source_type":"wniosek_decyzja","received_date":"2025-12-02","decision_date":"2026-02-03","status":"decyzja wydana","description":"przebudowa budynku świetlicy wraz z przyległym otoczeniem","address":"Stawiany","city":"Stawiany","office":"Starosta Powiatu Wągrowiec","case_kind":"Obiekt budowlany inny niż budynek mieszkalny jednorodzinny","parcel_ids":["302805_5.0023.1/1"],"location_quality":"dokładny","gunb_url":"https://wyszukiwarka.gunb.gov.pl/","parcel_count":1,"parcel_shard":"x068-y210","parcel_id":"302805_5.0023.1/1","location_source":"powiat wągrowiecki (wfs)"}},{"type":"Feature","id":"ST-WK-WA/WNIOSEK/5062/2026::302805_5.0023.11/15","geometry":{"type":"Polygon","coordinates":[[[17.1971822027133,52.6077725815224],[17.1979378675961,52.6076945676505],[17.1978669277925,52.6074321957675],[17.1971091925466,52.6075106445123],[17.1971822027133,52.6077725815224]]]},"properties":{"case_id":"ST-WK-WA/WNIOSEK/5062/2026","source_type":"wniosek_decyzja","received_date":"2026-03-18","decision_date":"2026-05-18","status":"decyzja wydana","description":"budynek mieszkalny jednorodzinny","address":"Stawiany","city":"Stawiany","office":"Starosta Powiatu Wągrowiec","case_kind":"Budynek mieszkalny jednorodzinny","parcel_ids":["302805_5.0023.11/15"],"location_quality":"dokładny","gunb_url":"https://wyszukiwarka.gunb.gov.pl/","parcel_count":1,"parcel_shard":"x068-y210","parcel_id":"302805_5.0023.11/15","location_source":"powiat wągrowiecki (wfs)"}},{"type":"Feature","id":"ST-WK-WA/WNIOSEK/19402/2025::302805_5.0023.289","geometry":{"type":"Polygon","coordinates":[[[17.176301914826,52.6124406095827],[17.176433685672,52.6129771573634],[17.176571796682,52.6134349460219],[17.1768068836618,52.6137082452082],[17.177154423174,52.6139121051367],[17.1783095294858,52.6146518944802],[17.1793071260657,52.6152842446362],[17.1800848890134,52.6157652399371],[17.1809751709538,52.6162905038598],[17.181352300213,52.616412511225],[17.1829615649245,52.6160324936361],[17.1831947642014,52.6159586684343],[17.184543742173,52.6153916340312],[17.1835874558235,52.6147263292191],[17.1841966269673,52.6143686883464],[17.1834199070529,52.6139837239522],[17.1823723883009,52.6134552432237],[17.18085092528,52.6124419646308],[17.1799936102036,52.6124375296004],[17.1779905988911,52.6124400203747],[17.176301914826,52.6124406095827]]]},"properties":{"case_id":"ST-WK-WA/WNIOSEK/19402/2025","source_type":"wniosek_decyzja","received_date":"2025-09-23","decision_date":"2025-10-23","status":"decyzja wydana","description":"wykonanie betonowej Tacy na węźle technologicznym przy zbiorniku 35 w Bazie paliw nr 4 w Rejowcu","address":"Stawiany","city":"Stawiany","office":"Starosta Powiatu Wągrowiec","case_kind":"Obiekt budowlany inny niż budynek mieszkalny jednorodzinny","parcel_ids":["302805_5.0023.289"],"location_quality":"dokładny","gunb_url":"https://wyszukiwarka.gunb.gov.pl/","parcel_count":1,"parcel_shard":"x068-y210","parcel_id":"302805_5.0023.289","location_source":"powiat wągrowiecki (wfs)"}},{"type":"Feature","id":"ST-WK-WA/WNIOSEK/11154/2026::302805_5.0023.32/8","geometry":{"type":"Polygon","coordinates":[[[17.2001045986748,52.6037905521682],[17.2000718263617,52.6038230448343],[17.2001755489185,52.604085187537],[17.2006336309293,52.6040188974568],[17.2005209405904,52.6037302717956],[17.2001045986748,52.6037905521682]]]},"properties":{"case_id":"ST-WK-WA/WNIOSEK/11154/2026","source_type":"wniosek_decyzja","received_date":"2026-06-11","decision_date":"2026-08-13","status":"decyzja wydana","description":"budowa budynku mieszkalnego jednorodzinnego","address":"Stawiany","city":"Stawiany","office":"Starosta Powiatu Wągrowiec","case_kind":"Budynek mieszkalny jednorodzinny","parcel_ids":["302805_5.0023.32/8"],"location_quality":"dokładny","gunb_url":"https://wyszukiwarka.gunb.gov.pl/","parcel_count":1,"parcel_shard":"x068-y210","parcel_id":"302805_5.0023.32/8","location_source":"powiat wągrowiecki (wfs)"}},{"type":"Feature","id":"ST-WK-WA/WNIOSEK/25909/2025::302805_5.0023.4/17","geometry":{"type":"Polygon","coordinates":[[[17.206985677047,52.6181038362936],[17.20592896948,52.616578548349],[17.2053044265955,52.6156925339715],[17.2047400710002,52.6149960424595],[17.2042066075704,52.6143679411061],[17.2037875472163,52.6138809574853],[17.2032828508353,52.6132877964998],[17.2013578302232,52.6133418826435],[17.2016760057695,52.6137358025397],[17.2014812794569,52.6143336016122],[17.1998720583029,52.6146985669227],[17.1993907787368,52.6146739921511],[17.1987981348446,52.61438350372],[17.197824030877,52.614380439884],[17.1970737264103,52.6141448119532],[17.1962821636377,52.6149519425455],[17.1955662884033,52.6152004776629],[17.1948388697071,52.6153149156575],[17.1938176178639,52.6156903688693],[17.1931946125602,52.6156112922713],[17.1932571404813,52.6160634127699],[17.193281914228,52.6162425413389],[17.1940700796541,52.617050059266],[17.1942273744582,52.6174990642266],[17.1949534441998,52.6173133413841],[17.195263508003,52.6181206974102],[17.1948671277964,52.6182778985589],[17.1949781217854,52.6196521333137],[17.1939407704785,52.6203041030771],[17.1928899726456,52.6205760839555],[17.1912075015533,52.6203245990338],[17.1901320423891,52.6205363499985],[17.1890924992033,52.6206377733852],[17.1891636847607,52.6208833478984],[17.1878073417909,52.621245584407],[17.1880433748544,52.6216698909026],[17.1882450084755,52.6221052126199],[17.1889494110908,52.6222545317027],[17.1888930931446,52.6233313013866],[17.1888330371783,52.6243454075679],[17.188780958167,52.6243655125102],[17.1887639250369,52.6245922026974],[17.1887076136758,52.6253416435351],[17.2002980131489,52.6223142645359],[17.2005217313594,52.6222221444585],[17.2011189192326,52.6219546439136],[17.2013477675781,52.621820278869],[17.202345511166,52.6213116387268],[17.2018527627041,52.6209613283831],[17.2021588351606,52.6207736360503],[17.2026846077799,52.621135656639],[17.2037762104261,52.6205704888918],[17.2037850681073,52.6205088835097],[17.2032247849257,52.6200305373469],[17.2032015811123,52.6200167097237],[17.2023658778539,52.6195614259861],[17.2022058650568,52.6194439488754],[17.2011599095478,52.6190391134181],[17.2009868250214,52.6191862013985],[17.2008640601482,52.6192932503864],[17.2003556313687,52.6190597557813],[17.2004552344594,52.6189669206741],[17.2008356917657,52.6185763354407],[17.2010024817158,52.6185943801312],[17.2010625922698,52.6188910679376],[17.2012024464846,52.6190027041565],[17.2014389343941,52.6190942281656],[17.2018272351067,52.6187056721723],[17.2014015426683,52.6185740048797],[17.2014944426007,52.6178850429115],[17.2037310961236,52.6177295812281],[17.2042560870866,52.6179034888256],[17.2051624782372,52.6187108520796],[17.2065692578238,52.6180803580061],[17.2068626315158,52.6182838729301],[17.2069837753723,52.6182151128077],[17.206918985047,52.6181205829501],[17.206985677047,52.6181038362936]]]},"properties":{"case_id":"ST-WK-WA/WNIOSEK/25909/2025","source_type":"wniosek_decyzja","received_date":"2025-12-22","decision_date":"2026-01-30","status":"decyzja wydana","description":"remont wybranych elementów budynku spichlerza","address":"Stawiany","city":"Stawiany","office":"Starosta Powiatu Wągrowiec","case_kind":"Obiekt budowlany inny niż budynek mieszkalny jednorodzinny","parcel_ids":["302805_5.0023.4/17"],"location_quality":"dokładny","gunb_url":"https://wyszukiwarka.gunb.gov.pl/","parcel_count":1,"parcel_shard":"x068-y210","parcel_id":"302805_5.0023.4/17","location_source":"powiat wągrowiecki (wfs)"}},{"type":"Feature","id":"ST-WK-WA/ZGŁOSZENIE/278/2026::302805_5.0023.51","geometry":{"type":"Polygon","coordinates":[[[17.1846113044965,52.5802279795735],[17.1845062710428,52.5804372515926],[17.1870311502731,52.5822128391673],[17.1871605504496,52.5822826624878],[17.1877230397568,52.5826883089486],[17.1882994156383,52.5830922001256],[17.1888542431388,52.5834810217697],[17.1894375356143,52.5838870217703],[17.1901449959414,52.584385449573],[17.19021484027,52.5844324501129],[17.1906507773772,52.5847262536761],[17.1912229577034,52.5852371470627],[17.191481967126,52.5855547265004],[17.191952128443,52.5860898786405],[17.1929686085276,52.5872763163532],[17.1935522560907,52.5879191375239],[17.1935800945217,52.5879597317161],[17.1948493386639,52.5893999214443],[17.1957672922223,52.5904169879925],[17.1965450451899,52.5912799508843],[17.1977948493891,52.5927076002142],[17.197894054067,52.5925994737591],[17.1966772446563,52.5912336574483],[17.196324700449,52.5908374985375],[17.1950518820468,52.5894194225171],[17.1936701048097,52.5878523420034],[17.1926393736003,52.5866397192436],[17.1916629580639,52.5854987528021],[17.1908466274961,52.5846289625673],[17.1903775086713,52.5842738273533],[17.1887399337329,52.5831510771391],[17.1871059439717,52.5819996169459],[17.1859078955264,52.5811534592853],[17.1846113044965,52.5802279795735]]]},"properties":{"case_id":"ST-WK-WA/ZGŁOSZENIE/278/2026","source_type":"zgloszenie","received_date":"2026-01-30","decision_date":null,"status":"Brak sprzeciwu","description":"budowa sieci elektroenergetycznej SN15kV oraz nn 0,4kV","address":"Stawiany","city":"Stawiany","office":"Starosta Powiatu Wągrowiec","case_kind":"budowa nowego/nowych obiektów budowlanych","parcel_ids":["302805_5.0023.51","302805_5.0023.52","302805_5.0023.55","302805_5.0023.57","302805_5.0023.9101/4","302805_5.0023.9102/2","302805_5.0023.9120"],"location_quality":"dokładny","gunb_url":"https://wyszukiwarka.gunb.gov.pl/","parcel_count":7,"parcel_shard":"x068-y210","parcel_id":"302805_5.0023.51","location_source":"powiat wągrowiecki (wfs)"}},{"type":"Feature","id":"ST-WK-WA/ZGŁOSZENIE/278/2026::302805_5.0023.52","geometry":{"type":"Polygon","coordinates":[[[17.1894375356143,52.5838870217703],[17.1876128013903,52.5847164574769],[17.1854195265476,52.5857144507642],[17.1852230981991,52.5858036924389],[17.1853283486867,52.5858888980217],[17.1858615462959,52.5862963944374],[17.1867412275893,52.5859032823634],[17.187594355879,52.5855225001998],[17.1884463885599,52.585142878441],[17.189300446433,52.5847624977724],[17.1901449959414,52.584385449573],[17.1894375356143,52.5838870217703]]]},"properties":{"case_id":"ST-WK-WA/ZGŁOSZENIE/278/2026","source_type":"zgloszenie","received_date":"2026-01-30","decision_date":null,"status":"Brak sprzeciwu","description":"budowa sieci elektroenergetycznej SN15kV oraz nn 0,4kV","address":"Stawiany","city":"Stawiany","office":"Starosta Powiatu Wągrowiec","case_kind":"budowa nowego/nowych obiektów budowlanych","parcel_ids":["302805_5.0023.51","302805_5.0023.52","302805_5.0023.55","302805_5.0023.57","302805_5.0023.9101/4","302805_5.0023.9102/2","302805_5.0023.9120"],"location_quality":"dokładny","gunb_url":"https://wyszukiwarka.gunb.gov.pl/","parcel_count":7,"parcel_shard":"x068-y210","parcel_id":"302805_5.0023.52","location_source":"powiat wągrowiecki (wfs)"}},{"type":"Feature","id":"ST-WK-WA/ZGŁOSZENIE/278/2026::302805_5.0023.55","geometry":{"type":"Polygon","coordinates":[[[17.1882994156383,52.5830922001256],[17.1877230397568,52.5826883089486],[17.1836794034582,52.5845546225852],[17.1838368926855,52.5846801742727],[17.1841771563204,52.5849569791108],[17.186378367833,52.5839601417512],[17.1882994156383,52.5830922001256]]]},"properties":{"case_id":"ST-WK-WA/ZGŁOSZENIE/278/2026","source_type":"zgloszenie","received_date":"2026-01-30","decision_date":null,"status":"Brak sprzeciwu","description":"budowa sieci elektroenergetycznej SN15kV oraz nn 0,4kV","address":"Stawiany","city":"Stawiany","office":"Starosta Powiatu Wągrowiec","case_kind":"budowa nowego/nowych obiektów budowlanych","parcel_ids":["302805_5.0023.51","302805_5.0023.52","302805_5.0023.55","302805_5.0023.57","302805_5.0023.9101/4","302805_5.0023.9102/2","302805_5.0023.9120"],"location_quality":"dokładny","gunb_url":"https://wyszukiwarka.gunb.gov.pl/","parcel_count":7,"parcel_shard":"x068-y210","parcel_id":"302805_5.0023.55","location_source":"powiat wągrowiecki (wfs)"}},{"type":"Feature","id":"ST-WK-WA/ZGŁOSZENIE/278/2026::302805_5.0023.57","geometry":{"type":"Polygon","coordinates":[[[17.1871605504496,52.5822826624878],[17.1870311502731,52.5822128391673],[17.1826547804178,52.5841911605793],[17.182754481717,52.5842770189208],[17.183118771832,52.5841150236781],[17.1871605504496,52.5822826624878]]]},"properties":{"case_id":"ST-WK-WA/ZGŁOSZENIE/278/2026","source_type":"zgloszenie","received_date":"2026-01-30","decision_date":null,"status":"Brak sprzeciwu","description":"budowa sieci elektroenergetycznej SN15kV oraz nn 0,4kV","address":"Stawiany","city":"Stawiany","office":"Starosta Powiatu Wągrowiec","case_kind":"budowa nowego/nowych obiektów budowlanych","parcel_ids":["302805_5.0023.51","302805_5.0023.52","302805_5.0023.55","302805_5.0023.57","302805_5.0023.9101/4","302805_5.0023.9102/2","302805_5.0023.9120"],"location_quality":"dokładny","gunb_url":"https://wyszukiwarka.gunb.gov.pl/","parcel_count":7,"parcel_shard":"x068-y210","parcel_id":"302805_5.0023.57","location_source":"powiat wągrowiecki (wfs)"}},{"type":"Feature","id":"ST-WK-WA/ZGŁOSZENIE/278/2026::302805_5.0023.9101/4","geometry":{"type":"Polygon","coordinates":[[[17.1838368926855,52.5846801742727],[17.1836794034582,52.5845546225852],[17.183118771832,52.5841150236781],[17.182754481717,52.5842770189208],[17.1821483882301,52.5844495586194],[17.1800268812644,52.5853700682321],[17.1801658766302,52.5863487533271],[17.1808918377149,52.5868185058309],[17.181071700433,52.5869321528575],[17.1807964124359,52.5870922319986],[17.1810426838732,52.5872317501888],[17.1807633759556,52.5874017329818],[17.1804991267138,52.5872515954032],[17.1802984530673,52.5871375868485],[17.1796612369281,52.5867756661624],[17.1796334002385,52.5867160157875],[17.1795331942959,52.5866732066021],[17.17915929291,52.5867461534586],[17.1785948301777,52.5869889548606],[17.1771447185992,52.5882247674417],[17.1775017130876,52.5883263636586],[17.1782045385929,52.5885250646639],[17.1766750145975,52.5914262361165],[17.1771309639213,52.5914928166312],[17.1777643411112,52.5915859260772],[17.1777402793191,52.5916752065457],[17.1804838715295,52.5921128125944],[17.1838368926855,52.5846801742727]]]},"properties":{"case_id":"ST-WK-WA/ZGŁOSZENIE/278/2026","source_type":"zgloszenie","received_date":"2026-01-30","decision_date":null,"status":"Brak sprzeciwu","description":"budowa sieci elektroenergetycznej SN15kV oraz nn 0,4kV","address":"Stawiany","city":"Stawiany","office":"Starosta Powiatu Wągrowiec","case_kind":"budowa nowego/nowych obiektów budowlanych","parcel_ids":["302805_5.0023.51","302805_5.0023.52","302805_5.0023.55","302805_5.0023.57","302805_5.0023.9101/4","302805_5.0023.9102/2","302805_5.0023.9120"],"location_quality":"dokładny","gunb_url":"https://wyszukiwarka.gunb.gov.pl/","parcel_count":7,"parcel_shard":"x068-y210","parcel_id":"302805_5.0023.9101/4","location_source":"powiat wągrowiecki (wfs)"}},{"type":"Feature","id":"ST-WK-WA/ZGŁOSZENIE/278/2026::302805_5.0023.9102/2","geometry":{"type":"Polygon","coordinates":[[[17.1694643437357,52.584234041208],[17.169454190654,52.5843466962684],[17.1694362442874,52.5845458214078],[17.1694575155559,52.5850030682998],[17.1695458616806,52.5854199331641],[17.1696214525557,52.5859734756187],[17.1695927663914,52.5861009671969],[17.1695306989514,52.5862110681189],[17.1692699904895,52.5865626346855],[17.1689638145053,52.5868924110685],[17.1680488889096,52.5879244886498],[17.1694969163618,52.5883230874633],[17.1710893181326,52.5887514387291],[17.1714742630294,52.5888638685226],[17.1729614704148,52.5892911914563],[17.1736276580052,52.5894897175748],[17.1753041752886,52.5889932423708],[17.1753601964322,52.5890676675805],[17.1758158696272,52.5889122328288],[17.1767737053025,52.5885144408134],[17.1771447185992,52.5882247674417],[17.1785948301777,52.5869889548606],[17.17915929291,52.5867461534586],[17.1795331942959,52.5866732066021],[17.1796334002385,52.5867160157875],[17.1797208075485,52.5866559646787],[17.1799699872689,52.5864838656662],[17.1801658766302,52.5863487533271],[17.1800268812644,52.5853700682321],[17.1799165331503,52.5853349815368],[17.1793469476575,52.5848638825728],[17.1785768126139,52.5850171501621],[17.1776873788851,52.5849183808951],[17.1775043772732,52.5855828421222],[17.1726357717264,52.584760334277],[17.1694643437357,52.584234041208]],[[17.1790507047703,52.5864878678004],[17.1788074991264,52.5865248528476],[17.1787185973694,52.5863128488708],[17.1789553135375,52.5862762510955],[17.1790507047703,52.5864878678004]],[[17.1794771354678,52.5866523282172],[17.17914456932,52.5865276441281],[17.178950588118,52.5860957062195],[17.1792756603713,52.5860433630259],[17.1792569641641,52.5858027491498],[17.1792106386106,52.585687722527],[17.1800247634168,52.5855613937815],[17.1799740723615,52.5857730927756],[17.1800374454284,52.5861645113172],[17.1799881775614,52.5863203000566],[17.1796259484887,52.5866196084026],[17.1794771354678,52.5866523282172]]]},"properties":{"case_id":"ST-WK-WA/ZGŁOSZENIE/278/2026","source_type":"zgloszenie","received_date":"2026-01-30","decision_date":null,"status":"Brak sprzeciwu","description":"budowa sieci elektroenergetycznej SN15kV oraz nn 0,4kV","address":"Stawiany","city":"Stawiany","office":"Starosta Powiatu Wągrowiec","case_kind":"budowa nowego/nowych obiektów budowlanych","parcel_ids":["302805_5.0023.51","302805_5.0023.52","302805_5.0023.55","302805_5.0023.57","302805_5.0023.9101/4","302805_5.0023.9102/2","302805_5.0023.9120"],"location_quality":"dokładny","gunb_url":"https://wyszukiwarka.gunb.gov.pl/","parcel_count":7,"parcel_shard":"x068-y210","parcel_id":"302805_5.0023.9102/2","location_source":"powiat wągrowiecki (wfs)"}},{"type":"Feature","id":"ST-WK-WA/ZGŁOSZENIE/278/2026::302805_5.0023.9120","geometry":{"type":"Polygon","coordinates":[[[17.1845062710428,52.5804372515926],[17.1827012628061,52.5791526032482],[17.1823125791143,52.578875142726],[17.1801724880669,52.5796389600629],[17.1776873788851,52.5849183808951],[17.1785768126139,52.5850171501621],[17.1793469476575,52.5848638825728],[17.1799165331503,52.5853349815368],[17.1800268812644,52.5853700682321],[17.1821483882301,52.5844495586194],[17.182754481717,52.5842770189208],[17.1826547804178,52.5841911605793],[17.1826697969609,52.5841545595132],[17.1831168620174,52.5832418994902],[17.1837498267619,52.581954193413],[17.1845062710428,52.5804372515926]]]},"properties":{"case_id":"ST-WK-WA/ZGŁOSZENIE/278/2026","source_type":"zgloszenie","received_date":"2026-01-30","decision_date":null,"status":"Brak sprzeciwu","description":"budowa sieci elektroenergetycznej SN15kV oraz nn 0,4kV","address":"Stawiany","city":"Stawiany","office":"Starosta Powiatu Wągrowiec","case_kind":"budowa nowego/nowych obiektów budowlanych","parcel_ids":["302805_5.0023.51","302805_5.0023.52","302805_5.0023.55","302805_5.0023.57","302805_5.0023.9101/4","302805_5.0023.9102/2","302805_5.0023.9120"],"location_quality":"dokładny","gunb_url":"https://wyszukiwarka.gunb.gov.pl/","parcel_count":7,"parcel_shard":"x068-y210","parcel_id":"302805_5.0023.9120","location_source":"powiat wągrowiecki (wfs)"}},{"type":"Feature","id":"ST-WK-WA/WNIOSEK/24679/2025::302805_5.0024.19/33","geometry":{"type":"Polygon","coordinates":[[[17.150742257551,52.6369350886379],[17.150809428741,52.6369755637362],[17.1508865171412,52.6369540073581],[17.1509929504152,52.6369428168982],[17.1511828739531,52.636912074879],[17.1511226640731,52.6366455194373],[17.1507675296471,52.6366751761902],[17.150742257551,52.6369350886379]]]},"properties":{"case_id":"ST-WK-WA/WNIOSEK/24679/2025","source_type":"wniosek_decyzja","received_date":"2025-12-04","decision_date":"2026-04-03","status":"decyzja wydana","description":"budowa budynku mieszkalnego jednorodzinnego","address":"Szczodrochowo","city":"Szczodrochowo","office":"Starosta Powiatu Wągrowiec","case_kind":"Budynek mieszkalny jednorodzinny","parcel_ids":["302805_5.0024.19/33"],"location_quality":"dokładny","gunb_url":"https://wyszukiwarka.gunb.gov.pl/","parcel_count":1,"parcel_shard":"x068-y210","parcel_id":"302805_5.0024.19/33","location_source":"powiat wągrowiecki (wfs)"}},{"type":"Feature","id":"ST-WK-WA/ZGŁOSZENIE/388/2026::302807_2.0022.169/1","geometry":{"type":"Polygon","coordinates":[[[17.1731873886004,52.7497080492422],[17.1732169991112,52.7497075568798],[17.173994283826,52.7497369116487],[17.1740737574721,52.7495365122417],[17.1731694773475,52.7494701779962],[17.1731630164402,52.7495292761723],[17.1731126787495,52.7495301131644],[17.1731873886004,52.7497080492422]]]},"properties":{"case_id":"ST-WK-WA/ZGŁOSZENIE/388/2026","source_type":"zgloszenie","received_date":"2026-02-09","decision_date":null,"status":"Brak sprzeciwu","description":"budynek mieszkalny jednorodzinny","address":"Przysieczyn","city":"Przysieczyn","office":"Starosta Powiatu Wągrowiec","case_kind":"budowa nowego/nowych obiektów budowlanych","parcel_ids":["302807_2.0022.169/1"],"location_quality":"dokładny","gunb_url":"https://wyszukiwarka.gunb.gov.pl/","parcel_count":1,"parcel_shard":"x068-y210","parcel_id":"302807_2.0022.169/1","location_source":"powiat wągrowiecki (wfs)"}},{"type":"Feature","id":"ST-WK-WA/WNIOSEK/18128/2025::302807_2.0023.169/14","geometry":{"type":"Polygon","coordinates":[[[17.141025984782,52.7272888083301],[17.1415994345491,52.7273956628442],[17.1417252750332,52.7271464880842],[17.1411464875165,52.7270385766366],[17.1410594854027,52.72722342863],[17.141025984782,52.7272888083301]]]},"properties":{"case_id":"ST-WK-WA/WNIOSEK/18128/2025","source_type":"wniosek_decyzja","received_date":"2025-09-05","decision_date":"2025-10-14","status":"decyzja wydana","description":"budynek mieszkalny jednorodzinny - zatwierdzenie projektu zamiennego","address":"Przysieka","city":"Przysieka","office":"Starosta Powiatu Wągrowiec","case_kind":"Budynek mieszkalny jednorodzinny","parcel_ids":["302807_2.0023.169/14"],"location_quality":"dokładny","gunb_url":"https://wyszukiwarka.gunb.gov.pl/","parcel_count":1,"parcel_shard":"x068-y210","parcel_id":"302807_2.0023.169/14","location_source":"powiat wągrowiecki (wfs)"}},{"type":"Feature","id":"ST-WK-WA/WNIOSEK/6927/2026::302807_2.0023.226/4","geometry":{"type":"Polygon","coordinates":[[[17.1480885649773,52.736891290255],[17.1477894508801,52.7369379366772],[17.1479920076518,52.7374860249901],[17.1480152878391,52.7375488509204],[17.1483266866719,52.7374943333891],[17.1480885649773,52.736891290255]]]},"properties":{"case_id":"ST-WK-WA/WNIOSEK/6927/2026","source_type":"wniosek_decyzja","received_date":"2026-04-13","decision_date":"2026-06-26","status":"decyzja wydana","description":"budowa budynku mieszkalnego jednorodzinnego","address":"Przysieka","city":"Przysieka","office":"Starosta Powiatu Wągrowiec","case_kind":"Budynek mieszkalny jednorodzinny","parcel_ids":["302807_2.0023.226/4"],"location_quality":"dokładny","gunb_url":"https://wyszukiwarka.gunb.gov.pl/","parcel_count":1,"parcel_shard":"x068-y210","parcel_id":"302807_2.0023.226/4","location_source":"powiat wągrowiecki (wfs)"}}]}