{"type":"FeatureCollection","features":[{"type":"Feature","id":"ST-WK-GO/WNIOSEK/13103/2026::300401_4.0001.291","geometry":{"type":"Polygon","coordinates":[[[17.2544652864285,51.913951147297],[17.2545006238764,51.9139745816104],[17.254505594601,51.9139756011936],[17.254510123154,51.9139813878421],[17.2545078957805,51.9139847384132],[17.2545626723694,51.9140391687384],[17.2545770113113,51.9140425037561],[17.2546620181323,51.914131887424],[17.254675337596,51.9141351446063],[17.2546867490631,51.9141427368932],[17.2548758937445,51.9143396072122],[17.2551563748586,51.9147102787267],[17.2552562842349,51.9149345908897],[17.2553989820965,51.915386541908],[17.2542259498843,51.9155492652085],[17.2530878713941,51.9156897277286],[17.2529785746686,51.9153653630672],[17.252598056381,51.9142360758766],[17.2544652864285,51.913951147297]]]},"properties":{"case_id":"ST-WK-GO/WNIOSEK/13103/2026","source_type":"wniosek_decyzja","received_date":"2026-07-09","decision_date":"2026-08-10","status":"decyzja wydana","description":"remont plebanii w Borku Wlkp.","address":"Borek Wielkopolski","city":"Borek Wielkopolski","office":"Starosta Powiatu Gostyń","case_kind":"Obiekt budowlany inny niż budynek mieszkalny jednorodzinny","parcel_ids":["300401_4.0001.291"],"location_quality":"dokładny","gunb_url":"https://wyszukiwarka.gunb.gov.pl/","parcel_count":1,"parcel_shard":"x069-y207","parcel_id":"300401_4.0001.291","location_source":"powiat gostyński (wfs)"}},{"type":"Feature","id":"ST-WK-GO/WNIOSEK/18924/2025::300401_4.0001.331","geometry":{"type":"Polygon","coordinates":[[[17.2559039082673,51.9140522017178],[17.2556964585977,51.9141013677516],[17.2556526806067,51.9141127174893],[17.2555719005943,51.9141187081795],[17.2555332301695,51.9141222788449],[17.2555274799113,51.9141228097936],[17.2555263895417,51.914158890614],[17.2550160621971,51.9141729966199],[17.2550075209753,51.9141691440756],[17.2549249371163,51.9141732645779],[17.2549182609654,51.9141780129997],[17.2549113125113,51.9141739619648],[17.2549146863222,51.9141700588029],[17.2548692452952,51.914156668262],[17.2548307485613,51.9141422075502],[17.2547901430651,51.9141202245658],[17.254769359184,51.9141051956564],[17.2547376673476,51.914074931561],[17.2547282907816,51.9140623737226],[17.2547106966078,51.91405206907],[17.2546766802835,51.9140284858088],[17.2546612879421,51.9140172519148],[17.2546220090786,51.9139809676565],[17.2545898669829,51.9139452282002],[17.2545815183188,51.9139429905886],[17.2545806870953,51.913939406525],[17.2545817024729,51.9139343631558],[17.2545763464387,51.9139252024384],[17.254570078169,51.9139218509858],[17.2545667034319,51.9139100423128],[17.2545721609166,51.9139057175625],[17.254567965789,51.9138776821893],[17.2545630360264,51.9138757237634],[17.2545619140715,51.9138630874441],[17.2545665703643,51.9138596369789],[17.2545689265787,51.9138489124467],[17.2545642229862,51.913844261235],[17.2545681911816,51.9138403386392],[17.2545728474717,51.9138368881647],[17.2546009255626,51.9137711888882],[17.2546317094587,51.9137339271222],[17.2546544158156,51.9137148562343],[17.2546683846249,51.9137045047996],[17.2546833430772,51.9136910351024],[17.254702571214,51.9136700524119],[17.2547262951757,51.9136388639486],[17.2548005980715,51.9136120004924],[17.2547891943403,51.9135813242662],[17.2547812653747,51.9135774090672],[17.2547881805108,51.9135723294794],[17.2547966878053,51.9135764281069],[17.2548805606784,51.9135701016624],[17.2548837140955,51.9135636871042],[17.2548917818785,51.9135654644289],[17.2548892302861,51.9135716185571],[17.2548924827098,51.9135864625558],[17.2551641768382,51.9135466712524],[17.2554090420819,51.913511813803],[17.2554957122214,51.9135180617881],[17.2555848262299,51.9135359321864],[17.2556354679208,51.913532142727],[17.2557491231516,51.9135633714908],[17.2558046722221,51.9136137327576],[17.2558326758787,51.9136563034283],[17.2559132728303,51.9137024142089],[17.2559479503496,51.9137424570694],[17.2559843125092,51.9137486258714],[17.2560023676611,51.9137685714646],[17.2560102475168,51.9137677374016],[17.2560211631786,51.9138098400378],[17.2560111342766,51.9138109015767],[17.255976724158,51.9138464181398],[17.2559640550963,51.9138992134183],[17.2559046823141,51.9139537646884],[17.2559210895058,51.9140130446349],[17.2559039082673,51.9140522017178]]]},"properties":{"case_id":"ST-WK-GO/WNIOSEK/18924/2025","source_type":"wniosek_decyzja","received_date":"2025-09-11","decision_date":"2025-09-19","status":"decyzja wydana","description":"osudzenie fundamentów cz. Kościoła pw. Pocieszenia NMP w Borku Wlkp. wraz z remontem elewacji oraz wymiana nawierzchni drogi procesyjnej","address":"Borek Wielkopolski","city":"Borek Wielkopolski","office":"Starosta Powiatu Gostyń","case_kind":"Obiekt budowlany inny niż budynek mieszkalny jednorodzinny","parcel_ids":["300401_4.0001.331"],"location_quality":"dokładny","gunb_url":"https://wyszukiwarka.gunb.gov.pl/","parcel_count":1,"parcel_shard":"x069-y207","parcel_id":"300401_4.0001.331","location_source":"powiat gostyński (wfs)"}},{"type":"Feature","id":"PL-WP/WNIOSEK/21688/2025::300401_4.0001.867","geometry":{"type":"Polygon","coordinates":[[[17.2471831272941,51.9125244268871],[17.2471775202948,51.9125120769534],[17.2471392544471,51.9123929160185],[17.2471315928666,51.9123643738682],[17.2479572837776,51.9122582864949],[17.2489212915873,51.9121371666292],[17.2493574385682,51.9120838693115],[17.2508573009638,51.911893965398],[17.251190273643,51.9118514853722],[17.2521204811554,51.9117349118706],[17.2521352040842,51.9117338852533],[17.2530269883937,51.9116175227323],[17.2531305877727,51.911604004318],[17.2543247938912,51.9114463808735],[17.2542184619847,51.9116582792255],[17.2531783988923,51.9117840090955],[17.2529384617525,51.911816665362],[17.2521112449925,51.9119181718722],[17.2512312166529,51.9120247670358],[17.2511235996691,51.9120359151212],[17.2510080559992,51.9120524910618],[17.2508178580282,51.9120761582762],[17.2506570790211,51.9120973520771],[17.2506223367299,51.9121004092598],[17.2502387555667,51.9121480604924],[17.2498568077588,51.9121944143454],[17.2494703025475,51.9122427060031],[17.2490852205965,51.912290820151],[17.2487031277049,51.91233672961],[17.2483171894097,51.9123844886961],[17.2479331630654,51.9124319675116],[17.247548248613,51.9124790333663],[17.2471831272941,51.9125244268871]]]},"properties":{"case_id":"PL-WP/WNIOSEK/21688/2025","source_type":"wniosek_decyzja","received_date":"2025-10-17","decision_date":"2025-12-15","status":"decyzja wydana","description":"rozbudowa drogi wojewódzkiej nr 438","address":"Borek Wielkopolski","city":"Borek Wielkopolski","office":"Wojewoda Wielkopolski","case_kind":"Obiekt budowlany inny niż budynek mieszkalny jednorodzinny","parcel_ids":["300401_4.0001.867","300401_4.0001.869","300401_4.0001.870/1","300401_4.0001.871","300401_5.0008.140/1","300401_5.0008.146/3","300401_5.0008.146/5","300401_5.0008.148/1","300401_5.0008.148/2"],"location_quality":"dokładny","gunb_url":"https://wyszukiwarka.gunb.gov.pl/","parcel_count":9,"parcel_shard":"x069-y207","parcel_id":"300401_4.0001.867","location_source":"powiat gostyński (wfs)"}},{"type":"Feature","id":"PL-WP/WNIOSEK/21688/2025::300401_4.0001.869","geometry":{"type":"Polygon","coordinates":[[[17.254318025785,51.9119241109997],[17.2543251251614,51.9119840282414],[17.2543415297921,51.9121518551607],[17.2544212131203,51.9123250265312],[17.2546945429476,51.9128895202987],[17.2545233758482,51.9129119327456],[17.2544460653,51.9127670452309],[17.2541069767178,51.9121324469468],[17.254318025785,51.9119241109997]]]},"properties":{"case_id":"PL-WP/WNIOSEK/21688/2025","source_type":"wniosek_decyzja","received_date":"2025-10-17","decision_date":"2025-12-15","status":"decyzja wydana","description":"rozbudowa drogi wojewódzkiej nr 438","address":"Borek Wielkopolski","city":"Borek Wielkopolski","office":"Wojewoda Wielkopolski","case_kind":"Obiekt budowlany inny niż budynek mieszkalny jednorodzinny","parcel_ids":["300401_4.0001.867","300401_4.0001.869","300401_4.0001.870/1","300401_4.0001.871","300401_5.0008.140/1","300401_5.0008.146/3","300401_5.0008.146/5","300401_5.0008.148/1","300401_5.0008.148/2"],"location_quality":"dokładny","gunb_url":"https://wyszukiwarka.gunb.gov.pl/","parcel_count":9,"parcel_shard":"x069-y207","parcel_id":"300401_4.0001.869","location_source":"powiat gostyński (wfs)"}},{"type":"Feature","id":"PL-WP/WNIOSEK/21688/2025::300401_4.0001.870/1","geometry":{"type":"Polygon","coordinates":[[[17.2545861575335,51.9119571885408],[17.2544866913235,51.9119172563437],[17.2543251251614,51.9119840282414],[17.254318025785,51.9119241109997],[17.2547674835,51.9114313423497],[17.254748788828,51.9118079328343],[17.2545861575335,51.9119571885408]]]},"properties":{"case_id":"PL-WP/WNIOSEK/21688/2025","source_type":"wniosek_decyzja","received_date":"2025-10-17","decision_date":"2025-12-15","status":"decyzja wydana","description":"rozbudowa drogi wojewódzkiej nr 438","address":"Borek Wielkopolski","city":"Borek Wielkopolski","office":"Wojewoda Wielkopolski","case_kind":"Obiekt budowlany inny niż budynek mieszkalny jednorodzinny","parcel_ids":["300401_4.0001.867","300401_4.0001.869","300401_4.0001.870/1","300401_4.0001.871","300401_5.0008.140/1","300401_5.0008.146/3","300401_5.0008.146/5","300401_5.0008.148/1","300401_5.0008.148/2"],"location_quality":"dokładny","gunb_url":"https://wyszukiwarka.gunb.gov.pl/","parcel_count":9,"parcel_shard":"x069-y207","parcel_id":"300401_4.0001.870/1","location_source":"powiat gostyński (wfs)"}},{"type":"Feature","id":"PL-WP/WNIOSEK/21688/2025::300401_4.0001.871","geometry":{"type":"Polygon","coordinates":[[[17.2543247938912,51.9114463808735],[17.2547674835,51.9114313423497],[17.254318025785,51.9119241109997],[17.2541069767178,51.9121324469468],[17.2533244705913,51.913012408368],[17.2532634762306,51.9130772943192],[17.2529292803074,51.9131164724472],[17.2530407471102,51.9129907017437],[17.2531870308431,51.9128258354891],[17.2533161479165,51.9126799392319],[17.2534444937334,51.9125326980433],[17.2535727650189,51.9123867962177],[17.2538757646086,51.9120449359177],[17.2539889529066,51.9119172292999],[17.2542184619847,51.9116582792255],[17.2543247938912,51.9114463808735]]]},"properties":{"case_id":"PL-WP/WNIOSEK/21688/2025","source_type":"wniosek_decyzja","received_date":"2025-10-17","decision_date":"2025-12-15","status":"decyzja wydana","description":"rozbudowa drogi wojewódzkiej nr 438","address":"Borek Wielkopolski","city":"Borek Wielkopolski","office":"Wojewoda Wielkopolski","case_kind":"Obiekt budowlany inny niż budynek mieszkalny jednorodzinny","parcel_ids":["300401_4.0001.867","300401_4.0001.869","300401_4.0001.870/1","300401_4.0001.871","300401_5.0008.140/1","300401_5.0008.146/3","300401_5.0008.146/5","300401_5.0008.148/1","300401_5.0008.148/2"],"location_quality":"dokładny","gunb_url":"https://wyszukiwarka.gunb.gov.pl/","parcel_count":9,"parcel_shard":"x069-y207","parcel_id":"300401_4.0001.871","location_source":"powiat gostyński (wfs)"}},{"type":"Feature","id":"PL-WP/WNIOSEK/21688/2025::300401_5.0008.140/1","geometry":{"type":"Polygon","coordinates":[[[17.2641310301172,51.9031008854188],[17.2645087030385,51.9031401775043],[17.264424191242,51.9031651504469],[17.2643581106926,51.9032084028631],[17.2642920300308,51.9032516552416],[17.2625730436129,51.9043767558159],[17.2603975900172,51.9058005018994],[17.260251025806,51.9058955313724],[17.2595850644477,51.9063271938108],[17.2589574255956,51.9067339407833],[17.2584015408074,51.9070756898462],[17.2581869913151,51.9073477126312],[17.2579320381003,51.9076591902432],[17.2566293085977,51.9092468842005],[17.2556343041234,51.9104277098818],[17.255475985718,51.9105935376304],[17.2548888798972,51.911309835796],[17.2548495386453,51.9113360992325],[17.2547674835,51.9114313423497],[17.2543247938912,51.9114463808735],[17.2545624973331,51.9111805606087],[17.254590580036,51.9111491389613],[17.2560999083338,51.9094556311261],[17.2561763350048,51.9093976309888],[17.2577678808036,51.9075452496756],[17.2579944746834,51.9072857101539],[17.2583864567614,51.9068367276979],[17.2585929389127,51.9067233090785],[17.2592200447961,51.9062960853446],[17.2640919652139,51.9031326291027],[17.2641310301172,51.9031008854188]]]},"properties":{"case_id":"PL-WP/WNIOSEK/21688/2025","source_type":"wniosek_decyzja","received_date":"2025-10-17","decision_date":"2025-12-15","status":"decyzja wydana","description":"rozbudowa drogi wojewódzkiej nr 438","address":"Borek Wielkopolski","city":"Borek Wielkopolski","office":"Wojewoda Wielkopolski","case_kind":"Obiekt budowlany inny niż budynek mieszkalny jednorodzinny","parcel_ids":["300401_4.0001.867","300401_4.0001.869","300401_4.0001.870/1","300401_4.0001.871","300401_5.0008.140/1","300401_5.0008.146/3","300401_5.0008.146/5","300401_5.0008.148/1","300401_5.0008.148/2"],"location_quality":"dokładny","gunb_url":"https://wyszukiwarka.gunb.gov.pl/","parcel_count":9,"parcel_shard":"x069-y207","parcel_id":"300401_5.0008.140/1","location_source":"powiat gostyński (wfs)"}},{"type":"Feature","id":"PL-WP/WNIOSEK/21688/2025::300401_5.0008.146/3","geometry":{"type":"Polygon","coordinates":[[[17.2550157814783,51.9114231051006],[17.2548495386453,51.9113360992325],[17.2548888798972,51.911309835796],[17.2550363399643,51.9113943274175],[17.2550157814783,51.9114231051006]]]},"properties":{"case_id":"PL-WP/WNIOSEK/21688/2025","source_type":"wniosek_decyzja","received_date":"2025-10-17","decision_date":"2025-12-15","status":"decyzja wydana","description":"rozbudowa drogi wojewódzkiej nr 438","address":"Borek Wielkopolski","city":"Borek Wielkopolski","office":"Wojewoda Wielkopolski","case_kind":"Obiekt budowlany inny niż budynek mieszkalny jednorodzinny","parcel_ids":["300401_4.0001.867","300401_4.0001.869","300401_4.0001.870/1","300401_4.0001.871","300401_5.0008.140/1","300401_5.0008.146/3","300401_5.0008.146/5","300401_5.0008.148/1","300401_5.0008.148/2"],"location_quality":"dokładny","gunb_url":"https://wyszukiwarka.gunb.gov.pl/","parcel_count":9,"parcel_shard":"x069-y207","parcel_id":"300401_5.0008.146/3","location_source":"powiat gostyński (wfs)"}},{"type":"Feature","id":"PL-WP/WNIOSEK/21688/2025::300401_5.0008.146/5","geometry":{"type":"Polygon","coordinates":[[[17.2550363399643,51.9113943274175],[17.2548888798972,51.911309835796],[17.255475985718,51.9105935376304],[17.2557157924099,51.9105921727379],[17.2557160832543,51.9106146448059],[17.2556054049829,51.9106542957227],[17.2555203318525,51.9107182711909],[17.2550363399643,51.9113943274175]]]},"properties":{"case_id":"PL-WP/WNIOSEK/21688/2025","source_type":"wniosek_decyzja","received_date":"2025-10-17","decision_date":"2025-12-15","status":"decyzja wydana","description":"rozbudowa drogi wojewódzkiej nr 438","address":"Borek Wielkopolski","city":"Borek Wielkopolski","office":"Wojewoda Wielkopolski","case_kind":"Obiekt budowlany inny niż budynek mieszkalny jednorodzinny","parcel_ids":["300401_4.0001.867","300401_4.0001.869","300401_4.0001.870/1","300401_4.0001.871","300401_5.0008.140/1","300401_5.0008.146/3","300401_5.0008.146/5","300401_5.0008.148/1","300401_5.0008.148/2"],"location_quality":"dokładny","gunb_url":"https://wyszukiwarka.gunb.gov.pl/","parcel_count":9,"parcel_shard":"x069-y207","parcel_id":"300401_5.0008.146/5","location_source":"powiat gostyński (wfs)"}},{"type":"Feature","id":"PL-WP/WNIOSEK/21688/2025::300401_5.0008.148/1","geometry":{"type":"Polygon","coordinates":[[[17.2547674835,51.9114313423497],[17.2548495386453,51.9113360992325],[17.2550157814783,51.9114231051006],[17.2551072451171,51.9114710165193],[17.2550185592293,51.9119640736312],[17.2549644901722,51.9119867241561],[17.2550232978949,51.9114985789681],[17.2547674835,51.9114313423497]]]},"properties":{"case_id":"PL-WP/WNIOSEK/21688/2025","source_type":"wniosek_decyzja","received_date":"2025-10-17","decision_date":"2025-12-15","status":"decyzja wydana","description":"rozbudowa drogi wojewódzkiej nr 438","address":"Borek Wielkopolski","city":"Borek Wielkopolski","office":"Wojewoda Wielkopolski","case_kind":"Obiekt budowlany inny niż budynek mieszkalny jednorodzinny","parcel_ids":["300401_4.0001.867","300401_4.0001.869","300401_4.0001.870/1","300401_4.0001.871","300401_5.0008.140/1","300401_5.0008.146/3","300401_5.0008.146/5","300401_5.0008.148/1","300401_5.0008.148/2"],"location_quality":"dokładny","gunb_url":"https://wyszukiwarka.gunb.gov.pl/","parcel_count":9,"parcel_shard":"x069-y207","parcel_id":"300401_5.0008.148/1","location_source":"powiat gostyński (wfs)"}},{"type":"Feature","id":"PL-WP/WNIOSEK/21688/2025::300401_5.0008.148/2","geometry":{"type":"Polygon","coordinates":[[[17.2550232978949,51.9114985789681],[17.2549644901722,51.9119867241561],[17.254956080155,51.9122019719923],[17.2550361780457,51.9124050068234],[17.2549495801904,51.9124413020277],[17.2550793331042,51.9126399566256],[17.2551502744205,51.9126405952105],[17.2552722154753,51.9126959071592],[17.2554617797515,51.9126751042357],[17.2556022974786,51.912694456346],[17.2556997579444,51.9126776139942],[17.2557081286636,51.9126729880226],[17.2557641800453,51.912724849553],[17.2557568290798,51.9127296502748],[17.255638145787,51.9127576545206],[17.2554406814146,51.912729594377],[17.2553101249545,51.912738689298],[17.2550237734925,51.912693538083],[17.255000974205,51.9126727053189],[17.2548520139575,51.9124724374277],[17.2549203945944,51.9123018516057],[17.2548706384179,51.9122377220589],[17.2548581807293,51.9121397990419],[17.2547277930956,51.9121618372402],[17.2545861575335,51.9119571885408],[17.254748788828,51.9118079328343],[17.2547674835,51.9114313423497],[17.2550232978949,51.9114985789681]]]},"properties":{"case_id":"PL-WP/WNIOSEK/21688/2025","source_type":"wniosek_decyzja","received_date":"2025-10-17","decision_date":"2025-12-15","status":"decyzja wydana","description":"rozbudowa drogi wojewódzkiej nr 438","address":"Borek Wielkopolski","city":"Borek Wielkopolski","office":"Wojewoda Wielkopolski","case_kind":"Obiekt budowlany inny niż budynek mieszkalny jednorodzinny","parcel_ids":["300401_4.0001.867","300401_4.0001.869","300401_4.0001.870/1","300401_4.0001.871","300401_5.0008.140/1","300401_5.0008.146/3","300401_5.0008.146/5","300401_5.0008.148/1","300401_5.0008.148/2"],"location_quality":"dokładny","gunb_url":"https://wyszukiwarka.gunb.gov.pl/","parcel_count":9,"parcel_shard":"x069-y207","parcel_id":"300401_5.0008.148/2","location_source":"powiat gostyński (wfs)"}},{"type":"Feature","id":"ST-WK-GO/WNIOSEK/5972/2026::300401_5.0001.178","geometry":{"type":"Polygon","coordinates":[[[17.3086608688544,51.8916209742428],[17.3087085917799,51.891745615645],[17.3087418139912,51.8919246345282],[17.3088483333146,51.8919156875511],[17.3088736225802,51.892043686724],[17.3096027251024,51.8956725853367],[17.3094475881839,51.8957683531321],[17.3086048189562,51.8962923188837],[17.3083249343552,51.8963519915144],[17.3078691399574,51.8964492224733],[17.3069890948668,51.8921744766282],[17.3068985919598,51.8916833580593],[17.3073847406964,51.8916570564227],[17.3079793111308,51.8916336553884],[17.3086608688544,51.8916209742428]]]},"properties":{"case_id":"ST-WK-GO/WNIOSEK/5972/2026","source_type":"wniosek_decyzja","received_date":"2026-03-27","decision_date":"2026-05-29","status":"decyzja wydana","description":"Budowa wiaty - tunelu namiotowego","address":"Bolesławów","city":"Bolesławów","office":"Starosta Powiatu Gostyń","case_kind":"Obiekt budowlany inny niż budynek mieszkalny jednorodzinny","parcel_ids":["300401_5.0001.178"],"location_quality":"dokładny","gunb_url":"https://wyszukiwarka.gunb.gov.pl/","parcel_count":1,"parcel_shard":"x069-y207","parcel_id":"300401_5.0001.178","location_source":"powiat gostyński (wfs)"}},{"type":"Feature","id":"ST-WK-GO/WNIOSEK/22874/2025::300401_5.0001.219","geometry":{"type":"Polygon","coordinates":[[[17.3149534838051,51.8915189915128],[17.3149657725769,51.8916940026662],[17.3150100916127,51.8919024852876],[17.3156894144512,51.8953220629146],[17.3152983550972,51.8952047372481],[17.314646587364,51.895204362086],[17.3141364161394,51.8926554310368],[17.3140486349743,51.8922093657935],[17.3140166787146,51.8920469393924],[17.3139875596057,51.8918985513786],[17.313955056961,51.8917338746728],[17.3139467010864,51.8916911311867],[17.3139384259495,51.8915522277092],[17.3149534838051,51.8915189915128]]]},"properties":{"case_id":"ST-WK-GO/WNIOSEK/22874/2025","source_type":"wniosek_decyzja","received_date":"2025-11-06","decision_date":"2026-04-01","status":"decyzja wydana","description":"Budowa obory wolnostanowiskowej dla bydła mlecznego o obsadzie do 111 DJP wraz z niezbędną infrastrukturą","address":"23, Bolesławów","city":"Bolesławów","office":"Starosta Powiatu Gostyń","case_kind":"Obiekt budowlany inny niż budynek mieszkalny jednorodzinny","parcel_ids":["300401_5.0001.219"],"location_quality":"dokładny","gunb_url":"https://wyszukiwarka.gunb.gov.pl/","parcel_count":1,"parcel_shard":"x069-y207","parcel_id":"300401_5.0001.219","location_source":"powiat gostyński (wfs)"}},{"type":"Feature","id":"ST-WK-GO/WNIOSEK/9014/2026::300401_5.0003.2/1","geometry":{"type":"Polygon","coordinates":[[[17.280441874049,51.875950001475],[17.2807778517148,51.8778924737591],[17.2813523454254,51.8776387355911],[17.2814616109497,51.87788119109],[17.2801081920127,51.87851217426],[17.2798188837259,51.8768678618259],[17.2794768848427,51.8749235517998],[17.2802507826778,51.8748574595702],[17.280441874049,51.875950001475]]]},"properties":{"case_id":"ST-WK-GO/WNIOSEK/9014/2026","source_type":"wniosek_decyzja","received_date":"2026-05-12","decision_date":"2026-07-01","status":"decyzja wydana","description":"Budowa budynku mieszkalnego jednorodzinnego wraz ze zbiornikiem bezodpływowym na ścieki bytowe","address":"Celestynów","city":"Celestynów","office":"Starosta Powiatu Gostyń","case_kind":"Budynek mieszkalny jednorodzinny","parcel_ids":["300401_5.0003.2/1","300401_5.0003.2/2"],"location_quality":"dokładny","gunb_url":"https://wyszukiwarka.gunb.gov.pl/","parcel_count":2,"parcel_shard":"x069-y207","parcel_id":"300401_5.0003.2/1","location_source":"powiat gostyński (wfs)"}},{"type":"Feature","id":"ST-WK-GO/WNIOSEK/9014/2026::300401_5.0003.2/2","geometry":{"type":"Polygon","coordinates":[[[17.2813523454254,51.8776387355911],[17.2807778517148,51.8778924737591],[17.280441874049,51.875950001475],[17.2802507826778,51.8748574595702],[17.2804293520526,51.8748421928295],[17.2805868248633,51.8759395624061],[17.2813523454254,51.8776387355911]]]},"properties":{"case_id":"ST-WK-GO/WNIOSEK/9014/2026","source_type":"wniosek_decyzja","received_date":"2026-05-12","decision_date":"2026-07-01","status":"decyzja wydana","description":"Budowa budynku mieszkalnego jednorodzinnego wraz ze zbiornikiem bezodpływowym na ścieki bytowe","address":"Celestynów","city":"Celestynów","office":"Starosta Powiatu Gostyń","case_kind":"Budynek mieszkalny jednorodzinny","parcel_ids":["300401_5.0003.2/1","300401_5.0003.2/2"],"location_quality":"dokładny","gunb_url":"https://wyszukiwarka.gunb.gov.pl/","parcel_count":2,"parcel_shard":"x069-y207","parcel_id":"300401_5.0003.2/2","location_source":"powiat gostyński (wfs)"}},{"type":"Feature","id":"ST-WK-GO/WNIOSEK/11001/2026::300401_5.0003.5","geometry":{"type":"Polygon","coordinates":[[[17.2823954633039,51.8746965809096],[17.2824360142493,51.8749349116979],[17.2824520334703,51.8750432509781],[17.2824680308417,51.8751230816256],[17.2827873123866,51.8771664905352],[17.2822022115684,51.8773978517726],[17.2819209931559,51.8776537087502],[17.2814975214771,51.8778662227757],[17.2810195019054,51.8751900314506],[17.2809495414193,51.8748162497885],[17.2810686742877,51.8748085330158],[17.2811505837851,51.8747975923399],[17.2823954633039,51.8746965809096]]]},"properties":{"case_id":"ST-WK-GO/WNIOSEK/11001/2026","source_type":"wniosek_decyzja","received_date":"2026-06-05","decision_date":"2026-07-30","status":"decyzja wydana","description":"rozbudowa budynku mieszkalnego jednorodzinnego, rozbudowa z przebudową budynku garażowego i rozbiórka części budynku gospodarczo-garażowego","address":"Celestynów","city":"Celestynów","office":"Starosta Powiatu Gostyń","case_kind":"Budynek mieszkalny jednorodzinny","parcel_ids":["300401_5.0003.5"],"location_quality":"dokładny","gunb_url":"https://wyszukiwarka.gunb.gov.pl/","parcel_count":1,"parcel_shard":"x069-y207","parcel_id":"300401_5.0003.5","location_source":"powiat gostyński (wfs)"}},{"type":"Feature","id":"ST-WK-GO/WNIOSEK/21367/2025::300401_5.0008.121/2","geometry":{"type":"Polygon","coordinates":[[[17.2680553355323,51.9145402144017],[17.2679727180869,51.9145440150278],[17.2679800036663,51.9146054508374],[17.2660507549143,51.9149407469924],[17.2642230723314,51.9152584001388],[17.264200953768,51.9148231486027],[17.2641952635175,51.9147850014797],[17.2641928780933,51.9147492816315],[17.2639080112537,51.9125798755245],[17.2638963543447,51.9124246030929],[17.267794847021,51.91235289431],[17.2679214470376,51.9134157467308],[17.2680553355323,51.9145402144017]]]},"properties":{"case_id":"ST-WK-GO/WNIOSEK/21367/2025","source_type":"wniosek_decyzja","received_date":"2025-10-14","decision_date":"2025-12-31","status":"decyzja wydana","description":"budowa budynku gospodarczego w zabudowie zagrodowej","address":"Karolew","city":"Karolew","office":"Starosta Powiatu Gostyń","case_kind":"Obiekt budowlany inny niż budynek mieszkalny jednorodzinny","parcel_ids":["300401_5.0008.121/2"],"location_quality":"dokładny","gunb_url":"https://wyszukiwarka.gunb.gov.pl/","parcel_count":1,"parcel_shard":"x069-y207","parcel_id":"300401_5.0008.121/2","location_source":"powiat gostyński (wfs)"}},{"type":"Feature","id":"ST-WK-GO/WNIOSEK/6419/2026::300401_5.0011.219/7","geometry":{"type":"Polygon","coordinates":[[[17.2751617347093,51.8935848649354],[17.2750239338,51.8937433335791],[17.2743948832495,51.893542128188],[17.27453558542,51.8933831959388],[17.2751617347093,51.8935848649354]]]},"properties":{"case_id":"ST-WK-GO/WNIOSEK/6419/2026","source_type":"wniosek_decyzja","received_date":"2026-04-02","decision_date":"2026-06-05","status":"decyzja wydana","description":"Przebudowa budynku mieszkalnego wielorodzinnego w zakresie elementów konstrukcyjnych","address":"5, Cielmice","city":"Cielmice","office":"Starosta Powiatu Gostyń","case_kind":"Obiekt budowlany inny niż budynek mieszkalny jednorodzinny","parcel_ids":["300401_5.0011.219/7"],"location_quality":"dokładny","gunb_url":"https://wyszukiwarka.gunb.gov.pl/","parcel_count":1,"parcel_shard":"x069-y207","parcel_id":"300401_5.0011.219/7","location_source":"powiat gostyński (wfs)"}},{"type":"Feature","id":"ST-WK-GO/WNIOSEK/5161/2026::300401_5.0012.175","geometry":{"type":"Polygon","coordinates":[[[17.2630410188837,51.9272659154657],[17.2623276738415,51.9275636355647],[17.2621903732659,51.9274499983513],[17.2629197631345,51.9271064221456],[17.2630410188837,51.9272659154657]]]},"properties":{"case_id":"ST-WK-GO/WNIOSEK/5161/2026","source_type":"wniosek_decyzja","received_date":"2026-03-19","decision_date":"2026-06-10","status":"decyzja wydana","description":"Zmiana do pozwolenia na budowę nr 110/2025 z dnia 07.04.2025 znak sprawy AB.6740.46.2025","address":"Skoków","city":"Skoków","office":"Starosta Powiatu Gostyń","case_kind":"Budynek mieszkalny jednorodzinny","parcel_ids":["300401_5.0012.175"],"location_quality":"dokładny","gunb_url":"https://wyszukiwarka.gunb.gov.pl/","parcel_count":1,"parcel_shard":"x069-y207","parcel_id":"300401_5.0012.175","location_source":"powiat gostyński (wfs)"}},{"type":"Feature","id":"ST-WK-GO/WNIOSEK/23173/2025::300401_5.0013.22","geometry":{"type":"Polygon","coordinates":[[[17.2633625628695,51.9468278759564],[17.2633010592663,51.9481703948011],[17.263239356049,51.9495200167091],[17.261144288351,51.9494829482687],[17.2592650493171,51.9494496644601],[17.2593260704414,51.9481005571911],[17.2593873495074,51.946755751514],[17.2612382566822,51.9467892028645],[17.2633625628695,51.9468278759564]]]},"properties":{"case_id":"ST-WK-GO/WNIOSEK/23173/2025","source_type":"wniosek_decyzja","received_date":"2025-11-12","decision_date":"2026-02-09","status":"decyzja wydana","description":"Zmiana pozwolenia na budowę nr 333/2025 z 19.09.2025r. (spr. AB.6740.251.2025) dot. budowy elektrowni fotowoltaicznej o mocy do 9 MW wraz z niezbędną infrastrukturą techniczną","address":"Skokówko","city":"Skokówko","office":"Starosta Powiatu Gostyń","case_kind":"Obiekt budowlany inny niż budynek mieszkalny jednorodzinny","parcel_ids":["300401_5.0013.22"],"location_quality":"dokładny","gunb_url":"https://wyszukiwarka.gunb.gov.pl/","parcel_count":1,"parcel_shard":"x069-y207","parcel_id":"300401_5.0013.22","location_source":"powiat gostyński (wfs)"}},{"type":"Feature","id":"ST-WK-GO/WNIOSEK/4912/2026::300401_5.0018.1/7","geometry":{"type":"Polygon","coordinates":[[[17.3027535008598,51.8723033559297],[17.3033136181344,51.8721967455498],[17.3033435740202,51.872400690118],[17.3028473784734,51.8724958147017],[17.3027535008598,51.8723033559297]]]},"properties":{"case_id":"ST-WK-GO/WNIOSEK/4912/2026","source_type":"wniosek_decyzja","received_date":"2026-03-16","decision_date":"2026-06-01","status":"decyzja wydana","description":"Budowa budynku mieszkalnego jednorodzinnego","address":"Głoginin","city":"Głoginin","office":"Starosta Powiatu Gostyń","case_kind":"Budynek mieszkalny jednorodzinny","parcel_ids":["300401_5.0018.1/7"],"location_quality":"dokładny","gunb_url":"https://wyszukiwarka.gunb.gov.pl/","parcel_count":1,"parcel_shard":"x069-y207","parcel_id":"300401_5.0018.1/7","location_source":"powiat gostyński (wfs)"}},{"type":"Feature","id":"ST-WK-GO/WNIOSEK/6690/2026::300401_5.0018.19","geometry":{"type":"Polygon","coordinates":[[[17.302842800551,51.8742498707199],[17.300817716932,51.8745665869759],[17.3006784179065,51.8742854358226],[17.3028159753932,51.8739682640693],[17.3028151747378,51.8740021331821],[17.302842800551,51.8742498707199]]]},"properties":{"case_id":"ST-WK-GO/WNIOSEK/6690/2026","source_type":"wniosek_decyzja","received_date":"2026-04-08","decision_date":"2026-06-09","status":"decyzja wydana","description":"BUdynek mieszkalny jednorodzinny","address":"Głoginin","city":"Głoginin","office":"Starosta Powiatu Gostyń","case_kind":"Budynek mieszkalny jednorodzinny","parcel_ids":["300401_5.0018.19"],"location_quality":"dokładny","gunb_url":"https://wyszukiwarka.gunb.gov.pl/","parcel_count":1,"parcel_shard":"x069-y207","parcel_id":"300401_5.0018.19","location_source":"powiat gostyński (wfs)"}},{"type":"Feature","id":"ST-WK-GO/WNIOSEK/8581/2026::300401_5.0018.32/1","geometry":{"type":"Polygon","coordinates":[[[17.2970516470392,51.8789712443828],[17.2965626167989,51.879289117708],[17.2964097685792,51.8798041565792],[17.2965772018006,51.8802603823909],[17.296588831914,51.8806706014537],[17.2965624690953,51.8809068951049],[17.2954903166968,51.880862135676],[17.2942601148532,51.8807600702604],[17.2937021160912,51.8807490130587],[17.293471792888,51.8807261459457],[17.2931349666301,51.8805931899243],[17.2928353606773,51.8803538486775],[17.2924969748511,51.8802157549038],[17.2925714302684,51.8801583165976],[17.2925047860951,51.8799057491155],[17.2925442397682,51.8798257514373],[17.2933369698401,51.8796148835969],[17.2939010111711,51.8793718338815],[17.294164038216,51.8792064947106],[17.2946064497615,51.8788208681212],[17.2950648776307,51.8784467979411],[17.295649905633,51.8780813640805],[17.2963952504373,51.8777471472643],[17.2976594504441,51.8787114714391],[17.2970516470392,51.8789712443828]]]},"properties":{"case_id":"ST-WK-GO/WNIOSEK/8581/2026","source_type":"wniosek_decyzja","received_date":"2026-05-06","decision_date":"2026-08-04","status":"decyzja wydana","description":"rozbudowa,nadbudowa i przebudowa budynku kotłowni oraz remont komina","address":"Zimnowoda","city":"Zimnowoda","office":"Starosta Powiatu Gostyń","case_kind":"Obiekt budowlany inny niż budynek mieszkalny jednorodzinny","parcel_ids":["300401_5.0018.32/1"],"location_quality":"dokładny","gunb_url":"https://wyszukiwarka.gunb.gov.pl/","parcel_count":1,"parcel_shard":"x069-y207","parcel_id":"300401_5.0018.32/1","location_source":"powiat gostyński (wfs)"}},{"type":"Feature","id":"ST-WK-GO/WNIOSEK/2226/2026::300406_5.0002.101","geometry":{"type":"Polygon","coordinates":[[[17.3034763824484,51.8252976058476],[17.3033633469091,51.8253117790941],[17.3027530967548,51.8245698961497],[17.3025050201157,51.8242684528168],[17.3026350258294,51.8242492386123],[17.3028191439134,51.8244825156736],[17.303423432867,51.8252038637842],[17.3034763824484,51.8252976058476]]]},"properties":{"case_id":"ST-WK-GO/WNIOSEK/2226/2026","source_type":"wniosek_decyzja","received_date":"2026-02-03","decision_date":"2026-04-28","status":"decyzja wydana","description":"Budowa silosu na kiszonkę","address":"11, Bułaków","city":"Bułaków","office":"Starosta Powiatu Gostyń","case_kind":"Obiekt budowlany inny niż budynek mieszkalny jednorodzinny","parcel_ids":["300406_5.0002.101","300406_5.0002.102"],"location_quality":"dokładny","gunb_url":"https://wyszukiwarka.gunb.gov.pl/","parcel_count":2,"parcel_shard":"x069-y207","parcel_id":"300406_5.0002.101","location_source":"powiat gostyński (wfs)"}},{"type":"Feature","id":"ST-WK-GO/WNIOSEK/2226/2026::300406_5.0002.102","geometry":{"type":"Polygon","coordinates":[[[17.3032375551955,51.8253316906631],[17.3026995848696,51.8246820807774],[17.3023784902274,51.8242792051104],[17.3025050201157,51.8242684528168],[17.3027530967548,51.8245698961497],[17.3033633469091,51.8253117790941],[17.3032375551955,51.8253316906631]]]},"properties":{"case_id":"ST-WK-GO/WNIOSEK/2226/2026","source_type":"wniosek_decyzja","received_date":"2026-02-03","decision_date":"2026-04-28","status":"decyzja wydana","description":"Budowa silosu na kiszonkę","address":"11, Bułaków","city":"Bułaków","office":"Starosta Powiatu Gostyń","case_kind":"Obiekt budowlany inny niż budynek mieszkalny jednorodzinny","parcel_ids":["300406_5.0002.101","300406_5.0002.102"],"location_quality":"dokładny","gunb_url":"https://wyszukiwarka.gunb.gov.pl/","parcel_count":2,"parcel_shard":"x069-y207","parcel_id":"300406_5.0002.102","location_source":"powiat gostyński (wfs)"}},{"type":"Feature","id":"ST-WK-GO/WNIOSEK/19455/2025::300406_5.0002.119","geometry":{"type":"Polygon","coordinates":[[[17.3005115809204,51.823230301955],[17.3007023882145,51.8234508454821],[17.3007333996621,51.8234902196505],[17.300800956421,51.8235675627031],[17.3009673822811,51.823760995386],[17.3010145414959,51.8238161054096],[17.3010434738595,51.8238492650838],[17.3010931744159,51.8239088844184],[17.3014105980894,51.8242620401215],[17.3009815810161,51.8243056019989],[17.3004906368432,51.8236179405407],[17.3002369350462,51.8232626446623],[17.3005074486304,51.8232255134824],[17.3005115809204,51.823230301955]]]},"properties":{"case_id":"ST-WK-GO/WNIOSEK/19455/2025","source_type":"wniosek_decyzja","received_date":"2025-09-23","decision_date":"2025-10-29","status":"decyzja wydana","description":"rozbiórka budynku gospodarczego","address":"66, Bułaków","city":"Bułaków","office":"Starosta Powiatu Gostyń","case_kind":"Obiekt budowlany inny niż budynek mieszkalny jednorodzinny","parcel_ids":["300406_5.0002.119"],"location_quality":"dokładny","gunb_url":"https://wyszukiwarka.gunb.gov.pl/","parcel_count":1,"parcel_shard":"x069-y207","parcel_id":"300406_5.0002.119","location_source":"powiat gostyński (wfs)"}},{"type":"Feature","id":"ST-WK-GO/WNIOSEK/631/2026::300406_5.0002.97","geometry":{"type":"Polygon","coordinates":[[[17.3042655848267,51.8250710572935],[17.3042870990867,51.8251433538523],[17.304134740838,51.8251648218939],[17.3041103235787,51.8250929344004],[17.3042655848267,51.8250710572935]]]},"properties":{"case_id":"ST-WK-GO/WNIOSEK/631/2026","source_type":"wniosek_decyzja","received_date":"2026-01-14","decision_date":"2026-05-11","status":"decyzja wydana","description":"Budowa budynku inwentarskiego-obory wraz z podrusztowym zbiornikiem podziemnym na nawozy naturalne","address":"Bułaków","city":"Bułaków","office":"Starosta Powiatu Gostyń","case_kind":"Obiekt budowlany inny niż budynek mieszkalny jednorodzinny","parcel_ids":["300406_5.0002.97","300406_5.0002.98"],"location_quality":"dokładny","gunb_url":"https://wyszukiwarka.gunb.gov.pl/","parcel_count":2,"parcel_shard":"x069-y207","parcel_id":"300406_5.0002.97","location_source":"powiat gostyński (wfs)"}},{"type":"Feature","id":"ST-WK-GO/WNIOSEK/631/2026::300406_5.0002.98","geometry":{"type":"Polygon","coordinates":[[[17.3040351892977,51.8252172051655],[17.3033237846832,51.8244158244017],[17.3032991882911,51.8243755830708],[17.3031627433364,51.8241936445337],[17.3036852899066,51.8241514881694],[17.3038340219287,51.8243362729322],[17.3045278156561,51.8251461946872],[17.3040351892977,51.8252172051655]],[[17.3042870990867,51.8251433538523],[17.3042655848267,51.8250710572935],[17.3041103235787,51.8250929344004],[17.304134740838,51.8251648218939],[17.3042870990867,51.8251433538523]]]},"properties":{"case_id":"ST-WK-GO/WNIOSEK/631/2026","source_type":"wniosek_decyzja","received_date":"2026-01-14","decision_date":"2026-05-11","status":"decyzja wydana","description":"Budowa budynku inwentarskiego-obory wraz z podrusztowym zbiornikiem podziemnym na nawozy naturalne","address":"Bułaków","city":"Bułaków","office":"Starosta Powiatu Gostyń","case_kind":"Obiekt budowlany inny niż budynek mieszkalny jednorodzinny","parcel_ids":["300406_5.0002.97","300406_5.0002.98"],"location_quality":"dokładny","gunb_url":"https://wyszukiwarka.gunb.gov.pl/","parcel_count":2,"parcel_shard":"x069-y207","parcel_id":"300406_5.0002.98","location_source":"powiat gostyński (wfs)"}},{"type":"Feature","id":"ST-WK-GO/WNIOSEK/26373/2025::300406_5.0007.102/27","geometry":{"type":"Polygon","coordinates":[[[17.2896032024552,51.7670961589572],[17.2899288259379,51.7670725834341],[17.2899422532547,51.7673454432014],[17.289984813108,51.7673427028623],[17.289995408516,51.767556604445],[17.2900030219112,51.7677111890242],[17.2898431225103,51.7677236764718],[17.2897134666734,51.7677326008044],[17.2896753892536,51.7673363242975],[17.2896651936644,51.7673005084582],[17.2896293106977,51.7671963733709],[17.2896045945606,51.7671007786156],[17.2896032024552,51.7670961589572]]]},"properties":{"case_id":"ST-WK-GO/WNIOSEK/26373/2025","source_type":"wniosek_decyzja","received_date":"2025-12-23","decision_date":"2026-01-27","status":"decyzja wydana","description":"wewnętrzna instalacja gazowa w lokalu mieszkalnym budynku wielorodzinnego","address":"42, Kromolice","city":"Kromolice","office":"Starosta Powiatu Gostyń","case_kind":"Obiekt budowlany inny niż budynek mieszkalny jednorodzinny","parcel_ids":["300406_5.0007.102/27"],"location_quality":"dokładny","gunb_url":"https://wyszukiwarka.gunb.gov.pl/","parcel_count":1,"parcel_shard":"x069-y207","parcel_id":"300406_5.0007.102/27","location_source":"powiat gostyński (wfs)"}},{"type":"Feature","id":"ST-WK-GO/WNIOSEK/328/2026::300406_5.0007.242","geometry":{"type":"Polygon","coordinates":[[[17.2864028044189,51.7654668499165],[17.2869656173404,51.765465948677],[17.2869449714673,51.7655320630894],[17.2869122323827,51.7656362016555],[17.2868483074851,51.7658109345879],[17.2868217653274,51.7658648219452],[17.2867699791631,51.7659835526118],[17.286743385708,51.7660701726531],[17.286745321653,51.7662608252698],[17.2867511398742,51.7662889328999],[17.2867484018456,51.766300637956],[17.286747980457,51.7663959421914],[17.2862497369638,51.7663945996375],[17.2862658645644,51.7662729325038],[17.2863223413256,51.7659201986923],[17.2863390140632,51.7658307268787],[17.2864028044189,51.7654668499165]]]},"properties":{"case_id":"ST-WK-GO/WNIOSEK/328/2026","source_type":"wniosek_decyzja","received_date":"2026-01-05","decision_date":"2026-03-06","status":"decyzja wydana","description":"Wiata na maszyny rolnicze","address":"Kromolice","city":"Kromolice","office":"Starosta Powiatu Gostyń","case_kind":"Obiekt budowlany inny niż budynek mieszkalny jednorodzinny","parcel_ids":["300406_5.0007.242"],"location_quality":"dokładny","gunb_url":"https://wyszukiwarka.gunb.gov.pl/","parcel_count":1,"parcel_shard":"x069-y207","parcel_id":"300406_5.0007.242","location_source":"powiat gostyński (wfs)"}},{"type":"Feature","id":"ST-WK-GO/WNIOSEK/11036/2026::300406_5.0007.98/1","geometry":{"type":"Polygon","coordinates":[[[17.2870524513993,51.7677487512376],[17.2873015852763,51.7677454318026],[17.287479767838,51.7677430930131],[17.2874851283799,51.7677430650198],[17.2875190644824,51.7677426114735],[17.2876326867908,51.7686334535959],[17.2871707000633,51.7686391869901],[17.2871160459716,51.7681593761118],[17.2870524513993,51.7677487512376]]]},"properties":{"case_id":"ST-WK-GO/WNIOSEK/11036/2026","source_type":"wniosek_decyzja","received_date":"2026-06-09","decision_date":"2026-07-27","status":"decyzja wydana","description":"budpowa budynku inwentarskiego - obory i infrastor oraz silosu na kiszonki","address":"Kromolice","city":"Kromolice","office":"Starosta Powiatu Gostyń","case_kind":"Obiekt budowlany inny niż budynek mieszkalny jednorodzinny","parcel_ids":["300406_5.0007.98/1","300406_5.0007.98/2","300406_5.0007.99/2","300406_5.0007.99/3"],"location_quality":"dokładny","gunb_url":"https://wyszukiwarka.gunb.gov.pl/","parcel_count":4,"parcel_shard":"x069-y207","parcel_id":"300406_5.0007.98/1","location_source":"powiat gostyński (wfs)"}},{"type":"Feature","id":"ST-WK-GO/WNIOSEK/11036/2026::300406_5.0007.98/2","geometry":{"type":"Polygon","coordinates":[[[17.2870058992076,51.7674481631042],[17.2880085334914,51.7672661274649],[17.2880945087677,51.7677959671599],[17.2880841499961,51.7679263835009],[17.288031292947,51.7686050861776],[17.2876326867908,51.7686334535959],[17.2875190644824,51.7677426114735],[17.2874851283799,51.7677430650198],[17.287479767838,51.7677430930131],[17.2873015852763,51.7677454318026],[17.2870524513993,51.7677487512376],[17.2870058992076,51.7674481631042]]]},"properties":{"case_id":"ST-WK-GO/WNIOSEK/11036/2026","source_type":"wniosek_decyzja","received_date":"2026-06-09","decision_date":"2026-07-27","status":"decyzja wydana","description":"budpowa budynku inwentarskiego - obory i infrastor oraz silosu na kiszonki","address":"Kromolice","city":"Kromolice","office":"Starosta Powiatu Gostyń","case_kind":"Obiekt budowlany inny niż budynek mieszkalny jednorodzinny","parcel_ids":["300406_5.0007.98/1","300406_5.0007.98/2","300406_5.0007.99/2","300406_5.0007.99/3"],"location_quality":"dokładny","gunb_url":"https://wyszukiwarka.gunb.gov.pl/","parcel_count":4,"parcel_shard":"x069-y207","parcel_id":"300406_5.0007.98/2","location_source":"powiat gostyński (wfs)"}},{"type":"Feature","id":"ST-WK-GO/WNIOSEK/11036/2026::300406_5.0007.99/2","geometry":{"type":"Polygon","coordinates":[[[17.288031292947,51.7686050861776],[17.2880841499961,51.7679263835009],[17.2881601858349,51.7678824730906],[17.2884273097826,51.7678866835411],[17.2883869421691,51.7686199663824],[17.288031292947,51.7686050861776]]]},"properties":{"case_id":"ST-WK-GO/WNIOSEK/11036/2026","source_type":"wniosek_decyzja","received_date":"2026-06-09","decision_date":"2026-07-27","status":"decyzja wydana","description":"budpowa budynku inwentarskiego - obory i infrastor oraz silosu na kiszonki","address":"Kromolice","city":"Kromolice","office":"Starosta Powiatu Gostyń","case_kind":"Obiekt budowlany inny niż budynek mieszkalny jednorodzinny","parcel_ids":["300406_5.0007.98/1","300406_5.0007.98/2","300406_5.0007.99/2","300406_5.0007.99/3"],"location_quality":"dokładny","gunb_url":"https://wyszukiwarka.gunb.gov.pl/","parcel_count":4,"parcel_shard":"x069-y207","parcel_id":"300406_5.0007.99/2","location_source":"powiat gostyński (wfs)"}},{"type":"Feature","id":"ST-WK-GO/WNIOSEK/11036/2026::300406_5.0007.99/3","geometry":{"type":"Polygon","coordinates":[[[17.2884273097826,51.7678866835411],[17.2881601858349,51.7678824730906],[17.2880841499961,51.7679263835009],[17.2880945087677,51.7677959671599],[17.2880085334914,51.7672661274649],[17.2884669051621,51.7671854679365],[17.2884273097826,51.7678866835411]]]},"properties":{"case_id":"ST-WK-GO/WNIOSEK/11036/2026","source_type":"wniosek_decyzja","received_date":"2026-06-09","decision_date":"2026-07-27","status":"decyzja wydana","description":"budpowa budynku inwentarskiego - obory i infrastor oraz silosu na kiszonki","address":"Kromolice","city":"Kromolice","office":"Starosta Powiatu Gostyń","case_kind":"Obiekt budowlany inny niż budynek mieszkalny jednorodzinny","parcel_ids":["300406_5.0007.98/1","300406_5.0007.98/2","300406_5.0007.99/2","300406_5.0007.99/3"],"location_quality":"dokładny","gunb_url":"https://wyszukiwarka.gunb.gov.pl/","parcel_count":4,"parcel_shard":"x069-y207","parcel_id":"300406_5.0007.99/3","location_source":"powiat gostyński (wfs)"}},{"type":"Feature","id":"ST-WK-GO/WNIOSEK/2079/2026::300406_5.0009.110","geometry":{"type":"Polygon","coordinates":[[[17.2907602731703,51.8057827619151],[17.2907360227435,51.8059039473497],[17.2907222535554,51.8059587219642],[17.2907083403227,51.8060140694447],[17.2904961176322,51.8068420694139],[17.2901968317019,51.8068058373028],[17.2895066693738,51.806713043107],[17.2897457957959,51.8056920178431],[17.2907602731703,51.8057827619151]]]},"properties":{"case_id":"ST-WK-GO/WNIOSEK/2079/2026","source_type":"wniosek_decyzja","received_date":"2026-02-03","decision_date":"2026-06-02","status":"decyzja wydana","description":"Budowa budynku inwentarskiego-obory","address":"Małgów","city":"Małgów","office":"Starosta Powiatu Gostyń","case_kind":"Obiekt budowlany inny niż budynek mieszkalny jednorodzinny","parcel_ids":["300406_5.0009.110"],"location_quality":"dokładny","gunb_url":"https://wyszukiwarka.gunb.gov.pl/","parcel_count":1,"parcel_shard":"x069-y207","parcel_id":"300406_5.0009.110","location_source":"powiat gostyński (wfs)"}},{"type":"Feature","id":"ST-WK-GO/WNIOSEK/22560/2025::300406_5.0012.12/21","geometry":{"type":"Polygon","coordinates":[[[17.2760974852314,51.7951377575077],[17.2764910938673,51.7949681350477],[17.2769873745765,51.7954103417592],[17.2766222435281,51.7955677367478],[17.2760974852314,51.7951377575077]]]},"properties":{"case_id":"ST-WK-GO/WNIOSEK/22560/2025","source_type":"wniosek_decyzja","received_date":"2025-11-03","decision_date":"2026-02-04","status":"decyzja wydana","description":"budowa bud inewntar. obory 108DJP ze zbiornikiem podrusztowym","address":"Wziąchów","city":"Wziąchów","office":"Starosta Powiatu Gostyń","case_kind":"Obiekt budowlany inny niż budynek mieszkalny jednorodzinny","parcel_ids":["300406_5.0012.12/21","300406_5.0012.12/22","300406_5.0012.12/27","300406_5.0012.389"],"location_quality":"dokładny","gunb_url":"https://wyszukiwarka.gunb.gov.pl/","parcel_count":4,"parcel_shard":"x069-y207","parcel_id":"300406_5.0012.12/21","location_source":"powiat gostyński (wfs)"}},{"type":"Feature","id":"ST-WK-GO/WNIOSEK/22560/2025::300406_5.0012.12/22","geometry":{"type":"Polygon","coordinates":[[[17.2773798908879,51.7952411184338],[17.2769873745765,51.7954103417592],[17.2764910938673,51.7949681350477],[17.2768841040324,51.7947987679265],[17.2773798908879,51.7952411184338]]]},"properties":{"case_id":"ST-WK-GO/WNIOSEK/22560/2025","source_type":"wniosek_decyzja","received_date":"2025-11-03","decision_date":"2026-02-04","status":"decyzja wydana","description":"budowa bud inewntar. obory 108DJP ze zbiornikiem podrusztowym","address":"Wziąchów","city":"Wziąchów","office":"Starosta Powiatu Gostyń","case_kind":"Obiekt budowlany inny niż budynek mieszkalny jednorodzinny","parcel_ids":["300406_5.0012.12/21","300406_5.0012.12/22","300406_5.0012.12/27","300406_5.0012.389"],"location_quality":"dokładny","gunb_url":"https://wyszukiwarka.gunb.gov.pl/","parcel_count":4,"parcel_shard":"x069-y207","parcel_id":"300406_5.0012.12/22","location_source":"powiat gostyński (wfs)"}},{"type":"Feature","id":"ST-WK-GO/WNIOSEK/22560/2025::300406_5.0012.12/27","geometry":{"type":"Polygon","coordinates":[[[17.2773798908879,51.7952411184338],[17.2777889694771,51.795606062459],[17.2770546515014,51.7959211467555],[17.2766222435281,51.7955677367478],[17.2769873745765,51.7954103417592],[17.2773798908879,51.7952411184338]]]},"properties":{"case_id":"ST-WK-GO/WNIOSEK/22560/2025","source_type":"wniosek_decyzja","received_date":"2025-11-03","decision_date":"2026-02-04","status":"decyzja wydana","description":"budowa bud inewntar. obory 108DJP ze zbiornikiem podrusztowym","address":"Wziąchów","city":"Wziąchów","office":"Starosta Powiatu Gostyń","case_kind":"Obiekt budowlany inny niż budynek mieszkalny jednorodzinny","parcel_ids":["300406_5.0012.12/21","300406_5.0012.12/22","300406_5.0012.12/27","300406_5.0012.389"],"location_quality":"dokładny","gunb_url":"https://wyszukiwarka.gunb.gov.pl/","parcel_count":4,"parcel_shard":"x069-y207","parcel_id":"300406_5.0012.12/27","location_source":"powiat gostyński (wfs)"}},{"type":"Feature","id":"ST-WK-GO/WNIOSEK/22560/2025::300406_5.0012.389","geometry":{"type":"Polygon","coordinates":[[[17.2795998020997,51.7954010219904],[17.2801949577876,51.7952405361928],[17.2804004659545,51.7956714460082],[17.2812246275282,51.7954492567666],[17.2812440886091,51.7954933035569],[17.2821993078227,51.7975483464458],[17.2820522764551,51.7975855199915],[17.2809318228361,51.7980178415734],[17.2797787711683,51.7981314012708],[17.2770546515014,51.7959211467555],[17.2777889694771,51.795606062459],[17.2773798908879,51.7952411184338],[17.2777724053966,51.7950719837192],[17.2781662429158,51.7949028396747],[17.2785643224615,51.7947364082093],[17.2788627076149,51.7946117672702],[17.2795998020997,51.7954010219904]]]},"properties":{"case_id":"ST-WK-GO/WNIOSEK/22560/2025","source_type":"wniosek_decyzja","received_date":"2025-11-03","decision_date":"2026-02-04","status":"decyzja wydana","description":"budowa bud inewntar. obory 108DJP ze zbiornikiem podrusztowym","address":"Wziąchów","city":"Wziąchów","office":"Starosta Powiatu Gostyń","case_kind":"Obiekt budowlany inny niż budynek mieszkalny jednorodzinny","parcel_ids":["300406_5.0012.12/21","300406_5.0012.12/22","300406_5.0012.12/27","300406_5.0012.389"],"location_quality":"dokładny","gunb_url":"https://wyszukiwarka.gunb.gov.pl/","parcel_count":4,"parcel_shard":"x069-y207","parcel_id":"300406_5.0012.389","location_source":"powiat gostyński (wfs)"}},{"type":"Feature","id":"ST-WK-GO/WNIOSEK/11636/2026::300406_5.0012.89","geometry":{"type":"Polygon","coordinates":[[[17.2579484604645,51.7857007591386],[17.2579019384978,51.7849941444507],[17.2592372246247,51.7846450000391],[17.2605719062105,51.7842961063446],[17.2619078773829,51.7839468460796],[17.2632410645383,51.7835981824146],[17.2645749572623,51.7832494181871],[17.2659115958885,51.7828998470277],[17.2672474850843,51.7825505256854],[17.2685832103195,51.7822010982856],[17.2699210958412,51.7818512197243],[17.2709550958247,51.7815806985497],[17.2709924964972,51.7815709531632],[17.2711003356362,51.7818038054394],[17.2712977332952,51.7822159768415],[17.2579484604645,51.7857007591386]]]},"properties":{"case_id":"ST-WK-GO/WNIOSEK/11636/2026","source_type":"wniosek_decyzja","received_date":"2026-06-18","decision_date":"2026-07-28","status":"decyzja wydana","description":"Budowa budynku inqwentarskiego-obory o obsadzie do 242 DJP wraz z infrastrukturą towarzyszącząi  zbiornikiem płynnym na nawozy naturalne, zbiornikiem zewnetrznym na mleko","address":"Paradów","city":"Paradów","office":"Starosta Powiatu Gostyń","case_kind":"Obiekt budowlany inny niż budynek mieszkalny jednorodzinny","parcel_ids":["300406_5.0012.89"],"location_quality":"dokładny","gunb_url":"https://wyszukiwarka.gunb.gov.pl/","parcel_count":1,"parcel_shard":"x069-y207","parcel_id":"300406_5.0012.89","location_source":"powiat gostyński (wfs)"}},{"type":"Feature","id":"ST-WK-GO/WNIOSEK/19454/2025::300406_5.0012.91","geometry":{"type":"Polygon","coordinates":[[[17.257894380276,51.7838649536381],[17.2578670534368,51.7827482218166],[17.2578630873477,51.7826366486995],[17.2605381791112,51.7820359594976],[17.2632031656131,51.7813299684229],[17.2658679249946,51.7806240078533],[17.2685325995486,51.7799178976588],[17.2701217893618,51.7794993502956],[17.2706439384591,51.7805035570257],[17.2685714224779,51.7810499492721],[17.2659037311093,51.7817521202261],[17.2632359576702,51.7824543213605],[17.2605681000644,51.7831563725895],[17.257894380276,51.7838649536381]]]},"properties":{"case_id":"ST-WK-GO/WNIOSEK/19454/2025","source_type":"wniosek_decyzja","received_date":"2025-09-19","decision_date":"2025-10-22","status":"decyzja wydana","description":"rozbiórka budynku mieszkalnego jednorodzinnego","address":"Paradów","city":"Paradów","office":"Starosta Powiatu Gostyń","case_kind":"Budynek mieszkalny jednorodzinny","parcel_ids":["300406_5.0012.91"],"location_quality":"dokładny","gunb_url":"https://wyszukiwarka.gunb.gov.pl/","parcel_count":1,"parcel_shard":"x069-y207","parcel_id":"300406_5.0012.91","location_source":"powiat gostyński (wfs)"}},{"type":"Feature","id":"ST-WK-JA/WNIOSEK/4578/2026::300601_4.0001.1031","geometry":{"type":"Polygon","coordinates":[[[17.2899966194132,51.9690936054433],[17.2903132509134,51.9690396969173],[17.2899818021087,51.9685763311786],[17.2896190766765,51.9686741830417],[17.2898972534544,51.9690644236139],[17.2899966194132,51.9690936054433]]]},"properties":{"case_id":"ST-WK-JA/WNIOSEK/4578/2026","source_type":"wniosek_decyzja","received_date":"2026-03-10","decision_date":"2026-04-16","status":"decyzja wydana","description":"budynek garażowy","address":"Jaraczewo","city":"Jaraczewo","office":"Starosta Powiatu Jarocin","case_kind":"Obiekt budowlany inny niż budynek mieszkalny jednorodzinny","parcel_ids":["300601_4.0001.1031"],"location_quality":"dokładny","gunb_url":"https://wyszukiwarka.gunb.gov.pl/","parcel_count":1,"parcel_shard":"x069-y207","parcel_id":"300601_4.0001.1031","location_source":"powiat jarociński (wfs)"}},{"type":"Feature","id":"ST-WK-JA/WNIOSEK/21756/2025::300601_4.0001.426/4","geometry":{"type":"Polygon","coordinates":[[[17.2878531710714,51.9709994585082],[17.2880327787821,51.9714926713534],[17.2875505914001,51.9714922819425],[17.2876279050618,51.9717045929942],[17.2876821633268,51.9718529579171],[17.288308546981,51.9718973720229],[17.2885207866397,51.971912136869],[17.2887446515579,51.9714224602988],[17.2889755440976,51.9709206016627],[17.288149426089,51.9709825734252],[17.2878531710714,51.9709994585082]]]},"properties":{"case_id":"ST-WK-JA/WNIOSEK/21756/2025","source_type":"wniosek_decyzja","received_date":"2025-10-22","decision_date":"2025-11-17","status":"decyzja wydana","description":"Budowa budynku gospodarczego","address":"Jaraczewo","city":"Jaraczewo","office":"Starosta Powiatu Jarocin","case_kind":"Obiekt budowlany inny niż budynek mieszkalny jednorodzinny","parcel_ids":["300601_4.0001.426/4"],"location_quality":"dokładny","gunb_url":"https://wyszukiwarka.gunb.gov.pl/","parcel_count":1,"parcel_shard":"x069-y207","parcel_id":"300601_4.0001.426/4","location_source":"powiat jarociński (wfs)"}},{"type":"Feature","id":"ST-WK-JA/WNIOSEK/8256/2026::300601_4.0001.466","geometry":{"type":"Polygon","coordinates":[[[17.3106882669289,51.969587852905],[17.3097593210026,51.9697958529613],[17.3090237161359,51.9699779920434],[17.3090399164306,51.969991478584],[17.3091924715043,51.9701580373472],[17.310202314439,51.9716319616548],[17.3111054362965,51.9729759283311],[17.3127390928824,51.9728834742664],[17.3115118993758,51.9709115721471],[17.3106882669289,51.969587852905]]]},"properties":{"case_id":"ST-WK-JA/WNIOSEK/8256/2026","source_type":"wniosek_decyzja","received_date":"2026-04-29","decision_date":"2026-06-02","status":"decyzja wydana","description":"Przebudowa poddasza i dachu buydnku inwentarskiego","address":"Jaraczewo","city":"Jaraczewo","office":"Starosta Powiatu Jarocin","case_kind":"Obiekt budowlany inny niż budynek mieszkalny jednorodzinny","parcel_ids":["300601_4.0001.466"],"location_quality":"dokładny","gunb_url":"https://wyszukiwarka.gunb.gov.pl/","parcel_count":1,"parcel_shard":"x069-y207","parcel_id":"300601_4.0001.466","location_source":"powiat jarociński (wfs)"}},{"type":"Feature","id":"ST-WK-JA/WNIOSEK/7992/2026::300601_4.0001.512/1","geometry":{"type":"Polygon","coordinates":[[[17.2893273094339,51.969909908478],[17.2890952034359,51.9699228077086],[17.2890724808671,51.9698713730384],[17.2885572741085,51.9699007169584],[17.2886660894924,51.970205426679],[17.2894670068656,51.9701525195111],[17.2894648738128,51.9701030893089],[17.2893273094339,51.969909908478]]]},"properties":{"case_id":"ST-WK-JA/WNIOSEK/7992/2026","source_type":"wniosek_decyzja","received_date":"2026-04-22","decision_date":"2026-06-16","status":"decyzja wydana","description":"Zmiana sposobu użytkowania budynku biurowego na mieszkalny wielorodzinny z rozbudową i przebudową","address":"Jaraczewo","city":"Jaraczewo","office":"Starosta Powiatu Jarocin","case_kind":"Obiekt budowlany inny niż budynek mieszkalny jednorodzinny","parcel_ids":["300601_4.0001.512/1"],"location_quality":"dokładny","gunb_url":"https://wyszukiwarka.gunb.gov.pl/","parcel_count":1,"parcel_shard":"x069-y207","parcel_id":"300601_4.0001.512/1","location_source":"powiat jarociński (wfs)"}},{"type":"Feature","id":"ST-WK-KR/WNIOSEK/5468/2026::301203_4.0001.1180","geometry":{"type":"Polygon","coordinates":[[[17.4602824714948,51.8224065355574],[17.4600004511311,51.8223134148854],[17.4575034671515,51.8221294745119],[17.4551482994196,51.8221826763703],[17.4545831452906,51.8222082207657],[17.4535166627552,51.8222508461447],[17.4535086097261,51.8221791602779],[17.4575119790652,51.8220848242013],[17.4600089579176,51.8222688600849],[17.460839059195,51.8224243646625],[17.4607617956296,51.82255413367],[17.4602824714948,51.8224065355574]]]},"properties":{"case_id":"ST-WK-KR/WNIOSEK/5468/2026","source_type":"wniosek_decyzja","received_date":"2026-03-23","decision_date":"2026-05-19","status":"decyzja wydana","description":"Rozbiórka częściowa budynku mieszkalnego jednorodzinnego z przebudową ściany frontowej (pozostawienie fragmentu pierzei ze zmienioną formą architektoniczną) z docelowa zmianą sposobu użytkowania terenu zabudowy mieszkaniowej jednorodzinnej na teren usług publiczny","address":"Rynek Marszałka J. Piłsudskiego 11, Kobylin","city":"Kobylin","office":"Starosta Powiatu Krotoszyn","case_kind":"Obiekt budowlany inny niż budynek mieszkalny jednorodzinny","parcel_ids":["301203_4.0001.1180"],"location_quality":"dokładny","gunb_url":"https://wyszukiwarka.gunb.gov.pl/","parcel_count":1,"parcel_shard":"x069-y207","parcel_id":"301203_4.0001.1180","location_source":"powiat krotoszyński (wfs)"}},{"type":"Feature","id":"ST-WK-KR/WNIOSEK/12555/2026::301203_4.0001.1200/6","geometry":{"type":"Polygon","coordinates":[[[17.4503301299234,51.8214713909822],[17.4505422439424,51.8214922462461],[17.4504916757646,51.821842783504],[17.4502798714465,51.8218307399649],[17.4503301299234,51.8214713909822]]]},"properties":{"case_id":"ST-WK-KR/WNIOSEK/12555/2026","source_type":"wniosek_decyzja","received_date":"2026-06-26","decision_date":"2026-07-27","status":"decyzja wydana","description":"Rozbiórka budynku gospodarczego","address":"Zielona, Koźmin Wielkopolski","city":"Koźmin Wielkopolski","office":"Starosta Powiatu Krotoszyn","case_kind":"Obiekt budowlany inny niż budynek mieszkalny jednorodzinny","parcel_ids":["301203_4.0001.1200/6"],"location_quality":"dokładny","gunb_url":"https://wyszukiwarka.gunb.gov.pl/","parcel_count":1,"parcel_shard":"x069-y207","parcel_id":"301203_4.0001.1200/6","location_source":"powiat krotoszyński (wfs)"}},{"type":"Feature","id":"ST-WK-KR/ZGŁOSZENIE/1236/2026::301203_4.0001.1245/1","geometry":{"type":"Polygon","coordinates":[[[17.4520435843453,51.817410509313],[17.4520171769887,51.81723214568],[17.4520032688862,51.8170276839401],[17.4519925797356,51.8168687186568],[17.4519245892967,51.8165914682285],[17.4519497311229,51.8165871810602],[17.4519763646255,51.816699031384],[17.4520143404468,51.8168681908613],[17.4520219198404,51.8169846263705],[17.4520381952816,51.8172091433418],[17.4520512857886,51.8174092868147],[17.4520435843453,51.817410509313]]]},"properties":{"case_id":"ST-WK-KR/ZGŁOSZENIE/1236/2026","source_type":"zgloszenie","received_date":"2026-04-21","decision_date":null,"status":"Brak sprzeciwu","description":"Budowa elektroenergetycznej linii kablowej nn","address":"Krotoszyńska, Koźmin Wielkopolski","city":"Koźmin Wielkopolski","office":"Starosta Powiatu Krotoszyn","case_kind":"budowa nowego/nowych obiektów budowlanych","parcel_ids":["301203_4.0001.1245/1","301203_4.0001.2061","301203_5.0012.61/2"],"location_quality":"dokładny","gunb_url":"https://wyszukiwarka.gunb.gov.pl/","parcel_count":2,"parcel_shard":"x069-y207","parcel_id":"301203_4.0001.1245/1","location_source":"powiat krotoszyński (wfs)"}},{"type":"Feature","id":"ST-WK-KR/ZGŁOSZENIE/1236/2026::301203_4.0001.2061","geometry":{"type":"Polygon","coordinates":[[[17.4520848521584,51.8178834564402],[17.4523359374359,51.8176638851119],[17.4523447153589,51.8177758011904],[17.4523553255234,51.8179109295836],[17.4523622954462,51.8179996693604],[17.4523651743378,51.8180681007186],[17.4523681642744,51.8181391963051],[17.4523702182555,51.8181759803585],[17.4523753517455,51.8182679384436],[17.4523828610194,51.8184025074515],[17.4523923686724,51.8185729583303],[17.4523957347692,51.8186780060729],[17.4524010228252,51.818728158247],[17.4524108002746,51.8189035463485],[17.4524180338145,51.819027402563],[17.4524239042127,51.8191279281392],[17.4524326121497,51.8192585462231],[17.4524373470862,51.819329568033],[17.4524344957902,51.8194834702985],[17.4524349719944,51.8196129542338],[17.4522205855621,51.8196005313464],[17.4521942323936,51.8194551502761],[17.452166574664,51.8190080880441],[17.4521530887583,51.8188328289268],[17.4521492365136,51.818780937437],[17.4521332358286,51.8185567310966],[17.4521202715597,51.8183820754569],[17.4521182776287,51.8183552188792],[17.4521172226441,51.8183324353151],[17.4521156626235,51.8183123507808],[17.4521082163713,51.8182147314862],[17.4521053917128,51.8181760314685],[17.452101928991,51.8181082025667],[17.4520947174632,51.818026698091],[17.4520848521584,51.8178834564402]]]},"properties":{"case_id":"ST-WK-KR/ZGŁOSZENIE/1236/2026","source_type":"zgloszenie","received_date":"2026-04-21","decision_date":null,"status":"Brak sprzeciwu","description":"Budowa elektroenergetycznej linii kablowej nn","address":"Krotoszyńska, Koźmin Wielkopolski","city":"Koźmin Wielkopolski","office":"Starosta Powiatu Krotoszyn","case_kind":"budowa nowego/nowych obiektów budowlanych","parcel_ids":["301203_4.0001.1245/1","301203_4.0001.2061","301203_5.0012.61/2"],"location_quality":"dokładny","gunb_url":"https://wyszukiwarka.gunb.gov.pl/","parcel_count":2,"parcel_shard":"x069-y207","parcel_id":"301203_4.0001.2061","location_source":"powiat krotoszyński (wfs)"}},{"type":"Feature","id":"ST-WK-KR/WNIOSEK/6192/2026::301203_4.0001.1245/2","geometry":{"type":"Polygon","coordinates":[[[17.4520435843453,51.817410509313],[17.4515650483447,51.8174888151031],[17.4512986784214,51.8175323350434],[17.4510391626233,51.8175748693781],[17.4507811270846,51.8176165008826],[17.4504478368009,51.8176709188872],[17.4503698710229,51.8174871006607],[17.450337159768,51.8174101865763],[17.4502751240494,51.8172641042587],[17.450180662576,51.8170415585266],[17.4501194761039,51.8168972777728],[17.4510723944117,51.8167356230998],[17.4519245892967,51.8165914682285],[17.4519925797356,51.8168687186568],[17.4520032688862,51.8170276839401],[17.4520171769887,51.81723214568],[17.4520435843453,51.817410509313]]]},"properties":{"case_id":"ST-WK-KR/WNIOSEK/6192/2026","source_type":"wniosek_decyzja","received_date":"2026-03-31","decision_date":"2026-06-08","status":"decyzja wydana","description":"Budowa dwóch budynków handlowo-usługowych oraz dwóch budynków usługowych sportu, rekreacji oraz usług kultury wraz z niezbędną infrastrukturą towarzyszącą, budowa wiaty zewnętrznej, wiaty zewnętrznej na urządzenia techniczne, wydzielenie siłowni plenerowej wraz z terenem rekreacji oraz rozbiórka istn. budynku usługowego wraz z rozbiórką pozostałej istn. zabudowy","address":"Krotoszyńska 28, Koźmin Wielkopolski","city":"Koźmin Wielkopolski","office":"Starosta Powiatu Krotoszyn","case_kind":"Obiekt budowlany inny niż budynek mieszkalny jednorodzinny","parcel_ids":["301203_4.0001.1245/2"],"location_quality":"dokładny","gunb_url":"https://wyszukiwarka.gunb.gov.pl/","parcel_count":1,"parcel_shard":"x069-y207","parcel_id":"301203_4.0001.1245/2","location_source":"powiat krotoszyński (wfs)"}},{"type":"Feature","id":"ST-WK-KR/WNIOSEK/6176/2026::301203_4.0001.1246/2","geometry":{"type":"Polygon","coordinates":[[[17.4519245892967,51.8165914682285],[17.4510723944117,51.8167356230998],[17.4501194761039,51.8168972777728],[17.4494275763098,51.8170135868801],[17.4492720082992,51.8165694590901],[17.4499393748361,51.8164545641924],[17.4516573329481,51.816158867557],[17.451899302551,51.8165120724089],[17.4519207173937,51.8165759001963],[17.4519245892967,51.8165914682285]]]},"properties":{"case_id":"ST-WK-KR/WNIOSEK/6176/2026","source_type":"wniosek_decyzja","received_date":"2026-03-30","decision_date":"2026-05-15","status":"decyzja wydana","description":"Budowa zewnętrznej instalacji kanalizacji deszczowej wraz z separatorem substancji ropopochodnych oraz wylotem do rowu","address":"Lipowa, Koźmin Wielkopolski","city":"Koźmin Wielkopolski","office":"Starosta Powiatu Krotoszyn","case_kind":"Obiekt budowlany inny niż budynek mieszkalny jednorodzinny","parcel_ids":["301203_4.0001.1246/2","301203_4.0001.1247/2","301203_4.0012.46/2","301203_4.0012.47/27"],"location_quality":"dokładny","gunb_url":"https://wyszukiwarka.gunb.gov.pl/","parcel_count":2,"parcel_shard":"x069-y207","parcel_id":"301203_4.0001.1246/2","location_source":"powiat krotoszyński (wfs)"}},{"type":"Feature","id":"ST-WK-KR/WNIOSEK/6176/2026::301203_4.0001.1247/2","geometry":{"type":"Polygon","coordinates":[[[17.4516573329481,51.816158867557],[17.4499393748361,51.8164545641924],[17.4492720082992,51.8165694590901],[17.4490817864722,51.8166006568784],[17.4489904825528,51.8166175285218],[17.4489586657523,51.8166229530613],[17.4474679215303,51.8169200622081],[17.4473290181313,51.8169412742864],[17.4469164488118,51.8170447691112],[17.4466240406423,51.8171181773832],[17.4465333492485,51.8169944412204],[17.4467117387153,51.8169567100289],[17.4488963564609,51.8164886910664],[17.4515834979159,51.816028820184],[17.4516573329481,51.816158867557]]]},"properties":{"case_id":"ST-WK-KR/WNIOSEK/6176/2026","source_type":"wniosek_decyzja","received_date":"2026-03-30","decision_date":"2026-05-15","status":"decyzja wydana","description":"Budowa zewnętrznej instalacji kanalizacji deszczowej wraz z separatorem substancji ropopochodnych oraz wylotem do rowu","address":"Lipowa, Koźmin Wielkopolski","city":"Koźmin Wielkopolski","office":"Starosta Powiatu Krotoszyn","case_kind":"Obiekt budowlany inny niż budynek mieszkalny jednorodzinny","parcel_ids":["301203_4.0001.1246/2","301203_4.0001.1247/2","301203_4.0012.46/2","301203_4.0012.47/27"],"location_quality":"dokładny","gunb_url":"https://wyszukiwarka.gunb.gov.pl/","parcel_count":2,"parcel_shard":"x069-y207","parcel_id":"301203_4.0001.1247/2","location_source":"powiat krotoszyński (wfs)"}},{"type":"Feature","id":"ST-WK-KR/WNIOSEK/8288/2026::301203_4.0001.1248/11","geometry":{"type":"Polygon","coordinates":[[[17.450337159768,51.8174101865763],[17.4503698710229,51.8174871006607],[17.4504478368009,51.8176709188872],[17.4503622935472,51.8176807659474],[17.4501942624193,51.8178068971919],[17.4499501031078,51.8178484505716],[17.4495622093063,51.8179144085427],[17.4495510864631,51.8178869417689],[17.4494327772361,51.8175626246734],[17.450337159768,51.8174101865763]]]},"properties":{"case_id":"ST-WK-KR/WNIOSEK/8288/2026","source_type":"wniosek_decyzja","received_date":"2026-04-29","decision_date":"2026-07-08","status":"decyzja wydana","description":"Budowa budynku mieszkalnego jednorodzinnego z garażem","address":"Krotoszyńska, Koźmin Wielkopolski","city":"Koźmin Wielkopolski","office":"Starosta Powiatu Krotoszyn","case_kind":"Budynek mieszkalny jednorodzinny","parcel_ids":["301203_4.0001.1248/11"],"location_quality":"dokładny","gunb_url":"https://wyszukiwarka.gunb.gov.pl/","parcel_count":1,"parcel_shard":"x069-y207","parcel_id":"301203_4.0001.1248/11","location_source":"powiat krotoszyński (wfs)"}},{"type":"Feature","id":"ST-WK-KR/WNIOSEK/1712/2026::301203_4.0001.1256/3","geometry":{"type":"Polygon","coordinates":[[[17.4477617199564,51.8180031526881],[17.447297339117,51.8180724994422],[17.4472471612587,51.8179418414723],[17.447707801758,51.8178725662211],[17.4477617199564,51.8180031526881]]]},"properties":{"case_id":"ST-WK-KR/WNIOSEK/1712/2026","source_type":"wniosek_decyzja","received_date":"2026-01-29","decision_date":"2026-03-12","status":"decyzja wydana","description":"Przebudowa budynku gospodarczego wraz ze zmiana sposobu użytkowania na budynek mieszkalny 2 lokalowy","address":"Lipowa 10, Koźmin Wielkopolski","city":"Koźmin Wielkopolski","office":"Starosta Powiatu Krotoszyn","case_kind":"Obiekt budowlany inny niż budynek mieszkalny jednorodzinny","parcel_ids":["301203_4.0001.1256/3"],"location_quality":"dokładny","gunb_url":"https://wyszukiwarka.gunb.gov.pl/","parcel_count":1,"parcel_shard":"x069-y207","parcel_id":"301203_4.0001.1256/3","location_source":"powiat krotoszyński (wfs)"}},{"type":"Feature","id":"ST-WK-KR/ZGŁOSZENIE/95/2026::301203_4.0001.1312/5","geometry":{"type":"Polygon","coordinates":[[[17.4445068401612,51.8212876599707],[17.4445283622813,51.8218429001448],[17.4444856215238,51.8218439204963],[17.4444790100574,51.8216458978099],[17.444472184409,51.821467048129],[17.4444652168908,51.8212882911078],[17.4445068401612,51.8212876599707]]]},"properties":{"case_id":"ST-WK-KR/ZGŁOSZENIE/95/2026","source_type":"zgloszenie","received_date":"2026-01-09","decision_date":null,"status":"Brak sprzeciwu","description":"Budowa kanalizacji kablowej","address":"Koźmin Wielkopolski","city":"Koźmin Wielkopolski","office":"Starosta Powiatu Krotoszyn","case_kind":"budowa nowego/nowych obiektów budowlanych","parcel_ids":["301203_4.0001.1312/5","301203_4.0001.1313/7","301203_4.0001.1315","301203_4.0001.1338/2","301203_4.0001.1358","301203_4.0001.1360/1","301203_4.0001.1365","301203_4.0001.1368","301203_4.0001.1377/6","301203_4.0001.1378/3","301203_4.0001.1379","301203_4.0001.1380/3","301203_4.0001.1380/4","301203_4.0001.1387/5","301203_4.0001.1388/3","301203_4.0001.1389/3","301203_4.0001.1391/4","301203_4.0001.1395","301203_4.0001.1399/1","301203_4.0001.1420/5","301203_4.0001.1426/2","301203_4.0001.1519/3","301203_4.0001.1530"],"location_quality":"dokładny","gunb_url":"https://wyszukiwarka.gunb.gov.pl/","parcel_count":23,"parcel_shard":"x069-y207","parcel_id":"301203_4.0001.1312/5","location_source":"powiat krotoszyński (wfs)"}},{"type":"Feature","id":"ST-WK-KR/ZGŁOSZENIE/95/2026::301203_4.0001.1313/7","geometry":{"type":"Polygon","coordinates":[[[17.4445714975163,51.8235061961324],[17.4445393096137,51.8232577651876],[17.4445326058562,51.8230883088871],[17.4445262307576,51.8229174202818],[17.4445177309958,51.8227475887784],[17.4445115139503,51.8225784961131],[17.4445054341008,51.8224105841001],[17.4444990844083,51.8222684929929],[17.4445000032446,51.8221251464179],[17.4444879695303,51.821888873722],[17.4444856215238,51.8218439204963],[17.4445283622813,51.8218429001448],[17.4445921011689,51.8235056642408],[17.4445714975163,51.8235061961324]]]},"properties":{"case_id":"ST-WK-KR/ZGŁOSZENIE/95/2026","source_type":"zgloszenie","received_date":"2026-01-09","decision_date":null,"status":"Brak sprzeciwu","description":"Budowa kanalizacji kablowej","address":"Koźmin Wielkopolski","city":"Koźmin Wielkopolski","office":"Starosta Powiatu Krotoszyn","case_kind":"budowa nowego/nowych obiektów budowlanych","parcel_ids":["301203_4.0001.1312/5","301203_4.0001.1313/7","301203_4.0001.1315","301203_4.0001.1338/2","301203_4.0001.1358","301203_4.0001.1360/1","301203_4.0001.1365","301203_4.0001.1368","301203_4.0001.1377/6","301203_4.0001.1378/3","301203_4.0001.1379","301203_4.0001.1380/3","301203_4.0001.1380/4","301203_4.0001.1387/5","301203_4.0001.1388/3","301203_4.0001.1389/3","301203_4.0001.1391/4","301203_4.0001.1395","301203_4.0001.1399/1","301203_4.0001.1420/5","301203_4.0001.1426/2","301203_4.0001.1519/3","301203_4.0001.1530"],"location_quality":"dokładny","gunb_url":"https://wyszukiwarka.gunb.gov.pl/","parcel_count":23,"parcel_shard":"x069-y207","parcel_id":"301203_4.0001.1313/7","location_source":"powiat krotoszyński (wfs)"}},{"type":"Feature","id":"ST-WK-KR/ZGŁOSZENIE/95/2026::301203_4.0001.1315","geometry":{"type":"Polygon","coordinates":[[[17.444584930627,51.8218424403136],[17.4446521021667,51.823504679058],[17.4446696516713,51.8240261304123],[17.4446824854314,51.8244100905099],[17.4446534770553,51.8244108241086],[17.4446279483846,51.8244123160625],[17.4446082455857,51.8239139948873],[17.4445921011689,51.8235056642408],[17.4445283622813,51.8218429001448],[17.4445559250372,51.8218428996978],[17.444584930627,51.8218424403136]]]},"properties":{"case_id":"ST-WK-KR/ZGŁOSZENIE/95/2026","source_type":"zgloszenie","received_date":"2026-01-09","decision_date":null,"status":"Brak sprzeciwu","description":"Budowa kanalizacji kablowej","address":"Koźmin Wielkopolski","city":"Koźmin Wielkopolski","office":"Starosta Powiatu Krotoszyn","case_kind":"budowa nowego/nowych obiektów budowlanych","parcel_ids":["301203_4.0001.1312/5","301203_4.0001.1313/7","301203_4.0001.1315","301203_4.0001.1338/2","301203_4.0001.1358","301203_4.0001.1360/1","301203_4.0001.1365","301203_4.0001.1368","301203_4.0001.1377/6","301203_4.0001.1378/3","301203_4.0001.1379","301203_4.0001.1380/3","301203_4.0001.1380/4","301203_4.0001.1387/5","301203_4.0001.1388/3","301203_4.0001.1389/3","301203_4.0001.1391/4","301203_4.0001.1395","301203_4.0001.1399/1","301203_4.0001.1420/5","301203_4.0001.1426/2","301203_4.0001.1519/3","301203_4.0001.1530"],"location_quality":"dokładny","gunb_url":"https://wyszukiwarka.gunb.gov.pl/","parcel_count":23,"parcel_shard":"x069-y207","parcel_id":"301203_4.0001.1315","location_source":"powiat krotoszyński (wfs)"}},{"type":"Feature","id":"ST-WK-KR/ZGŁOSZENIE/95/2026::301203_4.0001.1338/2","geometry":{"type":"Polygon","coordinates":[[[17.4383681174079,51.8245636444278],[17.4405874535715,51.8245105179715],[17.4410951327279,51.8245009006141],[17.4414740166993,51.8244939449366],[17.441554993684,51.8244925998604],[17.4418859212838,51.8244836098302],[17.4420603945849,51.8244832043646],[17.4422363356008,51.8244827473826],[17.442308108973,51.824465986031],[17.4423459844914,51.8244585052247],[17.4424176211353,51.8245775819354],[17.4422983363944,51.8245816903583],[17.4416462195021,51.8246016067431],[17.4413309932117,51.8246091479532],[17.4410158232312,51.824617158474],[17.44070055781,51.8246255293998],[17.4403857042716,51.8246335005297],[17.4400706000885,51.8246412476185],[17.4397483290014,51.8246492604323],[17.4391050432912,51.824667439686],[17.4387857830341,51.8246753230579],[17.4387727577656,51.8246756612861],[17.4386078903783,51.8246812949016],[17.4384408280232,51.8245995788798],[17.4383681174079,51.8245636444278]]]},"properties":{"case_id":"ST-WK-KR/ZGŁOSZENIE/95/2026","source_type":"zgloszenie","received_date":"2026-01-09","decision_date":null,"status":"Brak sprzeciwu","description":"Budowa kanalizacji kablowej","address":"Koźmin Wielkopolski","city":"Koźmin Wielkopolski","office":"Starosta Powiatu Krotoszyn","case_kind":"budowa nowego/nowych obiektów budowlanych","parcel_ids":["301203_4.0001.1312/5","301203_4.0001.1313/7","301203_4.0001.1315","301203_4.0001.1338/2","301203_4.0001.1358","301203_4.0001.1360/1","301203_4.0001.1365","301203_4.0001.1368","301203_4.0001.1377/6","301203_4.0001.1378/3","301203_4.0001.1379","301203_4.0001.1380/3","301203_4.0001.1380/4","301203_4.0001.1387/5","301203_4.0001.1388/3","301203_4.0001.1389/3","301203_4.0001.1391/4","301203_4.0001.1395","301203_4.0001.1399/1","301203_4.0001.1420/5","301203_4.0001.1426/2","301203_4.0001.1519/3","301203_4.0001.1530"],"location_quality":"dokładny","gunb_url":"https://wyszukiwarka.gunb.gov.pl/","parcel_count":23,"parcel_shard":"x069-y207","parcel_id":"301203_4.0001.1338/2","location_source":"powiat krotoszyński (wfs)"}},{"type":"Feature","id":"ST-WK-KR/ZGŁOSZENIE/95/2026::301203_4.0001.1358","geometry":{"type":"Polygon","coordinates":[[[17.4387463345862,51.8305285211542],[17.4387440507045,51.8304321544361],[17.4387364921955,51.8301065579278],[17.4387292315448,51.8297920185752],[17.4387270123465,51.8297021238137],[17.4387197518051,51.8293875844393],[17.4386874046681,51.8280244854147],[17.4386457630012,51.8262756021538],[17.438637126281,51.8258848812127],[17.4386288355519,51.8257902733006],[17.4386321144206,51.8256767998861],[17.4386241892536,51.8253490761594],[17.4386178110513,51.8251344593789],[17.4386078903783,51.8246812949016],[17.4387727577656,51.8246756612861],[17.4387870768421,51.8254101238764],[17.4387932854842,51.8257270833366],[17.4387987394486,51.8258253067239],[17.4388104791797,51.82675371708],[17.438823282597,51.8267533928617],[17.438830745344,51.8269933294378],[17.4388341260184,51.8271882145384],[17.438837650509,51.8273948751498],[17.4388448688108,51.8276544951729],[17.4388488850902,51.8277982391734],[17.4388490635109,51.8278072284447],[17.4388689762048,51.8287613542746],[17.4388706214178,51.8288157420559],[17.4388743396028,51.828860149836],[17.4388762136428,51.828977282452],[17.4389034926435,51.830488613686],[17.4387463345862,51.8305285211542]]]},"properties":{"case_id":"ST-WK-KR/ZGŁOSZENIE/95/2026","source_type":"zgloszenie","received_date":"2026-01-09","decision_date":null,"status":"Brak sprzeciwu","description":"Budowa kanalizacji kablowej","address":"Koźmin Wielkopolski","city":"Koźmin Wielkopolski","office":"Starosta Powiatu Krotoszyn","case_kind":"budowa nowego/nowych obiektów budowlanych","parcel_ids":["301203_4.0001.1312/5","301203_4.0001.1313/7","301203_4.0001.1315","301203_4.0001.1338/2","301203_4.0001.1358","301203_4.0001.1360/1","301203_4.0001.1365","301203_4.0001.1368","301203_4.0001.1377/6","301203_4.0001.1378/3","301203_4.0001.1379","301203_4.0001.1380/3","301203_4.0001.1380/4","301203_4.0001.1387/5","301203_4.0001.1388/3","301203_4.0001.1389/3","301203_4.0001.1391/4","301203_4.0001.1395","301203_4.0001.1399/1","301203_4.0001.1420/5","301203_4.0001.1426/2","301203_4.0001.1519/3","301203_4.0001.1530"],"location_quality":"dokładny","gunb_url":"https://wyszukiwarka.gunb.gov.pl/","parcel_count":23,"parcel_shard":"x069-y207","parcel_id":"301203_4.0001.1358","location_source":"powiat krotoszyński (wfs)"}},{"type":"Feature","id":"ST-WK-KR/ZGŁOSZENIE/95/2026::301203_4.0001.1360/1","geometry":{"type":"Polygon","coordinates":[[[17.4422099516756,51.8277211964711],[17.4421954687522,51.8277075552742],[17.4420575271079,51.8275772880015],[17.4418182072046,51.827351531899],[17.4417690987382,51.827310850945],[17.441541609348,51.8271374630184],[17.4415083144812,51.8271120598615],[17.4413295305374,51.8269849110943],[17.4412456976557,51.8269252791767],[17.4411437857276,51.8268613367399],[17.4408793610305,51.826695591934],[17.4405924021961,51.8265386307697],[17.4405540090421,51.826516316697],[17.4403980422052,51.8264396620347],[17.440319482535,51.8264015183031],[17.4401717272758,51.826329754632],[17.4400656330656,51.8262847785661],[17.4397701560886,51.8261596804228],[17.4395657198471,51.8260813648615],[17.4394042208552,51.8260195803615],[17.4388134731127,51.8258300652417],[17.4387987394486,51.8258253067239],[17.4387932854842,51.8257270833366],[17.4392501296491,51.8258591930824],[17.4396784583867,51.8260133185185],[17.4400300439009,51.8261565605843],[17.4400974100862,51.8261869026232],[17.4404247202601,51.8263344322643],[17.4406066352217,51.8264272491563],[17.4407389649681,51.8264946624207],[17.4409315575697,51.8266038885027],[17.4410832411482,51.8266899095157],[17.441366993821,51.8268681810354],[17.4414546293609,51.8269275724093],[17.4416286850305,51.827052216784],[17.4417340210699,51.8271326238576],[17.4418669569297,51.8272331459417],[17.4418837123582,51.8272458920392],[17.4419037357072,51.8272631117531],[17.4419530545301,51.8273054016773],[17.4421958077611,51.8275137305749],[17.4423987361143,51.8277166086696],[17.4422099516756,51.8277211964711]]]},"properties":{"case_id":"ST-WK-KR/ZGŁOSZENIE/95/2026","source_type":"zgloszenie","received_date":"2026-01-09","decision_date":null,"status":"Brak sprzeciwu","description":"Budowa kanalizacji kablowej","address":"Koźmin Wielkopolski","city":"Koźmin Wielkopolski","office":"Starosta Powiatu Krotoszyn","case_kind":"budowa nowego/nowych obiektów budowlanych","parcel_ids":["301203_4.0001.1312/5","301203_4.0001.1313/7","301203_4.0001.1315","301203_4.0001.1338/2","301203_4.0001.1358","301203_4.0001.1360/1","301203_4.0001.1365","301203_4.0001.1368","301203_4.0001.1377/6","301203_4.0001.1378/3","301203_4.0001.1379","301203_4.0001.1380/3","301203_4.0001.1380/4","301203_4.0001.1387/5","301203_4.0001.1388/3","301203_4.0001.1389/3","301203_4.0001.1391/4","301203_4.0001.1395","301203_4.0001.1399/1","301203_4.0001.1420/5","301203_4.0001.1426/2","301203_4.0001.1519/3","301203_4.0001.1530"],"location_quality":"dokładny","gunb_url":"https://wyszukiwarka.gunb.gov.pl/","parcel_count":23,"parcel_shard":"x069-y207","parcel_id":"301203_4.0001.1360/1","location_source":"powiat krotoszyński (wfs)"}},{"type":"Feature","id":"ST-WK-KR/ZGŁOSZENIE/95/2026::301203_4.0001.1365","geometry":{"type":"Polygon","coordinates":[[[17.4388104791797,51.82675371708],[17.4387987394486,51.8258253067239],[17.4388134731127,51.8258300652417],[17.4388043316542,51.8260378995784],[17.4388133105156,51.8260796843854],[17.4388135400521,51.8260873620969],[17.4388203293747,51.8263145350292],[17.4388251209034,51.8264410168124],[17.4388156964499,51.8264841401097],[17.438827707297,51.8265848405708],[17.438823282597,51.8267533928617],[17.4388104791797,51.82675371708]]]},"properties":{"case_id":"ST-WK-KR/ZGŁOSZENIE/95/2026","source_type":"zgloszenie","received_date":"2026-01-09","decision_date":null,"status":"Brak sprzeciwu","description":"Budowa kanalizacji kablowej","address":"Koźmin Wielkopolski","city":"Koźmin Wielkopolski","office":"Starosta Powiatu Krotoszyn","case_kind":"budowa nowego/nowych obiektów budowlanych","parcel_ids":["301203_4.0001.1312/5","301203_4.0001.1313/7","301203_4.0001.1315","301203_4.0001.1338/2","301203_4.0001.1358","301203_4.0001.1360/1","301203_4.0001.1365","301203_4.0001.1368","301203_4.0001.1377/6","301203_4.0001.1378/3","301203_4.0001.1379","301203_4.0001.1380/3","301203_4.0001.1380/4","301203_4.0001.1387/5","301203_4.0001.1388/3","301203_4.0001.1389/3","301203_4.0001.1391/4","301203_4.0001.1395","301203_4.0001.1399/1","301203_4.0001.1420/5","301203_4.0001.1426/2","301203_4.0001.1519/3","301203_4.0001.1530"],"location_quality":"dokładny","gunb_url":"https://wyszukiwarka.gunb.gov.pl/","parcel_count":23,"parcel_shard":"x069-y207","parcel_id":"301203_4.0001.1365","location_source":"powiat krotoszyński (wfs)"}},{"type":"Feature","id":"ST-WK-KR/ZGŁOSZENIE/95/2026::301203_4.0001.1368","geometry":{"type":"Polygon","coordinates":[[[17.4387870768421,51.8254101238764],[17.4387727577656,51.8246756612861],[17.4387857830341,51.8246753230579],[17.4387974273234,51.8251671041514],[17.4388010376904,51.8254099921073],[17.4387870768421,51.8254101238764]]]},"properties":{"case_id":"ST-WK-KR/ZGŁOSZENIE/95/2026","source_type":"zgloszenie","received_date":"2026-01-09","decision_date":null,"status":"Brak sprzeciwu","description":"Budowa kanalizacji kablowej","address":"Koźmin Wielkopolski","city":"Koźmin Wielkopolski","office":"Starosta Powiatu Krotoszyn","case_kind":"budowa nowego/nowych obiektów budowlanych","parcel_ids":["301203_4.0001.1312/5","301203_4.0001.1313/7","301203_4.0001.1315","301203_4.0001.1338/2","301203_4.0001.1358","301203_4.0001.1360/1","301203_4.0001.1365","301203_4.0001.1368","301203_4.0001.1377/6","301203_4.0001.1378/3","301203_4.0001.1379","301203_4.0001.1380/3","301203_4.0001.1380/4","301203_4.0001.1387/5","301203_4.0001.1388/3","301203_4.0001.1389/3","301203_4.0001.1391/4","301203_4.0001.1395","301203_4.0001.1399/1","301203_4.0001.1420/5","301203_4.0001.1426/2","301203_4.0001.1519/3","301203_4.0001.1530"],"location_quality":"dokładny","gunb_url":"https://wyszukiwarka.gunb.gov.pl/","parcel_count":23,"parcel_shard":"x069-y207","parcel_id":"301203_4.0001.1368","location_source":"powiat krotoszyński (wfs)"}},{"type":"Feature","id":"ST-WK-KR/ZGŁOSZENIE/95/2026::301203_4.0001.1377/6","geometry":{"type":"Polygon","coordinates":[[[17.4422983363944,51.8245816903583],[17.4424176211353,51.8245775819354],[17.4426544486456,51.8245812211912],[17.4427959951105,51.8245715551677],[17.4428448625186,51.8246668841882],[17.4428865412864,51.8250039677168],[17.4429009766552,51.8251742768193],[17.4423385437778,51.8251903073757],[17.4422983363944,51.8245816903583]]]},"properties":{"case_id":"ST-WK-KR/ZGŁOSZENIE/95/2026","source_type":"zgloszenie","received_date":"2026-01-09","decision_date":null,"status":"Brak sprzeciwu","description":"Budowa kanalizacji kablowej","address":"Koźmin Wielkopolski","city":"Koźmin Wielkopolski","office":"Starosta Powiatu Krotoszyn","case_kind":"budowa nowego/nowych obiektów budowlanych","parcel_ids":["301203_4.0001.1312/5","301203_4.0001.1313/7","301203_4.0001.1315","301203_4.0001.1338/2","301203_4.0001.1358","301203_4.0001.1360/1","301203_4.0001.1365","301203_4.0001.1368","301203_4.0001.1377/6","301203_4.0001.1378/3","301203_4.0001.1379","301203_4.0001.1380/3","301203_4.0001.1380/4","301203_4.0001.1387/5","301203_4.0001.1388/3","301203_4.0001.1389/3","301203_4.0001.1391/4","301203_4.0001.1395","301203_4.0001.1399/1","301203_4.0001.1420/5","301203_4.0001.1426/2","301203_4.0001.1519/3","301203_4.0001.1530"],"location_quality":"dokładny","gunb_url":"https://wyszukiwarka.gunb.gov.pl/","parcel_count":23,"parcel_shard":"x069-y207","parcel_id":"301203_4.0001.1377/6","location_source":"powiat krotoszyński (wfs)"}},{"type":"Feature","id":"ST-WK-KR/ZGŁOSZENIE/95/2026::301203_4.0001.1378/3","geometry":{"type":"Polygon","coordinates":[[[17.4430080280438,51.8262444959054],[17.4430235494841,51.8263666785799],[17.442333062189,51.8263860111504],[17.4423237857586,51.8262679491982],[17.4430080280438,51.8262444959054]]]},"properties":{"case_id":"ST-WK-KR/ZGŁOSZENIE/95/2026","source_type":"zgloszenie","received_date":"2026-01-09","decision_date":null,"status":"Brak sprzeciwu","description":"Budowa kanalizacji kablowej","address":"Koźmin Wielkopolski","city":"Koźmin Wielkopolski","office":"Starosta Powiatu Krotoszyn","case_kind":"budowa nowego/nowych obiektów budowlanych","parcel_ids":["301203_4.0001.1312/5","301203_4.0001.1313/7","301203_4.0001.1315","301203_4.0001.1338/2","301203_4.0001.1358","301203_4.0001.1360/1","301203_4.0001.1365","301203_4.0001.1368","301203_4.0001.1377/6","301203_4.0001.1378/3","301203_4.0001.1379","301203_4.0001.1380/3","301203_4.0001.1380/4","301203_4.0001.1387/5","301203_4.0001.1388/3","301203_4.0001.1389/3","301203_4.0001.1391/4","301203_4.0001.1395","301203_4.0001.1399/1","301203_4.0001.1420/5","301203_4.0001.1426/2","301203_4.0001.1519/3","301203_4.0001.1530"],"location_quality":"dokładny","gunb_url":"https://wyszukiwarka.gunb.gov.pl/","parcel_count":23,"parcel_shard":"x069-y207","parcel_id":"301203_4.0001.1378/3","location_source":"powiat krotoszyński (wfs)"}},{"type":"Feature","id":"ST-WK-KR/ZGŁOSZENIE/95/2026::301203_4.0001.1379","geometry":{"type":"Polygon","coordinates":[[[17.4414081346278,51.8264118231786],[17.4416542398853,51.8264049920393],[17.4421686529632,51.826390624562],[17.442333062189,51.8263860111504],[17.4430235494841,51.8263666785799],[17.4430525621212,51.8266325571456],[17.4418581399795,51.8266675228555],[17.4414196190911,51.8266795529001],[17.4414097206417,51.826447784396],[17.4414081346278,51.8264118231786]]]},"properties":{"case_id":"ST-WK-KR/ZGŁOSZENIE/95/2026","source_type":"zgloszenie","received_date":"2026-01-09","decision_date":null,"status":"Brak sprzeciwu","description":"Budowa kanalizacji kablowej","address":"Koźmin Wielkopolski","city":"Koźmin Wielkopolski","office":"Starosta Powiatu Krotoszyn","case_kind":"budowa nowego/nowych obiektów budowlanych","parcel_ids":["301203_4.0001.1312/5","301203_4.0001.1313/7","301203_4.0001.1315","301203_4.0001.1338/2","301203_4.0001.1358","301203_4.0001.1360/1","301203_4.0001.1365","301203_4.0001.1368","301203_4.0001.1377/6","301203_4.0001.1378/3","301203_4.0001.1379","301203_4.0001.1380/3","301203_4.0001.1380/4","301203_4.0001.1387/5","301203_4.0001.1388/3","301203_4.0001.1389/3","301203_4.0001.1391/4","301203_4.0001.1395","301203_4.0001.1399/1","301203_4.0001.1420/5","301203_4.0001.1426/2","301203_4.0001.1519/3","301203_4.0001.1530"],"location_quality":"dokładny","gunb_url":"https://wyszukiwarka.gunb.gov.pl/","parcel_count":23,"parcel_shard":"x069-y207","parcel_id":"301203_4.0001.1379","location_source":"powiat krotoszyński (wfs)"}},{"type":"Feature","id":"ST-WK-KR/ZGŁOSZENIE/95/2026::301203_4.0001.1380/3","geometry":{"type":"Polygon","coordinates":[[[17.443055946605,51.8266639427588],[17.443078402381,51.8268747126429],[17.4419839505991,51.8269105375112],[17.4418759826428,51.8269139801316],[17.4418603632205,51.8266989029939],[17.4430196681448,51.8266650293456],[17.443055946605,51.8266639427588]]]},"properties":{"case_id":"ST-WK-KR/ZGŁOSZENIE/95/2026","source_type":"zgloszenie","received_date":"2026-01-09","decision_date":null,"status":"Brak sprzeciwu","description":"Budowa kanalizacji kablowej","address":"Koźmin Wielkopolski","city":"Koźmin Wielkopolski","office":"Starosta Powiatu Krotoszyn","case_kind":"budowa nowego/nowych obiektów budowlanych","parcel_ids":["301203_4.0001.1312/5","301203_4.0001.1313/7","301203_4.0001.1315","301203_4.0001.1338/2","301203_4.0001.1358","301203_4.0001.1360/1","301203_4.0001.1365","301203_4.0001.1368","301203_4.0001.1377/6","301203_4.0001.1378/3","301203_4.0001.1379","301203_4.0001.1380/3","301203_4.0001.1380/4","301203_4.0001.1387/5","301203_4.0001.1388/3","301203_4.0001.1389/3","301203_4.0001.1391/4","301203_4.0001.1395","301203_4.0001.1399/1","301203_4.0001.1420/5","301203_4.0001.1426/2","301203_4.0001.1519/3","301203_4.0001.1530"],"location_quality":"dokładny","gunb_url":"https://wyszukiwarka.gunb.gov.pl/","parcel_count":23,"parcel_shard":"x069-y207","parcel_id":"301203_4.0001.1380/3","location_source":"powiat krotoszyński (wfs)"}},{"type":"Feature","id":"ST-WK-KR/ZGŁOSZENIE/95/2026::301203_4.0001.1380/4","geometry":{"type":"Polygon","coordinates":[[[17.4418581399795,51.8266675228555],[17.4430525621212,51.8266325571456],[17.443055946605,51.8266639427588],[17.4430196681448,51.8266650293456],[17.4418603632205,51.8266989029939],[17.4418581399795,51.8266675228555]]]},"properties":{"case_id":"ST-WK-KR/ZGŁOSZENIE/95/2026","source_type":"zgloszenie","received_date":"2026-01-09","decision_date":null,"status":"Brak sprzeciwu","description":"Budowa kanalizacji kablowej","address":"Koźmin Wielkopolski","city":"Koźmin Wielkopolski","office":"Starosta Powiatu Krotoszyn","case_kind":"budowa nowego/nowych obiektów budowlanych","parcel_ids":["301203_4.0001.1312/5","301203_4.0001.1313/7","301203_4.0001.1315","301203_4.0001.1338/2","301203_4.0001.1358","301203_4.0001.1360/1","301203_4.0001.1365","301203_4.0001.1368","301203_4.0001.1377/6","301203_4.0001.1378/3","301203_4.0001.1379","301203_4.0001.1380/3","301203_4.0001.1380/4","301203_4.0001.1387/5","301203_4.0001.1388/3","301203_4.0001.1389/3","301203_4.0001.1391/4","301203_4.0001.1395","301203_4.0001.1399/1","301203_4.0001.1420/5","301203_4.0001.1426/2","301203_4.0001.1519/3","301203_4.0001.1530"],"location_quality":"dokładny","gunb_url":"https://wyszukiwarka.gunb.gov.pl/","parcel_count":23,"parcel_shard":"x069-y207","parcel_id":"301203_4.0001.1380/4","location_source":"powiat krotoszyński (wfs)"}},{"type":"Feature","id":"ST-WK-KR/ZGŁOSZENIE/95/2026::301203_4.0001.1387/5","geometry":{"type":"Polygon","coordinates":[[[17.4450456907074,51.8272250646906],[17.4451022512935,51.8272237044531],[17.4451027818758,51.827647905709],[17.4450491219771,51.8276491577868],[17.4450481861349,51.8275262777577],[17.4450473839705,51.8274034850681],[17.4450472319548,51.8273737251803],[17.4450462146474,51.8272803294799],[17.4450456907074,51.8272250646906]]]},"properties":{"case_id":"ST-WK-KR/ZGŁOSZENIE/95/2026","source_type":"zgloszenie","received_date":"2026-01-09","decision_date":null,"status":"Brak sprzeciwu","description":"Budowa kanalizacji kablowej","address":"Koźmin Wielkopolski","city":"Koźmin Wielkopolski","office":"Starosta Powiatu Krotoszyn","case_kind":"budowa nowego/nowych obiektów budowlanych","parcel_ids":["301203_4.0001.1312/5","301203_4.0001.1313/7","301203_4.0001.1315","301203_4.0001.1338/2","301203_4.0001.1358","301203_4.0001.1360/1","301203_4.0001.1365","301203_4.0001.1368","301203_4.0001.1377/6","301203_4.0001.1378/3","301203_4.0001.1379","301203_4.0001.1380/3","301203_4.0001.1380/4","301203_4.0001.1387/5","301203_4.0001.1388/3","301203_4.0001.1389/3","301203_4.0001.1391/4","301203_4.0001.1395","301203_4.0001.1399/1","301203_4.0001.1420/5","301203_4.0001.1426/2","301203_4.0001.1519/3","301203_4.0001.1530"],"location_quality":"dokładny","gunb_url":"https://wyszukiwarka.gunb.gov.pl/","parcel_count":23,"parcel_shard":"x069-y207","parcel_id":"301203_4.0001.1387/5","location_source":"powiat krotoszyński (wfs)"}},{"type":"Feature","id":"ST-WK-KR/ZGŁOSZENIE/95/2026::301203_4.0001.1388/3","geometry":{"type":"Polygon","coordinates":[[[17.4450441963814,51.8270322653399],[17.445098345075,51.8270330434398],[17.4451022512935,51.8272237044531],[17.4450456907074,51.8272250646906],[17.445045115919,51.8271563933264],[17.4450441963814,51.8270322653399]]]},"properties":{"case_id":"ST-WK-KR/ZGŁOSZENIE/95/2026","source_type":"zgloszenie","received_date":"2026-01-09","decision_date":null,"status":"Brak sprzeciwu","description":"Budowa kanalizacji kablowej","address":"Koźmin Wielkopolski","city":"Koźmin Wielkopolski","office":"Starosta Powiatu Krotoszyn","case_kind":"budowa nowego/nowych obiektów budowlanych","parcel_ids":["301203_4.0001.1312/5","301203_4.0001.1313/7","301203_4.0001.1315","301203_4.0001.1338/2","301203_4.0001.1358","301203_4.0001.1360/1","301203_4.0001.1365","301203_4.0001.1368","301203_4.0001.1377/6","301203_4.0001.1378/3","301203_4.0001.1379","301203_4.0001.1380/3","301203_4.0001.1380/4","301203_4.0001.1387/5","301203_4.0001.1388/3","301203_4.0001.1389/3","301203_4.0001.1391/4","301203_4.0001.1395","301203_4.0001.1399/1","301203_4.0001.1420/5","301203_4.0001.1426/2","301203_4.0001.1519/3","301203_4.0001.1530"],"location_quality":"dokładny","gunb_url":"https://wyszukiwarka.gunb.gov.pl/","parcel_count":23,"parcel_shard":"x069-y207","parcel_id":"301203_4.0001.1388/3","location_source":"powiat krotoszyński (wfs)"}},{"type":"Feature","id":"ST-WK-KR/ZGŁOSZENIE/95/2026::301203_4.0001.1389/3","geometry":{"type":"Polygon","coordinates":[[[17.4450392533357,51.826583167426],[17.4451014666743,51.8265815010924],[17.445098345075,51.8270330434398],[17.4450441963814,51.8270322653399],[17.4450431307601,51.8268997773598],[17.4450416859435,51.8267812142086],[17.4450405129362,51.8266885309053],[17.4450392533357,51.826583167426]]]},"properties":{"case_id":"ST-WK-KR/ZGŁOSZENIE/95/2026","source_type":"zgloszenie","received_date":"2026-01-09","decision_date":null,"status":"Brak sprzeciwu","description":"Budowa kanalizacji kablowej","address":"Koźmin Wielkopolski","city":"Koźmin Wielkopolski","office":"Starosta Powiatu Krotoszyn","case_kind":"budowa nowego/nowych obiektów budowlanych","parcel_ids":["301203_4.0001.1312/5","301203_4.0001.1313/7","301203_4.0001.1315","301203_4.0001.1338/2","301203_4.0001.1358","301203_4.0001.1360/1","301203_4.0001.1365","301203_4.0001.1368","301203_4.0001.1377/6","301203_4.0001.1378/3","301203_4.0001.1379","301203_4.0001.1380/3","301203_4.0001.1380/4","301203_4.0001.1387/5","301203_4.0001.1388/3","301203_4.0001.1389/3","301203_4.0001.1391/4","301203_4.0001.1395","301203_4.0001.1399/1","301203_4.0001.1420/5","301203_4.0001.1426/2","301203_4.0001.1519/3","301203_4.0001.1530"],"location_quality":"dokładny","gunb_url":"https://wyszukiwarka.gunb.gov.pl/","parcel_count":23,"parcel_shard":"x069-y207","parcel_id":"301203_4.0001.1389/3","location_source":"powiat krotoszyński (wfs)"}},{"type":"Feature","id":"ST-WK-KR/ZGŁOSZENIE/95/2026::301203_4.0001.1391/4","geometry":{"type":"Polygon","coordinates":[[[17.4450650491608,51.8245247708556],[17.4451514161813,51.8245232979627],[17.4451541954048,51.8255751527203],[17.4451544850903,51.8257192584764],[17.4451549156906,51.8258544638494],[17.4451552435522,51.8260235546216],[17.4451556277659,51.8262165784384],[17.4451562495763,51.8264534722159],[17.4451565728222,51.8265800604879],[17.4451569843156,51.8267268028817],[17.4451572822993,51.8268423962324],[17.4451574082321,51.8268966026841],[17.4451605004839,51.8276464471165],[17.4451682145485,51.8280533784268],[17.4451684590375,51.828281415726],[17.4451691724093,51.8285056189629],[17.4451714568097,51.8289116186222],[17.4451154019306,51.8289251031051],[17.4451027818758,51.827647905709],[17.4451022512935,51.8272237044531],[17.445098345075,51.8270330434398],[17.4451014666743,51.8265815010924],[17.4450948179511,51.8263103174545],[17.4450925751529,51.8262183856616],[17.445083781948,51.8258566851163],[17.4450650491608,51.8245247708556]]]},"properties":{"case_id":"ST-WK-KR/ZGŁOSZENIE/95/2026","source_type":"zgloszenie","received_date":"2026-01-09","decision_date":null,"status":"Brak sprzeciwu","description":"Budowa kanalizacji kablowej","address":"Koźmin Wielkopolski","city":"Koźmin Wielkopolski","office":"Starosta Powiatu Krotoszyn","case_kind":"budowa nowego/nowych obiektów budowlanych","parcel_ids":["301203_4.0001.1312/5","301203_4.0001.1313/7","301203_4.0001.1315","301203_4.0001.1338/2","301203_4.0001.1358","301203_4.0001.1360/1","301203_4.0001.1365","301203_4.0001.1368","301203_4.0001.1377/6","301203_4.0001.1378/3","301203_4.0001.1379","301203_4.0001.1380/3","301203_4.0001.1380/4","301203_4.0001.1387/5","301203_4.0001.1388/3","301203_4.0001.1389/3","301203_4.0001.1391/4","301203_4.0001.1395","301203_4.0001.1399/1","301203_4.0001.1420/5","301203_4.0001.1426/2","301203_4.0001.1519/3","301203_4.0001.1530"],"location_quality":"dokładny","gunb_url":"https://wyszukiwarka.gunb.gov.pl/","parcel_count":23,"parcel_shard":"x069-y207","parcel_id":"301203_4.0001.1391/4","location_source":"powiat krotoszyński (wfs)"}},{"type":"Feature","id":"ST-WK-KR/ZGŁOSZENIE/95/2026::301203_4.0001.1395","geometry":{"type":"Polygon","coordinates":[[[17.4427959951105,51.8245715551677],[17.4429025454587,51.8245685966996],[17.4432167630619,51.8276978716521],[17.4431645648263,51.8276997423233],[17.4431287099168,51.8273455087352],[17.4431205175386,51.8272730916269],[17.4431159674407,51.8272281264138],[17.4431011287123,51.8270936234031],[17.4430871267332,51.8269586409251],[17.443078402381,51.8268747126429],[17.443055946605,51.8266639427588],[17.4430525621212,51.8266325571456],[17.4430235494841,51.8263666785799],[17.4430080280438,51.8262444959054],[17.4430042638998,51.82620861428],[17.4429994457832,51.8261640987786],[17.4429867084526,51.826055997635],[17.4429709399142,51.8259231639733],[17.4429541524241,51.8257435856875],[17.4429317037465,51.8255643401175],[17.4429206592996,51.8253847894657],[17.4429009766552,51.8251742768193],[17.4428865412864,51.8250039677168],[17.4428448625186,51.8246668841882],[17.4427959951105,51.8245715551677]]]},"properties":{"case_id":"ST-WK-KR/ZGŁOSZENIE/95/2026","source_type":"zgloszenie","received_date":"2026-01-09","decision_date":null,"status":"Brak sprzeciwu","description":"Budowa kanalizacji kablowej","address":"Koźmin Wielkopolski","city":"Koźmin Wielkopolski","office":"Starosta Powiatu Krotoszyn","case_kind":"budowa nowego/nowych obiektów budowlanych","parcel_ids":["301203_4.0001.1312/5","301203_4.0001.1313/7","301203_4.0001.1315","301203_4.0001.1338/2","301203_4.0001.1358","301203_4.0001.1360/1","301203_4.0001.1365","301203_4.0001.1368","301203_4.0001.1377/6","301203_4.0001.1378/3","301203_4.0001.1379","301203_4.0001.1380/3","301203_4.0001.1380/4","301203_4.0001.1387/5","301203_4.0001.1388/3","301203_4.0001.1389/3","301203_4.0001.1391/4","301203_4.0001.1395","301203_4.0001.1399/1","301203_4.0001.1420/5","301203_4.0001.1426/2","301203_4.0001.1519/3","301203_4.0001.1530"],"location_quality":"dokładny","gunb_url":"https://wyszukiwarka.gunb.gov.pl/","parcel_count":23,"parcel_shard":"x069-y207","parcel_id":"301203_4.0001.1395","location_source":"powiat krotoszyński (wfs)"}},{"type":"Feature","id":"ST-WK-KR/ZGŁOSZENIE/95/2026::301203_4.0001.1399/1","geometry":{"type":"Polygon","coordinates":[[[17.4482571383436,51.8244552338298],[17.4482565386495,51.8244363591508],[17.4451742327526,51.8245229095713],[17.4451514161813,51.8245232979627],[17.4450650491608,51.8245247708556],[17.445010363049,51.8245257055224],[17.4446616282509,51.8245316805566],[17.4440473277044,51.8245415021444],[17.4439476858561,51.8245433262205],[17.4431634113041,51.8245615896724],[17.4431491413284,51.8244308846963],[17.4434614009699,51.8244426869636],[17.4435194119216,51.8244414981877],[17.4438893836513,51.8244339486287],[17.4439308636077,51.824433136804],[17.4442614021333,51.8244238875468],[17.4446279483846,51.8244123160625],[17.4446534770553,51.8244108241086],[17.4446824854314,51.8244100905099],[17.4450452415501,51.8244014565272],[17.4452352141899,51.8243970609139],[17.4452588480797,51.8243964579785],[17.4454651403752,51.8243930761257],[17.4456708929516,51.824387574369],[17.4459403453791,51.8243803050088],[17.4460564316914,51.8243767171349],[17.4461072259236,51.8243746193647],[17.4463964329747,51.8243677629127],[17.4465417418365,51.8243648294148],[17.4466143972513,51.8243633622661],[17.4468320910037,51.8243597704654],[17.4470494974481,51.8243559993177],[17.4472685099574,51.8243523959661],[17.4474862411775,51.8243496084485],[17.4475346928039,51.8243490182264],[17.4477022619123,51.8243480540395],[17.4478827609277,51.8243436882046],[17.4479635781411,51.8243418204493],[17.4481314538521,51.8243377545205],[17.448654065764,51.8243268869337],[17.4485302912524,51.8244431606],[17.4482571383436,51.8244552338298]]]},"properties":{"case_id":"ST-WK-KR/ZGŁOSZENIE/95/2026","source_type":"zgloszenie","received_date":"2026-01-09","decision_date":null,"status":"Brak sprzeciwu","description":"Budowa kanalizacji kablowej","address":"Koźmin Wielkopolski","city":"Koźmin Wielkopolski","office":"Starosta Powiatu Krotoszyn","case_kind":"budowa nowego/nowych obiektów budowlanych","parcel_ids":["301203_4.0001.1312/5","301203_4.0001.1313/7","301203_4.0001.1315","301203_4.0001.1338/2","301203_4.0001.1358","301203_4.0001.1360/1","301203_4.0001.1365","301203_4.0001.1368","301203_4.0001.1377/6","301203_4.0001.1378/3","301203_4.0001.1379","301203_4.0001.1380/3","301203_4.0001.1380/4","301203_4.0001.1387/5","301203_4.0001.1388/3","301203_4.0001.1389/3","301203_4.0001.1391/4","301203_4.0001.1395","301203_4.0001.1399/1","301203_4.0001.1420/5","301203_4.0001.1426/2","301203_4.0001.1519/3","301203_4.0001.1530"],"location_quality":"dokładny","gunb_url":"https://wyszukiwarka.gunb.gov.pl/","parcel_count":23,"parcel_shard":"x069-y207","parcel_id":"301203_4.0001.1399/1","location_source":"powiat krotoszyński (wfs)"}},{"type":"Feature","id":"ST-WK-KR/ZGŁOSZENIE/95/2026::301203_4.0001.1420/5","geometry":{"type":"Polygon","coordinates":[[[17.4482571383436,51.8244552338298],[17.4485302912524,51.8244431606],[17.4484496473391,51.8245032840401],[17.4484504674091,51.8247934205667],[17.448451163031,51.8250185589772],[17.4484478993719,51.8252116077323],[17.4484466366257,51.8252871017748],[17.4484678296393,51.8261151960825],[17.4484873402729,51.8264636891692],[17.4484987722858,51.8266147396935],[17.4485164588791,51.8267149538827],[17.4485342982514,51.826773216151],[17.44858603916,51.8268814939553],[17.4486295232149,51.8269217373548],[17.4486804079042,51.8269524573417],[17.4487484084216,51.8269803027906],[17.4488857305889,51.8270254009234],[17.4489463472487,51.8270493021645],[17.4490005841124,51.8270781476595],[17.4491083370839,51.8271589387562],[17.4491504920904,51.8271816518446],[17.448891977518,51.8272401698702],[17.4488857674918,51.8271580553987],[17.4488870530191,51.8271400699002],[17.4487776475143,51.8271418981511],[17.4485056844822,51.8270043033249],[17.4483237996137,51.8263933652911],[17.4483159388739,51.8261957574881],[17.4482392147528,51.8261970723727],[17.4482311565668,51.8260265026029],[17.4482257094462,51.8259715209446],[17.4481951428263,51.8256213892852],[17.4482081678843,51.8255841758098],[17.4482159389018,51.8255187692875],[17.4482914111115,51.8255173851433],[17.4482571383436,51.8244552338298]]]},"properties":{"case_id":"ST-WK-KR/ZGŁOSZENIE/95/2026","source_type":"zgloszenie","received_date":"2026-01-09","decision_date":null,"status":"Brak sprzeciwu","description":"Budowa kanalizacji kablowej","address":"Koźmin Wielkopolski","city":"Koźmin Wielkopolski","office":"Starosta Powiatu Krotoszyn","case_kind":"budowa nowego/nowych obiektów budowlanych","parcel_ids":["301203_4.0001.1312/5","301203_4.0001.1313/7","301203_4.0001.1315","301203_4.0001.1338/2","301203_4.0001.1358","301203_4.0001.1360/1","301203_4.0001.1365","301203_4.0001.1368","301203_4.0001.1377/6","301203_4.0001.1378/3","301203_4.0001.1379","301203_4.0001.1380/3","301203_4.0001.1380/4","301203_4.0001.1387/5","301203_4.0001.1388/3","301203_4.0001.1389/3","301203_4.0001.1391/4","301203_4.0001.1395","301203_4.0001.1399/1","301203_4.0001.1420/5","301203_4.0001.1426/2","301203_4.0001.1519/3","301203_4.0001.1530"],"location_quality":"dokładny","gunb_url":"https://wyszukiwarka.gunb.gov.pl/","parcel_count":23,"parcel_shard":"x069-y207","parcel_id":"301203_4.0001.1420/5","location_source":"powiat krotoszyński (wfs)"}},{"type":"Feature","id":"ST-WK-KR/ZGŁOSZENIE/95/2026::301203_4.0001.1426/2","geometry":{"type":"Polygon","coordinates":[[[17.4451799844737,51.8268420691476],[17.4451572822993,51.8268423962324],[17.4451569843156,51.8267268028817],[17.4451990212957,51.8267261517178],[17.4457131050374,51.8267181565445],[17.4462759584292,51.826709396179],[17.4467401080428,51.8267030111157],[17.4467981282177,51.8267021798487],[17.446943181388,51.8267001471582],[17.4470012046991,51.8266994062203],[17.4472066069969,51.8266965291813],[17.4474799092684,51.8266927605157],[17.4477265331699,51.8266893519445],[17.448263307704,51.8266820223037],[17.4483481616325,51.8266808419337],[17.4483412208408,51.8267996324136],[17.4478792912316,51.8268056015425],[17.4476429713407,51.826809376494],[17.4475527412862,51.8268108629477],[17.4474947617549,51.8268118716072],[17.4473543021342,51.8268143170371],[17.4470135385987,51.826817990254],[17.4469555122034,51.8268185512986],[17.4468104882451,51.8268222916093],[17.4467523214073,51.8268230338726],[17.4464873090132,51.8268262174316],[17.4462787330762,51.8268289416057],[17.446051454868,51.8268318818832],[17.4457215264732,51.8268369464886],[17.4454433457677,51.8268382583101],[17.4451799844737,51.8268420691476]]]},"properties":{"case_id":"ST-WK-KR/ZGŁOSZENIE/95/2026","source_type":"zgloszenie","received_date":"2026-01-09","decision_date":null,"status":"Brak sprzeciwu","description":"Budowa kanalizacji kablowej","address":"Koźmin Wielkopolski","city":"Koźmin Wielkopolski","office":"Starosta Powiatu Krotoszyn","case_kind":"budowa nowego/nowych obiektów budowlanych","parcel_ids":["301203_4.0001.1312/5","301203_4.0001.1313/7","301203_4.0001.1315","301203_4.0001.1338/2","301203_4.0001.1358","301203_4.0001.1360/1","301203_4.0001.1365","301203_4.0001.1368","301203_4.0001.1377/6","301203_4.0001.1378/3","301203_4.0001.1379","301203_4.0001.1380/3","301203_4.0001.1380/4","301203_4.0001.1387/5","301203_4.0001.1388/3","301203_4.0001.1389/3","301203_4.0001.1391/4","301203_4.0001.1395","301203_4.0001.1399/1","301203_4.0001.1420/5","301203_4.0001.1426/2","301203_4.0001.1519/3","301203_4.0001.1530"],"location_quality":"dokładny","gunb_url":"https://wyszukiwarka.gunb.gov.pl/","parcel_count":23,"parcel_shard":"x069-y207","parcel_id":"301203_4.0001.1426/2","location_source":"powiat krotoszyński (wfs)"}},{"type":"Feature","id":"ST-WK-KR/ZGŁOSZENIE/95/2026::301203_4.0001.1519/3","geometry":{"type":"Polygon","coordinates":[[[17.4514378206552,51.824822024307],[17.451726119752,51.8248381164547],[17.4518151603002,51.8248446759829],[17.4518732754129,51.8248510074003],[17.4521635760816,51.8248826344083],[17.4521904197012,51.8249617232363],[17.45217564131,51.8249716172485],[17.4520663581315,51.824991527501],[17.4520579433926,51.8249796635658],[17.4520498185794,51.824967260417],[17.4517964705542,51.8249332967295],[17.4511245819749,51.8248927427284],[17.4510704940308,51.8248856391419],[17.4508086317599,51.824840592795],[17.4507158405129,51.8248137126274],[17.4506034640217,51.824781081308],[17.4503439721454,51.8246467293157],[17.4500178597277,51.8244780212613],[17.449730114778,51.824434375098],[17.4494600600169,51.8244363572641],[17.4491399126276,51.8244387006347],[17.4485302912524,51.8244431606],[17.448654065764,51.8243268869337],[17.4495305529817,51.8243073815317],[17.4497602921498,51.8242539118747],[17.4498719635755,51.8242553448274],[17.4502106092748,51.8242612420225],[17.4503012573998,51.8242637491468],[17.450367547133,51.8243219740422],[17.4505272486668,51.824373090941],[17.4506503473891,51.8246479679623],[17.4506835568888,51.8246778079046],[17.4508130297492,51.8247301265257],[17.4508649312095,51.8247419950761],[17.4509565574089,51.8247589901016],[17.4511459136552,51.8247922597314],[17.4512825091291,51.8248099739418],[17.451395040463,51.824818876974],[17.4514378206552,51.824822024307]]]},"properties":{"case_id":"ST-WK-KR/ZGŁOSZENIE/95/2026","source_type":"zgloszenie","received_date":"2026-01-09","decision_date":null,"status":"Brak sprzeciwu","description":"Budowa kanalizacji kablowej","address":"Koźmin Wielkopolski","city":"Koźmin Wielkopolski","office":"Starosta Powiatu Krotoszyn","case_kind":"budowa nowego/nowych obiektów budowlanych","parcel_ids":["301203_4.0001.1312/5","301203_4.0001.1313/7","301203_4.0001.1315","301203_4.0001.1338/2","301203_4.0001.1358","301203_4.0001.1360/1","301203_4.0001.1365","301203_4.0001.1368","301203_4.0001.1377/6","301203_4.0001.1378/3","301203_4.0001.1379","301203_4.0001.1380/3","301203_4.0001.1380/4","301203_4.0001.1387/5","301203_4.0001.1388/3","301203_4.0001.1389/3","301203_4.0001.1391/4","301203_4.0001.1395","301203_4.0001.1399/1","301203_4.0001.1420/5","301203_4.0001.1426/2","301203_4.0001.1519/3","301203_4.0001.1530"],"location_quality":"dokładny","gunb_url":"https://wyszukiwarka.gunb.gov.pl/","parcel_count":23,"parcel_shard":"x069-y207","parcel_id":"301203_4.0001.1519/3","location_source":"powiat krotoszyński (wfs)"}},{"type":"Feature","id":"ST-WK-KR/ZGŁOSZENIE/95/2026::301203_4.0001.1530","geometry":{"type":"Polygon","coordinates":[[[17.4495279421277,51.824243037992],[17.4494491924597,51.8236851647136],[17.4494440271544,51.8236484537846],[17.4494341462866,51.8235781668645],[17.4494158338413,51.8233810812738],[17.4493975893437,51.8231742049648],[17.4493552275416,51.8227108331684],[17.449355619133,51.8226906110475],[17.449290062664,51.8222014191669],[17.4492740546264,51.8220848524335],[17.4494892170034,51.8220604287728],[17.4494691298549,51.8222063735807],[17.4495947931894,51.8233051746701],[17.4495750705721,51.8233066126325],[17.4496560210453,51.8240389117165],[17.4496726888686,51.8241502752327],[17.449679796129,51.8242001612319],[17.4496853082462,51.8242173292195],[17.4496986521891,51.8242326097354],[17.4497114155887,51.8242414184586],[17.4497311405329,51.824249957407],[17.4497602921498,51.8242539118747],[17.4495305529817,51.8243073815317],[17.4495279421277,51.824243037992]]]},"properties":{"case_id":"ST-WK-KR/ZGŁOSZENIE/95/2026","source_type":"zgloszenie","received_date":"2026-01-09","decision_date":null,"status":"Brak sprzeciwu","description":"Budowa kanalizacji kablowej","address":"Koźmin Wielkopolski","city":"Koźmin Wielkopolski","office":"Starosta Powiatu Krotoszyn","case_kind":"budowa nowego/nowych obiektów budowlanych","parcel_ids":["301203_4.0001.1312/5","301203_4.0001.1313/7","301203_4.0001.1315","301203_4.0001.1338/2","301203_4.0001.1358","301203_4.0001.1360/1","301203_4.0001.1365","301203_4.0001.1368","301203_4.0001.1377/6","301203_4.0001.1378/3","301203_4.0001.1379","301203_4.0001.1380/3","301203_4.0001.1380/4","301203_4.0001.1387/5","301203_4.0001.1388/3","301203_4.0001.1389/3","301203_4.0001.1391/4","301203_4.0001.1395","301203_4.0001.1399/1","301203_4.0001.1420/5","301203_4.0001.1426/2","301203_4.0001.1519/3","301203_4.0001.1530"],"location_quality":"dokładny","gunb_url":"https://wyszukiwarka.gunb.gov.pl/","parcel_count":23,"parcel_shard":"x069-y207","parcel_id":"301203_4.0001.1530","location_source":"powiat krotoszyński (wfs)"}},{"type":"Feature","id":"ST-WK-KR/ZGŁOSZENIE/1100/2026::301203_4.0001.1316/10","geometry":{"type":"Polygon","coordinates":[[[17.4446791437335,51.8231625376528],[17.4446699621226,51.8229301435086],[17.4447195372667,51.8228973001689],[17.4450082811566,51.8228893150776],[17.4450270901633,51.8231528545725],[17.4446791437335,51.8231625376528]]]},"properties":{"case_id":"ST-WK-KR/ZGŁOSZENIE/1100/2026","source_type":"zgloszenie","received_date":"2026-04-08","decision_date":null,"status":"Brak sprzeciwu","description":"Budowa linii kablowej nn","address":"Słoneczna, Koźmin Wielkopolski","city":"Koźmin Wielkopolski","office":"Starosta Powiatu Krotoszyn","case_kind":"budowa nowego/nowych obiektów budowlanych","parcel_ids":["301203_4.0001.1316/10","301203_4.0001.1316/16","301203_4.0001.1316/20","301203_4.0001.1316/21","301203_4.0001.1316/7","301203_4.0001.1316/9"],"location_quality":"dokładny","gunb_url":"https://wyszukiwarka.gunb.gov.pl/","parcel_count":6,"parcel_shard":"x069-y207","parcel_id":"301203_4.0001.1316/10","location_source":"powiat krotoszyński (wfs)"}},{"type":"Feature","id":"ST-WK-KR/ZGŁOSZENIE/1100/2026::301203_4.0001.1316/16","geometry":{"type":"Polygon","coordinates":[[[17.4446699621226,51.8229301435086],[17.4446664259754,51.8228402425573],[17.4454199153733,51.8228194392474],[17.4458401162343,51.8228078473373],[17.4461734041136,51.8227986311083],[17.4464560532844,51.822790793533],[17.4467710582564,51.8227821187512],[17.4467304900133,51.8228731604318],[17.446513133567,51.8228792386138],[17.4464599796374,51.8228491468901],[17.4463195251189,51.8228530698636],[17.4460007474418,51.8228618155506],[17.4456819685447,51.8228706502522],[17.4453052955225,51.8228810986306],[17.4450082811566,51.8228893150776],[17.4447195372667,51.8228973001689],[17.4446699621226,51.8229301435086]]]},"properties":{"case_id":"ST-WK-KR/ZGŁOSZENIE/1100/2026","source_type":"zgloszenie","received_date":"2026-04-08","decision_date":null,"status":"Brak sprzeciwu","description":"Budowa linii kablowej nn","address":"Słoneczna, Koźmin Wielkopolski","city":"Koźmin Wielkopolski","office":"Starosta Powiatu Krotoszyn","case_kind":"budowa nowego/nowych obiektów budowlanych","parcel_ids":["301203_4.0001.1316/10","301203_4.0001.1316/16","301203_4.0001.1316/20","301203_4.0001.1316/21","301203_4.0001.1316/7","301203_4.0001.1316/9"],"location_quality":"dokładny","gunb_url":"https://wyszukiwarka.gunb.gov.pl/","parcel_count":6,"parcel_shard":"x069-y207","parcel_id":"301203_4.0001.1316/16","location_source":"powiat krotoszyński (wfs)"}},{"type":"Feature","id":"ST-WK-KR/ZGŁOSZENIE/1100/2026::301203_4.0001.1316/20","geometry":{"type":"Polygon","coordinates":[[[17.4458186957222,51.8225085217261],[17.4461518440728,51.8224986757145],[17.4461734041136,51.8227986311083],[17.4458401162343,51.8228078473373],[17.4458186957222,51.8225085217261]]]},"properties":{"case_id":"ST-WK-KR/ZGŁOSZENIE/1100/2026","source_type":"zgloszenie","received_date":"2026-04-08","decision_date":null,"status":"Brak sprzeciwu","description":"Budowa linii kablowej nn","address":"Słoneczna, Koźmin Wielkopolski","city":"Koźmin Wielkopolski","office":"Starosta Powiatu Krotoszyn","case_kind":"budowa nowego/nowych obiektów budowlanych","parcel_ids":["301203_4.0001.1316/10","301203_4.0001.1316/16","301203_4.0001.1316/20","301203_4.0001.1316/21","301203_4.0001.1316/7","301203_4.0001.1316/9"],"location_quality":"dokładny","gunb_url":"https://wyszukiwarka.gunb.gov.pl/","parcel_count":6,"parcel_shard":"x069-y207","parcel_id":"301203_4.0001.1316/20","location_source":"powiat krotoszyński (wfs)"}},{"type":"Feature","id":"ST-WK-KR/ZGŁOSZENIE/1100/2026::301203_4.0001.1316/21","geometry":{"type":"Polygon","coordinates":[[[17.4453984866052,51.822521012359],[17.4458186957222,51.8225085217261],[17.4458401162343,51.8228078473373],[17.4454199153733,51.8228194392474],[17.4453984866052,51.822521012359]]]},"properties":{"case_id":"ST-WK-KR/ZGŁOSZENIE/1100/2026","source_type":"zgloszenie","received_date":"2026-04-08","decision_date":null,"status":"Brak sprzeciwu","description":"Budowa linii kablowej nn","address":"Słoneczna, Koźmin Wielkopolski","city":"Koźmin Wielkopolski","office":"Starosta Powiatu Krotoszyn","case_kind":"budowa nowego/nowych obiektów budowlanych","parcel_ids":["301203_4.0001.1316/10","301203_4.0001.1316/16","301203_4.0001.1316/20","301203_4.0001.1316/21","301203_4.0001.1316/7","301203_4.0001.1316/9"],"location_quality":"dokładny","gunb_url":"https://wyszukiwarka.gunb.gov.pl/","parcel_count":6,"parcel_shard":"x069-y207","parcel_id":"301203_4.0001.1316/21","location_source":"powiat krotoszyński (wfs)"}},{"type":"Feature","id":"ST-WK-KR/ZGŁOSZENIE/1100/2026::301203_4.0001.1316/7","geometry":{"type":"Polygon","coordinates":[[[17.4446521021667,51.823504679058],[17.444584930627,51.8218424403136],[17.4446291650819,51.8218417914152],[17.4446438658404,51.8222686246737],[17.4446533483919,51.8225426713843],[17.4446600095576,51.8226778812931],[17.4446664259754,51.8228402425573],[17.4446699621226,51.8229301435086],[17.4446791437335,51.8231625376528],[17.4446852747169,51.8233414606689],[17.4446914310071,51.8235049746638],[17.4446521021667,51.823504679058]]]},"properties":{"case_id":"ST-WK-KR/ZGŁOSZENIE/1100/2026","source_type":"zgloszenie","received_date":"2026-04-08","decision_date":null,"status":"Brak sprzeciwu","description":"Budowa linii kablowej nn","address":"Słoneczna, Koźmin Wielkopolski","city":"Koźmin Wielkopolski","office":"Starosta Powiatu Krotoszyn","case_kind":"budowa nowego/nowych obiektów budowlanych","parcel_ids":["301203_4.0001.1316/10","301203_4.0001.1316/16","301203_4.0001.1316/20","301203_4.0001.1316/21","301203_4.0001.1316/7","301203_4.0001.1316/9"],"location_quality":"dokładny","gunb_url":"https://wyszukiwarka.gunb.gov.pl/","parcel_count":6,"parcel_shard":"x069-y207","parcel_id":"301203_4.0001.1316/7","location_source":"powiat krotoszyński (wfs)"}},{"type":"Feature","id":"ST-WK-KR/ZGŁOSZENIE/1100/2026::301203_4.0001.1316/9","geometry":{"type":"Polygon","coordinates":[[[17.4446791437335,51.8231625376528],[17.4450270901633,51.8231528545725],[17.4453241073635,51.8231445482045],[17.4457007836825,51.8231340098937],[17.4460195644355,51.8231251751468],[17.4463383461722,51.8231162496565],[17.4466257858423,51.8231082544527],[17.4464823245125,51.823428466124],[17.4464626469806,51.8234717876035],[17.4458618150521,51.8234830184215],[17.4456364768823,51.8234870639114],[17.4453292417828,51.8234929614726],[17.4453235184484,51.8233294440108],[17.4446852747169,51.8233414606689],[17.4446791437335,51.8231625376528]]]},"properties":{"case_id":"ST-WK-KR/ZGŁOSZENIE/1100/2026","source_type":"zgloszenie","received_date":"2026-04-08","decision_date":null,"status":"Brak sprzeciwu","description":"Budowa linii kablowej nn","address":"Słoneczna, Koźmin Wielkopolski","city":"Koźmin Wielkopolski","office":"Starosta Powiatu Krotoszyn","case_kind":"budowa nowego/nowych obiektów budowlanych","parcel_ids":["301203_4.0001.1316/10","301203_4.0001.1316/16","301203_4.0001.1316/20","301203_4.0001.1316/21","301203_4.0001.1316/7","301203_4.0001.1316/9"],"location_quality":"dokładny","gunb_url":"https://wyszukiwarka.gunb.gov.pl/","parcel_count":6,"parcel_shard":"x069-y207","parcel_id":"301203_4.0001.1316/9","location_source":"powiat krotoszyński (wfs)"}},{"type":"Feature","id":"PL-WP/WNIOSEK/21867/2025::301203_4.0001.1352/2","geometry":{"type":"Polygon","coordinates":[[[17.4393197719028,51.8305460148552],[17.4387554504623,51.8306875077443],[17.4387463345862,51.8305285211542],[17.4389034926435,51.830488613686],[17.4389308880537,51.8304816953656],[17.4403057639686,51.8301344931814],[17.4405624741008,51.8300739102691],[17.4406940215883,51.830040875378],[17.4408433399039,51.8300029777147],[17.4411259999357,51.829931240328],[17.4414195403267,51.8298567493415],[17.4416905328306,51.8297875022823],[17.4417333888647,51.8297769235639],[17.442367581429,51.829616882081],[17.442436119467,51.8295998593536],[17.4425101864216,51.8295815145297],[17.4432370242677,51.8294018632742],[17.4432997680993,51.8293840935434],[17.4433551577983,51.8293695566692],[17.4435979162398,51.8293131792824],[17.4439835047451,51.8292144829027],[17.4442076114913,51.8293223164926],[17.4438134263797,51.8294219379431],[17.4430702493932,51.8296091555455],[17.4430022907137,51.8296262712698],[17.4429269205488,51.8296444304627],[17.4422240401579,51.8298168135044],[17.4420668379212,51.829855416167],[17.4419252589825,51.8298916607978],[17.441904599126,51.8298969180873],[17.4411163052107,51.8300952070027],[17.4407549222021,51.8301860751528],[17.44031485969,51.830297090391],[17.4401193845355,51.8303463980836],[17.4397246865316,51.830445939461],[17.4393197719028,51.8305460148552]]]},"properties":{"case_id":"PL-WP/WNIOSEK/21867/2025","source_type":"wniosek_decyzja","received_date":"2025-10-24","decision_date":"2026-02-23","status":"decyzja wydana","description":"pzebudowa sieci kanalizacji sanitarnej i deszczowej","address":"Koźmin Wielkopolski","city":"Koźmin Wielkopolski","office":"Wojewoda Wielkopolski","case_kind":"Obiekt budowlany inny niż budynek mieszkalny jednorodzinny","parcel_ids":["301203_4.0001.1352/2"],"location_quality":"dokładny","gunb_url":"https://wyszukiwarka.gunb.gov.pl/","parcel_count":1,"parcel_shard":"x069-y207","parcel_id":"301203_4.0001.1352/2","location_source":"powiat krotoszyński (wfs)"}},{"type":"Feature","id":"ST-WK-KR/WNIOSEK/24294/2025::301203_4.0001.1358","geometry":{"type":"Polygon","coordinates":[[[17.4387463345862,51.8305285211542],[17.4387440507045,51.8304321544361],[17.4387364921955,51.8301065579278],[17.4387292315448,51.8297920185752],[17.4387270123465,51.8297021238137],[17.4387197518051,51.8293875844393],[17.4386874046681,51.8280244854147],[17.4386457630012,51.8262756021538],[17.438637126281,51.8258848812127],[17.4386288355519,51.8257902733006],[17.4386321144206,51.8256767998861],[17.4386241892536,51.8253490761594],[17.4386178110513,51.8251344593789],[17.4386078903783,51.8246812949016],[17.4387727577656,51.8246756612861],[17.4387870768421,51.8254101238764],[17.4387932854842,51.8257270833366],[17.4387987394486,51.8258253067239],[17.4388104791797,51.82675371708],[17.438823282597,51.8267533928617],[17.438830745344,51.8269933294378],[17.4388341260184,51.8271882145384],[17.438837650509,51.8273948751498],[17.4388448688108,51.8276544951729],[17.4388488850902,51.8277982391734],[17.4388490635109,51.8278072284447],[17.4388689762048,51.8287613542746],[17.4388706214178,51.8288157420559],[17.4388743396028,51.828860149836],[17.4388762136428,51.828977282452],[17.4389034926435,51.830488613686],[17.4387463345862,51.8305285211542]]]},"properties":{"case_id":"ST-WK-KR/WNIOSEK/24294/2025","source_type":"wniosek_decyzja","received_date":"2025-11-27","decision_date":"2026-02-12","status":"decyzja wydana","description":"Budowa drogi rowerowej z Koźmina Wlkp. do granicy z gminą Pogorzela","address":"Koźmin Wielkopolski","city":"Koźmin Wielkopolski","office":"Starosta Powiatu Krotoszyn","case_kind":"Obiekt budowlany inny niż budynek mieszkalny jednorodzinny","parcel_ids":["301203_4.0001.1358","301203_5.0003.109","301203_5.0003.65","301203_5.0003.66","301203_5.0007.214","301203_5.0007.221","301203_5.0007.239/3","301203_5.0022.156","301203_5.0022.171","301203_5.0022.190","301203_5.0022.223","301203_5.0022.243","301203_5.0022.304","301203_5.0022.312","301203_5.0022.498","301203_5.0028.32/1"],"location_quality":"dokładny","gunb_url":"https://wyszukiwarka.gunb.gov.pl/","parcel_count":1,"parcel_shard":"x069-y207","parcel_id":"301203_4.0001.1358","location_source":"powiat krotoszyński (wfs)"}},{"type":"Feature","id":"ST-WK-KR/WNIOSEK/6567/2026::301203_4.0001.1626/2","geometry":{"type":"Polygon","coordinates":[[[17.4525991588946,51.8272489264874],[17.4528606305427,51.8272361215752],[17.4528770864531,51.8274769452092],[17.4527315838219,51.827502547035],[17.4525889748508,51.8275287105856],[17.4525508503745,51.8274187845875],[17.4525289767564,51.8273324838677],[17.4526088119505,51.8273246456328],[17.4525991588946,51.8272489264874]]]},"properties":{"case_id":"ST-WK-KR/WNIOSEK/6567/2026","source_type":"wniosek_decyzja","received_date":"2026-04-02","decision_date":"2026-05-21","status":"decyzja wydana","description":"Przebudowa części ścian konstrukcyjnych w budynku oddziału PKO BP SA w Koźminie Wielkopolskim wraz z montażem Wolnostojącego bankomatu zewnętrznego","address":"Poznańska, Koźmin Wielkopolski","city":"Koźmin Wielkopolski","office":"Starosta Powiatu Krotoszyn","case_kind":"Obiekt budowlany inny niż budynek mieszkalny jednorodzinny","parcel_ids":["301203_4.0001.1626/2"],"location_quality":"dokładny","gunb_url":"https://wyszukiwarka.gunb.gov.pl/","parcel_count":1,"parcel_shard":"x069-y207","parcel_id":"301203_4.0001.1626/2","location_source":"powiat krotoszyński (wfs)"}},{"type":"Feature","id":"ST-WK-KR/WNIOSEK/26269/2025::301203_4.0001.214","geometry":{"type":"Polygon","coordinates":[[[17.4555652163831,51.8362526515268],[17.4531996609725,51.8360363837154],[17.4532422673454,51.8358728130733],[17.4551509617903,51.8360499325391],[17.4555747312898,51.8360892864287],[17.4555652163831,51.8362526515268]]]},"properties":{"case_id":"ST-WK-KR/WNIOSEK/26269/2025","source_type":"wniosek_decyzja","received_date":"2025-12-23","decision_date":"2026-03-16","status":"decyzja wydana","description":"budynek magazynowy z częścią socjalno-biurową","address":"Dionizego Cieszyńskiego, Koźmin Wielkopolski","city":"Koźmin Wielkopolski","office":"Starosta Powiatu Krotoszyn","case_kind":"Obiekt budowlany inny niż budynek mieszkalny jednorodzinny","parcel_ids":["301203_4.0001.214"],"location_quality":"dokładny","gunb_url":"https://wyszukiwarka.gunb.gov.pl/","parcel_count":1,"parcel_shard":"x069-y207","parcel_id":"301203_4.0001.214","location_source":"powiat krotoszyński (wfs)"}},{"type":"Feature","id":"ST-WK-KR/WNIOSEK/3048/2026::301203_4.0001.2171","geometry":{"type":"Polygon","coordinates":[[[17.4543928805025,51.8318909058035],[17.4543062965025,51.831884472632],[17.454355798859,51.8317103702825],[17.4544400738635,51.8317175378747],[17.4543928805025,51.8318909058035]]]},"properties":{"case_id":"ST-WK-KR/WNIOSEK/3048/2026","source_type":"wniosek_decyzja","received_date":"2026-02-18","decision_date":"2026-04-21","status":"decyzja wydana","description":"Rozdzielenie kanalizacji ogólnospołecznej nw sieć kanalizacji sanitarnej i deszczowej wraz z przebudową sieci wodociągowej w ul. Okrężnej i ul. Wolności","address":"Koźmin Wielkopolski","city":"Koźmin Wielkopolski","office":"Starosta Powiatu Krotoszyn","case_kind":"Obiekt budowlany inny niż budynek mieszkalny jednorodzinny","parcel_ids":["301203_4.0001.2171","301203_4.0001.2172","301203_4.0001.2175/2","301203_4.0001.237/13","301203_4.0001.241/1"],"location_quality":"dokładny","gunb_url":"https://wyszukiwarka.gunb.gov.pl/","parcel_count":5,"parcel_shard":"x069-y207","parcel_id":"301203_4.0001.2171","location_source":"powiat krotoszyński (wfs)"}},{"type":"Feature","id":"ST-WK-KR/WNIOSEK/3048/2026::301203_4.0001.2172","geometry":{"type":"Polygon","coordinates":[[[17.4544400738635,51.8317175378747],[17.454355798859,51.8317103702825],[17.4543578424134,51.8317027153733],[17.4544280624415,51.8314432539631],[17.4543692379627,51.8313893498705],[17.4546243201914,51.8314239622191],[17.4545414975607,51.8314586767104],[17.4544722109314,51.8317133674416],[17.4544703015456,51.8317203921775],[17.4544400738635,51.8317175378747]]]},"properties":{"case_id":"ST-WK-KR/WNIOSEK/3048/2026","source_type":"wniosek_decyzja","received_date":"2026-02-18","decision_date":"2026-04-21","status":"decyzja wydana","description":"Rozdzielenie kanalizacji ogólnospołecznej nw sieć kanalizacji sanitarnej i deszczowej wraz z przebudową sieci wodociągowej w ul. Okrężnej i ul. Wolności","address":"Koźmin Wielkopolski","city":"Koźmin Wielkopolski","office":"Starosta Powiatu Krotoszyn","case_kind":"Obiekt budowlany inny niż budynek mieszkalny jednorodzinny","parcel_ids":["301203_4.0001.2171","301203_4.0001.2172","301203_4.0001.2175/2","301203_4.0001.237/13","301203_4.0001.241/1"],"location_quality":"dokładny","gunb_url":"https://wyszukiwarka.gunb.gov.pl/","parcel_count":5,"parcel_shard":"x069-y207","parcel_id":"301203_4.0001.2172","location_source":"powiat krotoszyński (wfs)"}},{"type":"Feature","id":"ST-WK-KR/WNIOSEK/3048/2026::301203_4.0001.2175/2","geometry":{"type":"Polygon","coordinates":[[[17.4521828378072,51.8310926665923],[17.4522846225764,51.8309177152547],[17.4523266954299,51.8310021035093],[17.4524350983893,51.8310167892673],[17.4525059490232,51.8310263873412],[17.4525773888917,51.8310361122356],[17.4526488115484,51.8310458006574],[17.4527090385636,51.8310539701696],[17.4527511713105,51.8310584960114],[17.4541999744077,51.8312549731256],[17.4545399086887,51.8313010426508],[17.4547777106444,51.8313339393689],[17.4550188309057,51.8313665738226],[17.4550864537622,51.8313756489413],[17.4550521574732,51.8314811448949],[17.4547946180743,51.8314470938928],[17.4546243201914,51.8314239622191],[17.4543692379627,51.8313893498705],[17.4541797447283,51.8313636467347],[17.4540379514074,51.8313443665501],[17.4538963048384,51.8313251747822],[17.4536553298595,51.8312924409691],[17.4534870702513,51.8312696495231],[17.4532319889764,51.8312350294953],[17.4531184105905,51.831219693586],[17.4529484028284,51.8311965516985],[17.4527783955133,51.8311734985253],[17.4526083847211,51.8311503538843],[17.4523391842277,51.8311138387474],[17.4521828378072,51.8310926665923]]]},"properties":{"case_id":"ST-WK-KR/WNIOSEK/3048/2026","source_type":"wniosek_decyzja","received_date":"2026-02-18","decision_date":"2026-04-21","status":"decyzja wydana","description":"Rozdzielenie kanalizacji ogólnospołecznej nw sieć kanalizacji sanitarnej i deszczowej wraz z przebudową sieci wodociągowej w ul. Okrężnej i ul. Wolności","address":"Koźmin Wielkopolski","city":"Koźmin Wielkopolski","office":"Starosta Powiatu Krotoszyn","case_kind":"Obiekt budowlany inny niż budynek mieszkalny jednorodzinny","parcel_ids":["301203_4.0001.2171","301203_4.0001.2172","301203_4.0001.2175/2","301203_4.0001.237/13","301203_4.0001.241/1"],"location_quality":"dokładny","gunb_url":"https://wyszukiwarka.gunb.gov.pl/","parcel_count":5,"parcel_shard":"x069-y207","parcel_id":"301203_4.0001.2175/2","location_source":"powiat krotoszyński (wfs)"}},{"type":"Feature","id":"ST-WK-KR/WNIOSEK/3048/2026::301203_4.0001.237/13","geometry":{"type":"Polygon","coordinates":[[[17.4539436284216,51.8332191071942],[17.454086692378,51.8332329757552],[17.4540317553911,51.8334328925779],[17.4538916250395,51.8334175020914],[17.4539436284216,51.8332191071942]]]},"properties":{"case_id":"ST-WK-KR/WNIOSEK/3048/2026","source_type":"wniosek_decyzja","received_date":"2026-02-18","decision_date":"2026-04-21","status":"decyzja wydana","description":"Rozdzielenie kanalizacji ogólnospołecznej nw sieć kanalizacji sanitarnej i deszczowej wraz z przebudową sieci wodociągowej w ul. Okrężnej i ul. Wolności","address":"Koźmin Wielkopolski","city":"Koźmin Wielkopolski","office":"Starosta Powiatu Krotoszyn","case_kind":"Obiekt budowlany inny niż budynek mieszkalny jednorodzinny","parcel_ids":["301203_4.0001.2171","301203_4.0001.2172","301203_4.0001.2175/2","301203_4.0001.237/13","301203_4.0001.241/1"],"location_quality":"dokładny","gunb_url":"https://wyszukiwarka.gunb.gov.pl/","parcel_count":5,"parcel_shard":"x069-y207","parcel_id":"301203_4.0001.237/13","location_source":"powiat krotoszyński (wfs)"}},{"type":"Feature","id":"ST-WK-KR/WNIOSEK/3048/2026::301203_4.0001.241/1","geometry":{"type":"Polygon","coordinates":[[[17.454086692378,51.8332329757552],[17.4539436284216,51.8332191071942],[17.4539814549415,51.8330822055397],[17.4540190102156,51.8329466550159],[17.4541604498059,51.8329618043117],[17.4541238930396,51.8330962702894],[17.454086692378,51.8332329757552]]]},"properties":{"case_id":"ST-WK-KR/WNIOSEK/3048/2026","source_type":"wniosek_decyzja","received_date":"2026-02-18","decision_date":"2026-04-21","status":"decyzja wydana","description":"Rozdzielenie kanalizacji ogólnospołecznej nw sieć kanalizacji sanitarnej i deszczowej wraz z przebudową sieci wodociągowej w ul. Okrężnej i ul. Wolności","address":"Koźmin Wielkopolski","city":"Koźmin Wielkopolski","office":"Starosta Powiatu Krotoszyn","case_kind":"Obiekt budowlany inny niż budynek mieszkalny jednorodzinny","parcel_ids":["301203_4.0001.2171","301203_4.0001.2172","301203_4.0001.2175/2","301203_4.0001.237/13","301203_4.0001.241/1"],"location_quality":"dokładny","gunb_url":"https://wyszukiwarka.gunb.gov.pl/","parcel_count":5,"parcel_shard":"x069-y207","parcel_id":"301203_4.0001.241/1","location_source":"powiat krotoszyński (wfs)"}},{"type":"Feature","id":"ST-WK-KR/WNIOSEK/452/2026::301203_4.0001.230/20","geometry":{"type":"Polygon","coordinates":[[[17.4539484270315,51.8343487838189],[17.4539310834252,51.8347271151308],[17.4535530200711,51.8346885968169],[17.4535705108168,51.8343103561203],[17.4536760025806,51.8343210929178],[17.4539484270315,51.8343487838189]]]},"properties":{"case_id":"ST-WK-KR/WNIOSEK/452/2026","source_type":"wniosek_decyzja","received_date":"2026-01-08","decision_date":"2026-01-26","status":"decyzja wydana","description":"Budynek mieszkalny jednorodzinny z garażem","address":"Koźmin Wielkopolski","city":"Koźmin Wielkopolski","office":"Starosta Powiatu Krotoszyn","case_kind":"Budynek mieszkalny jednorodzinny","parcel_ids":["301203_4.0001.230/20"],"location_quality":"dokładny","gunb_url":"https://wyszukiwarka.gunb.gov.pl/","parcel_count":1,"parcel_shard":"x069-y207","parcel_id":"301203_4.0001.230/20","location_source":"powiat krotoszyński (wfs)"}},{"type":"Feature","id":"ST-WK-KR/WNIOSEK/17325/2025::301203_4.0001.2401","geometry":{"type":"Polygon","coordinates":[[[17.4505869407615,51.8182331903389],[17.4510219738515,51.818223332697],[17.451030262161,51.8183767140044],[17.4505961198308,51.8183859548747],[17.4505869407615,51.8182331903389]]]},"properties":{"case_id":"ST-WK-KR/WNIOSEK/17325/2025","source_type":"wniosek_decyzja","received_date":"2025-08-25","decision_date":"2025-09-29","status":"decyzja wydana","description":"Przebudowa, nadbudowa i rozbudowa budynku mieszkalnego jednorodzinnego - projekt zamienny do pozwolenia na budowę nr ArB. 6740.1.191.2018","address":"Konstytucji 3 Maja, Koźmin Wielkopolski","city":"Koźmin Wielkopolski","office":"Starosta Powiatu Krotoszyn","case_kind":"Budynek mieszkalny jednorodzinny","parcel_ids":["301203_4.0001.2401"],"location_quality":"dokładny","gunb_url":"https://wyszukiwarka.gunb.gov.pl/","parcel_count":1,"parcel_shard":"x069-y207","parcel_id":"301203_4.0001.2401","location_source":"powiat krotoszyński (wfs)"}},{"type":"Feature","id":"PL-WP/WNIOSEK/19549/2025::301203_4.0001.451","geometry":{"type":"Polygon","coordinates":[[[17.444555791045,51.8369064995276],[17.4443477326324,51.8368931703912],[17.4443319634178,51.8367324524303],[17.4443173248326,51.8365474549679],[17.4443673351448,51.8366372475765],[17.444533523995,51.8366290122199],[17.444555791045,51.8369064995276]]]},"properties":{"case_id":"PL-WP/WNIOSEK/19549/2025","source_type":"wniosek_decyzja","received_date":"2025-09-24","decision_date":"2025-11-04","status":"decyzja wydana","description":"rozbiórka byłego budynku nastawni wykonawczej na stacji kolejowej","address":"Koźmin Wielkopolski","city":"Koźmin Wielkopolski","office":"Wojewoda Wielkopolski","case_kind":"Obiekt budowlany inny niż budynek mieszkalny jednorodzinny","parcel_ids":["301203_4.0001.451"],"location_quality":"dokładny","gunb_url":"https://wyszukiwarka.gunb.gov.pl/","parcel_count":1,"parcel_shard":"x069-y207","parcel_id":"301203_4.0001.451","location_source":"powiat krotoszyński (wfs)"}},{"type":"Feature","id":"ST-WK-KR/WNIOSEK/18253/2025::301203_4.0001.477","geometry":{"type":"Polygon","coordinates":[[[17.4402153668931,51.8342614296379],[17.4401584438596,51.8341954305905],[17.4404798870797,51.8334240994495],[17.4408410258693,51.8324963569342],[17.4412422714486,51.831543463938],[17.4414762493373,51.8309449809789],[17.4416699255374,51.8304918975779],[17.4419252589825,51.8298916607978],[17.4420668379212,51.829855416167],[17.4417828232548,51.830509678488],[17.4415931766444,51.83095598748],[17.4415055028763,51.831159338567],[17.4413964087908,51.8314171475281],[17.4413360323849,51.8315598664369],[17.4412993126183,51.8316461285547],[17.4412682243861,51.8317200604283],[17.4410114490349,51.8323295810707],[17.4409345907899,51.8325119278546],[17.4408942071001,51.8326117037283],[17.4407736375301,51.832910328864],[17.4405634380789,51.833430927357],[17.4402153668931,51.8342614296379]]]},"properties":{"case_id":"ST-WK-KR/WNIOSEK/18253/2025","source_type":"wniosek_decyzja","received_date":"2025-09-05","decision_date":"2025-10-16","status":"decyzja wydana","description":"Rozdzielenie kanalizacji ogólnospołecznej na sieć kanalizacji sanitarnej i d3ezsczowej wraz z przebudową sieci wodociągowej","address":"Przemysłowa, Koźmin Wielkopolski","city":"Koźmin Wielkopolski","office":"Starosta Powiatu Krotoszyn","case_kind":"Obiekt budowlany inny niż budynek mieszkalny jednorodzinny","parcel_ids":["301203_4.0001.477"],"location_quality":"dokładny","gunb_url":"https://wyszukiwarka.gunb.gov.pl/","parcel_count":1,"parcel_shard":"x069-y207","parcel_id":"301203_4.0001.477","location_source":"powiat krotoszyński (wfs)"}},{"type":"Feature","id":"ST-WK-KR/WNIOSEK/7522/2026::301203_4.0001.723/12","geometry":{"type":"Polygon","coordinates":[[[17.4688650876658,51.833786850974],[17.4695481277473,51.8325922866068],[17.4697470162216,51.8322471692309],[17.4705675668127,51.8324294401898],[17.4699283294772,51.8335426516036],[17.4698275382122,51.8335215685554],[17.469721850894,51.8337080798295],[17.4698207738582,51.8337298968619],[17.4696855239802,51.8339701826471],[17.4688650876658,51.833786850974]]]},"properties":{"case_id":"ST-WK-KR/WNIOSEK/7522/2026","source_type":"wniosek_decyzja","received_date":"2026-04-20","decision_date":"2026-06-10","status":"decyzja wydana","description":"Przebudowa i rozbudowa stacji uzdatniania wody K","address":"Koźmin Wielkopolski","city":"Koźmin Wielkopolski","office":"Starosta Powiatu Krotoszyn","case_kind":"Obiekt budowlany inny niż budynek mieszkalny jednorodzinny","parcel_ids":["301203_4.0001.723/12","301203_4.0001.723/14","301203_4.0001.723/15","301203_4.0001.723/17","301203_4.0001.723/19","301203_4.0001.723/31","301203_4.0001.723/36","301203_4.0001.723/44","301203_4.0001.723/45","301203_4.0001.723/46","301203_4.0001.723/47"],"location_quality":"dokładny","gunb_url":"https://wyszukiwarka.gunb.gov.pl/","parcel_count":11,"parcel_shard":"x069-y207","parcel_id":"301203_4.0001.723/12","location_source":"powiat krotoszyński (wfs)"}},{"type":"Feature","id":"ST-WK-KR/WNIOSEK/7522/2026::301203_4.0001.723/14","geometry":{"type":"Polygon","coordinates":[[[17.469721850894,51.8337080798295],[17.4698275382122,51.8335215685554],[17.4699283294772,51.8335426516036],[17.4698207738582,51.8337298968619],[17.469721850894,51.8337080798295]]]},"properties":{"case_id":"ST-WK-KR/WNIOSEK/7522/2026","source_type":"wniosek_decyzja","received_date":"2026-04-20","decision_date":"2026-06-10","status":"decyzja wydana","description":"Przebudowa i rozbudowa stacji uzdatniania wody K","address":"Koźmin Wielkopolski","city":"Koźmin Wielkopolski","office":"Starosta Powiatu Krotoszyn","case_kind":"Obiekt budowlany inny niż budynek mieszkalny jednorodzinny","parcel_ids":["301203_4.0001.723/12","301203_4.0001.723/14","301203_4.0001.723/15","301203_4.0001.723/17","301203_4.0001.723/19","301203_4.0001.723/31","301203_4.0001.723/36","301203_4.0001.723/44","301203_4.0001.723/45","301203_4.0001.723/46","301203_4.0001.723/47"],"location_quality":"dokładny","gunb_url":"https://wyszukiwarka.gunb.gov.pl/","parcel_count":11,"parcel_shard":"x069-y207","parcel_id":"301203_4.0001.723/14","location_source":"powiat krotoszyński (wfs)"}},{"type":"Feature","id":"ST-WK-KR/WNIOSEK/7522/2026::301203_4.0001.723/15","geometry":{"type":"Polygon","coordinates":[[[17.4696855239802,51.8339701826471],[17.4698207738582,51.8337298968619],[17.4699283294772,51.8335426516036],[17.470139427376,51.8335897852105],[17.4700330079296,51.8337751377785],[17.4699166252569,51.8337504741216],[17.4697795537955,51.8339894120474],[17.4696855239802,51.8339701826471]]]},"properties":{"case_id":"ST-WK-KR/WNIOSEK/7522/2026","source_type":"wniosek_decyzja","received_date":"2026-04-20","decision_date":"2026-06-10","status":"decyzja wydana","description":"Przebudowa i rozbudowa stacji uzdatniania wody K","address":"Koźmin Wielkopolski","city":"Koźmin Wielkopolski","office":"Starosta Powiatu Krotoszyn","case_kind":"Obiekt budowlany inny niż budynek mieszkalny jednorodzinny","parcel_ids":["301203_4.0001.723/12","301203_4.0001.723/14","301203_4.0001.723/15","301203_4.0001.723/17","301203_4.0001.723/19","301203_4.0001.723/31","301203_4.0001.723/36","301203_4.0001.723/44","301203_4.0001.723/45","301203_4.0001.723/46","301203_4.0001.723/47"],"location_quality":"dokładny","gunb_url":"https://wyszukiwarka.gunb.gov.pl/","parcel_count":11,"parcel_shard":"x069-y207","parcel_id":"301203_4.0001.723/15","location_source":"powiat krotoszyński (wfs)"}},{"type":"Feature","id":"ST-WK-KR/WNIOSEK/7522/2026::301203_4.0001.723/17","geometry":{"type":"Polygon","coordinates":[[[17.4665142363337,51.8311554314001],[17.467179104009,51.8313076428993],[17.4669841319888,51.8316327966472],[17.4669837118202,51.8316334958387],[17.4663262000274,51.8314884976421],[17.4665142363337,51.8311554314001]]]},"properties":{"case_id":"ST-WK-KR/WNIOSEK/7522/2026","source_type":"wniosek_decyzja","received_date":"2026-04-20","decision_date":"2026-06-10","status":"decyzja wydana","description":"Przebudowa i rozbudowa stacji uzdatniania wody K","address":"Koźmin Wielkopolski","city":"Koźmin Wielkopolski","office":"Starosta Powiatu Krotoszyn","case_kind":"Obiekt budowlany inny niż budynek mieszkalny jednorodzinny","parcel_ids":["301203_4.0001.723/12","301203_4.0001.723/14","301203_4.0001.723/15","301203_4.0001.723/17","301203_4.0001.723/19","301203_4.0001.723/31","301203_4.0001.723/36","301203_4.0001.723/44","301203_4.0001.723/45","301203_4.0001.723/46","301203_4.0001.723/47"],"location_quality":"dokładny","gunb_url":"https://wyszukiwarka.gunb.gov.pl/","parcel_count":11,"parcel_shard":"x069-y207","parcel_id":"301203_4.0001.723/17","location_source":"powiat krotoszyński (wfs)"}},{"type":"Feature","id":"ST-WK-KR/WNIOSEK/7522/2026::301203_4.0001.723/19","geometry":{"type":"Polygon","coordinates":[[[17.4686759410459,51.8324048967474],[17.4686920349383,51.8323687461825],[17.4688364372478,51.832043928296],[17.4697470162216,51.8322471692309],[17.4695481277473,51.8325922866068],[17.4690485767551,51.8324849582805],[17.4688135990065,51.8324362979348],[17.4686759410459,51.8324048967474]]]},"properties":{"case_id":"ST-WK-KR/WNIOSEK/7522/2026","source_type":"wniosek_decyzja","received_date":"2026-04-20","decision_date":"2026-06-10","status":"decyzja wydana","description":"Przebudowa i rozbudowa stacji uzdatniania wody K","address":"Koźmin Wielkopolski","city":"Koźmin Wielkopolski","office":"Starosta Powiatu Krotoszyn","case_kind":"Obiekt budowlany inny niż budynek mieszkalny jednorodzinny","parcel_ids":["301203_4.0001.723/12","301203_4.0001.723/14","301203_4.0001.723/15","301203_4.0001.723/17","301203_4.0001.723/19","301203_4.0001.723/31","301203_4.0001.723/36","301203_4.0001.723/44","301203_4.0001.723/45","301203_4.0001.723/46","301203_4.0001.723/47"],"location_quality":"dokładny","gunb_url":"https://wyszukiwarka.gunb.gov.pl/","parcel_count":11,"parcel_shard":"x069-y207","parcel_id":"301203_4.0001.723/19","location_source":"powiat krotoszyński (wfs)"}},{"type":"Feature","id":"ST-WK-KR/WNIOSEK/7522/2026::301203_4.0001.723/31","geometry":{"type":"Polygon","coordinates":[[[17.466822119342,51.8333075528465],[17.4669735163508,51.8332734856104],[17.4670072401429,51.8332166400148],[17.4672971498269,51.8327216137603],[17.4672555009334,51.8326364847255],[17.4670658638384,51.8325888859686],[17.4675665610282,51.8317621530448],[17.4676553630023,51.8317854754136],[17.4674516482715,51.8320952823691],[17.4673648707052,51.8322569503577],[17.4672588080328,51.8324545744303],[17.4673862893454,51.832667278056],[17.4674270914057,51.8326766309759],[17.46702216841,51.8333545234078],[17.4668843548538,51.8333221924792],[17.466822119342,51.8333075528465]]]},"properties":{"case_id":"ST-WK-KR/WNIOSEK/7522/2026","source_type":"wniosek_decyzja","received_date":"2026-04-20","decision_date":"2026-06-10","status":"decyzja wydana","description":"Przebudowa i rozbudowa stacji uzdatniania wody K","address":"Koźmin Wielkopolski","city":"Koźmin Wielkopolski","office":"Starosta Powiatu Krotoszyn","case_kind":"Obiekt budowlany inny niż budynek mieszkalny jednorodzinny","parcel_ids":["301203_4.0001.723/12","301203_4.0001.723/14","301203_4.0001.723/15","301203_4.0001.723/17","301203_4.0001.723/19","301203_4.0001.723/31","301203_4.0001.723/36","301203_4.0001.723/44","301203_4.0001.723/45","301203_4.0001.723/46","301203_4.0001.723/47"],"location_quality":"dokładny","gunb_url":"https://wyszukiwarka.gunb.gov.pl/","parcel_count":11,"parcel_shard":"x069-y207","parcel_id":"301203_4.0001.723/31","location_source":"powiat krotoszyński (wfs)"}},{"type":"Feature","id":"ST-WK-KR/WNIOSEK/7522/2026::301203_4.0001.723/36","geometry":{"type":"Polygon","coordinates":[[[17.470139427376,51.8335897852105],[17.4699283294772,51.8335426516036],[17.4705675668127,51.8324294401898],[17.4707534116173,51.8324708073154],[17.4706938283466,51.8325737854348],[17.4709114395983,51.8326219335111],[17.4702251293045,51.8338167047077],[17.4700330079296,51.8337751377785],[17.470139427376,51.8335897852105]]]},"properties":{"case_id":"ST-WK-KR/WNIOSEK/7522/2026","source_type":"wniosek_decyzja","received_date":"2026-04-20","decision_date":"2026-06-10","status":"decyzja wydana","description":"Przebudowa i rozbudowa stacji uzdatniania wody K","address":"Koźmin Wielkopolski","city":"Koźmin Wielkopolski","office":"Starosta Powiatu Krotoszyn","case_kind":"Obiekt budowlany inny niż budynek mieszkalny jednorodzinny","parcel_ids":["301203_4.0001.723/12","301203_4.0001.723/14","301203_4.0001.723/15","301203_4.0001.723/17","301203_4.0001.723/19","301203_4.0001.723/31","301203_4.0001.723/36","301203_4.0001.723/44","301203_4.0001.723/45","301203_4.0001.723/46","301203_4.0001.723/47"],"location_quality":"dokładny","gunb_url":"https://wyszukiwarka.gunb.gov.pl/","parcel_count":11,"parcel_shard":"x069-y207","parcel_id":"301203_4.0001.723/36","location_source":"powiat krotoszyński (wfs)"}},{"type":"Feature","id":"ST-WK-KR/WNIOSEK/7522/2026::301203_4.0001.723/44","geometry":{"type":"Polygon","coordinates":[[[17.4671952618268,51.831680205281],[17.4671384131195,51.8317767528679],[17.467121240389,51.831805887383],[17.4671258698633,51.8318069869647],[17.4670445242577,51.8319508822949],[17.4669846631405,51.8320567640947],[17.4665991702115,51.8319726828022],[17.4661394453181,51.8318724437546],[17.4663262000274,51.8314884976421],[17.4669837118202,51.8316334958387],[17.4671952618268,51.831680205281]]]},"properties":{"case_id":"ST-WK-KR/WNIOSEK/7522/2026","source_type":"wniosek_decyzja","received_date":"2026-04-20","decision_date":"2026-06-10","status":"decyzja wydana","description":"Przebudowa i rozbudowa stacji uzdatniania wody K","address":"Koźmin Wielkopolski","city":"Koźmin Wielkopolski","office":"Starosta Powiatu Krotoszyn","case_kind":"Obiekt budowlany inny niż budynek mieszkalny jednorodzinny","parcel_ids":["301203_4.0001.723/12","301203_4.0001.723/14","301203_4.0001.723/15","301203_4.0001.723/17","301203_4.0001.723/19","301203_4.0001.723/31","301203_4.0001.723/36","301203_4.0001.723/44","301203_4.0001.723/45","301203_4.0001.723/46","301203_4.0001.723/47"],"location_quality":"dokładny","gunb_url":"https://wyszukiwarka.gunb.gov.pl/","parcel_count":11,"parcel_shard":"x069-y207","parcel_id":"301203_4.0001.723/44","location_source":"powiat krotoszyński (wfs)"}},{"type":"Feature","id":"ST-WK-KR/WNIOSEK/7522/2026::301203_4.0001.723/45","geometry":{"type":"Polygon","coordinates":[[[17.4666110346377,51.8332648195309],[17.466973449451,51.8326625316568],[17.4667346630498,51.8326121928765],[17.4670606337506,51.8320732874615],[17.4669846631405,51.8320567640947],[17.4670445242577,51.8319508822949],[17.4671258698633,51.8318069869647],[17.467121240389,51.831805887383],[17.4671384131195,51.8317767528679],[17.4671952618268,51.831680205281],[17.4675665610282,51.8317621530448],[17.4670658638384,51.8325888859686],[17.4672555009334,51.8326364847255],[17.4672971498269,51.8327216137603],[17.4670072401429,51.8332166400148],[17.4668642737996,51.8331849821156],[17.4667910857697,51.833301229939],[17.4666110346377,51.8332648195309]]]},"properties":{"case_id":"ST-WK-KR/WNIOSEK/7522/2026","source_type":"wniosek_decyzja","received_date":"2026-04-20","decision_date":"2026-06-10","status":"decyzja wydana","description":"Przebudowa i rozbudowa stacji uzdatniania wody K","address":"Koźmin Wielkopolski","city":"Koźmin Wielkopolski","office":"Starosta Powiatu Krotoszyn","case_kind":"Obiekt budowlany inny niż budynek mieszkalny jednorodzinny","parcel_ids":["301203_4.0001.723/12","301203_4.0001.723/14","301203_4.0001.723/15","301203_4.0001.723/17","301203_4.0001.723/19","301203_4.0001.723/31","301203_4.0001.723/36","301203_4.0001.723/44","301203_4.0001.723/45","301203_4.0001.723/46","301203_4.0001.723/47"],"location_quality":"dokładny","gunb_url":"https://wyszukiwarka.gunb.gov.pl/","parcel_count":11,"parcel_shard":"x069-y207","parcel_id":"301203_4.0001.723/45","location_source":"powiat krotoszyński (wfs)"}},{"type":"Feature","id":"ST-WK-KR/WNIOSEK/7522/2026::301203_4.0001.723/46","geometry":{"type":"Polygon","coordinates":[[[17.4674516482715,51.8320952823691],[17.4676553630023,51.8317854754136],[17.468366003218,51.8319409530802],[17.4681874777115,51.8322557288799],[17.4676271760107,51.8321335585961],[17.4674516482715,51.8320952823691]]]},"properties":{"case_id":"ST-WK-KR/WNIOSEK/7522/2026","source_type":"wniosek_decyzja","received_date":"2026-04-20","decision_date":"2026-06-10","status":"decyzja wydana","description":"Przebudowa i rozbudowa stacji uzdatniania wody K","address":"Koźmin Wielkopolski","city":"Koźmin Wielkopolski","office":"Starosta Powiatu Krotoszyn","case_kind":"Obiekt budowlany inny niż budynek mieszkalny jednorodzinny","parcel_ids":["301203_4.0001.723/12","301203_4.0001.723/14","301203_4.0001.723/15","301203_4.0001.723/17","301203_4.0001.723/19","301203_4.0001.723/31","301203_4.0001.723/36","301203_4.0001.723/44","301203_4.0001.723/45","301203_4.0001.723/46","301203_4.0001.723/47"],"location_quality":"dokładny","gunb_url":"https://wyszukiwarka.gunb.gov.pl/","parcel_count":11,"parcel_shard":"x069-y207","parcel_id":"301203_4.0001.723/46","location_source":"powiat krotoszyński (wfs)"}},{"type":"Feature","id":"ST-WK-KR/WNIOSEK/7522/2026::301203_4.0001.723/47","geometry":{"type":"Polygon","coordinates":[[[17.4681874777115,51.8322557288799],[17.468366003218,51.8319409530802],[17.4688364372478,51.832043928296],[17.4686920349383,51.8323687461825],[17.4681874777115,51.8322557288799]]]},"properties":{"case_id":"ST-WK-KR/WNIOSEK/7522/2026","source_type":"wniosek_decyzja","received_date":"2026-04-20","decision_date":"2026-06-10","status":"decyzja wydana","description":"Przebudowa i rozbudowa stacji uzdatniania wody K","address":"Koźmin Wielkopolski","city":"Koźmin Wielkopolski","office":"Starosta Powiatu Krotoszyn","case_kind":"Obiekt budowlany inny niż budynek mieszkalny jednorodzinny","parcel_ids":["301203_4.0001.723/12","301203_4.0001.723/14","301203_4.0001.723/15","301203_4.0001.723/17","301203_4.0001.723/19","301203_4.0001.723/31","301203_4.0001.723/36","301203_4.0001.723/44","301203_4.0001.723/45","301203_4.0001.723/46","301203_4.0001.723/47"],"location_quality":"dokładny","gunb_url":"https://wyszukiwarka.gunb.gov.pl/","parcel_count":11,"parcel_shard":"x069-y207","parcel_id":"301203_4.0001.723/47","location_source":"powiat krotoszyński (wfs)"}},{"type":"Feature","id":"ST-WK-KR/WNIOSEK/7411/2026::301203_4.0001.744/4","geometry":{"type":"Polygon","coordinates":[[[17.4665681512111,51.8256588755927],[17.4664747307551,51.8259036831499],[17.4661614336146,51.8258453286609],[17.4662929161283,51.8256025205578],[17.4665681512111,51.8256588755927]]]},"properties":{"case_id":"ST-WK-KR/WNIOSEK/7411/2026","source_type":"wniosek_decyzja","received_date":"2026-04-16","decision_date":"2026-07-08","status":"decyzja wydana","description":"Rozbudowa i przebudowa budynku mieszkalnego jednorodzinnego","address":"Pleszewska 53A, Koźmin Wielkopolski","city":"Koźmin Wielkopolski","office":"Starosta Powiatu Krotoszyn","case_kind":"Budynek mieszkalny jednorodzinny","parcel_ids":["301203_4.0001.744/4","301203_4.0001.744/6"],"location_quality":"dokładny","gunb_url":"https://wyszukiwarka.gunb.gov.pl/","parcel_count":2,"parcel_shard":"x069-y207","parcel_id":"301203_4.0001.744/4","location_source":"powiat krotoszyński (wfs)"}},{"type":"Feature","id":"ST-WK-KR/WNIOSEK/7411/2026::301203_4.0001.744/6","geometry":{"type":"Polygon","coordinates":[[[17.4662929161283,51.8256025205578],[17.4661614336146,51.8258453286609],[17.4664747307551,51.8259036831499],[17.4664245687419,51.8260351965136],[17.4660709377247,51.8259692855893],[17.4662505481247,51.8255933712263],[17.4662929161283,51.8256025205578]]]},"properties":{"case_id":"ST-WK-KR/WNIOSEK/7411/2026","source_type":"wniosek_decyzja","received_date":"2026-04-16","decision_date":"2026-07-08","status":"decyzja wydana","description":"Rozbudowa i przebudowa budynku mieszkalnego jednorodzinnego","address":"Pleszewska 53A, Koźmin Wielkopolski","city":"Koźmin Wielkopolski","office":"Starosta Powiatu Krotoszyn","case_kind":"Budynek mieszkalny jednorodzinny","parcel_ids":["301203_4.0001.744/4","301203_4.0001.744/6"],"location_quality":"dokładny","gunb_url":"https://wyszukiwarka.gunb.gov.pl/","parcel_count":2,"parcel_shard":"x069-y207","parcel_id":"301203_4.0001.744/6","location_source":"powiat krotoszyński (wfs)"}},{"type":"Feature","id":"ST-WK-KR/WNIOSEK/2276/2026::301204_5.0023.AR_2.47/4","geometry":{"type":"Polygon","coordinates":[[[17.3828656963207,51.7752411352512],[17.3804037143839,51.775054780054],[17.3804599346971,51.7744796361178],[17.3800279929263,51.7744453761347],[17.380054947003,51.7742784539148],[17.3792866511628,51.7742247279617],[17.3792630068219,51.7733133981461],[17.3792591237913,51.7731853173814],[17.3795249633102,51.7731994521739],[17.3804556174608,51.7732487832818],[17.3804880001856,51.7728267885961],[17.3806621337629,51.7728238527447],[17.3831911972647,51.7727767799505],[17.3832190346342,51.7727962095229],[17.3830993319906,51.7736083497159],[17.3830677833968,51.7738788628135],[17.383063779179,51.7739007321534],[17.3830301930278,51.7741707181722],[17.3830290846043,51.7742109091727],[17.3830280227178,51.7742171185252],[17.3830182521085,51.7742778585151],[17.3830171972749,51.7742845173216],[17.3830013175894,51.77436228488],[17.3829514826795,51.7746496293611],[17.3829333359444,51.7747953733149],[17.3829325398544,51.7748000528034],[17.3829268999071,51.774837754022],[17.3829259589093,51.7748424343858],[17.3828656963207,51.7752411352512]]]},"properties":{"case_id":"ST-WK-KR/WNIOSEK/2276/2026","source_type":"wniosek_decyzja","received_date":"2026-02-06","decision_date":"2026-03-04","status":"decyzja wydana","description":"Roboty budowlane przy zabytkowym budynku oficyny we Wronowie","address":"Wronów","city":"Wronów","office":"Starosta Powiatu Krotoszyn","case_kind":"Obiekt budowlany inny niż budynek mieszkalny jednorodzinny","parcel_ids":["301204_5.0023.AR_2.47/4"],"location_quality":"dokładny","gunb_url":"https://wyszukiwarka.gunb.gov.pl/","parcel_count":1,"parcel_shard":"x069-y207","parcel_id":"301204_5.0023.AR_2.47/4","location_source":"powiat krotoszyński (wfs)"}},{"type":"Feature","id":"ST-WK-KR/WNIOSEK/25022/2025::301205_2.0006.12","geometry":{"type":"Polygon","coordinates":[[[17.478694415626,51.7558143537494],[17.4786070967297,51.7551935411827],[17.4819161329243,51.7550722659672],[17.4824080389606,51.7550542088538],[17.4827976068589,51.7550397344733],[17.4831497181826,51.7556161423453],[17.4820930539284,51.7556603710925],[17.478694415626,51.7558143537494]]]},"properties":{"case_id":"ST-WK-KR/WNIOSEK/25022/2025","source_type":"wniosek_decyzja","received_date":"2025-12-09","decision_date":"2026-02-18","status":"decyzja wydana","description":"budowa budynku inwentarskiego - obory","address":"Henryków","city":"Henryków","office":"Starosta Powiatu Krotoszyn","case_kind":"Obiekt budowlany inny niż budynek mieszkalny jednorodzinny","parcel_ids":["301205_2.0006.12"],"location_quality":"dokładny","gunb_url":"https://wyszukiwarka.gunb.gov.pl/","parcel_count":1,"parcel_shard":"x069-y207","parcel_id":"301205_2.0006.12","location_source":"powiat krotoszyński (wfs)"}}]}