{"type":"FeatureCollection","features":[{"type":"Feature","id":"ST-WK-PL/WNIOSEK/21840/2025::302002_2.0003.AR_2.291","geometry":{"type":"Polygon","coordinates":[[[17.7220654999522,52.0368379988083],[17.7220243203683,52.0369283957244],[17.7220764625957,52.0372573482225],[17.7224942554219,52.0384288718566],[17.7225790024445,52.0384239393787],[17.7225820905052,52.0377809828296],[17.7227240416391,52.0375336027245],[17.7228009949851,52.0372014800583],[17.7223138482623,52.0370189207111],[17.722178912343,52.0369198246285],[17.7220654999522,52.0368379988083]]]},"properties":{"case_id":"ST-WK-PL/WNIOSEK/21840/2025","source_type":"wniosek_decyzja","received_date":"2025-10-23","decision_date":"2025-11-12","status":"decyzja wydana","description":"budowa budynku mieszkalnego jednorodzinnego","address":"Czermin","city":"Czermin","office":"Starosta Powiatu Pleszew","case_kind":"Budynek mieszkalny jednorodzinny","parcel_ids":["302002_2.0003.AR_2.291"],"location_quality":"dokładny","gunb_url":"https://wyszukiwarka.gunb.gov.pl/","parcel_count":1,"parcel_shard":"x070-y208","parcel_id":"302002_2.0003.AR_2.291","location_source":"powiat pleszewski (wfs)"}},{"type":"Feature","id":"ST-WK-PL/WNIOSEK/14604/2026::302002_2.0003.AR_2.518/3","geometry":{"type":"Polygon","coordinates":[[[17.7299955125147,52.0296528590041],[17.730178816958,52.0296100397785],[17.7302248894144,52.0296000201639],[17.7309918909978,52.0294311744325],[17.7318236796825,52.029247627813],[17.7319086350589,52.0292286166614],[17.7325808713702,52.0290872901817],[17.7333661410112,52.0289120954138],[17.73396377031,52.0287788055382],[17.7341662866666,52.0287336034032],[17.7345461756203,52.0286386650273],[17.7357270456076,52.028374505686],[17.7372971319703,52.0280299505592],[17.7374135296849,52.028004421101],[17.7381586016512,52.027840897329],[17.73851316169,52.0277575455821],[17.7403285024805,52.0272834915069],[17.7403500311149,52.0273055352332],[17.7444814563652,52.0260712696659],[17.7446031137727,52.0260349252884],[17.7445028283361,52.0259283924526],[17.744418307054,52.0259531427992],[17.7443162705067,52.025983021985],[17.7426526669029,52.0264789209436],[17.7402446778726,52.0271752184494],[17.7402675204016,52.027216482504],[17.7384766164927,52.0276996402963],[17.7381242310038,52.0277824291364],[17.7374024051739,52.027944410061],[17.7372984327885,52.027967741469],[17.7372762616789,52.0279727161846],[17.7371315049389,52.0280052008546],[17.7361407385289,52.0282275207236],[17.7356989995699,52.0283266399206],[17.7345443711918,52.0285859913724],[17.7317948941157,52.0292000541028],[17.7299772923714,52.0296172254858],[17.7299955125147,52.0296528590041]]]},"properties":{"case_id":"ST-WK-PL/WNIOSEK/14604/2026","source_type":"wniosek_decyzja","received_date":"2025-11-26","decision_date":"2026-07-01","status":"decyzja wydana","description":"budowa drogi wewnętrznej realizowanej w ramach zadania pod nazwą „Przebudowa dróg gminnych w tym zgłoszonych do dofinansowania ze środków Urzędu Marszałkowskiego (tzw. FOGR)”, w miejscowości Grab","address":"Grab","city":"Grab","office":"Starosta Powiatu Pleszew","case_kind":"Obiekt budowlany inny niż budynek mieszkalny jednorodzinny","parcel_ids":["302002_2.0003.AR_2.518/3","302006_4.0003.395/1","302006_4.0003.522"],"location_quality":"dokładny","gunb_url":"https://wyszukiwarka.gunb.gov.pl/","parcel_count":1,"parcel_shard":"x070-y208","parcel_id":"302002_2.0003.AR_2.518/3","location_source":"powiat pleszewski (wfs)"}},{"type":"Feature","id":"PL-WP/ZGŁOSZENIE/3080/2025::302004_2.0006.47","geometry":{"type":"Polygon","coordinates":[[[17.7538857255297,52.0547886915501],[17.7529239491136,52.0556185249972],[17.7525519690782,52.0559138057861],[17.7521692441343,52.0561484838887],[17.7517436790486,52.0563673340262],[17.7515556375865,52.0564471535625],[17.7512727190536,52.0565672295448],[17.7512126329692,52.0565899858526],[17.7509778917973,52.0566788829181],[17.7505757775443,52.0568311627089],[17.7499452167712,52.0570699494935],[17.7495166301185,52.0572531199554],[17.7491076395913,52.0574544567634],[17.7490304932232,52.0575011740581],[17.7487436814846,52.0576748564517],[17.7486971809413,52.0577029253729],[17.7483867840219,52.0579217717198],[17.7475527380094,52.0585685451767],[17.7472512444361,52.0588033528685],[17.7470162630504,52.0589905861652],[17.7467978915726,52.0591589695787],[17.7466986570058,52.059235474433],[17.7461574830908,52.0596502823561],[17.7460829855424,52.0597123380029],[17.7458798349587,52.0598724255558],[17.7457033523689,52.0600093812996],[17.7452993111116,52.0603179490913],[17.7455710537227,52.0603815112694],[17.7456046817068,52.060360778277],[17.7459538494036,52.0600883866038],[17.7460957701698,52.0599777807085],[17.7463391753514,52.0597900964396],[17.7464022953051,52.0597416072775],[17.7467394399614,52.0594792539284],[17.7467994868704,52.059432555545],[17.7469154798641,52.0593422956746],[17.7469695202845,52.0593005276973],[17.7477735399888,52.058676327819],[17.7486066802069,52.0580294449209],[17.748883629106,52.057836523985],[17.7489234447181,52.057808656174],[17.7489922071709,52.0577670085031],[17.7490228116362,52.0577478335095],[17.7492744700597,52.0575901579107],[17.7496653666906,52.0573975371156],[17.750088423708,52.0572161619656],[17.75096408389,52.0569446724534],[17.7514188139075,52.0567117690951],[17.7518922962358,52.056501366019],[17.7523663113065,52.0562680408897],[17.7527784442618,52.0560347573103],[17.7528692999931,52.0559542061686],[17.7528916754849,52.0559391828167],[17.7531519743436,52.0557193428096],[17.7535497055046,52.0553767441142],[17.7537788192684,52.0551793973451],[17.7540079310118,52.0549820501214],[17.7541164796565,52.0548886217821],[17.7538857255297,52.0547886915501]]]},"properties":{"case_id":"PL-WP/ZGŁOSZENIE/3080/2025","source_type":"zgloszenie","received_date":"2025-09-25","decision_date":null,"status":"Brak sprzeciwu","description":"budowa linii kablowej SN 15 kV","address":"Leszczyca","city":"Leszczyca","office":"Wojewoda Wielkopolski","case_kind":"budowa nowego/nowych obiektów budowlanych","parcel_ids":["302004_2.0006.47"],"location_quality":"dokładny","gunb_url":"https://wyszukiwarka.gunb.gov.pl/","parcel_count":1,"parcel_shard":"x070-y208","parcel_id":"302004_2.0006.47","location_source":"powiat pleszewski (wfs)"}},{"type":"Feature","id":"ST-WK-PL/WNIOSEK/21197/2025::302004_2.0015.136/3","geometry":{"type":"Polygon","coordinates":[[[17.730299098234,52.0509176720588],[17.7301126432473,52.0512101553518],[17.7304248355188,52.0512910530299],[17.7306357920374,52.0509555592321],[17.7303922541977,52.0508922063031],[17.730299098234,52.0509176720588]]]},"properties":{"case_id":"ST-WK-PL/WNIOSEK/21197/2025","source_type":"wniosek_decyzja","received_date":"2025-10-14","decision_date":"2025-11-04","status":"decyzja wydana","description":"budowa wewnetrznej oraz zbiornikowej instalacji gazu płynnego ze zbiornikiem naziemnym o pojemności 2,70m3 dla budynku mieszkalnego jednorodzinnego","address":"Szymanowice","city":"Szymanowice","office":"Starosta Powiatu Pleszew","case_kind":"Obiekt budowlany inny niż budynek mieszkalny jednorodzinny","parcel_ids":["302004_2.0015.AR_1.136/3"],"location_quality":"dokładny","gunb_url":"https://wyszukiwarka.gunb.gov.pl/","parcel_count":1,"parcel_shard":"x070-y208","parcel_id":"302004_2.0015.136/3","location_source":"powiat pleszewski (wfs)"}},{"type":"Feature","id":"ST-WK-PL/WNIOSEK/23797/2025::302004_2.0016.AR_4.460/4","geometry":{"type":"Polygon","coordinates":[[[17.7385423891777,52.0656433545436],[17.7387738389058,52.0654605365252],[17.7385248490946,52.0653452079659],[17.7384961009169,52.065323573043],[17.7380065641158,52.0650962585324],[17.7380366014303,52.0650719678776],[17.7370726472025,52.0646278826274],[17.7368266032645,52.0648564370676],[17.7380816613924,52.0654323630183],[17.7385423891777,52.0656433545436]]]},"properties":{"case_id":"ST-WK-PL/WNIOSEK/23797/2025","source_type":"wniosek_decyzja","received_date":"2025-11-12","decision_date":"2025-11-25","status":"decyzja wydana","description":"Budowa budynku mieszkalnego jednorodzinnego wraz z niezbędną infrastrukturą techniczną","address":"Tomice","city":"Tomice","office":"Starosta Powiatu Pleszew","case_kind":"Budynek mieszkalny jednorodzinny","parcel_ids":["302004_2.0016.AR_4.460/4"],"location_quality":"dokładny","gunb_url":"https://wyszukiwarka.gunb.gov.pl/","parcel_count":1,"parcel_shard":"x070-y208","parcel_id":"302004_2.0016.AR_4.460/4","location_source":"powiat pleszewski (wfs)"}},{"type":"Feature","id":"ST-WK-SL/WNIOSEK/8631/2026::302302_2.0014.153","geometry":{"type":"Polygon","coordinates":[[[17.7473732362925,52.2204686639821],[17.7468887136054,52.2203906909043],[17.747052986072,52.2200415997981],[17.7474679295272,52.2201053126121],[17.7473732362925,52.2204686639821]]]},"properties":{"case_id":"ST-WK-SL/WNIOSEK/8631/2026","source_type":"wniosek_decyzja","received_date":"2026-05-05","decision_date":"2026-06-17","status":"decyzja wydana","description":"Rozbudowa budynku mieszkalnego jednorodzinnego","address":"Samarzewo","city":"Samarzewo","office":"Starosta Powiatu Słupca","case_kind":"Budynek mieszkalny jednorodzinny","parcel_ids":["302302_2.0014.153"],"location_quality":"dokładny","gunb_url":"https://wyszukiwarka.gunb.gov.pl/","parcel_count":1,"parcel_shard":"x070-y208","parcel_id":"302302_2.0014.153","location_source":"powiat słupecki (wfs)"}},{"type":"Feature","id":"ST-WK-WR/WNIOSEK/12790/2026::303001_2.0102.284","geometry":{"type":"Polygon","coordinates":[[[17.6536250701139,52.2042675436113],[17.6536353762386,52.2041239009499],[17.6541458552318,52.2041378273123],[17.6541336114688,52.2042797781127],[17.6536250701139,52.2042675436113]]]},"properties":{"case_id":"ST-WK-WR/WNIOSEK/12790/2026","source_type":"wniosek_decyzja","received_date":"2026-07-03","decision_date":"2026-07-29","status":"decyzja wydana","description":"Nadbudowa wraz ze zmianą konstrukcji dachu na budynku mieszkalnym jednorodzinnym","address":"Borzykowo","city":"Borzykowo","office":"Starosta Powiatu Września","case_kind":"Budynek mieszkalny jednorodzinny","parcel_ids":["303001_2.0102.284"],"location_quality":"dokładny","gunb_url":"https://wyszukiwarka.gunb.gov.pl/","parcel_count":1,"parcel_shard":"x070-y208","parcel_id":"303001_2.0102.284","location_source":"powiat wrzesiński (wfs)"}},{"type":"Feature","id":"ST-WK-WR/WNIOSEK/20303/2025::303001_2.0102.344","geometry":{"type":"Polygon","coordinates":[[[17.6551845675667,52.1988917589692],[17.6555172314425,52.1990846018406],[17.6554136917298,52.1991992642167],[17.6550436511987,52.1989831795897],[17.6551845675667,52.1988917589692]]]},"properties":{"case_id":"ST-WK-WR/WNIOSEK/20303/2025","source_type":"wniosek_decyzja","received_date":"2025-10-01","decision_date":"2025-11-24","status":"decyzja wydana","description":"Budowa budynku garażu","address":"Borzykowo","city":"Borzykowo","office":"Starosta Powiatu Września","case_kind":"Obiekt budowlany inny niż budynek mieszkalny jednorodzinny","parcel_ids":["303001_2.0102.344"],"location_quality":"dokładny","gunb_url":"https://wyszukiwarka.gunb.gov.pl/","parcel_count":1,"parcel_shard":"x070-y208","parcel_id":"303001_2.0102.344","location_source":"powiat wrzesiński (wfs)"}},{"type":"Feature","id":"ST-WK-WR/WNIOSEK/25218/2025::303001_2.0103.107","geometry":{"type":"Polygon","coordinates":[[[17.5860030329191,52.1865804394786],[17.5860630757978,52.1865605518795],[17.5867622243888,52.1863719950827],[17.5870449917735,52.186291753552],[17.5870920772424,52.1862632645682],[17.5872895274048,52.1860585348186],[17.5882179061259,52.1860968824822],[17.5887756822045,52.1872022358056],[17.5859747873393,52.1870836599255],[17.5859753909478,52.1870679600519],[17.5859897993985,52.1866932510296],[17.5860030329191,52.1865804394786]]]},"properties":{"case_id":"ST-WK-WR/WNIOSEK/25218/2025","source_type":"wniosek_decyzja","received_date":"2025-12-12","decision_date":"2026-01-16","status":"decyzja wydana","description":"Budowa hali magazynowej w ramach zabudowy zagrodowej","address":"Budziłowo","city":"Budziłowo","office":"Starosta Powiatu Września","case_kind":"Obiekt budowlany inny niż budynek mieszkalny jednorodzinny","parcel_ids":["303001_2.0103.107","303001_2.0103.109"],"location_quality":"dokładny","gunb_url":"https://wyszukiwarka.gunb.gov.pl/","parcel_count":2,"parcel_shard":"x070-y208","parcel_id":"303001_2.0103.107","location_source":"powiat wrzesiński (wfs)"}},{"type":"Feature","id":"ST-WK-WR/WNIOSEK/25218/2025::303001_2.0103.109","geometry":{"type":"Polygon","coordinates":[[[17.5859747873393,52.1870836599255],[17.5887756822045,52.1872022358056],[17.58925751856,52.1881570522696],[17.5871150245554,52.1880735887249],[17.5859345138094,52.1880235242222],[17.5859684280513,52.1872395230727],[17.5859747873393,52.1870836599255]]]},"properties":{"case_id":"ST-WK-WR/WNIOSEK/25218/2025","source_type":"wniosek_decyzja","received_date":"2025-12-12","decision_date":"2026-01-16","status":"decyzja wydana","description":"Budowa hali magazynowej w ramach zabudowy zagrodowej","address":"Budziłowo","city":"Budziłowo","office":"Starosta Powiatu Września","case_kind":"Obiekt budowlany inny niż budynek mieszkalny jednorodzinny","parcel_ids":["303001_2.0103.107","303001_2.0103.109"],"location_quality":"dokładny","gunb_url":"https://wyszukiwarka.gunb.gov.pl/","parcel_count":2,"parcel_shard":"x070-y208","parcel_id":"303001_2.0103.109","location_source":"powiat wrzesiński (wfs)"}},{"type":"Feature","id":"ST-WK-WR/WNIOSEK/21135/2025::303001_2.0106.92","geometry":{"type":"Polygon","coordinates":[[[17.7442072195896,52.2457697425296],[17.7450972494683,52.2455898127142],[17.7455801648238,52.2464191149228],[17.7465657437181,52.2481115269024],[17.7475746206179,52.2498058967771],[17.7485914828866,52.2515384667631],[17.7476819713388,52.2517134941481],[17.7466853807008,52.2500010024049],[17.7456767471088,52.2483046423693],[17.7446956548313,52.2466123170235],[17.7442072195896,52.2457697425296]]]},"properties":{"case_id":"ST-WK-WR/WNIOSEK/21135/2025","source_type":"wniosek_decyzja","received_date":"2025-10-14","decision_date":"2025-10-31","status":"decyzja wydana","description":"Budowa budynku mieszkalnego jednorodzinnego","address":"Gałęzewice","city":"Gałęzewice","office":"Starosta Powiatu Września","case_kind":"Budynek mieszkalny jednorodzinny","parcel_ids":["303001_2.0106.92"],"location_quality":"dokładny","gunb_url":"https://wyszukiwarka.gunb.gov.pl/","parcel_count":1,"parcel_shard":"x070-y208","parcel_id":"303001_2.0106.92","location_source":"powiat wrzesiński (wfs)"}},{"type":"Feature","id":"ST-WK-WR/WNIOSEK/20657/2025::303001_2.0108.116","geometry":{"type":"Polygon","coordinates":[[[17.6111968522555,52.2402011887609],[17.6112423600506,52.2401368965546],[17.6120886637506,52.240311256416],[17.6129102824422,52.2404797771056],[17.6132803072493,52.2405571159628],[17.6136689028859,52.240637210754],[17.6140196058935,52.2401744109751],[17.6139961979324,52.2401387430001],[17.6141573212287,52.2401802538117],[17.6140981397319,52.2402010916698],[17.6137981777211,52.2406710681217],[17.6137330046467,52.2408079416929],[17.6139325429471,52.2409113004101],[17.6140522466755,52.2409347004224],[17.6141359955959,52.2409510622404],[17.6148255736869,52.2410858832749],[17.6151257887781,52.2411442041701],[17.615748438148,52.2412651402247],[17.6158498648069,52.2412832985949],[17.6156008293032,52.2417430767764],[17.6155309976516,52.2418271543169],[17.615435704352,52.2419408042622],[17.6153381947663,52.2419214979061],[17.6155172601253,52.2416718015326],[17.6157152095949,52.2413326620614],[17.6137567736919,52.2409512291916],[17.6135564264062,52.2406894435378],[17.6111968522555,52.2402011887609]]]},"properties":{"case_id":"ST-WK-WR/WNIOSEK/20657/2025","source_type":"wniosek_decyzja","received_date":"2025-10-08","decision_date":"2025-11-26","status":"decyzja wydana","description":"Rozbudowa sieci wodociągowej","address":"Grabowo Królewskie","city":"Grabowo Królewskie","office":"Starosta Powiatu Września","case_kind":"Obiekt budowlany inny niż budynek mieszkalny jednorodzinny","parcel_ids":["303001_2.0108.116","303001_2.0108.88/10","303001_2.0108.88/11","303001_2.0108.93","303001_2.0108.99/2"],"location_quality":"dokładny","gunb_url":"https://wyszukiwarka.gunb.gov.pl/","parcel_count":5,"parcel_shard":"x070-y208","parcel_id":"303001_2.0108.116","location_source":"powiat wrzesiński (wfs)"}},{"type":"Feature","id":"ST-WK-WR/WNIOSEK/20657/2025::303001_2.0108.88/10","geometry":{"type":"Polygon","coordinates":[[[17.6143171676709,52.2393388947934],[17.615398022615,52.2394602503577],[17.6153239310031,52.2396077891464],[17.615119997666,52.239968948939],[17.6150749613705,52.2399851741784],[17.6149632177277,52.2399608653297],[17.6148977726729,52.2399800154665],[17.6147788801221,52.2401922846001],[17.6140785294331,52.2400145320228],[17.6142536817629,52.2395186218733],[17.6143171676709,52.2393388947934]]]},"properties":{"case_id":"ST-WK-WR/WNIOSEK/20657/2025","source_type":"wniosek_decyzja","received_date":"2025-10-08","decision_date":"2025-11-26","status":"decyzja wydana","description":"Rozbudowa sieci wodociągowej","address":"Grabowo Królewskie","city":"Grabowo Królewskie","office":"Starosta Powiatu Września","case_kind":"Obiekt budowlany inny niż budynek mieszkalny jednorodzinny","parcel_ids":["303001_2.0108.116","303001_2.0108.88/10","303001_2.0108.88/11","303001_2.0108.93","303001_2.0108.99/2"],"location_quality":"dokładny","gunb_url":"https://wyszukiwarka.gunb.gov.pl/","parcel_count":5,"parcel_shard":"x070-y208","parcel_id":"303001_2.0108.88/10","location_source":"powiat wrzesiński (wfs)"}},{"type":"Feature","id":"ST-WK-WR/WNIOSEK/20657/2025::303001_2.0108.88/11","geometry":{"type":"Polygon","coordinates":[[[17.6143171676709,52.2393388947934],[17.6144258290293,52.2390311500863],[17.6146194323464,52.2384830808202],[17.6166742361582,52.2387428657136],[17.6166435553803,52.2388374968451],[17.6167081118487,52.2388381558562],[17.6167332344831,52.2388279015246],[17.6167592057332,52.2387531179824],[17.6168785348546,52.2387685148398],[17.6165276610921,52.2395446351387],[17.6165241529709,52.2395439946013],[17.6165068392821,52.2395824058729],[17.6159924330687,52.2395257287239],[17.615398022615,52.2394602503577],[17.6143171676709,52.2393388947934]]]},"properties":{"case_id":"ST-WK-WR/WNIOSEK/20657/2025","source_type":"wniosek_decyzja","received_date":"2025-10-08","decision_date":"2025-11-26","status":"decyzja wydana","description":"Rozbudowa sieci wodociągowej","address":"Grabowo Królewskie","city":"Grabowo Królewskie","office":"Starosta Powiatu Września","case_kind":"Obiekt budowlany inny niż budynek mieszkalny jednorodzinny","parcel_ids":["303001_2.0108.116","303001_2.0108.88/10","303001_2.0108.88/11","303001_2.0108.93","303001_2.0108.99/2"],"location_quality":"dokładny","gunb_url":"https://wyszukiwarka.gunb.gov.pl/","parcel_count":5,"parcel_shard":"x070-y208","parcel_id":"303001_2.0108.88/11","location_source":"powiat wrzesiński (wfs)"}},{"type":"Feature","id":"ST-WK-WR/WNIOSEK/20657/2025::303001_2.0108.93","geometry":{"type":"Polygon","coordinates":[[[17.6166742361582,52.2387428657136],[17.6146194323464,52.2384830808202],[17.6118159593039,52.2382037682657],[17.6116312872179,52.238506848322],[17.6114425702504,52.238787514018],[17.6114185017323,52.2388894170122],[17.6113812287827,52.2391138862905],[17.611429124103,52.239337313893],[17.6113378521269,52.2393937068538],[17.6111612693638,52.2394146444771],[17.6112372648538,52.2393963800281],[17.611329384426,52.2393423075408],[17.6112972908608,52.239211879657],[17.6112768025695,52.2390266647672],[17.6113208598317,52.2388433700728],[17.6114998694792,52.2384955046569],[17.6116520772545,52.238266009204],[17.6117603304217,52.2381914075222],[17.6118638276565,52.2381584932195],[17.6119797115289,52.2381488977886],[17.6120670744443,52.2381530496419],[17.6127763820435,52.238235638962],[17.6143045437192,52.2383801314579],[17.6147440960568,52.2384401668254],[17.6154845082709,52.2385329076306],[17.6156279704598,52.2385508110484],[17.6157427689527,52.2385652056525],[17.6167032810335,52.238685168866],[17.6167720146097,52.2386937506148],[17.6170723787984,52.2387303602861],[17.6172693132908,52.2387549625823],[17.6172492131302,52.2388129461579],[17.6168785348546,52.2387685148398],[17.6167592057332,52.2387531179824],[17.6166742361582,52.2387428657136]]]},"properties":{"case_id":"ST-WK-WR/WNIOSEK/20657/2025","source_type":"wniosek_decyzja","received_date":"2025-10-08","decision_date":"2025-11-26","status":"decyzja wydana","description":"Rozbudowa sieci wodociągowej","address":"Grabowo Królewskie","city":"Grabowo Królewskie","office":"Starosta Powiatu Września","case_kind":"Obiekt budowlany inny niż budynek mieszkalny jednorodzinny","parcel_ids":["303001_2.0108.116","303001_2.0108.88/10","303001_2.0108.88/11","303001_2.0108.93","303001_2.0108.99/2"],"location_quality":"dokładny","gunb_url":"https://wyszukiwarka.gunb.gov.pl/","parcel_count":5,"parcel_shard":"x070-y208","parcel_id":"303001_2.0108.93","location_source":"powiat wrzesiński (wfs)"}},{"type":"Feature","id":"ST-WK-WR/WNIOSEK/20657/2025::303001_2.0108.99/2","geometry":{"type":"Polygon","coordinates":[[[17.5983926895875,52.2380726280585],[17.5984778940824,52.2380075769971],[17.5986118921962,52.2379052128979],[17.599245407253,52.2379800761249],[17.6038496330105,52.2385334433983],[17.6111612693638,52.2394146444771],[17.6113378521269,52.2393937068538],[17.6129707467223,52.2397487397515],[17.6135010637811,52.2398808015665],[17.6136693761645,52.2399083068525],[17.6140785294331,52.2400145320228],[17.6147788801221,52.2401922846001],[17.6148261144235,52.2402044636687],[17.6150869354829,52.2402723889587],[17.6153647090425,52.2403332105791],[17.6158349560843,52.240418417627],[17.6162954123602,52.2405017035508],[17.6163939885116,52.2405162784712],[17.6165830925417,52.2405479147343],[17.6170163391362,52.2406173799342],[17.6174508723918,52.2406852082133],[17.6176807134462,52.2407210948391],[17.6179647176727,52.2407577791872],[17.6192062878299,52.2408985994652],[17.6194860859688,52.2409303369712],[17.6215350313395,52.2411429705064],[17.6229857595526,52.2412459264174],[17.6231167067113,52.241246386558],[17.623206179423,52.241236874891],[17.623331558615,52.2412103174139],[17.6237179538711,52.2410758921995],[17.6236438228975,52.2412394563042],[17.6233902301945,52.2413750963934],[17.6231924464855,52.2414988190323],[17.623004255698,52.2413845233866],[17.6219088592553,52.2413061677166],[17.6216797781468,52.241289779818],[17.6207544948471,52.2412025060127],[17.6205198466076,52.2411803611606],[17.6201920120018,52.2411494676013],[17.6198374076312,52.2411159703618],[17.6190030845781,52.2410246615886],[17.6187917082726,52.2410021968616],[17.6180520486381,52.2409198472624],[17.6177980738464,52.2408810970324],[17.6176682186481,52.2408632403393],[17.6169691017224,52.2407644457801],[17.6168306513057,52.240741706899],[17.6164869717248,52.2406813617158],[17.6161890778854,52.240625658266],[17.6160987454159,52.2406087372304],[17.6154879036874,52.2404946721386],[17.6151220457228,52.2404260718937],[17.6145966957827,52.2402966422137],[17.6144287142213,52.2402524132828],[17.6141573212287,52.2401802538117],[17.6139961979324,52.2401387430001],[17.6136356986569,52.2400437317125],[17.6132119539587,52.2399319746799],[17.6123703894765,52.2397348994414],[17.6116169460666,52.2396072238443],[17.6114899100494,52.2395857745227],[17.6109050567456,52.2395162604964],[17.6100546821696,52.2394109043364],[17.6096840965018,52.239366103754],[17.608953910486,52.2392769178505],[17.6073789513773,52.2390785671255],[17.6057205546079,52.2388810502933],[17.6056630165581,52.2388741970117],[17.6050979936137,52.2388068962828],[17.6047540815702,52.2387800311391],[17.6045749627891,52.238758328665],[17.6040612857861,52.2386962234284],[17.604009522629,52.2386772388999],[17.6026892312855,52.2385223534155],[17.6018613752856,52.2384211484665],[17.6015003132196,52.2383770586432],[17.6014489831084,52.2383704945407],[17.6006485891106,52.2382700581518],[17.5999240364172,52.2381843462681],[17.5998389535868,52.238174265559],[17.5985809991843,52.2380100442244],[17.5983926895875,52.2380726280585]]]},"properties":{"case_id":"ST-WK-WR/WNIOSEK/20657/2025","source_type":"wniosek_decyzja","received_date":"2025-10-08","decision_date":"2025-11-26","status":"decyzja wydana","description":"Rozbudowa sieci wodociągowej","address":"Grabowo Królewskie","city":"Grabowo Królewskie","office":"Starosta Powiatu Września","case_kind":"Obiekt budowlany inny niż budynek mieszkalny jednorodzinny","parcel_ids":["303001_2.0108.116","303001_2.0108.88/10","303001_2.0108.88/11","303001_2.0108.93","303001_2.0108.99/2"],"location_quality":"dokładny","gunb_url":"https://wyszukiwarka.gunb.gov.pl/","parcel_count":5,"parcel_shard":"x070-y208","parcel_id":"303001_2.0108.99/2","location_source":"powiat wrzesiński (wfs)"}},{"type":"Feature","id":"ST-WK-WR/WNIOSEK/19856/2025::303001_2.0108.64/1002","geometry":{"type":"Polygon","coordinates":[[[17.6203437572655,52.245642158328],[17.6211994825303,52.2460090389477],[17.6209931796799,52.246364673641],[17.6198972543074,52.246126483923],[17.6203437572655,52.245642158328]]]},"properties":{"case_id":"ST-WK-WR/WNIOSEK/19856/2025","source_type":"wniosek_decyzja","received_date":"2025-09-30","decision_date":"2025-10-21","status":"decyzja wydana","description":"Rozbudowa budynku mieszkalnego jednorodzinnego","address":"Grabowo Królewskie","city":"Grabowo Królewskie","office":"Starosta Powiatu Września","case_kind":"Budynek mieszkalny jednorodzinny","parcel_ids":["303001_2.0108.64/1002"],"location_quality":"dokładny","gunb_url":"https://wyszukiwarka.gunb.gov.pl/","parcel_count":1,"parcel_shard":"x070-y208","parcel_id":"303001_2.0108.64/1002","location_source":"powiat wrzesiński (wfs)"}},{"type":"Feature","id":"ST-WK-WR/ZGŁOSZENIE/3853/2025::303001_2.0109.110/1","geometry":{"type":"Polygon","coordinates":[[[17.6303131527978,52.2151711288399],[17.630751712866,52.2150022735528],[17.6311955233501,52.2148330121269],[17.6316396975131,52.214663746733],[17.6317614785443,52.2146171856595],[17.6317820539238,52.2145325223944],[17.6317561342184,52.2142790630874],[17.6317381369617,52.214210892592],[17.631679375348,52.2139840775303],[17.63160296717,52.2137755024905],[17.6315305819684,52.213566714962],[17.6313333316004,52.2129730602978],[17.6309851139072,52.2119691867771],[17.6309077087847,52.2117404754725],[17.6308301581458,52.2115117636522],[17.6307167643553,52.2111769737369],[17.6306705500201,52.211046667708],[17.6305638253204,52.2107306621436],[17.6303555223715,52.2101134396849],[17.6303404546432,52.210059086832],[17.6298683806243,52.2086626907901],[17.6298225154534,52.2085270156945],[17.6295941803497,52.20785799536],[17.6293696644806,52.2072026099147],[17.6292977600874,52.2069887087578],[17.6292648505691,52.2068821048184],[17.6292203061664,52.2067500242119],[17.6291584882218,52.2065665690601],[17.6289387384353,52.205918847709],[17.6287727768844,52.2054354120539],[17.628602056555,52.2049266155864],[17.6285816362522,52.2048667825376],[17.6287138845719,52.2048838260891],[17.6287288398954,52.2049324071884],[17.6288881912783,52.2054012619497],[17.6293258599764,52.2066881603286],[17.6294198708302,52.2069515856828],[17.6299433431557,52.2084913404658],[17.630017369575,52.2087088948731],[17.6303437613571,52.2096685556575],[17.6304612317126,52.2100141519613],[17.6304779856173,52.2100652550018],[17.6310192413229,52.2116736247516],[17.6311101664379,52.2119217074084],[17.6316222650826,52.2134338384089],[17.6318240172363,52.2140733474352],[17.6319901286245,52.2145998713254],[17.6314314271252,52.2148126737693],[17.6303577431259,52.2152169712167],[17.6303131527978,52.2151711288399]]]},"properties":{"case_id":"ST-WK-WR/ZGŁOSZENIE/3853/2025","source_type":"zgloszenie","received_date":"2025-11-28","decision_date":null,"status":"Brak sprzeciwu","description":"Budowa sieci elektroenergetycznej nn 0,4 kV","address":"Kołaczkowo","city":"Kołaczkowo","office":"Starosta Powiatu Września","case_kind":"budowa nowego/nowych obiektów budowlanych","parcel_ids":["303001_2.0109.110/1","303001_2.0109.121/58","303001_2.0109.122","303001_2.0109.124/59","303001_2.0109.124/60","303001_2.0109.124/61","303001_2.0109.124/62","303001_2.0109.124/63","303001_2.0109.124/64","303001_2.0109.124/65","303001_2.0109.124/66","303001_2.0109.124/67","303001_2.0109.133"],"location_quality":"dokładny","gunb_url":"https://wyszukiwarka.gunb.gov.pl/","parcel_count":12,"parcel_shard":"x070-y208","parcel_id":"303001_2.0109.110/1","location_source":"powiat wrzesiński (wfs)"}},{"type":"Feature","id":"ST-WK-WR/ZGŁOSZENIE/3853/2025::303001_2.0109.122","geometry":{"type":"Polygon","coordinates":[[[17.6302037396723,52.2140707359922],[17.6309126636607,52.2138014813928],[17.6309719693939,52.214014583263],[17.6310262223202,52.2142125737513],[17.6310745680573,52.2143919142445],[17.6311955233501,52.2148330121269],[17.630751712866,52.2150022735528],[17.6302037396723,52.2140707359922]]]},"properties":{"case_id":"ST-WK-WR/ZGŁOSZENIE/3853/2025","source_type":"zgloszenie","received_date":"2025-11-28","decision_date":null,"status":"Brak sprzeciwu","description":"Budowa sieci elektroenergetycznej nn 0,4 kV","address":"Kołaczkowo","city":"Kołaczkowo","office":"Starosta Powiatu Września","case_kind":"budowa nowego/nowych obiektów budowlanych","parcel_ids":["303001_2.0109.110/1","303001_2.0109.121/58","303001_2.0109.122","303001_2.0109.124/59","303001_2.0109.124/60","303001_2.0109.124/61","303001_2.0109.124/62","303001_2.0109.124/63","303001_2.0109.124/64","303001_2.0109.124/65","303001_2.0109.124/66","303001_2.0109.124/67","303001_2.0109.133"],"location_quality":"dokładny","gunb_url":"https://wyszukiwarka.gunb.gov.pl/","parcel_count":12,"parcel_shard":"x070-y208","parcel_id":"303001_2.0109.122","location_source":"powiat wrzesiński (wfs)"}},{"type":"Feature","id":"ST-WK-WR/ZGŁOSZENIE/3853/2025::303001_2.0109.124/59","geometry":{"type":"Polygon","coordinates":[[[17.6284746941761,52.2150928218983],[17.6283744774746,52.2150771912237],[17.6281204039992,52.2148145232285],[17.6281280785842,52.2147698332449],[17.6286805434036,52.2145676131609],[17.6290017117149,52.214899930408],[17.6284746941761,52.2150928218983]]]},"properties":{"case_id":"ST-WK-WR/ZGŁOSZENIE/3853/2025","source_type":"zgloszenie","received_date":"2025-11-28","decision_date":null,"status":"Brak sprzeciwu","description":"Budowa sieci elektroenergetycznej nn 0,4 kV","address":"Kołaczkowo","city":"Kołaczkowo","office":"Starosta Powiatu Września","case_kind":"budowa nowego/nowych obiektów budowlanych","parcel_ids":["303001_2.0109.110/1","303001_2.0109.121/58","303001_2.0109.122","303001_2.0109.124/59","303001_2.0109.124/60","303001_2.0109.124/61","303001_2.0109.124/62","303001_2.0109.124/63","303001_2.0109.124/64","303001_2.0109.124/65","303001_2.0109.124/66","303001_2.0109.124/67","303001_2.0109.133"],"location_quality":"dokładny","gunb_url":"https://wyszukiwarka.gunb.gov.pl/","parcel_count":12,"parcel_shard":"x070-y208","parcel_id":"303001_2.0109.124/59","location_source":"powiat wrzesiński (wfs)"}},{"type":"Feature","id":"ST-WK-WR/ZGŁOSZENIE/3853/2025::303001_2.0109.124/60","geometry":{"type":"Polygon","coordinates":[[[17.6290017117149,52.214899930408],[17.6286805434036,52.2145676131609],[17.6293140035565,52.2143357246129],[17.6296354541364,52.2146678972269],[17.6290017117149,52.214899930408]]]},"properties":{"case_id":"ST-WK-WR/ZGŁOSZENIE/3853/2025","source_type":"zgloszenie","received_date":"2025-11-28","decision_date":null,"status":"Brak sprzeciwu","description":"Budowa sieci elektroenergetycznej nn 0,4 kV","address":"Kołaczkowo","city":"Kołaczkowo","office":"Starosta Powiatu Września","case_kind":"budowa nowego/nowych obiektów budowlanych","parcel_ids":["303001_2.0109.110/1","303001_2.0109.121/58","303001_2.0109.122","303001_2.0109.124/59","303001_2.0109.124/60","303001_2.0109.124/61","303001_2.0109.124/62","303001_2.0109.124/63","303001_2.0109.124/64","303001_2.0109.124/65","303001_2.0109.124/66","303001_2.0109.124/67","303001_2.0109.133"],"location_quality":"dokładny","gunb_url":"https://wyszukiwarka.gunb.gov.pl/","parcel_count":12,"parcel_shard":"x070-y208","parcel_id":"303001_2.0109.124/60","location_source":"powiat wrzesiński (wfs)"}},{"type":"Feature","id":"ST-WK-WR/ZGŁOSZENIE/3853/2025::303001_2.0109.124/61","geometry":{"type":"Polygon","coordinates":[[[17.6280401492815,52.2148020199948],[17.6279520730847,52.2148342601428],[17.6274097875105,52.2150327520626],[17.6270918304997,52.2147061568469],[17.6277221349789,52.2144731703567],[17.6280401492815,52.2148020199948]]]},"properties":{"case_id":"ST-WK-WR/ZGŁOSZENIE/3853/2025","source_type":"zgloszenie","received_date":"2025-11-28","decision_date":null,"status":"Brak sprzeciwu","description":"Budowa sieci elektroenergetycznej nn 0,4 kV","address":"Kołaczkowo","city":"Kołaczkowo","office":"Starosta Powiatu Września","case_kind":"budowa nowego/nowych obiektów budowlanych","parcel_ids":["303001_2.0109.110/1","303001_2.0109.121/58","303001_2.0109.122","303001_2.0109.124/59","303001_2.0109.124/60","303001_2.0109.124/61","303001_2.0109.124/62","303001_2.0109.124/63","303001_2.0109.124/64","303001_2.0109.124/65","303001_2.0109.124/66","303001_2.0109.124/67","303001_2.0109.133"],"location_quality":"dokładny","gunb_url":"https://wyszukiwarka.gunb.gov.pl/","parcel_count":12,"parcel_shard":"x070-y208","parcel_id":"303001_2.0109.124/61","location_source":"powiat wrzesiński (wfs)"}},{"type":"Feature","id":"ST-WK-WR/ZGŁOSZENIE/3853/2025::303001_2.0109.124/62","geometry":{"type":"Polygon","coordinates":[[[17.6280401492815,52.2148020199948],[17.6277221349789,52.2144731703567],[17.6283610336886,52.2142369989268],[17.6286805434036,52.2145676131609],[17.6281280785842,52.2147698332449],[17.6280401492815,52.2148020199948]]]},"properties":{"case_id":"ST-WK-WR/ZGŁOSZENIE/3853/2025","source_type":"zgloszenie","received_date":"2025-11-28","decision_date":null,"status":"Brak sprzeciwu","description":"Budowa sieci elektroenergetycznej nn 0,4 kV","address":"Kołaczkowo","city":"Kołaczkowo","office":"Starosta Powiatu Września","case_kind":"budowa nowego/nowych obiektów budowlanych","parcel_ids":["303001_2.0109.110/1","303001_2.0109.121/58","303001_2.0109.122","303001_2.0109.124/59","303001_2.0109.124/60","303001_2.0109.124/61","303001_2.0109.124/62","303001_2.0109.124/63","303001_2.0109.124/64","303001_2.0109.124/65","303001_2.0109.124/66","303001_2.0109.124/67","303001_2.0109.133"],"location_quality":"dokładny","gunb_url":"https://wyszukiwarka.gunb.gov.pl/","parcel_count":12,"parcel_shard":"x070-y208","parcel_id":"303001_2.0109.124/62","location_source":"powiat wrzesiński (wfs)"}},{"type":"Feature","id":"ST-WK-WR/ZGŁOSZENIE/3853/2025::303001_2.0109.124/63","geometry":{"type":"Polygon","coordinates":[[[17.6286805434036,52.2145676131609],[17.6283610336886,52.2142369989268],[17.6289925431326,52.2140035510678],[17.6293140035565,52.2143357246129],[17.6286805434036,52.2145676131609]]]},"properties":{"case_id":"ST-WK-WR/ZGŁOSZENIE/3853/2025","source_type":"zgloszenie","received_date":"2025-11-28","decision_date":null,"status":"Brak sprzeciwu","description":"Budowa sieci elektroenergetycznej nn 0,4 kV","address":"Kołaczkowo","city":"Kołaczkowo","office":"Starosta Powiatu Września","case_kind":"budowa nowego/nowych obiektów budowlanych","parcel_ids":["303001_2.0109.110/1","303001_2.0109.121/58","303001_2.0109.122","303001_2.0109.124/59","303001_2.0109.124/60","303001_2.0109.124/61","303001_2.0109.124/62","303001_2.0109.124/63","303001_2.0109.124/64","303001_2.0109.124/65","303001_2.0109.124/66","303001_2.0109.124/67","303001_2.0109.133"],"location_quality":"dokładny","gunb_url":"https://wyszukiwarka.gunb.gov.pl/","parcel_count":12,"parcel_shard":"x070-y208","parcel_id":"303001_2.0109.124/63","location_source":"powiat wrzesiński (wfs)"}},{"type":"Feature","id":"ST-WK-WR/ZGŁOSZENIE/3853/2025::303001_2.0109.124/64","geometry":{"type":"Polygon","coordinates":[[[17.6296354541364,52.2146678972269],[17.6296952823431,52.2147297230935],[17.6291143468779,52.2149423921223],[17.6284536659772,52.2151842332382],[17.6283710931918,52.215214459786],[17.6280197641673,52.2148513884932],[17.6279520730847,52.2148342601428],[17.6280401492815,52.2148020199948],[17.6281280785842,52.2147698332449],[17.6281204039992,52.2148145232285],[17.6283744774746,52.2150771912237],[17.6284746941761,52.2150928218983],[17.6290017117149,52.214899930408],[17.6296354541364,52.2146678972269]]]},"properties":{"case_id":"ST-WK-WR/ZGŁOSZENIE/3853/2025","source_type":"zgloszenie","received_date":"2025-11-28","decision_date":null,"status":"Brak sprzeciwu","description":"Budowa sieci elektroenergetycznej nn 0,4 kV","address":"Kołaczkowo","city":"Kołaczkowo","office":"Starosta Powiatu Września","case_kind":"budowa nowego/nowych obiektów budowlanych","parcel_ids":["303001_2.0109.110/1","303001_2.0109.121/58","303001_2.0109.122","303001_2.0109.124/59","303001_2.0109.124/60","303001_2.0109.124/61","303001_2.0109.124/62","303001_2.0109.124/63","303001_2.0109.124/64","303001_2.0109.124/65","303001_2.0109.124/66","303001_2.0109.124/67","303001_2.0109.133"],"location_quality":"dokładny","gunb_url":"https://wyszukiwarka.gunb.gov.pl/","parcel_count":12,"parcel_shard":"x070-y208","parcel_id":"303001_2.0109.124/64","location_source":"powiat wrzesiński (wfs)"}},{"type":"Feature","id":"ST-WK-WR/ZGŁOSZENIE/3853/2025::303001_2.0109.124/65","geometry":{"type":"Polygon","coordinates":[[[17.6287389705254,52.2154782761818],[17.6280798820146,52.215720974043],[17.6277931686523,52.2154260083192],[17.6283710931918,52.215214459786],[17.6284536659772,52.2151842332382],[17.6287389705254,52.2154782761818]]]},"properties":{"case_id":"ST-WK-WR/ZGŁOSZENIE/3853/2025","source_type":"zgloszenie","received_date":"2025-11-28","decision_date":null,"status":"Brak sprzeciwu","description":"Budowa sieci elektroenergetycznej nn 0,4 kV","address":"Kołaczkowo","city":"Kołaczkowo","office":"Starosta Powiatu Września","case_kind":"budowa nowego/nowych obiektów budowlanych","parcel_ids":["303001_2.0109.110/1","303001_2.0109.121/58","303001_2.0109.122","303001_2.0109.124/59","303001_2.0109.124/60","303001_2.0109.124/61","303001_2.0109.124/62","303001_2.0109.124/63","303001_2.0109.124/64","303001_2.0109.124/65","303001_2.0109.124/66","303001_2.0109.124/67","303001_2.0109.133"],"location_quality":"dokładny","gunb_url":"https://wyszukiwarka.gunb.gov.pl/","parcel_count":12,"parcel_shard":"x070-y208","parcel_id":"303001_2.0109.124/65","location_source":"powiat wrzesiński (wfs)"}},{"type":"Feature","id":"ST-WK-WR/ZGŁOSZENIE/3853/2025::303001_2.0109.124/66","geometry":{"type":"Polygon","coordinates":[[[17.6287389705254,52.2154782761818],[17.6284536659772,52.2151842332382],[17.6291143468779,52.2149423921223],[17.6294004810122,52.2152373078961],[17.6288665749305,52.2154312939813],[17.6287389705254,52.2154782761818]]]},"properties":{"case_id":"ST-WK-WR/ZGŁOSZENIE/3853/2025","source_type":"zgloszenie","received_date":"2025-11-28","decision_date":null,"status":"Brak sprzeciwu","description":"Budowa sieci elektroenergetycznej nn 0,4 kV","address":"Kołaczkowo","city":"Kołaczkowo","office":"Starosta Powiatu Września","case_kind":"budowa nowego/nowych obiektów budowlanych","parcel_ids":["303001_2.0109.110/1","303001_2.0109.121/58","303001_2.0109.122","303001_2.0109.124/59","303001_2.0109.124/60","303001_2.0109.124/61","303001_2.0109.124/62","303001_2.0109.124/63","303001_2.0109.124/64","303001_2.0109.124/65","303001_2.0109.124/66","303001_2.0109.124/67","303001_2.0109.133"],"location_quality":"dokładny","gunb_url":"https://wyszukiwarka.gunb.gov.pl/","parcel_count":12,"parcel_shard":"x070-y208","parcel_id":"303001_2.0109.124/66","location_source":"powiat wrzesiński (wfs)"}},{"type":"Feature","id":"ST-WK-WR/ZGŁOSZENIE/3853/2025::303001_2.0109.124/67","geometry":{"type":"Polygon","coordinates":[[[17.6294004810122,52.2152373078961],[17.6291143468779,52.2149423921223],[17.6296952823431,52.2147297230935],[17.630172463477,52.2152227964562],[17.6302240382731,52.2152760937538],[17.6301555298534,52.2153043433634],[17.6301002403433,52.2152578740872],[17.6300130116891,52.2151846559246],[17.6298718608589,52.2150660331554],[17.6294004810122,52.2152373078961]]]},"properties":{"case_id":"ST-WK-WR/ZGŁOSZENIE/3853/2025","source_type":"zgloszenie","received_date":"2025-11-28","decision_date":null,"status":"Brak sprzeciwu","description":"Budowa sieci elektroenergetycznej nn 0,4 kV","address":"Kołaczkowo","city":"Kołaczkowo","office":"Starosta Powiatu Września","case_kind":"budowa nowego/nowych obiektów budowlanych","parcel_ids":["303001_2.0109.110/1","303001_2.0109.121/58","303001_2.0109.122","303001_2.0109.124/59","303001_2.0109.124/60","303001_2.0109.124/61","303001_2.0109.124/62","303001_2.0109.124/63","303001_2.0109.124/64","303001_2.0109.124/65","303001_2.0109.124/66","303001_2.0109.124/67","303001_2.0109.133"],"location_quality":"dokładny","gunb_url":"https://wyszukiwarka.gunb.gov.pl/","parcel_count":12,"parcel_shard":"x070-y208","parcel_id":"303001_2.0109.124/67","location_source":"powiat wrzesiński (wfs)"}},{"type":"Feature","id":"ST-WK-WR/ZGŁOSZENIE/3853/2025::303001_2.0109.133","geometry":{"type":"Polygon","coordinates":[[[17.620751792533,52.2080294255826],[17.6207254292959,52.2079385769767],[17.6212960801651,52.208013893276],[17.6218216817497,52.208083261262],[17.622357296896,52.2081539483077],[17.6231253254907,52.2082553033518],[17.6234810928969,52.2083025754506],[17.6241686782962,52.2083929839387],[17.6248850369192,52.2084876673991],[17.6262318036004,52.208665204058],[17.6263963148818,52.209139077581],[17.6267958294032,52.2102897922513],[17.627134434788,52.2112802949361],[17.6271506205713,52.2113323023995],[17.6274788227334,52.212260250754],[17.6274881872534,52.2122957410872],[17.6282021396508,52.2130216862932],[17.6290489531262,52.2138844321959],[17.6294949103488,52.2143399796903],[17.6303131527978,52.2151711288399],[17.6303577431259,52.2152169712167],[17.6302240382731,52.2152760937538],[17.630172463477,52.2152227964562],[17.6296952823431,52.2147297230935],[17.6296354541364,52.2146678972269],[17.6293140035565,52.2143357246129],[17.6289925431326,52.2140035510678],[17.6287169053595,52.2137208900471],[17.6285610143312,52.2135604247406],[17.6283193094121,52.213311625537],[17.62734236494,52.2123059959087],[17.6270239223104,52.2113813261328],[17.6270055171024,52.2113281679522],[17.6261146309858,52.2087420165334],[17.6234503304615,52.2083880280714],[17.620751792533,52.2080294255826]]]},"properties":{"case_id":"ST-WK-WR/ZGŁOSZENIE/3853/2025","source_type":"zgloszenie","received_date":"2025-11-28","decision_date":null,"status":"Brak sprzeciwu","description":"Budowa sieci elektroenergetycznej nn 0,4 kV","address":"Kołaczkowo","city":"Kołaczkowo","office":"Starosta Powiatu Września","case_kind":"budowa nowego/nowych obiektów budowlanych","parcel_ids":["303001_2.0109.110/1","303001_2.0109.121/58","303001_2.0109.122","303001_2.0109.124/59","303001_2.0109.124/60","303001_2.0109.124/61","303001_2.0109.124/62","303001_2.0109.124/63","303001_2.0109.124/64","303001_2.0109.124/65","303001_2.0109.124/66","303001_2.0109.124/67","303001_2.0109.133"],"location_quality":"dokładny","gunb_url":"https://wyszukiwarka.gunb.gov.pl/","parcel_count":12,"parcel_shard":"x070-y208","parcel_id":"303001_2.0109.133","location_source":"powiat wrzesiński (wfs)"}},{"type":"Feature","id":"ST-WK-WR/WNIOSEK/3791/2026::303001_2.0109.124/58","geometry":{"type":"Polygon","coordinates":[[[17.6283710931918,52.215214459786],[17.6277931686523,52.2154260083192],[17.6274620143462,52.2150863941671],[17.6274097875105,52.2150327520626],[17.6279520730847,52.2148342601428],[17.6280197641673,52.2148513884932],[17.6283710931918,52.215214459786]]]},"properties":{"case_id":"ST-WK-WR/WNIOSEK/3791/2026","source_type":"wniosek_decyzja","received_date":"2026-02-26","decision_date":"2026-03-26","status":"decyzja wydana","description":"Budowa 10 budynków gospodarczych","address":"Kołaczkowo","city":"Kołaczkowo","office":"Starosta Powiatu Września","case_kind":"Obiekt budowlany inny niż budynek mieszkalny jednorodzinny","parcel_ids":["303001_2.0109.124/58","303001_2.0109.124/67"],"location_quality":"dokładny","gunb_url":"https://wyszukiwarka.gunb.gov.pl/","parcel_count":2,"parcel_shard":"x070-y208","parcel_id":"303001_2.0109.124/58","location_source":"powiat wrzesiński (wfs)"}},{"type":"Feature","id":"ST-WK-WR/WNIOSEK/3791/2026::303001_2.0109.124/67","geometry":{"type":"Polygon","coordinates":[[[17.6294004810122,52.2152373078961],[17.6291143468779,52.2149423921223],[17.6296952823431,52.2147297230935],[17.630172463477,52.2152227964562],[17.6302240382731,52.2152760937538],[17.6301555298534,52.2153043433634],[17.6301002403433,52.2152578740872],[17.6300130116891,52.2151846559246],[17.6298718608589,52.2150660331554],[17.6294004810122,52.2152373078961]]]},"properties":{"case_id":"ST-WK-WR/WNIOSEK/3791/2026","source_type":"wniosek_decyzja","received_date":"2026-02-26","decision_date":"2026-03-26","status":"decyzja wydana","description":"Budowa 10 budynków gospodarczych","address":"Kołaczkowo","city":"Kołaczkowo","office":"Starosta Powiatu Września","case_kind":"Obiekt budowlany inny niż budynek mieszkalny jednorodzinny","parcel_ids":["303001_2.0109.124/58","303001_2.0109.124/67"],"location_quality":"dokładny","gunb_url":"https://wyszukiwarka.gunb.gov.pl/","parcel_count":2,"parcel_shard":"x070-y208","parcel_id":"303001_2.0109.124/67","location_source":"powiat wrzesiński (wfs)"}},{"type":"Feature","id":"ST-WK-WR/WNIOSEK/7067/2026::303001_2.0109.162","geometry":{"type":"Polygon","coordinates":[[[17.6148719451956,52.2125535013668],[17.6159998800539,52.2124098268592],[17.6160560936808,52.2125725950811],[17.6166365616992,52.2142538721324],[17.6171577881195,52.2157708326016],[17.6160753187987,52.2158858651159],[17.6155371337025,52.2143951086052],[17.614929115802,52.2127101651373],[17.6148719451956,52.2125535013668]]]},"properties":{"case_id":"ST-WK-WR/WNIOSEK/7067/2026","source_type":"wniosek_decyzja","received_date":"2026-04-13","decision_date":"2026-06-02","status":"decyzja wydana","description":"Przebudowa wiaty gospodarczej ze zmianą sposobu użytkowania na kotłownię i garaż wraz z budową instalacji zbiornikowej na gaz płynny z pojedynczym zbiornikiem","address":"Kołaczkowo","city":"Kołaczkowo","office":"Starosta Powiatu Września","case_kind":"Obiekt budowlany inny niż budynek mieszkalny jednorodzinny","parcel_ids":["303001_2.0109.162"],"location_quality":"dokładny","gunb_url":"https://wyszukiwarka.gunb.gov.pl/","parcel_count":1,"parcel_shard":"x070-y208","parcel_id":"303001_2.0109.162","location_source":"powiat wrzesiński (wfs)"}},{"type":"Feature","id":"ST-WK-WR/WNIOSEK/7022/2026::303001_2.0109.174/6","geometry":{"type":"Polygon","coordinates":[[[17.6127666170741,52.2161747082053],[17.6129198601113,52.2165739983918],[17.61264954723,52.2166131970248],[17.6124433490165,52.2161116315005],[17.6127666170741,52.2161747082053]]]},"properties":{"case_id":"ST-WK-WR/WNIOSEK/7022/2026","source_type":"wniosek_decyzja","received_date":"2026-04-10","decision_date":"2026-05-08","status":"decyzja wydana","description":"Budowa zbiornika naziemnego na gaz płynny wraz z wewnętrzną instalacją gazową dla budynku mieszkalnego jednorodzinnego","address":"Kołaczkowo","city":"Kołaczkowo","office":"Starosta Powiatu Września","case_kind":"Obiekt budowlany inny niż budynek mieszkalny jednorodzinny","parcel_ids":["303001_2.0109.174/6"],"location_quality":"dokładny","gunb_url":"https://wyszukiwarka.gunb.gov.pl/","parcel_count":1,"parcel_shard":"x070-y208","parcel_id":"303001_2.0109.174/6","location_source":"powiat wrzesiński (wfs)"}},{"type":"Feature","id":"ST-WK-WR/WNIOSEK/5028/2026::303001_2.0109.263","geometry":{"type":"Polygon","coordinates":[[[17.6163520860226,52.2189604836616],[17.6165824951437,52.2189220058984],[17.617288974844,52.2201794942823],[17.6170172330775,52.2202356486371],[17.6163520860226,52.2189604836616]]]},"properties":{"case_id":"ST-WK-WR/WNIOSEK/5028/2026","source_type":"wniosek_decyzja","received_date":"2026-03-17","decision_date":"2026-04-23","status":"decyzja wydana","description":"Przebudowa budynku mieszkalnego jednorodzinnego wraz ze zmianą sposobu części budynku gospodarczego na budynek mieszkalny jednorodzinny","address":"Kołaczkowo","city":"Kołaczkowo","office":"Starosta Powiatu Września","case_kind":"Budynek mieszkalny jednorodzinny","parcel_ids":["303001_2.0109.263"],"location_quality":"dokładny","gunb_url":"https://wyszukiwarka.gunb.gov.pl/","parcel_count":1,"parcel_shard":"x070-y208","parcel_id":"303001_2.0109.263","location_source":"powiat wrzesiński (wfs)"}},{"type":"Feature","id":"ST-WK-WR/ZGŁOSZENIE/746/2026::303001_2.0109.56/3","geometry":{"type":"Polygon","coordinates":[[[17.6249732059364,52.2202724625117],[17.6256572162348,52.2201128541423],[17.62577514989,52.2203061055419],[17.6257998346858,52.2203464489877],[17.6251146657553,52.2205042569484],[17.6249732059364,52.2202724625117]]]},"properties":{"case_id":"ST-WK-WR/ZGŁOSZENIE/746/2026","source_type":"zgloszenie","received_date":"2026-03-14","decision_date":null,"status":"Brak sprzeciwu","description":"Budowa sieci elektroenergetycznej SN 15 kV, nn 0,4 kV","address":"Kołaczkowo","city":"Kołaczkowo","office":"Starosta Powiatu Września","case_kind":"budowa nowego/nowych obiektów budowlanych","parcel_ids":["303001_2.0109.56/3","303001_2.0109.56/4","303001_2.0109.56/8"],"location_quality":"dokładny","gunb_url":"https://wyszukiwarka.gunb.gov.pl/","parcel_count":3,"parcel_shard":"x070-y208","parcel_id":"303001_2.0109.56/3","location_source":"powiat wrzesiński (wfs)"}},{"type":"Feature","id":"ST-WK-WR/ZGŁOSZENIE/746/2026::303001_2.0109.56/4","geometry":{"type":"Polygon","coordinates":[[[17.6251146657553,52.2205042569484],[17.6257998346858,52.2203464489877],[17.6258855793556,52.2204869299166],[17.6259076642988,52.220523220604],[17.625222640116,52.2206809397709],[17.6251146657553,52.2205042569484]]]},"properties":{"case_id":"ST-WK-WR/ZGŁOSZENIE/746/2026","source_type":"zgloszenie","received_date":"2026-03-14","decision_date":null,"status":"Brak sprzeciwu","description":"Budowa sieci elektroenergetycznej SN 15 kV, nn 0,4 kV","address":"Kołaczkowo","city":"Kołaczkowo","office":"Starosta Powiatu Września","case_kind":"budowa nowego/nowych obiektów budowlanych","parcel_ids":["303001_2.0109.56/3","303001_2.0109.56/4","303001_2.0109.56/8"],"location_quality":"dokładny","gunb_url":"https://wyszukiwarka.gunb.gov.pl/","parcel_count":3,"parcel_shard":"x070-y208","parcel_id":"303001_2.0109.56/4","location_source":"powiat wrzesiński (wfs)"}},{"type":"Feature","id":"ST-WK-WR/ZGŁOSZENIE/746/2026::303001_2.0109.56/8","geometry":{"type":"Polygon","coordinates":[[[17.6255462756467,52.2212109866952],[17.6262313068575,52.2210532656776],[17.6263379872862,52.2212278761731],[17.6257222865221,52.2213721562774],[17.6256287014943,52.2213459747248],[17.6255462756467,52.2212109866952]]]},"properties":{"case_id":"ST-WK-WR/ZGŁOSZENIE/746/2026","source_type":"zgloszenie","received_date":"2026-03-14","decision_date":null,"status":"Brak sprzeciwu","description":"Budowa sieci elektroenergetycznej SN 15 kV, nn 0,4 kV","address":"Kołaczkowo","city":"Kołaczkowo","office":"Starosta Powiatu Września","case_kind":"budowa nowego/nowych obiektów budowlanych","parcel_ids":["303001_2.0109.56/3","303001_2.0109.56/4","303001_2.0109.56/8"],"location_quality":"dokładny","gunb_url":"https://wyszukiwarka.gunb.gov.pl/","parcel_count":3,"parcel_shard":"x070-y208","parcel_id":"303001_2.0109.56/8","location_source":"powiat wrzesiński (wfs)"}},{"type":"Feature","id":"ST-WK-WR/WNIOSEK/10961/2026::303001_2.0115.133/2","geometry":{"type":"Polygon","coordinates":[[[17.5981875282131,52.1809697287928],[17.5984902203194,52.1809746941116],[17.5991612195521,52.1810345067128],[17.5997573046503,52.1811248806629],[17.6005966694023,52.1812716138798],[17.6012888877747,52.1814053652581],[17.6029401152673,52.1817434104976],[17.6037559306359,52.1818977687784],[17.6036073970944,52.1821698395207],[17.6047363620414,52.1824003311486],[17.6034083934172,52.1836225335744],[17.6019831943875,52.1849340015617],[17.6006399926853,52.186172545125],[17.5996594409885,52.1862961316919],[17.5991962022119,52.1847311607882],[17.5990115314118,52.1841028188713],[17.5990215927887,52.1841016613594],[17.5988616257348,52.1835429391091],[17.5986533077388,52.182751135072],[17.5985117559125,52.1821950102046],[17.5984893750048,52.1821061503879],[17.598402435815,52.1817668433534],[17.5983232678045,52.1814877599703],[17.5982068186042,52.1810553718243],[17.5981875282131,52.1809697287928]]]},"properties":{"case_id":"ST-WK-WR/WNIOSEK/10961/2026","source_type":"wniosek_decyzja","received_date":"2026-06-08","decision_date":"2026-07-08","status":"decyzja wydana","description":"Budowa budynku mieszkalnego jednorodzinnego oraz budynku gospodarczego","address":"Wszembórz","city":"Wszembórz","office":"Starosta Powiatu Września","case_kind":"Budynek mieszkalny jednorodzinny","parcel_ids":["303001_2.0115.133/2"],"location_quality":"dokładny","gunb_url":"https://wyszukiwarka.gunb.gov.pl/","parcel_count":1,"parcel_shard":"x070-y208","parcel_id":"303001_2.0115.133/2","location_source":"powiat wrzesiński (wfs)"}},{"type":"Feature","id":"ST-WK-WR/WNIOSEK/7030/2026::303001_2.0115.188/2","geometry":{"type":"Polygon","coordinates":[[[17.6237368563193,52.1856942932147],[17.6235276358436,52.1856218131908],[17.6234281525605,52.1855066314234],[17.6237180785938,52.1851355479089],[17.6243880064796,52.1854361711297],[17.6249158425798,52.1850846398242],[17.6261703616877,52.1856729976009],[17.6259332982849,52.1858686300829],[17.6258139620268,52.1859573704906],[17.6254452575813,52.1862212629471],[17.625165380667,52.1861147592505],[17.6238503840418,52.1857152318942],[17.6237368563193,52.1856942932147]]]},"properties":{"case_id":"ST-WK-WR/WNIOSEK/7030/2026","source_type":"wniosek_decyzja","received_date":"2026-04-14","decision_date":"2026-05-22","status":"decyzja wydana","description":"Rozbiórka budynku stodoły i dwóch budynków gospodarczych","address":"Wszembórz","city":"Wszembórz","office":"Starosta Powiatu Września","case_kind":"Obiekt budowlany inny niż budynek mieszkalny jednorodzinny","parcel_ids":["303001_2.0115.188/2"],"location_quality":"dokładny","gunb_url":"https://wyszukiwarka.gunb.gov.pl/","parcel_count":1,"parcel_shard":"x070-y208","parcel_id":"303001_2.0115.188/2","location_source":"powiat wrzesiński (wfs)"}},{"type":"Feature","id":"ST-WK-WR/WNIOSEK/2050/2026::303001_2.0115.43","geometry":{"type":"Polygon","coordinates":[[[17.628452912419,52.2041246994979],[17.6281964969716,52.2033841059168],[17.6280909180523,52.2030198364255],[17.6280913710402,52.2027411695978],[17.6287186630678,52.2025918181752],[17.6306403361165,52.2021342646803],[17.6327250632362,52.2016378455042],[17.6339304833419,52.2013525530474],[17.6360229933657,52.2023070575872],[17.6335463911201,52.2029008863474],[17.6314697880178,52.2033998661007],[17.6294639984036,52.2038817869824],[17.628452912419,52.2041246994979]]]},"properties":{"case_id":"ST-WK-WR/WNIOSEK/2050/2026","source_type":"wniosek_decyzja","received_date":"2026-02-03","decision_date":"2026-03-10","status":"decyzja wydana","description":"Budowa budynku mieszkalnego jednorodzinnego","address":"Wszembórz","city":"Wszembórz","office":"Starosta Powiatu Września","case_kind":"Budynek mieszkalny jednorodzinny","parcel_ids":["303001_2.0115.43"],"location_quality":"dokładny","gunb_url":"https://wyszukiwarka.gunb.gov.pl/","parcel_count":1,"parcel_shard":"x070-y208","parcel_id":"303001_2.0115.43","location_source":"powiat wrzesiński (wfs)"}},{"type":"Feature","id":"ST-WK-WR/WNIOSEK/162/2026::303002_4.0400.321/48","geometry":{"type":"Polygon","coordinates":[[[17.5008219061701,52.2069980007991],[17.5011028372723,52.2066825887912],[17.5014236335846,52.2067903703606],[17.5011427042689,52.2071057831133],[17.5008219061701,52.2069980007991]]]},"properties":{"case_id":"ST-WK-WR/WNIOSEK/162/2026","source_type":"wniosek_decyzja","received_date":"2025-12-31","decision_date":"2026-02-25","status":"decyzja wydana","description":"Budowa budynku mieszkalnego jednorodzinnego","address":"Miłosław","city":"Miłosław","office":"Starosta Powiatu Września","case_kind":"Budynek mieszkalny jednorodzinny","parcel_ids":["303002_4.0400.321/48"],"location_quality":"dokładny","gunb_url":"https://wyszukiwarka.gunb.gov.pl/","parcel_count":1,"parcel_shard":"x070-y208","parcel_id":"303002_4.0400.321/48","location_source":"powiat wrzesiński (wfs)"}},{"type":"Feature","id":"ST-WK-WR/WNIOSEK/8605/2026::303002_5.0004.26/6","geometry":{"type":"Polygon","coordinates":[[[17.5761060358417,52.1675731904336],[17.5761254823288,52.1675533797666],[17.576465833079,52.1672072143347],[17.5765554249921,52.1674265945229],[17.5765434099422,52.1674758947364],[17.5763564101703,52.1676663052205],[17.5761060358417,52.1675731904336]]]},"properties":{"case_id":"ST-WK-WR/WNIOSEK/8605/2026","source_type":"wniosek_decyzja","received_date":"2026-05-06","decision_date":"2026-06-18","status":"decyzja wydana","description":"Budowa budynku mieszkalnego jednorodzinnego","address":"Chlebowo","city":"Chlebowo","office":"Starosta Powiatu Września","case_kind":"Budynek mieszkalny jednorodzinny","parcel_ids":["303002_5.0004.26/6"],"location_quality":"dokładny","gunb_url":"https://wyszukiwarka.gunb.gov.pl/","parcel_count":1,"parcel_shard":"x070-y208","parcel_id":"303002_5.0004.26/6","location_source":"powiat wrzesiński (wfs)"}},{"type":"Feature","id":"ST-WK-WR/WNIOSEK/21735/2025::303002_5.0006.222/8","geometry":{"type":"Polygon","coordinates":[[[17.5059542392854,52.1477328095494],[17.5058072824093,52.1473482303963],[17.5060749989059,52.1472502151266],[17.5063223540761,52.1476457300586],[17.5062406159539,52.147665071442],[17.5059542392854,52.1477328095494]]]},"properties":{"case_id":"ST-WK-WR/WNIOSEK/21735/2025","source_type":"wniosek_decyzja","received_date":"2025-10-23","decision_date":"2025-11-24","status":"decyzja wydana","description":"Budowa budynku mieszkalnego jednorodzinnego","address":"Czeszewo","city":"Czeszewo","office":"Starosta Powiatu Września","case_kind":"Budynek mieszkalny jednorodzinny","parcel_ids":["303002_5.0006.222/8"],"location_quality":"dokładny","gunb_url":"https://wyszukiwarka.gunb.gov.pl/","parcel_count":1,"parcel_shard":"x070-y208","parcel_id":"303002_5.0006.222/8","location_source":"powiat wrzesiński (wfs)"}},{"type":"Feature","id":"ST-WK-WR/ZGŁOSZENIE/872/2026::303002_5.0006.263/2","geometry":{"type":"Polygon","coordinates":[[[17.5087853731304,52.1517034469839],[17.5093630742485,52.1517197826059],[17.5094453450716,52.1519317000076],[17.5087696294489,52.1519125299153],[17.5087853731304,52.1517034469839]]]},"properties":{"case_id":"ST-WK-WR/ZGŁOSZENIE/872/2026","source_type":"zgloszenie","received_date":"2026-03-24","decision_date":null,"status":"Brak sprzeciwu","description":"Budowa budynku mieszkalnego jednorodzinnego","address":"Czeszewo","city":"Czeszewo","office":"Starosta Powiatu Września","case_kind":"budowa nowego/nowych obiektów budowlanych","parcel_ids":["303002_5.0006.263/2"],"location_quality":"dokładny","gunb_url":"https://wyszukiwarka.gunb.gov.pl/","parcel_count":1,"parcel_shard":"x070-y208","parcel_id":"303002_5.0006.263/2","location_source":"powiat wrzesiński (wfs)"}},{"type":"Feature","id":"ST-WK-WR/ZGŁOSZENIE/1562/2026::303002_5.0006.313/12","geometry":{"type":"Polygon","coordinates":[[[17.5134730658353,52.147877220761],[17.5134576424374,52.1479652386306],[17.5134322556051,52.1481094796934],[17.5134002382523,52.1481248068123],[17.512892736437,52.1480793903491],[17.5129463077557,52.1478293882359],[17.5130353755758,52.1478374817599],[17.5133098221407,52.147862408574],[17.5134730658353,52.147877220761]]]},"properties":{"case_id":"ST-WK-WR/ZGŁOSZENIE/1562/2026","source_type":"zgloszenie","received_date":"2026-05-15","decision_date":null,"status":"Brak sprzeciwu","description":"Budowa sieci elektroenergetycznej nn 0,4 kV","address":"Leśna 33, Czeszewo","city":"Czeszewo","office":"Starosta Powiatu Września","case_kind":"budowa nowego/nowych obiektów budowlanych","parcel_ids":["303002_5.0006.313/12","303002_5.0006.313/14","303002_5.0006.313/17","303002_5.0006.313/21","303002_5.0006.313/9","303002_5.0006.439/3","303002_5.0006.562"],"location_quality":"dokładny","gunb_url":"https://wyszukiwarka.gunb.gov.pl/","parcel_count":7,"parcel_shard":"x070-y208","parcel_id":"303002_5.0006.313/12","location_source":"powiat wrzesiński (wfs)"}},{"type":"Feature","id":"ST-WK-WR/ZGŁOSZENIE/1562/2026::303002_5.0006.313/14","geometry":{"type":"Polygon","coordinates":[[[17.5124166240217,52.1477819906575],[17.5123631968738,52.1480319032538],[17.5118327818818,52.1479844101557],[17.5118863980264,52.1477349842815],[17.5122703129769,52.1477690251387],[17.5124166240217,52.1477819906575]]]},"properties":{"case_id":"ST-WK-WR/ZGŁOSZENIE/1562/2026","source_type":"zgloszenie","received_date":"2026-05-15","decision_date":null,"status":"Brak sprzeciwu","description":"Budowa sieci elektroenergetycznej nn 0,4 kV","address":"Leśna 33, Czeszewo","city":"Czeszewo","office":"Starosta Powiatu Września","case_kind":"budowa nowego/nowych obiektów budowlanych","parcel_ids":["303002_5.0006.313/12","303002_5.0006.313/14","303002_5.0006.313/17","303002_5.0006.313/21","303002_5.0006.313/9","303002_5.0006.439/3","303002_5.0006.562"],"location_quality":"dokładny","gunb_url":"https://wyszukiwarka.gunb.gov.pl/","parcel_count":7,"parcel_shard":"x070-y208","parcel_id":"303002_5.0006.313/14","location_source":"powiat wrzesiński (wfs)"}},{"type":"Feature","id":"ST-WK-WR/ZGŁOSZENIE/1562/2026::303002_5.0006.313/17","geometry":{"type":"Polygon","coordinates":[[[17.5118294545964,52.1480749046128],[17.512384245065,52.1481246555928],[17.5123249646184,52.148375352872],[17.5117677254313,52.1483354781821],[17.5118294545964,52.1480749046128]]]},"properties":{"case_id":"ST-WK-WR/ZGŁOSZENIE/1562/2026","source_type":"zgloszenie","received_date":"2026-05-15","decision_date":null,"status":"Brak sprzeciwu","description":"Budowa sieci elektroenergetycznej nn 0,4 kV","address":"Leśna 33, Czeszewo","city":"Czeszewo","office":"Starosta Powiatu Września","case_kind":"budowa nowego/nowych obiektów budowlanych","parcel_ids":["303002_5.0006.313/12","303002_5.0006.313/14","303002_5.0006.313/17","303002_5.0006.313/21","303002_5.0006.313/9","303002_5.0006.439/3","303002_5.0006.562"],"location_quality":"dokładny","gunb_url":"https://wyszukiwarka.gunb.gov.pl/","parcel_count":7,"parcel_shard":"x070-y208","parcel_id":"303002_5.0006.313/17","location_source":"powiat wrzesiński (wfs)"}},{"type":"Feature","id":"ST-WK-WR/ZGŁOSZENIE/1562/2026::303002_5.0006.313/21","geometry":{"type":"Polygon","coordinates":[[[17.5129618071393,52.1481763854504],[17.5135580532275,52.1482298073564],[17.5135175923066,52.1484606935389],[17.5129046870201,52.1484168457205],[17.5129618071393,52.1481763854504]]]},"properties":{"case_id":"ST-WK-WR/ZGŁOSZENIE/1562/2026","source_type":"zgloszenie","received_date":"2026-05-15","decision_date":null,"status":"Brak sprzeciwu","description":"Budowa sieci elektroenergetycznej nn 0,4 kV","address":"Leśna 33, Czeszewo","city":"Czeszewo","office":"Starosta Powiatu Września","case_kind":"budowa nowego/nowych obiektów budowlanych","parcel_ids":["303002_5.0006.313/12","303002_5.0006.313/14","303002_5.0006.313/17","303002_5.0006.313/21","303002_5.0006.313/9","303002_5.0006.439/3","303002_5.0006.562"],"location_quality":"dokładny","gunb_url":"https://wyszukiwarka.gunb.gov.pl/","parcel_count":7,"parcel_shard":"x070-y208","parcel_id":"303002_5.0006.313/21","location_source":"powiat wrzesiński (wfs)"}},{"type":"Feature","id":"ST-WK-WR/ZGŁOSZENIE/1562/2026::303002_5.0006.313/9","geometry":{"type":"Polygon","coordinates":[[[17.5118117638381,52.1479825255846],[17.5118327818818,52.1479844101557],[17.5123631968738,52.1480319032538],[17.512892736437,52.1480793903491],[17.5134002382523,52.1481248068123],[17.5134322556051,52.1481094796934],[17.5134576424374,52.1479652386306],[17.5149134133258,52.1480715396531],[17.5149466027935,52.1480558574281],[17.5149565560415,52.1480138349566],[17.5150271741387,52.1477133000982],[17.5151438162291,52.1477235041421],[17.5150366541092,52.1481710321272],[17.5135870254309,52.1480652122028],[17.5135580532275,52.1482298073564],[17.5129618071393,52.1481763854504],[17.512384245065,52.1481246555928],[17.5118294545964,52.1480749046128],[17.5117925268513,52.148071606005],[17.5118020723068,52.148027065493],[17.5118117638381,52.1479825255846]]]},"properties":{"case_id":"ST-WK-WR/ZGŁOSZENIE/1562/2026","source_type":"zgloszenie","received_date":"2026-05-15","decision_date":null,"status":"Brak sprzeciwu","description":"Budowa sieci elektroenergetycznej nn 0,4 kV","address":"Leśna 33, Czeszewo","city":"Czeszewo","office":"Starosta Powiatu Września","case_kind":"budowa nowego/nowych obiektów budowlanych","parcel_ids":["303002_5.0006.313/12","303002_5.0006.313/14","303002_5.0006.313/17","303002_5.0006.313/21","303002_5.0006.313/9","303002_5.0006.439/3","303002_5.0006.562"],"location_quality":"dokładny","gunb_url":"https://wyszukiwarka.gunb.gov.pl/","parcel_count":7,"parcel_shard":"x070-y208","parcel_id":"303002_5.0006.313/9","location_source":"powiat wrzesiński (wfs)"}},{"type":"Feature","id":"ST-WK-WR/ZGŁOSZENIE/1562/2026::303002_5.0006.439/3","geometry":{"type":"Polygon","coordinates":[[[17.5096140877493,52.1470952273508],[17.5112438332794,52.147263201088],[17.5115142011643,52.1472890606541],[17.5117799863559,52.147312075453],[17.5118814109729,52.1473207944981],[17.5122394995974,52.147356996529],[17.5125451043107,52.147383951591],[17.5127222017268,52.1473995035014],[17.5128511477184,52.1474109026391],[17.5131146002033,52.1474341103828],[17.5132013933607,52.1474417635314],[17.5132883258996,52.147449056057],[17.5135552717894,52.1474715187231],[17.5138649521497,52.1474975420653],[17.5143576431748,52.1475426673331],[17.5144870368119,52.1475545107781],[17.514703377111,52.1475743645097],[17.5149637736517,52.1475981288844],[17.5152584242723,52.1476251543152],[17.5155917449355,52.1476560302397],[17.5158508417796,52.1476774066987],[17.5159236804279,52.1476834579144],[17.5161875948114,52.1477052129205],[17.5164761367329,52.1477303624618],[17.5168682203859,52.1477634302428],[17.5173056760384,52.1478003975018],[17.5175805293968,52.1478235133807],[17.5178119176653,52.1478430740129],[17.5179854938377,52.1478576540462],[17.5182025372784,52.1478758782161],[17.5184854425315,52.1478997434928],[17.518926714956,52.1479374866245],[17.5189984361266,52.1479438949249],[17.51931694047,52.1479725373921],[17.5195815807215,52.1479963511359],[17.5202424504221,52.1480557983614],[17.5207450931164,52.1481010055014],[17.5221386750276,52.1482244916689],[17.5233061948542,52.1483279180069],[17.5233398914616,52.1483309029005],[17.5236360409304,52.1483571033069],[17.5236751224973,52.1483605975269],[17.5244701090193,52.1484334394134],[17.5252630495082,52.1485061110515],[17.5252999363712,52.1485094407861],[17.5265806104464,52.1486262289677],[17.5268927709896,52.1486542594924],[17.5271815717942,52.1486770818421],[17.5273119730524,52.1486877356087],[17.5274517405743,52.1486991305617],[17.5275682396468,52.1487087159329],[17.5278245048065,52.148729605824],[17.5279677860506,52.1487413343259],[17.5279982275473,52.1487438109217],[17.5282522998945,52.1487646258556],[17.5286110083631,52.1487935822572],[17.5285769671387,52.1489161709515],[17.5283569690787,52.1488968181401],[17.5282268435976,52.1488853545138],[17.5280064058771,52.1488659143358],[17.5275604087993,52.1488266203114],[17.5268759725015,52.1487663044457],[17.5266156013263,52.1487446331306],[17.5263537676804,52.1487228819184],[17.5256314698714,52.1486615737123],[17.5252841527193,52.1486320767435],[17.5247560131531,52.1485837460106],[17.5244544948419,52.1485574224438],[17.5236804879126,52.1484891038646],[17.5232027298857,52.148446606331],[17.5231166531295,52.1484384160105],[17.5224944962107,52.1483789757462],[17.5221510353094,52.148352228748],[17.5218620938312,52.148326257883],[17.521792272643,52.1483199275078],[17.5209294022037,52.1482423415304],[17.5207339944444,52.1482247760497],[17.5206545137177,52.1482176153906],[17.5198768395204,52.1481478608515],[17.5198096538879,52.1481417801415],[17.5195352067035,52.1481171382308],[17.5193002808119,52.1480960780705],[17.518471510695,52.1480208375604],[17.5174871479175,52.147931421775],[17.5173000827093,52.1479144204424],[17.5172732967494,52.1479120049472],[17.5170975036421,52.1478960913654],[17.5168827762142,52.1478766801011],[17.5166044998797,52.1478502610798],[17.5162189259246,52.1478137301441],[17.5161292720657,52.1478094257694],[17.5160860956768,52.1478056886642],[17.5158084470256,52.1477815105918],[17.5155335780199,52.1477574918164],[17.5151438162291,52.1477235041421],[17.5150271741387,52.1477133000982],[17.514753351282,52.1476891648763],[17.5144790445537,52.1476656745781],[17.5142041770568,52.1476416525462],[17.5139293115699,52.1476177197066],[17.5136544463972,52.1475937861733],[17.5133797276503,52.1475698508952],[17.5132386360519,52.1475575499452],[17.5131048462463,52.1475450171323],[17.5127482686102,52.1475115940664],[17.5125290143284,52.1474921167023],[17.5123097602559,52.1474726388681],[17.5119410676099,52.1474398384029],[17.5115735359249,52.147406578903],[17.5111679883335,52.1473719695341],[17.5108974084561,52.1473426047554],[17.5108015832529,52.1473322893741],[17.5107584594094,52.1473275884421],[17.5103797055358,52.1472870374084],[17.5103357690541,52.1472834396116],[17.509948628767,52.1472476553709],[17.5095906977617,52.1472275349705],[17.5096140877493,52.1470952273508]]]},"properties":{"case_id":"ST-WK-WR/ZGŁOSZENIE/1562/2026","source_type":"zgloszenie","received_date":"2026-05-15","decision_date":null,"status":"Brak sprzeciwu","description":"Budowa sieci elektroenergetycznej nn 0,4 kV","address":"Leśna 33, Czeszewo","city":"Czeszewo","office":"Starosta Powiatu Września","case_kind":"budowa nowego/nowych obiektów budowlanych","parcel_ids":["303002_5.0006.313/12","303002_5.0006.313/14","303002_5.0006.313/17","303002_5.0006.313/21","303002_5.0006.313/9","303002_5.0006.439/3","303002_5.0006.562"],"location_quality":"dokładny","gunb_url":"https://wyszukiwarka.gunb.gov.pl/","parcel_count":7,"parcel_shard":"x070-y208","parcel_id":"303002_5.0006.439/3","location_source":"powiat wrzesiński (wfs)"}},{"type":"Feature","id":"ST-WK-WR/ZGŁOSZENIE/1562/2026::303002_5.0006.562","geometry":{"type":"Polygon","coordinates":[[[17.514753351282,52.1476891648763],[17.5150271741387,52.1477133000982],[17.5149565560415,52.1480138349566],[17.5146820136082,52.1479885281863],[17.514753351282,52.1476891648763]]]},"properties":{"case_id":"ST-WK-WR/ZGŁOSZENIE/1562/2026","source_type":"zgloszenie","received_date":"2026-05-15","decision_date":null,"status":"Brak sprzeciwu","description":"Budowa sieci elektroenergetycznej nn 0,4 kV","address":"Leśna 33, Czeszewo","city":"Czeszewo","office":"Starosta Powiatu Września","case_kind":"budowa nowego/nowych obiektów budowlanych","parcel_ids":["303002_5.0006.313/12","303002_5.0006.313/14","303002_5.0006.313/17","303002_5.0006.313/21","303002_5.0006.313/9","303002_5.0006.439/3","303002_5.0006.562"],"location_quality":"dokładny","gunb_url":"https://wyszukiwarka.gunb.gov.pl/","parcel_count":7,"parcel_shard":"x070-y208","parcel_id":"303002_5.0006.562","location_source":"powiat wrzesiński (wfs)"}},{"type":"Feature","id":"ST-WK-WR/WNIOSEK/5084/2026::303002_5.0006.424/6","geometry":{"type":"Polygon","coordinates":[[[17.5173204418939,52.1474367117256],[17.517334819559,52.1471203962425],[17.5177117040104,52.1471521372567],[17.5176507688497,52.1474642178383],[17.5173204418939,52.1474367117256]]]},"properties":{"case_id":"ST-WK-WR/WNIOSEK/5084/2026","source_type":"wniosek_decyzja","received_date":"2026-03-17","decision_date":"2026-04-13","status":"decyzja wydana","description":"NBudowa budynku gospodarczo - garażowego","address":"Czeszewo","city":"Czeszewo","office":"Starosta Powiatu Września","case_kind":"Obiekt budowlany inny niż budynek mieszkalny jednorodzinny","parcel_ids":["303002_5.0006.424/6"],"location_quality":"dokładny","gunb_url":"https://wyszukiwarka.gunb.gov.pl/","parcel_count":1,"parcel_shard":"x070-y208","parcel_id":"303002_5.0006.424/6","location_source":"powiat wrzesiński (wfs)"}},{"type":"Feature","id":"ST-WK-WR/ZGŁOSZENIE/1510/2026::303002_5.0006.687","geometry":{"type":"Polygon","coordinates":[[[17.5393593137065,52.1518327387702],[17.5389669750845,52.1489215134565],[17.5407121770643,52.1487572551499],[17.5407754137372,52.1487253293055],[17.5412872087141,52.1501885086326],[17.5419306097525,52.151933974113],[17.5408046377516,52.1518896488081],[17.5393593137065,52.1518327387702]]]},"properties":{"case_id":"ST-WK-WR/ZGŁOSZENIE/1510/2026","source_type":"zgloszenie","received_date":"2026-05-11","decision_date":null,"status":"Brak sprzeciwu","description":"Budowa sieci elektroenergetycznej SN 15 kV, nn 0,4 kV, kontenerowej i słupowej stacji transformatorowej SN/nn","address":"Czeszewo","city":"Czeszewo","office":"Starosta Powiatu Września","case_kind":"budowa nowego/nowych obiektów budowlanych","parcel_ids":["303002_5.0006.687","303002_5.0006.693","303002_5.0018.70/1","303002_5.0018.71","303002_5.0018.72/2","303002_5.0018.85/4","303002_5.0018.85/5","303002_5.0018.87/4","303002_5.0018.93"],"location_quality":"dokładny","gunb_url":"https://wyszukiwarka.gunb.gov.pl/","parcel_count":9,"parcel_shard":"x070-y208","parcel_id":"303002_5.0006.687","location_source":"powiat wrzesiński (wfs)"}},{"type":"Feature","id":"ST-WK-WR/ZGŁOSZENIE/1510/2026::303002_5.0006.693","geometry":{"type":"Polygon","coordinates":[[[17.5389525831808,52.1488122213349],[17.5406550426806,52.1486518723882],[17.5448504915591,52.1482216380838],[17.5450536305999,52.1482006343596],[17.5452626065239,52.1481792276791],[17.5459074563491,52.1481130605693],[17.5479311463113,52.147905397701],[17.5479495432219,52.1480092662302],[17.5447929924965,52.148337841991],[17.5407754137372,52.1487253293055],[17.5407121770643,52.1487572551499],[17.5389669750845,52.1489215134565],[17.5389525831808,52.1488122213349]]]},"properties":{"case_id":"ST-WK-WR/ZGŁOSZENIE/1510/2026","source_type":"zgloszenie","received_date":"2026-05-11","decision_date":null,"status":"Brak sprzeciwu","description":"Budowa sieci elektroenergetycznej SN 15 kV, nn 0,4 kV, kontenerowej i słupowej stacji transformatorowej SN/nn","address":"Czeszewo","city":"Czeszewo","office":"Starosta Powiatu Września","case_kind":"budowa nowego/nowych obiektów budowlanych","parcel_ids":["303002_5.0006.687","303002_5.0006.693","303002_5.0018.70/1","303002_5.0018.71","303002_5.0018.72/2","303002_5.0018.85/4","303002_5.0018.85/5","303002_5.0018.87/4","303002_5.0018.93"],"location_quality":"dokładny","gunb_url":"https://wyszukiwarka.gunb.gov.pl/","parcel_count":9,"parcel_shard":"x070-y208","parcel_id":"303002_5.0006.693","location_source":"powiat wrzesiński (wfs)"}},{"type":"Feature","id":"ST-WK-WR/ZGŁOSZENIE/1510/2026::303002_5.0018.70/1","geometry":{"type":"Polygon","coordinates":[[[17.5577178293047,52.1465682723226],[17.5580826637479,52.1466328716993],[17.5580976573091,52.1466846810542],[17.5584574464688,52.1466840015714],[17.5585130397389,52.147174844638],[17.557808977242,52.1471897952128],[17.5577178293047,52.1465682723226]]]},"properties":{"case_id":"ST-WK-WR/ZGŁOSZENIE/1510/2026","source_type":"zgloszenie","received_date":"2026-05-11","decision_date":null,"status":"Brak sprzeciwu","description":"Budowa sieci elektroenergetycznej SN 15 kV, nn 0,4 kV, kontenerowej i słupowej stacji transformatorowej SN/nn","address":"Czeszewo","city":"Czeszewo","office":"Starosta Powiatu Września","case_kind":"budowa nowego/nowych obiektów budowlanych","parcel_ids":["303002_5.0006.687","303002_5.0006.693","303002_5.0018.70/1","303002_5.0018.71","303002_5.0018.72/2","303002_5.0018.85/4","303002_5.0018.85/5","303002_5.0018.87/4","303002_5.0018.93"],"location_quality":"dokładny","gunb_url":"https://wyszukiwarka.gunb.gov.pl/","parcel_count":9,"parcel_shard":"x070-y208","parcel_id":"303002_5.0018.70/1","location_source":"powiat wrzesiński (wfs)"}},{"type":"Feature","id":"ST-WK-WR/ZGŁOSZENIE/1510/2026::303002_5.0018.71","geometry":{"type":"Polygon","coordinates":[[[17.557808977242,52.1471897952128],[17.5576943500889,52.1471922257973],[17.5576057736244,52.1465484353514],[17.5577178293047,52.1465682723226],[17.557808977242,52.1471897952128]]]},"properties":{"case_id":"ST-WK-WR/ZGŁOSZENIE/1510/2026","source_type":"zgloszenie","received_date":"2026-05-11","decision_date":null,"status":"Brak sprzeciwu","description":"Budowa sieci elektroenergetycznej SN 15 kV, nn 0,4 kV, kontenerowej i słupowej stacji transformatorowej SN/nn","address":"Czeszewo","city":"Czeszewo","office":"Starosta Powiatu Września","case_kind":"budowa nowego/nowych obiektów budowlanych","parcel_ids":["303002_5.0006.687","303002_5.0006.693","303002_5.0018.70/1","303002_5.0018.71","303002_5.0018.72/2","303002_5.0018.85/4","303002_5.0018.85/5","303002_5.0018.87/4","303002_5.0018.93"],"location_quality":"dokładny","gunb_url":"https://wyszukiwarka.gunb.gov.pl/","parcel_count":9,"parcel_shard":"x070-y208","parcel_id":"303002_5.0018.71","location_source":"powiat wrzesiński (wfs)"}},{"type":"Feature","id":"ST-WK-WR/ZGŁOSZENIE/1510/2026::303002_5.0018.72/2","geometry":{"type":"Polygon","coordinates":[[[17.5576943500889,52.1471922257973],[17.5575779702746,52.1471946963436],[17.5574889115793,52.1465449046507],[17.5575586022122,52.1465400776346],[17.5576057736244,52.1465484353514],[17.5576943500889,52.1471922257973]]]},"properties":{"case_id":"ST-WK-WR/ZGŁOSZENIE/1510/2026","source_type":"zgloszenie","received_date":"2026-05-11","decision_date":null,"status":"Brak sprzeciwu","description":"Budowa sieci elektroenergetycznej SN 15 kV, nn 0,4 kV, kontenerowej i słupowej stacji transformatorowej SN/nn","address":"Czeszewo","city":"Czeszewo","office":"Starosta Powiatu Września","case_kind":"budowa nowego/nowych obiektów budowlanych","parcel_ids":["303002_5.0006.687","303002_5.0006.693","303002_5.0018.70/1","303002_5.0018.71","303002_5.0018.72/2","303002_5.0018.85/4","303002_5.0018.85/5","303002_5.0018.87/4","303002_5.0018.93"],"location_quality":"dokładny","gunb_url":"https://wyszukiwarka.gunb.gov.pl/","parcel_count":9,"parcel_shard":"x070-y208","parcel_id":"303002_5.0018.72/2","location_source":"powiat wrzesiński (wfs)"}},{"type":"Feature","id":"ST-WK-WR/ZGŁOSZENIE/1510/2026::303002_5.0018.85/4","geometry":{"type":"Polygon","coordinates":[[[17.5489133359456,52.1478137207499],[17.5498631514751,52.1477255115346],[17.5506667160835,52.1476382898803],[17.5512078876348,52.147583034904],[17.5518034296286,52.1475210810397],[17.5518206259886,52.1476258839283],[17.5512237409891,52.1476835060606],[17.5506819521401,52.1477371476158],[17.5498804558192,52.1478181514963],[17.5491314222932,52.1478923649563],[17.5489301701579,52.1479122971418],[17.5486125309354,52.1479436837776],[17.548303058946,52.1479742899742],[17.5480361724939,52.1480007149914],[17.5479495432219,52.1480092662302],[17.5479311463113,52.147905397701],[17.5484512671699,52.1478568734423],[17.5489133359456,52.1478137207499]]]},"properties":{"case_id":"ST-WK-WR/ZGŁOSZENIE/1510/2026","source_type":"zgloszenie","received_date":"2026-05-11","decision_date":null,"status":"Brak sprzeciwu","description":"Budowa sieci elektroenergetycznej SN 15 kV, nn 0,4 kV, kontenerowej i słupowej stacji transformatorowej SN/nn","address":"Czeszewo","city":"Czeszewo","office":"Starosta Powiatu Września","case_kind":"budowa nowego/nowych obiektów budowlanych","parcel_ids":["303002_5.0006.687","303002_5.0006.693","303002_5.0018.70/1","303002_5.0018.71","303002_5.0018.72/2","303002_5.0018.85/4","303002_5.0018.85/5","303002_5.0018.87/4","303002_5.0018.93"],"location_quality":"dokładny","gunb_url":"https://wyszukiwarka.gunb.gov.pl/","parcel_count":9,"parcel_shard":"x070-y208","parcel_id":"303002_5.0018.85/4","location_source":"powiat wrzesiński (wfs)"}},{"type":"Feature","id":"ST-WK-WR/ZGŁOSZENIE/1510/2026::303002_5.0018.85/5","geometry":{"type":"Polygon","coordinates":[[[17.5571100103187,52.1472052967658],[17.5575779702746,52.1471946963436],[17.5576943500889,52.1471922257973],[17.557808977242,52.1471897952128],[17.5585130397389,52.147174844638],[17.5587937699172,52.1471765179296],[17.5590129212398,52.1471824273256],[17.5591274818306,52.1471973001513],[17.5594020952495,52.1472221200477],[17.5601294746712,52.1472880405876],[17.5614335293405,52.1476207402931],[17.5618565183737,52.1477286596028],[17.5637635995481,52.1482151628713],[17.56394507226,52.1482614746734],[17.5640804871229,52.1482960517353],[17.5642771455145,52.1483461679144],[17.5644397313238,52.1483876412678],[17.5659385410951,52.1487689831361],[17.5659294467807,52.148877101967],[17.5650600024293,52.1486574946459],[17.5647881345501,52.1485899427372],[17.5641875037573,52.1484402337668],[17.5637600234549,52.1483320853235],[17.5633640361222,52.1482193734441],[17.5630380473247,52.1481333588411],[17.5622342316855,52.1479209604311],[17.5619592514833,52.147848306051],[17.5617518369725,52.1477963798126],[17.5615757756971,52.1477523072577],[17.5615705143432,52.1477706577757],[17.5602951889135,52.1474655925482],[17.5600771365288,52.1473780653642],[17.5596444450251,52.1473428360383],[17.5592824095445,52.1473133517625],[17.5589038792665,52.1472824565068],[17.5586701625369,52.1472634267101],[17.5585219852421,52.1472667369861],[17.5581570957018,52.1472748079686],[17.5577920599424,52.1472828772744],[17.5559324410966,52.1473393216183],[17.5559173084692,52.1472314654718],[17.5571100103187,52.1472052967658]]]},"properties":{"case_id":"ST-WK-WR/ZGŁOSZENIE/1510/2026","source_type":"zgloszenie","received_date":"2026-05-11","decision_date":null,"status":"Brak sprzeciwu","description":"Budowa sieci elektroenergetycznej SN 15 kV, nn 0,4 kV, kontenerowej i słupowej stacji transformatorowej SN/nn","address":"Czeszewo","city":"Czeszewo","office":"Starosta Powiatu Września","case_kind":"budowa nowego/nowych obiektów budowlanych","parcel_ids":["303002_5.0006.687","303002_5.0006.693","303002_5.0018.70/1","303002_5.0018.71","303002_5.0018.72/2","303002_5.0018.85/4","303002_5.0018.85/5","303002_5.0018.87/4","303002_5.0018.93"],"location_quality":"dokładny","gunb_url":"https://wyszukiwarka.gunb.gov.pl/","parcel_count":9,"parcel_shard":"x070-y208","parcel_id":"303002_5.0018.85/5","location_source":"powiat wrzesiński (wfs)"}},{"type":"Feature","id":"ST-WK-WR/ZGŁOSZENIE/1510/2026::303002_5.0018.87/4","geometry":{"type":"Polygon","coordinates":[[[17.5484512671699,52.1478568734423],[17.5479311463113,52.147905397701],[17.547752124701,52.14685795622],[17.5482634254322,52.146762484419],[17.5484512671699,52.1478568734423]]]},"properties":{"case_id":"ST-WK-WR/ZGŁOSZENIE/1510/2026","source_type":"zgloszenie","received_date":"2026-05-11","decision_date":null,"status":"Brak sprzeciwu","description":"Budowa sieci elektroenergetycznej SN 15 kV, nn 0,4 kV, kontenerowej i słupowej stacji transformatorowej SN/nn","address":"Czeszewo","city":"Czeszewo","office":"Starosta Powiatu Września","case_kind":"budowa nowego/nowych obiektów budowlanych","parcel_ids":["303002_5.0006.687","303002_5.0006.693","303002_5.0018.70/1","303002_5.0018.71","303002_5.0018.72/2","303002_5.0018.85/4","303002_5.0018.85/5","303002_5.0018.87/4","303002_5.0018.93"],"location_quality":"dokładny","gunb_url":"https://wyszukiwarka.gunb.gov.pl/","parcel_count":9,"parcel_shard":"x070-y208","parcel_id":"303002_5.0018.87/4","location_source":"powiat wrzesiński (wfs)"}},{"type":"Feature","id":"ST-WK-WR/ZGŁOSZENIE/1510/2026::303002_5.0018.93","geometry":{"type":"Polygon","coordinates":[[[17.5559324410966,52.1473393216183],[17.5539774826899,52.1474055778795],[17.5518206259886,52.1476258839283],[17.5518034296286,52.1475210810397],[17.5539560885465,52.1472985861885],[17.5559173084692,52.1472314654718],[17.5559324410966,52.1473393216183]]]},"properties":{"case_id":"ST-WK-WR/ZGŁOSZENIE/1510/2026","source_type":"zgloszenie","received_date":"2026-05-11","decision_date":null,"status":"Brak sprzeciwu","description":"Budowa sieci elektroenergetycznej SN 15 kV, nn 0,4 kV, kontenerowej i słupowej stacji transformatorowej SN/nn","address":"Czeszewo","city":"Czeszewo","office":"Starosta Powiatu Września","case_kind":"budowa nowego/nowych obiektów budowlanych","parcel_ids":["303002_5.0006.687","303002_5.0006.693","303002_5.0018.70/1","303002_5.0018.71","303002_5.0018.72/2","303002_5.0018.85/4","303002_5.0018.85/5","303002_5.0018.87/4","303002_5.0018.93"],"location_quality":"dokładny","gunb_url":"https://wyszukiwarka.gunb.gov.pl/","parcel_count":9,"parcel_shard":"x070-y208","parcel_id":"303002_5.0018.93","location_source":"powiat wrzesiński (wfs)"}},{"type":"Feature","id":"ST-WK-WR/WNIOSEK/6863/2026::303002_5.0008.12/12","geometry":{"type":"Polygon","coordinates":[[[17.5010677423642,52.2229075061866],[17.5009338326807,52.2225421253593],[17.5013988952629,52.2224007354793],[17.5016617407368,52.2227268442898],[17.5010677423642,52.2229075061866]]]},"properties":{"case_id":"ST-WK-WR/WNIOSEK/6863/2026","source_type":"wniosek_decyzja","received_date":"2026-04-10","decision_date":"2026-07-15","status":"decyzja wydana","description":"Budowa budynku mieszkalnego jednorodzinnego","address":"Kębłowo","city":"Kębłowo","office":"Starosta Powiatu Września","case_kind":"Budynek mieszkalny jednorodzinny","parcel_ids":["303002_5.0008.12/12"],"location_quality":"dokładny","gunb_url":"https://wyszukiwarka.gunb.gov.pl/","parcel_count":1,"parcel_shard":"x070-y208","parcel_id":"303002_5.0008.12/12","location_source":"powiat wrzesiński (wfs)"}},{"type":"Feature","id":"ST-WK-WR/WNIOSEK/10558/2026::303002_5.0008.58/3","geometry":{"type":"Polygon","coordinates":[[[17.5065092582475,52.2221126836648],[17.5066094699421,52.2217865653063],[17.5070397539745,52.2218364479119],[17.506912176967,52.2221742055962],[17.5065092582475,52.2221126836648]]]},"properties":{"case_id":"ST-WK-WR/WNIOSEK/10558/2026","source_type":"wniosek_decyzja","received_date":"2026-06-02","decision_date":"2026-08-06","status":"decyzja wydana","description":"Budowa budynku mieszkalnego jednorodzinnego","address":"Kębłowo","city":"Kębłowo","office":"Starosta Powiatu Września","case_kind":"Budynek mieszkalny jednorodzinny","parcel_ids":["303002_5.0008.58/3"],"location_quality":"dokładny","gunb_url":"https://wyszukiwarka.gunb.gov.pl/","parcel_count":1,"parcel_shard":"x070-y208","parcel_id":"303002_5.0008.58/3","location_source":"powiat wrzesiński (wfs)"}},{"type":"Feature","id":"ST-WK-WR/WNIOSEK/18889/2025::303002_5.0012.16/4","geometry":{"type":"Polygon","coordinates":[[[17.5331064385374,52.1791473238704],[17.533056828634,52.1787349037645],[17.5340884210899,52.1786963952436],[17.5341254728515,52.179106288966],[17.5336584638007,52.1791235881365],[17.53364364332,52.1791287425116],[17.5331064385374,52.1791473238704]]]},"properties":{"case_id":"ST-WK-WR/WNIOSEK/18889/2025","source_type":"wniosek_decyzja","received_date":"2025-09-15","decision_date":"2025-10-15","status":"decyzja wydana","description":"Budowa budynku gospodarczo-garażowego","address":"Mikuszewo","city":"Mikuszewo","office":"Starosta Powiatu Września","case_kind":"Obiekt budowlany inny niż budynek mieszkalny jednorodzinny","parcel_ids":["303002_5.0012.16/4"],"location_quality":"dokładny","gunb_url":"https://wyszukiwarka.gunb.gov.pl/","parcel_count":1,"parcel_shard":"x070-y208","parcel_id":"303002_5.0012.16/4","location_source":"powiat wrzesiński (wfs)"}},{"type":"Feature","id":"ST-WK-WR/WNIOSEK/22643/2025::303002_5.0012.213/2","geometry":{"type":"Polygon","coordinates":[[[17.5468050797362,52.1754712842359],[17.5472467846371,52.175162989003],[17.5474776732008,52.1752873679406],[17.5471394760164,52.1755233496405],[17.5470255962546,52.175537382913],[17.5468050797362,52.1754712842359]]]},"properties":{"case_id":"ST-WK-WR/WNIOSEK/22643/2025","source_type":"wniosek_decyzja","received_date":"2025-10-31","decision_date":"2025-11-28","status":"decyzja wydana","description":"Budowa budynku mieszkalnego jednorodzinnego","address":"Mikuszewo","city":"Mikuszewo","office":"Starosta Powiatu Września","case_kind":"Budynek mieszkalny jednorodzinny","parcel_ids":["303002_5.0012.213/2"],"location_quality":"dokładny","gunb_url":"https://wyszukiwarka.gunb.gov.pl/","parcel_count":1,"parcel_shard":"x070-y208","parcel_id":"303002_5.0012.213/2","location_source":"powiat wrzesiński (wfs)"}},{"type":"Feature","id":"ST-WK-WR/WNIOSEK/2245/2026::303002_5.0012.214/2","geometry":{"type":"Polygon","coordinates":[[[17.5503229915633,52.175188868754],[17.5512070659218,52.1756476849445],[17.5507301154181,52.1759982127739],[17.5505795835066,52.175922712098],[17.5503320077181,52.1761327136625],[17.5502315990149,52.1762315568193],[17.5503065969618,52.1762605139502],[17.5501034040271,52.1764616963345],[17.5500341718207,52.1764408501324],[17.5489977331492,52.1761291486835],[17.5498075984006,52.1755546822937],[17.5503229915633,52.175188868754]]]},"properties":{"case_id":"ST-WK-WR/WNIOSEK/2245/2026","source_type":"wniosek_decyzja","received_date":"2026-02-06","decision_date":"2026-03-26","status":"decyzja wydana","description":"Budowa budynku Ochotniczej Straży Pożarnej w Mikuszewie","address":"Mikuszewo","city":"Mikuszewo","office":"Starosta Powiatu Września","case_kind":"Obiekt budowlany inny niż budynek mieszkalny jednorodzinny","parcel_ids":["303002_5.0012.214/2"],"location_quality":"dokładny","gunb_url":"https://wyszukiwarka.gunb.gov.pl/","parcel_count":1,"parcel_shard":"x070-y208","parcel_id":"303002_5.0012.214/2","location_source":"powiat wrzesiński (wfs)"}},{"type":"Feature","id":"ST-WK-WR/WNIOSEK/25551/2025::303002_5.0013.11/14","geometry":{"type":"Polygon","coordinates":[[[17.5884832678049,52.1440879814092],[17.588747381438,52.1443280159995],[17.588836716231,52.1443737983896],[17.5889455204004,52.1444855905261],[17.5890714467472,52.1446200825089],[17.5886393754244,52.1460044414281],[17.5879070026466,52.1458628268182],[17.588481724948,52.1451193779439],[17.5878252778158,52.1449355304499],[17.5879683328779,52.1447421615014],[17.588219769216,52.1444136329329],[17.5884832678049,52.1440879814092]]]},"properties":{"case_id":"ST-WK-WR/WNIOSEK/25551/2025","source_type":"wniosek_decyzja","received_date":"2025-12-17","decision_date":"2026-01-08","status":"decyzja wydana","description":"Zmiana sposobu użytkowania budynku agroturystyki na dom seniora wraz z rozbudową","address":"Nowa Wieś Podgórna","city":"Nowa Wieś Podgórna","office":"Starosta Powiatu Września","case_kind":"Obiekt budowlany inny niż budynek mieszkalny jednorodzinny","parcel_ids":["303002_5.0013.11/14"],"location_quality":"dokładny","gunb_url":"https://wyszukiwarka.gunb.gov.pl/","parcel_count":1,"parcel_shard":"x070-y208","parcel_id":"303002_5.0013.11/14","location_source":"powiat wrzesiński (wfs)"}},{"type":"Feature","id":"ST-WK-WR/WNIOSEK/25945/2025::303002_5.0017.67/10","geometry":{"type":"Polygon","coordinates":[[[17.519794228696,52.2474735333101],[17.5197313168226,52.2472824862147],[17.5202433187715,52.2471682558498],[17.5208724335667,52.2471151683021],[17.5209443118471,52.2473343117915],[17.519794228696,52.2474735333101]]]},"properties":{"case_id":"ST-WK-WR/WNIOSEK/25945/2025","source_type":"wniosek_decyzja","received_date":"2025-12-22","decision_date":"2026-01-26","status":"decyzja wydana","description":"Budowa budynku mieszkalnego jednorodzinnego","address":"Skotniki","city":"Skotniki","office":"Starosta Powiatu Września","case_kind":"Budynek mieszkalny jednorodzinny","parcel_ids":["303002_5.0017.67/10"],"location_quality":"dokładny","gunb_url":"https://wyszukiwarka.gunb.gov.pl/","parcel_count":1,"parcel_shard":"x070-y208","parcel_id":"303002_5.0017.67/10","location_source":"powiat wrzesiński (wfs)"}},{"type":"Feature","id":"ST-WK-WR/WNIOSEK/2053/2026::303002_5.0018.33/3","geometry":{"type":"Polygon","coordinates":[[[17.5645684868248,52.1490897575557],[17.5641272889751,52.1490857012896],[17.5641875037573,52.1484402337668],[17.5647881345501,52.1485899427372],[17.5645684868248,52.1490897575557]]]},"properties":{"case_id":"ST-WK-WR/WNIOSEK/2053/2026","source_type":"wniosek_decyzja","received_date":"2026-02-04","decision_date":"2026-03-11","status":"decyzja wydana","description":"Budowa instalacji zbiornikowej gazu płynnego zasilanej ze zbiornika naziembego V=2700 l wraz z wewnętrzną instalacją gazową w budynku mieszkalnym jednorodzinnym","address":"Szczodrzejewo","city":"Szczodrzejewo","office":"Starosta Powiatu Września","case_kind":"Obiekt budowlany inny niż budynek mieszkalny jednorodzinny","parcel_ids":["303002_5.0018.33/3"],"location_quality":"dokładny","gunb_url":"https://wyszukiwarka.gunb.gov.pl/","parcel_count":1,"parcel_shard":"x070-y208","parcel_id":"303002_5.0018.33/3","location_source":"powiat wrzesiński (wfs)"}},{"type":"Feature","id":"ST-WK-WR/WNIOSEK/6358/2026::303004_4.0600.1002/4","geometry":{"type":"Polygon","coordinates":[[[17.6895588354189,52.1697363835376],[17.6900669596411,52.1696448116978],[17.6900408504914,52.1695965783033],[17.6902911074926,52.1695191755288],[17.690303162555,52.1695157453158],[17.6905266808152,52.16978871395],[17.6901054217075,52.1698994010679],[17.6899934595698,52.1697607897549],[17.6895965464845,52.169825063788],[17.6895588354189,52.1697363835376]]]},"properties":{"case_id":"ST-WK-WR/WNIOSEK/6358/2026","source_type":"wniosek_decyzja","received_date":"2026-04-01","decision_date":"2026-05-19","status":"decyzja wydana","description":"Rozbudowa i przebudowa dwóch budynków gospodarczych prowadząca do połączenia w jeden budynek","address":"Pyzdry","city":"Pyzdry","office":"Starosta Powiatu Września","case_kind":"Obiekt budowlany inny niż budynek mieszkalny jednorodzinny","parcel_ids":["303004_4.0600.1002/4"],"location_quality":"dokładny","gunb_url":"https://wyszukiwarka.gunb.gov.pl/","parcel_count":1,"parcel_shard":"x070-y208","parcel_id":"303004_4.0600.1002/4","location_source":"powiat wrzesiński (wfs)"}},{"type":"Feature","id":"ST-WK-WR/ZGŁOSZENIE/525/2026::303004_4.0600.1023/2","geometry":{"type":"Polygon","coordinates":[[[17.6891511917361,52.1687926702915],[17.6892707353513,52.1687715965995],[17.6892699736285,52.1687702546429],[17.6894308717081,52.1687419933127],[17.689484903702,52.1687329888964],[17.6895397796882,52.1687225388093],[17.6896224600591,52.1687069053994],[17.6897890681454,52.1686790437944],[17.6900148895656,52.1686459743292],[17.6902484844142,52.1686013791048],[17.6902619503945,52.1685987181115],[17.6903797027872,52.1685710330611],[17.6904874983821,52.1685477214212],[17.6904944875276,52.1685464926333],[17.6905338985252,52.1685374335773],[17.6905405871232,52.1685358477836],[17.6905389072483,52.1685327157927],[17.6906094802105,52.1685182645198],[17.6906511248593,52.1685109841764],[17.6907350379607,52.1684917434021],[17.6908519652457,52.168465148143],[17.6909233827456,52.168448904098],[17.691032633734,52.16842405472],[17.6911047366422,52.1684076547138],[17.6912296481139,52.1683784418779],[17.6913036632541,52.1683610839698],[17.6913486801189,52.1683478412213],[17.6915353187045,52.1683009265363],[17.691658591571,52.1682703790779],[17.6916814609532,52.1683139271556],[17.6916140508109,52.1683363869897],[17.6911551417523,52.1684892971308],[17.6911551520444,52.1684897465221],[17.69111731801,52.1685038264886],[17.6909611709746,52.168547961658],[17.6908002171473,52.1685928573175],[17.6907949469848,52.1685925430687],[17.6907402238908,52.168609645088],[17.6907130084818,52.168615003442],[17.6907181922931,52.1686243082889],[17.6906973895958,52.1686288023918],[17.6906135488791,52.1686448064167],[17.6905295619836,52.1686608116434],[17.6903678011311,52.1686896220284],[17.6903029657735,52.1686992593554],[17.6902985993722,52.1687001059969],[17.6901763646305,52.1687248903541],[17.6900498314936,52.168750055305],[17.6900331870798,52.1687544394731],[17.6899953097606,52.1687602488971],[17.6898432323169,52.1687905934057],[17.6898067075139,52.1687980093219],[17.6896333759683,52.1688323118362],[17.6895058699933,52.1688567809167],[17.689381546387,52.1688797840278],[17.6893382913845,52.168886987771],[17.6892197933762,52.1689090415412],[17.6892076824085,52.1689228103566],[17.6891511917361,52.1687926702915]]]},"properties":{"case_id":"ST-WK-WR/ZGŁOSZENIE/525/2026","source_type":"zgloszenie","received_date":"2026-02-18","decision_date":null,"status":"Brak sprzeciwu","description":"Budowa sieci elektroenergetycznej oświetleniowej nn 0,4 kV","address":"Pyzdry","city":"Pyzdry","office":"Starosta Powiatu Września","case_kind":"budowa nowego/nowych obiektów budowlanych","parcel_ids":["303004_4.0600.1023/2","303004_4.0600.1033","303004_4.0600.1043","303004_4.0600.1053","303004_4.0600.968","303004_4.0600.998"],"location_quality":"dokładny","gunb_url":"https://wyszukiwarka.gunb.gov.pl/","parcel_count":6,"parcel_shard":"x070-y208","parcel_id":"303004_4.0600.1023/2","location_source":"powiat wrzesiński (wfs)"}},{"type":"Feature","id":"ST-WK-WR/ZGŁOSZENIE/525/2026::303004_4.0600.1033","geometry":{"type":"Polygon","coordinates":[[[17.6888837464214,52.1681698186386],[17.6891790817292,52.1681134356791],[17.6892543360752,52.1680991253656],[17.6895397717973,52.16804453451],[17.6895743931183,52.1681394362267],[17.6894862720713,52.168153677557],[17.689427264715,52.1681624548042],[17.6893586598548,52.1681734719443],[17.6893141206414,52.168182034969],[17.6892528260271,52.1681930791634],[17.6891950927086,52.1682064300332],[17.6891529147077,52.1682159615804],[17.6891267428347,52.1682222093272],[17.6890615182641,52.1682340063307],[17.688921753669,52.1682593882152],[17.6888837464214,52.1681698186386]]]},"properties":{"case_id":"ST-WK-WR/ZGŁOSZENIE/525/2026","source_type":"zgloszenie","received_date":"2026-02-18","decision_date":null,"status":"Brak sprzeciwu","description":"Budowa sieci elektroenergetycznej oświetleniowej nn 0,4 kV","address":"Pyzdry","city":"Pyzdry","office":"Starosta Powiatu Września","case_kind":"budowa nowego/nowych obiektów budowlanych","parcel_ids":["303004_4.0600.1023/2","303004_4.0600.1033","303004_4.0600.1043","303004_4.0600.1053","303004_4.0600.968","303004_4.0600.998"],"location_quality":"dokładny","gunb_url":"https://wyszukiwarka.gunb.gov.pl/","parcel_count":6,"parcel_shard":"x070-y208","parcel_id":"303004_4.0600.1033","location_source":"powiat wrzesiński (wfs)"}},{"type":"Feature","id":"ST-WK-WR/ZGŁOSZENIE/525/2026::303004_4.0600.1043","geometry":{"type":"Polygon","coordinates":[[[17.6886775697052,52.1676929903626],[17.6886340634147,52.1675927730961],[17.6887953674202,52.1675632530154],[17.6889422591559,52.1675363733487],[17.689010533844,52.1675237418691],[17.6890986229035,52.1675081535697],[17.6891791322222,52.1674935291144],[17.6893079950083,52.1674709382897],[17.6893467191402,52.1675665204007],[17.6890591095213,52.1676218469434],[17.6888687017846,52.1676572808869],[17.6886775697052,52.1676929903626]]]},"properties":{"case_id":"ST-WK-WR/ZGŁOSZENIE/525/2026","source_type":"zgloszenie","received_date":"2026-02-18","decision_date":null,"status":"Brak sprzeciwu","description":"Budowa sieci elektroenergetycznej oświetleniowej nn 0,4 kV","address":"Pyzdry","city":"Pyzdry","office":"Starosta Powiatu Września","case_kind":"budowa nowego/nowych obiektów budowlanych","parcel_ids":["303004_4.0600.1023/2","303004_4.0600.1033","303004_4.0600.1043","303004_4.0600.1053","303004_4.0600.968","303004_4.0600.998"],"location_quality":"dokładny","gunb_url":"https://wyszukiwarka.gunb.gov.pl/","parcel_count":6,"parcel_shard":"x070-y208","parcel_id":"303004_4.0600.1043","location_source":"powiat wrzesiński (wfs)"}},{"type":"Feature","id":"ST-WK-WR/ZGŁOSZENIE/525/2026::303004_4.0600.1053","geometry":{"type":"Polygon","coordinates":[[[17.6884932338666,52.1672498705839],[17.6884311237033,52.1671413618733],[17.6883816476506,52.1670548578282],[17.6885060674287,52.1670362639332],[17.6885567177134,52.1670264816631],[17.6886309659064,52.1670129917283],[17.6887314429608,52.1669957716448],[17.6888125547087,52.1669819533498],[17.6888488071449,52.1669754405507],[17.6888909908134,52.1669661801633],[17.6889507432599,52.1669516454051],[17.689001094677,52.1669351234042],[17.6890435343328,52.1669113875671],[17.689069563423,52.1668859941956],[17.6891373012849,52.1670620520255],[17.6889197711066,52.1670940302851],[17.6888488433866,52.1671056944374],[17.6888347191713,52.1671081525746],[17.6887782203199,52.1671178952142],[17.6887639499684,52.1671203545843],[17.6885750034809,52.1671556818089],[17.6885343336598,52.1671736489964],[17.6885049924597,52.1672012276849],[17.6884956636757,52.1672217132823],[17.6884932338666,52.1672498705839]]]},"properties":{"case_id":"ST-WK-WR/ZGŁOSZENIE/525/2026","source_type":"zgloszenie","received_date":"2026-02-18","decision_date":null,"status":"Brak sprzeciwu","description":"Budowa sieci elektroenergetycznej oświetleniowej nn 0,4 kV","address":"Pyzdry","city":"Pyzdry","office":"Starosta Powiatu Września","case_kind":"budowa nowego/nowych obiektów budowlanych","parcel_ids":["303004_4.0600.1023/2","303004_4.0600.1033","303004_4.0600.1043","303004_4.0600.1053","303004_4.0600.968","303004_4.0600.998"],"location_quality":"dokładny","gunb_url":"https://wyszukiwarka.gunb.gov.pl/","parcel_count":6,"parcel_shard":"x070-y208","parcel_id":"303004_4.0600.1053","location_source":"powiat wrzesiński (wfs)"}},{"type":"Feature","id":"ST-WK-WR/ZGŁOSZENIE/525/2026::303004_4.0600.968","geometry":{"type":"Polygon","coordinates":[[[17.6880331589181,52.1691348837169],[17.6879777274395,52.1690123766839],[17.6880509485849,52.1689985343228],[17.6881729492197,52.16897609312],[17.6882090614097,52.168969760452],[17.6882674572278,52.1689597307509],[17.6883512865129,52.1689431001673],[17.6885445672916,52.1689051240256],[17.6886010645065,52.1688952001827],[17.6887556322298,52.1688649270649],[17.688757460334,52.1688681477777],[17.688841309162,52.1688524153657],[17.6889692756666,52.1688288426769],[17.6890191961763,52.1689466329882],[17.6889046292852,52.1689680230766],[17.6887679370083,52.1689936481451],[17.6887159852678,52.1690041624012],[17.6886181650885,52.1690227112957],[17.6885200543431,52.1690413524199],[17.6883746458303,52.169069478503],[17.6882091433175,52.1691011925238],[17.6880331589181,52.1691348837169]]]},"properties":{"case_id":"ST-WK-WR/ZGŁOSZENIE/525/2026","source_type":"zgloszenie","received_date":"2026-02-18","decision_date":null,"status":"Brak sprzeciwu","description":"Budowa sieci elektroenergetycznej oświetleniowej nn 0,4 kV","address":"Pyzdry","city":"Pyzdry","office":"Starosta Powiatu Września","case_kind":"budowa nowego/nowych obiektów budowlanych","parcel_ids":["303004_4.0600.1023/2","303004_4.0600.1033","303004_4.0600.1043","303004_4.0600.1053","303004_4.0600.968","303004_4.0600.998"],"location_quality":"dokładny","gunb_url":"https://wyszukiwarka.gunb.gov.pl/","parcel_count":6,"parcel_shard":"x070-y208","parcel_id":"303004_4.0600.968","location_source":"powiat wrzesiński (wfs)"}},{"type":"Feature","id":"ST-WK-WR/ZGŁOSZENIE/525/2026::303004_4.0600.998","geometry":{"type":"Polygon","coordinates":[[[17.6897300455262,52.1706509779052],[17.6897315129568,52.1706190534237],[17.6897373394473,52.1706181044609],[17.6897159545151,52.1705713638921],[17.6896873304367,52.1705085041712],[17.6896792677399,52.1704818747408],[17.6896282263533,52.1703721011008],[17.6896160469562,52.1703445175358],[17.6895665567804,52.1702324805885],[17.6895504832137,52.1701945015613],[17.6895385368837,52.1701643980278],[17.6894924658329,52.1700551155005],[17.6894576868984,52.1699729746703],[17.6894193998704,52.1698845700099],[17.6894000573057,52.1698444596628],[17.6893614903251,52.1697566857471],[17.6893341861027,52.1696946170632],[17.6893329485455,52.1696916608719],[17.6893003270043,52.1696145338855],[17.6892946990424,52.1695986692559],[17.6892923576656,52.1695922163012],[17.689260067612,52.1695167945638],[17.6892469817175,52.1694881377139],[17.689212875446,52.1694036514664],[17.689212418337,52.1694028462561],[17.6891738201779,52.1693137238537],[17.6891640806605,52.1692907023877],[17.6891411940878,52.169236327854],[17.6891170684303,52.1691789074729],[17.6890191961763,52.1689466329882],[17.6889692756666,52.1688288426769],[17.6889171097739,52.1687086454937],[17.6888742591327,52.168612102625],[17.6888511115689,52.168558811964],[17.688830115577,52.1685100878284],[17.688809270253,52.1684615423597],[17.6887872067489,52.1684108499773],[17.6887443477024,52.1683009147195],[17.6887038401556,52.1682042645908],[17.6886628250785,52.1681109454795],[17.6886235528071,52.1680170725024],[17.6885831602061,52.1679188946275],[17.6885463411963,52.1678299455724],[17.688500710253,52.167726329816],[17.6884557161823,52.1676249561989],[17.6883826269834,52.1674516392747],[17.6883380587107,52.1673431604412],[17.6883361668374,52.1673435362217],[17.6883300140381,52.1673301049291],[17.68832660856,52.1673217740192],[17.6883285024793,52.1673214881136],[17.6883170575585,52.1672938989778],[17.6882681979919,52.167176646568],[17.6882493265337,52.1671696166166],[17.6884311237033,52.1671413618733],[17.6884932338666,52.1672498705839],[17.6885014756284,52.1672780263583],[17.6885404521786,52.1673656075493],[17.688540911098,52.1673665025467],[17.6885751662913,52.1674521463633],[17.6886340634147,52.1675927730961],[17.6886775697052,52.1676929903626],[17.6887191585562,52.1677924153528],[17.6887793904247,52.1679336613629],[17.6888432787062,52.1680748769595],[17.6888559424976,52.1681045235578],[17.6888837464214,52.1681698186386],[17.688921753669,52.1682593882152],[17.688962956774,52.1683544145717],[17.6889886552161,52.1684170318663],[17.6890137388378,52.1684783062623],[17.6890521931096,52.1685680537157],[17.6891053432293,52.1686866230705],[17.6891511917361,52.1687926702915],[17.6892076824085,52.1689228103566],[17.6892622944249,52.1690473940756],[17.6892879059332,52.1691058801005],[17.6893136704167,52.1691646347907],[17.6893275752455,52.1691971500366],[17.6893487282354,52.1692460553525],[17.6893791849019,52.1693180759669],[17.6893732497576,52.1693206441605],[17.6894165295816,52.1694225827457],[17.6894292205244,52.1694531309422],[17.6894409290514,52.1694791025022],[17.6894923703135,52.1695989521262],[17.6895588354189,52.1697363835376],[17.6895965464845,52.169825063788],[17.6896152384265,52.1698623028029],[17.6896513889781,52.1699531530832],[17.6897249434804,52.1701260296709],[17.6897609061391,52.1702089672473],[17.6898221333631,52.1703484115289],[17.6898638688026,52.1703642341978],[17.689903553507,52.1703798945611],[17.6899431539041,52.17039186978],[17.6900113279318,52.1704131279864],[17.6897300455262,52.1706509779052]]]},"properties":{"case_id":"ST-WK-WR/ZGŁOSZENIE/525/2026","source_type":"zgloszenie","received_date":"2026-02-18","decision_date":null,"status":"Brak sprzeciwu","description":"Budowa sieci elektroenergetycznej oświetleniowej nn 0,4 kV","address":"Pyzdry","city":"Pyzdry","office":"Starosta Powiatu Września","case_kind":"budowa nowego/nowych obiektów budowlanych","parcel_ids":["303004_4.0600.1023/2","303004_4.0600.1033","303004_4.0600.1043","303004_4.0600.1053","303004_4.0600.968","303004_4.0600.998"],"location_quality":"dokładny","gunb_url":"https://wyszukiwarka.gunb.gov.pl/","parcel_count":6,"parcel_shard":"x070-y208","parcel_id":"303004_4.0600.998","location_source":"powiat wrzesiński (wfs)"}},{"type":"Feature","id":"ST-WK-WR/WNIOSEK/7579/2026::303004_4.0600.1025","geometry":{"type":"Polygon","coordinates":[[[17.6897890681454,52.1686790437944],[17.6896224600591,52.1687069053994],[17.6895397796882,52.1687225388093],[17.689484903702,52.1687329888964],[17.6894395487566,52.1686293650811],[17.6897431758711,52.1685774927408],[17.6897890681454,52.1686790437944]]]},"properties":{"case_id":"ST-WK-WR/WNIOSEK/7579/2026","source_type":"wniosek_decyzja","received_date":"2026-04-21","decision_date":"2026-06-01","status":"decyzja wydana","description":"Rozbiórka budynku mieszkalnego - pustostanu","address":"Pyzdry","city":"Pyzdry","office":"Starosta Powiatu Września","case_kind":"Budynek mieszkalny jednorodzinny","parcel_ids":["303004_4.0600.1025"],"location_quality":"dokładny","gunb_url":"https://wyszukiwarka.gunb.gov.pl/","parcel_count":1,"parcel_shard":"x070-y208","parcel_id":"303004_4.0600.1025","location_source":"powiat wrzesiński (wfs)"}},{"type":"Feature","id":"ST-WK-WR/WNIOSEK/241/2026::303004_4.0600.1056","geometry":{"type":"Polygon","coordinates":[[[17.6902469932746,52.1671957013814],[17.6902577674561,52.167200193188],[17.6902841504697,52.1672481488673],[17.6900135769376,52.1672877834935],[17.6899885777757,52.1672235456665],[17.6902469932746,52.1671957013814]]]},"properties":{"case_id":"ST-WK-WR/WNIOSEK/241/2026","source_type":"wniosek_decyzja","received_date":"2026-01-05","decision_date":"2026-02-18","status":"decyzja wydana","description":"Rozbudowa budynku mieszkalnego jednorodzinnego o pomieszczenie wiatrołapu","address":"Szkolna, Pyzdry","city":"Pyzdry","office":"Starosta Powiatu Września","case_kind":"Budynek mieszkalny jednorodzinny","parcel_ids":["303004_4.0600.1056"],"location_quality":"dokładny","gunb_url":"https://wyszukiwarka.gunb.gov.pl/","parcel_count":1,"parcel_shard":"x070-y208","parcel_id":"303004_4.0600.1056","location_source":"powiat wrzesiński (wfs)"}},{"type":"Feature","id":"ST-WK-WR/ZGŁOSZENIE/3154/2025::303004_4.0600.1125","geometry":{"type":"Polygon","coordinates":[[[17.7169067233154,52.1569252554289],[17.7169946777924,52.1573622605618],[17.7170728150923,52.1574099333234],[17.7171054454625,52.1579812785151],[17.7171259010133,52.1580310787173],[17.7171699269506,52.158426851008],[17.7171796803804,52.1585503685734],[17.7172552111428,52.1590433972442],[17.7172757692481,52.1591218496141],[17.7170326360717,52.1591385823761],[17.7169809825785,52.158780487124],[17.7169364059348,52.1584725114225],[17.7169286680974,52.158297556922],[17.7168787521418,52.1580381738649],[17.7168720818652,52.1579960140677],[17.7167781370671,52.1575340713189],[17.7167255080277,52.1571452068578],[17.7167159027056,52.1570029002293],[17.7169067233154,52.1569252554289]]]},"properties":{"case_id":"ST-WK-WR/ZGŁOSZENIE/3154/2025","source_type":"zgloszenie","received_date":"2025-10-06","decision_date":null,"status":"Brak sprzeciwu","description":"Budowa sieci wodociągowej","address":"Dolne Grądy","city":"Dolne Grądy","office":"Starosta Powiatu Września","case_kind":"budowa nowego/nowych obiektów budowlanych","parcel_ids":["303004_4.0600.1125","303004_5.0705.727/2","303004_5.0705.758/4","303004_5.0705.764","303004_5.0715.383"],"location_quality":"dokładny","gunb_url":"https://wyszukiwarka.gunb.gov.pl/","parcel_count":5,"parcel_shard":"x070-y208","parcel_id":"303004_4.0600.1125","location_source":"powiat wrzesiński (wfs)"}},{"type":"Feature","id":"ST-WK-WR/ZGŁOSZENIE/3154/2025::303004_5.0705.727/2","geometry":{"type":"Polygon","coordinates":[[[17.7049515583743,52.1546980961947],[17.7050217044154,52.154522364139],[17.7179862630067,52.1565511148432],[17.7177025556932,52.1566819853981],[17.7168246644945,52.1565454467837],[17.7166219920951,52.1565139240514],[17.7049515583743,52.1546980961947]]]},"properties":{"case_id":"ST-WK-WR/ZGŁOSZENIE/3154/2025","source_type":"zgloszenie","received_date":"2025-10-06","decision_date":null,"status":"Brak sprzeciwu","description":"Budowa sieci wodociągowej","address":"Dolne Grądy","city":"Dolne Grądy","office":"Starosta Powiatu Września","case_kind":"budowa nowego/nowych obiektów budowlanych","parcel_ids":["303004_4.0600.1125","303004_5.0705.727/2","303004_5.0705.758/4","303004_5.0705.764","303004_5.0715.383"],"location_quality":"dokładny","gunb_url":"https://wyszukiwarka.gunb.gov.pl/","parcel_count":5,"parcel_shard":"x070-y208","parcel_id":"303004_5.0705.727/2","location_source":"powiat wrzesiński (wfs)"}},{"type":"Feature","id":"ST-WK-WR/ZGŁOSZENIE/3154/2025::303004_5.0705.758/4","geometry":{"type":"Polygon","coordinates":[[[17.7058472404734,52.1451103881836],[17.7071586018533,52.1453040379565],[17.7098318388068,52.1457110538109],[17.7099818434005,52.1457338908673],[17.7099746366766,52.145768661707],[17.7123068173792,52.1465755792981],[17.7114940743138,52.1474507219016],[17.710658174387,52.1483570416031],[17.7097163283256,52.1493778755742],[17.7088147969825,52.1503514040326],[17.7079310960296,52.151346025889],[17.7069853380526,52.1523638552665],[17.7052268506625,52.153632911154],[17.7047116075267,52.1539983597899],[17.7042637145139,52.1543218237833],[17.7034690707594,52.1543402615274],[17.7031615376168,52.1541657575265],[17.7022537408956,52.1530624830275],[17.7021989103682,52.1529917901576],[17.7058472404734,52.1451103881836]],[[17.7070646346034,52.1519453532358],[17.7065115882612,52.1517596550576],[17.7062863223497,52.152022503923],[17.7068330693669,52.1522062165183],[17.7070646346034,52.1519453532358]]]},"properties":{"case_id":"ST-WK-WR/ZGŁOSZENIE/3154/2025","source_type":"zgloszenie","received_date":"2025-10-06","decision_date":null,"status":"Brak sprzeciwu","description":"Budowa sieci wodociągowej","address":"Dolne Grądy","city":"Dolne Grądy","office":"Starosta Powiatu Września","case_kind":"budowa nowego/nowych obiektów budowlanych","parcel_ids":["303004_4.0600.1125","303004_5.0705.727/2","303004_5.0705.758/4","303004_5.0705.764","303004_5.0715.383"],"location_quality":"dokładny","gunb_url":"https://wyszukiwarka.gunb.gov.pl/","parcel_count":5,"parcel_shard":"x070-y208","parcel_id":"303004_5.0705.758/4","location_source":"powiat wrzesiński (wfs)"}},{"type":"Feature","id":"ST-WK-WR/ZGŁOSZENIE/3154/2025::303004_5.0705.764","geometry":{"type":"Polygon","coordinates":[[[17.7167159027056,52.1570029002293],[17.7166219920951,52.1565139240514],[17.7168246644945,52.1565454467837],[17.7169067233154,52.1569252554289],[17.7167159027056,52.1570029002293]]]},"properties":{"case_id":"ST-WK-WR/ZGŁOSZENIE/3154/2025","source_type":"zgloszenie","received_date":"2025-10-06","decision_date":null,"status":"Brak sprzeciwu","description":"Budowa sieci wodociągowej","address":"Dolne Grądy","city":"Dolne Grądy","office":"Starosta Powiatu Września","case_kind":"budowa nowego/nowych obiektów budowlanych","parcel_ids":["303004_4.0600.1125","303004_5.0705.727/2","303004_5.0705.758/4","303004_5.0705.764","303004_5.0715.383"],"location_quality":"dokładny","gunb_url":"https://wyszukiwarka.gunb.gov.pl/","parcel_count":5,"parcel_shard":"x070-y208","parcel_id":"303004_5.0705.764","location_source":"powiat wrzesiński (wfs)"}},{"type":"Feature","id":"ST-WK-WR/ZGŁOSZENIE/3154/2025::303004_5.0715.383","geometry":{"type":"Polygon","coordinates":[[[17.7153662741392,52.159383820396],[17.7148166706037,52.1594214822373],[17.7148254916583,52.1592852492256],[17.7148582106154,52.1592830980574],[17.7159481296528,52.1592106790994],[17.7170326360717,52.1591385823761],[17.7172757692481,52.1591218496141],[17.7174204447324,52.1591903522477],[17.7174711391315,52.159214355524],[17.7201445497747,52.1600604516321],[17.7225837861332,52.1608421238368],[17.7256865360455,52.1618352549051],[17.725663104621,52.161973792776],[17.7256366357164,52.1619652847879],[17.7246470184714,52.1616472164118],[17.7238080324467,52.1613793501029],[17.7235894414367,52.1612876711131],[17.7231303537276,52.1611509965222],[17.7229695673915,52.1611031283435],[17.7228134789922,52.1610566584985],[17.7225575629258,52.1609804678082],[17.7221679658425,52.1608644763644],[17.7219445645067,52.1607986636757],[17.7215603041637,52.1606780034255],[17.7209633462538,52.1604856193999],[17.7208303345602,52.1604425226088],[17.7203945483178,52.1603012802881],[17.7202237638288,52.160245959698],[17.7201100049763,52.1602091093574],[17.7197996482346,52.1601086076187],[17.7196739163542,52.160067872635],[17.7195042017625,52.1600123468215],[17.7182203752308,52.1596144421526],[17.717716001378,52.1594582524544],[17.7171285322488,52.1592763265074],[17.7170832970953,52.1592623180149],[17.7167892723619,52.1592961417795],[17.7164670182547,52.1593332120744],[17.7161493221001,52.1593316902811],[17.7153662741392,52.159383820396]]]},"properties":{"case_id":"ST-WK-WR/ZGŁOSZENIE/3154/2025","source_type":"zgloszenie","received_date":"2025-10-06","decision_date":null,"status":"Brak sprzeciwu","description":"Budowa sieci wodociągowej","address":"Dolne Grądy","city":"Dolne Grądy","office":"Starosta Powiatu Września","case_kind":"budowa nowego/nowych obiektów budowlanych","parcel_ids":["303004_4.0600.1125","303004_5.0705.727/2","303004_5.0705.758/4","303004_5.0705.764","303004_5.0715.383"],"location_quality":"dokładny","gunb_url":"https://wyszukiwarka.gunb.gov.pl/","parcel_count":5,"parcel_shard":"x070-y208","parcel_id":"303004_5.0715.383","location_source":"powiat wrzesiński (wfs)"}},{"type":"Feature","id":"ST-WK-WR/ZGŁOSZENIE/2942/2025::303004_4.0600.1376/1","geometry":{"type":"Polygon","coordinates":[[[17.6794458854649,52.1668796197078],[17.6794711060349,52.1669284866393],[17.6789008898252,52.1669505101185],[17.6788767946902,52.1668996558893],[17.6792986697682,52.1668793448857],[17.6794458854649,52.1668796197078]]]},"properties":{"case_id":"ST-WK-WR/ZGŁOSZENIE/2942/2025","source_type":"zgloszenie","received_date":"2025-09-16","decision_date":null,"status":"Brak sprzeciwu","description":"Budowa sieci kanalizacji sanitarnej i wodociagowej","address":"Pyzdry","city":"Pyzdry","office":"Starosta Powiatu Września","case_kind":"budowa nowego/nowych obiektów budowlanych","parcel_ids":["303004_4.0600.1376/1","303004_4.0600.1377","303004_4.0600.1404/1","303004_4.0600.240/2"],"location_quality":"dokładny","gunb_url":"https://wyszukiwarka.gunb.gov.pl/","parcel_count":4,"parcel_shard":"x070-y208","parcel_id":"303004_4.0600.1376/1","location_source":"powiat wrzesiński (wfs)"}},{"type":"Feature","id":"ST-WK-WR/ZGŁOSZENIE/2942/2025::303004_4.0600.1377","geometry":{"type":"Polygon","coordinates":[[[17.6813942118461,52.1698783141735],[17.6812115299832,52.1696543284662],[17.681106974166,52.1695041086298],[17.6809827364641,52.1693238522767],[17.6809457442915,52.1692652873029],[17.6807898742367,52.1690177005753],[17.6807816895057,52.1690048256624],[17.6806268644039,52.1687710735614],[17.6802174846848,52.1681528586103],[17.6796973186507,52.1673663179222],[17.6794711060349,52.1669284866393],[17.6794458854649,52.1668796197078],[17.6796302112009,52.1668789491068],[17.6796523671792,52.1669215495838],[17.6797476683132,52.1671044598382],[17.6797645158649,52.1671368775515],[17.6798229104393,52.1672311228705],[17.6799007884152,52.1673571638554],[17.6799786674747,52.1674831149102],[17.6800566924904,52.1676091561846],[17.6801345724274,52.1677351071326],[17.6801885521433,52.1678224774688],[17.6802139163685,52.1678607923594],[17.6802964815099,52.1679857672326],[17.6803813756232,52.1681144264176],[17.6804900712506,52.1682799828691],[17.6805448720778,52.1683633864913],[17.680608978421,52.1684609114691],[17.6807329977883,52.1686477344518],[17.6808035565848,52.1687426899207],[17.6808055483462,52.1687458983206],[17.680850763336,52.1688207993897],[17.6808959784771,52.1688957004408],[17.6809411474984,52.1689706557971],[17.6809897774863,52.169044612814],[17.6810471837455,52.1691317702162],[17.6810801532779,52.1691817417983],[17.6812912875753,52.1695023580448],[17.6815263403568,52.1698055428912],[17.6813942118461,52.1698783141735]]]},"properties":{"case_id":"ST-WK-WR/ZGŁOSZENIE/2942/2025","source_type":"zgloszenie","received_date":"2025-09-16","decision_date":null,"status":"Brak sprzeciwu","description":"Budowa sieci kanalizacji sanitarnej i wodociagowej","address":"Pyzdry","city":"Pyzdry","office":"Starosta Powiatu Września","case_kind":"budowa nowego/nowych obiektów budowlanych","parcel_ids":["303004_4.0600.1376/1","303004_4.0600.1377","303004_4.0600.1404/1","303004_4.0600.240/2"],"location_quality":"dokładny","gunb_url":"https://wyszukiwarka.gunb.gov.pl/","parcel_count":4,"parcel_shard":"x070-y208","parcel_id":"303004_4.0600.1377","location_source":"powiat wrzesiński (wfs)"}},{"type":"Feature","id":"ST-WK-WR/ZGŁOSZENIE/2942/2025::303004_4.0600.1404/1","geometry":{"type":"Polygon","coordinates":[[[17.6778667619967,52.1669242489121],[17.6782594261743,52.1669050882752],[17.6785956244835,52.1668842496027],[17.6787974332134,52.166874442043],[17.6788558419097,52.1668715178793],[17.6792961528606,52.1668519489077],[17.6795715880686,52.1668463676169],[17.6796889454083,52.1668385363544],[17.6799414563934,52.1668276660344],[17.68012653294,52.1668278872635],[17.6803114370066,52.1668269410871],[17.6806516074392,52.1668267388369],[17.6811513756079,52.1667924535872],[17.6813344001739,52.1667794762031],[17.6815150901627,52.1667666982338],[17.6817450799855,52.1667490046542],[17.6818263620739,52.1667426477729],[17.6819302661337,52.1667346594835],[17.6819862466762,52.1667277992711],[17.6822999478558,52.1667077720032],[17.682430720375,52.1666984751225],[17.6825337491644,52.1667035283106],[17.6827793992049,52.1667190494131],[17.6828955133286,52.1666950447639],[17.6829481828035,52.1666839873506],[17.6829896467756,52.1667657958828],[17.6830505092621,52.1667550280072],[17.6831524622806,52.1667383355688],[17.6833339044644,52.1666941753593],[17.6834161989896,52.1666614697981],[17.683528358116,52.166617721621],[17.6835851480784,52.166594942467],[17.6835470408294,52.16671995089],[17.6834769849134,52.1667443716077],[17.6833932530644,52.1667716958617],[17.6832636621524,52.1668074125084],[17.68321399699,52.1668220401335],[17.6831661303361,52.1668321576921],[17.6830341295075,52.1668647483513],[17.6828043022937,52.1668378558405],[17.6827454657818,52.1668088732844],[17.682466026582,52.1667795273041],[17.6815717164565,52.1668208703381],[17.6812637796384,52.1668307783889],[17.6810774907298,52.1668416260519],[17.6806040371769,52.166863011732],[17.6800772836544,52.1668610279697],[17.6796302112009,52.1668789491068],[17.6794458854649,52.1668796197078],[17.6792986697682,52.1668793448857],[17.6788767946902,52.1668996558893],[17.6786503376465,52.1669120105046],[17.6784185191123,52.1669264778952],[17.6781907383293,52.1669384834715],[17.6780711679322,52.1669454333539],[17.6779914485892,52.1669823381886],[17.6778819937625,52.1669515367414],[17.6778667619967,52.1669242489121]]]},"properties":{"case_id":"ST-WK-WR/ZGŁOSZENIE/2942/2025","source_type":"zgloszenie","received_date":"2025-09-16","decision_date":null,"status":"Brak sprzeciwu","description":"Budowa sieci kanalizacji sanitarnej i wodociagowej","address":"Pyzdry","city":"Pyzdry","office":"Starosta Powiatu Września","case_kind":"budowa nowego/nowych obiektów budowlanych","parcel_ids":["303004_4.0600.1376/1","303004_4.0600.1377","303004_4.0600.1404/1","303004_4.0600.240/2"],"location_quality":"dokładny","gunb_url":"https://wyszukiwarka.gunb.gov.pl/","parcel_count":4,"parcel_shard":"x070-y208","parcel_id":"303004_4.0600.1404/1","location_source":"powiat wrzesiński (wfs)"}},{"type":"Feature","id":"ST-WK-WR/ZGŁOSZENIE/2942/2025::303004_4.0600.240/2","geometry":{"type":"Polygon","coordinates":[[[17.6828107954361,52.1691247894622],[17.6827672882428,52.1692826548624],[17.6827747205693,52.1692945473107],[17.6825229461013,52.1694292890817],[17.68246773944,52.1694576271582],[17.6823757511712,52.1695080332556],[17.6820168662647,52.1697034666713],[17.6819838156953,52.1697224463767],[17.6818038417672,52.169825830348],[17.6817206199842,52.1698695988595],[17.681581199316,52.1699431516364],[17.6815420436755,52.1699637114184],[17.6815254288693,52.1699724828095],[17.6814331843445,52.1700245981942],[17.6814066236724,52.1700396569753],[17.681341591365,52.1700732020954],[17.6811416740075,52.1701805303808],[17.6811240479873,52.1701898496843],[17.68103034481,52.170242156925],[17.6809917956073,52.1702637001646],[17.6809039452712,52.1703097547949],[17.6809012004515,52.1703112164672],[17.6807779980047,52.1703779779124],[17.6806469930923,52.1704488508731],[17.6805136307767,52.1705189347069],[17.6804991817665,52.1705265188817],[17.6803568575775,52.1706011735006],[17.6803178555091,52.170621575573],[17.6802695124808,52.1706632243024],[17.6802586548902,52.1706679911767],[17.6801394926074,52.17073247018],[17.6797791165995,52.1709275490944],[17.6796163348264,52.1710157709284],[17.6794304378225,52.1711163247343],[17.6794125288196,52.1711260956394],[17.6792900283482,52.1711917707607],[17.6791023777853,52.171292428834],[17.6789037465682,52.1713989331253],[17.6785428153954,52.1715958107154],[17.6784931336055,52.171623021084],[17.6783455233407,52.1717034712646],[17.6783036467251,52.1715641336117],[17.6788336389009,52.1712785333357],[17.6789942103413,52.1711894324488],[17.6791681360184,52.171096082677],[17.6793454618996,52.1709979393883],[17.6797759307695,52.1707601054298],[17.6799836463136,52.170648218541],[17.6801913607868,52.1705363312736],[17.6802421914219,52.1705083013282],[17.680403666567,52.1704206290065],[17.680583029196,52.1703222866042],[17.6807083999829,52.1702544281362],[17.6808469259533,52.1701799851475],[17.6809644695879,52.1701151595386],[17.6810282705644,52.1700800248645],[17.6812212176303,52.1699736372067],[17.6813942118461,52.1698783141735],[17.6815263403568,52.1698055428912],[17.6821884027856,52.1694466158712],[17.682221053064,52.1694293474717],[17.6823683812119,52.1693513095816],[17.6825296346591,52.1692658950017],[17.6825579666275,52.1692516298283],[17.6828107954361,52.1691247894622]]]},"properties":{"case_id":"ST-WK-WR/ZGŁOSZENIE/2942/2025","source_type":"zgloszenie","received_date":"2025-09-16","decision_date":null,"status":"Brak sprzeciwu","description":"Budowa sieci kanalizacji sanitarnej i wodociagowej","address":"Pyzdry","city":"Pyzdry","office":"Starosta Powiatu Września","case_kind":"budowa nowego/nowych obiektów budowlanych","parcel_ids":["303004_4.0600.1376/1","303004_4.0600.1377","303004_4.0600.1404/1","303004_4.0600.240/2"],"location_quality":"dokładny","gunb_url":"https://wyszukiwarka.gunb.gov.pl/","parcel_count":4,"parcel_shard":"x070-y208","parcel_id":"303004_4.0600.240/2","location_source":"powiat wrzesiński (wfs)"}},{"type":"Feature","id":"ST-WK-WR/WNIOSEK/5118/2026::303004_4.0600.150","geometry":{"type":"Polygon","coordinates":[[[17.6617279980454,52.1788070100859],[17.662085542763,52.1792400790722],[17.6616752283882,52.1794031106441],[17.6612880862032,52.1789211516041],[17.6617279980454,52.1788070100859]]]},"properties":{"case_id":"ST-WK-WR/WNIOSEK/5118/2026","source_type":"wniosek_decyzja","received_date":"2026-03-17","decision_date":"2026-07-13","status":"decyzja wydana","description":"Budowa budynku mieszkalnego jednorodzinnego z przydomową oczyszczalnią ścieków","address":"Pyzdry","city":"Pyzdry","office":"Starosta Powiatu Września","case_kind":"Budynek mieszkalny jednorodzinny","parcel_ids":["303004_4.0600.150"],"location_quality":"dokładny","gunb_url":"https://wyszukiwarka.gunb.gov.pl/","parcel_count":1,"parcel_shard":"x070-y208","parcel_id":"303004_4.0600.150","location_source":"powiat wrzesiński (wfs)"}},{"type":"Feature","id":"ST-WK-WR/WNIOSEK/24383/2025::303004_4.0600.1518","geometry":{"type":"Polygon","coordinates":[[[17.6879279354586,52.1659875372947],[17.6879516494615,52.1659956042092],[17.6881835512158,52.1659480357629],[17.6883018506856,52.165924723409],[17.6884188443199,52.1659017805906],[17.6885259445464,52.1658807207581],[17.6886572090899,52.1658549600904],[17.6886718965919,52.1658385649233],[17.6887148578447,52.1659803066402],[17.6885305447544,52.1660192040703],[17.6883551972958,52.1660556171662],[17.6883322598722,52.1660603802054],[17.6882679543866,52.1660735199235],[17.6882687177592,52.1660749516801],[17.6882038315518,52.1660882756881],[17.6882029200385,52.166086755306],[17.6881767320589,52.1660921047543],[17.6881151881361,52.1661045902738],[17.6881160996321,52.1661061106565],[17.6880546994039,52.1661185046508],[17.6880537879245,52.1661169842587],[17.6879910801966,52.1661297487012],[17.6879279354586,52.1659875372947]]]},"properties":{"case_id":"ST-WK-WR/WNIOSEK/24383/2025","source_type":"wniosek_decyzja","received_date":"2025-11-28","decision_date":"2025-12-09","status":"decyzja wydana","description":"Przebudowa schodów zewnętrznych wejścia do budynku Urzędu Gminy w Pyzdrach od strony ul. Taczanowskiego","address":"Pyzdry","city":"Pyzdry","office":"Starosta Powiatu Września","case_kind":"Obiekt budowlany inny niż budynek mieszkalny jednorodzinny","parcel_ids":["303004_4.0600.1518"],"location_quality":"dokładny","gunb_url":"https://wyszukiwarka.gunb.gov.pl/","parcel_count":1,"parcel_shard":"x070-y208","parcel_id":"303004_4.0600.1518","location_source":"powiat wrzesiński (wfs)"}},{"type":"Feature","id":"ST-WK-WR/WNIOSEK/20757/2025::303004_4.0600.1533","geometry":{"type":"Polygon","coordinates":[[[17.6899795241081,52.1657262551189],[17.6899802794171,52.1657273273479],[17.6899847673332,52.1657254009785],[17.6900038380046,52.1657347657224],[17.6900128445008,52.1657322611292],[17.6900266596976,52.1657419407448],[17.6900124242809,52.1657459286128],[17.6900877561796,52.1658187238625],[17.6901176463194,52.1658538848285],[17.6901354384528,52.1658648785715],[17.6901773595951,52.1658826764401],[17.6901756363768,52.1658840396648],[17.6901799770833,52.1658884970036],[17.6903245887914,52.1660314421381],[17.6903678124746,52.1660807814708],[17.6904004066666,52.1661255378052],[17.6904264114743,52.1661183923421],[17.6904723502407,52.1661842488768],[17.6904450381552,52.166191765173],[17.6905081955191,52.1662947797321],[17.6905792087587,52.1663575442345],[17.6902196926666,52.166419966741],[17.690190431311,52.1663509616733],[17.6901287178693,52.1662579877273],[17.6901213664762,52.166259984577],[17.6899149385498,52.1659434795054],[17.6899955249319,52.1659220860933],[17.6899806724497,52.1658989314644],[17.6899653487142,52.1658871973682],[17.6899830745848,52.1658631330754],[17.6900105579592,52.1658631662701],[17.6900116015736,52.1658512014171],[17.6899879921075,52.1658158065818],[17.6899772543487,52.1658064600941],[17.6899238494877,52.1657850752699],[17.6899005923838,52.1657844663036],[17.6898594900555,52.1657833816106],[17.689968631897,52.1657294051853],[17.6899795241081,52.1657262551189]]]},"properties":{"case_id":"ST-WK-WR/WNIOSEK/20757/2025","source_type":"wniosek_decyzja","received_date":"2025-10-08","decision_date":"2025-10-17","status":"decyzja wydana","description":"Wymiana stolarki okiennej we wschodnim skrzydle klasztoru pofranciszkańskiego w Pyzdrach","address":"Pyzdry","city":"Pyzdry","office":"Starosta Powiatu Września","case_kind":"Obiekt budowlany inny niż budynek mieszkalny jednorodzinny","parcel_ids":["303004_4.0600.1533"],"location_quality":"dokładny","gunb_url":"https://wyszukiwarka.gunb.gov.pl/","parcel_count":1,"parcel_shard":"x070-y208","parcel_id":"303004_4.0600.1533","location_source":"powiat wrzesiński (wfs)"}},{"type":"Feature","id":"ST-WK-WR/WNIOSEK/2049/2026::303004_4.0600.1589/2","geometry":{"type":"Polygon","coordinates":[[[17.6848192137974,52.1653911361155],[17.6844607735388,52.1654881437293],[17.6844518023084,52.1654715536634],[17.6842393493703,52.164966323603],[17.6843408360467,52.164955027585],[17.6845317780887,52.16493047073],[17.6846281107649,52.1649175106057],[17.684773383141,52.1653037933107],[17.6848179205518,52.1653856637251],[17.6848205027681,52.1653899564636],[17.6848192137974,52.1653911361155]]]},"properties":{"case_id":"ST-WK-WR/WNIOSEK/2049/2026","source_type":"wniosek_decyzja","received_date":"2026-02-03","decision_date":"2026-03-19","status":"decyzja wydana","description":"Rozbiórka budynku mieszkalnego z zabudową gospodarczą","address":"Pyzdry","city":"Pyzdry","office":"Starosta Powiatu Września","case_kind":"Budynek mieszkalny jednorodzinny","parcel_ids":["303004_4.0600.1589/2"],"location_quality":"dokładny","gunb_url":"https://wyszukiwarka.gunb.gov.pl/","parcel_count":1,"parcel_shard":"x070-y208","parcel_id":"303004_4.0600.1589/2","location_source":"powiat wrzesiński (wfs)"}},{"type":"Feature","id":"ST-WK-WR/ZGŁOSZENIE/2840/2025::303004_4.0600.1704/1","geometry":{"type":"Polygon","coordinates":[[[17.6675423043413,52.1660272941164],[17.6676591298444,52.1660415060418],[17.6676927338879,52.1660472469345],[17.6678266188956,52.1660331791609],[17.6681162903704,52.1659973080684],[17.6685605921504,52.1659205839905],[17.669235908767,52.1657606493873],[17.6695439972033,52.1657511339324],[17.6698442399857,52.1656979043315],[17.6704895063201,52.1656415396154],[17.6713487435698,52.1655013647322],[17.6717765016511,52.1654243006355],[17.6723324718362,52.1653216964744],[17.672438917533,52.1653032650781],[17.672818463114,52.1652275932998],[17.6729057378001,52.1652016830376],[17.6730316924057,52.1651731974123],[17.6731873794092,52.1651407739076],[17.6732713425184,52.1651171389],[17.6734395774967,52.1650771475871],[17.6738786958514,52.1649659096665],[17.6742603377093,52.1648796098587],[17.6746569855747,52.1647911146477],[17.6749402596286,52.1647380104515],[17.675363649319,52.1646231281969],[17.675732098625,52.164522375579],[17.6758212069661,52.1645131689593],[17.6759677463683,52.1644771357864],[17.6763199445464,52.1643623170788],[17.6765821919121,52.1642778369203],[17.6766475355356,52.1642453696374],[17.6768763706238,52.1642027935925],[17.6767923741441,52.1642834225028],[17.6766620374111,52.1643248919969],[17.6765969889557,52.164350974355],[17.6765897238292,52.1643529238351],[17.6765110723141,52.1643851445847],[17.6762458064769,52.164465425344],[17.6760035982344,52.1645505440008],[17.6756453786447,52.1646576825638],[17.6751771760428,52.1647497342643],[17.674975309538,52.1647933085492],[17.674682112565,52.1648545164659],[17.6742929127372,52.1649326254068],[17.6739067709278,52.1650120896927],[17.6737568559241,52.1650663212544],[17.6734788911751,52.1651426678707],[17.6732632655953,52.1651685849832],[17.6729302083101,52.1652435194109],[17.6725779811985,52.1653214555601],[17.6721021714103,52.1654103056266],[17.6718273635933,52.1654697159175],[17.6714564498585,52.1655262529149],[17.6705068101542,52.1656945617528],[17.6703038597618,52.1657120064197],[17.6698606551727,52.1657505116252],[17.6695566872882,52.1658038572476],[17.6692583886281,52.1658576346664],[17.6685774092371,52.1659733894701],[17.6681193405093,52.1660358463461],[17.667829610817,52.1660691110252],[17.6676955795329,52.166083180026],[17.6675654921274,52.1661036879811],[17.667555554794,52.16607096061],[17.6675512947872,52.1660568832338],[17.6675423043413,52.1660272941164]]]},"properties":{"case_id":"ST-WK-WR/ZGŁOSZENIE/2840/2025","source_type":"zgloszenie","received_date":"2025-09-09","decision_date":null,"status":"Brak sprzeciwu","description":"Budowa sieci wodociagowej","address":"Pyzdry","city":"Pyzdry","office":"Starosta Powiatu Września","case_kind":"budowa nowego/nowych obiektów budowlanych","parcel_ids":["303004_4.0600.1704/1"],"location_quality":"dokładny","gunb_url":"https://wyszukiwarka.gunb.gov.pl/","parcel_count":1,"parcel_shard":"x070-y208","parcel_id":"303004_4.0600.1704/1","location_source":"powiat wrzesiński (wfs)"}},{"type":"Feature","id":"ST-WK-WR/ZGŁOSZENIE/3479/2025::303004_4.0600.1931","geometry":{"type":"Polygon","coordinates":[[[17.6655014595234,52.1635512120781],[17.665048537205,52.1636616876836],[17.6648857366284,52.1633273862534],[17.6653373921172,52.1632449354516],[17.6653970801198,52.163270860601],[17.6655014595234,52.1635512120781]]]},"properties":{"case_id":"ST-WK-WR/ZGŁOSZENIE/3479/2025","source_type":"zgloszenie","received_date":"2025-10-30","decision_date":null,"status":"Brak sprzeciwu","description":"Budowa sieci elektroenergetycznej nn 0,4 kV","address":"Pyzdry","city":"Pyzdry","office":"Starosta Powiatu Września","case_kind":"budowa nowego/nowych obiektów budowlanych","parcel_ids":["303004_4.0600.1931","303004_4.0600.1965"],"location_quality":"dokładny","gunb_url":"https://wyszukiwarka.gunb.gov.pl/","parcel_count":2,"parcel_shard":"x070-y208","parcel_id":"303004_4.0600.1931","location_source":"powiat wrzesiński (wfs)"}},{"type":"Feature","id":"ST-WK-WR/ZGŁOSZENIE/3479/2025::303004_4.0600.1965","geometry":{"type":"Polygon","coordinates":[[[17.6642132974584,52.1608062770284],[17.6642936641832,52.1608776984684],[17.6643814325588,52.1609467206006],[17.6644711195072,52.1610297500898],[17.6645862566164,52.1612124384911],[17.6646634492065,52.1613450144232],[17.6647175811446,52.16144614097],[17.6647669218383,52.161579809779],[17.6648104012176,52.1616835823076],[17.6648632825109,52.1618073727405],[17.6650040902883,52.16207965054],[17.6650964641498,52.1622638785682],[17.6651766976563,52.1623949910107],[17.6652126702984,52.1625405879815],[17.6652671841262,52.1627049074011],[17.665325044466,52.1629080332491],[17.6654183881177,52.1631489770291],[17.6654484539748,52.1632522834712],[17.6655558069963,52.163525022597],[17.6656536399138,52.1637178354754],[17.6657553454692,52.1638875130498],[17.6657855857176,52.1639261839567],[17.6659551602591,52.1641569604351],[17.6661323050885,52.1643796728477],[17.6663123396906,52.1646205196255],[17.6665776681349,52.1650025943636],[17.6669747860599,52.1655261342315],[17.6671994725165,52.165776131809],[17.6673200364099,52.165899353032],[17.6674106713532,52.1659585514968],[17.6674745045422,52.1659957710977],[17.6675423043413,52.1660272941164],[17.6675512947872,52.1660568832338],[17.667418824156,52.1660030698737],[17.6673775446307,52.1659808529862],[17.667285730444,52.1659212149457],[17.6671571023275,52.1657903305464],[17.6669324160662,52.16554033297],[17.6665316167606,52.165015565493],[17.6664355939087,52.1648716404727],[17.6662763612714,52.1646328670167],[17.6660896457501,52.1643939640299],[17.6659127894004,52.1641710694141],[17.6657448426635,52.1639411782419],[17.6656053106079,52.1637664240037],[17.6655014595234,52.1635512120781],[17.6653970801198,52.163270860601],[17.665373315759,52.1632059883574],[17.6652687223163,52.1629257651079],[17.6651594945833,52.1625485848899],[17.6650462953922,52.162275625826],[17.664958341903,52.1620929788266],[17.6648897554007,52.1619597012736],[17.6648235063109,52.1618197519999],[17.6647168661445,52.1615896440301],[17.664672439721,52.1614802296556],[17.6646154965657,52.1613841607175],[17.6644550807714,52.1610777081201],[17.6643169514914,52.1609391705505],[17.664249327169,52.1608821152562],[17.6641715583796,52.1608157959782],[17.6642132974584,52.1608062770284]]]},"properties":{"case_id":"ST-WK-WR/ZGŁOSZENIE/3479/2025","source_type":"zgloszenie","received_date":"2025-10-30","decision_date":null,"status":"Brak sprzeciwu","description":"Budowa sieci elektroenergetycznej nn 0,4 kV","address":"Pyzdry","city":"Pyzdry","office":"Starosta Powiatu Września","case_kind":"budowa nowego/nowych obiektów budowlanych","parcel_ids":["303004_4.0600.1931","303004_4.0600.1965"],"location_quality":"dokładny","gunb_url":"https://wyszukiwarka.gunb.gov.pl/","parcel_count":2,"parcel_shard":"x070-y208","parcel_id":"303004_4.0600.1965","location_source":"powiat wrzesiński (wfs)"}},{"type":"Feature","id":"ST-WK-WR/ZGŁOSZENIE/2838/2025::303004_4.0600.2161/1","geometry":{"type":"Polygon","coordinates":[[[17.6832563196012,52.1724199865682],[17.6832739679523,52.1724152478512],[17.6832964294821,52.1724092167596],[17.6835250268053,52.1723478468646],[17.683427170571,52.1724623962792],[17.6835382127441,52.1726273005912],[17.6834134951174,52.172653085493],[17.6833545017188,52.1725674704018],[17.6832950317575,52.1724814770601],[17.6832563196012,52.1724199865682]]]},"properties":{"case_id":"ST-WK-WR/ZGŁOSZENIE/2838/2025","source_type":"zgloszenie","received_date":"2025-09-08","decision_date":null,"status":"Brak sprzeciwu","description":"Budowa sieci elektroenergetycznej nn 0,4 kV wraz z przyłączem","address":"Pyzdry","city":"Pyzdry","office":"Starosta Powiatu Września","case_kind":"budowa nowego/nowych obiektów budowlanych","parcel_ids":["303004_4.0600.2161/1","303004_4.0600.2165/1","303004_4.0600.2166/3","303004_4.0600.2166/4","303004_4.0600.405/13"],"location_quality":"dokładny","gunb_url":"https://wyszukiwarka.gunb.gov.pl/","parcel_count":5,"parcel_shard":"x070-y208","parcel_id":"303004_4.0600.2161/1","location_source":"powiat wrzesiński (wfs)"}},{"type":"Feature","id":"ST-WK-WR/ZGŁOSZENIE/2838/2025::303004_4.0600.2165/1","geometry":{"type":"Polygon","coordinates":[[[17.6832739679523,52.1724152478512],[17.6830834309937,52.1721425172757],[17.6832250513209,52.1721053285089],[17.6833445057945,52.1722786417807],[17.6832730225452,52.1723762460585],[17.6832964294821,52.1724092167596],[17.6832739679523,52.1724152478512]]]},"properties":{"case_id":"ST-WK-WR/ZGŁOSZENIE/2838/2025","source_type":"zgloszenie","received_date":"2025-09-08","decision_date":null,"status":"Brak sprzeciwu","description":"Budowa sieci elektroenergetycznej nn 0,4 kV wraz z przyłączem","address":"Pyzdry","city":"Pyzdry","office":"Starosta Powiatu Września","case_kind":"budowa nowego/nowych obiektów budowlanych","parcel_ids":["303004_4.0600.2161/1","303004_4.0600.2165/1","303004_4.0600.2166/3","303004_4.0600.2166/4","303004_4.0600.405/13"],"location_quality":"dokładny","gunb_url":"https://wyszukiwarka.gunb.gov.pl/","parcel_count":5,"parcel_shard":"x070-y208","parcel_id":"303004_4.0600.2165/1","location_source":"powiat wrzesiński (wfs)"}},{"type":"Feature","id":"ST-WK-WR/ZGŁOSZENIE/2838/2025::303004_4.0600.2166/3","geometry":{"type":"Polygon","coordinates":[[[17.6830491388906,52.1720929022433],[17.6831298344926,52.1720717279836],[17.6830953962149,52.1720221125714],[17.6831586640551,52.1720054752679],[17.6832250513209,52.1721053285089],[17.6830834309937,52.1721425172757],[17.6830491388906,52.1720929022433]]]},"properties":{"case_id":"ST-WK-WR/ZGŁOSZENIE/2838/2025","source_type":"zgloszenie","received_date":"2025-09-08","decision_date":null,"status":"Brak sprzeciwu","description":"Budowa sieci elektroenergetycznej nn 0,4 kV wraz z przyłączem","address":"Pyzdry","city":"Pyzdry","office":"Starosta Powiatu Września","case_kind":"budowa nowego/nowych obiektów budowlanych","parcel_ids":["303004_4.0600.2161/1","303004_4.0600.2165/1","303004_4.0600.2166/3","303004_4.0600.2166/4","303004_4.0600.405/13"],"location_quality":"dokładny","gunb_url":"https://wyszukiwarka.gunb.gov.pl/","parcel_count":5,"parcel_shard":"x070-y208","parcel_id":"303004_4.0600.2166/3","location_source":"powiat wrzesiński (wfs)"}},{"type":"Feature","id":"ST-WK-WR/ZGŁOSZENIE/2838/2025::303004_4.0600.2166/4","geometry":{"type":"Polygon","coordinates":[[[17.6830953962149,52.1720221125714],[17.6831298344926,52.1720717279836],[17.6830491388906,52.1720929022433],[17.6830147006866,52.1720432868078],[17.6830953962149,52.1720221125714]]]},"properties":{"case_id":"ST-WK-WR/ZGŁOSZENIE/2838/2025","source_type":"zgloszenie","received_date":"2025-09-08","decision_date":null,"status":"Brak sprzeciwu","description":"Budowa sieci elektroenergetycznej nn 0,4 kV wraz z przyłączem","address":"Pyzdry","city":"Pyzdry","office":"Starosta Powiatu Września","case_kind":"budowa nowego/nowych obiektów budowlanych","parcel_ids":["303004_4.0600.2161/1","303004_4.0600.2165/1","303004_4.0600.2166/3","303004_4.0600.2166/4","303004_4.0600.405/13"],"location_quality":"dokładny","gunb_url":"https://wyszukiwarka.gunb.gov.pl/","parcel_count":5,"parcel_shard":"x070-y208","parcel_id":"303004_4.0600.2166/4","location_source":"powiat wrzesiński (wfs)"}},{"type":"Feature","id":"ST-WK-WR/ZGŁOSZENIE/2838/2025::303004_4.0600.405/13","geometry":{"type":"Polygon","coordinates":[[[17.6835382127441,52.1726273005912],[17.6836101824402,52.1727324000382],[17.6836912257727,52.1728508159207],[17.683749931536,52.1728671246776],[17.6841512936821,52.1727838733083],[17.6844018910676,52.172731932854],[17.6846524904063,52.1726800819847],[17.6849030856376,52.1726280511034],[17.6851563244594,52.1725755479185],[17.6852074065816,52.1726500814982],[17.6850412138678,52.1726844919227],[17.6847284754902,52.1727492792391],[17.684405843465,52.1728162181617],[17.6840832092666,52.1728830667137],[17.6838008881337,52.1729416600291],[17.6836346950766,52.1729760693617],[17.6835535896333,52.172857502353],[17.6834541918514,52.1727124418746],[17.6834134951174,52.172653085493],[17.6835382127441,52.1726273005912]]]},"properties":{"case_id":"ST-WK-WR/ZGŁOSZENIE/2838/2025","source_type":"zgloszenie","received_date":"2025-09-08","decision_date":null,"status":"Brak sprzeciwu","description":"Budowa sieci elektroenergetycznej nn 0,4 kV wraz z przyłączem","address":"Pyzdry","city":"Pyzdry","office":"Starosta Powiatu Września","case_kind":"budowa nowego/nowych obiektów budowlanych","parcel_ids":["303004_4.0600.2161/1","303004_4.0600.2165/1","303004_4.0600.2166/3","303004_4.0600.2166/4","303004_4.0600.405/13"],"location_quality":"dokładny","gunb_url":"https://wyszukiwarka.gunb.gov.pl/","parcel_count":5,"parcel_shard":"x070-y208","parcel_id":"303004_4.0600.405/13","location_source":"powiat wrzesiński (wfs)"}},{"type":"Feature","id":"ST-WK-WR/ZGŁOSZENIE/3039/2025::303004_4.0600.2236/12","geometry":{"type":"Polygon","coordinates":[[[17.670122667123,52.1631879129635],[17.6702049410524,52.1631693584107],[17.6702815153966,52.1634078401088],[17.6703650931592,52.1636678222534],[17.6704486712255,52.1639278942055],[17.6705321047724,52.1641878758038],[17.6706156854371,52.1644478577413],[17.6706991202533,52.1647079290782],[17.6707827028527,52.1649679108776],[17.6708661402652,52.1652278922002],[17.6709452947497,52.1654741999928],[17.6710301205384,52.1655065231425],[17.6707474006684,52.16555283069],[17.6708019338707,52.1654912364369],[17.6707436384563,52.1653100587095],[17.6706657722285,52.1650676191398],[17.6705879075051,52.1648250896335],[17.670510042295,52.1645827398204],[17.6704321785892,52.1643403000707],[17.6703541689091,52.1640979497292],[17.6702763068851,52.1638555098595],[17.6701984463662,52.1636129800533],[17.6701087255222,52.1633340162653],[17.670026070161,52.1633052936429],[17.6697300595015,52.1633718740981],[17.6694340486274,52.1634383639318],[17.6693799711591,52.1634977118905],[17.6694446536248,52.1637034450565],[17.6695207557301,52.1639460603133],[17.6695968586575,52.1641886755123],[17.6696731078933,52.1644313809394],[17.669749213131,52.1646739061464],[17.6698253178602,52.1649166110488],[17.669901570231,52.1651592264258],[17.6699776772705,52.1654018413361],[17.6700346509658,52.1655834651374],[17.6701227474963,52.1656280215459],[17.6698302403123,52.1656536275031],[17.6698912880626,52.1656006802263],[17.6698297443953,52.1654046630259],[17.66975220988,52.1651575501045],[17.6696746755523,52.1649105269997],[17.6695971420773,52.164663503835],[17.6695196101209,52.1644163907339],[17.6694420776855,52.164169457326],[17.6693645474348,52.1639223441051],[17.6692870167045,52.1636754105774],[17.6691992086997,52.1633954627943],[17.6692814827272,52.1633769987641],[17.6697020758135,52.1632824566158],[17.670122667123,52.1631879129635]]]},"properties":{"case_id":"ST-WK-WR/ZGŁOSZENIE/3039/2025","source_type":"zgloszenie","received_date":"2025-09-22","decision_date":null,"status":"Brak sprzeciwu","description":"Budowa sieci elektroenergetycznej nn 0,4 kV","address":"Pyzdry","city":"Pyzdry","office":"Starosta Powiatu Września","case_kind":"budowa nowego/nowych obiektów budowlanych","parcel_ids":["303004_4.0600.2236/12","303004_4.0600.2236/6"],"location_quality":"dokładny","gunb_url":"https://wyszukiwarka.gunb.gov.pl/","parcel_count":2,"parcel_shard":"x070-y208","parcel_id":"303004_4.0600.2236/12","location_source":"powiat wrzesiński (wfs)"}},{"type":"Feature","id":"ST-WK-WR/ZGŁOSZENIE/3039/2025::303004_4.0600.2236/6","geometry":{"type":"Polygon","coordinates":[[[17.6691392714222,52.1644617018947],[17.6695196101209,52.1644163907339],[17.6695971420773,52.164663503835],[17.6692168026812,52.1647086354874],[17.6691392714222,52.1644617018947]]]},"properties":{"case_id":"ST-WK-WR/ZGŁOSZENIE/3039/2025","source_type":"zgloszenie","received_date":"2025-09-22","decision_date":null,"status":"Brak sprzeciwu","description":"Budowa sieci elektroenergetycznej nn 0,4 kV","address":"Pyzdry","city":"Pyzdry","office":"Starosta Powiatu Września","case_kind":"budowa nowego/nowych obiektów budowlanych","parcel_ids":["303004_4.0600.2236/12","303004_4.0600.2236/6"],"location_quality":"dokładny","gunb_url":"https://wyszukiwarka.gunb.gov.pl/","parcel_count":2,"parcel_shard":"x070-y208","parcel_id":"303004_4.0600.2236/6","location_source":"powiat wrzesiński (wfs)"}},{"type":"Feature","id":"ST-WK-WR/WNIOSEK/9464/2026::303004_4.0600.2236/2","geometry":{"type":"Polygon","coordinates":[[[17.6694495443982,52.1654498856982],[17.6698297443953,52.1654046630259],[17.6698912880626,52.1656006802263],[17.6698302403123,52.1656536275031],[17.6695302192661,52.1657069841036],[17.6694495443982,52.1654498856982]]]},"properties":{"case_id":"ST-WK-WR/WNIOSEK/9464/2026","source_type":"wniosek_decyzja","received_date":"2026-05-15","decision_date":"2026-06-25","status":"decyzja wydana","description":"Zmiana decyzji nr 10/2024 z dnia 11 stycznia 2024 r. o pozwoleniu na budowę budynku mieszkalnego jednorodzinnego i budynku gospodarczego","address":"Pyzdry","city":"Pyzdry","office":"Starosta Powiatu Września","case_kind":"Budynek mieszkalny jednorodzinny","parcel_ids":["303004_4.0600.2236/2"],"location_quality":"dokładny","gunb_url":"https://wyszukiwarka.gunb.gov.pl/","parcel_count":1,"parcel_shard":"x070-y208","parcel_id":"303004_4.0600.2236/2","location_source":"powiat wrzesiński (wfs)"}},{"type":"Feature","id":"ST-WK-WR/WNIOSEK/23451/2025::303004_4.0600.2244/121","geometry":{"type":"Polygon","coordinates":[[[17.6826703933191,52.1577293233251],[17.6833208040203,52.1575889733332],[17.6834586696103,52.1577243408112],[17.6833858742439,52.157809709745],[17.683274417034,52.1578449125326],[17.6827916354659,52.1579416727017],[17.6826703933191,52.1577293233251]]]},"properties":{"case_id":"ST-WK-WR/WNIOSEK/23451/2025","source_type":"wniosek_decyzja","received_date":"2025-11-18","decision_date":"2025-12-11","status":"decyzja wydana","description":"Budowa budynku mieszkalnego jednorodzinnego","address":"Pyzdry","city":"Pyzdry","office":"Starosta Powiatu Września","case_kind":"Budynek mieszkalny jednorodzinny","parcel_ids":["303004_4.0600.2244/121"],"location_quality":"dokładny","gunb_url":"https://wyszukiwarka.gunb.gov.pl/","parcel_count":1,"parcel_shard":"x070-y208","parcel_id":"303004_4.0600.2244/121","location_source":"powiat wrzesiński (wfs)"}},{"type":"Feature","id":"ST-WK-WR/ZGŁOSZENIE/2898/2025::303004_4.0600.2246/3","geometry":{"type":"Polygon","coordinates":[[[17.6863843680285,52.1778114172254],[17.6864659407445,52.1777915013207],[17.6869499010299,52.1785350899795],[17.6871562000775,52.1788254941498],[17.6873589444772,52.1791019574137],[17.6874834173806,52.1792611018241],[17.6876327902161,52.1794347824001],[17.6878567834648,52.1796841578367],[17.6879892918135,52.1798237295234],[17.6880104808004,52.179846165205],[17.6881413085931,52.1799753064114],[17.6882648979733,52.1800942721184],[17.6883844219417,52.180209272319],[17.6885311899476,52.1803591271454],[17.6890735599242,52.1809125889566],[17.6890543981553,52.1809976530146],[17.6883098043786,52.1802376564615],[17.6880671273625,52.1800040510671],[17.6879352825721,52.1798740083079],[17.687779989777,52.1797101990579],[17.6875555607431,52.1794604628099],[17.687405027968,52.1792854308916],[17.6872793963906,52.1791247553997],[17.6870760738916,52.1788473916853],[17.6868689056491,52.1785559065311],[17.6863843680285,52.1778114172254]]]},"properties":{"case_id":"ST-WK-WR/ZGŁOSZENIE/2898/2025","source_type":"zgloszenie","received_date":"2025-09-12","decision_date":null,"status":"Brak sprzeciwu","description":"Budowa sieci elektroenergetycznej nn 0,4 kV wraz z przyłączem","address":"Ksawerów","city":"Ksawerów","office":"Starosta Powiatu Września","case_kind":"budowa nowego/nowych obiektów budowlanych","parcel_ids":["303004_4.0600.2246/3","303004_4.0600.2246/6","303004_4.0600.400/1","303004_5.0704.159","303004_5.0704.160/1","303004_5.0704.160/2","303004_5.0704.161/1","303004_5.0704.162/3"],"location_quality":"dokładny","gunb_url":"https://wyszukiwarka.gunb.gov.pl/","parcel_count":8,"parcel_shard":"x070-y208","parcel_id":"303004_4.0600.2246/3","location_source":"powiat wrzesiński (wfs)"}},{"type":"Feature","id":"ST-WK-WR/ZGŁOSZENIE/2898/2025::303004_4.0600.2246/6","geometry":{"type":"Polygon","coordinates":[[[17.6888265601194,52.1802498058291],[17.6885311899476,52.1803591271454],[17.6883844219417,52.180209272319],[17.6882648979733,52.1800942721184],[17.6885469725977,52.1799834783194],[17.6886603853205,52.1800943277171],[17.6888265601194,52.1802498058291]]]},"properties":{"case_id":"ST-WK-WR/ZGŁOSZENIE/2898/2025","source_type":"zgloszenie","received_date":"2025-09-12","decision_date":null,"status":"Brak sprzeciwu","description":"Budowa sieci elektroenergetycznej nn 0,4 kV wraz z przyłączem","address":"Ksawerów","city":"Ksawerów","office":"Starosta Powiatu Września","case_kind":"budowa nowego/nowych obiektów budowlanych","parcel_ids":["303004_4.0600.2246/3","303004_4.0600.2246/6","303004_4.0600.400/1","303004_5.0704.159","303004_5.0704.160/1","303004_5.0704.160/2","303004_5.0704.161/1","303004_5.0704.162/3"],"location_quality":"dokładny","gunb_url":"https://wyszukiwarka.gunb.gov.pl/","parcel_count":8,"parcel_shard":"x070-y208","parcel_id":"303004_4.0600.2246/6","location_source":"powiat wrzesiński (wfs)"}},{"type":"Feature","id":"ST-WK-WR/ZGŁOSZENIE/2898/2025::303004_4.0600.400/1","geometry":{"type":"Polygon","coordinates":[[[17.6889408842423,52.1813554271593],[17.6890254651361,52.1813065183375],[17.6890543981553,52.1809976530146],[17.6890735599242,52.1809125889566],[17.6890943850356,52.180819620005],[17.6891601285709,52.1805542034448],[17.6892660417523,52.1802940156873],[17.6894743844345,52.1799584200819],[17.6896599768095,52.1796532492572],[17.6898349304169,52.1793859334181],[17.6898955633074,52.1794596257581],[17.6897298567107,52.1796989849224],[17.6896545454048,52.1798062810733],[17.6895618084568,52.179938427563],[17.6893937744756,52.1801779917698],[17.6892831739993,52.1804074485759],[17.6892209881124,52.1805924420054],[17.6891251786916,52.1809581381091],[17.6891063219733,52.1813447470551],[17.6889408842423,52.1813554271593]]]},"properties":{"case_id":"ST-WK-WR/ZGŁOSZENIE/2898/2025","source_type":"zgloszenie","received_date":"2025-09-12","decision_date":null,"status":"Brak sprzeciwu","description":"Budowa sieci elektroenergetycznej nn 0,4 kV wraz z przyłączem","address":"Ksawerów","city":"Ksawerów","office":"Starosta Powiatu Września","case_kind":"budowa nowego/nowych obiektów budowlanych","parcel_ids":["303004_4.0600.2246/3","303004_4.0600.2246/6","303004_4.0600.400/1","303004_5.0704.159","303004_5.0704.160/1","303004_5.0704.160/2","303004_5.0704.161/1","303004_5.0704.162/3"],"location_quality":"dokładny","gunb_url":"https://wyszukiwarka.gunb.gov.pl/","parcel_count":8,"parcel_shard":"x070-y208","parcel_id":"303004_4.0600.400/1","location_source":"powiat wrzesiński (wfs)"}},{"type":"Feature","id":"ST-WK-WR/ZGŁOSZENIE/2898/2025::303004_5.0704.159","geometry":{"type":"Polygon","coordinates":[[[17.6915054789479,52.1811833939071],[17.6911851475724,52.1812657830356],[17.6908646503495,52.1813297458526],[17.6902863510263,52.1813989732497],[17.6897064576295,52.1814172200021],[17.6893377695229,52.1814280287108],[17.6891939452105,52.1814746472413],[17.6891063219733,52.1813447470551],[17.6892126877506,52.1813411347363],[17.6903077618307,52.1813049171628],[17.690392331545,52.1812962411777],[17.6906268742293,52.1812720500444],[17.6908152884382,52.181258253312],[17.6909704397634,52.1812457542742],[17.6912639704273,52.1811900118009],[17.69156130833,52.1811024139554],[17.6921637636328,52.1808580216467],[17.6923349051596,52.1807810830576],[17.6925746279788,52.1806509646739],[17.6928533163391,52.1805023971063],[17.6930390631336,52.1804071908239],[17.6934772287436,52.18017349302],[17.6936075686198,52.1801052187122],[17.6937354811545,52.1800384677565],[17.6938942002239,52.1799525345632],[17.6939278664781,52.1799333262156],[17.6941125454599,52.1798248862392],[17.694297223558,52.1797164459793],[17.6944734583747,52.1796129627138],[17.6946138124813,52.1795305477053],[17.6947376680926,52.1794641711407],[17.6948754410346,52.1794053432501],[17.6950162303151,52.1793719503115],[17.6953327771858,52.1792412764605],[17.6953952118268,52.1793504137628],[17.6952637427353,52.1793904319909],[17.6948727090785,52.1795408269606],[17.6946560538801,52.179658529809],[17.694539930583,52.1797215995751],[17.6940231778635,52.180007524119],[17.6939217163541,52.1800369103282],[17.6938094325601,52.1801004324416],[17.6936827298422,52.1801558279857],[17.6936529603208,52.1801688728968],[17.6935678427685,52.1802151188393],[17.6932821947288,52.1803673666018],[17.6930640647728,52.1804839829256],[17.692756834846,52.1806394812932],[17.6927117924737,52.1806621930284],[17.6926418071447,52.1806976024615],[17.6924543128862,52.180794520574],[17.6921600789202,52.1809402156025],[17.6916932510873,52.1811171891575],[17.6915054789479,52.1811833939071]]]},"properties":{"case_id":"ST-WK-WR/ZGŁOSZENIE/2898/2025","source_type":"zgloszenie","received_date":"2025-09-12","decision_date":null,"status":"Brak sprzeciwu","description":"Budowa sieci elektroenergetycznej nn 0,4 kV wraz z przyłączem","address":"Ksawerów","city":"Ksawerów","office":"Starosta Powiatu Września","case_kind":"budowa nowego/nowych obiektów budowlanych","parcel_ids":["303004_4.0600.2246/3","303004_4.0600.2246/6","303004_4.0600.400/1","303004_5.0704.159","303004_5.0704.160/1","303004_5.0704.160/2","303004_5.0704.161/1","303004_5.0704.162/3"],"location_quality":"dokładny","gunb_url":"https://wyszukiwarka.gunb.gov.pl/","parcel_count":8,"parcel_shard":"x070-y208","parcel_id":"303004_5.0704.159","location_source":"powiat wrzesiński (wfs)"}},{"type":"Feature","id":"ST-WK-WR/ZGŁOSZENIE/2898/2025::303004_5.0704.160/1","geometry":{"type":"Polygon","coordinates":[[[17.6893937744756,52.1801779917698],[17.6894348003932,52.1802258830191],[17.6893767242478,52.1803144398261],[17.6892742282459,52.1805669071643],[17.689171186416,52.1810023647667],[17.6891438260793,52.1812987106297],[17.6892126877506,52.1813411347363],[17.6891063219733,52.1813447470551],[17.6891251786916,52.1809581381091],[17.6892209881124,52.1805924420054],[17.6892831739993,52.1804074485759],[17.6893937744756,52.1801779917698]]]},"properties":{"case_id":"ST-WK-WR/ZGŁOSZENIE/2898/2025","source_type":"zgloszenie","received_date":"2025-09-12","decision_date":null,"status":"Brak sprzeciwu","description":"Budowa sieci elektroenergetycznej nn 0,4 kV wraz z przyłączem","address":"Ksawerów","city":"Ksawerów","office":"Starosta Powiatu Września","case_kind":"budowa nowego/nowych obiektów budowlanych","parcel_ids":["303004_4.0600.2246/3","303004_4.0600.2246/6","303004_4.0600.400/1","303004_5.0704.159","303004_5.0704.160/1","303004_5.0704.160/2","303004_5.0704.161/1","303004_5.0704.162/3"],"location_quality":"dokładny","gunb_url":"https://wyszukiwarka.gunb.gov.pl/","parcel_count":8,"parcel_shard":"x070-y208","parcel_id":"303004_5.0704.160/1","location_source":"powiat wrzesiński (wfs)"}},{"type":"Feature","id":"ST-WK-WR/ZGŁOSZENIE/2898/2025::303004_5.0704.160/2","geometry":{"type":"Polygon","coordinates":[[[17.6892126877506,52.1813411347363],[17.6891438260793,52.1812987106297],[17.689171186416,52.1810023647667],[17.6892742282459,52.1805669071643],[17.6893767242478,52.1803144398261],[17.6894348003932,52.1802258830191],[17.6897427035017,52.1805842281637],[17.6897495151041,52.1805928743725],[17.6903077618307,52.1813049171628],[17.6892126877506,52.1813411347363]]]},"properties":{"case_id":"ST-WK-WR/ZGŁOSZENIE/2898/2025","source_type":"zgloszenie","received_date":"2025-09-12","decision_date":null,"status":"Brak sprzeciwu","description":"Budowa sieci elektroenergetycznej nn 0,4 kV wraz z przyłączem","address":"Ksawerów","city":"Ksawerów","office":"Starosta Powiatu Września","case_kind":"budowa nowego/nowych obiektów budowlanych","parcel_ids":["303004_4.0600.2246/3","303004_4.0600.2246/6","303004_4.0600.400/1","303004_5.0704.159","303004_5.0704.160/1","303004_5.0704.160/2","303004_5.0704.161/1","303004_5.0704.162/3"],"location_quality":"dokładny","gunb_url":"https://wyszukiwarka.gunb.gov.pl/","parcel_count":8,"parcel_shard":"x070-y208","parcel_id":"303004_5.0704.160/2","location_source":"powiat wrzesiński (wfs)"}},{"type":"Feature","id":"ST-WK-WR/ZGŁOSZENIE/2898/2025::303004_5.0704.161/1","geometry":{"type":"Polygon","coordinates":[[[17.6895618084568,52.179938427563],[17.6895955796794,52.1799807591253],[17.6894778026708,52.1801603851848],[17.6894348003932,52.1802258830191],[17.6893937744756,52.1801779917698],[17.6895618084568,52.179938427563]]]},"properties":{"case_id":"ST-WK-WR/ZGŁOSZENIE/2898/2025","source_type":"zgloszenie","received_date":"2025-09-12","decision_date":null,"status":"Brak sprzeciwu","description":"Budowa sieci elektroenergetycznej nn 0,4 kV wraz z przyłączem","address":"Ksawerów","city":"Ksawerów","office":"Starosta Powiatu Września","case_kind":"budowa nowego/nowych obiektów budowlanych","parcel_ids":["303004_4.0600.2246/3","303004_4.0600.2246/6","303004_4.0600.400/1","303004_5.0704.159","303004_5.0704.160/1","303004_5.0704.160/2","303004_5.0704.161/1","303004_5.0704.162/3"],"location_quality":"dokładny","gunb_url":"https://wyszukiwarka.gunb.gov.pl/","parcel_count":8,"parcel_shard":"x070-y208","parcel_id":"303004_5.0704.161/1","location_source":"powiat wrzesiński (wfs)"}},{"type":"Feature","id":"ST-WK-WR/ZGŁOSZENIE/2898/2025::303004_5.0704.162/3","geometry":{"type":"Polygon","coordinates":[[[17.6896790409609,52.1798369040598],[17.6895955796794,52.1799807591253],[17.6895618084568,52.179938427563],[17.6896545454048,52.1798062810733],[17.6896790409609,52.1798369040598]]]},"properties":{"case_id":"ST-WK-WR/ZGŁOSZENIE/2898/2025","source_type":"zgloszenie","received_date":"2025-09-12","decision_date":null,"status":"Brak sprzeciwu","description":"Budowa sieci elektroenergetycznej nn 0,4 kV wraz z przyłączem","address":"Ksawerów","city":"Ksawerów","office":"Starosta Powiatu Września","case_kind":"budowa nowego/nowych obiektów budowlanych","parcel_ids":["303004_4.0600.2246/3","303004_4.0600.2246/6","303004_4.0600.400/1","303004_5.0704.159","303004_5.0704.160/1","303004_5.0704.160/2","303004_5.0704.161/1","303004_5.0704.162/3"],"location_quality":"dokładny","gunb_url":"https://wyszukiwarka.gunb.gov.pl/","parcel_count":8,"parcel_shard":"x070-y208","parcel_id":"303004_5.0704.162/3","location_source":"powiat wrzesiński (wfs)"}},{"type":"Feature","id":"ST-WK-WR/WNIOSEK/20833/2025::303004_4.0600.2246/6","geometry":{"type":"Polygon","coordinates":[[[17.6888265601194,52.1802498058291],[17.6885311899476,52.1803591271454],[17.6883844219417,52.180209272319],[17.6882648979733,52.1800942721184],[17.6885469725977,52.1799834783194],[17.6886603853205,52.1800943277171],[17.6888265601194,52.1802498058291]]]},"properties":{"case_id":"ST-WK-WR/WNIOSEK/20833/2025","source_type":"wniosek_decyzja","received_date":"2025-10-10","decision_date":"2025-10-27","status":"decyzja wydana","description":"Budowa budynku mieszkalnego jednorodzinnego","address":"Pyzdry","city":"Pyzdry","office":"Starosta Powiatu Września","case_kind":"Budynek mieszkalny jednorodzinny","parcel_ids":["303004_4.0600.2246/6"],"location_quality":"dokładny","gunb_url":"https://wyszukiwarka.gunb.gov.pl/","parcel_count":1,"parcel_shard":"x070-y208","parcel_id":"303004_4.0600.2246/6","location_source":"powiat wrzesiński (wfs)"}},{"type":"Feature","id":"ST-WK-WR/WNIOSEK/3475/2026::303004_4.0600.2247/2","geometry":{"type":"Polygon","coordinates":[[[17.6796496272323,52.1592585399904],[17.6795977499507,52.159222347443],[17.680817922873,52.1589472117958],[17.6813251042306,52.1588328195677],[17.6829549579897,52.1584635865641],[17.6827958053455,52.1581979273962],[17.6827806410603,52.1581726307725],[17.6836563194195,52.1579812942593],[17.6839151766544,52.1581446971525],[17.6839349350133,52.158178238257],[17.683848952038,52.1582022555088],[17.6839073582982,52.1582903011905],[17.6838112535341,52.1583126969563],[17.6830786179939,52.1584835506252],[17.6813501954872,52.1588750417601],[17.6796496272323,52.1592585399904]]]},"properties":{"case_id":"ST-WK-WR/WNIOSEK/3475/2026","source_type":"wniosek_decyzja","received_date":"2026-02-23","decision_date":"2026-03-26","status":"decyzja wydana","description":"Zmiana decyzji nr 193/2023 z dnia 24.04.2023 o pozwoleniu na budowe budynku mieszkalnego jednorodzinnego oraz budynku gospodarczo - garażowego","address":"Pyzdry","city":"Pyzdry","office":"Starosta Powiatu Września","case_kind":"Budynek mieszkalny jednorodzinny","parcel_ids":["303004_4.0600.2247/2"],"location_quality":"dokładny","gunb_url":"https://wyszukiwarka.gunb.gov.pl/","parcel_count":1,"parcel_shard":"x070-y208","parcel_id":"303004_4.0600.2247/2","location_source":"powiat wrzesiński (wfs)"}},{"type":"Feature","id":"ST-WK-WR/ZGŁOSZENIE/2941/2025::303004_4.0600.2252/9","geometry":{"type":"Polygon","coordinates":[[[17.6829872775374,52.1731661517889],[17.6829249203051,52.1730750274523],[17.6831929456641,52.1730032157469],[17.683494803424,52.1729222367425],[17.6835535896333,52.172857502353],[17.6836346950766,52.1729760693617],[17.6836726639354,52.1730314664125],[17.6835571616097,52.1730133607819],[17.6832954340196,52.1730835724118],[17.6829872775374,52.1731661517889]]]},"properties":{"case_id":"ST-WK-WR/ZGŁOSZENIE/2941/2025","source_type":"zgloszenie","received_date":"2025-09-16","decision_date":null,"status":"Brak sprzeciwu","description":"Budowa sieci kanalizacji sanitarnej i wodociągowej","address":"Pyzdry","city":"Pyzdry","office":"Starosta Powiatu Września","case_kind":"budowa nowego/nowych obiektów budowlanych","parcel_ids":["303004_4.0600.2252/9","303004_4.0600.405/13"],"location_quality":"dokładny","gunb_url":"https://wyszukiwarka.gunb.gov.pl/","parcel_count":2,"parcel_shard":"x070-y208","parcel_id":"303004_4.0600.2252/9","location_source":"powiat wrzesiński (wfs)"}},{"type":"Feature","id":"ST-WK-WR/ZGŁOSZENIE/2941/2025::303004_4.0600.405/13","geometry":{"type":"Polygon","coordinates":[[[17.6835382127441,52.1726273005912],[17.6836101824402,52.1727324000382],[17.6836912257727,52.1728508159207],[17.683749931536,52.1728671246776],[17.6841512936821,52.1727838733083],[17.6844018910676,52.172731932854],[17.6846524904063,52.1726800819847],[17.6849030856376,52.1726280511034],[17.6851563244594,52.1725755479185],[17.6852074065816,52.1726500814982],[17.6850412138678,52.1726844919227],[17.6847284754902,52.1727492792391],[17.684405843465,52.1728162181617],[17.6840832092666,52.1728830667137],[17.6838008881337,52.1729416600291],[17.6836346950766,52.1729760693617],[17.6835535896333,52.172857502353],[17.6834541918514,52.1727124418746],[17.6834134951174,52.172653085493],[17.6835382127441,52.1726273005912]]]},"properties":{"case_id":"ST-WK-WR/ZGŁOSZENIE/2941/2025","source_type":"zgloszenie","received_date":"2025-09-16","decision_date":null,"status":"Brak sprzeciwu","description":"Budowa sieci kanalizacji sanitarnej i wodociągowej","address":"Pyzdry","city":"Pyzdry","office":"Starosta Powiatu Września","case_kind":"budowa nowego/nowych obiektów budowlanych","parcel_ids":["303004_4.0600.2252/9","303004_4.0600.405/13"],"location_quality":"dokładny","gunb_url":"https://wyszukiwarka.gunb.gov.pl/","parcel_count":2,"parcel_shard":"x070-y208","parcel_id":"303004_4.0600.405/13","location_source":"powiat wrzesiński (wfs)"}},{"type":"Feature","id":"ST-WK-WR/WNIOSEK/12796/2026::303004_4.0600.263/1","geometry":{"type":"Polygon","coordinates":[[[17.6768568911139,52.1849524984624],[17.6761349356462,52.1842155860985],[17.6759539087712,52.1839952473043],[17.6755171943615,52.1834671818121],[17.6751432722807,52.1829907721702],[17.6754048022097,52.182914845581],[17.6757706745571,52.1833705527595],[17.6763595221503,52.1840846940227],[17.6770377364605,52.1848049952015],[17.6768568911139,52.1849524984624]]]},"properties":{"case_id":"ST-WK-WR/WNIOSEK/12796/2026","source_type":"wniosek_decyzja","received_date":"2026-07-05","decision_date":"2026-07-17","status":"decyzja wydana","description":"Zmiana decyzji nr 544/2025 z dn. 05.11.2025 r. o pozwoleniu na budowę budynku produkcyjno-magazynowego z częścią socjalną wraz z infrastrukturą towarzyszącą","address":"Pyzdry","city":"Pyzdry","office":"Starosta Powiatu Września","case_kind":"Obiekt budowlany inny niż budynek mieszkalny jednorodzinny","parcel_ids":["303004_4.0600.263/1","303004_4.0600.266/1","303004_4.0600.268/1"],"location_quality":"dokładny","gunb_url":"https://wyszukiwarka.gunb.gov.pl/","parcel_count":3,"parcel_shard":"x070-y208","parcel_id":"303004_4.0600.263/1","location_source":"powiat wrzesiński (wfs)"}},{"type":"Feature","id":"ST-WK-WR/WNIOSEK/12796/2026::303004_4.0600.266/1","geometry":{"type":"Polygon","coordinates":[[[17.6770377364605,52.1848049952015],[17.6763595221503,52.1840846940227],[17.6757706745571,52.1833705527595],[17.6754048022097,52.182914845581],[17.6752752782127,52.1827536881586],[17.6751984765357,52.1826594692542],[17.6748975366784,52.1822024191988],[17.6750539682386,52.1821645620464],[17.6753503369656,52.1826270816909],[17.6759135127069,52.1833168264762],[17.6761491770697,52.1836037352404],[17.6764838365157,52.1840112617327],[17.6771453708558,52.1847125048389],[17.6770377364605,52.1848049952015]]]},"properties":{"case_id":"ST-WK-WR/WNIOSEK/12796/2026","source_type":"wniosek_decyzja","received_date":"2026-07-05","decision_date":"2026-07-17","status":"decyzja wydana","description":"Zmiana decyzji nr 544/2025 z dn. 05.11.2025 r. o pozwoleniu na budowę budynku produkcyjno-magazynowego z częścią socjalną wraz z infrastrukturą towarzyszącą","address":"Pyzdry","city":"Pyzdry","office":"Starosta Powiatu Września","case_kind":"Obiekt budowlany inny niż budynek mieszkalny jednorodzinny","parcel_ids":["303004_4.0600.263/1","303004_4.0600.266/1","303004_4.0600.268/1"],"location_quality":"dokładny","gunb_url":"https://wyszukiwarka.gunb.gov.pl/","parcel_count":3,"parcel_shard":"x070-y208","parcel_id":"303004_4.0600.266/1","location_source":"powiat wrzesiński (wfs)"}},{"type":"Feature","id":"ST-WK-WR/WNIOSEK/12796/2026::303004_4.0600.268/1","geometry":{"type":"Polygon","coordinates":[[[17.6771453708558,52.1847125048389],[17.6764838365157,52.1840112617327],[17.6761491770697,52.1836037352404],[17.6762143908409,52.1835835118908],[17.6765481819133,52.1839898674036],[17.6771934647928,52.1846738989807],[17.6771453708558,52.1847125048389]]]},"properties":{"case_id":"ST-WK-WR/WNIOSEK/12796/2026","source_type":"wniosek_decyzja","received_date":"2026-07-05","decision_date":"2026-07-17","status":"decyzja wydana","description":"Zmiana decyzji nr 544/2025 z dn. 05.11.2025 r. o pozwoleniu na budowę budynku produkcyjno-magazynowego z częścią socjalną wraz z infrastrukturą towarzyszącą","address":"Pyzdry","city":"Pyzdry","office":"Starosta Powiatu Września","case_kind":"Obiekt budowlany inny niż budynek mieszkalny jednorodzinny","parcel_ids":["303004_4.0600.263/1","303004_4.0600.266/1","303004_4.0600.268/1"],"location_quality":"dokładny","gunb_url":"https://wyszukiwarka.gunb.gov.pl/","parcel_count":3,"parcel_shard":"x070-y208","parcel_id":"303004_4.0600.268/1","location_source":"powiat wrzesiński (wfs)"}},{"type":"Feature","id":"ST-WK-WR/WNIOSEK/18766/2025::303004_4.0600.268/1","geometry":{"type":"Polygon","coordinates":[[[17.6771453708558,52.1847125048389],[17.6764838365157,52.1840112617327],[17.6761491770697,52.1836037352404],[17.6762143908409,52.1835835118908],[17.6765481819133,52.1839898674036],[17.6771934647928,52.1846738989807],[17.6771453708558,52.1847125048389]]]},"properties":{"case_id":"ST-WK-WR/WNIOSEK/18766/2025","source_type":"wniosek_decyzja","received_date":"2025-09-12","decision_date":"2025-11-05","status":"decyzja wydana","description":"Budowa budynku produkcyjno - magazynowego","address":"Pyzdry","city":"Pyzdry","office":"Starosta Powiatu Września","case_kind":"Obiekt budowlany inny niż budynek mieszkalny jednorodzinny","parcel_ids":["303004_4.0600.268/1"],"location_quality":"dokładny","gunb_url":"https://wyszukiwarka.gunb.gov.pl/","parcel_count":1,"parcel_shard":"x070-y208","parcel_id":"303004_4.0600.268/1","location_source":"powiat wrzesiński (wfs)"}},{"type":"Feature","id":"ST-WK-WR/ZGŁOSZENIE/2339/2026::303004_4.0600.409/4","geometry":{"type":"Polygon","coordinates":[[[17.6836676537164,52.1759877307359],[17.6836922336489,52.1759815012989],[17.6840508040999,52.1765030364695],[17.6840361581882,52.1765067721314],[17.6836164019566,52.1766118468975],[17.6832502295836,52.1760923364035],[17.6836676537164,52.1759877307359]]]},"properties":{"case_id":"ST-WK-WR/ZGŁOSZENIE/2339/2026","source_type":"zgloszenie","received_date":"2026-07-17","decision_date":null,"status":"Brak sprzeciwu","description":"Budowa sieci elektroenergetycznej kablowej SN 15kV wraz z rozbiórka odcinka sieci elektroenergetycznej napowietrznej SN 15kV","address":"Pyzdry","city":"Pyzdry","office":"Starosta Powiatu Września","case_kind":"budowa nowego/nowych obiektów budowlanych","parcel_ids":["303004_4.0600.409/4","303004_4.0600.409/6","303004_4.0600.412/1","303004_4.0600.414/1","303004_4.0600.415"],"location_quality":"dokładny","gunb_url":"https://wyszukiwarka.gunb.gov.pl/","parcel_count":5,"parcel_shard":"x070-y208","parcel_id":"303004_4.0600.409/4","location_source":"powiat wrzesiński (wfs)"}},{"type":"Feature","id":"ST-WK-WR/ZGŁOSZENIE/2339/2026::303004_4.0600.409/6","geometry":{"type":"Polygon","coordinates":[[[17.6844004487331,52.1769555473322],[17.6840973914663,52.1772941596481],[17.6836164019566,52.1766118468975],[17.6840361581882,52.1765067721314],[17.6840899926434,52.1765843912742],[17.6841212855161,52.1766246506017],[17.6841998388546,52.1767006281849],[17.6842896637625,52.1767952406572],[17.6844004487331,52.1769555473322]]]},"properties":{"case_id":"ST-WK-WR/ZGŁOSZENIE/2339/2026","source_type":"zgloszenie","received_date":"2026-07-17","decision_date":null,"status":"Brak sprzeciwu","description":"Budowa sieci elektroenergetycznej kablowej SN 15kV wraz z rozbiórka odcinka sieci elektroenergetycznej napowietrznej SN 15kV","address":"Pyzdry","city":"Pyzdry","office":"Starosta Powiatu Września","case_kind":"budowa nowego/nowych obiektów budowlanych","parcel_ids":["303004_4.0600.409/4","303004_4.0600.409/6","303004_4.0600.412/1","303004_4.0600.414/1","303004_4.0600.415"],"location_quality":"dokładny","gunb_url":"https://wyszukiwarka.gunb.gov.pl/","parcel_count":5,"parcel_shard":"x070-y208","parcel_id":"303004_4.0600.409/6","location_source":"powiat wrzesiński (wfs)"}},{"type":"Feature","id":"ST-WK-WR/ZGŁOSZENIE/2339/2026::303004_4.0600.412/1","geometry":{"type":"Polygon","coordinates":[[[17.6831089754016,52.1767390662462],[17.682827155087,52.1763676065651],[17.6827163420897,52.1762260717535],[17.6832502295836,52.1760923364035],[17.6836164019566,52.1766118468975],[17.6831089754016,52.1767390662462]]]},"properties":{"case_id":"ST-WK-WR/ZGŁOSZENIE/2339/2026","source_type":"zgloszenie","received_date":"2026-07-17","decision_date":null,"status":"Brak sprzeciwu","description":"Budowa sieci elektroenergetycznej kablowej SN 15kV wraz z rozbiórka odcinka sieci elektroenergetycznej napowietrznej SN 15kV","address":"Pyzdry","city":"Pyzdry","office":"Starosta Powiatu Września","case_kind":"budowa nowego/nowych obiektów budowlanych","parcel_ids":["303004_4.0600.409/4","303004_4.0600.409/6","303004_4.0600.412/1","303004_4.0600.414/1","303004_4.0600.415"],"location_quality":"dokładny","gunb_url":"https://wyszukiwarka.gunb.gov.pl/","parcel_count":5,"parcel_shard":"x070-y208","parcel_id":"303004_4.0600.412/1","location_source":"powiat wrzesiński (wfs)"}},{"type":"Feature","id":"ST-WK-WR/ZGŁOSZENIE/2339/2026::303004_4.0600.414/1","geometry":{"type":"Polygon","coordinates":[[[17.6831089754016,52.1767390662462],[17.6828216032469,52.1768110763646],[17.6825530150828,52.1764525589179],[17.6822896735312,52.1760509155011],[17.6817664893638,52.175252991367],[17.6820276911193,52.1751807960784],[17.6827163420897,52.1762260717535],[17.682827155087,52.1763676065651],[17.6831089754016,52.1767390662462]]]},"properties":{"case_id":"ST-WK-WR/ZGŁOSZENIE/2339/2026","source_type":"zgloszenie","received_date":"2026-07-17","decision_date":null,"status":"Brak sprzeciwu","description":"Budowa sieci elektroenergetycznej kablowej SN 15kV wraz z rozbiórka odcinka sieci elektroenergetycznej napowietrznej SN 15kV","address":"Pyzdry","city":"Pyzdry","office":"Starosta Powiatu Września","case_kind":"budowa nowego/nowych obiektów budowlanych","parcel_ids":["303004_4.0600.409/4","303004_4.0600.409/6","303004_4.0600.412/1","303004_4.0600.414/1","303004_4.0600.415"],"location_quality":"dokładny","gunb_url":"https://wyszukiwarka.gunb.gov.pl/","parcel_count":5,"parcel_shard":"x070-y208","parcel_id":"303004_4.0600.414/1","location_source":"powiat wrzesiński (wfs)"}},{"type":"Feature","id":"ST-WK-WR/ZGŁOSZENIE/2339/2026::303004_4.0600.415","geometry":{"type":"Polygon","coordinates":[[[17.6834484546625,52.1780503172957],[17.6833311102953,52.1779241212223],[17.6828143647999,52.1772641333581],[17.6823896871117,52.1766790462692],[17.6818630058426,52.1758756675784],[17.6815038876542,52.1753242681469],[17.6817664893638,52.175252991367],[17.6822896735312,52.1760509155011],[17.6825530150828,52.1764525589179],[17.6828216032469,52.1768110763646],[17.6831905993853,52.1773034390111],[17.683621391489,52.1778414548229],[17.6834484546625,52.1780503172957]]]},"properties":{"case_id":"ST-WK-WR/ZGŁOSZENIE/2339/2026","source_type":"zgloszenie","received_date":"2026-07-17","decision_date":null,"status":"Brak sprzeciwu","description":"Budowa sieci elektroenergetycznej kablowej SN 15kV wraz z rozbiórka odcinka sieci elektroenergetycznej napowietrznej SN 15kV","address":"Pyzdry","city":"Pyzdry","office":"Starosta Powiatu Września","case_kind":"budowa nowego/nowych obiektów budowlanych","parcel_ids":["303004_4.0600.409/4","303004_4.0600.409/6","303004_4.0600.412/1","303004_4.0600.414/1","303004_4.0600.415"],"location_quality":"dokładny","gunb_url":"https://wyszukiwarka.gunb.gov.pl/","parcel_count":5,"parcel_shard":"x070-y208","parcel_id":"303004_4.0600.415","location_source":"powiat wrzesiński (wfs)"}},{"type":"Feature","id":"ST-WK-WR/WNIOSEK/2669/2026::303004_4.0600.618/1","geometry":{"type":"Polygon","coordinates":[[[17.6914716705247,52.1718064971041],[17.6910147452477,52.1719498254943],[17.6909747431118,52.1718791663128],[17.6908285978256,52.1719164423966],[17.6907921343986,52.1719257840499],[17.6907128192128,52.1718117004304],[17.6907078978311,52.1718046770266],[17.6911084821341,52.1716873027099],[17.6912904268504,52.1716133717973],[17.6914092169273,52.1717393596167],[17.6914716705247,52.1718064971041]]]},"properties":{"case_id":"ST-WK-WR/WNIOSEK/2669/2026","source_type":"wniosek_decyzja","received_date":"2026-02-12","decision_date":"2026-03-12","status":"decyzja wydana","description":"Budowa zewnętrznej i wewnętrznej instalacji gazowej w budynku mieszkalnym jednorodzinnym","address":"Pyzdry","city":"Pyzdry","office":"Starosta Powiatu Września","case_kind":"Budynek mieszkalny jednorodzinny","parcel_ids":["303004_4.0600.618/1"],"location_quality":"dokładny","gunb_url":"https://wyszukiwarka.gunb.gov.pl/","parcel_count":1,"parcel_shard":"x070-y208","parcel_id":"303004_4.0600.618/1","location_source":"powiat wrzesiński (wfs)"}},{"type":"Feature","id":"ST-WK-WR/WNIOSEK/3081/2026::303004_4.0600.869","geometry":{"type":"Polygon","coordinates":[[[17.6872763392244,52.1700862760633],[17.6874407717581,52.1700518800326],[17.6876018564945,52.1700181417418],[17.6877367494467,52.1699899308621],[17.6877819167869,52.1700855560084],[17.6875434473878,52.1701307149327],[17.6873130461639,52.1701701058712],[17.6872763392244,52.1700862760633]]]},"properties":{"case_id":"ST-WK-WR/WNIOSEK/3081/2026","source_type":"wniosek_decyzja","received_date":"2026-02-17","decision_date":"2026-07-21","status":"decyzja wydana","description":"Rozbudowa i przebudowa budynku mieszkalnego jednorodzinnego","address":"Pyzdry","city":"Pyzdry","office":"Starosta Powiatu Września","case_kind":"Budynek mieszkalny jednorodzinny","parcel_ids":["303004_4.0600.869"],"location_quality":"dokładny","gunb_url":"https://wyszukiwarka.gunb.gov.pl/","parcel_count":1,"parcel_shard":"x070-y208","parcel_id":"303004_4.0600.869","location_source":"powiat wrzesiński (wfs)"}},{"type":"Feature","id":"ST-WK-WR/WNIOSEK/25177/2025::303004_4.0600.954","geometry":{"type":"Polygon","coordinates":[[[17.6884872861693,52.1683496868659],[17.6885364376879,52.168459927986],[17.6885330902885,52.1684605859826],[17.6885334400684,52.1684631001006],[17.6885370798069,52.1684624395954],[17.6885378352585,52.1684635118784],[17.6885420813038,52.1684766004148],[17.6885401893838,52.1684769762343],[17.6885417023349,52.1684792106841],[17.6885433039777,52.168478927257],[17.688550876517,52.1684968417186],[17.6885479655547,52.1684974060731],[17.6885488938576,52.1684996455404],[17.6885518048201,52.1684990811769],[17.6885550836406,52.1685082225721],[17.6885568556806,52.1685153991509],[17.688554379095,52.1685157799883],[17.6885553115078,52.168518199214],[17.688559097413,52.1685175374491],[17.6885658140012,52.1685299755591],[17.6885727602088,52.1685588629536],[17.6884945444099,52.1685779629313],[17.6883971004049,52.1686001044781],[17.6883369966931,52.1684776405555],[17.6882908170263,52.1683881584023],[17.6882902460489,52.1683870438319],[17.6884522064554,52.1683563704712],[17.6884872861693,52.1683496868659]]]},"properties":{"case_id":"ST-WK-WR/WNIOSEK/25177/2025","source_type":"wniosek_decyzja","received_date":"2025-12-10","decision_date":"2025-12-19","status":"decyzja wydana","description":"Budowa instalacji gazowej wewnątrz i na zewnątrz budynku mieszkalnego jednorodzinnego","address":"Pyzdry","city":"Pyzdry","office":"Starosta Powiatu Września","case_kind":"Budynek mieszkalny jednorodzinny","parcel_ids":["303004_4.0600.954"],"location_quality":"dokładny","gunb_url":"https://wyszukiwarka.gunb.gov.pl/","parcel_count":1,"parcel_shard":"x070-y208","parcel_id":"303004_4.0600.954","location_source":"powiat wrzesiński (wfs)"}},{"type":"Feature","id":"ST-WK-WR/WNIOSEK/7567/2026::303004_5.0703.234","geometry":{"type":"Polygon","coordinates":[[[17.7260785748182,52.1079363962578],[17.7287153420747,52.1060238532836],[17.7297012368282,52.1052450000443],[17.7307232844912,52.1056468527964],[17.7309688385509,52.105752078354],[17.7312527471946,52.1058617242853],[17.7283987058597,52.1081142611999],[17.7279442164371,52.1080678546985],[17.7276005837224,52.1079847948649],[17.7263881037551,52.1079682764626],[17.7260785748182,52.1079363962578]]]},"properties":{"case_id":"ST-WK-WR/WNIOSEK/7567/2026","source_type":"wniosek_decyzja","received_date":"2026-04-21","decision_date":"2026-06-17","status":"decyzja wydana","description":"Rozbiórka budynku mieszkalnego","address":"Ciemierów-Kolonia","city":"Ciemierów-Kolonia","office":"Starosta Powiatu Września","case_kind":"Budynek mieszkalny jednorodzinny","parcel_ids":["303004_5.0703.234"],"location_quality":"dokładny","gunb_url":"https://wyszukiwarka.gunb.gov.pl/","parcel_count":1,"parcel_shard":"x070-y208","parcel_id":"303004_5.0703.234","location_source":"powiat wrzesiński (wfs)"}},{"type":"Feature","id":"ST-WK-WR/WNIOSEK/12532/2026::303004_5.0704.149/6","geometry":{"type":"Polygon","coordinates":[[[17.6913599431012,52.181825282064],[17.6911854112473,52.1816076799514],[17.6917102400162,52.1814485301782],[17.6918793541555,52.1816675554197],[17.6913599431012,52.181825282064]]]},"properties":{"case_id":"ST-WK-WR/WNIOSEK/12532/2026","source_type":"wniosek_decyzja","received_date":"2026-06-29","decision_date":"2026-07-30","status":"decyzja wydana","description":"Budowa budynku mieszkalnego jednorodzinnego","address":"Dłusk","city":"Dłusk","office":"Starosta Powiatu Września","case_kind":"Budynek mieszkalny jednorodzinny","parcel_ids":["303004_5.0704.149/6"],"location_quality":"dokładny","gunb_url":"https://wyszukiwarka.gunb.gov.pl/","parcel_count":1,"parcel_shard":"x070-y208","parcel_id":"303004_5.0704.149/6","location_source":"powiat wrzesiński (wfs)"}},{"type":"Feature","id":"ST-WK-WR/WNIOSEK/3716/2026::303004_5.0704.155/12","geometry":{"type":"Polygon","coordinates":[[[17.6945498526951,52.1813335915003],[17.6943182272577,52.1810391801957],[17.6946190045289,52.1809501708564],[17.6948605938932,52.1812416413658],[17.6945498526951,52.1813335915003]]]},"properties":{"case_id":"ST-WK-WR/WNIOSEK/3716/2026","source_type":"wniosek_decyzja","received_date":"2026-02-24","decision_date":"2026-04-01","status":"decyzja wydana","description":"Budowa budynku mieszkalnego jednorodzinnego","address":"Dłusk","city":"Dłusk","office":"Starosta Powiatu Września","case_kind":"Budynek mieszkalny jednorodzinny","parcel_ids":["303004_5.0704.155/12"],"location_quality":"dokładny","gunb_url":"https://wyszukiwarka.gunb.gov.pl/","parcel_count":1,"parcel_shard":"x070-y208","parcel_id":"303004_5.0704.155/12","location_source":"powiat wrzesiński (wfs)"}},{"type":"Feature","id":"ST-WK-WR/ZGŁOSZENIE/4103/2025::303004_5.0704.155/6","geometry":{"type":"Polygon","coordinates":[[[17.6939012672615,52.1811627601065],[17.6936705353466,52.180866732029],[17.6939935822852,52.1807710412409],[17.6942260740345,52.181066533982],[17.6939012672615,52.1811627601065]]]},"properties":{"case_id":"ST-WK-WR/ZGŁOSZENIE/4103/2025","source_type":"zgloszenie","received_date":"2025-12-23","decision_date":null,"status":"Brak sprzeciwu","description":"Budowa sieci elektroenergetycznej kablowej nn 0,4kV oraz budowa przyłącza kablowego","address":"Dłusk","city":"Dłusk","office":"Starosta Powiatu Września","case_kind":"budowa nowego/nowych obiektów budowlanych","parcel_ids":["303004_5.0704.155/6","303004_5.0704.155/8","303004_5.0704.155/9","303004_5.0704.158","303004_5.0704.159"],"location_quality":"dokładny","gunb_url":"https://wyszukiwarka.gunb.gov.pl/","parcel_count":5,"parcel_shard":"x070-y208","parcel_id":"303004_5.0704.155/6","location_source":"powiat wrzesiński (wfs)"}},{"type":"Feature","id":"ST-WK-WR/ZGŁOSZENIE/4103/2025::303004_5.0704.155/8","geometry":{"type":"Polygon","coordinates":[[[17.6938539278508,52.1805831033883],[17.6939244882225,52.1805489530217],[17.6939303561677,52.1805460921449],[17.6940857350388,52.1807436876341],[17.6943182272577,52.1810391801957],[17.6945498526951,52.1813335915003],[17.6947620565977,52.1816035052547],[17.6948141527623,52.181618290142],[17.6948902486185,52.1817154653832],[17.6948112802229,52.1817388990836],[17.6947321661508,52.1817622424762],[17.6946560705602,52.1816650671342],[17.6946699030931,52.1816307695072],[17.6944575527963,52.1813609450868],[17.6942260740345,52.181066533982],[17.6939935822852,52.1807710412409],[17.6938480598958,52.1805859642613],[17.6938539278508,52.1805831033883]]]},"properties":{"case_id":"ST-WK-WR/ZGŁOSZENIE/4103/2025","source_type":"zgloszenie","received_date":"2025-12-23","decision_date":null,"status":"Brak sprzeciwu","description":"Budowa sieci elektroenergetycznej kablowej nn 0,4kV oraz budowa przyłącza kablowego","address":"Dłusk","city":"Dłusk","office":"Starosta Powiatu Września","case_kind":"budowa nowego/nowych obiektów budowlanych","parcel_ids":["303004_5.0704.155/6","303004_5.0704.155/8","303004_5.0704.155/9","303004_5.0704.158","303004_5.0704.159"],"location_quality":"dokładny","gunb_url":"https://wyszukiwarka.gunb.gov.pl/","parcel_count":5,"parcel_shard":"x070-y208","parcel_id":"303004_5.0704.155/8","location_source":"powiat wrzesiński (wfs)"}},{"type":"Feature","id":"ST-WK-WR/ZGŁOSZENIE/4103/2025::303004_5.0704.155/9","geometry":{"type":"Polygon","coordinates":[[[17.6938539278508,52.1805831033883],[17.6938418983539,52.180567703021],[17.6935678427685,52.1802151188393],[17.6936529603208,52.1801688728968],[17.6936827298422,52.1801558279857],[17.6936615928501,52.1802105088689],[17.6939244882225,52.1805489530217],[17.6938539278508,52.1805831033883]]]},"properties":{"case_id":"ST-WK-WR/ZGŁOSZENIE/4103/2025","source_type":"zgloszenie","received_date":"2025-12-23","decision_date":null,"status":"Brak sprzeciwu","description":"Budowa sieci elektroenergetycznej kablowej nn 0,4kV oraz budowa przyłącza kablowego","address":"Dłusk","city":"Dłusk","office":"Starosta Powiatu Września","case_kind":"budowa nowego/nowych obiektów budowlanych","parcel_ids":["303004_5.0704.155/6","303004_5.0704.155/8","303004_5.0704.155/9","303004_5.0704.158","303004_5.0704.159"],"location_quality":"dokładny","gunb_url":"https://wyszukiwarka.gunb.gov.pl/","parcel_count":5,"parcel_shard":"x070-y208","parcel_id":"303004_5.0704.155/9","location_source":"powiat wrzesiński (wfs)"}},{"type":"Feature","id":"ST-WK-WR/ZGŁOSZENIE/4103/2025::303004_5.0704.158","geometry":{"type":"Polygon","coordinates":[[[17.6953137618327,52.1817886420045],[17.6951020402021,52.1815331109932],[17.6948605938932,52.1812416413658],[17.6946190045289,52.1809501708564],[17.6943765490939,52.1806575291761],[17.6942108053354,52.1804574804973],[17.6940626488245,52.180230154241],[17.6940475151067,52.1801983880312],[17.6939920574927,52.1800984795244],[17.6939217163541,52.1800369103282],[17.6940231778635,52.180007524119],[17.6941054431287,52.1802078531058],[17.6941576437655,52.1802940810027],[17.6942509278541,52.1804459069484],[17.6953522676737,52.1817740886293],[17.6962056336387,52.1827677592415],[17.6971949670956,52.18380037242],[17.697930792414,52.1845776521602],[17.6982930922904,52.1850420373315],[17.6983016127467,52.185052483089],[17.6986011419174,52.1854196912564],[17.6989393732781,52.1858483751663],[17.6991705886252,52.1861177863879],[17.6997852659639,52.1868164704547],[17.6996205913663,52.1868548442035],[17.6996883789809,52.1867626582621],[17.6991319710034,52.1861301664594],[17.6988998037257,52.1858599930846],[17.6985622281729,52.1854321662859],[17.6982617355487,52.1850648712239],[17.6982348984374,52.1850329269406],[17.6981788894627,52.184966259772],[17.6978933034791,52.1845917307883],[17.6971566785527,52.1838135291852],[17.6961669964707,52.1827808495742],[17.6953137618327,52.1817886420045]]]},"properties":{"case_id":"ST-WK-WR/ZGŁOSZENIE/4103/2025","source_type":"zgloszenie","received_date":"2025-12-23","decision_date":null,"status":"Brak sprzeciwu","description":"Budowa sieci elektroenergetycznej kablowej nn 0,4kV oraz budowa przyłącza kablowego","address":"Dłusk","city":"Dłusk","office":"Starosta Powiatu Września","case_kind":"budowa nowego/nowych obiektów budowlanych","parcel_ids":["303004_5.0704.155/6","303004_5.0704.155/8","303004_5.0704.155/9","303004_5.0704.158","303004_5.0704.159"],"location_quality":"dokładny","gunb_url":"https://wyszukiwarka.gunb.gov.pl/","parcel_count":5,"parcel_shard":"x070-y208","parcel_id":"303004_5.0704.158","location_source":"powiat wrzesiński (wfs)"}},{"type":"Feature","id":"ST-WK-WR/ZGŁOSZENIE/4103/2025::303004_5.0704.159","geometry":{"type":"Polygon","coordinates":[[[17.6915054789479,52.1811833939071],[17.6911851475724,52.1812657830356],[17.6908646503495,52.1813297458526],[17.6902863510263,52.1813989732497],[17.6897064576295,52.1814172200021],[17.6893377695229,52.1814280287108],[17.6891939452105,52.1814746472413],[17.6891063219733,52.1813447470551],[17.6892126877506,52.1813411347363],[17.6903077618307,52.1813049171628],[17.690392331545,52.1812962411777],[17.6906268742293,52.1812720500444],[17.6908152884382,52.181258253312],[17.6909704397634,52.1812457542742],[17.6912639704273,52.1811900118009],[17.69156130833,52.1811024139554],[17.6921637636328,52.1808580216467],[17.6923349051596,52.1807810830576],[17.6925746279788,52.1806509646739],[17.6928533163391,52.1805023971063],[17.6930390631336,52.1804071908239],[17.6934772287436,52.18017349302],[17.6936075686198,52.1801052187122],[17.6937354811545,52.1800384677565],[17.6938942002239,52.1799525345632],[17.6939278664781,52.1799333262156],[17.6941125454599,52.1798248862392],[17.694297223558,52.1797164459793],[17.6944734583747,52.1796129627138],[17.6946138124813,52.1795305477053],[17.6947376680926,52.1794641711407],[17.6948754410346,52.1794053432501],[17.6950162303151,52.1793719503115],[17.6953327771858,52.1792412764605],[17.6953952118268,52.1793504137628],[17.6952637427353,52.1793904319909],[17.6948727090785,52.1795408269606],[17.6946560538801,52.179658529809],[17.694539930583,52.1797215995751],[17.6940231778635,52.180007524119],[17.6939217163541,52.1800369103282],[17.6938094325601,52.1801004324416],[17.6936827298422,52.1801558279857],[17.6936529603208,52.1801688728968],[17.6935678427685,52.1802151188393],[17.6932821947288,52.1803673666018],[17.6930640647728,52.1804839829256],[17.692756834846,52.1806394812932],[17.6927117924737,52.1806621930284],[17.6926418071447,52.1806976024615],[17.6924543128862,52.180794520574],[17.6921600789202,52.1809402156025],[17.6916932510873,52.1811171891575],[17.6915054789479,52.1811833939071]]]},"properties":{"case_id":"ST-WK-WR/ZGŁOSZENIE/4103/2025","source_type":"zgloszenie","received_date":"2025-12-23","decision_date":null,"status":"Brak sprzeciwu","description":"Budowa sieci elektroenergetycznej kablowej nn 0,4kV oraz budowa przyłącza kablowego","address":"Dłusk","city":"Dłusk","office":"Starosta Powiatu Września","case_kind":"budowa nowego/nowych obiektów budowlanych","parcel_ids":["303004_5.0704.155/6","303004_5.0704.155/8","303004_5.0704.155/9","303004_5.0704.158","303004_5.0704.159"],"location_quality":"dokładny","gunb_url":"https://wyszukiwarka.gunb.gov.pl/","parcel_count":5,"parcel_shard":"x070-y208","parcel_id":"303004_5.0704.159","location_source":"powiat wrzesiński (wfs)"}},{"type":"Feature","id":"ST-WK-WR/WNIOSEK/20830/2025::303004_5.0704.263/2","geometry":{"type":"Polygon","coordinates":[[[17.6971817719146,52.1777185579234],[17.697382278056,52.1777373892981],[17.6974613875029,52.1778569685379],[17.6975474729023,52.1780164015836],[17.6975678674598,52.178044008266],[17.697094845995,52.1780968115691],[17.6971254264585,52.1782007891821],[17.6971823272506,52.1783256860643],[17.6973122027827,52.178490676036],[17.6972625079063,52.1785102318422],[17.6971274157743,52.1783383976883],[17.6970683283598,52.1782088787196],[17.6970108761094,52.1780143892613],[17.6969338492655,52.1776281330976],[17.6971817719146,52.1777185579234]]]},"properties":{"case_id":"ST-WK-WR/WNIOSEK/20830/2025","source_type":"wniosek_decyzja","received_date":"2025-10-09","decision_date":"2025-11-06","status":"decyzja wydana","description":"Budowa budynku mieszkalnego jednorodzinnego","address":"Dłusk","city":"Dłusk","office":"Starosta Powiatu Września","case_kind":"Budynek mieszkalny jednorodzinny","parcel_ids":["303004_5.0704.263/2"],"location_quality":"dokładny","gunb_url":"https://wyszukiwarka.gunb.gov.pl/","parcel_count":1,"parcel_shard":"x070-y208","parcel_id":"303004_5.0704.263/2","location_source":"powiat wrzesiński (wfs)"}},{"type":"Feature","id":"ST-WK-WR/WNIOSEK/1796/2026::303004_5.0705.589","geometry":{"type":"Polygon","coordinates":[[[17.7143200582647,52.1175344909411],[17.7137482473911,52.1174541904878],[17.7138229493002,52.1171885096695],[17.7135396984265,52.1171445901094],[17.7124545105435,52.1169827141128],[17.7126991340403,52.1165983624378],[17.7129074343599,52.1161634923231],[17.7128704756655,52.1156761580449],[17.7129019827766,52.1155262446359],[17.7129593521924,52.1154164228491],[17.7130213610893,52.1152999508032],[17.7135483381596,52.1153639276745],[17.7141839538892,52.115439170837],[17.7144420622153,52.115509272669],[17.7148284908723,52.1157411070875],[17.7148104198964,52.116033439892],[17.7148710592869,52.1165433886394],[17.7145916551326,52.1173312752334],[17.7145218879184,52.1174301690432],[17.7143200582647,52.1175344909411]]]},"properties":{"case_id":"ST-WK-WR/WNIOSEK/1796/2026","source_type":"wniosek_decyzja","received_date":"2026-01-30","decision_date":"2026-03-06","status":"decyzja wydana","description":"Dobudowa budynku gospodarczo-magazynowego do budynku gospodarczego","address":"Dolne Grądy","city":"Dolne Grądy","office":"Starosta Powiatu Września","case_kind":"Obiekt budowlany inny niż budynek mieszkalny jednorodzinny","parcel_ids":["303004_5.0705.589"],"location_quality":"dokładny","gunb_url":"https://wyszukiwarka.gunb.gov.pl/","parcel_count":1,"parcel_shard":"x070-y208","parcel_id":"303004_5.0705.589","location_source":"powiat wrzesiński (wfs)"}},{"type":"Feature","id":"ST-WK-WR/WNIOSEK/9226/2026::303004_5.0706.137/9","geometry":{"type":"Polygon","coordinates":[[[17.740311365787,52.1108743400316],[17.7403163386142,52.1108206016561],[17.7409069381832,52.110702183589],[17.7408024656315,52.1104924458704],[17.7413671716004,52.1103807977389],[17.7414863597779,52.1103686557953],[17.7415691171883,52.1107494750651],[17.741192396013,52.1108163277446],[17.7411414629773,52.1107131246509],[17.7409327695982,52.110753741052],[17.740311365787,52.1108743400316]]]},"properties":{"case_id":"ST-WK-WR/WNIOSEK/9226/2026","source_type":"wniosek_decyzja","received_date":"2026-05-15","decision_date":"2026-06-24","status":"decyzja wydana","description":"Budowa budynku mieszkalnego jednorodzinnego wraz ze zbiornikiem b/o o poj. 10 m3 i niezbędną infrastrukturą techniczną","address":"Górne Grądy","city":"Górne Grądy","office":"Starosta Powiatu Września","case_kind":"Budynek mieszkalny jednorodzinny","parcel_ids":["303004_5.0706.137/9"],"location_quality":"dokładny","gunb_url":"https://wyszukiwarka.gunb.gov.pl/","parcel_count":1,"parcel_shard":"x070-y208","parcel_id":"303004_5.0706.137/9","location_source":"powiat wrzesiński (wfs)"}},{"type":"Feature","id":"ST-WK-WR/WNIOSEK/7872/2026::303004_5.0706.232/4","geometry":{"type":"Polygon","coordinates":[[[17.7454887024585,52.1021263686663],[17.7453498676725,52.1010306211923],[17.7457136641838,52.1010137900392],[17.7458420676123,52.1020718552134],[17.7456141760557,52.102108483852],[17.7454887024585,52.1021263686663]]]},"properties":{"case_id":"ST-WK-WR/WNIOSEK/7872/2026","source_type":"wniosek_decyzja","received_date":"2026-04-24","decision_date":"2026-06-09","status":"decyzja wydana","description":"Zmiana decyzji nr 12/2021 z dn. 12.01.2026 r. o pozwoleniu na budowę budynku mieszkalnego jednorodzinnego","address":"Górne Grądy","city":"Górne Grądy","office":"Starosta Powiatu Września","case_kind":"Budynek mieszkalny jednorodzinny","parcel_ids":["303004_5.0706.232/4","303004_5.0706.232/5"],"location_quality":"dokładny","gunb_url":"https://wyszukiwarka.gunb.gov.pl/","parcel_count":2,"parcel_shard":"x070-y208","parcel_id":"303004_5.0706.232/4","location_source":"powiat wrzesiński (wfs)"}},{"type":"Feature","id":"ST-WK-WR/WNIOSEK/7872/2026::303004_5.0706.232/5","geometry":{"type":"Polygon","coordinates":[[[17.7458420676123,52.1020718552134],[17.7457136641838,52.1010137900392],[17.7460776058601,52.1009970479556],[17.7461954451723,52.1020150038692],[17.7458420676123,52.1020718552134]]]},"properties":{"case_id":"ST-WK-WR/WNIOSEK/7872/2026","source_type":"wniosek_decyzja","received_date":"2026-04-24","decision_date":"2026-06-09","status":"decyzja wydana","description":"Zmiana decyzji nr 12/2021 z dn. 12.01.2026 r. o pozwoleniu na budowę budynku mieszkalnego jednorodzinnego","address":"Górne Grądy","city":"Górne Grądy","office":"Starosta Powiatu Września","case_kind":"Budynek mieszkalny jednorodzinny","parcel_ids":["303004_5.0706.232/4","303004_5.0706.232/5"],"location_quality":"dokładny","gunb_url":"https://wyszukiwarka.gunb.gov.pl/","parcel_count":2,"parcel_shard":"x070-y208","parcel_id":"303004_5.0706.232/5","location_source":"powiat wrzesiński (wfs)"}},{"type":"Feature","id":"ST-WK-WR/WNIOSEK/19700/2025::303004_5.0708.53/2","geometry":{"type":"Polygon","coordinates":[[[17.6863288472252,52.0821775989682],[17.6860907027705,52.082171374547],[17.6854376186144,52.0821583897142],[17.6853907059049,52.0820083992549],[17.6859034644146,52.0819501764167],[17.6863793006883,52.0819977313098],[17.6863288472252,52.0821775989682]]]},"properties":{"case_id":"ST-WK-WR/WNIOSEK/19700/2025","source_type":"wniosek_decyzja","received_date":"2025-09-26","decision_date":"2025-10-17","status":"decyzja wydana","description":"Budowa wiaty na maszyny rolnicze","address":"Lisewo","city":"Lisewo","office":"Starosta Powiatu Września","case_kind":"Obiekt budowlany inny niż budynek mieszkalny jednorodzinny","parcel_ids":["303004_5.0708.53/2"],"location_quality":"dokładny","gunb_url":"https://wyszukiwarka.gunb.gov.pl/","parcel_count":1,"parcel_shard":"x070-y208","parcel_id":"303004_5.0708.53/2","location_source":"powiat wrzesiński (wfs)"}},{"type":"Feature","id":"ST-WK-WR/WNIOSEK/25880/2025::303004_5.0709.340","geometry":{"type":"Polygon","coordinates":[[[17.7479522258753,52.1975985168944],[17.7476475890811,52.1976159538781],[17.7475705377745,52.1968416239669],[17.7478854707758,52.1967840564548],[17.7479522258753,52.1975985168944]]]},"properties":{"case_id":"ST-WK-WR/WNIOSEK/25880/2025","source_type":"wniosek_decyzja","received_date":"2025-12-22","decision_date":"2026-01-29","status":"decyzja wydana","description":"Rozbudowa budynku mieszkalnego jednorodzinnego","address":"Pietrzyków","city":"Pietrzyków","office":"Starosta Powiatu Września","case_kind":"Budynek mieszkalny jednorodzinny","parcel_ids":["303004_5.0709.340"],"location_quality":"dokładny","gunb_url":"https://wyszukiwarka.gunb.gov.pl/","parcel_count":1,"parcel_shard":"x070-y208","parcel_id":"303004_5.0709.340","location_source":"powiat wrzesiński (wfs)"}},{"type":"Feature","id":"ST-WK-WR/WNIOSEK/7428/2026::303004_5.0710.144/2","geometry":{"type":"Polygon","coordinates":[[[17.7496986026588,52.2035909379506],[17.7504358149853,52.2037051159238],[17.7502777334505,52.2040874804569],[17.7502237532375,52.2042181381618],[17.7493491417099,52.2040832649145],[17.7496986026588,52.2035909379506]]]},"properties":{"case_id":"ST-WK-WR/WNIOSEK/7428/2026","source_type":"wniosek_decyzja","received_date":"2026-04-17","decision_date":"2026-04-27","status":"decyzja wydana","description":"Modernizacja układu retencji na stacji uzdatniania wody","address":"Pietrzyków-Kolonia","city":"Pietrzyków-Kolonia","office":"Starosta Powiatu Września","case_kind":"Obiekt budowlany inny niż budynek mieszkalny jednorodzinny","parcel_ids":["303004_5.0710.144/2"],"location_quality":"dokładny","gunb_url":"https://wyszukiwarka.gunb.gov.pl/","parcel_count":1,"parcel_shard":"x070-y208","parcel_id":"303004_5.0710.144/2","location_source":"powiat wrzesiński (wfs)"}},{"type":"Feature","id":"ST-WK-WR/ZGŁOSZENIE/3152/2025::303004_5.0710.154","geometry":{"type":"Polygon","coordinates":[[[17.7312500928092,52.2010712710269],[17.7312596716631,52.2010352518815],[17.7313568883089,52.2010445508781],[17.7314536634685,52.2010542981783],[17.7316485303714,52.2010737955345],[17.7318262262553,52.2010915726387],[17.7320143755297,52.2011104734337],[17.7321685161484,52.2011260273573],[17.7323851654215,52.2011477299956],[17.7326146788585,52.2011708095496],[17.7327721223895,52.2011866251419],[17.7329165557893,52.2012010629144],[17.733137445033,52.2012232231551],[17.7333641816715,52.2012460253379],[17.7335093462882,52.2012605539143],[17.7336415001753,52.2012737946586],[17.7337857878695,52.2012882310377],[17.735523984779,52.2014846573762],[17.7362230560146,52.2015558772194],[17.7362740776252,52.2015607547693],[17.7367012639663,52.2016002661852],[17.7372363446296,52.2016497231318],[17.7375720132608,52.201680758837],[17.7378582678369,52.2017071899478],[17.7381452578285,52.2017329928518],[17.7384235146186,52.2017577615654],[17.7386923225796,52.2017848066033],[17.7387864822442,52.2017921153974],[17.7390101098412,52.2017972838182],[17.7393146172506,52.2018044280597],[17.7399265573545,52.2018188105096],[17.7402145380364,52.2018255564951],[17.7408519280615,52.2018404395563],[17.7411596530952,52.2018477658575],[17.7416851570148,52.2018599722609],[17.7423064370619,52.2018278061781],[17.7425806999618,52.2018290338955],[17.7434292306678,52.2018332185807],[17.743837332643,52.201835273551],[17.7442452883851,52.2018373267931],[17.7446510520971,52.2018390143711],[17.7450642506978,52.2018451206213],[17.7462102420604,52.2018612521169],[17.7466260761062,52.2018669990551],[17.7476814553866,52.2018433755088],[17.7476789198363,52.2018519983431],[17.7483640561029,52.2018567867292],[17.7486810268168,52.2018589901039],[17.7490992506959,52.2018819899274],[17.7507396779491,52.2018953527486],[17.7507077077822,52.2019360896737],[17.7506155577466,52.2019350406883],[17.7490886641691,52.20191764885],[17.7480129166564,52.2018956735172],[17.7477715392503,52.2018991124778],[17.7475867608639,52.2019043796932],[17.7472240804566,52.2019146583524],[17.7470726962054,52.2019123566862],[17.7466042100564,52.2019051501132],[17.7461986180329,52.2018988858598],[17.7450538041414,52.2018813187533],[17.7448553265623,52.2018776542071],[17.7446506992577,52.2018750545526],[17.7446141308568,52.2018748855433],[17.7442360144665,52.2018729881287],[17.7434198108566,52.2018686997802],[17.7425728885077,52.2018645185364],[17.7423025124476,52.2018740846094],[17.741682900713,52.2018959183912],[17.7411499378784,52.2018834259847],[17.7408480620567,52.2018763821365],[17.7403773879601,52.2018683371386],[17.7399118567707,52.2018563469803],[17.7390044875755,52.2018331325778],[17.7387842225536,52.2018282412226],[17.7386924058555,52.2018204882265],[17.7384010135258,52.2017969238375],[17.7381188194142,52.2017763451045],[17.7378443112034,52.2017423011183],[17.7375581956736,52.20171573455],[17.7372264826929,52.2016849332249],[17.7369299947064,52.2016575789922],[17.7367694954411,52.201642749181],[17.7365598443296,52.2016233774972],[17.7363607155712,52.2016049777152],[17.7362123145864,52.2015912650185],[17.7360934697972,52.201579128432],[17.735977809136,52.2015673168907],[17.7355104662675,52.2015195895],[17.7349442097084,52.2014557150526],[17.734108631391,52.2013614554831],[17.7337813289714,52.201324531568],[17.733440374253,52.2012904172922],[17.7329183528559,52.2012381936973],[17.732870314524,52.2012333861247],[17.7323221154446,52.2011785382632],[17.732299247573,52.2011762510513],[17.7317271551073,52.201119007432],[17.7312500928092,52.2010712710269]]]},"properties":{"case_id":"ST-WK-WR/ZGŁOSZENIE/3152/2025","source_type":"zgloszenie","received_date":"2025-10-06","decision_date":null,"status":"Brak sprzeciwu","description":"Budowa sieci elektroenergetycznej nn 0,4 kV wraz ze złączem kablowo pomiarowym","address":"61, Pietrzyków-Kolonia","city":"Pietrzyków-Kolonia","office":"Starosta Powiatu Września","case_kind":"budowa nowego/nowych obiektów budowlanych","parcel_ids":["303004_5.0710.154","303004_5.0710.190/1","303004_5.0710.190/21","303004_5.0710.190/8","303004_5.0710.260"],"location_quality":"dokładny","gunb_url":"https://wyszukiwarka.gunb.gov.pl/","parcel_count":5,"parcel_shard":"x070-y208","parcel_id":"303004_5.0710.154","location_source":"powiat wrzesiński (wfs)"}},{"type":"Feature","id":"ST-WK-WR/ZGŁOSZENIE/3152/2025::303004_5.0710.190/1","geometry":{"type":"Polygon","coordinates":[[[17.7512652168291,52.201142028516],[17.7512313130316,52.2011362947576],[17.7518346270082,52.2002035562297],[17.752013448297,52.1999269291246],[17.752170607688,52.1996220564391],[17.7523138506013,52.1991214804139],[17.7523496604318,52.1991316987618],[17.752231968734,52.1997706414419],[17.751988899177,52.2000802088627],[17.7512652168291,52.201142028516]]]},"properties":{"case_id":"ST-WK-WR/ZGŁOSZENIE/3152/2025","source_type":"zgloszenie","received_date":"2025-10-06","decision_date":null,"status":"Brak sprzeciwu","description":"Budowa sieci elektroenergetycznej nn 0,4 kV wraz ze złączem kablowo pomiarowym","address":"61, Pietrzyków-Kolonia","city":"Pietrzyków-Kolonia","office":"Starosta Powiatu Września","case_kind":"budowa nowego/nowych obiektów budowlanych","parcel_ids":["303004_5.0710.154","303004_5.0710.190/1","303004_5.0710.190/21","303004_5.0710.190/8","303004_5.0710.260"],"location_quality":"dokładny","gunb_url":"https://wyszukiwarka.gunb.gov.pl/","parcel_count":5,"parcel_shard":"x070-y208","parcel_id":"303004_5.0710.190/1","location_source":"powiat wrzesiński (wfs)"}},{"type":"Feature","id":"ST-WK-WR/ZGŁOSZENIE/3152/2025::303004_5.0710.190/21","geometry":{"type":"Polygon","coordinates":[[[17.7497516678068,52.2006024386796],[17.7498001072831,52.200494148908],[17.7499763459198,52.2005238225556],[17.7504347710498,52.2006011889451],[17.750893052008,52.2006784633693],[17.7512386631768,52.2007368040043],[17.7512867590712,52.2007418486514],[17.7513340470695,52.2007343985799],[17.7513723288826,52.2007156948059],[17.751394711161,52.2006890482905],[17.7515145189905,52.2005037032227],[17.7516343258211,52.2003183580262],[17.7516379811049,52.2002923910697],[17.7516262729756,52.2002672905554],[17.7516007913921,52.2002464751774],[17.7515647397807,52.2002325581234],[17.7511253135034,52.2001584717828],[17.7506671837546,52.200081198569],[17.7502084715298,52.200003742586],[17.75001762146,52.1999716116323],[17.7500660601035,52.1998632318616],[17.7502424421899,52.1998929952984],[17.7502528672751,52.1999119815542],[17.7502713512882,52.1999284682881],[17.7502965848622,52.1999411944384],[17.7503265262686,52.1999490771486],[17.7508036515271,52.2000295375211],[17.7512972909648,52.2001129068524],[17.7518346270082,52.2002035562297],[17.7512313130316,52.2011362947576],[17.7511177641012,52.2011171810283],[17.7512647232302,52.2008898307344],[17.7512682325049,52.2008638634839],[17.7512563776609,52.2008388525037],[17.7512308959245,52.2008180370476],[17.7511951375154,52.2008039407451],[17.7507625744718,52.2007310359448],[17.7503474030696,52.2006610424363],[17.7500469492185,52.200610344569],[17.7500146373207,52.2006077595506],[17.7499822941573,52.2006107468731],[17.7499527003899,52.2006190427955],[17.7499279063346,52.2006322022761],[17.7497516678068,52.2006024386796]]]},"properties":{"case_id":"ST-WK-WR/ZGŁOSZENIE/3152/2025","source_type":"zgloszenie","received_date":"2025-10-06","decision_date":null,"status":"Brak sprzeciwu","description":"Budowa sieci elektroenergetycznej nn 0,4 kV wraz ze złączem kablowo pomiarowym","address":"61, Pietrzyków-Kolonia","city":"Pietrzyków-Kolonia","office":"Starosta Powiatu Września","case_kind":"budowa nowego/nowych obiektów budowlanych","parcel_ids":["303004_5.0710.154","303004_5.0710.190/1","303004_5.0710.190/21","303004_5.0710.190/8","303004_5.0710.260"],"location_quality":"dokładny","gunb_url":"https://wyszukiwarka.gunb.gov.pl/","parcel_count":5,"parcel_shard":"x070-y208","parcel_id":"303004_5.0710.190/21","location_source":"powiat wrzesiński (wfs)"}},{"type":"Feature","id":"ST-WK-WR/ZGŁOSZENIE/3152/2025::303004_5.0710.190/8","geometry":{"type":"Polygon","coordinates":[[[17.7506268900495,52.201034356079],[17.7507625744718,52.2007310359448],[17.7511951375154,52.2008039407451],[17.7512308959245,52.2008180370476],[17.7512563776609,52.2008388525037],[17.7512682325049,52.2008638634839],[17.7512647232302,52.2008898307344],[17.7511177641012,52.2011171810283],[17.7506268900495,52.201034356079]]]},"properties":{"case_id":"ST-WK-WR/ZGŁOSZENIE/3152/2025","source_type":"zgloszenie","received_date":"2025-10-06","decision_date":null,"status":"Brak sprzeciwu","description":"Budowa sieci elektroenergetycznej nn 0,4 kV wraz ze złączem kablowo pomiarowym","address":"61, Pietrzyków-Kolonia","city":"Pietrzyków-Kolonia","office":"Starosta Powiatu Września","case_kind":"budowa nowego/nowych obiektów budowlanych","parcel_ids":["303004_5.0710.154","303004_5.0710.190/1","303004_5.0710.190/21","303004_5.0710.190/8","303004_5.0710.260"],"location_quality":"dokładny","gunb_url":"https://wyszukiwarka.gunb.gov.pl/","parcel_count":5,"parcel_shard":"x070-y208","parcel_id":"303004_5.0710.190/8","location_source":"powiat wrzesiński (wfs)"}},{"type":"Feature","id":"ST-WK-WR/ZGŁOSZENIE/3152/2025::303004_5.0710.260","geometry":{"type":"Polygon","coordinates":[[[17.745392321865,52.2096566423533],[17.7452503908603,52.2096340464426],[17.7457648949932,52.2088983397217],[17.7457820077397,52.2088734805009],[17.74643528976,52.2079394402018],[17.7480665804712,52.2056499768221],[17.7489818512093,52.2043634417014],[17.7496949097142,52.2033630004363],[17.7497180615826,52.2033299745689],[17.7506704345284,52.2019885895926],[17.7507077077822,52.2019360896737],[17.7507396779491,52.2018953527486],[17.7512652168291,52.201142028516],[17.751988899177,52.2000802088627],[17.752231968734,52.1997706414419],[17.7523496604318,52.1991316987618],[17.7524530195598,52.1991609686801],[17.7523617860464,52.1999040088983],[17.7522505134284,52.2000748303893],[17.7521436737927,52.200181916065],[17.7517155959962,52.2006450645652],[17.7515925010109,52.2008395735812],[17.7514927557986,52.2010750097611],[17.7514222911734,52.2011727381349],[17.7513509415735,52.201271722888],[17.7510928137833,52.2016296108488],[17.7507551381431,52.2020864652982],[17.7506874465346,52.2021847383417],[17.7506059133151,52.2023032032985],[17.7504499544636,52.2025277376267],[17.7503580454749,52.2026599978591],[17.7501577211676,52.2029502743824],[17.7498691990523,52.2033510567399],[17.7498442064624,52.2033862717492],[17.7496986026588,52.2035909379506],[17.7493491417099,52.2040832649145],[17.7492643086649,52.2042110704437],[17.7489749933114,52.204619937843],[17.748797605383,52.2048691505333],[17.7486358425198,52.2050970053581],[17.7485411728255,52.2052303618086],[17.7483425414843,52.2055101767907],[17.7481183987125,52.2058275149587],[17.7479626859634,52.2060511444269],[17.7478914203903,52.2061501311263],[17.7476255610699,52.2065200383342],[17.7472659150791,52.2070202463694],[17.7469558074678,52.2074516233978],[17.7468773477923,52.2075625438299],[17.7468423945737,52.2076119914019],[17.7468248450433,52.2076366700887],[17.7465155595729,52.2080763164225],[17.7463434363448,52.2083210427301],[17.746255972676,52.2084454250173],[17.7460897466724,52.2086817151303],[17.7459248689153,52.2089121658626],[17.7458088049297,52.2090743246836],[17.7456493799621,52.2092973269254],[17.745392321865,52.2096566423533]]]},"properties":{"case_id":"ST-WK-WR/ZGŁOSZENIE/3152/2025","source_type":"zgloszenie","received_date":"2025-10-06","decision_date":null,"status":"Brak sprzeciwu","description":"Budowa sieci elektroenergetycznej nn 0,4 kV wraz ze złączem kablowo pomiarowym","address":"61, Pietrzyków-Kolonia","city":"Pietrzyków-Kolonia","office":"Starosta Powiatu Września","case_kind":"budowa nowego/nowych obiektów budowlanych","parcel_ids":["303004_5.0710.154","303004_5.0710.190/1","303004_5.0710.190/21","303004_5.0710.190/8","303004_5.0710.260"],"location_quality":"dokładny","gunb_url":"https://wyszukiwarka.gunb.gov.pl/","parcel_count":5,"parcel_shard":"x070-y208","parcel_id":"303004_5.0710.260","location_source":"powiat wrzesiński (wfs)"}},{"type":"Feature","id":"ST-WK-WR/ZGŁOSZENIE/2395/2026::303004_5.0710.240/3","geometry":{"type":"Polygon","coordinates":[[[17.7492832844233,52.1980838802903],[17.7495284863369,52.1980728966424],[17.7494623368375,52.1975853493368],[17.7493921211084,52.1970668753769],[17.7494649807902,52.1970630754657],[17.749619462609,52.1982031427617],[17.7492859938933,52.1981062338178],[17.7492832844233,52.1980838802903]]]},"properties":{"case_id":"ST-WK-WR/ZGŁOSZENIE/2395/2026","source_type":"zgloszenie","received_date":"2026-07-22","decision_date":null,"status":"Brak sprzeciwu","description":"Rozbudowa sieci kablowej elektroenergetycznej nn 0,4 kV oraz budowa przyłączy elektroenergetycznych  kablowych","address":"Pietrzyków-Kolonia","city":"Pietrzyków-Kolonia","office":"Starosta Powiatu Września","case_kind":"rozbudowa istniejącego/istniejących obiektów budowlanych","parcel_ids":["303004_5.0710.240/3","303004_5.0710.240/4","303004_5.0710.240/5"],"location_quality":"dokładny","gunb_url":"https://wyszukiwarka.gunb.gov.pl/","parcel_count":3,"parcel_shard":"x070-y208","parcel_id":"303004_5.0710.240/3","location_source":"powiat wrzesiński (wfs)"}},{"type":"Feature","id":"ST-WK-WR/ZGŁOSZENIE/2395/2026::303004_5.0710.240/4","geometry":{"type":"Polygon","coordinates":[[[17.7492832844233,52.1980838802903],[17.7492253302682,52.1975959907512],[17.7494623368375,52.1975853493368],[17.7495284863369,52.1980728966424],[17.7492832844233,52.1980838802903]]]},"properties":{"case_id":"ST-WK-WR/ZGŁOSZENIE/2395/2026","source_type":"zgloszenie","received_date":"2026-07-22","decision_date":null,"status":"Brak sprzeciwu","description":"Rozbudowa sieci kablowej elektroenergetycznej nn 0,4 kV oraz budowa przyłączy elektroenergetycznych  kablowych","address":"Pietrzyków-Kolonia","city":"Pietrzyków-Kolonia","office":"Starosta Powiatu Września","case_kind":"rozbudowa istniejącego/istniejących obiektów budowlanych","parcel_ids":["303004_5.0710.240/3","303004_5.0710.240/4","303004_5.0710.240/5"],"location_quality":"dokładny","gunb_url":"https://wyszukiwarka.gunb.gov.pl/","parcel_count":3,"parcel_shard":"x070-y208","parcel_id":"303004_5.0710.240/4","location_source":"powiat wrzesiński (wfs)"}},{"type":"Feature","id":"ST-WK-WR/ZGŁOSZENIE/2395/2026::303004_5.0710.240/5","geometry":{"type":"Polygon","coordinates":[[[17.7492253302682,52.1975959907512],[17.7492155082952,52.197513770568],[17.7492261698612,52.1975130443551],[17.749191223099,52.1972586051475],[17.7491754531456,52.1971444045395],[17.7491663732273,52.1970786191138],[17.7493921211084,52.1970668753769],[17.7494623368375,52.1975853493368],[17.7492253302682,52.1975959907512]]]},"properties":{"case_id":"ST-WK-WR/ZGŁOSZENIE/2395/2026","source_type":"zgloszenie","received_date":"2026-07-22","decision_date":null,"status":"Brak sprzeciwu","description":"Rozbudowa sieci kablowej elektroenergetycznej nn 0,4 kV oraz budowa przyłączy elektroenergetycznych  kablowych","address":"Pietrzyków-Kolonia","city":"Pietrzyków-Kolonia","office":"Starosta Powiatu Września","case_kind":"rozbudowa istniejącego/istniejących obiektów budowlanych","parcel_ids":["303004_5.0710.240/3","303004_5.0710.240/4","303004_5.0710.240/5"],"location_quality":"dokładny","gunb_url":"https://wyszukiwarka.gunb.gov.pl/","parcel_count":3,"parcel_shard":"x070-y208","parcel_id":"303004_5.0710.240/5","location_source":"powiat wrzesiński (wfs)"}},{"type":"Feature","id":"ST-WK-WR/ZGŁOSZENIE/3144/2025::303004_5.0710.260","geometry":{"type":"Polygon","coordinates":[[[17.745392321865,52.2096566423533],[17.7452503908603,52.2096340464426],[17.7457648949932,52.2088983397217],[17.7457820077397,52.2088734805009],[17.74643528976,52.2079394402018],[17.7480665804712,52.2056499768221],[17.7489818512093,52.2043634417014],[17.7496949097142,52.2033630004363],[17.7497180615826,52.2033299745689],[17.7506704345284,52.2019885895926],[17.7507077077822,52.2019360896737],[17.7507396779491,52.2018953527486],[17.7512652168291,52.201142028516],[17.751988899177,52.2000802088627],[17.752231968734,52.1997706414419],[17.7523496604318,52.1991316987618],[17.7524530195598,52.1991609686801],[17.7523617860464,52.1999040088983],[17.7522505134284,52.2000748303893],[17.7521436737927,52.200181916065],[17.7517155959962,52.2006450645652],[17.7515925010109,52.2008395735812],[17.7514927557986,52.2010750097611],[17.7514222911734,52.2011727381349],[17.7513509415735,52.201271722888],[17.7510928137833,52.2016296108488],[17.7507551381431,52.2020864652982],[17.7506874465346,52.2021847383417],[17.7506059133151,52.2023032032985],[17.7504499544636,52.2025277376267],[17.7503580454749,52.2026599978591],[17.7501577211676,52.2029502743824],[17.7498691990523,52.2033510567399],[17.7498442064624,52.2033862717492],[17.7496986026588,52.2035909379506],[17.7493491417099,52.2040832649145],[17.7492643086649,52.2042110704437],[17.7489749933114,52.204619937843],[17.748797605383,52.2048691505333],[17.7486358425198,52.2050970053581],[17.7485411728255,52.2052303618086],[17.7483425414843,52.2055101767907],[17.7481183987125,52.2058275149587],[17.7479626859634,52.2060511444269],[17.7478914203903,52.2061501311263],[17.7476255610699,52.2065200383342],[17.7472659150791,52.2070202463694],[17.7469558074678,52.2074516233978],[17.7468773477923,52.2075625438299],[17.7468423945737,52.2076119914019],[17.7468248450433,52.2076366700887],[17.7465155595729,52.2080763164225],[17.7463434363448,52.2083210427301],[17.746255972676,52.2084454250173],[17.7460897466724,52.2086817151303],[17.7459248689153,52.2089121658626],[17.7458088049297,52.2090743246836],[17.7456493799621,52.2092973269254],[17.745392321865,52.2096566423533]]]},"properties":{"case_id":"ST-WK-WR/ZGŁOSZENIE/3144/2025","source_type":"zgloszenie","received_date":"2025-10-02","decision_date":null,"status":"Brak sprzeciwu","description":"Budowa sieci elektroenergetycznej nn 0,4 kV wraz ze złączem kablowo pomiarowym","address":"Pietrzyków-Kolonia","city":"Pietrzyków-Kolonia","office":"Starosta Powiatu Września","case_kind":"budowa nowego/nowych obiektów budowlanych","parcel_ids":["303004_5.0710.260","303004_5.0710.78/3","303004_5.0710.78/7"],"location_quality":"dokładny","gunb_url":"https://wyszukiwarka.gunb.gov.pl/","parcel_count":3,"parcel_shard":"x070-y208","parcel_id":"303004_5.0710.260","location_source":"powiat wrzesiński (wfs)"}},{"type":"Feature","id":"ST-WK-WR/ZGŁOSZENIE/3144/2025::303004_5.0710.78/3","geometry":{"type":"Polygon","coordinates":[[[17.7478768635441,52.2086444724475],[17.7477465998787,52.2089645177041],[17.7472556508146,52.2088807799745],[17.7473663429141,52.2086329549172],[17.747397312665,52.2085636357314],[17.7478768635441,52.2086444724475]]]},"properties":{"case_id":"ST-WK-WR/ZGŁOSZENIE/3144/2025","source_type":"zgloszenie","received_date":"2025-10-02","decision_date":null,"status":"Brak sprzeciwu","description":"Budowa sieci elektroenergetycznej nn 0,4 kV wraz ze złączem kablowo pomiarowym","address":"Pietrzyków-Kolonia","city":"Pietrzyków-Kolonia","office":"Starosta Powiatu Września","case_kind":"budowa nowego/nowych obiektów budowlanych","parcel_ids":["303004_5.0710.260","303004_5.0710.78/3","303004_5.0710.78/7"],"location_quality":"dokładny","gunb_url":"https://wyszukiwarka.gunb.gov.pl/","parcel_count":3,"parcel_shard":"x070-y208","parcel_id":"303004_5.0710.78/3","location_source":"powiat wrzesiński (wfs)"}},{"type":"Feature","id":"ST-WK-WR/ZGŁOSZENIE/3144/2025::303004_5.0710.78/7","geometry":{"type":"Polygon","coordinates":[[[17.7463434363448,52.2083210427301],[17.7463726567522,52.208353641209],[17.7468767584487,52.2084385792443],[17.7471870541802,52.2084909239529],[17.7472590300281,52.2084657326418],[17.7474282823192,52.2084943165366],[17.747397312665,52.2085636357314],[17.7473663429141,52.2086329549172],[17.7471970896263,52.2086044608101],[17.7471560841531,52.208560243084],[17.7468457879757,52.208507898294],[17.7463257545173,52.2084202295576],[17.746255972676,52.2084454250173],[17.7463434363448,52.2083210427301]]]},"properties":{"case_id":"ST-WK-WR/ZGŁOSZENIE/3144/2025","source_type":"zgloszenie","received_date":"2025-10-02","decision_date":null,"status":"Brak sprzeciwu","description":"Budowa sieci elektroenergetycznej nn 0,4 kV wraz ze złączem kablowo pomiarowym","address":"Pietrzyków-Kolonia","city":"Pietrzyków-Kolonia","office":"Starosta Powiatu Września","case_kind":"budowa nowego/nowych obiektów budowlanych","parcel_ids":["303004_5.0710.260","303004_5.0710.78/3","303004_5.0710.78/7"],"location_quality":"dokładny","gunb_url":"https://wyszukiwarka.gunb.gov.pl/","parcel_count":3,"parcel_shard":"x070-y208","parcel_id":"303004_5.0710.78/7","location_source":"powiat wrzesiński (wfs)"}},{"type":"Feature","id":"ST-WK-WR/WNIOSEK/3702/2026::303004_5.0710.80/1","geometry":{"type":"Polygon","coordinates":[[[17.7479649896354,52.2084281456363],[17.7480071248217,52.2083245169039],[17.748195542071,52.2078614204525],[17.7485064443782,52.2079095387478],[17.7482758951372,52.2084763544156],[17.7479649896354,52.2084281456363]]]},"properties":{"case_id":"ST-WK-WR/WNIOSEK/3702/2026","source_type":"wniosek_decyzja","received_date":"2026-02-13","decision_date":"2026-03-11","status":"decyzja wydana","description":"Budowa budynku mieszkalnego jednorodzinnego","address":"Pietrzyków-Kolonia","city":"Pietrzyków-Kolonia","office":"Starosta Powiatu Września","case_kind":"Budynek mieszkalny jednorodzinny","parcel_ids":["303004_5.0710.80/1"],"location_quality":"dokładny","gunb_url":"https://wyszukiwarka.gunb.gov.pl/","parcel_count":1,"parcel_shard":"x070-y208","parcel_id":"303004_5.0710.80/1","location_source":"powiat wrzesiński (wfs)"}},{"type":"Feature","id":"ST-WK-WR/WNIOSEK/26299/2025::303004_5.0711.47","geometry":{"type":"Polygon","coordinates":[[[17.70370120631,52.1887558598345],[17.6958908091645,52.1878042670792],[17.6954999783111,52.1877557046723],[17.6957901223961,52.187614227366],[17.6960102373386,52.1875569529405],[17.6963344383508,52.187504082052],[17.6974538967999,52.1873910260348],[17.6980148426288,52.1873047294192],[17.6982894902531,52.1872340341806],[17.6990983587377,52.1870089507992],[17.6998190898962,52.1868499754701],[17.7005501228759,52.1867574231804],[17.7019080036272,52.1865573858423],[17.7025090365986,52.1864467114571],[17.7042873112455,52.1859841502532],[17.7044922286702,52.1861301760914],[17.7041884070054,52.1871411269321],[17.70370120631,52.1887558598345]]]},"properties":{"case_id":"ST-WK-WR/WNIOSEK/26299/2025","source_type":"wniosek_decyzja","received_date":"2025-12-23","decision_date":"2026-01-27","status":"decyzja wydana","description":"Budowa elektrowni fotowoltaicznej SPV Rataje o mocy do 499,758 kW, wraz z infrastrukturą towarzyszącą","address":"Rataje","city":"Rataje","office":"Starosta Powiatu Września","case_kind":"Obiekt budowlany inny niż budynek mieszkalny jednorodzinny","parcel_ids":["303004_5.0711.47"],"location_quality":"dokładny","gunb_url":"https://wyszukiwarka.gunb.gov.pl/","parcel_count":1,"parcel_shard":"x070-y208","parcel_id":"303004_5.0711.47","location_source":"powiat wrzesiński (wfs)"}},{"type":"Feature","id":"ST-WK-WR/WNIOSEK/25681/2025::303004_5.0711.528","geometry":{"type":"Polygon","coordinates":[[[17.7197873896944,52.1934960238921],[17.7192753070539,52.1940209947527],[17.7191017255097,52.1939626776678],[17.7195909558901,52.1934018351163],[17.7197873896944,52.1934960238921]]]},"properties":{"case_id":"ST-WK-WR/WNIOSEK/25681/2025","source_type":"wniosek_decyzja","received_date":"2025-12-18","decision_date":"2026-02-05","status":"decyzja wydana","description":"Rozbiórka budynku gospodarczego","address":"Rataje","city":"Rataje","office":"Starosta Powiatu Września","case_kind":"Obiekt budowlany inny niż budynek mieszkalny jednorodzinny","parcel_ids":["303004_5.0711.528"],"location_quality":"dokładny","gunb_url":"https://wyszukiwarka.gunb.gov.pl/","parcel_count":1,"parcel_shard":"x070-y208","parcel_id":"303004_5.0711.528","location_source":"powiat wrzesiński (wfs)"}},{"type":"Feature","id":"ST-WK-WR/WNIOSEK/13057/2026::303004_5.0711.532","geometry":{"type":"Polygon","coordinates":[[[17.7183145634704,52.1937122331786],[17.7188373454473,52.1931096728793],[17.7189841422853,52.1931678491245],[17.7184823772867,52.1937691591465],[17.7183145634704,52.1937122331786]]]},"properties":{"case_id":"ST-WK-WR/WNIOSEK/13057/2026","source_type":"wniosek_decyzja","received_date":"2026-07-07","decision_date":"2026-08-13","status":"decyzja wydana","description":"Rozbiórka części budynku gospodarczego ze zmianą pokrycia dachowego na części pozostałej","address":"Rataje","city":"Rataje","office":"Starosta Powiatu Września","case_kind":"Obiekt budowlany inny niż budynek mieszkalny jednorodzinny","parcel_ids":["303004_5.0711.532","303004_5.0711.533"],"location_quality":"dokładny","gunb_url":"https://wyszukiwarka.gunb.gov.pl/","parcel_count":2,"parcel_shard":"x070-y208","parcel_id":"303004_5.0711.532","location_source":"powiat wrzesiński (wfs)"}},{"type":"Feature","id":"ST-WK-WR/WNIOSEK/13057/2026::303004_5.0711.533","geometry":{"type":"Polygon","coordinates":[[[17.7181450788659,52.1936547400485],[17.7186583342142,52.1930387294803],[17.7188373454473,52.1931096728793],[17.7183145634704,52.1937122331786],[17.7181450788659,52.1936547400485]]]},"properties":{"case_id":"ST-WK-WR/WNIOSEK/13057/2026","source_type":"wniosek_decyzja","received_date":"2026-07-07","decision_date":"2026-08-13","status":"decyzja wydana","description":"Rozbiórka części budynku gospodarczego ze zmianą pokrycia dachowego na części pozostałej","address":"Rataje","city":"Rataje","office":"Starosta Powiatu Września","case_kind":"Obiekt budowlany inny niż budynek mieszkalny jednorodzinny","parcel_ids":["303004_5.0711.532","303004_5.0711.533"],"location_quality":"dokładny","gunb_url":"https://wyszukiwarka.gunb.gov.pl/","parcel_count":2,"parcel_shard":"x070-y208","parcel_id":"303004_5.0711.533","location_source":"powiat wrzesiński (wfs)"}},{"type":"Feature","id":"ST-WK-WR/WNIOSEK/1219/2026::303004_5.0712.503/2","geometry":{"type":"Polygon","coordinates":[[[17.6688046187253,52.1198231654843],[17.6690200161065,52.1197336912925],[17.6693332752044,52.1199767493344],[17.669390283256,52.1200176960007],[17.6694312596135,52.1200472411644],[17.6693830294519,52.1200591985076],[17.66927528511,52.1200865373296],[17.6691582046747,52.1201405636089],[17.6689774095566,52.1202253321924],[17.6689401796117,52.1201658568659],[17.6689116119024,52.1200836750271],[17.6688975540081,52.1200490945182],[17.6688560211168,52.11994812683],[17.6688046187253,52.1198231654843]]]},"properties":{"case_id":"ST-WK-WR/WNIOSEK/1219/2026","source_type":"wniosek_decyzja","received_date":"2026-01-19","decision_date":"2026-03-09","status":"decyzja wydana","description":"Rozbiórka budynku gospodarczego","address":"20, Ruda Komorska","city":"Ruda Komorska","office":"Starosta Powiatu Września","case_kind":"Budynek mieszkalny jednorodzinny","parcel_ids":["303004_5.0712.503/2"],"location_quality":"dokładny","gunb_url":"https://wyszukiwarka.gunb.gov.pl/","parcel_count":1,"parcel_shard":"x070-y208","parcel_id":"303004_5.0712.503/2","location_source":"powiat wrzesiński (wfs)"}},{"type":"Feature","id":"ST-WK-WR/WNIOSEK/20584/2025::303004_5.0712.633","geometry":{"type":"Polygon","coordinates":[[[17.6695622331769,52.1172281892348],[17.6695460022958,52.117422992635],[17.6673843505753,52.1173346515587],[17.667267171145,52.1171409343204],[17.6691228952961,52.1172114980905],[17.6695622331769,52.1172281892348]]]},"properties":{"case_id":"ST-WK-WR/WNIOSEK/20584/2025","source_type":"wniosek_decyzja","received_date":"2025-10-08","decision_date":"2025-12-23","status":"decyzja wydana","description":"Rozbiórka budynku mieszkalnego","address":"Ruda Komorska","city":"Ruda Komorska","office":"Starosta Powiatu Września","case_kind":"Budynek mieszkalny jednorodzinny","parcel_ids":["303004_5.0712.633","303004_5.0712.635"],"location_quality":"dokładny","gunb_url":"https://wyszukiwarka.gunb.gov.pl/","parcel_count":2,"parcel_shard":"x070-y208","parcel_id":"303004_5.0712.633","location_source":"powiat wrzesiński (wfs)"}},{"type":"Feature","id":"ST-WK-WR/WNIOSEK/20584/2025::303004_5.0712.635","geometry":{"type":"Polygon","coordinates":[[[17.6695460022958,52.117422992635],[17.6695325923637,52.1175839375577],[17.6692265025537,52.1177512431611],[17.6688351234327,52.1177441227746],[17.6684444744378,52.1177370031417],[17.6684606633298,52.1175228667479],[17.6674812026918,52.1174947629701],[17.6673843505753,52.1173346515587],[17.6695460022958,52.117422992635]]]},"properties":{"case_id":"ST-WK-WR/WNIOSEK/20584/2025","source_type":"wniosek_decyzja","received_date":"2025-10-08","decision_date":"2025-12-23","status":"decyzja wydana","description":"Rozbiórka budynku mieszkalnego","address":"Ruda Komorska","city":"Ruda Komorska","office":"Starosta Powiatu Września","case_kind":"Budynek mieszkalny jednorodzinny","parcel_ids":["303004_5.0712.633","303004_5.0712.635"],"location_quality":"dokładny","gunb_url":"https://wyszukiwarka.gunb.gov.pl/","parcel_count":2,"parcel_shard":"x070-y208","parcel_id":"303004_5.0712.635","location_source":"powiat wrzesiński (wfs)"}},{"type":"Feature","id":"ST-WK-WR/WNIOSEK/19708/2025::303004_5.0713.85/2","geometry":{"type":"Polygon","coordinates":[[[17.7234296543347,52.1546824077272],[17.7214135735342,52.1525795411078],[17.7217818195989,52.1524334589457],[17.7227251604271,52.1534181415579],[17.7236893044065,52.1544244359772],[17.7234296543347,52.1546824077272]]]},"properties":{"case_id":"ST-WK-WR/WNIOSEK/19708/2025","source_type":"wniosek_decyzja","received_date":"2025-09-26","decision_date":"2025-11-17","status":"decyzja wydana","description":"Budowa budynku mieszkalnego jednorodzinnego","address":"Trzcianki","city":"Trzcianki","office":"Starosta Powiatu Września","case_kind":"Budynek mieszkalny jednorodzinny","parcel_ids":["303004_5.0713.85/2"],"location_quality":"dokładny","gunb_url":"https://wyszukiwarka.gunb.gov.pl/","parcel_count":1,"parcel_shard":"x070-y208","parcel_id":"303004_5.0713.85/2","location_source":"powiat wrzesiński (wfs)"}},{"type":"Feature","id":"ST-WK-WR/WNIOSEK/5131/2026::303004_5.0714.2170/13","geometry":{"type":"Polygon","coordinates":[[[17.662466419368,52.1499524942941],[17.6620545997748,52.1499834916822],[17.6619938724572,52.1497641935844],[17.66243560801,52.1497376860801],[17.662466419368,52.1499524942941]]]},"properties":{"case_id":"ST-WK-WR/WNIOSEK/5131/2026","source_type":"wniosek_decyzja","received_date":"2026-03-18","decision_date":"2026-04-21","status":"decyzja wydana","description":"Budowa budynku mieszkalnego jednorodzinnego","address":"Tarnowa","city":"Tarnowa","office":"Starosta Powiatu Września","case_kind":"Budynek mieszkalny jednorodzinny","parcel_ids":["303004_5.0714.2170/13"],"location_quality":"dokładny","gunb_url":"https://wyszukiwarka.gunb.gov.pl/","parcel_count":1,"parcel_shard":"x070-y208","parcel_id":"303004_5.0714.2170/13","location_source":"powiat wrzesiński (wfs)"}}]}