{"type":"FeatureCollection","features":[{"type":"Feature","id":"ST-WK-KO/WNIOSEK/7075/2026::300901_1.0001.AR_10.15/40","geometry":{"type":"Polygon","coordinates":[[[18.6120070360359,52.2091534317912],[18.6115392820629,52.2091766491777],[18.6127879310026,52.2096278382526],[18.6124789447743,52.2099472170161],[18.6121413961406,52.2098043134436],[18.6116417403254,52.2102796578487],[18.6101887169577,52.2105122226451],[18.6114885446966,52.2110258802568],[18.6117336156381,52.2109330355874],[18.6121587513892,52.2105176196682],[18.6149507821905,52.2115981575961],[18.614703279892,52.2118471241151],[18.6151764202173,52.2120297744308],[18.6157796490983,52.2114994007499],[18.6168947323959,52.2104149442285],[18.6168239017649,52.2103878715481],[18.6167944835351,52.2103676756613],[18.6169374382616,52.2102342447397],[18.6160659311349,52.2098956228778],[18.6145167313553,52.2092954822975],[18.6139270370032,52.2090670510753],[18.6135937866854,52.2088035524127],[18.6133965763015,52.208845472385],[18.6120070360359,52.2091534317912]]]},"properties":{"case_id":"ST-WK-KO/WNIOSEK/7075/2026","source_type":"wniosek_decyzja","received_date":"2026-04-15","decision_date":"2026-05-26","status":"decyzja wydana","description":"Budowa  budynku magazynowego","address":"Koło","city":"Koło","office":"Starosta Powiatu Koło","case_kind":"Obiekt budowlany inny niż budynek mieszkalny jednorodzinny","parcel_ids":["300901_1.0001.AR_10.15/40"],"location_quality":"dokładny","gunb_url":"https://wyszukiwarka.gunb.gov.pl/","parcel_count":1,"parcel_shard":"x074-y208","parcel_id":"300901_1.0001.AR_10.15/40","location_source":"powiat kolski (wfs)"}},{"type":"Feature","id":"ST-WK-KO/WNIOSEK/19315/2025::300901_1.0001.AR_10.15/7","geometry":{"type":"Polygon","coordinates":[[[18.6139270370032,52.2090670510753],[18.6145167313553,52.2092954822975],[18.616136997954,52.2086798412386],[18.6159526361112,52.2084878341989],[18.6161419951311,52.2084170999029],[18.6157273156293,52.2079891949033],[18.6156692325259,52.2080143204272],[18.6155165280576,52.2080760387045],[18.615439581242,52.2081294684018],[18.6153659988978,52.2081828805046],[18.6153334003908,52.2082059695323],[18.6152519574805,52.2082410873067],[18.6151885488536,52.2082684713319],[18.6151274658907,52.2082947646572],[18.6150061737648,52.2083470770225],[18.6149183765865,52.2083776438683],[18.6148387640916,52.2084076287358],[18.6147642455981,52.2084356995622],[18.6146387870774,52.2084830000474],[18.6146307807917,52.2084859178614],[18.6145325220834,52.208521751863],[18.6144706548569,52.2085442740272],[18.6143884085286,52.2085742723024],[18.6143155172865,52.2085930768735],[18.6142825708462,52.2086016070815],[18.6142512099657,52.2086296326891],[18.6142272206505,52.2086511486608],[18.6141818269684,52.2086694505151],[18.6139309063128,52.208424669042],[18.6138121305891,52.2086063018221],[18.6137727305336,52.2086561197413],[18.6136750966149,52.2087798510671],[18.6135937866854,52.2088035524127],[18.6139270370032,52.2090670510753]]]},"properties":{"case_id":"ST-WK-KO/WNIOSEK/19315/2025","source_type":"wniosek_decyzja","received_date":"2025-09-23","decision_date":"2025-11-14","status":"decyzja wydana","description":"Budowa dwudziestu garaży","address":"Koło","city":"Koło","office":"Starosta Powiatu Koło","case_kind":"Obiekt budowlany inny niż budynek mieszkalny jednorodzinny","parcel_ids":["300901_1.0001.AR_10.15/7"],"location_quality":"dokładny","gunb_url":"https://wyszukiwarka.gunb.gov.pl/","parcel_count":1,"parcel_shard":"x074-y208","parcel_id":"300901_1.0001.AR_10.15/7","location_source":"powiat kolski (wfs)"}},{"type":"Feature","id":"ST-WK-KO/WNIOSEK/19316/2025::300901_1.0001.AR_10.15/8","geometry":{"type":"Polygon","coordinates":[[[18.6160659311349,52.2098956228778],[18.6167492925677,52.2092414402544],[18.6161884907549,52.2086605874889],[18.616136997954,52.2086798412386],[18.6145167313553,52.2092954822975],[18.6160659311349,52.2098956228778]]]},"properties":{"case_id":"ST-WK-KO/WNIOSEK/19316/2025","source_type":"wniosek_decyzja","received_date":"2025-09-23","decision_date":"2025-11-14","status":"decyzja wydana","description":"Budowa dwudziestu garaży","address":"Koło","city":"Koło","office":"Starosta Powiatu Koło","case_kind":"Obiekt budowlany inny niż budynek mieszkalny jednorodzinny","parcel_ids":["300901_1.0001.AR_10.15/8"],"location_quality":"dokładny","gunb_url":"https://wyszukiwarka.gunb.gov.pl/","parcel_count":1,"parcel_shard":"x074-y208","parcel_id":"300901_1.0001.AR_10.15/8","location_source":"powiat kolski (wfs)"}},{"type":"Feature","id":"ST-WK-KO/WNIOSEK/5130/2026::300901_1.0001.AR_12.25/5","geometry":{"type":"Polygon","coordinates":[[[18.6194075162016,52.2130255939759],[18.6198101864922,52.2134360657234],[18.6200576089337,52.2133469457297],[18.6204042433759,52.213220410879],[18.6205354673563,52.2131719507904],[18.6215516634083,52.2127961469441],[18.6216797896505,52.2127471973103],[18.6222833072217,52.2125240964353],[18.6222975962117,52.2125362687049],[18.6227028939891,52.2123926691647],[18.6215848664939,52.2112193751595],[18.6212747199792,52.2108927609852],[18.6205170230563,52.2101114883388],[18.6202637616662,52.2102056643141],[18.6201402197898,52.2102524808621],[18.6200166469107,52.2102982965454],[18.6198904804529,52.2103450538081],[18.6196327910658,52.2104405960648],[18.6193844712755,52.2105326769864],[18.6187170614042,52.2098408768613],[18.6187057807031,52.2098292517806],[18.6176094509321,52.2108902590665],[18.6176147924468,52.2108956238293],[18.6179969128552,52.2112688795775],[18.6186735981078,52.2119319599432],[18.618914704001,52.2121784818637],[18.6193173577014,52.2125753742822],[18.6194268974418,52.212687668423],[18.6196681838358,52.2129348188711],[18.6194075162016,52.2130255939759]]]},"properties":{"case_id":"ST-WK-KO/WNIOSEK/5130/2026","source_type":"wniosek_decyzja","received_date":"2026-03-19","decision_date":"2026-04-29","status":"decyzja wydana","description":"Budowa dwóch silosów oraz rozbudowa istniejących silosów wraz z instalacjami i urządzeniami technicznymi","address":"Koło","city":"Koło","office":"Starosta Powiatu Koło","case_kind":"Obiekt budowlany inny niż budynek mieszkalny jednorodzinny","parcel_ids":["300901_1.0001.AR_12.25/5"],"location_quality":"dokładny","gunb_url":"https://wyszukiwarka.gunb.gov.pl/","parcel_count":1,"parcel_shard":"x074-y208","parcel_id":"300901_1.0001.AR_12.25/5","location_source":"powiat kolski (wfs)"}},{"type":"Feature","id":"ST-WK-KO/ZGŁOSZENIE/819/2026::300901_1.0001.AR_15.35/9","geometry":{"type":"Polygon","coordinates":[[[18.6235679054733,52.206377756221],[18.6235996567408,52.2064094953825],[18.6236207259167,52.2064305954192],[18.6238084242785,52.2063608102429],[18.6249766058823,52.2059266809954],[18.6249574104386,52.2059026350547],[18.6248727450536,52.2057970394357],[18.6237830199602,52.2051200122018],[18.6235096901218,52.2051375534613],[18.622932446269,52.2057321880277],[18.6235679054733,52.206377756221]],[[18.6243165829117,52.2061305109859],[18.6242256216166,52.2060382354974],[18.62413480633,52.2059459575841],[18.624043990749,52.2058536796827],[18.6239531747857,52.2057614017937],[18.6238622121384,52.2056691263352],[18.6237713953235,52.2055768484983],[18.6236805742353,52.2054844808335],[18.6235897570218,52.2053922030104],[18.62372727008,52.2053409366863],[18.6238647847061,52.2052896700758],[18.623955603547,52.2053819475103],[18.6240465681758,52.2054742225843],[18.624137389824,52.2055665899751],[18.6242282068624,52.2056588675848],[18.6243190232996,52.2057511452441],[18.6244099854673,52.2058434205427],[18.6245008049313,52.2059357881122],[18.6245916202229,52.2060280658534],[18.6244541034824,52.2060793334475],[18.6243165829117,52.2061305109859]],[[18.6239533996424,52.2062653367605],[18.6238157370113,52.206316605824],[18.6237249230664,52.2062243275751],[18.6236341051693,52.2061319594518],[18.6235432911903,52.2060396811339],[18.6234524732742,52.2059473129505],[18.6233616593198,52.2058550345813],[18.6232708415456,52.2057626663369],[18.6232242927934,52.2057155119949],[18.6233169627078,52.2056193114463],[18.6234549134778,52.2055680382604],[18.6235457290655,52.2056603163731],[18.62363669088,52.2057525920606],[18.6237275062881,52.2058448701589],[18.6238184677188,52.2059371458329],[18.6239092826986,52.2060294239181],[18.6240000974862,52.2061217019967],[18.6240910583702,52.2062139776413],[18.6239533996424,52.2062653367605]]]},"properties":{"case_id":"ST-WK-KO/ZGŁOSZENIE/819/2026","source_type":"zgloszenie","received_date":"2026-03-19","decision_date":null,"status":"Brak sprzeciwu","description":"Budowa elektroenergetycznej linii kablowej niskiego napięcia","address":"Koło","city":"Koło","office":"Starosta Powiatu Koło","case_kind":"budowa nowego/nowych obiektów budowlanych","parcel_ids":["300901_1.0001.AR_15.35/9","300901_1.0001.AR_15.38/2","300901_1.0001.AR_23.37"],"location_quality":"dokładny","gunb_url":"https://wyszukiwarka.gunb.gov.pl/","parcel_count":3,"parcel_shard":"x074-y208","parcel_id":"300901_1.0001.AR_15.35/9","location_source":"powiat kolski (wfs)"}},{"type":"Feature","id":"ST-WK-KO/ZGŁOSZENIE/819/2026::300901_1.0001.AR_15.38/2","geometry":{"type":"Polygon","coordinates":[[[18.6237885238069,52.2048441724527],[18.6237612313983,52.2048726738013],[18.6236726860626,52.2049696159706],[18.6242218782039,52.2049852865859],[18.6248727450536,52.2057970394357],[18.6249574104386,52.2059026350547],[18.6249766058823,52.2059266809954],[18.6253655582547,52.2064115294155],[18.6255013134918,52.2065809323576],[18.6256939391739,52.2065381895285],[18.6250377040588,52.2056738407485],[18.6248678743791,52.2054813590513],[18.6243161675654,52.2048085889663],[18.6241148090679,52.2048794315531],[18.6238924284152,52.2048709606101],[18.6237885238069,52.2048441724527]]]},"properties":{"case_id":"ST-WK-KO/ZGŁOSZENIE/819/2026","source_type":"zgloszenie","received_date":"2026-03-19","decision_date":null,"status":"Brak sprzeciwu","description":"Budowa elektroenergetycznej linii kablowej niskiego napięcia","address":"Koło","city":"Koło","office":"Starosta Powiatu Koło","case_kind":"budowa nowego/nowych obiektów budowlanych","parcel_ids":["300901_1.0001.AR_15.35/9","300901_1.0001.AR_15.38/2","300901_1.0001.AR_23.37"],"location_quality":"dokładny","gunb_url":"https://wyszukiwarka.gunb.gov.pl/","parcel_count":3,"parcel_shard":"x074-y208","parcel_id":"300901_1.0001.AR_15.38/2","location_source":"powiat kolski (wfs)"}},{"type":"Feature","id":"ST-WK-KO/ZGŁOSZENIE/819/2026::300901_1.0001.AR_23.37","geometry":{"type":"Polygon","coordinates":[[[18.6248678743791,52.2054813590513],[18.6250377040588,52.2056738407485],[18.6253672817704,52.205566987007],[18.625522333973,52.2055184855491],[18.6256970224881,52.2054639057078],[18.6258616052344,52.2054058060556],[18.6260131105523,52.205356553308],[18.6257758097705,52.2050934366611],[18.6255555769431,52.2048490991867],[18.6250285469598,52.2042645712519],[18.6244572996101,52.2044138056021],[18.6241829068909,52.2045046453971],[18.6240849910671,52.2045346718369],[18.6243161675654,52.2048085889663],[18.6248678743791,52.2054813590513]]]},"properties":{"case_id":"ST-WK-KO/ZGŁOSZENIE/819/2026","source_type":"zgloszenie","received_date":"2026-03-19","decision_date":null,"status":"Brak sprzeciwu","description":"Budowa elektroenergetycznej linii kablowej niskiego napięcia","address":"Koło","city":"Koło","office":"Starosta Powiatu Koło","case_kind":"budowa nowego/nowych obiektów budowlanych","parcel_ids":["300901_1.0001.AR_15.35/9","300901_1.0001.AR_15.38/2","300901_1.0001.AR_23.37"],"location_quality":"dokładny","gunb_url":"https://wyszukiwarka.gunb.gov.pl/","parcel_count":3,"parcel_shard":"x074-y208","parcel_id":"300901_1.0001.AR_23.37","location_source":"powiat kolski (wfs)"}},{"type":"Feature","id":"ST-WK-KO/WNIOSEK/2641/2026::300901_1.0001.AR_17.42","geometry":{"type":"Polygon","coordinates":[[[18.618517724483,52.2043858043633],[18.6183380740262,52.2043700558636],[18.6181526925055,52.2043470287498],[18.6180981703222,52.2044223686685],[18.6203166842383,52.2066003345307],[18.6204444833672,52.2065531243821],[18.6205740975287,52.206513115103],[18.618517724483,52.2043858043633]]]},"properties":{"case_id":"ST-WK-KO/WNIOSEK/2641/2026","source_type":"wniosek_decyzja","received_date":"2026-02-12","decision_date":"2026-04-16","status":"decyzja wydana","description":"Budowa dwóch budynków mieszkalnych wielorodzinnych z urządzeniami budowlanymi","address":"Koło","city":"Koło","office":"Starosta Powiatu Koło","case_kind":"Obiekt budowlany inny niż budynek mieszkalny jednorodzinny","parcel_ids":["300901_1.0001.AR_17.42","300901_1.0001.AR_17.43","300901_1.0001.AR_17.44"],"location_quality":"dokładny","gunb_url":"https://wyszukiwarka.gunb.gov.pl/","parcel_count":3,"parcel_shard":"x074-y208","parcel_id":"300901_1.0001.AR_17.42","location_source":"powiat kolski (wfs)"}},{"type":"Feature","id":"ST-WK-KO/WNIOSEK/2641/2026::300901_1.0001.AR_17.43","geometry":{"type":"Polygon","coordinates":[[[18.6189135609428,52.2044296466545],[18.618517724483,52.2043858043633],[18.6205740975287,52.206513115103],[18.620674933679,52.2064763920714],[18.620778366567,52.206438817022],[18.6208625132176,52.2063985922064],[18.6189135609428,52.2044296466545]]]},"properties":{"case_id":"ST-WK-KO/WNIOSEK/2641/2026","source_type":"wniosek_decyzja","received_date":"2026-02-12","decision_date":"2026-04-16","status":"decyzja wydana","description":"Budowa dwóch budynków mieszkalnych wielorodzinnych z urządzeniami budowlanymi","address":"Koło","city":"Koło","office":"Starosta Powiatu Koło","case_kind":"Obiekt budowlany inny niż budynek mieszkalny jednorodzinny","parcel_ids":["300901_1.0001.AR_17.42","300901_1.0001.AR_17.43","300901_1.0001.AR_17.44"],"location_quality":"dokładny","gunb_url":"https://wyszukiwarka.gunb.gov.pl/","parcel_count":3,"parcel_shard":"x074-y208","parcel_id":"300901_1.0001.AR_17.43","location_source":"powiat kolski (wfs)"}},{"type":"Feature","id":"ST-WK-KO/WNIOSEK/2641/2026::300901_1.0001.AR_17.44","geometry":{"type":"Polygon","coordinates":[[[18.6208625132176,52.2063985922064],[18.6209392083203,52.2063619963378],[18.6190286951561,52.2044424089704],[18.6189135609428,52.2044296466545],[18.6208625132176,52.2063985922064]]]},"properties":{"case_id":"ST-WK-KO/WNIOSEK/2641/2026","source_type":"wniosek_decyzja","received_date":"2026-02-12","decision_date":"2026-04-16","status":"decyzja wydana","description":"Budowa dwóch budynków mieszkalnych wielorodzinnych z urządzeniami budowlanymi","address":"Koło","city":"Koło","office":"Starosta Powiatu Koło","case_kind":"Obiekt budowlany inny niż budynek mieszkalny jednorodzinny","parcel_ids":["300901_1.0001.AR_17.42","300901_1.0001.AR_17.43","300901_1.0001.AR_17.44"],"location_quality":"dokładny","gunb_url":"https://wyszukiwarka.gunb.gov.pl/","parcel_count":3,"parcel_shard":"x074-y208","parcel_id":"300901_1.0001.AR_17.44","location_source":"powiat kolski (wfs)"}},{"type":"Feature","id":"ST-WK-KO/WNIOSEK/2984/2026::300901_1.0001.AR_17.56/2","geometry":{"type":"Polygon","coordinates":[[[18.6224970890915,52.2048024751068],[18.6220100488554,52.2047501304359],[18.6219124264196,52.2047419377565],[18.6221623660692,52.20501388689],[18.6225739329109,52.2048895089365],[18.6224970890915,52.2048024751068]]]},"properties":{"case_id":"ST-WK-KO/WNIOSEK/2984/2026","source_type":"wniosek_decyzja","received_date":"2026-02-18","decision_date":"2026-04-02","status":"decyzja wydana","description":"Budowa budynku mieszkalnego jednorodzinnego z garażem w bryle budynku","address":"Koło","city":"Koło","office":"Starosta Powiatu Koło","case_kind":"Budynek mieszkalny jednorodzinny","parcel_ids":["300901_1.0001.AR_17.56/2"],"location_quality":"dokładny","gunb_url":"https://wyszukiwarka.gunb.gov.pl/","parcel_count":1,"parcel_shard":"x074-y208","parcel_id":"300901_1.0001.AR_17.56/2","location_source":"powiat kolski (wfs)"}},{"type":"Feature","id":"ST-WK-KO/WNIOSEK/2626/2026::300901_1.0001.AR_21.36","geometry":{"type":"Polygon","coordinates":[[[18.6208204780035,52.2028223683858],[18.6208981711216,52.2030472087991],[18.6216535211188,52.2030874600401],[18.6217134141624,52.2031254040884],[18.6218903793085,52.2030493944405],[18.6220674941468,52.2029734719339],[18.6219598636592,52.2026863696971],[18.6208204780035,52.2028223683858]]]},"properties":{"case_id":"ST-WK-KO/WNIOSEK/2626/2026","source_type":"wniosek_decyzja","received_date":"2026-02-13","decision_date":"2026-04-07","status":"decyzja wydana","description":"Rozbiórka dwóch budynków:  mieszkalnego jednorodzinnego  i gospodarczego","address":"Koło","city":"Koło","office":"Starosta Powiatu Koło","case_kind":"Budynek mieszkalny jednorodzinny","parcel_ids":["300901_1.0001.AR_21.36","300901_1.0001.AR_21.38/19"],"location_quality":"dokładny","gunb_url":"https://wyszukiwarka.gunb.gov.pl/","parcel_count":2,"parcel_shard":"x074-y208","parcel_id":"300901_1.0001.AR_21.36","location_source":"powiat kolski (wfs)"}},{"type":"Feature","id":"ST-WK-KO/WNIOSEK/2626/2026::300901_1.0001.AR_21.38/19","geometry":{"type":"Polygon","coordinates":[[[18.6163205007982,52.2001076909675],[18.6143282504569,52.200629940797],[18.6143832387134,52.2008685586758],[18.6143209897435,52.2009041941669],[18.6141546880052,52.2006731547838],[18.613841538784,52.2007602842013],[18.6076638478467,52.2024212953823],[18.6074989199906,52.2024649273255],[18.6074944761781,52.2025008738872],[18.6074618355862,52.2027474897415],[18.607735997865,52.2028205107587],[18.6089624930662,52.2028872208367],[18.6094164047943,52.2029108156282],[18.6105043834043,52.2029787885347],[18.6125157529765,52.2030007010137],[18.6126529077727,52.2030725392723],[18.615784109152,52.2032352749334],[18.6159037192604,52.2032601948191],[18.6163309128227,52.2033490260423],[18.6172666934717,52.2031674212001],[18.6181272371347,52.2031266721445],[18.6191507039304,52.2031007694422],[18.6207550848686,52.203077974719],[18.620842716883,52.2031044040435],[18.6209693726528,52.2030693231065],[18.6212429227003,52.2031613817076],[18.6212033376195,52.203089117757],[18.6211994222468,52.2030865748734],[18.6216508196277,52.2031127687459],[18.6217134141624,52.2031254040884],[18.6216535211188,52.2030874600401],[18.6208981711216,52.2030472087991],[18.6208204780035,52.2028223683858],[18.619852365285,52.2029364766404],[18.6196918355648,52.2024524438993],[18.621798023415,52.202202992414],[18.6218740603626,52.202430016467],[18.621957550188,52.2026802940432],[18.6221306540246,52.2026500210301],[18.6224076455899,52.202820958915],[18.6225096194207,52.2027668625203],[18.6223210162673,52.202639692746],[18.6225099935372,52.2025606972195],[18.622847723442,52.2024232378301],[18.6230225564525,52.2023722561986],[18.6229903084253,52.202350850109],[18.6224369933118,52.2019839723085],[18.6230823788604,52.2016136192317],[18.6234721838865,52.2015128827804],[18.6241409900023,52.2021085534444],[18.6241519106881,52.2021039679427],[18.6242149646945,52.2020768552736],[18.624267405513,52.2020446130163],[18.6243522250924,52.202009948866],[18.6244111679289,52.2019858708663],[18.6244480632753,52.2019729452433],[18.6246537876504,52.2018889062908],[18.6246883521908,52.2018802305433],[18.6246595539744,52.2018502735994],[18.6244765463465,52.2016935829816],[18.6245903606179,52.2016460335467],[18.6247659456654,52.2017910195383],[18.6249754635254,52.2016722297792],[18.6249788983001,52.2016704649021],[18.6251440027975,52.2016012108059],[18.6251919695148,52.2015804603662],[18.6252396437572,52.201559714737],[18.6252908272487,52.2015389112347],[18.6251267714993,52.2013942593388],[18.6247914373973,52.2013650850345],[18.6244814718921,52.2013033151191],[18.6184151546814,52.200414633571],[18.6181611941102,52.2004969449605],[18.6180490172262,52.2003610066919],[18.6163205007982,52.2001076909675]]]},"properties":{"case_id":"ST-WK-KO/WNIOSEK/2626/2026","source_type":"wniosek_decyzja","received_date":"2026-02-13","decision_date":"2026-04-07","status":"decyzja wydana","description":"Rozbiórka dwóch budynków:  mieszkalnego jednorodzinnego  i gospodarczego","address":"Koło","city":"Koło","office":"Starosta Powiatu Koło","case_kind":"Budynek mieszkalny jednorodzinny","parcel_ids":["300901_1.0001.AR_21.36","300901_1.0001.AR_21.38/19"],"location_quality":"dokładny","gunb_url":"https://wyszukiwarka.gunb.gov.pl/","parcel_count":2,"parcel_shard":"x074-y208","parcel_id":"300901_1.0001.AR_21.38/19","location_source":"powiat kolski (wfs)"}},{"type":"Feature","id":"ST-WK-KO/WNIOSEK/11736/2026::300901_1.0001.AR_22.29","geometry":{"type":"Polygon","coordinates":[[[18.6314249441583,52.2026032972209],[18.6318429352828,52.2024981201247],[18.6318856262989,52.2024872549405],[18.6320619983011,52.2024415435921],[18.6319425822137,52.2023077582929],[18.6318286829065,52.2021796357984],[18.6311047247092,52.2013597847907],[18.6302741755616,52.2016336940238],[18.6302774232517,52.201637686171],[18.6307381256097,52.2022087385619],[18.6307476415162,52.2022205159286],[18.6311179163333,52.2026794875309],[18.6314249441583,52.2026032972209]]]},"properties":{"case_id":"ST-WK-KO/WNIOSEK/11736/2026","source_type":"wniosek_decyzja","received_date":"2026-06-22","decision_date":"2026-08-03","status":"decyzja wydana","description":"Remont dachu nad salą gimnastyczną w budynku SP3 w Kole","address":"Koło","city":"Koło","office":"Starosta Powiatu Koło","case_kind":"Obiekt budowlany inny niż budynek mieszkalny jednorodzinny","parcel_ids":["300901_1.0001.AR_22.29"],"location_quality":"dokładny","gunb_url":"https://wyszukiwarka.gunb.gov.pl/","parcel_count":1,"parcel_shard":"x074-y208","parcel_id":"300901_1.0001.AR_22.29","location_source":"powiat kolski (wfs)"}},{"type":"Feature","id":"ST-WK-KO/WNIOSEK/5711/2026::300901_1.0001.AR_22.40","geometry":{"type":"Polygon","coordinates":[[[18.6226886565497,52.2035001723883],[18.6225459722749,52.203577147351],[18.6224072735088,52.2036683519042],[18.6223604725764,52.2036991523266],[18.6221409745758,52.2038368214914],[18.6221090028231,52.2038553297781],[18.6219051870136,52.2039734096783],[18.6216810105717,52.2041111546882],[18.6218966171932,52.2042334767516],[18.6220235404048,52.2041474120235],[18.6225613760908,52.2037828745307],[18.6226595887071,52.2037162524622],[18.622723547014,52.2036728516753],[18.6229696221234,52.2035070510471],[18.6232333551789,52.2033334963312],[18.623223864632,52.2033272692495],[18.623743556571,52.2030269491998],[18.6237819487243,52.2030044651824],[18.6242751401187,52.2027381529178],[18.624527904757,52.2026017277206],[18.624757931843,52.2025146551726],[18.6252555545671,52.2023529792627],[18.6255461999181,52.2022566586495],[18.6259839025105,52.202106662508],[18.6264103611035,52.2019606284748],[18.6272820057033,52.2016620498384],[18.6273395270811,52.2016423101735],[18.6278412420365,52.201517601879],[18.628512314419,52.2013508086073],[18.6291740548919,52.201184886787],[18.6294288411126,52.2011054288889],[18.629417055995,52.201090249535],[18.6294997213681,52.201070004387],[18.6295628594498,52.2010549365428],[18.6296172990667,52.2010417205249],[18.6298354636294,52.2009914568161],[18.6300744110308,52.2009379725688],[18.6300797758541,52.20094687457],[18.6301757871304,52.2009206546535],[18.6302161251014,52.2009128858544],[18.6302412150626,52.200907818203],[18.6302971875817,52.2008973194381],[18.6303029887596,52.2008978394635],[18.6305286960509,52.2008463914253],[18.6306497033475,52.2008164474771],[18.6308293946152,52.2007915760921],[18.6308487816457,52.200786798754],[18.6309707966041,52.2007572953098],[18.6308909200766,52.2006636192597],[18.6307420297669,52.2004892413625],[18.6294547398753,52.2008747520618],[18.6293331809937,52.2009123618245],[18.6286797871142,52.2011150975144],[18.6286400445128,52.2011264523387],[18.6285750703645,52.2011497316095],[18.6285952730605,52.2011800561117],[18.6283186010618,52.2012500512702],[18.6283041777367,52.2012541726114],[18.6282421103599,52.201271669912],[18.628138350127,52.2012992757824],[18.6275086310203,52.2014554199905],[18.627444778732,52.2014708591492],[18.6272714606882,52.2015179238441],[18.6267713432428,52.2016758705353],[18.6266315109329,52.2017240302345],[18.6260179994174,52.2019359045084],[18.6258497440553,52.2019933443175],[18.6257004363146,52.2020557761152],[18.625520955073,52.2021309331505],[18.6252798708819,52.2022112670335],[18.6251516090047,52.2022548187508],[18.6246085566161,52.2024649709701],[18.6244420527306,52.2025290326127],[18.6242255332397,52.2026507404312],[18.624151998241,52.2026891744794],[18.6240602613335,52.2027388400613],[18.6239747658954,52.2027862987435],[18.6238854961616,52.2028358445284],[18.6236918731294,52.2029424785872],[18.6236550762031,52.2029643934544],[18.6234192957759,52.2030942418211],[18.6233207187427,52.2031524191242],[18.6231916898193,52.2032236854818],[18.6231129605311,52.2032672400663],[18.6230563672569,52.2032982921397],[18.6229258982026,52.203370121392],[18.6228362102844,52.2034207793382],[18.6226886565497,52.2035001723883]]]},"properties":{"case_id":"ST-WK-KO/WNIOSEK/5711/2026","source_type":"wniosek_decyzja","received_date":"2026-03-26","decision_date":"2026-05-08","status":"decyzja wydana","description":"Przebudowa ulicy Sportowej w Kole wraz z budową kanalizacji deszczowej","address":"Sportowa, Koło","city":"Koło","office":"Starosta Powiatu Koło","case_kind":"Obiekt budowlany inny niż budynek mieszkalny jednorodzinny","parcel_ids":["300901_1.0001.AR_22.40","300901_1.0001.AR_22.70","300901_1.0001.AR_27.56/5","300901_1.0001.AR_27.57/1","300901_1.0001.AR_27.57/2","300901_1.0001.AR_27.57/3","300901_1.0001.AR_27.96/2","300901_1.0001.AR_28.1/11","300901_1.0001.AR_28.3","300901_1.0001.AR_28.4","300901_1.0001.AR_32.2"],"location_quality":"dokładny","gunb_url":"https://wyszukiwarka.gunb.gov.pl/","parcel_count":11,"parcel_shard":"x074-y208","parcel_id":"300901_1.0001.AR_22.40","location_source":"powiat kolski (wfs)"}},{"type":"Feature","id":"ST-WK-KO/WNIOSEK/5711/2026::300901_1.0001.AR_22.70","geometry":{"type":"Polygon","coordinates":[[[18.6307420297669,52.2004892413625],[18.6303770793886,52.1999210002327],[18.6305059348037,52.1998892137482],[18.6304379093064,52.1997748918105],[18.6302547381011,52.1997630723665],[18.6300062145025,52.1998583414738],[18.6297436685279,52.1999742502302],[18.6296131023622,52.200013267589],[18.6296420957349,52.2000538757137],[18.6292617923912,52.2002240530631],[18.6292379586249,52.2001910016591],[18.6288587989895,52.2003405707217],[18.6289324025651,52.2004376226133],[18.6291479454251,52.2007387549577],[18.6293027612815,52.2006887287258],[18.6294547398753,52.2008747520618],[18.6307420297669,52.2004892413625]]]},"properties":{"case_id":"ST-WK-KO/WNIOSEK/5711/2026","source_type":"wniosek_decyzja","received_date":"2026-03-26","decision_date":"2026-05-08","status":"decyzja wydana","description":"Przebudowa ulicy Sportowej w Kole wraz z budową kanalizacji deszczowej","address":"Sportowa, Koło","city":"Koło","office":"Starosta Powiatu Koło","case_kind":"Obiekt budowlany inny niż budynek mieszkalny jednorodzinny","parcel_ids":["300901_1.0001.AR_22.40","300901_1.0001.AR_22.70","300901_1.0001.AR_27.56/5","300901_1.0001.AR_27.57/1","300901_1.0001.AR_27.57/2","300901_1.0001.AR_27.57/3","300901_1.0001.AR_27.96/2","300901_1.0001.AR_28.1/11","300901_1.0001.AR_28.3","300901_1.0001.AR_28.4","300901_1.0001.AR_32.2"],"location_quality":"dokładny","gunb_url":"https://wyszukiwarka.gunb.gov.pl/","parcel_count":11,"parcel_shard":"x074-y208","parcel_id":"300901_1.0001.AR_22.70","location_source":"powiat kolski (wfs)"}},{"type":"Feature","id":"ST-WK-KO/WNIOSEK/5711/2026::300901_1.0001.AR_27.56/5","geometry":{"type":"Polygon","coordinates":[[[18.6369850153042,52.1993437738629],[18.637261380412,52.1992499244318],[18.6375399935502,52.1991572906683],[18.6373895710002,52.1989806852526],[18.6372193844284,52.1990368197566],[18.6370228322096,52.1991022888158],[18.6366856273221,52.1992134161306],[18.6366662494912,52.1991886523595],[18.6365514882028,52.1993240608884],[18.6363888712897,52.1993793441286],[18.6362509680692,52.199424329163],[18.6362339201887,52.199432612612],[18.6361888902612,52.1994467530228],[18.6360438892062,52.1994933839674],[18.6360694195089,52.1995216417828],[18.6359885232569,52.1995486923528],[18.6359074767119,52.1995756555776],[18.6358300101788,52.199604177972],[18.6358278916375,52.1996048792163],[18.6356765579225,52.1996552015733],[18.6355745794563,52.1996883901825],[18.6354489904963,52.199729229102],[18.6352228812165,52.1998062579422],[18.6350413031681,52.1998663517779],[18.6348684145305,52.1999244140048],[18.6347859751267,52.1999530192759],[18.6347009431661,52.1999825665222],[18.6344755717006,52.2000595586754],[18.634365996748,52.2000995147065],[18.6342470697572,52.2001401500522],[18.6341166376898,52.2001843523767],[18.6339429131802,52.2002494592702],[18.6337442927638,52.2003125425198],[18.63361617306,52.2003548444136],[18.633495598159,52.2004031275461],[18.6333944545707,52.2004230506643],[18.6332574757936,52.200472606768],[18.6330627114009,52.2005391216839],[18.6329694015668,52.2005701539548],[18.6328798420059,52.2005999553885],[18.6327963722071,52.2006284872846],[18.6326556655874,52.2006764861829],[18.6325154607766,52.2007225886287],[18.6323726591618,52.2007695430147],[18.6323197215284,52.2007902874473],[18.6320624331071,52.2008759057631],[18.6319263923815,52.2009202305419],[18.6318298796533,52.2009516746056],[18.6318067892281,52.2009256238699],[18.6316960149132,52.2009624734993],[18.6315479027116,52.2010083854283],[18.6314581891967,52.2010360988059],[18.6311242805466,52.2011422344001],[18.6311047247092,52.2013597847907],[18.631212806683,52.2013251831533],[18.6315699496225,52.2012041115139],[18.6317512319075,52.2011428343195],[18.6317296996798,52.2011201203731],[18.6318982761745,52.2010628637851],[18.6321386007443,52.2009811853625],[18.6322423846784,52.2009464454921],[18.6323100058252,52.2009243951493],[18.6323509155765,52.2009110550035],[18.6324443177888,52.2008787629084],[18.6325550845141,52.2008405887538],[18.6327356084312,52.2007810736152],[18.6327734977735,52.2007675956806],[18.6329216992654,52.2007178169386],[18.6329529992768,52.2007073129926],[18.6329556192671,52.2007064001513],[18.633093187763,52.2006598239841],[18.6332571001373,52.2006041454502],[18.6334014177839,52.2005550973014],[18.6335384120436,52.200509226969],[18.6336376491164,52.2004765679338],[18.633736886029,52.2004439088514],[18.6337389015201,52.2004431562574],[18.6338359726158,52.2004111623034],[18.6339305894255,52.2003799281581],[18.6340926021054,52.2003240237095],[18.6342061837955,52.2002848337404],[18.634368618563,52.2002285625789],[18.6344657874771,52.2001954879892],[18.6345299462061,52.2001737482034],[18.6345657027622,52.2001616487094],[18.6347748790036,52.2000902193194],[18.6349097043258,52.2000450138559],[18.6349340288268,52.2000367896405],[18.6350492517281,52.1999976920187],[18.6351872546179,52.1999511110575],[18.6353271166362,52.1999041491832],[18.6354229797699,52.199871366214],[18.6355965469596,52.1998121245311],[18.6356967880901,52.1997790895638],[18.6357368434363,52.1997649412788],[18.6358771790051,52.1997186566342],[18.6359170958923,52.1997046905171],[18.6359288564418,52.1996992815232],[18.6361501036358,52.1996263059603],[18.6362192751189,52.1996021464788],[18.6367056300638,52.1994388388661],[18.6367709359899,52.199416631296],[18.6369850153042,52.1993437738629]]]},"properties":{"case_id":"ST-WK-KO/WNIOSEK/5711/2026","source_type":"wniosek_decyzja","received_date":"2026-03-26","decision_date":"2026-05-08","status":"decyzja wydana","description":"Przebudowa ulicy Sportowej w Kole wraz z budową kanalizacji deszczowej","address":"Sportowa, Koło","city":"Koło","office":"Starosta Powiatu Koło","case_kind":"Obiekt budowlany inny niż budynek mieszkalny jednorodzinny","parcel_ids":["300901_1.0001.AR_22.40","300901_1.0001.AR_22.70","300901_1.0001.AR_27.56/5","300901_1.0001.AR_27.57/1","300901_1.0001.AR_27.57/2","300901_1.0001.AR_27.57/3","300901_1.0001.AR_27.96/2","300901_1.0001.AR_28.1/11","300901_1.0001.AR_28.3","300901_1.0001.AR_28.4","300901_1.0001.AR_32.2"],"location_quality":"dokładny","gunb_url":"https://wyszukiwarka.gunb.gov.pl/","parcel_count":11,"parcel_shard":"x074-y208","parcel_id":"300901_1.0001.AR_27.56/5","location_source":"powiat kolski (wfs)"}},{"type":"Feature","id":"ST-WK-KO/WNIOSEK/5711/2026::300901_1.0001.AR_27.57/1","geometry":{"type":"Polygon","coordinates":[[[18.6308909200766,52.2006636192597],[18.6309707966041,52.2007572953098],[18.6309791719786,52.2007702829548],[18.6309933112779,52.2007667919559],[18.6310072130112,52.2007878391418],[18.6309929299873,52.2007915106686],[18.6310463252345,52.200874452926],[18.6309473460649,52.2008986203118],[18.6309972218521,52.2009602801294],[18.631136235857,52.2011188019692],[18.6311242805466,52.2011422344001],[18.6314581891967,52.2010360988059],[18.6313851640609,52.2009475163433],[18.6313168547667,52.2008645829877],[18.6312633939238,52.2008018382754],[18.6312448470797,52.2007729965105],[18.631134937643,52.2006038033115],[18.6308909200766,52.2006636192597]]]},"properties":{"case_id":"ST-WK-KO/WNIOSEK/5711/2026","source_type":"wniosek_decyzja","received_date":"2026-03-26","decision_date":"2026-05-08","status":"decyzja wydana","description":"Przebudowa ulicy Sportowej w Kole wraz z budową kanalizacji deszczowej","address":"Sportowa, Koło","city":"Koło","office":"Starosta Powiatu Koło","case_kind":"Obiekt budowlany inny niż budynek mieszkalny jednorodzinny","parcel_ids":["300901_1.0001.AR_22.40","300901_1.0001.AR_22.70","300901_1.0001.AR_27.56/5","300901_1.0001.AR_27.57/1","300901_1.0001.AR_27.57/2","300901_1.0001.AR_27.57/3","300901_1.0001.AR_27.96/2","300901_1.0001.AR_28.1/11","300901_1.0001.AR_28.3","300901_1.0001.AR_28.4","300901_1.0001.AR_32.2"],"location_quality":"dokładny","gunb_url":"https://wyszukiwarka.gunb.gov.pl/","parcel_count":11,"parcel_shard":"x074-y208","parcel_id":"300901_1.0001.AR_27.57/1","location_source":"powiat kolski (wfs)"}},{"type":"Feature","id":"ST-WK-KO/WNIOSEK/5711/2026::300901_1.0001.AR_27.57/2","geometry":{"type":"Polygon","coordinates":[[[18.6307420297669,52.2004892413625],[18.6308909200766,52.2006636192597],[18.631134937643,52.2006038033115],[18.6310996478543,52.2005495254849],[18.6309979930941,52.2004260363267],[18.6307420297669,52.2004892413625]]]},"properties":{"case_id":"ST-WK-KO/WNIOSEK/5711/2026","source_type":"wniosek_decyzja","received_date":"2026-03-26","decision_date":"2026-05-08","status":"decyzja wydana","description":"Przebudowa ulicy Sportowej w Kole wraz z budową kanalizacji deszczowej","address":"Sportowa, Koło","city":"Koło","office":"Starosta Powiatu Koło","case_kind":"Obiekt budowlany inny niż budynek mieszkalny jednorodzinny","parcel_ids":["300901_1.0001.AR_22.40","300901_1.0001.AR_22.70","300901_1.0001.AR_27.56/5","300901_1.0001.AR_27.57/1","300901_1.0001.AR_27.57/2","300901_1.0001.AR_27.57/3","300901_1.0001.AR_27.96/2","300901_1.0001.AR_28.1/11","300901_1.0001.AR_28.3","300901_1.0001.AR_28.4","300901_1.0001.AR_32.2"],"location_quality":"dokładny","gunb_url":"https://wyszukiwarka.gunb.gov.pl/","parcel_count":11,"parcel_shard":"x074-y208","parcel_id":"300901_1.0001.AR_27.57/2","location_source":"powiat kolski (wfs)"}},{"type":"Feature","id":"ST-WK-KO/WNIOSEK/5711/2026::300901_1.0001.AR_27.57/3","geometry":{"type":"Polygon","coordinates":[[[18.6307420297669,52.2004892413625],[18.6309979930941,52.2004260363267],[18.6309490563782,52.2003480135388],[18.6308823213077,52.2002423133295],[18.6306008813664,52.1997869635735],[18.6304379093064,52.1997748918105],[18.6305059348037,52.1998892137482],[18.6303770793886,52.1999210002327],[18.6307420297669,52.2004892413625]]]},"properties":{"case_id":"ST-WK-KO/WNIOSEK/5711/2026","source_type":"wniosek_decyzja","received_date":"2026-03-26","decision_date":"2026-05-08","status":"decyzja wydana","description":"Przebudowa ulicy Sportowej w Kole wraz z budową kanalizacji deszczowej","address":"Sportowa, Koło","city":"Koło","office":"Starosta Powiatu Koło","case_kind":"Obiekt budowlany inny niż budynek mieszkalny jednorodzinny","parcel_ids":["300901_1.0001.AR_22.40","300901_1.0001.AR_22.70","300901_1.0001.AR_27.56/5","300901_1.0001.AR_27.57/1","300901_1.0001.AR_27.57/2","300901_1.0001.AR_27.57/3","300901_1.0001.AR_27.96/2","300901_1.0001.AR_28.1/11","300901_1.0001.AR_28.3","300901_1.0001.AR_28.4","300901_1.0001.AR_32.2"],"location_quality":"dokładny","gunb_url":"https://wyszukiwarka.gunb.gov.pl/","parcel_count":11,"parcel_shard":"x074-y208","parcel_id":"300901_1.0001.AR_27.57/3","location_source":"powiat kolski (wfs)"}},{"type":"Feature","id":"ST-WK-KO/WNIOSEK/5711/2026::300901_1.0001.AR_27.96/2","geometry":{"type":"Polygon","coordinates":[[[18.6340255308827,52.1992557867222],[18.6339646559696,52.1992889804732],[18.6336837803888,52.1994569874307],[18.6336702874789,52.1995096261766],[18.6336567905973,52.1995621750451],[18.6335060167917,52.1996374033349],[18.6333548116415,52.1997128183834],[18.6332829142605,52.1997449353179],[18.63321116297,52.1997770497974],[18.6330511728708,52.1998456869845],[18.6328904629587,52.199914605584],[18.6328180237339,52.1999443936548],[18.6327455843972,52.1999741816725],[18.6324107513213,52.2000998325964],[18.6323105978107,52.2001015783634],[18.6322111714192,52.2001032221369],[18.6319321724103,52.2001874909887],[18.6318537346981,52.2002073081696],[18.6317752969157,52.2002271252984],[18.63148725644,52.2002987759189],[18.6314248892686,52.2003200837912],[18.6313622664173,52.2003414789584],[18.6311811289738,52.2003851096587],[18.6309979930941,52.2004260363267],[18.6310996478543,52.2005495254849],[18.6312257395557,52.200518741668],[18.6313705609803,52.2005073981148],[18.6314427415043,52.2005017099948],[18.6317319448509,52.200433187023],[18.6318044196929,52.2004141877508],[18.6318767521837,52.2003952806928],[18.6321587790057,52.2003166260641],[18.6322278037962,52.2002957056434],[18.6322968324444,52.2002748750312],[18.6325740771043,52.2001873079185],[18.6326444887359,52.2001646561312],[18.6327107073142,52.2001431525071],[18.6329805337874,52.2000466266987],[18.6330040555387,52.2000391351256],[18.6330910387081,52.1999973287628],[18.6331108735198,52.1999891788935],[18.6334276417133,52.1998487209077],[18.6334928645702,52.199817883137],[18.6335516058444,52.19979272674],[18.63386060718,52.1996387305016],[18.6339283271304,52.1996047944147],[18.6339936165493,52.1995721571987],[18.6342970028379,52.1994203208114],[18.6342931620425,52.1993761501564],[18.6342895147847,52.1993330551464],[18.6345415546169,52.1992215365608],[18.6345958406576,52.1991982515857],[18.6346498381701,52.1991750612876],[18.6349047684571,52.1990661016906],[18.6349598206473,52.1990436131103],[18.6350147344608,52.1990213066152],[18.6352806871286,52.1989234926389],[18.6353382085045,52.1989039300938],[18.6353875304423,52.1988809068082],[18.6359304793093,52.198696962596],[18.6360120694809,52.1986757429402],[18.6358888240076,52.1985247530983],[18.6358252571864,52.1985465741773],[18.6358181631327,52.1985616167257],[18.6356260357338,52.1986279122847],[18.6356152484196,52.198618830015],[18.6355648010229,52.1986362080381],[18.6353524955426,52.198709490247],[18.6352915521471,52.1987310877097],[18.6352309011176,52.1987526803041],[18.6350835295501,52.1988019609529],[18.6350222737585,52.198823113924],[18.6349610179233,52.1988442668634],[18.6348152935129,52.1988944191158],[18.6347573724709,52.1989179682089],[18.6346995738175,52.1989414674962],[18.6345605817823,52.1989983411041],[18.6345023203656,52.1990243892482],[18.6344439126744,52.1990504397855],[18.6343075198793,52.1991098774278],[18.6342522888413,52.1991383028117],[18.6341969233486,52.1991670001015],[18.634068547123,52.1992324185197],[18.6340255308827,52.1992557867222]]]},"properties":{"case_id":"ST-WK-KO/WNIOSEK/5711/2026","source_type":"wniosek_decyzja","received_date":"2026-03-26","decision_date":"2026-05-08","status":"decyzja wydana","description":"Przebudowa ulicy Sportowej w Kole wraz z budową kanalizacji deszczowej","address":"Sportowa, Koło","city":"Koło","office":"Starosta Powiatu Koło","case_kind":"Obiekt budowlany inny niż budynek mieszkalny jednorodzinny","parcel_ids":["300901_1.0001.AR_22.40","300901_1.0001.AR_22.70","300901_1.0001.AR_27.56/5","300901_1.0001.AR_27.57/1","300901_1.0001.AR_27.57/2","300901_1.0001.AR_27.57/3","300901_1.0001.AR_27.96/2","300901_1.0001.AR_28.1/11","300901_1.0001.AR_28.3","300901_1.0001.AR_28.4","300901_1.0001.AR_32.2"],"location_quality":"dokładny","gunb_url":"https://wyszukiwarka.gunb.gov.pl/","parcel_count":11,"parcel_shard":"x074-y208","parcel_id":"300901_1.0001.AR_27.96/2","location_source":"powiat kolski (wfs)"}},{"type":"Feature","id":"ST-WK-KO/WNIOSEK/5711/2026::300901_1.0001.AR_28.1/11","geometry":{"type":"Polygon","coordinates":[[[18.6244814718921,52.2013033151191],[18.6247914373973,52.2013650850345],[18.6251267714993,52.2013942593388],[18.6253467339759,52.2014151762953],[18.6255596358941,52.2013816359837],[18.6259436711927,52.2013298086675],[18.6264050421683,52.2012027119931],[18.6264816572004,52.2011745660589],[18.6265527430489,52.2011203486044],[18.6266804889479,52.2011271418033],[18.6267458960127,52.2011137455547],[18.6267597289004,52.2011088422151],[18.6268413316575,52.201077647048],[18.6268549388293,52.2010742758286],[18.6268699493116,52.2010695328648],[18.6268868908915,52.201055407808],[18.6269377558557,52.2010326085765],[18.6272576780916,52.2009090328266],[18.6277718609425,52.20074451674],[18.6278614172589,52.2007159082157],[18.6278377215109,52.2006909735624],[18.6279314809536,52.2006500475702],[18.6280541958429,52.2006221295562],[18.6280797175415,52.2006502984077],[18.6281568115665,52.2006264597315],[18.6283878006649,52.2005549483929],[18.6285645289398,52.2005241606649],[18.6288587989895,52.2003405707217],[18.6292379586249,52.2001910016591],[18.6292617923912,52.2002240530631],[18.6296420957349,52.2000538757137],[18.6296131023622,52.200013267589],[18.6297436685279,52.1999742502302],[18.6300062145025,52.1998583414738],[18.6302547381011,52.1997630723665],[18.6304379093064,52.1997748918105],[18.6303424942887,52.1996185828789],[18.6299383197276,52.1996243595546],[18.629788393808,52.1996522788328],[18.6295230671981,52.1997280452631],[18.6292684377914,52.1998175699266],[18.6290909080635,52.1998968307388],[18.6290384887331,52.1999294328031],[18.6287757772768,52.2000115379544],[18.6285321945713,52.2001128364732],[18.6283469320895,52.2002093960977],[18.6281433903788,52.200279465329],[18.6277243565276,52.2004274424187],[18.6271732867181,52.2006010627484],[18.6264593393635,52.200824569743],[18.6260974328559,52.2009373481614],[18.625385636195,52.1992334970459],[18.6276728320141,52.1988609662161],[18.6276603200541,52.1988190966991],[18.6273779419928,52.1988562113029],[18.6269214583647,52.1989203819543],[18.6265585387972,52.1989492936446],[18.6261769743489,52.1989667343321],[18.6253841546707,52.1989683876564],[18.6237633849557,52.1989780146405],[18.6230174073426,52.1989867951282],[18.6226416649429,52.1990001748367],[18.6216551421955,52.1990626262114],[18.6212266766587,52.1990950304467],[18.6211861557768,52.1992698482242],[18.6210966684244,52.1992846268503],[18.62104029163,52.199119045347],[18.6207880314882,52.199145671971],[18.620644551577,52.1991637658226],[18.6201659103522,52.199233403952],[18.6193514109931,52.1993688888082],[18.6188065555765,52.1994737742548],[18.6182848769991,52.1995901441291],[18.6178922157311,52.1996956718403],[18.6163205007982,52.2001076909675],[18.6180490172262,52.2003610066919],[18.6180292300539,52.2003370228156],[18.6182879879647,52.2002526193592],[18.6184177762025,52.2004138109238],[18.6184151546814,52.200414633571],[18.6244814718921,52.2013033151191]],[[18.6191311056083,52.2004311920159],[18.6190163274216,52.2002661475858],[18.6192867288975,52.2001987578217],[18.6194018104307,52.2003645194303],[18.6191311056083,52.2004311920159]],[[18.6202164131887,52.2003225816224],[18.6201486128421,52.200149022518],[18.6204332247102,52.2001043846501],[18.620501312363,52.2002774926898],[18.6202164131887,52.2003225816224]],[[18.6207192522551,52.1999409188973],[18.620700379322,52.1997621593885],[18.6209907195452,52.1997509249445],[18.6210126626371,52.1999294884951],[18.6207192522551,52.1999409188973]],[[18.6220007290355,52.2002852377666],[18.6220324664771,52.2001068408454],[18.6223250194522,52.2001072757013],[18.6222935870064,52.2002864800043],[18.6220007290355,52.2002852377666]],[[18.6236009331431,52.2001678592174],[18.6234728623267,52.1999948002348],[18.6237824475731,52.1999163177816],[18.6239114702044,52.2000841584301],[18.6236009331431,52.2001678592174]],[[18.6248194391935,52.1998374006312],[18.6246834083638,52.1996811025494],[18.6249600137494,52.1995980279984],[18.6250916839238,52.1997458103779],[18.6248194391935,52.1998374006312]]]},"properties":{"case_id":"ST-WK-KO/WNIOSEK/5711/2026","source_type":"wniosek_decyzja","received_date":"2026-03-26","decision_date":"2026-05-08","status":"decyzja wydana","description":"Przebudowa ulicy Sportowej w Kole wraz z budową kanalizacji deszczowej","address":"Sportowa, Koło","city":"Koło","office":"Starosta Powiatu Koło","case_kind":"Obiekt budowlany inny niż budynek mieszkalny jednorodzinny","parcel_ids":["300901_1.0001.AR_22.40","300901_1.0001.AR_22.70","300901_1.0001.AR_27.56/5","300901_1.0001.AR_27.57/1","300901_1.0001.AR_27.57/2","300901_1.0001.AR_27.57/3","300901_1.0001.AR_27.96/2","300901_1.0001.AR_28.1/11","300901_1.0001.AR_28.3","300901_1.0001.AR_28.4","300901_1.0001.AR_32.2"],"location_quality":"dokładny","gunb_url":"https://wyszukiwarka.gunb.gov.pl/","parcel_count":11,"parcel_shard":"x074-y208","parcel_id":"300901_1.0001.AR_28.1/11","location_source":"powiat kolski (wfs)"}},{"type":"Feature","id":"ST-WK-KO/WNIOSEK/5711/2026::300901_1.0001.AR_28.3","geometry":{"type":"Polygon","coordinates":[[[18.6277287273236,52.1990483966858],[18.6283469320895,52.2002093960977],[18.6285321945713,52.2001128364732],[18.6287757772768,52.2000115379544],[18.6290384887331,52.1999294328031],[18.6290909080635,52.1998968307388],[18.6292684377914,52.1998175699266],[18.6295230671981,52.1997280452631],[18.629788393808,52.1996522788328],[18.6299383197276,52.1996243595546],[18.6303424942887,52.1996185828789],[18.6298234518119,52.198792022605],[18.6294931668207,52.1988644563688],[18.6294595160057,52.1988210481713],[18.6287964674122,52.1989561541309],[18.6286851178674,52.1989728265152],[18.6286090980088,52.1989810039959],[18.6284725888699,52.1989944952643],[18.6277287273236,52.1990483966858]]]},"properties":{"case_id":"ST-WK-KO/WNIOSEK/5711/2026","source_type":"wniosek_decyzja","received_date":"2026-03-26","decision_date":"2026-05-08","status":"decyzja wydana","description":"Przebudowa ulicy Sportowej w Kole wraz z budową kanalizacji deszczowej","address":"Sportowa, Koło","city":"Koło","office":"Starosta Powiatu Koło","case_kind":"Obiekt budowlany inny niż budynek mieszkalny jednorodzinny","parcel_ids":["300901_1.0001.AR_22.40","300901_1.0001.AR_22.70","300901_1.0001.AR_27.56/5","300901_1.0001.AR_27.57/1","300901_1.0001.AR_27.57/2","300901_1.0001.AR_27.57/3","300901_1.0001.AR_27.96/2","300901_1.0001.AR_28.1/11","300901_1.0001.AR_28.3","300901_1.0001.AR_28.4","300901_1.0001.AR_32.2"],"location_quality":"dokładny","gunb_url":"https://wyszukiwarka.gunb.gov.pl/","parcel_count":11,"parcel_shard":"x074-y208","parcel_id":"300901_1.0001.AR_28.3","location_source":"powiat kolski (wfs)"}},{"type":"Feature","id":"ST-WK-KO/WNIOSEK/5711/2026::300901_1.0001.AR_28.4","geometry":{"type":"Polygon","coordinates":[[[18.6303424942887,52.1996185828789],[18.6304379093064,52.1997748918105],[18.6306008813664,52.1997869635735],[18.63058959404,52.1997714762649],[18.6304620712531,52.1995659007824],[18.6300171859602,52.198725439543],[18.6298234518119,52.198792022605],[18.6303424942887,52.1996185828789]]]},"properties":{"case_id":"ST-WK-KO/WNIOSEK/5711/2026","source_type":"wniosek_decyzja","received_date":"2026-03-26","decision_date":"2026-05-08","status":"decyzja wydana","description":"Przebudowa ulicy Sportowej w Kole wraz z budową kanalizacji deszczowej","address":"Sportowa, Koło","city":"Koło","office":"Starosta Powiatu Koło","case_kind":"Obiekt budowlany inny niż budynek mieszkalny jednorodzinny","parcel_ids":["300901_1.0001.AR_22.40","300901_1.0001.AR_22.70","300901_1.0001.AR_27.56/5","300901_1.0001.AR_27.57/1","300901_1.0001.AR_27.57/2","300901_1.0001.AR_27.57/3","300901_1.0001.AR_27.96/2","300901_1.0001.AR_28.1/11","300901_1.0001.AR_28.3","300901_1.0001.AR_28.4","300901_1.0001.AR_32.2"],"location_quality":"dokładny","gunb_url":"https://wyszukiwarka.gunb.gov.pl/","parcel_count":11,"parcel_shard":"x074-y208","parcel_id":"300901_1.0001.AR_28.4","location_source":"powiat kolski (wfs)"}},{"type":"Feature","id":"ST-WK-KO/WNIOSEK/5711/2026::300901_1.0001.AR_32.2","geometry":{"type":"Polygon","coordinates":[[[18.6298234518119,52.198792022605],[18.6300171859602,52.198725439543],[18.6327892008854,52.1981761425477],[18.634563983133,52.1978226464257],[18.6346481125819,52.1978059686917],[18.6349222462708,52.1977513491075],[18.6350514789694,52.1977255623645],[18.6351971027692,52.1976965368862],[18.6350761703033,52.1975548668084],[18.634253803794,52.1977727598239],[18.63273650839,52.1980722736266],[18.6298492848093,52.1986501745351],[18.6294074058346,52.1987470172261],[18.6294029126242,52.1987479904742],[18.6294595160057,52.1988210481713],[18.6294931668207,52.1988644563688],[18.6298234518119,52.198792022605]]]},"properties":{"case_id":"ST-WK-KO/WNIOSEK/5711/2026","source_type":"wniosek_decyzja","received_date":"2026-03-26","decision_date":"2026-05-08","status":"decyzja wydana","description":"Przebudowa ulicy Sportowej w Kole wraz z budową kanalizacji deszczowej","address":"Sportowa, Koło","city":"Koło","office":"Starosta Powiatu Koło","case_kind":"Obiekt budowlany inny niż budynek mieszkalny jednorodzinny","parcel_ids":["300901_1.0001.AR_22.40","300901_1.0001.AR_22.70","300901_1.0001.AR_27.56/5","300901_1.0001.AR_27.57/1","300901_1.0001.AR_27.57/2","300901_1.0001.AR_27.57/3","300901_1.0001.AR_27.96/2","300901_1.0001.AR_28.1/11","300901_1.0001.AR_28.3","300901_1.0001.AR_28.4","300901_1.0001.AR_32.2"],"location_quality":"dokładny","gunb_url":"https://wyszukiwarka.gunb.gov.pl/","parcel_count":11,"parcel_shard":"x074-y208","parcel_id":"300901_1.0001.AR_32.2","location_source":"powiat kolski (wfs)"}},{"type":"Feature","id":"ST-WK-KO/ZGŁOSZENIE/1387/2026::300901_1.0001.AR_22.40","geometry":{"type":"Polygon","coordinates":[[[18.6226886565497,52.2035001723883],[18.6225459722749,52.203577147351],[18.6224072735088,52.2036683519042],[18.6223604725764,52.2036991523266],[18.6221409745758,52.2038368214914],[18.6221090028231,52.2038553297781],[18.6219051870136,52.2039734096783],[18.6216810105717,52.2041111546882],[18.6218966171932,52.2042334767516],[18.6220235404048,52.2041474120235],[18.6225613760908,52.2037828745307],[18.6226595887071,52.2037162524622],[18.622723547014,52.2036728516753],[18.6229696221234,52.2035070510471],[18.6232333551789,52.2033334963312],[18.623223864632,52.2033272692495],[18.623743556571,52.2030269491998],[18.6237819487243,52.2030044651824],[18.6242751401187,52.2027381529178],[18.624527904757,52.2026017277206],[18.624757931843,52.2025146551726],[18.6252555545671,52.2023529792627],[18.6255461999181,52.2022566586495],[18.6259839025105,52.202106662508],[18.6264103611035,52.2019606284748],[18.6272820057033,52.2016620498384],[18.6273395270811,52.2016423101735],[18.6278412420365,52.201517601879],[18.628512314419,52.2013508086073],[18.6291740548919,52.201184886787],[18.6294288411126,52.2011054288889],[18.629417055995,52.201090249535],[18.6294997213681,52.201070004387],[18.6295628594498,52.2010549365428],[18.6296172990667,52.2010417205249],[18.6298354636294,52.2009914568161],[18.6300744110308,52.2009379725688],[18.6300797758541,52.20094687457],[18.6301757871304,52.2009206546535],[18.6302161251014,52.2009128858544],[18.6302412150626,52.200907818203],[18.6302971875817,52.2008973194381],[18.6303029887596,52.2008978394635],[18.6305286960509,52.2008463914253],[18.6306497033475,52.2008164474771],[18.6308293946152,52.2007915760921],[18.6308487816457,52.200786798754],[18.6309707966041,52.2007572953098],[18.6308909200766,52.2006636192597],[18.6307420297669,52.2004892413625],[18.6294547398753,52.2008747520618],[18.6293331809937,52.2009123618245],[18.6286797871142,52.2011150975144],[18.6286400445128,52.2011264523387],[18.6285750703645,52.2011497316095],[18.6285952730605,52.2011800561117],[18.6283186010618,52.2012500512702],[18.6283041777367,52.2012541726114],[18.6282421103599,52.201271669912],[18.628138350127,52.2012992757824],[18.6275086310203,52.2014554199905],[18.627444778732,52.2014708591492],[18.6272714606882,52.2015179238441],[18.6267713432428,52.2016758705353],[18.6266315109329,52.2017240302345],[18.6260179994174,52.2019359045084],[18.6258497440553,52.2019933443175],[18.6257004363146,52.2020557761152],[18.625520955073,52.2021309331505],[18.6252798708819,52.2022112670335],[18.6251516090047,52.2022548187508],[18.6246085566161,52.2024649709701],[18.6244420527306,52.2025290326127],[18.6242255332397,52.2026507404312],[18.624151998241,52.2026891744794],[18.6240602613335,52.2027388400613],[18.6239747658954,52.2027862987435],[18.6238854961616,52.2028358445284],[18.6236918731294,52.2029424785872],[18.6236550762031,52.2029643934544],[18.6234192957759,52.2030942418211],[18.6233207187427,52.2031524191242],[18.6231916898193,52.2032236854818],[18.6231129605311,52.2032672400663],[18.6230563672569,52.2032982921397],[18.6229258982026,52.203370121392],[18.6228362102844,52.2034207793382],[18.6226886565497,52.2035001723883]]]},"properties":{"case_id":"ST-WK-KO/ZGŁOSZENIE/1387/2026","source_type":"zgloszenie","received_date":"2026-05-05","decision_date":null,"status":"Brak sprzeciwu","description":"Budowa elektroenergetycznej linii kablowej niskiego napięcia","address":"Koło","city":"Koło","office":"Starosta Powiatu Koło","case_kind":"budowa nowego/nowych obiektów budowlanych","parcel_ids":["300901_1.0001.AR_22.40","300901_1.0001.AR_22.62","300901_1.0001.AR_22.70"],"location_quality":"dokładny","gunb_url":"https://wyszukiwarka.gunb.gov.pl/","parcel_count":3,"parcel_shard":"x074-y208","parcel_id":"300901_1.0001.AR_22.40","location_source":"powiat kolski (wfs)"}},{"type":"Feature","id":"ST-WK-KO/ZGŁOSZENIE/1387/2026::300901_1.0001.AR_22.62","geometry":{"type":"Polygon","coordinates":[[[18.6303929201269,52.2013781069186],[18.630266209874,52.2012036239914],[18.630244615928,52.2011764160214],[18.6301278843723,52.2010107636106],[18.6300797758541,52.20094687457],[18.6300744110308,52.2009379725688],[18.6298354636294,52.2009914568161],[18.6299391850244,52.2011413255761],[18.6299702291975,52.2011886429502],[18.6299839177895,52.2012071773384],[18.6300266611196,52.2012710540124],[18.6300751905479,52.2013415406696],[18.6300866327076,52.201360778954],[18.6300943410486,52.201369732183],[18.6301661384437,52.2014521592618],[18.6303521260482,52.2013921767578],[18.6303929201269,52.2013781069186]]]},"properties":{"case_id":"ST-WK-KO/ZGŁOSZENIE/1387/2026","source_type":"zgloszenie","received_date":"2026-05-05","decision_date":null,"status":"Brak sprzeciwu","description":"Budowa elektroenergetycznej linii kablowej niskiego napięcia","address":"Koło","city":"Koło","office":"Starosta Powiatu Koło","case_kind":"budowa nowego/nowych obiektów budowlanych","parcel_ids":["300901_1.0001.AR_22.40","300901_1.0001.AR_22.62","300901_1.0001.AR_22.70"],"location_quality":"dokładny","gunb_url":"https://wyszukiwarka.gunb.gov.pl/","parcel_count":3,"parcel_shard":"x074-y208","parcel_id":"300901_1.0001.AR_22.62","location_source":"powiat kolski (wfs)"}},{"type":"Feature","id":"ST-WK-KO/ZGŁOSZENIE/1387/2026::300901_1.0001.AR_22.70","geometry":{"type":"Polygon","coordinates":[[[18.6307420297669,52.2004892413625],[18.6303770793886,52.1999210002327],[18.6305059348037,52.1998892137482],[18.6304379093064,52.1997748918105],[18.6302547381011,52.1997630723665],[18.6300062145025,52.1998583414738],[18.6297436685279,52.1999742502302],[18.6296131023622,52.200013267589],[18.6296420957349,52.2000538757137],[18.6292617923912,52.2002240530631],[18.6292379586249,52.2001910016591],[18.6288587989895,52.2003405707217],[18.6289324025651,52.2004376226133],[18.6291479454251,52.2007387549577],[18.6293027612815,52.2006887287258],[18.6294547398753,52.2008747520618],[18.6307420297669,52.2004892413625]]]},"properties":{"case_id":"ST-WK-KO/ZGŁOSZENIE/1387/2026","source_type":"zgloszenie","received_date":"2026-05-05","decision_date":null,"status":"Brak sprzeciwu","description":"Budowa elektroenergetycznej linii kablowej niskiego napięcia","address":"Koło","city":"Koło","office":"Starosta Powiatu Koło","case_kind":"budowa nowego/nowych obiektów budowlanych","parcel_ids":["300901_1.0001.AR_22.40","300901_1.0001.AR_22.62","300901_1.0001.AR_22.70"],"location_quality":"dokładny","gunb_url":"https://wyszukiwarka.gunb.gov.pl/","parcel_count":3,"parcel_shard":"x074-y208","parcel_id":"300901_1.0001.AR_22.70","location_source":"powiat kolski (wfs)"}},{"type":"Feature","id":"ST-WK-KO/WNIOSEK/5895/2026::300901_1.0001.AR_22.61","geometry":{"type":"Polygon","coordinates":[[[18.6300943410486,52.201369732183],[18.6300866327076,52.201360778954],[18.6300751905479,52.2013415406696],[18.6300266611196,52.2012710540124],[18.6299839177895,52.2012071773384],[18.6299702291975,52.2011886429502],[18.6299391850244,52.2011413255761],[18.6298354636294,52.2009914568161],[18.6296172990667,52.2010417205249],[18.629694139471,52.2011524746561],[18.6298184289387,52.2013251828406],[18.6298891223857,52.2014234152971],[18.6299054530336,52.2014460665915],[18.629953712857,52.2015130048468],[18.6299596223076,52.2015212014795],[18.6301661384437,52.2014521592618],[18.6300943410486,52.201369732183]]]},"properties":{"case_id":"ST-WK-KO/WNIOSEK/5895/2026","source_type":"wniosek_decyzja","received_date":"2026-03-30","decision_date":"2026-05-19","status":"decyzja wydana","description":"Budowa instalacji zbiornikowej gazu płynnego (zbiornik podziemny V=6400l) wraz z wewnętrzną instalacją gazu w budynku mieszkalnym z częścia usługową","address":"Koło","city":"Koło","office":"Starosta Powiatu Koło","case_kind":"Obiekt budowlany inny niż budynek mieszkalny jednorodzinny","parcel_ids":["300901_1.0001.AR_22.61"],"location_quality":"dokładny","gunb_url":"https://wyszukiwarka.gunb.gov.pl/","parcel_count":1,"parcel_shard":"x074-y208","parcel_id":"300901_1.0001.AR_22.61","location_source":"powiat kolski (wfs)"}},{"type":"Feature","id":"ST-WK-KO/WNIOSEK/20182/2025::300901_1.0001.AR_23.46/11","geometry":{"type":"Polygon","coordinates":[[[18.6279663779453,52.205976970803],[18.628327496429,52.2058152854081],[18.6284327948301,52.2057678283102],[18.6281466030005,52.2054102627772],[18.6280128853488,52.2051636006135],[18.6284775128731,52.2050232236663],[18.6288123441037,52.2054246248803],[18.629144522755,52.2053107084517],[18.6292376644802,52.2054092391219],[18.629332108089,52.2053670402487],[18.6292950344139,52.2053558744832],[18.6291724982256,52.2052277097302],[18.6293837516549,52.2051561593685],[18.6291504037942,52.2049114150153],[18.6289742948299,52.2047265744133],[18.6292259349334,52.2046143225689],[18.629366396949,52.204553983934],[18.6295148542803,52.204490097209],[18.629648011049,52.2044328385852],[18.6297924594417,52.2043707241225],[18.6298523887975,52.2043449537142],[18.6301717868091,52.2042076073578],[18.6304308849203,52.2040990660099],[18.6304987008016,52.2040704335882],[18.6305658805097,52.2040420127666],[18.6306790147533,52.2039942218443],[18.6306152784953,52.203928969696],[18.6307595093497,52.2038709333325],[18.6308265659288,52.2039318619677],[18.6309633024991,52.2038740622051],[18.6311103167108,52.2038118888685],[18.6304715338154,52.2032564945815],[18.6300955160777,52.2033145826736],[18.6291526840565,52.2037422020021],[18.6291853108633,52.2037688156339],[18.6290810872992,52.2038181879969],[18.6289709821881,52.2038702647709],[18.6289350164943,52.2038409190257],[18.6287714421076,52.2039150968924],[18.6279167290352,52.204233456664],[18.6276007984369,52.2043473706469],[18.6268568176024,52.204591434068],[18.6269593227084,52.204720201815],[18.6279663779453,52.205976970803]],[[18.6287072926352,52.204816594398],[18.6286490413268,52.2047628913359],[18.6287501472242,52.2047224711304],[18.6288030266275,52.2047804885629],[18.6287072926352,52.204816594398]]]},"properties":{"case_id":"ST-WK-KO/WNIOSEK/20182/2025","source_type":"wniosek_decyzja","received_date":"2025-10-06","decision_date":"2025-12-04","status":"decyzja wydana","description":"Przebudowa ściany konstrukcyjnej budynku mieszkalnego wielorodzinnego w zakresie wykonania otworu - przejścia pomiędzy pokojami w lokalu mieszkalnym nr 2, przy ulicy Kolejowej 14 w miejsc. Koło","address":"14, Koło","city":"Koło","office":"Starosta Powiatu Koło","case_kind":"Obiekt budowlany inny niż budynek mieszkalny jednorodzinny","parcel_ids":["300901_1.0001.AR_23.46/11"],"location_quality":"dokładny","gunb_url":"https://wyszukiwarka.gunb.gov.pl/","parcel_count":1,"parcel_shard":"x074-y208","parcel_id":"300901_1.0001.AR_23.46/11","location_source":"powiat kolski (wfs)"}},{"type":"Feature","id":"ST-WK-KO/WNIOSEK/5144/2026::300901_1.0001.AR_23.49","geometry":{"type":"Polygon","coordinates":[[[18.6302566762864,52.205086354722],[18.6304185716237,52.2050606629158],[18.6297924594417,52.2043707241225],[18.629648011049,52.2044328385852],[18.6297077242414,52.2044940229276],[18.6297377657276,52.2045284113566],[18.6298541052104,52.2046520923386],[18.6298607000535,52.2046589962916],[18.6298998383011,52.2047006069483],[18.6299644629696,52.204769488494],[18.6300023111956,52.2048097146798],[18.6300395156041,52.2048492565114],[18.630081874597,52.2048942304224],[18.6300860562922,52.2048928127008],[18.6301866038509,52.2050000311519],[18.6301831415083,52.2050011672654],[18.6302566762864,52.205086354722]]]},"properties":{"case_id":"ST-WK-KO/WNIOSEK/5144/2026","source_type":"wniosek_decyzja","received_date":"2026-03-19","decision_date":"2026-04-17","status":"decyzja wydana","description":"Rozbiórka dwóch budynków mieszkalnych , sześciu budynków gospodarczych i dwóch wiat","address":"Koło","city":"Koło","office":"Starosta Powiatu Koło","case_kind":"Budynek mieszkalny jednorodzinny","parcel_ids":["300901_1.0001.AR_23.49"],"location_quality":"dokładny","gunb_url":"https://wyszukiwarka.gunb.gov.pl/","parcel_count":1,"parcel_shard":"x074-y208","parcel_id":"300901_1.0001.AR_23.49","location_source":"powiat kolski (wfs)"}},{"type":"Feature","id":"ST-WK-KO/WNIOSEK/12640/2026::300901_1.0001.AR_24.31/5","geometry":{"type":"Polygon","coordinates":[[[18.6354084520212,52.206308095925],[18.6353075660541,52.2072698955128],[18.6354755245705,52.2072322265534],[18.6361467113978,52.2070768832437],[18.6361893156017,52.20711061124],[18.6368928907764,52.2069497802268],[18.6369798387838,52.206930265716],[18.6370418513064,52.2069161099321],[18.6365360215893,52.2060452079887],[18.635991379675,52.2061726498697],[18.6354084520212,52.206308095925]]]},"properties":{"case_id":"ST-WK-KO/WNIOSEK/12640/2026","source_type":"wniosek_decyzja","received_date":"2026-07-03","decision_date":"2026-07-30","status":"decyzja wydana","description":"Zmiana konstrukcji dachu budynku magazynowego","address":"Koło","city":"Koło","office":"Starosta Powiatu Koło","case_kind":"Obiekt budowlany inny niż budynek mieszkalny jednorodzinny","parcel_ids":["300901_1.0001.AR_24.31/5"],"location_quality":"dokładny","gunb_url":"https://wyszukiwarka.gunb.gov.pl/","parcel_count":1,"parcel_shard":"x074-y208","parcel_id":"300901_1.0001.AR_24.31/5","location_source":"powiat kolski (wfs)"}},{"type":"Feature","id":"ST-WK-KO/ZGŁOSZENIE/3579/2025::300901_1.0001.AR_26.106/2","geometry":{"type":"Polygon","coordinates":[[[18.6348834944819,52.2051107731167],[18.6350131868717,52.2050982849001],[18.6351002464096,52.2050913579732],[18.635306916026,52.205072289247],[18.6352701378349,52.2049112449859],[18.6352668187063,52.2049023092381],[18.6351994644673,52.2047214526016],[18.6356220392648,52.2046437822696],[18.6354416296048,52.2043510671277],[18.6354035073947,52.2042937898483],[18.6352580274103,52.2040755769074],[18.6351217696895,52.2042784175886],[18.635031866181,52.2046138232013],[18.6345852588174,52.205140798069],[18.6347274129566,52.2051254964868],[18.6347989720599,52.2051188266087],[18.6348834944819,52.2051107731167]]]},"properties":{"case_id":"ST-WK-KO/ZGŁOSZENIE/3579/2025","source_type":"zgloszenie","received_date":"2025-11-06","decision_date":null,"status":"Brak sprzeciwu","description":"Przebudowa oraz budowa linii elektroenergetycznych nn-0,4 kv kablowych wraz ze złączami w celu poprawy warunków zasilania w miejsc. Koło ul. Broniewskiego i 20-go Stycznia","address":"Koło","city":"Koło","office":"Starosta Powiatu Koło","case_kind":"budowa nowego/nowych obiektów budowlanych","parcel_ids":["300901_1.0001.AR_26.106/2","300901_1.0001.AR_26.114","300901_1.0001.AR_26.77/2","300901_1.0001.AR_27.1/2","300901_1.0001.AR_27.5/2","300901_1.0001.AR_27.7/1"],"location_quality":"dokładny","gunb_url":"https://wyszukiwarka.gunb.gov.pl/","parcel_count":6,"parcel_shard":"x074-y208","parcel_id":"300901_1.0001.AR_26.106/2","location_source":"powiat kolski (wfs)"}},{"type":"Feature","id":"ST-WK-KO/ZGŁOSZENIE/3579/2025::300901_1.0001.AR_26.114","geometry":{"type":"Polygon","coordinates":[[[18.6332267823379,52.2018477784997],[18.6331967370836,52.2018066488557],[18.6325064310614,52.2019549927169],[18.6326153527233,52.2020796901461],[18.6319425822137,52.2023077582929],[18.6320619983011,52.2024415435921],[18.6318856262989,52.2024872549405],[18.6321793488382,52.202945420791],[18.6329000047816,52.2028480912125],[18.6330012609876,52.2028346384794],[18.633635852546,52.202750235787],[18.6336514343245,52.2027585190904],[18.6336284556411,52.2027050451594],[18.6336086046257,52.202706182808],[18.6335774208623,52.2026257827121],[18.6335736753841,52.2026171237292],[18.6335047320968,52.2024565223345],[18.6334146761486,52.2022449336654],[18.6334986035825,52.2022467817438],[18.6334591807164,52.20219414317],[18.6334323565641,52.2021509585734],[18.6334005925121,52.20210401346],[18.6333236100183,52.2019925955539],[18.6332560374358,52.2018875726156],[18.6332267823379,52.2018477784997]]]},"properties":{"case_id":"ST-WK-KO/ZGŁOSZENIE/3579/2025","source_type":"zgloszenie","received_date":"2025-11-06","decision_date":null,"status":"Brak sprzeciwu","description":"Przebudowa oraz budowa linii elektroenergetycznych nn-0,4 kv kablowych wraz ze złączami w celu poprawy warunków zasilania w miejsc. Koło ul. Broniewskiego i 20-go Stycznia","address":"Koło","city":"Koło","office":"Starosta Powiatu Koło","case_kind":"budowa nowego/nowych obiektów budowlanych","parcel_ids":["300901_1.0001.AR_26.106/2","300901_1.0001.AR_26.114","300901_1.0001.AR_26.77/2","300901_1.0001.AR_27.1/2","300901_1.0001.AR_27.5/2","300901_1.0001.AR_27.7/1"],"location_quality":"dokładny","gunb_url":"https://wyszukiwarka.gunb.gov.pl/","parcel_count":6,"parcel_shard":"x074-y208","parcel_id":"300901_1.0001.AR_26.114","location_source":"powiat kolski (wfs)"}},{"type":"Feature","id":"ST-WK-KO/ZGŁOSZENIE/3579/2025::300901_1.0001.AR_26.77/2","geometry":{"type":"Polygon","coordinates":[[[18.6349142481879,52.2034913916891],[18.6349499065447,52.2035503194676],[18.6350071665502,52.2036438526479],[18.6350679963963,52.2037447288204],[18.635151933191,52.2038789095987],[18.6351634017076,52.2039334730424],[18.6352580274103,52.2040755769074],[18.6354035073947,52.2042937898483],[18.6354416296048,52.2043510671277],[18.6356220392648,52.2046437822696],[18.6357839642001,52.2045689027292],[18.6357136516194,52.2044539979406],[18.6355174865673,52.2041209683443],[18.6355147297463,52.204116276796],[18.6353755558521,52.2039127856491],[18.6351177630197,52.2034972809282],[18.6350364682731,52.2033654754906],[18.6348617325343,52.203408468233],[18.6349142481879,52.2034913916891]]]},"properties":{"case_id":"ST-WK-KO/ZGŁOSZENIE/3579/2025","source_type":"zgloszenie","received_date":"2025-11-06","decision_date":null,"status":"Brak sprzeciwu","description":"Przebudowa oraz budowa linii elektroenergetycznych nn-0,4 kv kablowych wraz ze złączami w celu poprawy warunków zasilania w miejsc. Koło ul. Broniewskiego i 20-go Stycznia","address":"Koło","city":"Koło","office":"Starosta Powiatu Koło","case_kind":"budowa nowego/nowych obiektów budowlanych","parcel_ids":["300901_1.0001.AR_26.106/2","300901_1.0001.AR_26.114","300901_1.0001.AR_26.77/2","300901_1.0001.AR_27.1/2","300901_1.0001.AR_27.5/2","300901_1.0001.AR_27.7/1"],"location_quality":"dokładny","gunb_url":"https://wyszukiwarka.gunb.gov.pl/","parcel_count":6,"parcel_shard":"x074-y208","parcel_id":"300901_1.0001.AR_26.77/2","location_source":"powiat kolski (wfs)"}},{"type":"Feature","id":"ST-WK-KO/ZGŁOSZENIE/3579/2025::300901_1.0001.AR_27.1/2","geometry":{"type":"Polygon","coordinates":[[[18.6318286829065,52.2021796357984],[18.6320131940188,52.202009179544],[18.6322372047111,52.2019887536262],[18.6324449648069,52.2019681464304],[18.6325064310614,52.2019549927169],[18.6331967370836,52.2018066488557],[18.633159192525,52.2017546746862],[18.6334356605027,52.20168590833],[18.6334993512152,52.2016701100648],[18.6336894034584,52.2016228218591],[18.633749617192,52.2016345023628],[18.6337540432312,52.2016353281903],[18.6336383962165,52.2014507763623],[18.6334313914422,52.2014951980787],[18.6333751138898,52.2015073064603],[18.6328953188124,52.2016101541506],[18.6326429938952,52.20166889996],[18.6324640811693,52.2017021965215],[18.6323674361246,52.2017259930677],[18.6323093407871,52.2017350136365],[18.6319977842829,52.201681005741],[18.6316194851821,52.2012593044187],[18.6315699496225,52.2012041115139],[18.631212806683,52.2013251831533],[18.6311047247092,52.2013597847907],[18.6318286829065,52.2021796357984]]]},"properties":{"case_id":"ST-WK-KO/ZGŁOSZENIE/3579/2025","source_type":"zgloszenie","received_date":"2025-11-06","decision_date":null,"status":"Brak sprzeciwu","description":"Przebudowa oraz budowa linii elektroenergetycznych nn-0,4 kv kablowych wraz ze złączami w celu poprawy warunków zasilania w miejsc. Koło ul. Broniewskiego i 20-go Stycznia","address":"Koło","city":"Koło","office":"Starosta Powiatu Koło","case_kind":"budowa nowego/nowych obiektów budowlanych","parcel_ids":["300901_1.0001.AR_26.106/2","300901_1.0001.AR_26.114","300901_1.0001.AR_26.77/2","300901_1.0001.AR_27.1/2","300901_1.0001.AR_27.5/2","300901_1.0001.AR_27.7/1"],"location_quality":"dokładny","gunb_url":"https://wyszukiwarka.gunb.gov.pl/","parcel_count":6,"parcel_shard":"x074-y208","parcel_id":"300901_1.0001.AR_27.1/2","location_source":"powiat kolski (wfs)"}},{"type":"Feature","id":"ST-WK-KO/ZGŁOSZENIE/3579/2025::300901_1.0001.AR_27.5/2","geometry":{"type":"Polygon","coordinates":[[[18.6319707915106,52.2012767465465],[18.6323674361246,52.2017259930677],[18.6324640811693,52.2017021965215],[18.632405344825,52.2016348325665],[18.6323916624232,52.2016189973417],[18.6323521136657,52.2015740002348],[18.6323027634014,52.2015186296916],[18.6322085175591,52.201412538375],[18.6321899396314,52.201391875898],[18.6321087761547,52.2013005444181],[18.6320591275904,52.2012447259755],[18.6319707915106,52.2012767465465]]]},"properties":{"case_id":"ST-WK-KO/ZGŁOSZENIE/3579/2025","source_type":"zgloszenie","received_date":"2025-11-06","decision_date":null,"status":"Brak sprzeciwu","description":"Przebudowa oraz budowa linii elektroenergetycznych nn-0,4 kv kablowych wraz ze złączami w celu poprawy warunków zasilania w miejsc. Koło ul. Broniewskiego i 20-go Stycznia","address":"Koło","city":"Koło","office":"Starosta Powiatu Koło","case_kind":"budowa nowego/nowych obiektów budowlanych","parcel_ids":["300901_1.0001.AR_26.106/2","300901_1.0001.AR_26.114","300901_1.0001.AR_26.77/2","300901_1.0001.AR_27.1/2","300901_1.0001.AR_27.5/2","300901_1.0001.AR_27.7/1"],"location_quality":"dokładny","gunb_url":"https://wyszukiwarka.gunb.gov.pl/","parcel_count":6,"parcel_shard":"x074-y208","parcel_id":"300901_1.0001.AR_27.5/2","location_source":"powiat kolski (wfs)"}},{"type":"Feature","id":"ST-WK-KO/ZGŁOSZENIE/3579/2025::300901_1.0001.AR_27.7/1","geometry":{"type":"Polygon","coordinates":[[[18.6323916624232,52.2016189973417],[18.632405344825,52.2016348325665],[18.6324822885568,52.2016100320747],[18.6324698793447,52.2015952521238],[18.6324294857951,52.2015483595502],[18.6323521136657,52.2015740002348],[18.6323916624232,52.2016189973417]]]},"properties":{"case_id":"ST-WK-KO/ZGŁOSZENIE/3579/2025","source_type":"zgloszenie","received_date":"2025-11-06","decision_date":null,"status":"Brak sprzeciwu","description":"Przebudowa oraz budowa linii elektroenergetycznych nn-0,4 kv kablowych wraz ze złączami w celu poprawy warunków zasilania w miejsc. Koło ul. Broniewskiego i 20-go Stycznia","address":"Koło","city":"Koło","office":"Starosta Powiatu Koło","case_kind":"budowa nowego/nowych obiektów budowlanych","parcel_ids":["300901_1.0001.AR_26.106/2","300901_1.0001.AR_26.114","300901_1.0001.AR_26.77/2","300901_1.0001.AR_27.1/2","300901_1.0001.AR_27.5/2","300901_1.0001.AR_27.7/1"],"location_quality":"dokładny","gunb_url":"https://wyszukiwarka.gunb.gov.pl/","parcel_count":6,"parcel_shard":"x074-y208","parcel_id":"300901_1.0001.AR_27.7/1","location_source":"powiat kolski (wfs)"}},{"type":"Feature","id":"ST-WK-KO/WNIOSEK/8546/2026::300901_1.0001.AR_26.113/2","geometry":{"type":"Polygon","coordinates":[[[18.6306204498469,52.2031226208677],[18.630918705117,52.2033314157483],[18.6310738140171,52.2032860130176],[18.630695631121,52.2028120474162],[18.6305422866644,52.2028505260785],[18.6304862227208,52.2028788678065],[18.6306204498469,52.2031226208677]]]},"properties":{"case_id":"ST-WK-KO/WNIOSEK/8546/2026","source_type":"wniosek_decyzja","received_date":"2026-05-06","decision_date":"2026-06-25","status":"decyzja wydana","description":"Pawilon handlowy z niezbędną infrastrukturą techniczną","address":"PCK, Koło","city":"Koło","office":"Starosta Powiatu Koło","case_kind":"Obiekt budowlany inny niż budynek mieszkalny jednorodzinny","parcel_ids":["300901_1.0001.AR_26.113/2"],"location_quality":"dokładny","gunb_url":"https://wyszukiwarka.gunb.gov.pl/","parcel_count":1,"parcel_shard":"x074-y208","parcel_id":"300901_1.0001.AR_26.113/2","location_source":"powiat kolski (wfs)"}},{"type":"Feature","id":"ST-WK-KO/WNIOSEK/4408/2026::300901_1.0001.AR_26.57","geometry":{"type":"Polygon","coordinates":[[[18.637134881613,52.2017409797353],[18.6370198043051,52.201902649102],[18.6373792136344,52.2019883495522],[18.6374569313089,52.2020068809953],[18.6375608740349,52.2018435909856],[18.637562501409,52.2018410879211],[18.6374893298746,52.2018251851128],[18.6373308827108,52.2017958073865],[18.6373119294907,52.2017907274783],[18.6371976333087,52.2017604372999],[18.637134881613,52.2017409797353]]]},"properties":{"case_id":"ST-WK-KO/WNIOSEK/4408/2026","source_type":"wniosek_decyzja","received_date":"2026-03-10","decision_date":"2026-04-20","status":"decyzja wydana","description":"Zmiana sposobu użytkowania części budynku mieszkalnego na część usługową","address":"Koło","city":"Koło","office":"Starosta Powiatu Koło","case_kind":"Obiekt budowlany inny niż budynek mieszkalny jednorodzinny","parcel_ids":["300901_1.0001.AR_26.57"],"location_quality":"dokładny","gunb_url":"https://wyszukiwarka.gunb.gov.pl/","parcel_count":1,"parcel_shard":"x074-y208","parcel_id":"300901_1.0001.AR_26.57","location_source":"powiat kolski (wfs)"}},{"type":"Feature","id":"ST-WK-KO/ZGŁOSZENIE/935/2026::300901_1.0001.AR_26.77/3","geometry":{"type":"Polygon","coordinates":[[[18.6342301729177,52.2020663054158],[18.6342263225145,52.2020673334624],[18.6341990862627,52.2020235504217],[18.6342030365136,52.202022553225],[18.6341685040983,52.2019668762598],[18.6341231514154,52.201893724014],[18.6340491759822,52.2017751933329],[18.6339643106379,52.2016401292452],[18.6339247437383,52.2015772114812],[18.6337814171405,52.2016789292563],[18.6337839749444,52.2016830713265],[18.6338281314078,52.2017536586689],[18.6338909842621,52.2018549506108],[18.633992864052,52.2020225000646],[18.6340200809626,52.2020642373631],[18.6340538757346,52.2021159158599],[18.6341094100667,52.2022041279427],[18.6342298975114,52.2023955222668],[18.6343004509493,52.2025148639681],[18.6343756978142,52.2026335186265],[18.6343990857856,52.2026729600436],[18.6344229995458,52.2027110441468],[18.6345021420396,52.2028372214141],[18.6345620771077,52.2029325190818],[18.6346071236067,52.2030019903364],[18.6347103509369,52.203170114839],[18.6347373514194,52.2032118339957],[18.6348617325343,52.203408468233],[18.6350364682731,52.2033654754906],[18.6348977508508,52.2031422868595],[18.6348349184998,52.2030410136201],[18.6345168253021,52.2025283291255],[18.6342648760604,52.2021222573726],[18.6342301729177,52.2020663054158]]]},"properties":{"case_id":"ST-WK-KO/ZGŁOSZENIE/935/2026","source_type":"zgloszenie","received_date":"2026-03-27","decision_date":null,"status":"Brak sprzeciwu","description":"Budowa sieci wodociągowej","address":"Koło","city":"Koło","office":"Starosta Powiatu Koło","case_kind":"budowa nowego/nowych obiektów budowlanych","parcel_ids":["300901_1.0001.AR_26.77/3","300901_1.0001.AR_27.16"],"location_quality":"dokładny","gunb_url":"https://wyszukiwarka.gunb.gov.pl/","parcel_count":2,"parcel_shard":"x074-y208","parcel_id":"300901_1.0001.AR_26.77/3","location_source":"powiat kolski (wfs)"}},{"type":"Feature","id":"ST-WK-KO/ZGŁOSZENIE/935/2026::300901_1.0001.AR_27.16","geometry":{"type":"Polygon","coordinates":[[[18.6334961394102,52.20122332994],[18.6335284003232,52.2012749417504],[18.6335223221788,52.2012764807953],[18.6335446737082,52.2013123431712],[18.6335509020248,52.201310891544],[18.6335836332559,52.2013632148021],[18.6335996788707,52.2013887523825],[18.6336030141843,52.2013940940292],[18.6336383962165,52.2014507763623],[18.6337540432312,52.2016353281903],[18.6337814171405,52.2016789292563],[18.6339247437383,52.2015772114812],[18.6338195074551,52.2014098395665],[18.6338129050134,52.2013994298157],[18.6337840654735,52.201352436619],[18.6337798645257,52.2013534051828],[18.6337658379264,52.201330531415],[18.6337700388577,52.2013295628518],[18.6337395033292,52.2012818214964],[18.6335906729208,52.2010611592693],[18.6335138241606,52.2009545261797],[18.6334967972323,52.2009298110325],[18.6334569202641,52.2008720532586],[18.6334345934232,52.2008399045965],[18.6333618184655,52.2007397897864],[18.633328672716,52.2006968553623],[18.6332571001373,52.2006041454502],[18.633093187763,52.2006598239841],[18.6331629830372,52.200754002039],[18.6331850401854,52.2007827347911],[18.6332840786306,52.2009172013292],[18.6333468619862,52.2010259381653],[18.6333685759942,52.2010372667826],[18.6333763322533,52.2010472978629],[18.6334414995877,52.2011352268498],[18.6334961394102,52.20122332994]]]},"properties":{"case_id":"ST-WK-KO/ZGŁOSZENIE/935/2026","source_type":"zgloszenie","received_date":"2026-03-27","decision_date":null,"status":"Brak sprzeciwu","description":"Budowa sieci wodociągowej","address":"Koło","city":"Koło","office":"Starosta Powiatu Koło","case_kind":"budowa nowego/nowych obiektów budowlanych","parcel_ids":["300901_1.0001.AR_26.77/3","300901_1.0001.AR_27.16"],"location_quality":"dokładny","gunb_url":"https://wyszukiwarka.gunb.gov.pl/","parcel_count":2,"parcel_shard":"x074-y208","parcel_id":"300901_1.0001.AR_27.16","location_source":"powiat kolski (wfs)"}},{"type":"Feature","id":"ST-WK-KO/WNIOSEK/12020/2026::300901_1.0001.AR_27.152","geometry":{"type":"Polygon","coordinates":[[[18.6348558543383,52.2001848988709],[18.6346100047233,52.2002642174439],[18.6346538768203,52.2003136589261],[18.6346860059676,52.2002989222572],[18.6347003113989,52.2003149919853],[18.6349077319214,52.2002467046858],[18.6348558543383,52.2001848988709]]]},"properties":{"case_id":"ST-WK-KO/WNIOSEK/12020/2026","source_type":"wniosek_decyzja","received_date":"2026-06-24","decision_date":"2026-08-12","status":"decyzja wydana","description":"Przebudowa otworów okiennych i montaż urządzenia dźwigowego w budynku NZPOZ \"DEREŃ\" Sp. z o.o., ul. Toruńska 28 w Kole","address":"Koło","city":"Koło","office":"Starosta Powiatu Koło","case_kind":"Obiekt budowlany inny niż budynek mieszkalny jednorodzinny","parcel_ids":["300901_1.0001.AR_27.152"],"location_quality":"dokładny","gunb_url":"https://wyszukiwarka.gunb.gov.pl/","parcel_count":1,"parcel_shard":"x074-y208","parcel_id":"300901_1.0001.AR_27.152","location_source":"powiat kolski (wfs)"}},{"type":"Feature","id":"ST-WK-KO/WNIOSEK/19622/2025::300901_1.0001.AR_3.1/14","geometry":{"type":"Polygon","coordinates":[[[18.5967055062911,52.2226115338135],[18.5970639383091,52.2233628759841],[18.6008566598271,52.2226776564241],[18.600477755735,52.2219065409332],[18.5992428593034,52.2221429056718],[18.5987443702861,52.2222381899485],[18.5967055062911,52.2226115338135]]]},"properties":{"case_id":"ST-WK-KO/WNIOSEK/19622/2025","source_type":"wniosek_decyzja","received_date":"2025-09-26","decision_date":"2025-11-25","status":"decyzja wydana","description":"Hala namiotowa","address":"Koło","city":"Koło","office":"Starosta Powiatu Koło","case_kind":"Obiekt budowlany inny niż budynek mieszkalny jednorodzinny","parcel_ids":["300901_1.0001.AR_3.1/14"],"location_quality":"dokładny","gunb_url":"https://wyszukiwarka.gunb.gov.pl/","parcel_count":1,"parcel_shard":"x074-y208","parcel_id":"300901_1.0001.AR_3.1/14","location_source":"powiat kolski (wfs)"}},{"type":"Feature","id":"ST-WK-KO/WNIOSEK/3345/2026::300901_1.0001.AR_30.176/1","geometry":{"type":"Polygon","coordinates":[[[18.6332252421806,52.1933296646883],[18.6321557065449,52.1933805881987],[18.6321247273298,52.1937420018319],[18.6331722523472,52.1937396512202],[18.6331508951759,52.1936830036532],[18.6331757797834,52.1934362228393],[18.6332252421806,52.1933296646883]],[[18.6323981147754,52.1934535998717],[18.6327280663018,52.1934250805979],[18.6327705493202,52.1936216307994],[18.6324398902644,52.1936521208097],[18.6323981147754,52.1934535998717]]]},"properties":{"case_id":"ST-WK-KO/WNIOSEK/3345/2026","source_type":"wniosek_decyzja","received_date":"2026-02-23","decision_date":"2026-04-14","status":"decyzja wydana","description":"Budowa przyłącza telekomunikacyjnego OTK do istniejącego budynku w Kole przy ul. Stary Rynek 1","address":"Stary Rynek, Koło","city":"Koło","office":"Starosta Powiatu Koło","case_kind":"Obiekt budowlany inny niż budynek mieszkalny jednorodzinny","parcel_ids":["300901_1.0001.AR_30.176/1","300901_1.0001.AR_30.176/2","300901_1.0001.AR_30.179"],"location_quality":"dokładny","gunb_url":"https://wyszukiwarka.gunb.gov.pl/","parcel_count":3,"parcel_shard":"x074-y208","parcel_id":"300901_1.0001.AR_30.176/1","location_source":"powiat kolski (wfs)"}},{"type":"Feature","id":"ST-WK-KO/WNIOSEK/3345/2026::300901_1.0001.AR_30.176/2","geometry":{"type":"Polygon","coordinates":[[[18.6333200310473,52.1931257072758],[18.6333035067988,52.1931292172779],[18.6331924511883,52.1931355490127],[18.6331269014367,52.1931387005363],[18.6330118794345,52.1931446474448],[18.6328906424722,52.1931523146934],[18.6328442487569,52.1931519122495],[18.6326673565857,52.1931648134382],[18.6325425684962,52.1931715500495],[18.632336343872,52.1931794555788],[18.6322379369141,52.1931839616149],[18.6321340931503,52.193187929415],[18.632019126965,52.1931918126942],[18.6318384534281,52.1932219593947],[18.6318401416477,52.1933105774255],[18.6318434106435,52.193448618496],[18.6318427442225,52.1935135429805],[18.6318408687066,52.1935775897366],[18.63183376002,52.1937192300441],[18.6318137404478,52.1938700806236],[18.6319842778165,52.1939357696018],[18.632118112417,52.1939350805693],[18.6322204877294,52.1939342912421],[18.632321400062,52.1939335149416],[18.6324141646291,52.1939337810028],[18.6325162055708,52.1939354245168],[18.6326281537314,52.1939344625444],[18.6327275928368,52.1939351768512],[18.6329234303679,52.1939339220905],[18.6331502814509,52.1939325995184],[18.6332446185863,52.1939320290003],[18.6331722523472,52.1937396512202],[18.6321247273298,52.1937420018319],[18.6321557065449,52.1933805881987],[18.6332252421806,52.1933296646883],[18.6333200310473,52.1931257072758]]]},"properties":{"case_id":"ST-WK-KO/WNIOSEK/3345/2026","source_type":"wniosek_decyzja","received_date":"2026-02-23","decision_date":"2026-04-14","status":"decyzja wydana","description":"Budowa przyłącza telekomunikacyjnego OTK do istniejącego budynku w Kole przy ul. Stary Rynek 1","address":"Stary Rynek, Koło","city":"Koło","office":"Starosta Powiatu Koło","case_kind":"Obiekt budowlany inny niż budynek mieszkalny jednorodzinny","parcel_ids":["300901_1.0001.AR_30.176/1","300901_1.0001.AR_30.176/2","300901_1.0001.AR_30.179"],"location_quality":"dokładny","gunb_url":"https://wyszukiwarka.gunb.gov.pl/","parcel_count":3,"parcel_shard":"x074-y208","parcel_id":"300901_1.0001.AR_30.176/2","location_source":"powiat kolski (wfs)"}},{"type":"Feature","id":"ST-WK-KO/WNIOSEK/3345/2026::300901_1.0001.AR_30.179","geometry":{"type":"Polygon","coordinates":[[[18.6323981147754,52.1934535998717],[18.6324398902644,52.1936521208097],[18.6327705493202,52.1936216307994],[18.6327280663018,52.1934250805979],[18.6323981147754,52.1934535998717]]]},"properties":{"case_id":"ST-WK-KO/WNIOSEK/3345/2026","source_type":"wniosek_decyzja","received_date":"2026-02-23","decision_date":"2026-04-14","status":"decyzja wydana","description":"Budowa przyłącza telekomunikacyjnego OTK do istniejącego budynku w Kole przy ul. Stary Rynek 1","address":"Stary Rynek, Koło","city":"Koło","office":"Starosta Powiatu Koło","case_kind":"Obiekt budowlany inny niż budynek mieszkalny jednorodzinny","parcel_ids":["300901_1.0001.AR_30.176/1","300901_1.0001.AR_30.176/2","300901_1.0001.AR_30.179"],"location_quality":"dokładny","gunb_url":"https://wyszukiwarka.gunb.gov.pl/","parcel_count":3,"parcel_shard":"x074-y208","parcel_id":"300901_1.0001.AR_30.179","location_source":"powiat kolski (wfs)"}},{"type":"Feature","id":"ST-WK-KO/WNIOSEK/4914/2026::300901_1.0001.AR_30.176/1","geometry":{"type":"Polygon","coordinates":[[[18.6332252421806,52.1933296646883],[18.6321557065449,52.1933805881987],[18.6321247273298,52.1937420018319],[18.6331722523472,52.1937396512202],[18.6331508951759,52.1936830036532],[18.6331757797834,52.1934362228393],[18.6332252421806,52.1933296646883]],[[18.6323981147754,52.1934535998717],[18.6327280663018,52.1934250805979],[18.6327705493202,52.1936216307994],[18.6324398902644,52.1936521208097],[18.6323981147754,52.1934535998717]]]},"properties":{"case_id":"ST-WK-KO/WNIOSEK/4914/2026","source_type":"wniosek_decyzja","received_date":"2026-03-17","decision_date":"2026-06-12","status":"decyzja wydana","description":"Zagospodarowanie terenu w obrębie Ratusza Miejskiego - budowa fontanny posadzkowej","address":"Koło","city":"Koło","office":"Starosta Powiatu Koło","case_kind":"Obiekt budowlany inny niż budynek mieszkalny jednorodzinny","parcel_ids":["300901_1.0001.AR_30.176/1","300901_1.0001.AR_30.176/2"],"location_quality":"dokładny","gunb_url":"https://wyszukiwarka.gunb.gov.pl/","parcel_count":2,"parcel_shard":"x074-y208","parcel_id":"300901_1.0001.AR_30.176/1","location_source":"powiat kolski (wfs)"}},{"type":"Feature","id":"ST-WK-KO/WNIOSEK/4914/2026::300901_1.0001.AR_30.176/2","geometry":{"type":"Polygon","coordinates":[[[18.6333200310473,52.1931257072758],[18.6333035067988,52.1931292172779],[18.6331924511883,52.1931355490127],[18.6331269014367,52.1931387005363],[18.6330118794345,52.1931446474448],[18.6328906424722,52.1931523146934],[18.6328442487569,52.1931519122495],[18.6326673565857,52.1931648134382],[18.6325425684962,52.1931715500495],[18.632336343872,52.1931794555788],[18.6322379369141,52.1931839616149],[18.6321340931503,52.193187929415],[18.632019126965,52.1931918126942],[18.6318384534281,52.1932219593947],[18.6318401416477,52.1933105774255],[18.6318434106435,52.193448618496],[18.6318427442225,52.1935135429805],[18.6318408687066,52.1935775897366],[18.63183376002,52.1937192300441],[18.6318137404478,52.1938700806236],[18.6319842778165,52.1939357696018],[18.632118112417,52.1939350805693],[18.6322204877294,52.1939342912421],[18.632321400062,52.1939335149416],[18.6324141646291,52.1939337810028],[18.6325162055708,52.1939354245168],[18.6326281537314,52.1939344625444],[18.6327275928368,52.1939351768512],[18.6329234303679,52.1939339220905],[18.6331502814509,52.1939325995184],[18.6332446185863,52.1939320290003],[18.6331722523472,52.1937396512202],[18.6321247273298,52.1937420018319],[18.6321557065449,52.1933805881987],[18.6332252421806,52.1933296646883],[18.6333200310473,52.1931257072758]]]},"properties":{"case_id":"ST-WK-KO/WNIOSEK/4914/2026","source_type":"wniosek_decyzja","received_date":"2026-03-17","decision_date":"2026-06-12","status":"decyzja wydana","description":"Zagospodarowanie terenu w obrębie Ratusza Miejskiego - budowa fontanny posadzkowej","address":"Koło","city":"Koło","office":"Starosta Powiatu Koło","case_kind":"Obiekt budowlany inny niż budynek mieszkalny jednorodzinny","parcel_ids":["300901_1.0001.AR_30.176/1","300901_1.0001.AR_30.176/2"],"location_quality":"dokładny","gunb_url":"https://wyszukiwarka.gunb.gov.pl/","parcel_count":2,"parcel_shard":"x074-y208","parcel_id":"300901_1.0001.AR_30.176/2","location_source":"powiat kolski (wfs)"}},{"type":"Feature","id":"ST-WK-KO/WNIOSEK/4698/2026::300901_1.0001.AR_31.71","geometry":{"type":"Polygon","coordinates":[[[18.6317354035342,52.1917167415865],[18.6338998644241,52.1914944610665],[18.6342495335427,52.1913956452232],[18.6342463738417,52.1913766385052],[18.6341644454309,52.1908841071465],[18.6341522846245,52.1908206530621],[18.6339662013734,52.1908345216394],[18.6334130755471,52.190876493723],[18.6333526761828,52.1905422422085],[18.632843685845,52.1905645273452],[18.6320171916179,52.1907719892164],[18.6317762640784,52.1908153676786],[18.6317013315002,52.1908914142829],[18.6316346319318,52.1909684032063],[18.6315833616613,52.1910536772179],[18.6315563180881,52.1911142741189],[18.6317354035342,52.1917167415865]]]},"properties":{"case_id":"ST-WK-KO/WNIOSEK/4698/2026","source_type":"wniosek_decyzja","received_date":"2026-03-13","decision_date":"2026-03-16","status":"decyzja wydana","description":"Remont podłogi chóru organowego oraz schodów w wieży zachodniej kościoła pw. Nawiedzenia Najświętszej Marii Panny w zespole kościelno-klasztornym OO.Bernardynów w Kole, wpisanym do rejestru zabytków pod nr 11/263/A","address":"Klasztorna, Koło","city":"Koło","office":"Starosta Powiatu Koło","case_kind":"Obiekt budowlany inny niż budynek mieszkalny jednorodzinny","parcel_ids":["300901_1.0001.AR_31.71"],"location_quality":"dokładny","gunb_url":"https://wyszukiwarka.gunb.gov.pl/","parcel_count":1,"parcel_shard":"x074-y208","parcel_id":"300901_1.0001.AR_31.71","location_source":"powiat kolski (wfs)"}},{"type":"Feature","id":"ST-WK-KO/WNIOSEK/22667/2025::300901_1.0001.AR_33.100/7","geometry":{"type":"Polygon","coordinates":[[[18.6401885083843,52.1973012975245],[18.6400290208325,52.19715161796],[18.6394760999191,52.1973511185184],[18.6396176057943,52.1975011791049],[18.6401885083843,52.1973012975245]]]},"properties":{"case_id":"ST-WK-KO/WNIOSEK/22667/2025","source_type":"wniosek_decyzja","received_date":"2025-11-04","decision_date":"2026-03-16","status":"decyzja wydana","description":"Dwa budynki mieszkalne wielorodzinne z garażami podziemnymi i murami oporowymi","address":"Koło","city":"Koło","office":"Starosta Powiatu Koło","case_kind":"Obiekt budowlany inny niż budynek mieszkalny jednorodzinny","parcel_ids":["300901_1.0001.AR_33.100/7","300901_1.0001.AR_33.100/8","300901_1.0001.AR_33.60/2","300901_1.0001.AR_33.61/3","300901_1.0001.AR_33.81/3"],"location_quality":"dokładny","gunb_url":"https://wyszukiwarka.gunb.gov.pl/","parcel_count":5,"parcel_shard":"x074-y208","parcel_id":"300901_1.0001.AR_33.100/7","location_source":"powiat kolski (wfs)"}},{"type":"Feature","id":"ST-WK-KO/WNIOSEK/22667/2025::300901_1.0001.AR_33.100/8","geometry":{"type":"Polygon","coordinates":[[[18.6397638938818,52.1976501707368],[18.6403542444477,52.1974533012514],[18.6401885083843,52.1973012975245],[18.6396176057943,52.1975011791049],[18.6397638938818,52.1976501707368]]]},"properties":{"case_id":"ST-WK-KO/WNIOSEK/22667/2025","source_type":"wniosek_decyzja","received_date":"2025-11-04","decision_date":"2026-03-16","status":"decyzja wydana","description":"Dwa budynki mieszkalne wielorodzinne z garażami podziemnymi i murami oporowymi","address":"Koło","city":"Koło","office":"Starosta Powiatu Koło","case_kind":"Obiekt budowlany inny niż budynek mieszkalny jednorodzinny","parcel_ids":["300901_1.0001.AR_33.100/7","300901_1.0001.AR_33.100/8","300901_1.0001.AR_33.60/2","300901_1.0001.AR_33.61/3","300901_1.0001.AR_33.81/3"],"location_quality":"dokładny","gunb_url":"https://wyszukiwarka.gunb.gov.pl/","parcel_count":5,"parcel_shard":"x074-y208","parcel_id":"300901_1.0001.AR_33.100/8","location_source":"powiat kolski (wfs)"}},{"type":"Feature","id":"ST-WK-KO/WNIOSEK/22667/2025::300901_1.0001.AR_33.60/2","geometry":{"type":"Polygon","coordinates":[[[18.6400204216338,52.1978136516436],[18.6402669940692,52.1977299849565],[18.6402895588885,52.1977225823293],[18.6405606428539,52.1976347374704],[18.6411056331098,52.1974581125705],[18.6410126750182,52.1973639832823],[18.6404834493317,52.1975365828901],[18.63985548678,52.1977432418545],[18.6399083292213,52.1977969431014],[18.6400204216338,52.1978136516436]]]},"properties":{"case_id":"ST-WK-KO/WNIOSEK/22667/2025","source_type":"wniosek_decyzja","received_date":"2025-11-04","decision_date":"2026-03-16","status":"decyzja wydana","description":"Dwa budynki mieszkalne wielorodzinne z garażami podziemnymi i murami oporowymi","address":"Koło","city":"Koło","office":"Starosta Powiatu Koło","case_kind":"Obiekt budowlany inny niż budynek mieszkalny jednorodzinny","parcel_ids":["300901_1.0001.AR_33.100/7","300901_1.0001.AR_33.100/8","300901_1.0001.AR_33.60/2","300901_1.0001.AR_33.61/3","300901_1.0001.AR_33.81/3"],"location_quality":"dokładny","gunb_url":"https://wyszukiwarka.gunb.gov.pl/","parcel_count":5,"parcel_shard":"x074-y208","parcel_id":"300901_1.0001.AR_33.60/2","location_source":"powiat kolski (wfs)"}},{"type":"Feature","id":"ST-WK-KO/WNIOSEK/22667/2025::300901_1.0001.AR_33.61/3","geometry":{"type":"Polygon","coordinates":[[[18.63985548678,52.1977432418545],[18.6404834493317,52.1975365828901],[18.6410126750182,52.1973639832823],[18.6409171090029,52.1972704344569],[18.6403542444477,52.1974533012514],[18.6397638938818,52.1976501707368],[18.63985548678,52.1977432418545]]]},"properties":{"case_id":"ST-WK-KO/WNIOSEK/22667/2025","source_type":"wniosek_decyzja","received_date":"2025-11-04","decision_date":"2026-03-16","status":"decyzja wydana","description":"Dwa budynki mieszkalne wielorodzinne z garażami podziemnymi i murami oporowymi","address":"Koło","city":"Koło","office":"Starosta Powiatu Koło","case_kind":"Obiekt budowlany inny niż budynek mieszkalny jednorodzinny","parcel_ids":["300901_1.0001.AR_33.100/7","300901_1.0001.AR_33.100/8","300901_1.0001.AR_33.60/2","300901_1.0001.AR_33.61/3","300901_1.0001.AR_33.81/3"],"location_quality":"dokładny","gunb_url":"https://wyszukiwarka.gunb.gov.pl/","parcel_count":5,"parcel_shard":"x074-y208","parcel_id":"300901_1.0001.AR_33.61/3","location_source":"powiat kolski (wfs)"}},{"type":"Feature","id":"ST-WK-KO/WNIOSEK/22667/2025::300901_1.0001.AR_33.81/3","geometry":{"type":"Polygon","coordinates":[[[18.6400204216338,52.1978136516436],[18.6399083292213,52.1977969431014],[18.6399486627259,52.1978380384928],[18.6400204216338,52.1978136516436]]]},"properties":{"case_id":"ST-WK-KO/WNIOSEK/22667/2025","source_type":"wniosek_decyzja","received_date":"2025-11-04","decision_date":"2026-03-16","status":"decyzja wydana","description":"Dwa budynki mieszkalne wielorodzinne z garażami podziemnymi i murami oporowymi","address":"Koło","city":"Koło","office":"Starosta Powiatu Koło","case_kind":"Obiekt budowlany inny niż budynek mieszkalny jednorodzinny","parcel_ids":["300901_1.0001.AR_33.100/7","300901_1.0001.AR_33.100/8","300901_1.0001.AR_33.60/2","300901_1.0001.AR_33.61/3","300901_1.0001.AR_33.81/3"],"location_quality":"dokładny","gunb_url":"https://wyszukiwarka.gunb.gov.pl/","parcel_count":5,"parcel_shard":"x074-y208","parcel_id":"300901_1.0001.AR_33.81/3","location_source":"powiat kolski (wfs)"}},{"type":"Feature","id":"ST-WK-KO/WNIOSEK/11575/2026::300901_1.0001.AR_33.55","geometry":{"type":"Polygon","coordinates":[[[18.6413748959685,52.1977282318213],[18.6415380825818,52.1976728254402],[18.6414052154991,52.1975396293155],[18.6412696210934,52.1973976589444],[18.6411751855021,52.1973098493249],[18.6410819587361,52.1972162625034],[18.6409171090029,52.1972704344569],[18.6410126750182,52.1973639832823],[18.6411056331098,52.1974581125705],[18.6412417011289,52.1975942313518],[18.6413748959685,52.1977282318213]]]},"properties":{"case_id":"ST-WK-KO/WNIOSEK/11575/2026","source_type":"wniosek_decyzja","received_date":"2026-06-18","decision_date":"2026-08-18","status":"decyzja wydana","description":"Przebudowa odcinka drogi wewnętrznej zlokalizowanej na działce nr ewid. 55 wraz z przebudową włączenia do drogi powiatowej nr 3205P (ul. 3 Maja w Kole) zlokalizowanej na dz. nr 89","address":"Koło","city":"Koło","office":"Starosta Powiatu Koło","case_kind":"Obiekt budowlany inny niż budynek mieszkalny jednorodzinny","parcel_ids":["300901_1.0001.AR_33.55","300901_1.0001.AR_33.89"],"location_quality":"dokładny","gunb_url":"https://wyszukiwarka.gunb.gov.pl/","parcel_count":2,"parcel_shard":"x074-y208","parcel_id":"300901_1.0001.AR_33.55","location_source":"powiat kolski (wfs)"}},{"type":"Feature","id":"ST-WK-KO/WNIOSEK/11575/2026::300901_1.0001.AR_33.89","geometry":{"type":"Polygon","coordinates":[[[18.6379203212721,52.1988973509016],[18.6380231423971,52.1990176454151],[18.6380365549132,52.1989865834247],[18.6382931787451,52.198902925181],[18.6386190335471,52.1987931168117],[18.6388407726315,52.1987180389291],[18.6389686384711,52.1986743742035],[18.6391033090877,52.1986290691258],[18.6393599648207,52.198542809995],[18.6403666811735,52.1982045441162],[18.6406733376628,52.1980976099869],[18.6409581267733,52.1980025385807],[18.6411284493702,52.1979463086132],[18.6414509696018,52.197837642176],[18.6417439689973,52.1977364645323],[18.6420264199189,52.1976383298567],[18.6423056056894,52.1975424920072],[18.642585438358,52.1974447530758],[18.642822377951,52.1973597796744],[18.6430325271366,52.1972877528462],[18.6432813791673,52.1972008739328],[18.6431364773706,52.197116708425],[18.6428490090697,52.1972170906142],[18.6427315193966,52.1972569081616],[18.6425630333678,52.1973148419422],[18.6424405331121,52.1973571713648],[18.6423224977634,52.1973978975965],[18.6420839730325,52.1974834365667],[18.6418327711215,52.1975701737293],[18.6415380825818,52.1976728254402],[18.6413748959685,52.1977282318213],[18.6412917217501,52.1977565890286],[18.6408069832986,52.1979215517433],[18.6405375611545,52.1980131630543],[18.6405138352309,52.1980212011831],[18.640269597872,52.1981045860729],[18.6402057002849,52.1981264138125],[18.6400003540954,52.1981957718703],[18.6397910108817,52.1982664851862],[18.6397001105621,52.1982955914087],[18.6393857895802,52.198401406491],[18.6393079490857,52.198428051802],[18.6389091548359,52.1985627950896],[18.6388511634122,52.1985849778775],[18.6387548206223,52.1986167896677],[18.6386913718843,52.1986379848566],[18.6386092235992,52.1986665043807],[18.6384814962408,52.1987099883979],[18.6383533303,52.1987534799244],[18.6382062200155,52.198802051604],[18.6380759837367,52.1988450370593],[18.6379203212721,52.1988973509016]]]},"properties":{"case_id":"ST-WK-KO/WNIOSEK/11575/2026","source_type":"wniosek_decyzja","received_date":"2026-06-18","decision_date":"2026-08-18","status":"decyzja wydana","description":"Przebudowa odcinka drogi wewnętrznej zlokalizowanej na działce nr ewid. 55 wraz z przebudową włączenia do drogi powiatowej nr 3205P (ul. 3 Maja w Kole) zlokalizowanej na dz. nr 89","address":"Koło","city":"Koło","office":"Starosta Powiatu Koło","case_kind":"Obiekt budowlany inny niż budynek mieszkalny jednorodzinny","parcel_ids":["300901_1.0001.AR_33.55","300901_1.0001.AR_33.89"],"location_quality":"dokładny","gunb_url":"https://wyszukiwarka.gunb.gov.pl/","parcel_count":2,"parcel_shard":"x074-y208","parcel_id":"300901_1.0001.AR_33.89","location_source":"powiat kolski (wfs)"}},{"type":"Feature","id":"ST-WK-KO/ZGŁOSZENIE/2810/2025::300901_1.0001.AR_37.49/9","geometry":{"type":"Polygon","coordinates":[[[18.6598956944804,52.2037814740935],[18.6595553094653,52.2036857702594],[18.6594271724004,52.2039502753592],[18.6594905663038,52.2040826363676],[18.6598619057552,52.2041503984959],[18.6599582954835,52.2038564862203],[18.6598956944804,52.2037814740935]]]},"properties":{"case_id":"ST-WK-KO/ZGŁOSZENIE/2810/2025","source_type":"zgloszenie","received_date":"2025-09-05","decision_date":null,"status":"Brak sprzeciwu","description":"Budowa elektroenergetycznej linii kablowej niskiego napięcia","address":"Koło","city":"Koło","office":"Starosta Powiatu Koło","case_kind":"budowa nowego/nowych obiektów budowlanych","parcel_ids":["300901_1.0001.49/2","300901_1.0001.49/4","300901_1.0001.49/7","300901_1.0001.50/2","300901_1.0001.50/4","300901_1.0001.50/5","300901_1.0001.AR_37.49/9"],"location_quality":"dokładny","gunb_url":"https://wyszukiwarka.gunb.gov.pl/","parcel_count":1,"parcel_shard":"x074-y208","parcel_id":"300901_1.0001.AR_37.49/9","location_source":"powiat kolski (wfs)"}},{"type":"Feature","id":"ST-WK-KO/WNIOSEK/26020/2025::300901_1.0001.AR_40.118","geometry":{"type":"Polygon","coordinates":[[[18.6475312253315,52.1987747754547],[18.6472371706068,52.1989082518448],[18.6473153987977,52.1989732977174],[18.6476094536445,52.1988398213943],[18.6475312253315,52.1987747754547]]]},"properties":{"case_id":"ST-WK-KO/WNIOSEK/26020/2025","source_type":"wniosek_decyzja","received_date":"2025-12-23","decision_date":"2026-02-12","status":"decyzja wydana","description":"Budowa budynku mieszkalnego jednorodzinnego, dwulokalowego z towarzyszącą infrastrukturą techniczną i przyłącze gazu ziemnego","address":"Koło","city":"Koło","office":"Starosta Powiatu Koło","case_kind":"Budynek mieszkalny jednorodzinny","parcel_ids":["300901_1.0001.AR_40.118"],"location_quality":"dokładny","gunb_url":"https://wyszukiwarka.gunb.gov.pl/","parcel_count":1,"parcel_shard":"x074-y208","parcel_id":"300901_1.0001.AR_40.118","location_source":"powiat kolski (wfs)"}},{"type":"Feature","id":"ST-WK-KO/WNIOSEK/5360/2026::300901_1.0001.AR_40.148","geometry":{"type":"Polygon","coordinates":[[[18.6482050684617,52.1993683374597],[18.6479110164226,52.1995019033715],[18.648145708342,52.1996970435088],[18.6484397647712,52.199563567358],[18.6482050684617,52.1993683374597]]]},"properties":{"case_id":"ST-WK-KO/WNIOSEK/5360/2026","source_type":"wniosek_decyzja","received_date":"2026-03-23","decision_date":"2026-04-07","status":"decyzja wydana","description":"Budynek mieszkalny jednorodzinny wraz z instalacjami i urządzeniami technicznymi","address":"Koło","city":"Koło","office":"Starosta Powiatu Koło","case_kind":"Budynek mieszkalny jednorodzinny","parcel_ids":["300901_1.0001.AR_40.148"],"location_quality":"dokładny","gunb_url":"https://wyszukiwarka.gunb.gov.pl/","parcel_count":1,"parcel_shard":"x074-y208","parcel_id":"300901_1.0001.AR_40.148","location_source":"powiat kolski (wfs)"}},{"type":"Feature","id":"ST-WK-KO/WNIOSEK/9960/2026::300901_1.0001.AR_40.63/1","geometry":{"type":"Polygon","coordinates":[[[18.6485593039734,52.1974255286864],[18.6484523382183,52.1974517703812],[18.6485499165942,52.1975817507719],[18.648595623889,52.1976470212976],[18.6486740875414,52.1977581615674],[18.6488230261173,52.1977447050853],[18.6486896335942,52.1975941051168],[18.6486755385777,52.19756923937],[18.6486066440131,52.1975001714037],[18.6485593039734,52.1974255286864]]]},"properties":{"case_id":"ST-WK-KO/WNIOSEK/9960/2026","source_type":"wniosek_decyzja","received_date":"2026-05-26","decision_date":"2026-07-24","status":"decyzja wydana","description":"Rozbudowa budynku mieszkalnego jednorodzinnego","address":"Koło","city":"Koło","office":"Starosta Powiatu Koło","case_kind":"Budynek mieszkalny jednorodzinny","parcel_ids":["300901_1.0001.AR_40.63/1"],"location_quality":"dokładny","gunb_url":"https://wyszukiwarka.gunb.gov.pl/","parcel_count":1,"parcel_shard":"x074-y208","parcel_id":"300901_1.0001.AR_40.63/1","location_source":"powiat kolski (wfs)"}},{"type":"Feature","id":"ST-WK-KO/WNIOSEK/3848/2026::300901_1.0001.AR_41.248","geometry":{"type":"Polygon","coordinates":[[[18.6480417383662,52.1968614530575],[18.6478086851746,52.1969414079971],[18.647909633175,52.1970531847671],[18.647915585183,52.1970601626439],[18.6479514030091,52.1970992430704],[18.6481037681498,52.1970460967828],[18.6481809025275,52.1970196082155],[18.6481449226265,52.1969794502007],[18.6480417383662,52.1968614530575]]]},"properties":{"case_id":"ST-WK-KO/WNIOSEK/3848/2026","source_type":"wniosek_decyzja","received_date":"2026-03-03","decision_date":"2026-04-16","status":"decyzja wydana","description":"Przebudowa budynku mieszkalnego jednorodzinnego i przebudowa wraz ze zmianą sposobu użytkowania budynku gospodarczego na budynek mieszkalny jednorodzinny","address":"Mikołaja Kopernika, Koło","city":"Koło","office":"Starosta Powiatu Koło","case_kind":"Budynek mieszkalny jednorodzinny","parcel_ids":["300901_1.0001.AR_41.248"],"location_quality":"dokładny","gunb_url":"https://wyszukiwarka.gunb.gov.pl/","parcel_count":1,"parcel_shard":"x074-y208","parcel_id":"300901_1.0001.AR_41.248","location_source":"powiat kolski (wfs)"}},{"type":"Feature","id":"ST-WK-KO/ZGŁOSZENIE/3227/2025::300901_1.0001.AR_42.38","geometry":{"type":"Polygon","coordinates":[[[18.6469105859895,52.1940747901403],[18.6468404190567,52.1940462905892],[18.6467793406648,52.1940215054917],[18.6466414015132,52.1941479731314],[18.6466172504112,52.1941410933456],[18.6464634204413,52.1942787950559],[18.6465366466796,52.1943584240334],[18.646462208612,52.1944269875215],[18.6462769765966,52.1944930150494],[18.6462905438767,52.1945087028528],[18.6462654771173,52.1945573130067],[18.6463633991947,52.1945914636871],[18.6464863709947,52.1945699913864],[18.6465906771655,52.1945963030606],[18.6469077464435,52.194726147303],[18.64689476286,52.1947501901845],[18.6471121600824,52.1949950737108],[18.6471591662792,52.1950457177317],[18.6473560314822,52.1949780561065],[18.6477608239174,52.1951428468797],[18.6477976255366,52.1951578767838],[18.648040027589,52.1952565965066],[18.6481796279807,52.1953134261231],[18.6482618701504,52.1953469377715],[18.6484399091132,52.1954193988502],[18.6484923519596,52.195440730723],[18.6486148189097,52.1954905632618],[18.6488122786998,52.1955753766785],[18.649054933154,52.1956697743907],[18.6491160190212,52.1956946479062],[18.6492866116768,52.195764085281],[18.6494579477802,52.1958337797397],[18.6495066690384,52.1958536448945],[18.6495676052277,52.1958784307842],[18.6496163265687,52.1958982958933],[18.6497867864722,52.1959680045495],[18.6500000052982,52.1960550702242],[18.6500643801595,52.1960815066964],[18.6502197849796,52.1961449030016],[18.6504423950119,52.1962358569354],[18.650509445737,52.1962632374687],[18.6505423724162,52.1962766230424],[18.6505708352977,52.1962949383348],[18.650628258493,52.1963295825724],[18.6506785386547,52.1963681223825],[18.6507237733799,52.1964083648892],[18.6509979435231,52.1966857370373],[18.6509969062486,52.1967218079879],[18.6512475141834,52.1966617843835],[18.6511633435772,52.1966443107485],[18.6510352185511,52.1965163541201],[18.6508838648324,52.1963627119636],[18.650839365009,52.1963225471284],[18.650789005264,52.1962822105156],[18.6507341928668,52.1962437464916],[18.6506767379095,52.1962083835383],[18.6506129495521,52.196175374166],[18.6504039816434,52.1960918347678],[18.6502094931808,52.1960114695984],[18.6501609097171,52.1959914225714],[18.6501153059353,52.195972584464],[18.6500667225562,52.1959525373977],[18.6498844541876,52.195877182282],[18.6496656760625,52.1957867926957],[18.6494346799837,52.1956913921193],[18.6492644902503,52.1956211389677],[18.6492100325872,52.195603887011],[18.6491703046223,52.195582253107],[18.6491217180924,52.1955621158265],[18.6490123304338,52.1955169203926],[18.6489624083929,52.1954963558092],[18.648902942982,52.1954717248563],[18.6487935557664,52.1954265292264],[18.6487284133434,52.1954053393534],[18.6486794215155,52.1953855656754],[18.6483680814038,52.1952507587786],[18.648249618332,52.1952021178034],[18.6482007521369,52.1951822545352],[18.6480177986651,52.1951078071463],[18.6478105630373,52.1950235151219],[18.6475914021782,52.1949342069905],[18.6474296671048,52.1948697440439],[18.6473838717795,52.1948498291562],[18.6473381360145,52.1948312619018],[18.6472894168068,52.1948113957696],[18.6471064663413,52.1947369467644],[18.6468992341213,52.1946526528803],[18.6466797844893,52.1945633476341],[18.6465212683805,52.1944988295187],[18.6465051386769,52.1944482993028],[18.6465667133232,52.1943915275523],[18.6467565050055,52.1942167220775],[18.6469105859895,52.1940747901403]]]},"properties":{"case_id":"ST-WK-KO/ZGŁOSZENIE/3227/2025","source_type":"zgloszenie","received_date":"2025-10-09","decision_date":null,"status":"Brak sprzeciwu","description":"Budowa sieci rozdzielczej cieplnej","address":"Koło","city":"Koło","office":"Starosta Powiatu Koło","case_kind":"budowa nowego/nowych obiektów budowlanych","parcel_ids":["300901_1.0001.AR_42.38","300901_1.0001.AR_43.122","300901_1.0001.AR_43.135/2","300901_1.0001.AR_43.136","300901_1.0001.AR_43.147","300901_1.0001.AR_43.52","300901_1.0001.AR_43.53/1","300901_1.0001.AR_43.53/2","300901_1.0001.AR_43.54/15","300901_1.0001.AR_43.76","300901_1.0001.AR_44.14/10","300901_1.0001.AR_44.14/12","300901_1.0001.AR_45.11/4","300901_1.0001.AR_45.3","300901_1.0001.AR_45.7/9","300901_1.0001.AR_45.8/1","300901_1.0001.AR_46.1/1"],"location_quality":"dokładny","gunb_url":"https://wyszukiwarka.gunb.gov.pl/","parcel_count":17,"parcel_shard":"x074-y208","parcel_id":"300901_1.0001.AR_42.38","location_source":"powiat kolski (wfs)"}},{"type":"Feature","id":"ST-WK-KO/ZGŁOSZENIE/3227/2025::300901_1.0001.AR_43.122","geometry":{"type":"Polygon","coordinates":[[[18.6550536343299,52.1958761057019],[18.6549199898673,52.1958945386691],[18.6547789562124,52.1959244130801],[18.654697612322,52.1959442967588],[18.6548440289641,52.195973133149],[18.654996277057,52.1960872857815],[18.6550232169947,52.1961075137485],[18.6550428883501,52.1961221991536],[18.655089349538,52.1961570251065],[18.6552194965428,52.1962544648209],[18.6553496481007,52.1963519942271],[18.6556099569109,52.1965471424013],[18.6558410545338,52.196720302086],[18.6558779833894,52.1967480047781],[18.6559896713258,52.1968316371522],[18.6560269047013,52.1968596044251],[18.6562624455358,52.1970325520187],[18.6564314259594,52.1969463169613],[18.6562464327474,52.1968115101845],[18.6562360166016,52.1968009855267],[18.6561701516187,52.1967542575144],[18.6560794991503,52.1966863665857],[18.6559125704764,52.1965613125837],[18.6558340214536,52.1965023894168],[18.6557456427402,52.1964362583219],[18.6555787159417,52.1963112038001],[18.6554117860827,52.1961860591707],[18.655404521405,52.1961806064854],[18.65524486116,52.1960610041291],[18.6550258796103,52.1958969908395],[18.6550536343299,52.1958761057019]]]},"properties":{"case_id":"ST-WK-KO/ZGŁOSZENIE/3227/2025","source_type":"zgloszenie","received_date":"2025-10-09","decision_date":null,"status":"Brak sprzeciwu","description":"Budowa sieci rozdzielczej cieplnej","address":"Koło","city":"Koło","office":"Starosta Powiatu Koło","case_kind":"budowa nowego/nowych obiektów budowlanych","parcel_ids":["300901_1.0001.AR_42.38","300901_1.0001.AR_43.122","300901_1.0001.AR_43.135/2","300901_1.0001.AR_43.136","300901_1.0001.AR_43.147","300901_1.0001.AR_43.52","300901_1.0001.AR_43.53/1","300901_1.0001.AR_43.53/2","300901_1.0001.AR_43.54/15","300901_1.0001.AR_43.76","300901_1.0001.AR_44.14/10","300901_1.0001.AR_44.14/12","300901_1.0001.AR_45.11/4","300901_1.0001.AR_45.3","300901_1.0001.AR_45.7/9","300901_1.0001.AR_45.8/1","300901_1.0001.AR_46.1/1"],"location_quality":"dokładny","gunb_url":"https://wyszukiwarka.gunb.gov.pl/","parcel_count":17,"parcel_shard":"x074-y208","parcel_id":"300901_1.0001.AR_43.122","location_source":"powiat kolski (wfs)"}},{"type":"Feature","id":"ST-WK-KO/ZGŁOSZENIE/3227/2025::300901_1.0001.AR_43.135/2","geometry":{"type":"Polygon","coordinates":[[[18.6496168123727,52.1970539814604],[18.6497119944176,52.1971450872767],[18.6497324026237,52.1971400710047],[18.6497736973697,52.1971309295545],[18.6498138414929,52.1971189302356],[18.6500591112461,52.1970605265902],[18.6503437034935,52.196994722127],[18.6507410328599,52.1968943056216],[18.6508807754581,52.1968615802793],[18.6510033692338,52.1968314791142],[18.6511154331582,52.1968047906203],[18.651286955073,52.1967661389626],[18.6513909187897,52.1967415636576],[18.6514612615706,52.1967242936783],[18.6516047646086,52.196690605565],[18.6516873763304,52.1966728605576],[18.6517477502322,52.1966584543953],[18.651745224054,52.1966542709103],[18.6517793937789,52.1966461470791],[18.6518145789487,52.1966378264293],[18.6518171051327,52.1966420099217],[18.6518790712729,52.196627217432],[18.6520522348966,52.1965860198151],[18.6522284565194,52.1965445010609],[18.652546014031,52.1964616087759],[18.6528287051758,52.1963878167438],[18.6531573662792,52.1963195602832],[18.6532410985513,52.1963007165721],[18.6534346152809,52.1962533322715],[18.653573713371,52.1962193559656],[18.6538452433724,52.1961528631122],[18.6539779716886,52.1961204315267],[18.6540323936806,52.1961071129047],[18.654100130717,52.1960905144038],[18.6541628024302,52.1960751694987],[18.6543474905805,52.1960299994945],[18.6545321743729,52.1959847393722],[18.654697612322,52.1959442967588],[18.6547789562124,52.1959244130801],[18.6549199898673,52.1958945386691],[18.6550536343299,52.1958761057019],[18.6551633577731,52.1957935397353],[18.6551379216912,52.1957247354025],[18.6549898297069,52.1957603926042],[18.6549850210685,52.1957608327841],[18.6548511169714,52.1957931053437],[18.6545747580898,52.1958595014895],[18.654363302629,52.1959114137343],[18.6543279762854,52.1959198273911],[18.6541585787222,52.1959600660834],[18.6541241215379,52.1959682852968],[18.6540801226323,52.1959790918163],[18.6538330351288,52.1960391521066],[18.653501365879,52.1961186994353],[18.6534333242303,52.1961350329761],[18.653119465153,52.196210415078],[18.6529408199184,52.1962533243133],[18.652814143332,52.1962836755226],[18.6527149862041,52.1963077220521],[18.6524180990045,52.1963798513926],[18.6523863991184,52.1963875744485],[18.6521298954386,52.1964498567689],[18.6521217876863,52.1964517905713],[18.6519408450621,52.1964957257975],[18.6518874334564,52.1965087568721],[18.6518262024586,52.1965236269881],[18.6517707519079,52.1965368719408],[18.6515679308686,52.1965856679842],[18.6514989439221,52.196603814466],[18.6513876395776,52.1966311199816],[18.6512475141834,52.1966617843835],[18.6509969062486,52.1967218079879],[18.6508444612978,52.1967584321142],[18.6507751058388,52.1967748760806],[18.6505254414381,52.1968364114509],[18.6503079822776,52.1968884171934],[18.6502447153117,52.1969035903067],[18.6500818298683,52.1969423660361],[18.6499783075364,52.1969670228414],[18.649810806667,52.1970073139189],[18.6496168123727,52.1970539814604]]]},"properties":{"case_id":"ST-WK-KO/ZGŁOSZENIE/3227/2025","source_type":"zgloszenie","received_date":"2025-10-09","decision_date":null,"status":"Brak sprzeciwu","description":"Budowa sieci rozdzielczej cieplnej","address":"Koło","city":"Koło","office":"Starosta Powiatu Koło","case_kind":"budowa nowego/nowych obiektów budowlanych","parcel_ids":["300901_1.0001.AR_42.38","300901_1.0001.AR_43.122","300901_1.0001.AR_43.135/2","300901_1.0001.AR_43.136","300901_1.0001.AR_43.147","300901_1.0001.AR_43.52","300901_1.0001.AR_43.53/1","300901_1.0001.AR_43.53/2","300901_1.0001.AR_43.54/15","300901_1.0001.AR_43.76","300901_1.0001.AR_44.14/10","300901_1.0001.AR_44.14/12","300901_1.0001.AR_45.11/4","300901_1.0001.AR_45.3","300901_1.0001.AR_45.7/9","300901_1.0001.AR_45.8/1","300901_1.0001.AR_46.1/1"],"location_quality":"dokładny","gunb_url":"https://wyszukiwarka.gunb.gov.pl/","parcel_count":17,"parcel_shard":"x074-y208","parcel_id":"300901_1.0001.AR_43.135/2","location_source":"powiat kolski (wfs)"}},{"type":"Feature","id":"ST-WK-KO/ZGŁOSZENIE/3227/2025::300901_1.0001.AR_43.136","geometry":{"type":"Polygon","coordinates":[[[18.6527688881633,52.1982909381851],[18.6527611867298,52.1983416859053],[18.6525999324556,52.1984239532291],[18.6523976191252,52.1985273165009],[18.6521951587538,52.1986306818793],[18.6519925513407,52.1987340493727],[18.6519388100557,52.1987614982786],[18.6518780864819,52.1987925164369],[18.6518418872462,52.1988110137064],[18.6515926403623,52.1989383569915],[18.651556440904,52.1989568541736],[18.6514421173049,52.1990152285694],[18.6511570609927,52.1991606768028],[18.6512515808599,52.1992527304878],[18.6513077679673,52.1992240186426],[18.6513762950334,52.19918894713],[18.6516479329366,52.1990503584255],[18.651816772792,52.1989641893569],[18.6519876774643,52.1988771062421],[18.6520437213107,52.1988486644709],[18.6521003422239,52.1988196802102],[18.652235941705,52.1987502632856],[18.6523715407632,52.1986808462058],[18.6525071393984,52.1986114289708],[18.6526427376107,52.1985420115806],[18.6527783354,52.1984725940351],[18.6528748782392,52.1984230759071],[18.6529570057173,52.1984279243492],[18.6529198844945,52.198400087519],[18.6528061089489,52.1983186368535],[18.6527688881633,52.1982909381851]]]},"properties":{"case_id":"ST-WK-KO/ZGŁOSZENIE/3227/2025","source_type":"zgloszenie","received_date":"2025-10-09","decision_date":null,"status":"Brak sprzeciwu","description":"Budowa sieci rozdzielczej cieplnej","address":"Koło","city":"Koło","office":"Starosta Powiatu Koło","case_kind":"budowa nowego/nowych obiektów budowlanych","parcel_ids":["300901_1.0001.AR_42.38","300901_1.0001.AR_43.122","300901_1.0001.AR_43.135/2","300901_1.0001.AR_43.136","300901_1.0001.AR_43.147","300901_1.0001.AR_43.52","300901_1.0001.AR_43.53/1","300901_1.0001.AR_43.53/2","300901_1.0001.AR_43.54/15","300901_1.0001.AR_43.76","300901_1.0001.AR_44.14/10","300901_1.0001.AR_44.14/12","300901_1.0001.AR_45.11/4","300901_1.0001.AR_45.3","300901_1.0001.AR_45.7/9","300901_1.0001.AR_45.8/1","300901_1.0001.AR_46.1/1"],"location_quality":"dokładny","gunb_url":"https://wyszukiwarka.gunb.gov.pl/","parcel_count":17,"parcel_shard":"x074-y208","parcel_id":"300901_1.0001.AR_43.136","location_source":"powiat kolski (wfs)"}},{"type":"Feature","id":"ST-WK-KO/ZGŁOSZENIE/3227/2025::300901_1.0001.AR_43.147","geometry":{"type":"Polygon","coordinates":[[[18.651628783878,52.1974942619736],[18.651736870765,52.1975793067208],[18.6518190163869,52.1975840468197],[18.6520146442808,52.197729574754],[18.652210127224,52.197875104845],[18.6522474975217,52.1979028910709],[18.652340549982,52.1979721830149],[18.6523777702634,52.1979998818036],[18.6525734056746,52.1981454987635],[18.6527688881633,52.1982909381851],[18.6528061089489,52.1983186368535],[18.6529198844945,52.198400087519],[18.6529570057173,52.1984279243492],[18.6531887597802,52.1986019955555],[18.6533277896349,52.1987068336526],[18.6534206619132,52.1987760654856],[18.6536457883422,52.1986613453224],[18.6535523819268,52.1985918931124],[18.6534130712557,52.198487865743],[18.6531802078571,52.198314625106],[18.6529939531434,52.1981760448068],[18.652797321587,52.198031363131],[18.6520452515624,52.1974728850391],[18.6520970327179,52.197412367955],[18.6520058884755,52.1973203647415],[18.6518657975747,52.1972989716799],[18.651642204198,52.1970679537627],[18.6515611455932,52.1969859823602],[18.6514488479647,52.196870244163],[18.6513663768163,52.1967854002074],[18.6513909187897,52.1967415636576],[18.651286955073,52.1967661389626],[18.6511154331582,52.1968047906203],[18.6510033692338,52.1968314791142],[18.6510879986293,52.1968493947294],[18.6512883520173,52.1970555333904],[18.6513482935962,52.1971172877588],[18.6514965296258,52.1972698125374],[18.6516390866383,52.1974163182875],[18.651628783878,52.1974942619736]]]},"properties":{"case_id":"ST-WK-KO/ZGŁOSZENIE/3227/2025","source_type":"zgloszenie","received_date":"2025-10-09","decision_date":null,"status":"Brak sprzeciwu","description":"Budowa sieci rozdzielczej cieplnej","address":"Koło","city":"Koło","office":"Starosta Powiatu Koło","case_kind":"budowa nowego/nowych obiektów budowlanych","parcel_ids":["300901_1.0001.AR_42.38","300901_1.0001.AR_43.122","300901_1.0001.AR_43.135/2","300901_1.0001.AR_43.136","300901_1.0001.AR_43.147","300901_1.0001.AR_43.52","300901_1.0001.AR_43.53/1","300901_1.0001.AR_43.53/2","300901_1.0001.AR_43.54/15","300901_1.0001.AR_43.76","300901_1.0001.AR_44.14/10","300901_1.0001.AR_44.14/12","300901_1.0001.AR_45.11/4","300901_1.0001.AR_45.3","300901_1.0001.AR_45.7/9","300901_1.0001.AR_45.8/1","300901_1.0001.AR_46.1/1"],"location_quality":"dokładny","gunb_url":"https://wyszukiwarka.gunb.gov.pl/","parcel_count":17,"parcel_shard":"x074-y208","parcel_id":"300901_1.0001.AR_43.147","location_source":"powiat kolski (wfs)"}},{"type":"Feature","id":"ST-WK-KO/ZGŁOSZENIE/3227/2025::300901_1.0001.AR_43.52","geometry":{"type":"Polygon","coordinates":[[[18.6515589269106,52.1997267959814],[18.6516738200511,52.1998530855611],[18.6526226777514,52.1993701365083],[18.652648715048,52.1993892632762],[18.6528273309079,52.1992964037075],[18.6530027507465,52.1992038657377],[18.6530394364152,52.1991861326725],[18.6530150845186,52.1991681986593],[18.6533396305018,52.1989956390099],[18.6536710577286,52.1988247412714],[18.6537098859834,52.1988101511112],[18.6540404796962,52.1986399035751],[18.6543712092664,52.1984694729732],[18.654796725985,52.1982523195935],[18.6550871281432,52.198103061562],[18.6553775284122,52.1979538028092],[18.6558655564238,52.197704669376],[18.6561688243743,52.1975520461523],[18.6564507550199,52.1974066128627],[18.656682620907,52.1972870129396],[18.6571179005629,52.1968881599539],[18.6566606546993,52.1971184413221],[18.656306634206,52.1973010471721],[18.656062749118,52.1974267817977],[18.6557800661201,52.1975717772297],[18.6552735968213,52.197830659766],[18.6546891201128,52.1981287880941],[18.6542393182021,52.198359204761],[18.6536457883422,52.1986613453224],[18.6534206619132,52.1987760654856],[18.6528867004947,52.1990478904418],[18.6524771110599,52.1992582970331],[18.6515589269106,52.1997267959814]]]},"properties":{"case_id":"ST-WK-KO/ZGŁOSZENIE/3227/2025","source_type":"zgloszenie","received_date":"2025-10-09","decision_date":null,"status":"Brak sprzeciwu","description":"Budowa sieci rozdzielczej cieplnej","address":"Koło","city":"Koło","office":"Starosta Powiatu Koło","case_kind":"budowa nowego/nowych obiektów budowlanych","parcel_ids":["300901_1.0001.AR_42.38","300901_1.0001.AR_43.122","300901_1.0001.AR_43.135/2","300901_1.0001.AR_43.136","300901_1.0001.AR_43.147","300901_1.0001.AR_43.52","300901_1.0001.AR_43.53/1","300901_1.0001.AR_43.53/2","300901_1.0001.AR_43.54/15","300901_1.0001.AR_43.76","300901_1.0001.AR_44.14/10","300901_1.0001.AR_44.14/12","300901_1.0001.AR_45.11/4","300901_1.0001.AR_45.3","300901_1.0001.AR_45.7/9","300901_1.0001.AR_45.8/1","300901_1.0001.AR_46.1/1"],"location_quality":"dokładny","gunb_url":"https://wyszukiwarka.gunb.gov.pl/","parcel_count":17,"parcel_shard":"x074-y208","parcel_id":"300901_1.0001.AR_43.52","location_source":"powiat kolski (wfs)"}},{"type":"Feature","id":"ST-WK-KO/ZGŁOSZENIE/3227/2025::300901_1.0001.AR_43.53/1","geometry":{"type":"Polygon","coordinates":[[[18.6566606546993,52.1971184413221],[18.6566367424688,52.1971038272781],[18.656306634206,52.1973010471721],[18.6566606546993,52.1971184413221]]]},"properties":{"case_id":"ST-WK-KO/ZGŁOSZENIE/3227/2025","source_type":"zgloszenie","received_date":"2025-10-09","decision_date":null,"status":"Brak sprzeciwu","description":"Budowa sieci rozdzielczej cieplnej","address":"Koło","city":"Koło","office":"Starosta Powiatu Koło","case_kind":"budowa nowego/nowych obiektów budowlanych","parcel_ids":["300901_1.0001.AR_42.38","300901_1.0001.AR_43.122","300901_1.0001.AR_43.135/2","300901_1.0001.AR_43.136","300901_1.0001.AR_43.147","300901_1.0001.AR_43.52","300901_1.0001.AR_43.53/1","300901_1.0001.AR_43.53/2","300901_1.0001.AR_43.54/15","300901_1.0001.AR_43.76","300901_1.0001.AR_44.14/10","300901_1.0001.AR_44.14/12","300901_1.0001.AR_45.11/4","300901_1.0001.AR_45.3","300901_1.0001.AR_45.7/9","300901_1.0001.AR_45.8/1","300901_1.0001.AR_46.1/1"],"location_quality":"dokładny","gunb_url":"https://wyszukiwarka.gunb.gov.pl/","parcel_count":17,"parcel_shard":"x074-y208","parcel_id":"300901_1.0001.AR_43.53/1","location_source":"powiat kolski (wfs)"}},{"type":"Feature","id":"ST-WK-KO/ZGŁOSZENIE/3227/2025::300901_1.0001.AR_43.53/2","geometry":{"type":"Polygon","coordinates":[[[18.656306634206,52.1973010471721],[18.6566367424688,52.1971038272781],[18.6565678428943,52.1970523342376],[18.6564075725811,52.197134116967],[18.6562544164162,52.1972123546316],[18.6561289861636,52.1972763269337],[18.6559931034242,52.1973456600682],[18.655854026509,52.1974166286193],[18.6557165460316,52.1974867792228],[18.6555815342383,52.1975557475225],[18.6554457947248,52.197624989345],[18.6552466136886,52.1977266700984],[18.6551923177813,52.197754384667],[18.6550551264052,52.197824443007],[18.6549140147872,52.1978965002805],[18.6542363250785,52.1982426084654],[18.6541004364412,52.1983119394288],[18.6538296777346,52.1984503256004],[18.6536913199273,52.1985209280738],[18.6535523819268,52.1985918931124],[18.6536457883422,52.1986613453224],[18.6542393182021,52.198359204761],[18.6546891201128,52.1981287880941],[18.6552735968213,52.197830659766],[18.6557800661201,52.1975717772297],[18.656062749118,52.1974267817977],[18.656306634206,52.1973010471721]]]},"properties":{"case_id":"ST-WK-KO/ZGŁOSZENIE/3227/2025","source_type":"zgloszenie","received_date":"2025-10-09","decision_date":null,"status":"Brak sprzeciwu","description":"Budowa sieci rozdzielczej cieplnej","address":"Koło","city":"Koło","office":"Starosta Powiatu Koło","case_kind":"budowa nowego/nowych obiektów budowlanych","parcel_ids":["300901_1.0001.AR_42.38","300901_1.0001.AR_43.122","300901_1.0001.AR_43.135/2","300901_1.0001.AR_43.136","300901_1.0001.AR_43.147","300901_1.0001.AR_43.52","300901_1.0001.AR_43.53/1","300901_1.0001.AR_43.53/2","300901_1.0001.AR_43.54/15","300901_1.0001.AR_43.76","300901_1.0001.AR_44.14/10","300901_1.0001.AR_44.14/12","300901_1.0001.AR_45.11/4","300901_1.0001.AR_45.3","300901_1.0001.AR_45.7/9","300901_1.0001.AR_45.8/1","300901_1.0001.AR_46.1/1"],"location_quality":"dokładny","gunb_url":"https://wyszukiwarka.gunb.gov.pl/","parcel_count":17,"parcel_shard":"x074-y208","parcel_id":"300901_1.0001.AR_43.53/2","location_source":"powiat kolski (wfs)"}},{"type":"Feature","id":"ST-WK-KO/ZGŁOSZENIE/3227/2025::300901_1.0001.AR_43.54/15","geometry":{"type":"Polygon","coordinates":[[[18.6564075725811,52.197134116967],[18.6565678428943,52.1970523342376],[18.6564314259594,52.1969463169613],[18.6562624455358,52.1970325520187],[18.6564075725811,52.197134116967]]]},"properties":{"case_id":"ST-WK-KO/ZGŁOSZENIE/3227/2025","source_type":"zgloszenie","received_date":"2025-10-09","decision_date":null,"status":"Brak sprzeciwu","description":"Budowa sieci rozdzielczej cieplnej","address":"Koło","city":"Koło","office":"Starosta Powiatu Koło","case_kind":"budowa nowego/nowych obiektów budowlanych","parcel_ids":["300901_1.0001.AR_42.38","300901_1.0001.AR_43.122","300901_1.0001.AR_43.135/2","300901_1.0001.AR_43.136","300901_1.0001.AR_43.147","300901_1.0001.AR_43.52","300901_1.0001.AR_43.53/1","300901_1.0001.AR_43.53/2","300901_1.0001.AR_43.54/15","300901_1.0001.AR_43.76","300901_1.0001.AR_44.14/10","300901_1.0001.AR_44.14/12","300901_1.0001.AR_45.11/4","300901_1.0001.AR_45.3","300901_1.0001.AR_45.7/9","300901_1.0001.AR_45.8/1","300901_1.0001.AR_46.1/1"],"location_quality":"dokładny","gunb_url":"https://wyszukiwarka.gunb.gov.pl/","parcel_count":17,"parcel_shard":"x074-y208","parcel_id":"300901_1.0001.AR_43.54/15","location_source":"powiat kolski (wfs)"}},{"type":"Feature","id":"ST-WK-KO/ZGŁOSZENIE/3227/2025::300901_1.0001.AR_43.76","geometry":{"type":"Polygon","coordinates":[[[18.6530759497098,52.1981806967134],[18.6529939531434,52.1981760448068],[18.6531802078571,52.198314625106],[18.6531877666145,52.1982639696437],[18.6532810517602,52.1982162851713],[18.6534168326759,52.1981469405865],[18.6535526092032,52.198077505998],[18.6536882431145,52.1980081635384],[18.6538240188535,52.1979387286295],[18.6539596559583,52.1978694756977],[18.6540952886746,52.1978001327537],[18.6542310632024,52.1977306973689],[18.6543666951169,52.1976613541228],[18.6544994025022,52.197592059674],[18.6546381039072,52.1975226646907],[18.6547738140493,52.1974532762271],[18.6548342062501,52.1974223822553],[18.6548985181338,52.1973894891611],[18.655034264485,52.1973201174144],[18.6551698939848,52.1972507732302],[18.655305665292,52.1971813365951],[18.6554414361903,52.1971118998042],[18.6555769222361,52.1970426474495],[18.6557126962869,52.1969733001866],[18.6558484659452,52.196903862938],[18.6559447521104,52.196854687412],[18.6560269047013,52.1968596044251],[18.6559896713258,52.1968316371522],[18.6558779833894,52.1967480047781],[18.6558410545338,52.196720302086],[18.6558330602156,52.1967709651657],[18.6555971446843,52.1968916204191],[18.6553948485466,52.1969950787514],[18.655192263069,52.1970986314722],[18.654990107324,52.1972019968086],[18.6548297300905,52.1972840728535],[18.6546048200929,52.1973989673473],[18.6543913624255,52.1975081851544],[18.654155150908,52.1976289322665],[18.6539528483014,52.197732388099],[18.6537392413657,52.1978416071582],[18.6536492484973,52.1978876185599],[18.653447085878,52.1979909812254],[18.6532446339533,52.1980944382657],[18.6530759497098,52.1981806967134]]]},"properties":{"case_id":"ST-WK-KO/ZGŁOSZENIE/3227/2025","source_type":"zgloszenie","received_date":"2025-10-09","decision_date":null,"status":"Brak sprzeciwu","description":"Budowa sieci rozdzielczej cieplnej","address":"Koło","city":"Koło","office":"Starosta Powiatu Koło","case_kind":"budowa nowego/nowych obiektów budowlanych","parcel_ids":["300901_1.0001.AR_42.38","300901_1.0001.AR_43.122","300901_1.0001.AR_43.135/2","300901_1.0001.AR_43.136","300901_1.0001.AR_43.147","300901_1.0001.AR_43.52","300901_1.0001.AR_43.53/1","300901_1.0001.AR_43.53/2","300901_1.0001.AR_43.54/15","300901_1.0001.AR_43.76","300901_1.0001.AR_44.14/10","300901_1.0001.AR_44.14/12","300901_1.0001.AR_45.11/4","300901_1.0001.AR_45.3","300901_1.0001.AR_45.7/9","300901_1.0001.AR_45.8/1","300901_1.0001.AR_46.1/1"],"location_quality":"dokładny","gunb_url":"https://wyszukiwarka.gunb.gov.pl/","parcel_count":17,"parcel_shard":"x074-y208","parcel_id":"300901_1.0001.AR_43.76","location_source":"powiat kolski (wfs)"}},{"type":"Feature","id":"ST-WK-KO/ZGŁOSZENIE/3227/2025::300901_1.0001.AR_44.14/10","geometry":{"type":"Polygon","coordinates":[[[18.6581277766011,52.1999955392535],[18.6582320862814,52.2001154851215],[18.658319945917,52.2001021423169],[18.6584258335298,52.2001308520829],[18.6586018398989,52.2001038050015],[18.6585667376434,52.2000644541715],[18.6584615828241,52.1999467602861],[18.6581277766011,52.1999955392535]]]},"properties":{"case_id":"ST-WK-KO/ZGŁOSZENIE/3227/2025","source_type":"zgloszenie","received_date":"2025-10-09","decision_date":null,"status":"Brak sprzeciwu","description":"Budowa sieci rozdzielczej cieplnej","address":"Koło","city":"Koło","office":"Starosta Powiatu Koło","case_kind":"budowa nowego/nowych obiektów budowlanych","parcel_ids":["300901_1.0001.AR_42.38","300901_1.0001.AR_43.122","300901_1.0001.AR_43.135/2","300901_1.0001.AR_43.136","300901_1.0001.AR_43.147","300901_1.0001.AR_43.52","300901_1.0001.AR_43.53/1","300901_1.0001.AR_43.53/2","300901_1.0001.AR_43.54/15","300901_1.0001.AR_43.76","300901_1.0001.AR_44.14/10","300901_1.0001.AR_44.14/12","300901_1.0001.AR_45.11/4","300901_1.0001.AR_45.3","300901_1.0001.AR_45.7/9","300901_1.0001.AR_45.8/1","300901_1.0001.AR_46.1/1"],"location_quality":"dokładny","gunb_url":"https://wyszukiwarka.gunb.gov.pl/","parcel_count":17,"parcel_shard":"x074-y208","parcel_id":"300901_1.0001.AR_44.14/10","location_source":"powiat kolski (wfs)"}},{"type":"Feature","id":"ST-WK-KO/ZGŁOSZENIE/3227/2025::300901_1.0001.AR_44.14/12","geometry":{"type":"Polygon","coordinates":[[[18.660455931393,52.2025557657622],[18.659855411418,52.2016745368576],[18.65967260561,52.2014205723924],[18.6593683851258,52.2009981339633],[18.6591563866715,52.2007381301488],[18.6589110708545,52.2004505393955],[18.6586018398989,52.2001038050015],[18.6584258335298,52.2001308520829],[18.6587561834466,52.2005011970806],[18.6590006103306,52.2007880740846],[18.6592078385531,52.2010420829345],[18.6596950065053,52.2017183059323],[18.6598530608433,52.2019503884217],[18.6603219917909,52.2026383950035],[18.660455931393,52.2025557657622]]]},"properties":{"case_id":"ST-WK-KO/ZGŁOSZENIE/3227/2025","source_type":"zgloszenie","received_date":"2025-10-09","decision_date":null,"status":"Brak sprzeciwu","description":"Budowa sieci rozdzielczej cieplnej","address":"Koło","city":"Koło","office":"Starosta Powiatu Koło","case_kind":"budowa nowego/nowych obiektów budowlanych","parcel_ids":["300901_1.0001.AR_42.38","300901_1.0001.AR_43.122","300901_1.0001.AR_43.135/2","300901_1.0001.AR_43.136","300901_1.0001.AR_43.147","300901_1.0001.AR_43.52","300901_1.0001.AR_43.53/1","300901_1.0001.AR_43.53/2","300901_1.0001.AR_43.54/15","300901_1.0001.AR_43.76","300901_1.0001.AR_44.14/10","300901_1.0001.AR_44.14/12","300901_1.0001.AR_45.11/4","300901_1.0001.AR_45.3","300901_1.0001.AR_45.7/9","300901_1.0001.AR_45.8/1","300901_1.0001.AR_46.1/1"],"location_quality":"dokładny","gunb_url":"https://wyszukiwarka.gunb.gov.pl/","parcel_count":17,"parcel_shard":"x074-y208","parcel_id":"300901_1.0001.AR_44.14/12","location_source":"powiat kolski (wfs)"}},{"type":"Feature","id":"ST-WK-KO/ZGŁOSZENIE/3227/2025::300901_1.0001.AR_45.11/4","geometry":{"type":"Polygon","coordinates":[[[18.6603500767613,52.1994901381517],[18.6602314001771,52.1993682971806],[18.6599508238488,52.1994059081362],[18.6592707119035,52.1996564275224],[18.6591966617352,52.1996836251344],[18.659067636158,52.199732161432],[18.6591693881748,52.1998471774234],[18.6600613385175,52.1995297723788],[18.6603500767613,52.1994901381517]]]},"properties":{"case_id":"ST-WK-KO/ZGŁOSZENIE/3227/2025","source_type":"zgloszenie","received_date":"2025-10-09","decision_date":null,"status":"Brak sprzeciwu","description":"Budowa sieci rozdzielczej cieplnej","address":"Koło","city":"Koło","office":"Starosta Powiatu Koło","case_kind":"budowa nowego/nowych obiektów budowlanych","parcel_ids":["300901_1.0001.AR_42.38","300901_1.0001.AR_43.122","300901_1.0001.AR_43.135/2","300901_1.0001.AR_43.136","300901_1.0001.AR_43.147","300901_1.0001.AR_43.52","300901_1.0001.AR_43.53/1","300901_1.0001.AR_43.53/2","300901_1.0001.AR_43.54/15","300901_1.0001.AR_43.76","300901_1.0001.AR_44.14/10","300901_1.0001.AR_44.14/12","300901_1.0001.AR_45.11/4","300901_1.0001.AR_45.3","300901_1.0001.AR_45.7/9","300901_1.0001.AR_45.8/1","300901_1.0001.AR_46.1/1"],"location_quality":"dokładny","gunb_url":"https://wyszukiwarka.gunb.gov.pl/","parcel_count":17,"parcel_shard":"x074-y208","parcel_id":"300901_1.0001.AR_45.11/4","location_source":"powiat kolski (wfs)"}},{"type":"Feature","id":"ST-WK-KO/ZGŁOSZENIE/3227/2025::300901_1.0001.AR_45.3","geometry":{"type":"Polygon","coordinates":[[[18.656682620907,52.1972870129396],[18.657135255312,52.1975559860845],[18.6575125670479,52.1979671986345],[18.6572914283544,52.19762646388],[18.6568906638616,52.1972306586277],[18.6568574056705,52.1971974731101],[18.656682620907,52.1972870129396]]]},"properties":{"case_id":"ST-WK-KO/ZGŁOSZENIE/3227/2025","source_type":"zgloszenie","received_date":"2025-10-09","decision_date":null,"status":"Brak sprzeciwu","description":"Budowa sieci rozdzielczej cieplnej","address":"Koło","city":"Koło","office":"Starosta Powiatu Koło","case_kind":"budowa nowego/nowych obiektów budowlanych","parcel_ids":["300901_1.0001.AR_42.38","300901_1.0001.AR_43.122","300901_1.0001.AR_43.135/2","300901_1.0001.AR_43.136","300901_1.0001.AR_43.147","300901_1.0001.AR_43.52","300901_1.0001.AR_43.53/1","300901_1.0001.AR_43.53/2","300901_1.0001.AR_43.54/15","300901_1.0001.AR_43.76","300901_1.0001.AR_44.14/10","300901_1.0001.AR_44.14/12","300901_1.0001.AR_45.11/4","300901_1.0001.AR_45.3","300901_1.0001.AR_45.7/9","300901_1.0001.AR_45.8/1","300901_1.0001.AR_46.1/1"],"location_quality":"dokładny","gunb_url":"https://wyszukiwarka.gunb.gov.pl/","parcel_count":17,"parcel_shard":"x074-y208","parcel_id":"300901_1.0001.AR_45.3","location_source":"powiat kolski (wfs)"}},{"type":"Feature","id":"ST-WK-KO/ZGŁOSZENIE/3227/2025::300901_1.0001.AR_45.7/9","geometry":{"type":"Polygon","coordinates":[[[18.6589629561061,52.199765282217],[18.6584615828241,52.1999467602861],[18.6585667376434,52.2000644541715],[18.6590721964827,52.1998822338112],[18.6591693881748,52.1998471774234],[18.659067636158,52.199732161432],[18.6590136449798,52.1996815914796],[18.6589913280267,52.1997550573356],[18.6589629561061,52.199765282217]]]},"properties":{"case_id":"ST-WK-KO/ZGŁOSZENIE/3227/2025","source_type":"zgloszenie","received_date":"2025-10-09","decision_date":null,"status":"Brak sprzeciwu","description":"Budowa sieci rozdzielczej cieplnej","address":"Koło","city":"Koło","office":"Starosta Powiatu Koło","case_kind":"budowa nowego/nowych obiektów budowlanych","parcel_ids":["300901_1.0001.AR_42.38","300901_1.0001.AR_43.122","300901_1.0001.AR_43.135/2","300901_1.0001.AR_43.136","300901_1.0001.AR_43.147","300901_1.0001.AR_43.52","300901_1.0001.AR_43.53/1","300901_1.0001.AR_43.53/2","300901_1.0001.AR_43.54/15","300901_1.0001.AR_43.76","300901_1.0001.AR_44.14/10","300901_1.0001.AR_44.14/12","300901_1.0001.AR_45.11/4","300901_1.0001.AR_45.3","300901_1.0001.AR_45.7/9","300901_1.0001.AR_45.8/1","300901_1.0001.AR_46.1/1"],"location_quality":"dokładny","gunb_url":"https://wyszukiwarka.gunb.gov.pl/","parcel_count":17,"parcel_shard":"x074-y208","parcel_id":"300901_1.0001.AR_45.7/9","location_source":"powiat kolski (wfs)"}},{"type":"Feature","id":"ST-WK-KO/ZGŁOSZENIE/3227/2025::300901_1.0001.AR_45.8/1","geometry":{"type":"Polygon","coordinates":[[[18.6570816144092,52.1970826131626],[18.6568574056705,52.1971974731101],[18.6568906638616,52.1972306586277],[18.6572914283544,52.19762646388],[18.6575125670479,52.1979671986345],[18.6575910994727,52.1980882483444],[18.6576621005271,52.1981714825577],[18.6578112119762,52.1983464629104],[18.6579604708041,52.1985214406146],[18.6581155979601,52.1987033326299],[18.658258841767,52.1988713080241],[18.6582602294727,52.1988729031126],[18.6583008514361,52.1989187227897],[18.6584440962496,52.1990802449917],[18.6587973823322,52.1994788636899],[18.6588412864862,52.1995199628911],[18.6590136449798,52.1996815914796],[18.659067636158,52.199732161432],[18.6591966617352,52.1996836251344],[18.6589191790973,52.199427916898],[18.6585332559145,52.1989914087175],[18.6583891828253,52.1988278530842],[18.6577376616131,52.1980575588743],[18.6574129200713,52.197574886591],[18.6573019155828,52.1974441315433],[18.6571121760266,52.1972206512211],[18.6571589027249,52.1971974141452],[18.6570816144092,52.1970826131626]]]},"properties":{"case_id":"ST-WK-KO/ZGŁOSZENIE/3227/2025","source_type":"zgloszenie","received_date":"2025-10-09","decision_date":null,"status":"Brak sprzeciwu","description":"Budowa sieci rozdzielczej cieplnej","address":"Koło","city":"Koło","office":"Starosta Powiatu Koło","case_kind":"budowa nowego/nowych obiektów budowlanych","parcel_ids":["300901_1.0001.AR_42.38","300901_1.0001.AR_43.122","300901_1.0001.AR_43.135/2","300901_1.0001.AR_43.136","300901_1.0001.AR_43.147","300901_1.0001.AR_43.52","300901_1.0001.AR_43.53/1","300901_1.0001.AR_43.53/2","300901_1.0001.AR_43.54/15","300901_1.0001.AR_43.76","300901_1.0001.AR_44.14/10","300901_1.0001.AR_44.14/12","300901_1.0001.AR_45.11/4","300901_1.0001.AR_45.3","300901_1.0001.AR_45.7/9","300901_1.0001.AR_45.8/1","300901_1.0001.AR_46.1/1"],"location_quality":"dokładny","gunb_url":"https://wyszukiwarka.gunb.gov.pl/","parcel_count":17,"parcel_shard":"x074-y208","parcel_id":"300901_1.0001.AR_45.8/1","location_source":"powiat kolski (wfs)"}},{"type":"Feature","id":"ST-WK-KO/ZGŁOSZENIE/3227/2025::300901_1.0001.AR_46.1/1","geometry":{"type":"Polygon","coordinates":[[[18.6571179005629,52.1968881599539],[18.656682620907,52.1972870129396],[18.6568574056705,52.1971974731101],[18.6570816144092,52.1970826131626],[18.6571179005629,52.1968881599539]]]},"properties":{"case_id":"ST-WK-KO/ZGŁOSZENIE/3227/2025","source_type":"zgloszenie","received_date":"2025-10-09","decision_date":null,"status":"Brak sprzeciwu","description":"Budowa sieci rozdzielczej cieplnej","address":"Koło","city":"Koło","office":"Starosta Powiatu Koło","case_kind":"budowa nowego/nowych obiektów budowlanych","parcel_ids":["300901_1.0001.AR_42.38","300901_1.0001.AR_43.122","300901_1.0001.AR_43.135/2","300901_1.0001.AR_43.136","300901_1.0001.AR_43.147","300901_1.0001.AR_43.52","300901_1.0001.AR_43.53/1","300901_1.0001.AR_43.53/2","300901_1.0001.AR_43.54/15","300901_1.0001.AR_43.76","300901_1.0001.AR_44.14/10","300901_1.0001.AR_44.14/12","300901_1.0001.AR_45.11/4","300901_1.0001.AR_45.3","300901_1.0001.AR_45.7/9","300901_1.0001.AR_45.8/1","300901_1.0001.AR_46.1/1"],"location_quality":"dokładny","gunb_url":"https://wyszukiwarka.gunb.gov.pl/","parcel_count":17,"parcel_shard":"x074-y208","parcel_id":"300901_1.0001.AR_46.1/1","location_source":"powiat kolski (wfs)"}},{"type":"Feature","id":"ST-WK-KO/WNIOSEK/1068/2026::300901_1.0001.AR_42.74/1","geometry":{"type":"Polygon","coordinates":[[[18.6492042377562,52.1928252263968],[18.6490308307337,52.1928929639713],[18.6489923971221,52.192907975859],[18.6490254548735,52.1929376335065],[18.6490159221541,52.1929437268066],[18.649055265315,52.1929807460987],[18.6491717758531,52.193090374296],[18.6493921382397,52.1930018178461],[18.6492042377562,52.1928252263968]]]},"properties":{"case_id":"ST-WK-KO/WNIOSEK/1068/2026","source_type":"wniosek_decyzja","received_date":"2026-01-21","decision_date":"2026-04-02","status":"decyzja wydana","description":"Dokończenie budowy budynku mieszkalnego jednorodzinnego wraz z instalacjami i urządzeniami technicznymi","address":"Koło","city":"Koło","office":"Starosta Powiatu Koło","case_kind":"Budynek mieszkalny jednorodzinny","parcel_ids":["300901_1.0001.AR_42.74/1"],"location_quality":"dokładny","gunb_url":"https://wyszukiwarka.gunb.gov.pl/","parcel_count":1,"parcel_shard":"x074-y208","parcel_id":"300901_1.0001.AR_42.74/1","location_source":"powiat kolski (wfs)"}},{"type":"Feature","id":"ST-WK-KO/WNIOSEK/13015/2026::300901_1.0001.AR_43.18","geometry":{"type":"Polygon","coordinates":[[[18.6509326182371,52.1982842436337],[18.6510338804454,52.1983935885727],[18.6511354395351,52.198503018438],[18.6512072531142,52.1984792507611],[18.6513068115355,52.1984443200171],[18.6513569363327,52.1984263992935],[18.6514375172314,52.1983990683473],[18.6514562578003,52.1983927311096],[18.6513225469385,52.1982511121315],[18.65125002913,52.1981730247453],[18.6509326182371,52.1982842436337]]]},"properties":{"case_id":"ST-WK-KO/WNIOSEK/13015/2026","source_type":"wniosek_decyzja","received_date":"2026-07-10","decision_date":"2026-07-21","status":"decyzja wydana","description":"Wewnętrzna instalacja gazu ziemnego do budynku mieszkalnego jednorodzinnego","address":"Koło","city":"Koło","office":"Starosta Powiatu Koło","case_kind":"Budynek mieszkalny jednorodzinny","parcel_ids":["300901_1.0001.AR_43.18"],"location_quality":"dokładny","gunb_url":"https://wyszukiwarka.gunb.gov.pl/","parcel_count":1,"parcel_shard":"x074-y208","parcel_id":"300901_1.0001.AR_43.18","location_source":"powiat kolski (wfs)"}},{"type":"Feature","id":"ST-WK-KO/WNIOSEK/11578/2026::300901_1.0001.AR_43.33","geometry":{"type":"Polygon","coordinates":[[[18.6513503767753,52.1977767272432],[18.6511387427613,52.1978864660623],[18.6513195594922,52.1980844707275],[18.6515822561855,52.197950339679],[18.6513503767753,52.1977767272432]]]},"properties":{"case_id":"ST-WK-KO/WNIOSEK/11578/2026","source_type":"wniosek_decyzja","received_date":"2026-06-18","decision_date":"2026-07-30","status":"decyzja wydana","description":"Budowa instalacji  gazowej  wewnętrznej   do budynku mieszkalnego jednorodzinnego","address":"Koło","city":"Koło","office":"Starosta Powiatu Koło","case_kind":"Budynek mieszkalny jednorodzinny","parcel_ids":["300901_1.0001.AR_43.33"],"location_quality":"dokładny","gunb_url":"https://wyszukiwarka.gunb.gov.pl/","parcel_count":1,"parcel_shard":"x074-y208","parcel_id":"300901_1.0001.AR_43.33","location_source":"powiat kolski (wfs)"}},{"type":"Feature","id":"PL-WP/ZGŁOSZENIE/3507/2025::300901_1.0001.AR_43.52","geometry":{"type":"Polygon","coordinates":[[[18.6515589269106,52.1997267959814],[18.6516738200511,52.1998530855611],[18.6526226777514,52.1993701365083],[18.652648715048,52.1993892632762],[18.6528273309079,52.1992964037075],[18.6530027507465,52.1992038657377],[18.6530394364152,52.1991861326725],[18.6530150845186,52.1991681986593],[18.6533396305018,52.1989956390099],[18.6536710577286,52.1988247412714],[18.6537098859834,52.1988101511112],[18.6540404796962,52.1986399035751],[18.6543712092664,52.1984694729732],[18.654796725985,52.1982523195935],[18.6550871281432,52.198103061562],[18.6553775284122,52.1979538028092],[18.6558655564238,52.197704669376],[18.6561688243743,52.1975520461523],[18.6564507550199,52.1974066128627],[18.656682620907,52.1972870129396],[18.6571179005629,52.1968881599539],[18.6566606546993,52.1971184413221],[18.656306634206,52.1973010471721],[18.656062749118,52.1974267817977],[18.6557800661201,52.1975717772297],[18.6552735968213,52.197830659766],[18.6546891201128,52.1981287880941],[18.6542393182021,52.198359204761],[18.6536457883422,52.1986613453224],[18.6534206619132,52.1987760654856],[18.6528867004947,52.1990478904418],[18.6524771110599,52.1992582970331],[18.6515589269106,52.1997267959814]]]},"properties":{"case_id":"PL-WP/ZGŁOSZENIE/3507/2025","source_type":"zgloszenie","received_date":"2025-10-29","decision_date":null,"status":"Brak sprzeciwu","description":"budowa sieci rozdzielczej ciepłowniczej","address":"Koło","city":"Koło","office":"Wojewoda Wielkopolski","case_kind":"budowa nowego/nowych obiektów budowlanych","parcel_ids":["300901_1.0001.AR_43.52","300901_1.0001.AR_43.53/1","300901_1.0001.AR_43.53/2","300901_1.0001.AR_46.1/1"],"location_quality":"dokładny","gunb_url":"https://wyszukiwarka.gunb.gov.pl/","parcel_count":4,"parcel_shard":"x074-y208","parcel_id":"300901_1.0001.AR_43.52","location_source":"powiat kolski (wfs)"}},{"type":"Feature","id":"PL-WP/ZGŁOSZENIE/3507/2025::300901_1.0001.AR_43.53/1","geometry":{"type":"Polygon","coordinates":[[[18.6566606546993,52.1971184413221],[18.6566367424688,52.1971038272781],[18.656306634206,52.1973010471721],[18.6566606546993,52.1971184413221]]]},"properties":{"case_id":"PL-WP/ZGŁOSZENIE/3507/2025","source_type":"zgloszenie","received_date":"2025-10-29","decision_date":null,"status":"Brak sprzeciwu","description":"budowa sieci rozdzielczej ciepłowniczej","address":"Koło","city":"Koło","office":"Wojewoda Wielkopolski","case_kind":"budowa nowego/nowych obiektów budowlanych","parcel_ids":["300901_1.0001.AR_43.52","300901_1.0001.AR_43.53/1","300901_1.0001.AR_43.53/2","300901_1.0001.AR_46.1/1"],"location_quality":"dokładny","gunb_url":"https://wyszukiwarka.gunb.gov.pl/","parcel_count":4,"parcel_shard":"x074-y208","parcel_id":"300901_1.0001.AR_43.53/1","location_source":"powiat kolski (wfs)"}},{"type":"Feature","id":"PL-WP/ZGŁOSZENIE/3507/2025::300901_1.0001.AR_43.53/2","geometry":{"type":"Polygon","coordinates":[[[18.656306634206,52.1973010471721],[18.6566367424688,52.1971038272781],[18.6565678428943,52.1970523342376],[18.6564075725811,52.197134116967],[18.6562544164162,52.1972123546316],[18.6561289861636,52.1972763269337],[18.6559931034242,52.1973456600682],[18.655854026509,52.1974166286193],[18.6557165460316,52.1974867792228],[18.6555815342383,52.1975557475225],[18.6554457947248,52.197624989345],[18.6552466136886,52.1977266700984],[18.6551923177813,52.197754384667],[18.6550551264052,52.197824443007],[18.6549140147872,52.1978965002805],[18.6542363250785,52.1982426084654],[18.6541004364412,52.1983119394288],[18.6538296777346,52.1984503256004],[18.6536913199273,52.1985209280738],[18.6535523819268,52.1985918931124],[18.6536457883422,52.1986613453224],[18.6542393182021,52.198359204761],[18.6546891201128,52.1981287880941],[18.6552735968213,52.197830659766],[18.6557800661201,52.1975717772297],[18.656062749118,52.1974267817977],[18.656306634206,52.1973010471721]]]},"properties":{"case_id":"PL-WP/ZGŁOSZENIE/3507/2025","source_type":"zgloszenie","received_date":"2025-10-29","decision_date":null,"status":"Brak sprzeciwu","description":"budowa sieci rozdzielczej ciepłowniczej","address":"Koło","city":"Koło","office":"Wojewoda Wielkopolski","case_kind":"budowa nowego/nowych obiektów budowlanych","parcel_ids":["300901_1.0001.AR_43.52","300901_1.0001.AR_43.53/1","300901_1.0001.AR_43.53/2","300901_1.0001.AR_46.1/1"],"location_quality":"dokładny","gunb_url":"https://wyszukiwarka.gunb.gov.pl/","parcel_count":4,"parcel_shard":"x074-y208","parcel_id":"300901_1.0001.AR_43.53/2","location_source":"powiat kolski (wfs)"}},{"type":"Feature","id":"PL-WP/ZGŁOSZENIE/3507/2025::300901_1.0001.AR_46.1/1","geometry":{"type":"Polygon","coordinates":[[[18.6571179005629,52.1968881599539],[18.656682620907,52.1972870129396],[18.6568574056705,52.1971974731101],[18.6570816144092,52.1970826131626],[18.6571179005629,52.1968881599539]]]},"properties":{"case_id":"PL-WP/ZGŁOSZENIE/3507/2025","source_type":"zgloszenie","received_date":"2025-10-29","decision_date":null,"status":"Brak sprzeciwu","description":"budowa sieci rozdzielczej ciepłowniczej","address":"Koło","city":"Koło","office":"Wojewoda Wielkopolski","case_kind":"budowa nowego/nowych obiektów budowlanych","parcel_ids":["300901_1.0001.AR_43.52","300901_1.0001.AR_43.53/1","300901_1.0001.AR_43.53/2","300901_1.0001.AR_46.1/1"],"location_quality":"dokładny","gunb_url":"https://wyszukiwarka.gunb.gov.pl/","parcel_count":4,"parcel_shard":"x074-y208","parcel_id":"300901_1.0001.AR_46.1/1","location_source":"powiat kolski (wfs)"}},{"type":"Feature","id":"ST-WK-KO/WNIOSEK/12616/2026::300901_1.0001.AR_44.14/10","geometry":{"type":"Polygon","coordinates":[[[18.6581277766011,52.1999955392535],[18.6582320862814,52.2001154851215],[18.658319945917,52.2001021423169],[18.6584258335298,52.2001308520829],[18.6586018398989,52.2001038050015],[18.6585667376434,52.2000644541715],[18.6584615828241,52.1999467602861],[18.6581277766011,52.1999955392535]]]},"properties":{"case_id":"ST-WK-KO/WNIOSEK/12616/2026","source_type":"wniosek_decyzja","received_date":"2026-07-03","decision_date":"2026-07-23","status":"decyzja wydana","description":"Budowa drogi dojazdowej do projektowanego budynku KPP w Kole","address":"Koło","city":"Koło","office":"Starosta Powiatu Koło","case_kind":"Obiekt budowlany inny niż budynek mieszkalny jednorodzinny","parcel_ids":["300901_1.0001.AR_44.14/10","300901_1.0001.AR_44.14/12","300901_1.0001.AR_45.11/4","300901_1.0001.AR_45.7/9","300901_1.0001.AR_45.8/1","300901_1.0001.AR_45.9/3"],"location_quality":"dokładny","gunb_url":"https://wyszukiwarka.gunb.gov.pl/","parcel_count":6,"parcel_shard":"x074-y208","parcel_id":"300901_1.0001.AR_44.14/10","location_source":"powiat kolski (wfs)"}},{"type":"Feature","id":"ST-WK-KO/WNIOSEK/12616/2026::300901_1.0001.AR_44.14/12","geometry":{"type":"Polygon","coordinates":[[[18.660455931393,52.2025557657622],[18.659855411418,52.2016745368576],[18.65967260561,52.2014205723924],[18.6593683851258,52.2009981339633],[18.6591563866715,52.2007381301488],[18.6589110708545,52.2004505393955],[18.6586018398989,52.2001038050015],[18.6584258335298,52.2001308520829],[18.6587561834466,52.2005011970806],[18.6590006103306,52.2007880740846],[18.6592078385531,52.2010420829345],[18.6596950065053,52.2017183059323],[18.6598530608433,52.2019503884217],[18.6603219917909,52.2026383950035],[18.660455931393,52.2025557657622]]]},"properties":{"case_id":"ST-WK-KO/WNIOSEK/12616/2026","source_type":"wniosek_decyzja","received_date":"2026-07-03","decision_date":"2026-07-23","status":"decyzja wydana","description":"Budowa drogi dojazdowej do projektowanego budynku KPP w Kole","address":"Koło","city":"Koło","office":"Starosta Powiatu Koło","case_kind":"Obiekt budowlany inny niż budynek mieszkalny jednorodzinny","parcel_ids":["300901_1.0001.AR_44.14/10","300901_1.0001.AR_44.14/12","300901_1.0001.AR_45.11/4","300901_1.0001.AR_45.7/9","300901_1.0001.AR_45.8/1","300901_1.0001.AR_45.9/3"],"location_quality":"dokładny","gunb_url":"https://wyszukiwarka.gunb.gov.pl/","parcel_count":6,"parcel_shard":"x074-y208","parcel_id":"300901_1.0001.AR_44.14/12","location_source":"powiat kolski (wfs)"}},{"type":"Feature","id":"ST-WK-KO/WNIOSEK/12616/2026::300901_1.0001.AR_45.11/4","geometry":{"type":"Polygon","coordinates":[[[18.6603500767613,52.1994901381517],[18.6602314001771,52.1993682971806],[18.6599508238488,52.1994059081362],[18.6592707119035,52.1996564275224],[18.6591966617352,52.1996836251344],[18.659067636158,52.199732161432],[18.6591693881748,52.1998471774234],[18.6600613385175,52.1995297723788],[18.6603500767613,52.1994901381517]]]},"properties":{"case_id":"ST-WK-KO/WNIOSEK/12616/2026","source_type":"wniosek_decyzja","received_date":"2026-07-03","decision_date":"2026-07-23","status":"decyzja wydana","description":"Budowa drogi dojazdowej do projektowanego budynku KPP w Kole","address":"Koło","city":"Koło","office":"Starosta Powiatu Koło","case_kind":"Obiekt budowlany inny niż budynek mieszkalny jednorodzinny","parcel_ids":["300901_1.0001.AR_44.14/10","300901_1.0001.AR_44.14/12","300901_1.0001.AR_45.11/4","300901_1.0001.AR_45.7/9","300901_1.0001.AR_45.8/1","300901_1.0001.AR_45.9/3"],"location_quality":"dokładny","gunb_url":"https://wyszukiwarka.gunb.gov.pl/","parcel_count":6,"parcel_shard":"x074-y208","parcel_id":"300901_1.0001.AR_45.11/4","location_source":"powiat kolski (wfs)"}},{"type":"Feature","id":"ST-WK-KO/WNIOSEK/12616/2026::300901_1.0001.AR_45.7/9","geometry":{"type":"Polygon","coordinates":[[[18.6589629561061,52.199765282217],[18.6584615828241,52.1999467602861],[18.6585667376434,52.2000644541715],[18.6590721964827,52.1998822338112],[18.6591693881748,52.1998471774234],[18.659067636158,52.199732161432],[18.6590136449798,52.1996815914796],[18.6589913280267,52.1997550573356],[18.6589629561061,52.199765282217]]]},"properties":{"case_id":"ST-WK-KO/WNIOSEK/12616/2026","source_type":"wniosek_decyzja","received_date":"2026-07-03","decision_date":"2026-07-23","status":"decyzja wydana","description":"Budowa drogi dojazdowej do projektowanego budynku KPP w Kole","address":"Koło","city":"Koło","office":"Starosta Powiatu Koło","case_kind":"Obiekt budowlany inny niż budynek mieszkalny jednorodzinny","parcel_ids":["300901_1.0001.AR_44.14/10","300901_1.0001.AR_44.14/12","300901_1.0001.AR_45.11/4","300901_1.0001.AR_45.7/9","300901_1.0001.AR_45.8/1","300901_1.0001.AR_45.9/3"],"location_quality":"dokładny","gunb_url":"https://wyszukiwarka.gunb.gov.pl/","parcel_count":6,"parcel_shard":"x074-y208","parcel_id":"300901_1.0001.AR_45.7/9","location_source":"powiat kolski (wfs)"}},{"type":"Feature","id":"ST-WK-KO/WNIOSEK/12616/2026::300901_1.0001.AR_45.8/1","geometry":{"type":"Polygon","coordinates":[[[18.6570816144092,52.1970826131626],[18.6568574056705,52.1971974731101],[18.6568906638616,52.1972306586277],[18.6572914283544,52.19762646388],[18.6575125670479,52.1979671986345],[18.6575910994727,52.1980882483444],[18.6576621005271,52.1981714825577],[18.6578112119762,52.1983464629104],[18.6579604708041,52.1985214406146],[18.6581155979601,52.1987033326299],[18.658258841767,52.1988713080241],[18.6582602294727,52.1988729031126],[18.6583008514361,52.1989187227897],[18.6584440962496,52.1990802449917],[18.6587973823322,52.1994788636899],[18.6588412864862,52.1995199628911],[18.6590136449798,52.1996815914796],[18.659067636158,52.199732161432],[18.6591966617352,52.1996836251344],[18.6589191790973,52.199427916898],[18.6585332559145,52.1989914087175],[18.6583891828253,52.1988278530842],[18.6577376616131,52.1980575588743],[18.6574129200713,52.197574886591],[18.6573019155828,52.1974441315433],[18.6571121760266,52.1972206512211],[18.6571589027249,52.1971974141452],[18.6570816144092,52.1970826131626]]]},"properties":{"case_id":"ST-WK-KO/WNIOSEK/12616/2026","source_type":"wniosek_decyzja","received_date":"2026-07-03","decision_date":"2026-07-23","status":"decyzja wydana","description":"Budowa drogi dojazdowej do projektowanego budynku KPP w Kole","address":"Koło","city":"Koło","office":"Starosta Powiatu Koło","case_kind":"Obiekt budowlany inny niż budynek mieszkalny jednorodzinny","parcel_ids":["300901_1.0001.AR_44.14/10","300901_1.0001.AR_44.14/12","300901_1.0001.AR_45.11/4","300901_1.0001.AR_45.7/9","300901_1.0001.AR_45.8/1","300901_1.0001.AR_45.9/3"],"location_quality":"dokładny","gunb_url":"https://wyszukiwarka.gunb.gov.pl/","parcel_count":6,"parcel_shard":"x074-y208","parcel_id":"300901_1.0001.AR_45.8/1","location_source":"powiat kolski (wfs)"}},{"type":"Feature","id":"ST-WK-KO/WNIOSEK/12616/2026::300901_1.0001.AR_45.9/3","geometry":{"type":"Polygon","coordinates":[[[18.6577376616131,52.1980575588743],[18.6583891828253,52.1988278530842],[18.6585332559145,52.1989914087175],[18.6585962538473,52.1989668854259],[18.6584967668515,52.1988485255388],[18.6584955253276,52.1988469280016],[18.6584618558056,52.1988070336495],[18.6582937775299,52.1986070177938],[18.658155541798,52.1984496576297],[18.6580201354167,52.1982900920277],[18.6578709954489,52.198114483014],[18.6575728692418,52.1977633517728],[18.6574373208191,52.1976037878932],[18.6574129200713,52.197574886591],[18.6577376616131,52.1980575588743]]]},"properties":{"case_id":"ST-WK-KO/WNIOSEK/12616/2026","source_type":"wniosek_decyzja","received_date":"2026-07-03","decision_date":"2026-07-23","status":"decyzja wydana","description":"Budowa drogi dojazdowej do projektowanego budynku KPP w Kole","address":"Koło","city":"Koło","office":"Starosta Powiatu Koło","case_kind":"Obiekt budowlany inny niż budynek mieszkalny jednorodzinny","parcel_ids":["300901_1.0001.AR_44.14/10","300901_1.0001.AR_44.14/12","300901_1.0001.AR_45.11/4","300901_1.0001.AR_45.7/9","300901_1.0001.AR_45.8/1","300901_1.0001.AR_45.9/3"],"location_quality":"dokładny","gunb_url":"https://wyszukiwarka.gunb.gov.pl/","parcel_count":6,"parcel_shard":"x074-y208","parcel_id":"300901_1.0001.AR_45.9/3","location_source":"powiat kolski (wfs)"}},{"type":"Feature","id":"ST-WK-KO/WNIOSEK/7063/2026::300901_1.0001.AR_44.27","geometry":{"type":"Polygon","coordinates":[[[18.6553775284122,52.1979538028092],[18.6557756893289,52.1982943620136],[18.65617340166,52.1986345677904],[18.6566986900259,52.1984699509562],[18.6564308464268,52.1982174795415],[18.6562409956062,52.1980310425791],[18.6558655564238,52.197704669376],[18.6553775284122,52.1979538028092]]]},"properties":{"case_id":"ST-WK-KO/WNIOSEK/7063/2026","source_type":"wniosek_decyzja","received_date":"2026-04-15","decision_date":"2026-06-02","status":"decyzja wydana","description":"Zmiana decyzji nr 451.2025 z dnia 16.10.2025r. pozwolenia na budowę budynku handlowo-usługowego wraz z niezbędną infrastrukturą towarzyszacą , poprzez którą rozumie się: układ komunikacji wewnętrznej, miejsca parkingowe, zadaszenie, budowę zewnętrznych instalacji : wodociągowej, kanalizacji sanitarnej, kanalizacji deszczowej wraz z podziemnym , szczelnym, bezodpływowym zbiornikiem retencyjnym, budowę instalacji oswietlenia zewnętrznego i wewnętrznej linii zasilającej  wg projektu zmian","address":"Dąbska, Koło","city":"Koło","office":"Starosta Powiatu Koło","case_kind":"Obiekt budowlany inny niż budynek mieszkalny jednorodzinny","parcel_ids":["300901_1.0001.AR_44.27"],"location_quality":"dokładny","gunb_url":"https://wyszukiwarka.gunb.gov.pl/","parcel_count":1,"parcel_shard":"x074-y208","parcel_id":"300901_1.0001.AR_44.27","location_source":"powiat kolski (wfs)"}},{"type":"Feature","id":"ST-WK-KO/WNIOSEK/25267/2025::300901_1.0001.AR_45.11/8","geometry":{"type":"Polygon","coordinates":[[[18.6615849287792,52.2010778538876],[18.6614774106362,52.2009199101691],[18.65967260561,52.2014205723924],[18.659855411418,52.2016745368576],[18.660455931393,52.2025557657622],[18.6605802982036,52.2025674729379],[18.6608287913277,52.202308398799],[18.6611047249007,52.2019764583412],[18.6611596753159,52.2018646107302],[18.6613739282855,52.2014476301824],[18.6614917659779,52.2011774227523],[18.6615849287792,52.2010778538876]]]},"properties":{"case_id":"ST-WK-KO/WNIOSEK/25267/2025","source_type":"wniosek_decyzja","received_date":"2025-12-12","decision_date":"2026-01-26","status":"decyzja wydana","description":"Zespół budynków Komendy Powiatowej Policji w Kole wraz z zagospodarowaniem terenu i infrastrukturą towarzyszącą","address":"Koło","city":"Koło","office":"Starosta Powiatu Koło","case_kind":"Obiekt budowlany inny niż budynek mieszkalny jednorodzinny","parcel_ids":["300901_1.0001.AR_45.11/8"],"location_quality":"dokładny","gunb_url":"https://wyszukiwarka.gunb.gov.pl/","parcel_count":1,"parcel_shard":"x074-y208","parcel_id":"300901_1.0001.AR_45.11/8","location_source":"powiat kolski (wfs)"}},{"type":"Feature","id":"ST-WK-KO/WNIOSEK/7159/2026::300901_1.0001.AR_45.11/8","geometry":{"type":"Polygon","coordinates":[[[18.6615849287792,52.2010778538876],[18.6614774106362,52.2009199101691],[18.65967260561,52.2014205723924],[18.659855411418,52.2016745368576],[18.660455931393,52.2025557657622],[18.6605802982036,52.2025674729379],[18.6608287913277,52.202308398799],[18.6611047249007,52.2019764583412],[18.6611596753159,52.2018646107302],[18.6613739282855,52.2014476301824],[18.6614917659779,52.2011774227523],[18.6615849287792,52.2010778538876]]]},"properties":{"case_id":"ST-WK-KO/WNIOSEK/7159/2026","source_type":"wniosek_decyzja","received_date":"2026-04-15","decision_date":"2026-05-22","status":"decyzja wydana","description":"Budowa wieży radiokomunikacyjnej i kontenera technologicznego przy zespole budynków Komendy Powiatowej Policji w Kole","address":"Koło","city":"Koło","office":"Starosta Powiatu Koło","case_kind":"Obiekt budowlany inny niż budynek mieszkalny jednorodzinny","parcel_ids":["300901_1.0001.AR_45.11/8"],"location_quality":"dokładny","gunb_url":"https://wyszukiwarka.gunb.gov.pl/","parcel_count":1,"parcel_shard":"x074-y208","parcel_id":"300901_1.0001.AR_45.11/8","location_source":"powiat kolski (wfs)"}},{"type":"Feature","id":"ST-WK-KO/ZGŁOSZENIE/1912/2026::300901_1.0001.AR_47.5/6","geometry":{"type":"Polygon","coordinates":[[[18.6538820799204,52.1919717890809],[18.6539800986313,52.1919883100564],[18.6541911846277,52.1919218385567],[18.6539202543553,52.1916149241295],[18.6536448414211,52.1917021625133],[18.6538820799204,52.1919717890809]]]},"properties":{"case_id":"ST-WK-KO/ZGŁOSZENIE/1912/2026","source_type":"zgloszenie","received_date":"2026-06-15","decision_date":null,"status":"Brak sprzeciwu","description":"Budowa linii kablowej nn 0,4 kV w miejsc. Koło ul. Brylantowa","address":"Koło","city":"Koło","office":"Starosta Powiatu Koło","case_kind":"budowa nowego/nowych obiektów budowlanych","parcel_ids":["300901_1.0001.AR_47.5/6","300901_1.0001.AR_47.5/7"],"location_quality":"dokładny","gunb_url":"https://wyszukiwarka.gunb.gov.pl/","parcel_count":2,"parcel_shard":"x074-y208","parcel_id":"300901_1.0001.AR_47.5/6","location_source":"powiat kolski (wfs)"}},{"type":"Feature","id":"ST-WK-KO/ZGŁOSZENIE/1912/2026::300901_1.0001.AR_47.5/7","geometry":{"type":"Polygon","coordinates":[[[18.654034436801,52.1921449236831],[18.6540637373959,52.1920831141231],[18.6542740568909,52.1920158461459],[18.6541911846277,52.1919218385567],[18.6539800986313,52.1919883100564],[18.6538820799204,52.1919717890809],[18.654034436801,52.1921449236831]]]},"properties":{"case_id":"ST-WK-KO/ZGŁOSZENIE/1912/2026","source_type":"zgloszenie","received_date":"2026-06-15","decision_date":null,"status":"Brak sprzeciwu","description":"Budowa linii kablowej nn 0,4 kV w miejsc. Koło ul. Brylantowa","address":"Koło","city":"Koło","office":"Starosta Powiatu Koło","case_kind":"budowa nowego/nowych obiektów budowlanych","parcel_ids":["300901_1.0001.AR_47.5/6","300901_1.0001.AR_47.5/7"],"location_quality":"dokładny","gunb_url":"https://wyszukiwarka.gunb.gov.pl/","parcel_count":2,"parcel_shard":"x074-y208","parcel_id":"300901_1.0001.AR_47.5/7","location_source":"powiat kolski (wfs)"}},{"type":"Feature","id":"ST-WK-KO/ZGŁOSZENIE/1065/2026::300901_1.0001.AR_48.21/10","geometry":{"type":"Polygon","coordinates":[[[18.6567738110759,52.1918608617954],[18.6567561151202,52.1919236461636],[18.6568782673289,52.1920323682966],[18.6573659416516,52.1918231332412],[18.6572168868393,52.1916922008369],[18.6571999961601,52.1916773749891],[18.6567738110759,52.1918608617954]]]},"properties":{"case_id":"ST-WK-KO/ZGŁOSZENIE/1065/2026","source_type":"zgloszenie","received_date":"2026-04-07","decision_date":null,"status":"Brak sprzeciwu","description":"Budowa elektroenergetycznej linii kablowej niskiego napięcia","address":"Koło","city":"Koło","office":"Starosta Powiatu Koło","case_kind":"budowa nowego/nowych obiektów budowlanych","parcel_ids":["300901_1.0001.20/1","300901_1.0001.21/21","300901_1.0001.21/22","300901_1.0001.21/9","300901_1.0001.AR_48.21/10"],"location_quality":"dokładny","gunb_url":"https://wyszukiwarka.gunb.gov.pl/","parcel_count":1,"parcel_shard":"x074-y208","parcel_id":"300901_1.0001.AR_48.21/10","location_source":"powiat kolski (wfs)"}},{"type":"Feature","id":"ST-WK-KO/ZGŁOSZENIE/2809/2025::300901_1.0001.AR_48.36/2","geometry":{"type":"Polygon","coordinates":[[[18.6600736735183,52.190913180966],[18.6599591418233,52.1909610081338],[18.6598630761954,52.1910016314751],[18.6605432853049,52.1916054980829],[18.6605908444155,52.1916469357296],[18.6608147682418,52.1915694644298],[18.6602989131654,52.1911122612308],[18.6602154848311,52.1910384879385],[18.6601736989831,52.1910016915502],[18.6600736735183,52.190913180966]]]},"properties":{"case_id":"ST-WK-KO/ZGŁOSZENIE/2809/2025","source_type":"zgloszenie","received_date":"2025-09-05","decision_date":null,"status":"Brak sprzeciwu","description":"Budowa elektroenergetycznej linii kablowej niskiego napięcia","address":"Koło","city":"Koło","office":"Starosta Powiatu Koło","case_kind":"budowa nowego/nowych obiektów budowlanych","parcel_ids":["300901_1.0001.42","300901_1.0001.43/10","300901_1.0001.43/12","300901_1.0001.43/15","300901_1.0001.43/16","300901_1.0001.77","300901_1.0001.AR_48.36/2"],"location_quality":"dokładny","gunb_url":"https://wyszukiwarka.gunb.gov.pl/","parcel_count":1,"parcel_shard":"x074-y208","parcel_id":"300901_1.0001.AR_48.36/2","location_source":"powiat kolski (wfs)"}},{"type":"Feature","id":"ST-WK-KO/ZGŁOSZENIE/3741/2025::300901_1.0001.AR_48.36/2","geometry":{"type":"Polygon","coordinates":[[[18.6600736735183,52.190913180966],[18.6599591418233,52.1909610081338],[18.6598630761954,52.1910016314751],[18.6605432853049,52.1916054980829],[18.6605908444155,52.1916469357296],[18.6608147682418,52.1915694644298],[18.6602989131654,52.1911122612308],[18.6602154848311,52.1910384879385],[18.6601736989831,52.1910016915502],[18.6600736735183,52.190913180966]]]},"properties":{"case_id":"ST-WK-KO/ZGŁOSZENIE/3741/2025","source_type":"zgloszenie","received_date":"2025-11-24","decision_date":null,"status":"Brak sprzeciwu","description":"Budowa sieci wodociagowej","address":"Koło","city":"Koło","office":"Starosta Powiatu Koło","case_kind":"budowa nowego/nowych obiektów budowlanych","parcel_ids":["300901_1.0001.AR_48.36/2","300901_1.0001.AR_48.43/15","300901_1.0001.AR_48.43/16","300901_1.0001.AR_48.62","300901_1.0001.AR_48.77"],"location_quality":"dokładny","gunb_url":"https://wyszukiwarka.gunb.gov.pl/","parcel_count":5,"parcel_shard":"x074-y208","parcel_id":"300901_1.0001.AR_48.36/2","location_source":"powiat kolski (wfs)"}},{"type":"Feature","id":"ST-WK-KO/ZGŁOSZENIE/3741/2025::300901_1.0001.AR_48.43/15","geometry":{"type":"Polygon","coordinates":[[[18.6606924676731,52.190826939104],[18.6607769120196,52.1909001670983],[18.6609617147694,52.1908179712245],[18.6612318103116,52.1906986264431],[18.6611482336558,52.1906247647555],[18.660968078113,52.1907046879171],[18.6606924676731,52.190826939104]]]},"properties":{"case_id":"ST-WK-KO/ZGŁOSZENIE/3741/2025","source_type":"zgloszenie","received_date":"2025-11-24","decision_date":null,"status":"Brak sprzeciwu","description":"Budowa sieci wodociagowej","address":"Koło","city":"Koło","office":"Starosta Powiatu Koło","case_kind":"budowa nowego/nowych obiektów budowlanych","parcel_ids":["300901_1.0001.AR_48.36/2","300901_1.0001.AR_48.43/15","300901_1.0001.AR_48.43/16","300901_1.0001.AR_48.62","300901_1.0001.AR_48.77"],"location_quality":"dokładny","gunb_url":"https://wyszukiwarka.gunb.gov.pl/","parcel_count":5,"parcel_shard":"x074-y208","parcel_id":"300901_1.0001.AR_48.43/15","location_source":"powiat kolski (wfs)"}},{"type":"Feature","id":"ST-WK-KO/ZGŁOSZENIE/3741/2025::300901_1.0001.AR_48.43/16","geometry":{"type":"Polygon","coordinates":[[[18.6576546994133,52.1875362685315],[18.6576041816069,52.1875713333185],[18.6582595365872,52.1881515338063],[18.6585213637997,52.1883837585403],[18.6590455754461,52.1888457764075],[18.6591866180648,52.1890482950928],[18.6592796732274,52.1891306437312],[18.6595718749493,52.1893888512219],[18.6598640813942,52.1896471478379],[18.6601562899017,52.1899053538358],[18.6604489471476,52.1901640059902],[18.6607411624459,52.1904222104942],[18.6609881863356,52.1906405813574],[18.660968078113,52.1907046879171],[18.6611482336558,52.1906247647555],[18.6576546994133,52.1875362685315]]]},"properties":{"case_id":"ST-WK-KO/ZGŁOSZENIE/3741/2025","source_type":"zgloszenie","received_date":"2025-11-24","decision_date":null,"status":"Brak sprzeciwu","description":"Budowa sieci wodociagowej","address":"Koło","city":"Koło","office":"Starosta Powiatu Koło","case_kind":"budowa nowego/nowych obiektów budowlanych","parcel_ids":["300901_1.0001.AR_48.36/2","300901_1.0001.AR_48.43/15","300901_1.0001.AR_48.43/16","300901_1.0001.AR_48.62","300901_1.0001.AR_48.77"],"location_quality":"dokładny","gunb_url":"https://wyszukiwarka.gunb.gov.pl/","parcel_count":5,"parcel_shard":"x074-y208","parcel_id":"300901_1.0001.AR_48.43/16","location_source":"powiat kolski (wfs)"}},{"type":"Feature","id":"ST-WK-KO/ZGŁOSZENIE/3741/2025::300901_1.0001.AR_48.62","geometry":{"type":"Polygon","coordinates":[[[18.6599591418233,52.1909610081338],[18.6600736735183,52.190913180966],[18.6599983028332,52.1908472521832],[18.6597803504623,52.1906567950466],[18.6595625461765,52.190466334925],[18.6593607273511,52.1902899017619],[18.6591925448959,52.1901428438509],[18.6591589101256,52.190113468171],[18.6591252714241,52.1900840026424],[18.6590860046066,52.1900496864707],[18.6589575210404,52.1899367572796],[18.6587564258593,52.1897600410853],[18.6585551819961,52.189583237133],[18.6583540857746,52.1894064303942],[18.6581529949215,52.189229713214],[18.6573959870711,52.1885644863546],[18.6573383015418,52.188513935232],[18.6568560650278,52.1880934207072],[18.6567529610472,52.1881667599725],[18.6570214246656,52.1883933785732],[18.6571880128408,52.1885340104397],[18.6573013409848,52.1886295307631],[18.6577871652547,52.1890557577831],[18.6581979875842,52.1894160610802],[18.6583993715486,52.1895927734082],[18.6585083599447,52.1896884078838],[18.6587124851147,52.1898675013081],[18.6589487247414,52.1900746469949],[18.6591814726482,52.1902788837037],[18.6594178747464,52.1904862953065],[18.6596781677375,52.1907144342004],[18.6599591418233,52.1909610081338]]]},"properties":{"case_id":"ST-WK-KO/ZGŁOSZENIE/3741/2025","source_type":"zgloszenie","received_date":"2025-11-24","decision_date":null,"status":"Brak sprzeciwu","description":"Budowa sieci wodociagowej","address":"Koło","city":"Koło","office":"Starosta Powiatu Koło","case_kind":"budowa nowego/nowych obiektów budowlanych","parcel_ids":["300901_1.0001.AR_48.36/2","300901_1.0001.AR_48.43/15","300901_1.0001.AR_48.43/16","300901_1.0001.AR_48.62","300901_1.0001.AR_48.77"],"location_quality":"dokładny","gunb_url":"https://wyszukiwarka.gunb.gov.pl/","parcel_count":5,"parcel_shard":"x074-y208","parcel_id":"300901_1.0001.AR_48.62","location_source":"powiat kolski (wfs)"}},{"type":"Feature","id":"ST-WK-KO/ZGŁOSZENIE/3741/2025::300901_1.0001.AR_48.77","geometry":{"type":"Polygon","coordinates":[[[18.6602154848311,52.1910384879385],[18.6602989131654,52.1911122612308],[18.660570969145,52.1909939006277],[18.6607769120196,52.1909001670983],[18.6606924676731,52.190826939104],[18.6602746673029,52.1910122725553],[18.6602154848311,52.1910384879385]]]},"properties":{"case_id":"ST-WK-KO/ZGŁOSZENIE/3741/2025","source_type":"zgloszenie","received_date":"2025-11-24","decision_date":null,"status":"Brak sprzeciwu","description":"Budowa sieci wodociagowej","address":"Koło","city":"Koło","office":"Starosta Powiatu Koło","case_kind":"budowa nowego/nowych obiektów budowlanych","parcel_ids":["300901_1.0001.AR_48.36/2","300901_1.0001.AR_48.43/15","300901_1.0001.AR_48.43/16","300901_1.0001.AR_48.62","300901_1.0001.AR_48.77"],"location_quality":"dokładny","gunb_url":"https://wyszukiwarka.gunb.gov.pl/","parcel_count":5,"parcel_shard":"x074-y208","parcel_id":"300901_1.0001.AR_48.77","location_source":"powiat kolski (wfs)"}},{"type":"Feature","id":"ST-WK-KO/WNIOSEK/824/2026::300901_1.0001.AR_50.144","geometry":{"type":"Polygon","coordinates":[[[18.6291434658332,52.1866050554792],[18.6293532349933,52.185955235518],[18.6286989818979,52.1858077266933],[18.627997696766,52.1858734196477],[18.6280346323156,52.1860222399799],[18.6283675225325,52.1864159410547],[18.6286259099964,52.18672150181],[18.6291434658332,52.1866050554792]]]},"properties":{"case_id":"ST-WK-KO/WNIOSEK/824/2026","source_type":"wniosek_decyzja","received_date":"2026-01-16","decision_date":"2026-03-16","status":"decyzja wydana","description":"Dostosowanie do obowiązujących przepisów oświetlenia zewnętrznego wokół kompleksu \"Moje boisko Orlik 2012","address":"Koło","city":"Koło","office":"Starosta Powiatu Koło","case_kind":"Obiekt budowlany inny niż budynek mieszkalny jednorodzinny","parcel_ids":["300901_1.0001.AR_50.144"],"location_quality":"dokładny","gunb_url":"https://wyszukiwarka.gunb.gov.pl/","parcel_count":1,"parcel_shard":"x074-y208","parcel_id":"300901_1.0001.AR_50.144","location_source":"powiat kolski (wfs)"}},{"type":"Feature","id":"ST-WK-KO/WNIOSEK/25012/2025::300901_1.0001.AR_50.149","geometry":{"type":"Polygon","coordinates":[[[18.6222898380276,52.1863016589839],[18.6210210906613,52.1860090016601],[18.6208812977987,52.186229491492],[18.6221416708434,52.1865199709953],[18.6221473426655,52.1865125050402],[18.6222898380276,52.1863016589839]]]},"properties":{"case_id":"ST-WK-KO/WNIOSEK/25012/2025","source_type":"wniosek_decyzja","received_date":"2025-12-10","decision_date":"2026-01-09","status":"decyzja wydana","description":"Budowa parkingu przy cmentarzu ul. Poniatowskiego","address":"Józefa Poniatowskiego, Koło","city":"Koło","office":"Starosta Powiatu Koło","case_kind":"Obiekt budowlany inny niż budynek mieszkalny jednorodzinny","parcel_ids":["300901_1.0001.AR_50.149"],"location_quality":"dokładny","gunb_url":"https://wyszukiwarka.gunb.gov.pl/","parcel_count":1,"parcel_shard":"x074-y208","parcel_id":"300901_1.0001.AR_50.149","location_source":"powiat kolski (wfs)"}},{"type":"Feature","id":"ST-WK-KO/WNIOSEK/610/2026::300901_1.0001.AR_50.149","geometry":{"type":"Polygon","coordinates":[[[18.6222898380276,52.1863016589839],[18.6210210906613,52.1860090016601],[18.6208812977987,52.186229491492],[18.6221416708434,52.1865199709953],[18.6221473426655,52.1865125050402],[18.6222898380276,52.1863016589839]]]},"properties":{"case_id":"ST-WK-KO/WNIOSEK/610/2026","source_type":"wniosek_decyzja","received_date":"2026-01-14","decision_date":"2026-02-03","status":"decyzja wydana","description":"Przebudowa parkingu przy ul. Poniatowskiego w Kole","address":"Józefa Poniatowskiego, Koło","city":"Koło","office":"Starosta Powiatu Koło","case_kind":"Obiekt budowlany inny niż budynek mieszkalny jednorodzinny","parcel_ids":["300901_1.0001.AR_50.149"],"location_quality":"dokładny","gunb_url":"https://wyszukiwarka.gunb.gov.pl/","parcel_count":1,"parcel_shard":"x074-y208","parcel_id":"300901_1.0001.AR_50.149","location_source":"powiat kolski (wfs)"}},{"type":"Feature","id":"ST-WK-KO/WNIOSEK/21295/2025::300901_1.0001.AR_50.3/3","geometry":{"type":"Polygon","coordinates":[[[18.6199755638577,52.1888580009382],[18.619910542093,52.1888513320086],[18.6198588468918,52.188846031098],[18.6197381756441,52.188833632517],[18.6196173582368,52.1888212345802],[18.619481017241,52.1888072103219],[18.6194486451607,52.1888033357231],[18.6183608805224,52.1886726050994],[18.6183559646217,52.1886871912507],[18.6185412940192,52.1889646648281],[18.6199031987386,52.1891119296523],[18.6199755638577,52.1888580009382]]]},"properties":{"case_id":"ST-WK-KO/WNIOSEK/21295/2025","source_type":"wniosek_decyzja","received_date":"2025-10-20","decision_date":"2025-12-11","status":"decyzja wydana","description":"Budowa 3 budynków mieszkalnych jednorodzinnych dwulokalowych w ramach zespołu 70 budynków mieszkalnych jednorodzinnych dwulokalowych w zabudowie szeregowej wraz z instalacjami i urządzeniami technicznymi","address":"Koło","city":"Koło","office":"Starosta Powiatu Koło","case_kind":"Budynek mieszkalny jednorodzinny","parcel_ids":["300901_1.0001.AR_50.16/3","300901_1.0001.AR_50.16/4","300901_1.0001.AR_50.17/1","300901_1.0001.AR_50.3/3","300901_1.0001.AR_50.3/4","300901_1.0001.AR_50.3/5"],"location_quality":"dokładny","gunb_url":"https://wyszukiwarka.gunb.gov.pl/","parcel_count":3,"parcel_shard":"x074-y208","parcel_id":"300901_1.0001.AR_50.3/3","location_source":"powiat kolski (wfs)"}},{"type":"Feature","id":"ST-WK-KO/WNIOSEK/21295/2025::300901_1.0001.AR_50.3/4","geometry":{"type":"Polygon","coordinates":[[[18.6235681728198,52.1895072296387],[18.6237088295769,52.1892546453846],[18.6234456558685,52.1892268014682],[18.6228556956339,52.1891617231447],[18.621143760807,52.188988203425],[18.6205092114749,52.1889127182951],[18.6200279914658,52.188863387828],[18.6199755638577,52.1888580009382],[18.6199031987386,52.1891119296523],[18.6235681728198,52.1895072296387]]]},"properties":{"case_id":"ST-WK-KO/WNIOSEK/21295/2025","source_type":"wniosek_decyzja","received_date":"2025-10-20","decision_date":"2025-12-11","status":"decyzja wydana","description":"Budowa 3 budynków mieszkalnych jednorodzinnych dwulokalowych w ramach zespołu 70 budynków mieszkalnych jednorodzinnych dwulokalowych w zabudowie szeregowej wraz z instalacjami i urządzeniami technicznymi","address":"Koło","city":"Koło","office":"Starosta Powiatu Koło","case_kind":"Budynek mieszkalny jednorodzinny","parcel_ids":["300901_1.0001.AR_50.16/3","300901_1.0001.AR_50.16/4","300901_1.0001.AR_50.17/1","300901_1.0001.AR_50.3/3","300901_1.0001.AR_50.3/4","300901_1.0001.AR_50.3/5"],"location_quality":"dokładny","gunb_url":"https://wyszukiwarka.gunb.gov.pl/","parcel_count":3,"parcel_shard":"x074-y208","parcel_id":"300901_1.0001.AR_50.3/4","location_source":"powiat kolski (wfs)"}},{"type":"Feature","id":"ST-WK-KO/WNIOSEK/21295/2025::300901_1.0001.AR_50.3/5","geometry":{"type":"Polygon","coordinates":[[[18.6183083478471,52.1888282810851],[18.6184485606223,52.1890370540677],[18.6210370545584,52.1893169131417],[18.6235238048677,52.1895867373402],[18.6235681728198,52.1895072296387],[18.6199031987386,52.1891119296523],[18.6185412940192,52.1889646648281],[18.6183559646217,52.1886871912507],[18.6183083478471,52.1888282810851]]]},"properties":{"case_id":"ST-WK-KO/WNIOSEK/21295/2025","source_type":"wniosek_decyzja","received_date":"2025-10-20","decision_date":"2025-12-11","status":"decyzja wydana","description":"Budowa 3 budynków mieszkalnych jednorodzinnych dwulokalowych w ramach zespołu 70 budynków mieszkalnych jednorodzinnych dwulokalowych w zabudowie szeregowej wraz z instalacjami i urządzeniami technicznymi","address":"Koło","city":"Koło","office":"Starosta Powiatu Koło","case_kind":"Budynek mieszkalny jednorodzinny","parcel_ids":["300901_1.0001.AR_50.16/3","300901_1.0001.AR_50.16/4","300901_1.0001.AR_50.17/1","300901_1.0001.AR_50.3/3","300901_1.0001.AR_50.3/4","300901_1.0001.AR_50.3/5"],"location_quality":"dokładny","gunb_url":"https://wyszukiwarka.gunb.gov.pl/","parcel_count":3,"parcel_shard":"x074-y208","parcel_id":"300901_1.0001.AR_50.3/5","location_source":"powiat kolski (wfs)"}},{"type":"Feature","id":"ST-WK-KO/WNIOSEK/21412/2025::300901_1.0001.AR_50.3/3","geometry":{"type":"Polygon","coordinates":[[[18.6199755638577,52.1888580009382],[18.619910542093,52.1888513320086],[18.6198588468918,52.188846031098],[18.6197381756441,52.188833632517],[18.6196173582368,52.1888212345802],[18.619481017241,52.1888072103219],[18.6194486451607,52.1888033357231],[18.6183608805224,52.1886726050994],[18.6183559646217,52.1886871912507],[18.6185412940192,52.1889646648281],[18.6199031987386,52.1891119296523],[18.6199755638577,52.1888580009382]]]},"properties":{"case_id":"ST-WK-KO/WNIOSEK/21412/2025","source_type":"wniosek_decyzja","received_date":"2025-10-21","decision_date":"2025-12-11","status":"decyzja wydana","description":"Budowa 3 budynków mieszkalnych jednorodzinnych dwulokalowych w ramach zespołu 70 budynków mieszkalnych jednorodzinnych dwulokalowych w zabudowie szeregowej wraz z instalacjami i urządzeniami technicznymi","address":"Koło","city":"Koło","office":"Starosta Powiatu Koło","case_kind":"Budynek mieszkalny jednorodzinny","parcel_ids":["300901_1.0001.AR_50.16/3","300901_1.0001.AR_50.16/4","300901_1.0001.AR_50.17/1","300901_1.0001.AR_50.3/3","300901_1.0001.AR_50.3/4","300901_1.0001.AR_50.3/5"],"location_quality":"dokładny","gunb_url":"https://wyszukiwarka.gunb.gov.pl/","parcel_count":3,"parcel_shard":"x074-y208","parcel_id":"300901_1.0001.AR_50.3/3","location_source":"powiat kolski (wfs)"}},{"type":"Feature","id":"ST-WK-KO/WNIOSEK/21412/2025::300901_1.0001.AR_50.3/4","geometry":{"type":"Polygon","coordinates":[[[18.6235681728198,52.1895072296387],[18.6237088295769,52.1892546453846],[18.6234456558685,52.1892268014682],[18.6228556956339,52.1891617231447],[18.621143760807,52.188988203425],[18.6205092114749,52.1889127182951],[18.6200279914658,52.188863387828],[18.6199755638577,52.1888580009382],[18.6199031987386,52.1891119296523],[18.6235681728198,52.1895072296387]]]},"properties":{"case_id":"ST-WK-KO/WNIOSEK/21412/2025","source_type":"wniosek_decyzja","received_date":"2025-10-21","decision_date":"2025-12-11","status":"decyzja wydana","description":"Budowa 3 budynków mieszkalnych jednorodzinnych dwulokalowych w ramach zespołu 70 budynków mieszkalnych jednorodzinnych dwulokalowych w zabudowie szeregowej wraz z instalacjami i urządzeniami technicznymi","address":"Koło","city":"Koło","office":"Starosta Powiatu Koło","case_kind":"Budynek mieszkalny jednorodzinny","parcel_ids":["300901_1.0001.AR_50.16/3","300901_1.0001.AR_50.16/4","300901_1.0001.AR_50.17/1","300901_1.0001.AR_50.3/3","300901_1.0001.AR_50.3/4","300901_1.0001.AR_50.3/5"],"location_quality":"dokładny","gunb_url":"https://wyszukiwarka.gunb.gov.pl/","parcel_count":3,"parcel_shard":"x074-y208","parcel_id":"300901_1.0001.AR_50.3/4","location_source":"powiat kolski (wfs)"}},{"type":"Feature","id":"ST-WK-KO/WNIOSEK/21412/2025::300901_1.0001.AR_50.3/5","geometry":{"type":"Polygon","coordinates":[[[18.6183083478471,52.1888282810851],[18.6184485606223,52.1890370540677],[18.6210370545584,52.1893169131417],[18.6235238048677,52.1895867373402],[18.6235681728198,52.1895072296387],[18.6199031987386,52.1891119296523],[18.6185412940192,52.1889646648281],[18.6183559646217,52.1886871912507],[18.6183083478471,52.1888282810851]]]},"properties":{"case_id":"ST-WK-KO/WNIOSEK/21412/2025","source_type":"wniosek_decyzja","received_date":"2025-10-21","decision_date":"2025-12-11","status":"decyzja wydana","description":"Budowa 3 budynków mieszkalnych jednorodzinnych dwulokalowych w ramach zespołu 70 budynków mieszkalnych jednorodzinnych dwulokalowych w zabudowie szeregowej wraz z instalacjami i urządzeniami technicznymi","address":"Koło","city":"Koło","office":"Starosta Powiatu Koło","case_kind":"Budynek mieszkalny jednorodzinny","parcel_ids":["300901_1.0001.AR_50.16/3","300901_1.0001.AR_50.16/4","300901_1.0001.AR_50.17/1","300901_1.0001.AR_50.3/3","300901_1.0001.AR_50.3/4","300901_1.0001.AR_50.3/5"],"location_quality":"dokładny","gunb_url":"https://wyszukiwarka.gunb.gov.pl/","parcel_count":3,"parcel_shard":"x074-y208","parcel_id":"300901_1.0001.AR_50.3/5","location_source":"powiat kolski (wfs)"}},{"type":"Feature","id":"ST-WK-KO/WNIOSEK/21271/2025::300901_1.0001.AR_50.3/3","geometry":{"type":"Polygon","coordinates":[[[18.6199755638577,52.1888580009382],[18.619910542093,52.1888513320086],[18.6198588468918,52.188846031098],[18.6197381756441,52.188833632517],[18.6196173582368,52.1888212345802],[18.619481017241,52.1888072103219],[18.6194486451607,52.1888033357231],[18.6183608805224,52.1886726050994],[18.6183559646217,52.1886871912507],[18.6185412940192,52.1889646648281],[18.6199031987386,52.1891119296523],[18.6199755638577,52.1888580009382]]]},"properties":{"case_id":"ST-WK-KO/WNIOSEK/21271/2025","source_type":"wniosek_decyzja","received_date":"2025-10-20","decision_date":"2025-12-10","status":"decyzja wydana","description":"Budowa 3 budynków mieszkalnych jednorodzinnych dwulokalowych w ramach zespołu 70 budynków mieszkalnych jednorodzinnych dwulokalowych w zabudowie szeregowej wraz z instalacjami i urządzeniami technicznymi","address":"Koło","city":"Koło","office":"Starosta Powiatu Koło","case_kind":"Budynek mieszkalny jednorodzinny","parcel_ids":["300901_1.0001.16/3","300901_1.0001.16/4","300901_1.0001.17/1","300901_1.0001.3/4","300901_1.0001.3/5","300901_1.0001.AR_50.3/3"],"location_quality":"dokładny","gunb_url":"https://wyszukiwarka.gunb.gov.pl/","parcel_count":1,"parcel_shard":"x074-y208","parcel_id":"300901_1.0001.AR_50.3/3","location_source":"powiat kolski (wfs)"}},{"type":"Feature","id":"ST-WK-KO/WNIOSEK/21301/2025::300901_1.0001.AR_50.3/3","geometry":{"type":"Polygon","coordinates":[[[18.6199755638577,52.1888580009382],[18.619910542093,52.1888513320086],[18.6198588468918,52.188846031098],[18.6197381756441,52.188833632517],[18.6196173582368,52.1888212345802],[18.619481017241,52.1888072103219],[18.6194486451607,52.1888033357231],[18.6183608805224,52.1886726050994],[18.6183559646217,52.1886871912507],[18.6185412940192,52.1889646648281],[18.6199031987386,52.1891119296523],[18.6199755638577,52.1888580009382]]]},"properties":{"case_id":"ST-WK-KO/WNIOSEK/21301/2025","source_type":"wniosek_decyzja","received_date":"2025-10-20","decision_date":"2025-12-12","status":"decyzja wydana","description":"Budowa 3 budynków mieszkalnych jednorodzinnych dwulokalowych w ramach zespołu 70 budynków mieszkalnych jednorodzinnych dwulokalowych w zabudowie szeregowej wraz z instalacjami i urządzeniami technicznymi","address":"Koło","city":"Koło","office":"Starosta Powiatu Koło","case_kind":"Budynek mieszkalny jednorodzinny","parcel_ids":["300901_1.0001.16/3","300901_1.0001.16/4","300901_1.0001.17/1","300901_1.0001.3/4","300901_1.0001.3/5","300901_1.0001.AR_50.3/3"],"location_quality":"dokładny","gunb_url":"https://wyszukiwarka.gunb.gov.pl/","parcel_count":1,"parcel_shard":"x074-y208","parcel_id":"300901_1.0001.AR_50.3/3","location_source":"powiat kolski (wfs)"}},{"type":"Feature","id":"ST-WK-KO/WNIOSEK/21444/2025::300901_1.0001.AR_50.3/3","geometry":{"type":"Polygon","coordinates":[[[18.6199755638577,52.1888580009382],[18.619910542093,52.1888513320086],[18.6198588468918,52.188846031098],[18.6197381756441,52.188833632517],[18.6196173582368,52.1888212345802],[18.619481017241,52.1888072103219],[18.6194486451607,52.1888033357231],[18.6183608805224,52.1886726050994],[18.6183559646217,52.1886871912507],[18.6185412940192,52.1889646648281],[18.6199031987386,52.1891119296523],[18.6199755638577,52.1888580009382]]]},"properties":{"case_id":"ST-WK-KO/WNIOSEK/21444/2025","source_type":"wniosek_decyzja","received_date":"2025-10-21","decision_date":"2025-12-12","status":"decyzja wydana","description":"Budowa 3 budynków mieszkalnych jednorodzinnych dwulokalowych w ramach zespołu 70 budynków mieszkalnych jednorodzinnych dwulokalowych w zabudowie szeregowej wraz z instalacjami i urządzeniami technicznymi","address":"Koło","city":"Koło","office":"Starosta Powiatu Koło","case_kind":"Budynek mieszkalny jednorodzinny","parcel_ids":["300901_1.0001.AR_50.16/3","300901_1.0001.AR_50.16/4","300901_1.0001.AR_50.17/1","300901_1.0001.AR_50.3/3","300901_1.0001.AR_50.3/4","300901_1.0001.AR_50.3/5"],"location_quality":"dokładny","gunb_url":"https://wyszukiwarka.gunb.gov.pl/","parcel_count":3,"parcel_shard":"x074-y208","parcel_id":"300901_1.0001.AR_50.3/3","location_source":"powiat kolski (wfs)"}},{"type":"Feature","id":"ST-WK-KO/WNIOSEK/21444/2025::300901_1.0001.AR_50.3/4","geometry":{"type":"Polygon","coordinates":[[[18.6235681728198,52.1895072296387],[18.6237088295769,52.1892546453846],[18.6234456558685,52.1892268014682],[18.6228556956339,52.1891617231447],[18.621143760807,52.188988203425],[18.6205092114749,52.1889127182951],[18.6200279914658,52.188863387828],[18.6199755638577,52.1888580009382],[18.6199031987386,52.1891119296523],[18.6235681728198,52.1895072296387]]]},"properties":{"case_id":"ST-WK-KO/WNIOSEK/21444/2025","source_type":"wniosek_decyzja","received_date":"2025-10-21","decision_date":"2025-12-12","status":"decyzja wydana","description":"Budowa 3 budynków mieszkalnych jednorodzinnych dwulokalowych w ramach zespołu 70 budynków mieszkalnych jednorodzinnych dwulokalowych w zabudowie szeregowej wraz z instalacjami i urządzeniami technicznymi","address":"Koło","city":"Koło","office":"Starosta Powiatu Koło","case_kind":"Budynek mieszkalny jednorodzinny","parcel_ids":["300901_1.0001.AR_50.16/3","300901_1.0001.AR_50.16/4","300901_1.0001.AR_50.17/1","300901_1.0001.AR_50.3/3","300901_1.0001.AR_50.3/4","300901_1.0001.AR_50.3/5"],"location_quality":"dokładny","gunb_url":"https://wyszukiwarka.gunb.gov.pl/","parcel_count":3,"parcel_shard":"x074-y208","parcel_id":"300901_1.0001.AR_50.3/4","location_source":"powiat kolski (wfs)"}},{"type":"Feature","id":"ST-WK-KO/WNIOSEK/21444/2025::300901_1.0001.AR_50.3/5","geometry":{"type":"Polygon","coordinates":[[[18.6183083478471,52.1888282810851],[18.6184485606223,52.1890370540677],[18.6210370545584,52.1893169131417],[18.6235238048677,52.1895867373402],[18.6235681728198,52.1895072296387],[18.6199031987386,52.1891119296523],[18.6185412940192,52.1889646648281],[18.6183559646217,52.1886871912507],[18.6183083478471,52.1888282810851]]]},"properties":{"case_id":"ST-WK-KO/WNIOSEK/21444/2025","source_type":"wniosek_decyzja","received_date":"2025-10-21","decision_date":"2025-12-12","status":"decyzja wydana","description":"Budowa 3 budynków mieszkalnych jednorodzinnych dwulokalowych w ramach zespołu 70 budynków mieszkalnych jednorodzinnych dwulokalowych w zabudowie szeregowej wraz z instalacjami i urządzeniami technicznymi","address":"Koło","city":"Koło","office":"Starosta Powiatu Koło","case_kind":"Budynek mieszkalny jednorodzinny","parcel_ids":["300901_1.0001.AR_50.16/3","300901_1.0001.AR_50.16/4","300901_1.0001.AR_50.17/1","300901_1.0001.AR_50.3/3","300901_1.0001.AR_50.3/4","300901_1.0001.AR_50.3/5"],"location_quality":"dokładny","gunb_url":"https://wyszukiwarka.gunb.gov.pl/","parcel_count":3,"parcel_shard":"x074-y208","parcel_id":"300901_1.0001.AR_50.3/5","location_source":"powiat kolski (wfs)"}},{"type":"Feature","id":"ST-WK-KO/WNIOSEK/21482/2025::300901_1.0001.AR_50.3/3","geometry":{"type":"Polygon","coordinates":[[[18.6199755638577,52.1888580009382],[18.619910542093,52.1888513320086],[18.6198588468918,52.188846031098],[18.6197381756441,52.188833632517],[18.6196173582368,52.1888212345802],[18.619481017241,52.1888072103219],[18.6194486451607,52.1888033357231],[18.6183608805224,52.1886726050994],[18.6183559646217,52.1886871912507],[18.6185412940192,52.1889646648281],[18.6199031987386,52.1891119296523],[18.6199755638577,52.1888580009382]]]},"properties":{"case_id":"ST-WK-KO/WNIOSEK/21482/2025","source_type":"wniosek_decyzja","received_date":"2025-10-21","decision_date":"2025-12-12","status":"decyzja wydana","description":"Budowa 3 budynków mieszkalnych jednorodzinnych dwulokalowych w ramach zespołu 70 budynków mieszkalnych jednorodzinnych dwulokalowych w zabudowie szeregowej wraz z instalacjami i urządzeniami technicznymi","address":"Koło","city":"Koło","office":"Starosta Powiatu Koło","case_kind":"Budynek mieszkalny jednorodzinny","parcel_ids":["300901_1.0001.AR_50.16/3","300901_1.0001.AR_50.16/4","300901_1.0001.AR_50.17/1","300901_1.0001.AR_50.3/3","300901_1.0001.AR_50.3/4","300901_1.0001.AR_50.3/5"],"location_quality":"dokładny","gunb_url":"https://wyszukiwarka.gunb.gov.pl/","parcel_count":3,"parcel_shard":"x074-y208","parcel_id":"300901_1.0001.AR_50.3/3","location_source":"powiat kolski (wfs)"}},{"type":"Feature","id":"ST-WK-KO/WNIOSEK/21482/2025::300901_1.0001.AR_50.3/4","geometry":{"type":"Polygon","coordinates":[[[18.6235681728198,52.1895072296387],[18.6237088295769,52.1892546453846],[18.6234456558685,52.1892268014682],[18.6228556956339,52.1891617231447],[18.621143760807,52.188988203425],[18.6205092114749,52.1889127182951],[18.6200279914658,52.188863387828],[18.6199755638577,52.1888580009382],[18.6199031987386,52.1891119296523],[18.6235681728198,52.1895072296387]]]},"properties":{"case_id":"ST-WK-KO/WNIOSEK/21482/2025","source_type":"wniosek_decyzja","received_date":"2025-10-21","decision_date":"2025-12-12","status":"decyzja wydana","description":"Budowa 3 budynków mieszkalnych jednorodzinnych dwulokalowych w ramach zespołu 70 budynków mieszkalnych jednorodzinnych dwulokalowych w zabudowie szeregowej wraz z instalacjami i urządzeniami technicznymi","address":"Koło","city":"Koło","office":"Starosta Powiatu Koło","case_kind":"Budynek mieszkalny jednorodzinny","parcel_ids":["300901_1.0001.AR_50.16/3","300901_1.0001.AR_50.16/4","300901_1.0001.AR_50.17/1","300901_1.0001.AR_50.3/3","300901_1.0001.AR_50.3/4","300901_1.0001.AR_50.3/5"],"location_quality":"dokładny","gunb_url":"https://wyszukiwarka.gunb.gov.pl/","parcel_count":3,"parcel_shard":"x074-y208","parcel_id":"300901_1.0001.AR_50.3/4","location_source":"powiat kolski (wfs)"}},{"type":"Feature","id":"ST-WK-KO/WNIOSEK/21482/2025::300901_1.0001.AR_50.3/5","geometry":{"type":"Polygon","coordinates":[[[18.6183083478471,52.1888282810851],[18.6184485606223,52.1890370540677],[18.6210370545584,52.1893169131417],[18.6235238048677,52.1895867373402],[18.6235681728198,52.1895072296387],[18.6199031987386,52.1891119296523],[18.6185412940192,52.1889646648281],[18.6183559646217,52.1886871912507],[18.6183083478471,52.1888282810851]]]},"properties":{"case_id":"ST-WK-KO/WNIOSEK/21482/2025","source_type":"wniosek_decyzja","received_date":"2025-10-21","decision_date":"2025-12-12","status":"decyzja wydana","description":"Budowa 3 budynków mieszkalnych jednorodzinnych dwulokalowych w ramach zespołu 70 budynków mieszkalnych jednorodzinnych dwulokalowych w zabudowie szeregowej wraz z instalacjami i urządzeniami technicznymi","address":"Koło","city":"Koło","office":"Starosta Powiatu Koło","case_kind":"Budynek mieszkalny jednorodzinny","parcel_ids":["300901_1.0001.AR_50.16/3","300901_1.0001.AR_50.16/4","300901_1.0001.AR_50.17/1","300901_1.0001.AR_50.3/3","300901_1.0001.AR_50.3/4","300901_1.0001.AR_50.3/5"],"location_quality":"dokładny","gunb_url":"https://wyszukiwarka.gunb.gov.pl/","parcel_count":3,"parcel_shard":"x074-y208","parcel_id":"300901_1.0001.AR_50.3/5","location_source":"powiat kolski (wfs)"}},{"type":"Feature","id":"ST-WK-KO/WNIOSEK/21529/2025::300901_1.0001.AR_50.3/3","geometry":{"type":"Polygon","coordinates":[[[18.6199755638577,52.1888580009382],[18.619910542093,52.1888513320086],[18.6198588468918,52.188846031098],[18.6197381756441,52.188833632517],[18.6196173582368,52.1888212345802],[18.619481017241,52.1888072103219],[18.6194486451607,52.1888033357231],[18.6183608805224,52.1886726050994],[18.6183559646217,52.1886871912507],[18.6185412940192,52.1889646648281],[18.6199031987386,52.1891119296523],[18.6199755638577,52.1888580009382]]]},"properties":{"case_id":"ST-WK-KO/WNIOSEK/21529/2025","source_type":"wniosek_decyzja","received_date":"2025-10-22","decision_date":"2025-12-15","status":"decyzja wydana","description":"Budowa 2 budynków mieszkalnych jednorodzinnych dwulokalowych w ramach zespołu 70 budynków mieszkalnych jednorodzinnych dwulokalowych w zabudowie szeregowej wraz z instalacjami i urządzeniami technicznymi","address":"Koło","city":"Koło","office":"Starosta Powiatu Koło","case_kind":"Budynek mieszkalny jednorodzinny","parcel_ids":["300901_1.0001.AR_50.16/3","300901_1.0001.AR_50.16/4","300901_1.0001.AR_50.17/1","300901_1.0001.AR_50.3/3","300901_1.0001.AR_50.3/4","300901_1.0001.AR_50.3/5"],"location_quality":"dokładny","gunb_url":"https://wyszukiwarka.gunb.gov.pl/","parcel_count":3,"parcel_shard":"x074-y208","parcel_id":"300901_1.0001.AR_50.3/3","location_source":"powiat kolski (wfs)"}},{"type":"Feature","id":"ST-WK-KO/WNIOSEK/21529/2025::300901_1.0001.AR_50.3/4","geometry":{"type":"Polygon","coordinates":[[[18.6235681728198,52.1895072296387],[18.6237088295769,52.1892546453846],[18.6234456558685,52.1892268014682],[18.6228556956339,52.1891617231447],[18.621143760807,52.188988203425],[18.6205092114749,52.1889127182951],[18.6200279914658,52.188863387828],[18.6199755638577,52.1888580009382],[18.6199031987386,52.1891119296523],[18.6235681728198,52.1895072296387]]]},"properties":{"case_id":"ST-WK-KO/WNIOSEK/21529/2025","source_type":"wniosek_decyzja","received_date":"2025-10-22","decision_date":"2025-12-15","status":"decyzja wydana","description":"Budowa 2 budynków mieszkalnych jednorodzinnych dwulokalowych w ramach zespołu 70 budynków mieszkalnych jednorodzinnych dwulokalowych w zabudowie szeregowej wraz z instalacjami i urządzeniami technicznymi","address":"Koło","city":"Koło","office":"Starosta Powiatu Koło","case_kind":"Budynek mieszkalny jednorodzinny","parcel_ids":["300901_1.0001.AR_50.16/3","300901_1.0001.AR_50.16/4","300901_1.0001.AR_50.17/1","300901_1.0001.AR_50.3/3","300901_1.0001.AR_50.3/4","300901_1.0001.AR_50.3/5"],"location_quality":"dokładny","gunb_url":"https://wyszukiwarka.gunb.gov.pl/","parcel_count":3,"parcel_shard":"x074-y208","parcel_id":"300901_1.0001.AR_50.3/4","location_source":"powiat kolski (wfs)"}},{"type":"Feature","id":"ST-WK-KO/WNIOSEK/21529/2025::300901_1.0001.AR_50.3/5","geometry":{"type":"Polygon","coordinates":[[[18.6183083478471,52.1888282810851],[18.6184485606223,52.1890370540677],[18.6210370545584,52.1893169131417],[18.6235238048677,52.1895867373402],[18.6235681728198,52.1895072296387],[18.6199031987386,52.1891119296523],[18.6185412940192,52.1889646648281],[18.6183559646217,52.1886871912507],[18.6183083478471,52.1888282810851]]]},"properties":{"case_id":"ST-WK-KO/WNIOSEK/21529/2025","source_type":"wniosek_decyzja","received_date":"2025-10-22","decision_date":"2025-12-15","status":"decyzja wydana","description":"Budowa 2 budynków mieszkalnych jednorodzinnych dwulokalowych w ramach zespołu 70 budynków mieszkalnych jednorodzinnych dwulokalowych w zabudowie szeregowej wraz z instalacjami i urządzeniami technicznymi","address":"Koło","city":"Koło","office":"Starosta Powiatu Koło","case_kind":"Budynek mieszkalny jednorodzinny","parcel_ids":["300901_1.0001.AR_50.16/3","300901_1.0001.AR_50.16/4","300901_1.0001.AR_50.17/1","300901_1.0001.AR_50.3/3","300901_1.0001.AR_50.3/4","300901_1.0001.AR_50.3/5"],"location_quality":"dokładny","gunb_url":"https://wyszukiwarka.gunb.gov.pl/","parcel_count":3,"parcel_shard":"x074-y208","parcel_id":"300901_1.0001.AR_50.3/5","location_source":"powiat kolski (wfs)"}},{"type":"Feature","id":"ST-WK-KO/WNIOSEK/21292/2025::300901_1.0001.AR_50.3/3","geometry":{"type":"Polygon","coordinates":[[[18.6199755638577,52.1888580009382],[18.619910542093,52.1888513320086],[18.6198588468918,52.188846031098],[18.6197381756441,52.188833632517],[18.6196173582368,52.1888212345802],[18.619481017241,52.1888072103219],[18.6194486451607,52.1888033357231],[18.6183608805224,52.1886726050994],[18.6183559646217,52.1886871912507],[18.6185412940192,52.1889646648281],[18.6199031987386,52.1891119296523],[18.6199755638577,52.1888580009382]]]},"properties":{"case_id":"ST-WK-KO/WNIOSEK/21292/2025","source_type":"wniosek_decyzja","received_date":"2025-10-20","decision_date":"2025-12-11","status":"decyzja wydana","description":"Budowa 3 budynków mieszkalnych jednorodzinnych dwulokalowych w ramach zespołu 70 budynków mieszkalnych jednorodzinnych dwulokalowych w zabudowie szeregowej wraz z instalacjami i urządzeniami technicznymi","address":"Koło","city":"Koło","office":"Starosta Powiatu Koło","case_kind":"Budynek mieszkalny jednorodzinny","parcel_ids":["300901_1.0001.AR_50.16/3","300901_1.0001.AR_50.16/4","300901_1.0001.AR_50.17/1","300901_1.0001.AR_50.3/3","300901_1.0001.AR_50.3/4","300901_1.0001.AR_50.3/5"],"location_quality":"dokładny","gunb_url":"https://wyszukiwarka.gunb.gov.pl/","parcel_count":3,"parcel_shard":"x074-y208","parcel_id":"300901_1.0001.AR_50.3/3","location_source":"powiat kolski (wfs)"}},{"type":"Feature","id":"ST-WK-KO/WNIOSEK/21292/2025::300901_1.0001.AR_50.3/4","geometry":{"type":"Polygon","coordinates":[[[18.6235681728198,52.1895072296387],[18.6237088295769,52.1892546453846],[18.6234456558685,52.1892268014682],[18.6228556956339,52.1891617231447],[18.621143760807,52.188988203425],[18.6205092114749,52.1889127182951],[18.6200279914658,52.188863387828],[18.6199755638577,52.1888580009382],[18.6199031987386,52.1891119296523],[18.6235681728198,52.1895072296387]]]},"properties":{"case_id":"ST-WK-KO/WNIOSEK/21292/2025","source_type":"wniosek_decyzja","received_date":"2025-10-20","decision_date":"2025-12-11","status":"decyzja wydana","description":"Budowa 3 budynków mieszkalnych jednorodzinnych dwulokalowych w ramach zespołu 70 budynków mieszkalnych jednorodzinnych dwulokalowych w zabudowie szeregowej wraz z instalacjami i urządzeniami technicznymi","address":"Koło","city":"Koło","office":"Starosta Powiatu Koło","case_kind":"Budynek mieszkalny jednorodzinny","parcel_ids":["300901_1.0001.AR_50.16/3","300901_1.0001.AR_50.16/4","300901_1.0001.AR_50.17/1","300901_1.0001.AR_50.3/3","300901_1.0001.AR_50.3/4","300901_1.0001.AR_50.3/5"],"location_quality":"dokładny","gunb_url":"https://wyszukiwarka.gunb.gov.pl/","parcel_count":3,"parcel_shard":"x074-y208","parcel_id":"300901_1.0001.AR_50.3/4","location_source":"powiat kolski (wfs)"}},{"type":"Feature","id":"ST-WK-KO/WNIOSEK/21292/2025::300901_1.0001.AR_50.3/5","geometry":{"type":"Polygon","coordinates":[[[18.6183083478471,52.1888282810851],[18.6184485606223,52.1890370540677],[18.6210370545584,52.1893169131417],[18.6235238048677,52.1895867373402],[18.6235681728198,52.1895072296387],[18.6199031987386,52.1891119296523],[18.6185412940192,52.1889646648281],[18.6183559646217,52.1886871912507],[18.6183083478471,52.1888282810851]]]},"properties":{"case_id":"ST-WK-KO/WNIOSEK/21292/2025","source_type":"wniosek_decyzja","received_date":"2025-10-20","decision_date":"2025-12-11","status":"decyzja wydana","description":"Budowa 3 budynków mieszkalnych jednorodzinnych dwulokalowych w ramach zespołu 70 budynków mieszkalnych jednorodzinnych dwulokalowych w zabudowie szeregowej wraz z instalacjami i urządzeniami technicznymi","address":"Koło","city":"Koło","office":"Starosta Powiatu Koło","case_kind":"Budynek mieszkalny jednorodzinny","parcel_ids":["300901_1.0001.AR_50.16/3","300901_1.0001.AR_50.16/4","300901_1.0001.AR_50.17/1","300901_1.0001.AR_50.3/3","300901_1.0001.AR_50.3/4","300901_1.0001.AR_50.3/5"],"location_quality":"dokładny","gunb_url":"https://wyszukiwarka.gunb.gov.pl/","parcel_count":3,"parcel_shard":"x074-y208","parcel_id":"300901_1.0001.AR_50.3/5","location_source":"powiat kolski (wfs)"}},{"type":"Feature","id":"ST-WK-KO/WNIOSEK/21352/2025::300901_1.0001.AR_50.3/3","geometry":{"type":"Polygon","coordinates":[[[18.6199755638577,52.1888580009382],[18.619910542093,52.1888513320086],[18.6198588468918,52.188846031098],[18.6197381756441,52.188833632517],[18.6196173582368,52.1888212345802],[18.619481017241,52.1888072103219],[18.6194486451607,52.1888033357231],[18.6183608805224,52.1886726050994],[18.6183559646217,52.1886871912507],[18.6185412940192,52.1889646648281],[18.6199031987386,52.1891119296523],[18.6199755638577,52.1888580009382]]]},"properties":{"case_id":"ST-WK-KO/WNIOSEK/21352/2025","source_type":"wniosek_decyzja","received_date":"2025-10-20","decision_date":"2025-12-12","status":"decyzja wydana","description":"Budowa 4 budynków mieszkalnych jednorodzinnych dwulokalowych w ramach zespołu 70 budynków mieszkalnych jednorodzinnych dwulokalowych w zabudowie szeregowej wraz z instalacjami i urządzeniami technicznymi","address":"Koło","city":"Koło","office":"Starosta Powiatu Koło","case_kind":"Budynek mieszkalny jednorodzinny","parcel_ids":["300901_1.0001.16/3","300901_1.0001.16/4","300901_1.0001.17/1","300901_1.0001.3/4","300901_1.0001.3/5","300901_1.0001.AR_50.3/3"],"location_quality":"dokładny","gunb_url":"https://wyszukiwarka.gunb.gov.pl/","parcel_count":1,"parcel_shard":"x074-y208","parcel_id":"300901_1.0001.AR_50.3/3","location_source":"powiat kolski (wfs)"}},{"type":"Feature","id":"ST-WK-KO/WNIOSEK/21288/2025::300901_1.0001.AR_50.3/3","geometry":{"type":"Polygon","coordinates":[[[18.6199755638577,52.1888580009382],[18.619910542093,52.1888513320086],[18.6198588468918,52.188846031098],[18.6197381756441,52.188833632517],[18.6196173582368,52.1888212345802],[18.619481017241,52.1888072103219],[18.6194486451607,52.1888033357231],[18.6183608805224,52.1886726050994],[18.6183559646217,52.1886871912507],[18.6185412940192,52.1889646648281],[18.6199031987386,52.1891119296523],[18.6199755638577,52.1888580009382]]]},"properties":{"case_id":"ST-WK-KO/WNIOSEK/21288/2025","source_type":"wniosek_decyzja","received_date":"2025-10-20","decision_date":"2025-12-11","status":"decyzja wydana","description":"Budowa 3 budynków mieszkalnych jednorodzinnych dwulokalowych w ramach zespołu 70 budynków mieszkalnych jednorodzinnych dwulokalowych w zabudowie szeregowej wraz z instalacjami i urządzeniami technicznymi","address":"Koło","city":"Koło","office":"Starosta Powiatu Koło","case_kind":"Budynek mieszkalny jednorodzinny","parcel_ids":["300901_1.0001.AR_50.16/3","300901_1.0001.AR_50.16/4","300901_1.0001.AR_50.17/1","300901_1.0001.AR_50.3/3","300901_1.0001.AR_50.3/4","300901_1.0001.AR_50.3/5"],"location_quality":"dokładny","gunb_url":"https://wyszukiwarka.gunb.gov.pl/","parcel_count":3,"parcel_shard":"x074-y208","parcel_id":"300901_1.0001.AR_50.3/3","location_source":"powiat kolski (wfs)"}},{"type":"Feature","id":"ST-WK-KO/WNIOSEK/21288/2025::300901_1.0001.AR_50.3/4","geometry":{"type":"Polygon","coordinates":[[[18.6235681728198,52.1895072296387],[18.6237088295769,52.1892546453846],[18.6234456558685,52.1892268014682],[18.6228556956339,52.1891617231447],[18.621143760807,52.188988203425],[18.6205092114749,52.1889127182951],[18.6200279914658,52.188863387828],[18.6199755638577,52.1888580009382],[18.6199031987386,52.1891119296523],[18.6235681728198,52.1895072296387]]]},"properties":{"case_id":"ST-WK-KO/WNIOSEK/21288/2025","source_type":"wniosek_decyzja","received_date":"2025-10-20","decision_date":"2025-12-11","status":"decyzja wydana","description":"Budowa 3 budynków mieszkalnych jednorodzinnych dwulokalowych w ramach zespołu 70 budynków mieszkalnych jednorodzinnych dwulokalowych w zabudowie szeregowej wraz z instalacjami i urządzeniami technicznymi","address":"Koło","city":"Koło","office":"Starosta Powiatu Koło","case_kind":"Budynek mieszkalny jednorodzinny","parcel_ids":["300901_1.0001.AR_50.16/3","300901_1.0001.AR_50.16/4","300901_1.0001.AR_50.17/1","300901_1.0001.AR_50.3/3","300901_1.0001.AR_50.3/4","300901_1.0001.AR_50.3/5"],"location_quality":"dokładny","gunb_url":"https://wyszukiwarka.gunb.gov.pl/","parcel_count":3,"parcel_shard":"x074-y208","parcel_id":"300901_1.0001.AR_50.3/4","location_source":"powiat kolski (wfs)"}},{"type":"Feature","id":"ST-WK-KO/WNIOSEK/21288/2025::300901_1.0001.AR_50.3/5","geometry":{"type":"Polygon","coordinates":[[[18.6183083478471,52.1888282810851],[18.6184485606223,52.1890370540677],[18.6210370545584,52.1893169131417],[18.6235238048677,52.1895867373402],[18.6235681728198,52.1895072296387],[18.6199031987386,52.1891119296523],[18.6185412940192,52.1889646648281],[18.6183559646217,52.1886871912507],[18.6183083478471,52.1888282810851]]]},"properties":{"case_id":"ST-WK-KO/WNIOSEK/21288/2025","source_type":"wniosek_decyzja","received_date":"2025-10-20","decision_date":"2025-12-11","status":"decyzja wydana","description":"Budowa 3 budynków mieszkalnych jednorodzinnych dwulokalowych w ramach zespołu 70 budynków mieszkalnych jednorodzinnych dwulokalowych w zabudowie szeregowej wraz z instalacjami i urządzeniami technicznymi","address":"Koło","city":"Koło","office":"Starosta Powiatu Koło","case_kind":"Budynek mieszkalny jednorodzinny","parcel_ids":["300901_1.0001.AR_50.16/3","300901_1.0001.AR_50.16/4","300901_1.0001.AR_50.17/1","300901_1.0001.AR_50.3/3","300901_1.0001.AR_50.3/4","300901_1.0001.AR_50.3/5"],"location_quality":"dokładny","gunb_url":"https://wyszukiwarka.gunb.gov.pl/","parcel_count":3,"parcel_shard":"x074-y208","parcel_id":"300901_1.0001.AR_50.3/5","location_source":"powiat kolski (wfs)"}},{"type":"Feature","id":"ST-WK-KO/WNIOSEK/21360/2025::300901_1.0001.AR_50.3/3","geometry":{"type":"Polygon","coordinates":[[[18.6199755638577,52.1888580009382],[18.619910542093,52.1888513320086],[18.6198588468918,52.188846031098],[18.6197381756441,52.188833632517],[18.6196173582368,52.1888212345802],[18.619481017241,52.1888072103219],[18.6194486451607,52.1888033357231],[18.6183608805224,52.1886726050994],[18.6183559646217,52.1886871912507],[18.6185412940192,52.1889646648281],[18.6199031987386,52.1891119296523],[18.6199755638577,52.1888580009382]]]},"properties":{"case_id":"ST-WK-KO/WNIOSEK/21360/2025","source_type":"wniosek_decyzja","received_date":"2025-10-20","decision_date":"2025-12-12","status":"decyzja wydana","description":"Budowa 4 budynków mieszkalnych jednorodzinnych dwulokalowych w ramach zespołu 70 budynków mieszkalnych jednorodzinnych dwulokalowych w zabudowie szeregowej wraz z instalacjami i urządzeniami technicznymi","address":"Koło","city":"Koło","office":"Starosta Powiatu Koło","case_kind":"Budynek mieszkalny jednorodzinny","parcel_ids":["300901_1.0001.AR_50.16/3","300901_1.0001.AR_50.16/4","300901_1.0001.AR_50.17/1","300901_1.0001.AR_50.3/3","300901_1.0001.AR_50.3/4","300901_1.0001.AR_50.3/5"],"location_quality":"dokładny","gunb_url":"https://wyszukiwarka.gunb.gov.pl/","parcel_count":3,"parcel_shard":"x074-y208","parcel_id":"300901_1.0001.AR_50.3/3","location_source":"powiat kolski (wfs)"}},{"type":"Feature","id":"ST-WK-KO/WNIOSEK/21360/2025::300901_1.0001.AR_50.3/4","geometry":{"type":"Polygon","coordinates":[[[18.6235681728198,52.1895072296387],[18.6237088295769,52.1892546453846],[18.6234456558685,52.1892268014682],[18.6228556956339,52.1891617231447],[18.621143760807,52.188988203425],[18.6205092114749,52.1889127182951],[18.6200279914658,52.188863387828],[18.6199755638577,52.1888580009382],[18.6199031987386,52.1891119296523],[18.6235681728198,52.1895072296387]]]},"properties":{"case_id":"ST-WK-KO/WNIOSEK/21360/2025","source_type":"wniosek_decyzja","received_date":"2025-10-20","decision_date":"2025-12-12","status":"decyzja wydana","description":"Budowa 4 budynków mieszkalnych jednorodzinnych dwulokalowych w ramach zespołu 70 budynków mieszkalnych jednorodzinnych dwulokalowych w zabudowie szeregowej wraz z instalacjami i urządzeniami technicznymi","address":"Koło","city":"Koło","office":"Starosta Powiatu Koło","case_kind":"Budynek mieszkalny jednorodzinny","parcel_ids":["300901_1.0001.AR_50.16/3","300901_1.0001.AR_50.16/4","300901_1.0001.AR_50.17/1","300901_1.0001.AR_50.3/3","300901_1.0001.AR_50.3/4","300901_1.0001.AR_50.3/5"],"location_quality":"dokładny","gunb_url":"https://wyszukiwarka.gunb.gov.pl/","parcel_count":3,"parcel_shard":"x074-y208","parcel_id":"300901_1.0001.AR_50.3/4","location_source":"powiat kolski (wfs)"}},{"type":"Feature","id":"ST-WK-KO/WNIOSEK/21360/2025::300901_1.0001.AR_50.3/5","geometry":{"type":"Polygon","coordinates":[[[18.6183083478471,52.1888282810851],[18.6184485606223,52.1890370540677],[18.6210370545584,52.1893169131417],[18.6235238048677,52.1895867373402],[18.6235681728198,52.1895072296387],[18.6199031987386,52.1891119296523],[18.6185412940192,52.1889646648281],[18.6183559646217,52.1886871912507],[18.6183083478471,52.1888282810851]]]},"properties":{"case_id":"ST-WK-KO/WNIOSEK/21360/2025","source_type":"wniosek_decyzja","received_date":"2025-10-20","decision_date":"2025-12-12","status":"decyzja wydana","description":"Budowa 4 budynków mieszkalnych jednorodzinnych dwulokalowych w ramach zespołu 70 budynków mieszkalnych jednorodzinnych dwulokalowych w zabudowie szeregowej wraz z instalacjami i urządzeniami technicznymi","address":"Koło","city":"Koło","office":"Starosta Powiatu Koło","case_kind":"Budynek mieszkalny jednorodzinny","parcel_ids":["300901_1.0001.AR_50.16/3","300901_1.0001.AR_50.16/4","300901_1.0001.AR_50.17/1","300901_1.0001.AR_50.3/3","300901_1.0001.AR_50.3/4","300901_1.0001.AR_50.3/5"],"location_quality":"dokładny","gunb_url":"https://wyszukiwarka.gunb.gov.pl/","parcel_count":3,"parcel_shard":"x074-y208","parcel_id":"300901_1.0001.AR_50.3/5","location_source":"powiat kolski (wfs)"}},{"type":"Feature","id":"ST-WK-KO/WNIOSEK/21524/2025::300901_1.0001.AR_50.3/3","geometry":{"type":"Polygon","coordinates":[[[18.6199755638577,52.1888580009382],[18.619910542093,52.1888513320086],[18.6198588468918,52.188846031098],[18.6197381756441,52.188833632517],[18.6196173582368,52.1888212345802],[18.619481017241,52.1888072103219],[18.6194486451607,52.1888033357231],[18.6183608805224,52.1886726050994],[18.6183559646217,52.1886871912507],[18.6185412940192,52.1889646648281],[18.6199031987386,52.1891119296523],[18.6199755638577,52.1888580009382]]]},"properties":{"case_id":"ST-WK-KO/WNIOSEK/21524/2025","source_type":"wniosek_decyzja","received_date":"2025-10-22","decision_date":"2025-12-11","status":"decyzja wydana","description":"Budowa 3 budynków mieszkalnych jednorodzinnych dwulokalowych w ramach zespołu 70 budynków mieszkalnych jednorodzinnych dwulokalowych w zabudowie szeregowej wraz z instalacjami i urządzeniami technicznymi","address":"Koło","city":"Koło","office":"Starosta Powiatu Koło","case_kind":"Budynek mieszkalny jednorodzinny","parcel_ids":["300901_1.0001.AR_50.16/3","300901_1.0001.AR_50.16/4","300901_1.0001.AR_50.17/1","300901_1.0001.AR_50.3/3","300901_1.0001.AR_50.3/4","300901_1.0001.AR_50.3/5"],"location_quality":"dokładny","gunb_url":"https://wyszukiwarka.gunb.gov.pl/","parcel_count":3,"parcel_shard":"x074-y208","parcel_id":"300901_1.0001.AR_50.3/3","location_source":"powiat kolski (wfs)"}},{"type":"Feature","id":"ST-WK-KO/WNIOSEK/21524/2025::300901_1.0001.AR_50.3/4","geometry":{"type":"Polygon","coordinates":[[[18.6235681728198,52.1895072296387],[18.6237088295769,52.1892546453846],[18.6234456558685,52.1892268014682],[18.6228556956339,52.1891617231447],[18.621143760807,52.188988203425],[18.6205092114749,52.1889127182951],[18.6200279914658,52.188863387828],[18.6199755638577,52.1888580009382],[18.6199031987386,52.1891119296523],[18.6235681728198,52.1895072296387]]]},"properties":{"case_id":"ST-WK-KO/WNIOSEK/21524/2025","source_type":"wniosek_decyzja","received_date":"2025-10-22","decision_date":"2025-12-11","status":"decyzja wydana","description":"Budowa 3 budynków mieszkalnych jednorodzinnych dwulokalowych w ramach zespołu 70 budynków mieszkalnych jednorodzinnych dwulokalowych w zabudowie szeregowej wraz z instalacjami i urządzeniami technicznymi","address":"Koło","city":"Koło","office":"Starosta Powiatu Koło","case_kind":"Budynek mieszkalny jednorodzinny","parcel_ids":["300901_1.0001.AR_50.16/3","300901_1.0001.AR_50.16/4","300901_1.0001.AR_50.17/1","300901_1.0001.AR_50.3/3","300901_1.0001.AR_50.3/4","300901_1.0001.AR_50.3/5"],"location_quality":"dokładny","gunb_url":"https://wyszukiwarka.gunb.gov.pl/","parcel_count":3,"parcel_shard":"x074-y208","parcel_id":"300901_1.0001.AR_50.3/4","location_source":"powiat kolski (wfs)"}},{"type":"Feature","id":"ST-WK-KO/WNIOSEK/21524/2025::300901_1.0001.AR_50.3/5","geometry":{"type":"Polygon","coordinates":[[[18.6183083478471,52.1888282810851],[18.6184485606223,52.1890370540677],[18.6210370545584,52.1893169131417],[18.6235238048677,52.1895867373402],[18.6235681728198,52.1895072296387],[18.6199031987386,52.1891119296523],[18.6185412940192,52.1889646648281],[18.6183559646217,52.1886871912507],[18.6183083478471,52.1888282810851]]]},"properties":{"case_id":"ST-WK-KO/WNIOSEK/21524/2025","source_type":"wniosek_decyzja","received_date":"2025-10-22","decision_date":"2025-12-11","status":"decyzja wydana","description":"Budowa 3 budynków mieszkalnych jednorodzinnych dwulokalowych w ramach zespołu 70 budynków mieszkalnych jednorodzinnych dwulokalowych w zabudowie szeregowej wraz z instalacjami i urządzeniami technicznymi","address":"Koło","city":"Koło","office":"Starosta Powiatu Koło","case_kind":"Budynek mieszkalny jednorodzinny","parcel_ids":["300901_1.0001.AR_50.16/3","300901_1.0001.AR_50.16/4","300901_1.0001.AR_50.17/1","300901_1.0001.AR_50.3/3","300901_1.0001.AR_50.3/4","300901_1.0001.AR_50.3/5"],"location_quality":"dokładny","gunb_url":"https://wyszukiwarka.gunb.gov.pl/","parcel_count":3,"parcel_shard":"x074-y208","parcel_id":"300901_1.0001.AR_50.3/5","location_source":"powiat kolski (wfs)"}},{"type":"Feature","id":"ST-WK-KO/WNIOSEK/21279/2025::300901_1.0001.AR_50.3/3","geometry":{"type":"Polygon","coordinates":[[[18.6199755638577,52.1888580009382],[18.619910542093,52.1888513320086],[18.6198588468918,52.188846031098],[18.6197381756441,52.188833632517],[18.6196173582368,52.1888212345802],[18.619481017241,52.1888072103219],[18.6194486451607,52.1888033357231],[18.6183608805224,52.1886726050994],[18.6183559646217,52.1886871912507],[18.6185412940192,52.1889646648281],[18.6199031987386,52.1891119296523],[18.6199755638577,52.1888580009382]]]},"properties":{"case_id":"ST-WK-KO/WNIOSEK/21279/2025","source_type":"wniosek_decyzja","received_date":"2025-10-20","decision_date":"2025-12-11","status":"decyzja wydana","description":"Budowa 3 budynków mieszkalnych jednorodzinnych dwulokalowych w ramach zespołu 70 budynków mieszkalnych jednorodzinnych dwulokalowych w zabudowie szeregowej wraz z instalacjami i urządzeniami technicznymi","address":"Koło","city":"Koło","office":"Starosta Powiatu Koło","case_kind":"Budynek mieszkalny jednorodzinny","parcel_ids":["300901_1.0001.AR_50.16/3","300901_1.0001.AR_50.16/4","300901_1.0001.AR_50.17/1","300901_1.0001.AR_50.3/3","300901_1.0001.AR_50.3/4","300901_1.0001.AR_50.3/5"],"location_quality":"dokładny","gunb_url":"https://wyszukiwarka.gunb.gov.pl/","parcel_count":3,"parcel_shard":"x074-y208","parcel_id":"300901_1.0001.AR_50.3/3","location_source":"powiat kolski (wfs)"}},{"type":"Feature","id":"ST-WK-KO/WNIOSEK/21279/2025::300901_1.0001.AR_50.3/4","geometry":{"type":"Polygon","coordinates":[[[18.6235681728198,52.1895072296387],[18.6237088295769,52.1892546453846],[18.6234456558685,52.1892268014682],[18.6228556956339,52.1891617231447],[18.621143760807,52.188988203425],[18.6205092114749,52.1889127182951],[18.6200279914658,52.188863387828],[18.6199755638577,52.1888580009382],[18.6199031987386,52.1891119296523],[18.6235681728198,52.1895072296387]]]},"properties":{"case_id":"ST-WK-KO/WNIOSEK/21279/2025","source_type":"wniosek_decyzja","received_date":"2025-10-20","decision_date":"2025-12-11","status":"decyzja wydana","description":"Budowa 3 budynków mieszkalnych jednorodzinnych dwulokalowych w ramach zespołu 70 budynków mieszkalnych jednorodzinnych dwulokalowych w zabudowie szeregowej wraz z instalacjami i urządzeniami technicznymi","address":"Koło","city":"Koło","office":"Starosta Powiatu Koło","case_kind":"Budynek mieszkalny jednorodzinny","parcel_ids":["300901_1.0001.AR_50.16/3","300901_1.0001.AR_50.16/4","300901_1.0001.AR_50.17/1","300901_1.0001.AR_50.3/3","300901_1.0001.AR_50.3/4","300901_1.0001.AR_50.3/5"],"location_quality":"dokładny","gunb_url":"https://wyszukiwarka.gunb.gov.pl/","parcel_count":3,"parcel_shard":"x074-y208","parcel_id":"300901_1.0001.AR_50.3/4","location_source":"powiat kolski (wfs)"}},{"type":"Feature","id":"ST-WK-KO/WNIOSEK/21279/2025::300901_1.0001.AR_50.3/5","geometry":{"type":"Polygon","coordinates":[[[18.6183083478471,52.1888282810851],[18.6184485606223,52.1890370540677],[18.6210370545584,52.1893169131417],[18.6235238048677,52.1895867373402],[18.6235681728198,52.1895072296387],[18.6199031987386,52.1891119296523],[18.6185412940192,52.1889646648281],[18.6183559646217,52.1886871912507],[18.6183083478471,52.1888282810851]]]},"properties":{"case_id":"ST-WK-KO/WNIOSEK/21279/2025","source_type":"wniosek_decyzja","received_date":"2025-10-20","decision_date":"2025-12-11","status":"decyzja wydana","description":"Budowa 3 budynków mieszkalnych jednorodzinnych dwulokalowych w ramach zespołu 70 budynków mieszkalnych jednorodzinnych dwulokalowych w zabudowie szeregowej wraz z instalacjami i urządzeniami technicznymi","address":"Koło","city":"Koło","office":"Starosta Powiatu Koło","case_kind":"Budynek mieszkalny jednorodzinny","parcel_ids":["300901_1.0001.AR_50.16/3","300901_1.0001.AR_50.16/4","300901_1.0001.AR_50.17/1","300901_1.0001.AR_50.3/3","300901_1.0001.AR_50.3/4","300901_1.0001.AR_50.3/5"],"location_quality":"dokładny","gunb_url":"https://wyszukiwarka.gunb.gov.pl/","parcel_count":3,"parcel_shard":"x074-y208","parcel_id":"300901_1.0001.AR_50.3/5","location_source":"powiat kolski (wfs)"}},{"type":"Feature","id":"ST-WK-KO/WNIOSEK/21282/2025::300901_1.0001.AR_50.3/3","geometry":{"type":"Polygon","coordinates":[[[18.6199755638577,52.1888580009382],[18.619910542093,52.1888513320086],[18.6198588468918,52.188846031098],[18.6197381756441,52.188833632517],[18.6196173582368,52.1888212345802],[18.619481017241,52.1888072103219],[18.6194486451607,52.1888033357231],[18.6183608805224,52.1886726050994],[18.6183559646217,52.1886871912507],[18.6185412940192,52.1889646648281],[18.6199031987386,52.1891119296523],[18.6199755638577,52.1888580009382]]]},"properties":{"case_id":"ST-WK-KO/WNIOSEK/21282/2025","source_type":"wniosek_decyzja","received_date":"2025-10-20","decision_date":"2025-12-12","status":"decyzja wydana","description":"Budowa 3 budynków mieszkalnych jednorodzinnych dwulokalowych w ramach zespołu 70 budynków mieszkalnych jednorodzinnych dwulokalowych w zabudowie szeregowej wraz z instalacjami i urządzeniami technicznymi","address":"Koło","city":"Koło","office":"Starosta Powiatu Koło","case_kind":"Budynek mieszkalny jednorodzinny","parcel_ids":["300901_1.0001.16/3","300901_1.0001.16/4","300901_1.0001.17/1","300901_1.0001.3/4","300901_1.0001.3/5","300901_1.0001.AR_50.3/3"],"location_quality":"dokładny","gunb_url":"https://wyszukiwarka.gunb.gov.pl/","parcel_count":1,"parcel_shard":"x074-y208","parcel_id":"300901_1.0001.AR_50.3/3","location_source":"powiat kolski (wfs)"}},{"type":"Feature","id":"ST-WK-KO/WNIOSEK/21535/2025::300901_1.0001.AR_50.3/3","geometry":{"type":"Polygon","coordinates":[[[18.6199755638577,52.1888580009382],[18.619910542093,52.1888513320086],[18.6198588468918,52.188846031098],[18.6197381756441,52.188833632517],[18.6196173582368,52.1888212345802],[18.619481017241,52.1888072103219],[18.6194486451607,52.1888033357231],[18.6183608805224,52.1886726050994],[18.6183559646217,52.1886871912507],[18.6185412940192,52.1889646648281],[18.6199031987386,52.1891119296523],[18.6199755638577,52.1888580009382]]]},"properties":{"case_id":"ST-WK-KO/WNIOSEK/21535/2025","source_type":"wniosek_decyzja","received_date":"2025-10-22","decision_date":"2025-12-12","status":"decyzja wydana","description":"Budowa 3 budynków mieszkalnych jednorodzinnych dwulokalowych w ramach zespołu 70 budynków mieszkalnych jednorodzinnych dwulokalowych w zabudowie szeregowej wraz z instalacjami i urządzeniami technicznymi","address":"Koło","city":"Koło","office":"Starosta Powiatu Koło","case_kind":"Budynek mieszkalny jednorodzinny","parcel_ids":["300901_1.0001.AR_50.16/3","300901_1.0001.AR_50.16/4","300901_1.0001.AR_50.17/1","300901_1.0001.AR_50.3/3","300901_1.0001.AR_50.3/4","300901_1.0001.AR_50.3/5"],"location_quality":"dokładny","gunb_url":"https://wyszukiwarka.gunb.gov.pl/","parcel_count":3,"parcel_shard":"x074-y208","parcel_id":"300901_1.0001.AR_50.3/3","location_source":"powiat kolski (wfs)"}},{"type":"Feature","id":"ST-WK-KO/WNIOSEK/21535/2025::300901_1.0001.AR_50.3/4","geometry":{"type":"Polygon","coordinates":[[[18.6235681728198,52.1895072296387],[18.6237088295769,52.1892546453846],[18.6234456558685,52.1892268014682],[18.6228556956339,52.1891617231447],[18.621143760807,52.188988203425],[18.6205092114749,52.1889127182951],[18.6200279914658,52.188863387828],[18.6199755638577,52.1888580009382],[18.6199031987386,52.1891119296523],[18.6235681728198,52.1895072296387]]]},"properties":{"case_id":"ST-WK-KO/WNIOSEK/21535/2025","source_type":"wniosek_decyzja","received_date":"2025-10-22","decision_date":"2025-12-12","status":"decyzja wydana","description":"Budowa 3 budynków mieszkalnych jednorodzinnych dwulokalowych w ramach zespołu 70 budynków mieszkalnych jednorodzinnych dwulokalowych w zabudowie szeregowej wraz z instalacjami i urządzeniami technicznymi","address":"Koło","city":"Koło","office":"Starosta Powiatu Koło","case_kind":"Budynek mieszkalny jednorodzinny","parcel_ids":["300901_1.0001.AR_50.16/3","300901_1.0001.AR_50.16/4","300901_1.0001.AR_50.17/1","300901_1.0001.AR_50.3/3","300901_1.0001.AR_50.3/4","300901_1.0001.AR_50.3/5"],"location_quality":"dokładny","gunb_url":"https://wyszukiwarka.gunb.gov.pl/","parcel_count":3,"parcel_shard":"x074-y208","parcel_id":"300901_1.0001.AR_50.3/4","location_source":"powiat kolski (wfs)"}},{"type":"Feature","id":"ST-WK-KO/WNIOSEK/21535/2025::300901_1.0001.AR_50.3/5","geometry":{"type":"Polygon","coordinates":[[[18.6183083478471,52.1888282810851],[18.6184485606223,52.1890370540677],[18.6210370545584,52.1893169131417],[18.6235238048677,52.1895867373402],[18.6235681728198,52.1895072296387],[18.6199031987386,52.1891119296523],[18.6185412940192,52.1889646648281],[18.6183559646217,52.1886871912507],[18.6183083478471,52.1888282810851]]]},"properties":{"case_id":"ST-WK-KO/WNIOSEK/21535/2025","source_type":"wniosek_decyzja","received_date":"2025-10-22","decision_date":"2025-12-12","status":"decyzja wydana","description":"Budowa 3 budynków mieszkalnych jednorodzinnych dwulokalowych w ramach zespołu 70 budynków mieszkalnych jednorodzinnych dwulokalowych w zabudowie szeregowej wraz z instalacjami i urządzeniami technicznymi","address":"Koło","city":"Koło","office":"Starosta Powiatu Koło","case_kind":"Budynek mieszkalny jednorodzinny","parcel_ids":["300901_1.0001.AR_50.16/3","300901_1.0001.AR_50.16/4","300901_1.0001.AR_50.17/1","300901_1.0001.AR_50.3/3","300901_1.0001.AR_50.3/4","300901_1.0001.AR_50.3/5"],"location_quality":"dokładny","gunb_url":"https://wyszukiwarka.gunb.gov.pl/","parcel_count":3,"parcel_shard":"x074-y208","parcel_id":"300901_1.0001.AR_50.3/5","location_source":"powiat kolski (wfs)"}},{"type":"Feature","id":"ST-WK-KO/WNIOSEK/21285/2025::300901_1.0001.AR_50.3/3","geometry":{"type":"Polygon","coordinates":[[[18.6199755638577,52.1888580009382],[18.619910542093,52.1888513320086],[18.6198588468918,52.188846031098],[18.6197381756441,52.188833632517],[18.6196173582368,52.1888212345802],[18.619481017241,52.1888072103219],[18.6194486451607,52.1888033357231],[18.6183608805224,52.1886726050994],[18.6183559646217,52.1886871912507],[18.6185412940192,52.1889646648281],[18.6199031987386,52.1891119296523],[18.6199755638577,52.1888580009382]]]},"properties":{"case_id":"ST-WK-KO/WNIOSEK/21285/2025","source_type":"wniosek_decyzja","received_date":"2025-10-20","decision_date":"2025-12-12","status":"decyzja wydana","description":"Budowa 3 budynków mieszkalnych jednorodzinnych dwulokalowych w ramach zespołu 70 budynków mieszkalnych jednorodzinnych dwulokalowych w zabudowie szeregowej wraz z instalacjami i urządzeniami technicznymi","address":"Koło","city":"Koło","office":"Starosta Powiatu Koło","case_kind":"Budynek mieszkalny jednorodzinny","parcel_ids":["300901_1.0001.AR_50.16/3","300901_1.0001.AR_50.16/4","300901_1.0001.AR_50.17/1","300901_1.0001.AR_50.3/3","300901_1.0001.AR_50.3/4","300901_1.0001.AR_50.3/5"],"location_quality":"dokładny","gunb_url":"https://wyszukiwarka.gunb.gov.pl/","parcel_count":3,"parcel_shard":"x074-y208","parcel_id":"300901_1.0001.AR_50.3/3","location_source":"powiat kolski (wfs)"}},{"type":"Feature","id":"ST-WK-KO/WNIOSEK/21285/2025::300901_1.0001.AR_50.3/4","geometry":{"type":"Polygon","coordinates":[[[18.6235681728198,52.1895072296387],[18.6237088295769,52.1892546453846],[18.6234456558685,52.1892268014682],[18.6228556956339,52.1891617231447],[18.621143760807,52.188988203425],[18.6205092114749,52.1889127182951],[18.6200279914658,52.188863387828],[18.6199755638577,52.1888580009382],[18.6199031987386,52.1891119296523],[18.6235681728198,52.1895072296387]]]},"properties":{"case_id":"ST-WK-KO/WNIOSEK/21285/2025","source_type":"wniosek_decyzja","received_date":"2025-10-20","decision_date":"2025-12-12","status":"decyzja wydana","description":"Budowa 3 budynków mieszkalnych jednorodzinnych dwulokalowych w ramach zespołu 70 budynków mieszkalnych jednorodzinnych dwulokalowych w zabudowie szeregowej wraz z instalacjami i urządzeniami technicznymi","address":"Koło","city":"Koło","office":"Starosta Powiatu Koło","case_kind":"Budynek mieszkalny jednorodzinny","parcel_ids":["300901_1.0001.AR_50.16/3","300901_1.0001.AR_50.16/4","300901_1.0001.AR_50.17/1","300901_1.0001.AR_50.3/3","300901_1.0001.AR_50.3/4","300901_1.0001.AR_50.3/5"],"location_quality":"dokładny","gunb_url":"https://wyszukiwarka.gunb.gov.pl/","parcel_count":3,"parcel_shard":"x074-y208","parcel_id":"300901_1.0001.AR_50.3/4","location_source":"powiat kolski (wfs)"}},{"type":"Feature","id":"ST-WK-KO/WNIOSEK/21285/2025::300901_1.0001.AR_50.3/5","geometry":{"type":"Polygon","coordinates":[[[18.6183083478471,52.1888282810851],[18.6184485606223,52.1890370540677],[18.6210370545584,52.1893169131417],[18.6235238048677,52.1895867373402],[18.6235681728198,52.1895072296387],[18.6199031987386,52.1891119296523],[18.6185412940192,52.1889646648281],[18.6183559646217,52.1886871912507],[18.6183083478471,52.1888282810851]]]},"properties":{"case_id":"ST-WK-KO/WNIOSEK/21285/2025","source_type":"wniosek_decyzja","received_date":"2025-10-20","decision_date":"2025-12-12","status":"decyzja wydana","description":"Budowa 3 budynków mieszkalnych jednorodzinnych dwulokalowych w ramach zespołu 70 budynków mieszkalnych jednorodzinnych dwulokalowych w zabudowie szeregowej wraz z instalacjami i urządzeniami technicznymi","address":"Koło","city":"Koło","office":"Starosta Powiatu Koło","case_kind":"Budynek mieszkalny jednorodzinny","parcel_ids":["300901_1.0001.AR_50.16/3","300901_1.0001.AR_50.16/4","300901_1.0001.AR_50.17/1","300901_1.0001.AR_50.3/3","300901_1.0001.AR_50.3/4","300901_1.0001.AR_50.3/5"],"location_quality":"dokładny","gunb_url":"https://wyszukiwarka.gunb.gov.pl/","parcel_count":3,"parcel_shard":"x074-y208","parcel_id":"300901_1.0001.AR_50.3/5","location_source":"powiat kolski (wfs)"}},{"type":"Feature","id":"ST-WK-KO/WNIOSEK/21450/2025::300901_1.0001.AR_50.3/3","geometry":{"type":"Polygon","coordinates":[[[18.6199755638577,52.1888580009382],[18.619910542093,52.1888513320086],[18.6198588468918,52.188846031098],[18.6197381756441,52.188833632517],[18.6196173582368,52.1888212345802],[18.619481017241,52.1888072103219],[18.6194486451607,52.1888033357231],[18.6183608805224,52.1886726050994],[18.6183559646217,52.1886871912507],[18.6185412940192,52.1889646648281],[18.6199031987386,52.1891119296523],[18.6199755638577,52.1888580009382]]]},"properties":{"case_id":"ST-WK-KO/WNIOSEK/21450/2025","source_type":"wniosek_decyzja","received_date":"2025-10-21","decision_date":"2025-12-12","status":"decyzja wydana","description":"Budowa 3 budynków mieszkalnych jednorodzinnych dwulokalowych w ramach zespołu 70 budynków mieszkalnych jednorodzinnych dwulokalowych w zabudowie szeregowej wraz z instalacjami i urządzeniami technicznymi","address":"Koło","city":"Koło","office":"Starosta Powiatu Koło","case_kind":"Budynek mieszkalny jednorodzinny","parcel_ids":["300901_1.0001.16/3","300901_1.0001.16/4","300901_1.0001.17/1","300901_1.0001.3/4","300901_1.0001.3/5","300901_1.0001.AR_50.3/3"],"location_quality":"dokładny","gunb_url":"https://wyszukiwarka.gunb.gov.pl/","parcel_count":1,"parcel_shard":"x074-y208","parcel_id":"300901_1.0001.AR_50.3/3","location_source":"powiat kolski (wfs)"}},{"type":"Feature","id":"ST-WK-KO/WNIOSEK/21532/2025::300901_1.0001.AR_50.3/3","geometry":{"type":"Polygon","coordinates":[[[18.6199755638577,52.1888580009382],[18.619910542093,52.1888513320086],[18.6198588468918,52.188846031098],[18.6197381756441,52.188833632517],[18.6196173582368,52.1888212345802],[18.619481017241,52.1888072103219],[18.6194486451607,52.1888033357231],[18.6183608805224,52.1886726050994],[18.6183559646217,52.1886871912507],[18.6185412940192,52.1889646648281],[18.6199031987386,52.1891119296523],[18.6199755638577,52.1888580009382]]]},"properties":{"case_id":"ST-WK-KO/WNIOSEK/21532/2025","source_type":"wniosek_decyzja","received_date":"2025-10-22","decision_date":"2025-12-10","status":"decyzja wydana","description":"Budowa 3 budynków mieszkalnych jednorodzinnych dwulokalowych w ramach zespołu 70 budynków mieszkalnych jednorodzinnych dwulokalowych w zabudowie szeregowej wraz z instalacjami i urządzeniami technicznymi","address":"Koło","city":"Koło","office":"Starosta Powiatu Koło","case_kind":"Budynek mieszkalny jednorodzinny","parcel_ids":["300901_1.0001.AR_50.16/3","300901_1.0001.AR_50.16/4","300901_1.0001.AR_50.17/1","300901_1.0001.AR_50.3/3","300901_1.0001.AR_50.3/4","300901_1.0001.AR_50.3/5"],"location_quality":"dokładny","gunb_url":"https://wyszukiwarka.gunb.gov.pl/","parcel_count":3,"parcel_shard":"x074-y208","parcel_id":"300901_1.0001.AR_50.3/3","location_source":"powiat kolski (wfs)"}},{"type":"Feature","id":"ST-WK-KO/WNIOSEK/21532/2025::300901_1.0001.AR_50.3/4","geometry":{"type":"Polygon","coordinates":[[[18.6235681728198,52.1895072296387],[18.6237088295769,52.1892546453846],[18.6234456558685,52.1892268014682],[18.6228556956339,52.1891617231447],[18.621143760807,52.188988203425],[18.6205092114749,52.1889127182951],[18.6200279914658,52.188863387828],[18.6199755638577,52.1888580009382],[18.6199031987386,52.1891119296523],[18.6235681728198,52.1895072296387]]]},"properties":{"case_id":"ST-WK-KO/WNIOSEK/21532/2025","source_type":"wniosek_decyzja","received_date":"2025-10-22","decision_date":"2025-12-10","status":"decyzja wydana","description":"Budowa 3 budynków mieszkalnych jednorodzinnych dwulokalowych w ramach zespołu 70 budynków mieszkalnych jednorodzinnych dwulokalowych w zabudowie szeregowej wraz z instalacjami i urządzeniami technicznymi","address":"Koło","city":"Koło","office":"Starosta Powiatu Koło","case_kind":"Budynek mieszkalny jednorodzinny","parcel_ids":["300901_1.0001.AR_50.16/3","300901_1.0001.AR_50.16/4","300901_1.0001.AR_50.17/1","300901_1.0001.AR_50.3/3","300901_1.0001.AR_50.3/4","300901_1.0001.AR_50.3/5"],"location_quality":"dokładny","gunb_url":"https://wyszukiwarka.gunb.gov.pl/","parcel_count":3,"parcel_shard":"x074-y208","parcel_id":"300901_1.0001.AR_50.3/4","location_source":"powiat kolski (wfs)"}},{"type":"Feature","id":"ST-WK-KO/WNIOSEK/21532/2025::300901_1.0001.AR_50.3/5","geometry":{"type":"Polygon","coordinates":[[[18.6183083478471,52.1888282810851],[18.6184485606223,52.1890370540677],[18.6210370545584,52.1893169131417],[18.6235238048677,52.1895867373402],[18.6235681728198,52.1895072296387],[18.6199031987386,52.1891119296523],[18.6185412940192,52.1889646648281],[18.6183559646217,52.1886871912507],[18.6183083478471,52.1888282810851]]]},"properties":{"case_id":"ST-WK-KO/WNIOSEK/21532/2025","source_type":"wniosek_decyzja","received_date":"2025-10-22","decision_date":"2025-12-10","status":"decyzja wydana","description":"Budowa 3 budynków mieszkalnych jednorodzinnych dwulokalowych w ramach zespołu 70 budynków mieszkalnych jednorodzinnych dwulokalowych w zabudowie szeregowej wraz z instalacjami i urządzeniami technicznymi","address":"Koło","city":"Koło","office":"Starosta Powiatu Koło","case_kind":"Budynek mieszkalny jednorodzinny","parcel_ids":["300901_1.0001.AR_50.16/3","300901_1.0001.AR_50.16/4","300901_1.0001.AR_50.17/1","300901_1.0001.AR_50.3/3","300901_1.0001.AR_50.3/4","300901_1.0001.AR_50.3/5"],"location_quality":"dokładny","gunb_url":"https://wyszukiwarka.gunb.gov.pl/","parcel_count":3,"parcel_shard":"x074-y208","parcel_id":"300901_1.0001.AR_50.3/5","location_source":"powiat kolski (wfs)"}},{"type":"Feature","id":"ST-WK-KO/WNIOSEK/21534/2025::300901_1.0001.AR_50.3/3","geometry":{"type":"Polygon","coordinates":[[[18.6199755638577,52.1888580009382],[18.619910542093,52.1888513320086],[18.6198588468918,52.188846031098],[18.6197381756441,52.188833632517],[18.6196173582368,52.1888212345802],[18.619481017241,52.1888072103219],[18.6194486451607,52.1888033357231],[18.6183608805224,52.1886726050994],[18.6183559646217,52.1886871912507],[18.6185412940192,52.1889646648281],[18.6199031987386,52.1891119296523],[18.6199755638577,52.1888580009382]]]},"properties":{"case_id":"ST-WK-KO/WNIOSEK/21534/2025","source_type":"wniosek_decyzja","received_date":"2025-10-22","decision_date":"2025-12-15","status":"decyzja wydana","description":"Budowa 3 budynków mieszkalnych jednorodzinnych dwulokalowych w ramach zespołu 70 budynków mieszkalnych jednorodzinnych dwulokalowych w zabudowie szeregowej wraz z instalacjami i urządzeniami technicznymi","address":"Koło","city":"Koło","office":"Starosta Powiatu Koło","case_kind":"Budynek mieszkalny jednorodzinny","parcel_ids":["300901_1.0001.16/3","300901_1.0001.16/4","300901_1.0001.17/1","300901_1.0001.3/4","300901_1.0001.3/5","300901_1.0001.AR_50.3/3"],"location_quality":"dokładny","gunb_url":"https://wyszukiwarka.gunb.gov.pl/","parcel_count":1,"parcel_shard":"x074-y208","parcel_id":"300901_1.0001.AR_50.3/3","location_source":"powiat kolski (wfs)"}},{"type":"Feature","id":"ST-WK-KO/WNIOSEK/21417/2025::300901_1.0001.AR_50.3/3","geometry":{"type":"Polygon","coordinates":[[[18.6199755638577,52.1888580009382],[18.619910542093,52.1888513320086],[18.6198588468918,52.188846031098],[18.6197381756441,52.188833632517],[18.6196173582368,52.1888212345802],[18.619481017241,52.1888072103219],[18.6194486451607,52.1888033357231],[18.6183608805224,52.1886726050994],[18.6183559646217,52.1886871912507],[18.6185412940192,52.1889646648281],[18.6199031987386,52.1891119296523],[18.6199755638577,52.1888580009382]]]},"properties":{"case_id":"ST-WK-KO/WNIOSEK/21417/2025","source_type":"wniosek_decyzja","received_date":"2025-10-21","decision_date":"2025-12-11","status":"decyzja wydana","description":"Budowa 3 budynków mieszkalnych jednorodzinnych dwulokalowych w ramach zespołu 70 budynków mieszkalnych jednorodzinnych dwulokalowych w zabudowie szeregowej wraz z instalacjami i urządzeniami technicznymi","address":"Koło","city":"Koło","office":"Starosta Powiatu Koło","case_kind":"Budynek mieszkalny jednorodzinny","parcel_ids":["300901_1.0001.AR_50.16/3","300901_1.0001.AR_50.16/4","300901_1.0001.AR_50.17/1","300901_1.0001.AR_50.3/3","300901_1.0001.AR_50.3/4","300901_1.0001.AR_50.3/5"],"location_quality":"dokładny","gunb_url":"https://wyszukiwarka.gunb.gov.pl/","parcel_count":3,"parcel_shard":"x074-y208","parcel_id":"300901_1.0001.AR_50.3/3","location_source":"powiat kolski (wfs)"}},{"type":"Feature","id":"ST-WK-KO/WNIOSEK/21417/2025::300901_1.0001.AR_50.3/4","geometry":{"type":"Polygon","coordinates":[[[18.6235681728198,52.1895072296387],[18.6237088295769,52.1892546453846],[18.6234456558685,52.1892268014682],[18.6228556956339,52.1891617231447],[18.621143760807,52.188988203425],[18.6205092114749,52.1889127182951],[18.6200279914658,52.188863387828],[18.6199755638577,52.1888580009382],[18.6199031987386,52.1891119296523],[18.6235681728198,52.1895072296387]]]},"properties":{"case_id":"ST-WK-KO/WNIOSEK/21417/2025","source_type":"wniosek_decyzja","received_date":"2025-10-21","decision_date":"2025-12-11","status":"decyzja wydana","description":"Budowa 3 budynków mieszkalnych jednorodzinnych dwulokalowych w ramach zespołu 70 budynków mieszkalnych jednorodzinnych dwulokalowych w zabudowie szeregowej wraz z instalacjami i urządzeniami technicznymi","address":"Koło","city":"Koło","office":"Starosta Powiatu Koło","case_kind":"Budynek mieszkalny jednorodzinny","parcel_ids":["300901_1.0001.AR_50.16/3","300901_1.0001.AR_50.16/4","300901_1.0001.AR_50.17/1","300901_1.0001.AR_50.3/3","300901_1.0001.AR_50.3/4","300901_1.0001.AR_50.3/5"],"location_quality":"dokładny","gunb_url":"https://wyszukiwarka.gunb.gov.pl/","parcel_count":3,"parcel_shard":"x074-y208","parcel_id":"300901_1.0001.AR_50.3/4","location_source":"powiat kolski (wfs)"}},{"type":"Feature","id":"ST-WK-KO/WNIOSEK/21417/2025::300901_1.0001.AR_50.3/5","geometry":{"type":"Polygon","coordinates":[[[18.6183083478471,52.1888282810851],[18.6184485606223,52.1890370540677],[18.6210370545584,52.1893169131417],[18.6235238048677,52.1895867373402],[18.6235681728198,52.1895072296387],[18.6199031987386,52.1891119296523],[18.6185412940192,52.1889646648281],[18.6183559646217,52.1886871912507],[18.6183083478471,52.1888282810851]]]},"properties":{"case_id":"ST-WK-KO/WNIOSEK/21417/2025","source_type":"wniosek_decyzja","received_date":"2025-10-21","decision_date":"2025-12-11","status":"decyzja wydana","description":"Budowa 3 budynków mieszkalnych jednorodzinnych dwulokalowych w ramach zespołu 70 budynków mieszkalnych jednorodzinnych dwulokalowych w zabudowie szeregowej wraz z instalacjami i urządzeniami technicznymi","address":"Koło","city":"Koło","office":"Starosta Powiatu Koło","case_kind":"Budynek mieszkalny jednorodzinny","parcel_ids":["300901_1.0001.AR_50.16/3","300901_1.0001.AR_50.16/4","300901_1.0001.AR_50.17/1","300901_1.0001.AR_50.3/3","300901_1.0001.AR_50.3/4","300901_1.0001.AR_50.3/5"],"location_quality":"dokładny","gunb_url":"https://wyszukiwarka.gunb.gov.pl/","parcel_count":3,"parcel_shard":"x074-y208","parcel_id":"300901_1.0001.AR_50.3/5","location_source":"powiat kolski (wfs)"}},{"type":"Feature","id":"ST-WK-KO/WNIOSEK/21446/2025::300901_1.0001.AR_50.3/3","geometry":{"type":"Polygon","coordinates":[[[18.6199755638577,52.1888580009382],[18.619910542093,52.1888513320086],[18.6198588468918,52.188846031098],[18.6197381756441,52.188833632517],[18.6196173582368,52.1888212345802],[18.619481017241,52.1888072103219],[18.6194486451607,52.1888033357231],[18.6183608805224,52.1886726050994],[18.6183559646217,52.1886871912507],[18.6185412940192,52.1889646648281],[18.6199031987386,52.1891119296523],[18.6199755638577,52.1888580009382]]]},"properties":{"case_id":"ST-WK-KO/WNIOSEK/21446/2025","source_type":"wniosek_decyzja","received_date":"2025-10-21","decision_date":"2025-12-12","status":"decyzja wydana","description":"Budowa 3 budynków mieszkalnych jednorodzinnych dwulokalowych w ramach zespołu 70 budynków mieszkalnych jednorodzinnych dwulokalowych w zabudowie szeregowej wraz z instalacjami i urządzeniami technicznymi","address":"Koło","city":"Koło","office":"Starosta Powiatu Koło","case_kind":"Budynek mieszkalny jednorodzinny","parcel_ids":["300901_1.0001.AR_50.16/3","300901_1.0001.AR_50.16/4","300901_1.0001.AR_50.17/1","300901_1.0001.AR_50.3/3","300901_1.0001.AR_50.3/4","300901_1.0001.AR_50.3/5"],"location_quality":"dokładny","gunb_url":"https://wyszukiwarka.gunb.gov.pl/","parcel_count":3,"parcel_shard":"x074-y208","parcel_id":"300901_1.0001.AR_50.3/3","location_source":"powiat kolski (wfs)"}},{"type":"Feature","id":"ST-WK-KO/WNIOSEK/21446/2025::300901_1.0001.AR_50.3/4","geometry":{"type":"Polygon","coordinates":[[[18.6235681728198,52.1895072296387],[18.6237088295769,52.1892546453846],[18.6234456558685,52.1892268014682],[18.6228556956339,52.1891617231447],[18.621143760807,52.188988203425],[18.6205092114749,52.1889127182951],[18.6200279914658,52.188863387828],[18.6199755638577,52.1888580009382],[18.6199031987386,52.1891119296523],[18.6235681728198,52.1895072296387]]]},"properties":{"case_id":"ST-WK-KO/WNIOSEK/21446/2025","source_type":"wniosek_decyzja","received_date":"2025-10-21","decision_date":"2025-12-12","status":"decyzja wydana","description":"Budowa 3 budynków mieszkalnych jednorodzinnych dwulokalowych w ramach zespołu 70 budynków mieszkalnych jednorodzinnych dwulokalowych w zabudowie szeregowej wraz z instalacjami i urządzeniami technicznymi","address":"Koło","city":"Koło","office":"Starosta Powiatu Koło","case_kind":"Budynek mieszkalny jednorodzinny","parcel_ids":["300901_1.0001.AR_50.16/3","300901_1.0001.AR_50.16/4","300901_1.0001.AR_50.17/1","300901_1.0001.AR_50.3/3","300901_1.0001.AR_50.3/4","300901_1.0001.AR_50.3/5"],"location_quality":"dokładny","gunb_url":"https://wyszukiwarka.gunb.gov.pl/","parcel_count":3,"parcel_shard":"x074-y208","parcel_id":"300901_1.0001.AR_50.3/4","location_source":"powiat kolski (wfs)"}},{"type":"Feature","id":"ST-WK-KO/WNIOSEK/21446/2025::300901_1.0001.AR_50.3/5","geometry":{"type":"Polygon","coordinates":[[[18.6183083478471,52.1888282810851],[18.6184485606223,52.1890370540677],[18.6210370545584,52.1893169131417],[18.6235238048677,52.1895867373402],[18.6235681728198,52.1895072296387],[18.6199031987386,52.1891119296523],[18.6185412940192,52.1889646648281],[18.6183559646217,52.1886871912507],[18.6183083478471,52.1888282810851]]]},"properties":{"case_id":"ST-WK-KO/WNIOSEK/21446/2025","source_type":"wniosek_decyzja","received_date":"2025-10-21","decision_date":"2025-12-12","status":"decyzja wydana","description":"Budowa 3 budynków mieszkalnych jednorodzinnych dwulokalowych w ramach zespołu 70 budynków mieszkalnych jednorodzinnych dwulokalowych w zabudowie szeregowej wraz z instalacjami i urządzeniami technicznymi","address":"Koło","city":"Koło","office":"Starosta Powiatu Koło","case_kind":"Budynek mieszkalny jednorodzinny","parcel_ids":["300901_1.0001.AR_50.16/3","300901_1.0001.AR_50.16/4","300901_1.0001.AR_50.17/1","300901_1.0001.AR_50.3/3","300901_1.0001.AR_50.3/4","300901_1.0001.AR_50.3/5"],"location_quality":"dokładny","gunb_url":"https://wyszukiwarka.gunb.gov.pl/","parcel_count":3,"parcel_shard":"x074-y208","parcel_id":"300901_1.0001.AR_50.3/5","location_source":"powiat kolski (wfs)"}},{"type":"Feature","id":"ST-WK-KO/WNIOSEK/21520/2025::300901_1.0001.AR_50.3/3","geometry":{"type":"Polygon","coordinates":[[[18.6199755638577,52.1888580009382],[18.619910542093,52.1888513320086],[18.6198588468918,52.188846031098],[18.6197381756441,52.188833632517],[18.6196173582368,52.1888212345802],[18.619481017241,52.1888072103219],[18.6194486451607,52.1888033357231],[18.6183608805224,52.1886726050994],[18.6183559646217,52.1886871912507],[18.6185412940192,52.1889646648281],[18.6199031987386,52.1891119296523],[18.6199755638577,52.1888580009382]]]},"properties":{"case_id":"ST-WK-KO/WNIOSEK/21520/2025","source_type":"wniosek_decyzja","received_date":"2025-10-22","decision_date":"2025-12-15","status":"decyzja wydana","description":"Budowa 3 budynków mieszkalnych jednorodzinnych dwulokalowych w ramach zespołu 70 budynków mieszkalnych jednorodzinnych dwulokalowych w zabudowie szeregowej wraz z instalacjami i urządzeniami technicznymi","address":"Koło","city":"Koło","office":"Starosta Powiatu Koło","case_kind":"Budynek mieszkalny jednorodzinny","parcel_ids":["300901_1.0001.AR_50.16/3","300901_1.0001.AR_50.16/4","300901_1.0001.AR_50.17/1","300901_1.0001.AR_50.3/3","300901_1.0001.AR_50.3/4","300901_1.0001.AR_50.3/5"],"location_quality":"dokładny","gunb_url":"https://wyszukiwarka.gunb.gov.pl/","parcel_count":3,"parcel_shard":"x074-y208","parcel_id":"300901_1.0001.AR_50.3/3","location_source":"powiat kolski (wfs)"}},{"type":"Feature","id":"ST-WK-KO/WNIOSEK/21520/2025::300901_1.0001.AR_50.3/4","geometry":{"type":"Polygon","coordinates":[[[18.6235681728198,52.1895072296387],[18.6237088295769,52.1892546453846],[18.6234456558685,52.1892268014682],[18.6228556956339,52.1891617231447],[18.621143760807,52.188988203425],[18.6205092114749,52.1889127182951],[18.6200279914658,52.188863387828],[18.6199755638577,52.1888580009382],[18.6199031987386,52.1891119296523],[18.6235681728198,52.1895072296387]]]},"properties":{"case_id":"ST-WK-KO/WNIOSEK/21520/2025","source_type":"wniosek_decyzja","received_date":"2025-10-22","decision_date":"2025-12-15","status":"decyzja wydana","description":"Budowa 3 budynków mieszkalnych jednorodzinnych dwulokalowych w ramach zespołu 70 budynków mieszkalnych jednorodzinnych dwulokalowych w zabudowie szeregowej wraz z instalacjami i urządzeniami technicznymi","address":"Koło","city":"Koło","office":"Starosta Powiatu Koło","case_kind":"Budynek mieszkalny jednorodzinny","parcel_ids":["300901_1.0001.AR_50.16/3","300901_1.0001.AR_50.16/4","300901_1.0001.AR_50.17/1","300901_1.0001.AR_50.3/3","300901_1.0001.AR_50.3/4","300901_1.0001.AR_50.3/5"],"location_quality":"dokładny","gunb_url":"https://wyszukiwarka.gunb.gov.pl/","parcel_count":3,"parcel_shard":"x074-y208","parcel_id":"300901_1.0001.AR_50.3/4","location_source":"powiat kolski (wfs)"}},{"type":"Feature","id":"ST-WK-KO/WNIOSEK/21520/2025::300901_1.0001.AR_50.3/5","geometry":{"type":"Polygon","coordinates":[[[18.6183083478471,52.1888282810851],[18.6184485606223,52.1890370540677],[18.6210370545584,52.1893169131417],[18.6235238048677,52.1895867373402],[18.6235681728198,52.1895072296387],[18.6199031987386,52.1891119296523],[18.6185412940192,52.1889646648281],[18.6183559646217,52.1886871912507],[18.6183083478471,52.1888282810851]]]},"properties":{"case_id":"ST-WK-KO/WNIOSEK/21520/2025","source_type":"wniosek_decyzja","received_date":"2025-10-22","decision_date":"2025-12-15","status":"decyzja wydana","description":"Budowa 3 budynków mieszkalnych jednorodzinnych dwulokalowych w ramach zespołu 70 budynków mieszkalnych jednorodzinnych dwulokalowych w zabudowie szeregowej wraz z instalacjami i urządzeniami technicznymi","address":"Koło","city":"Koło","office":"Starosta Powiatu Koło","case_kind":"Budynek mieszkalny jednorodzinny","parcel_ids":["300901_1.0001.AR_50.16/3","300901_1.0001.AR_50.16/4","300901_1.0001.AR_50.17/1","300901_1.0001.AR_50.3/3","300901_1.0001.AR_50.3/4","300901_1.0001.AR_50.3/5"],"location_quality":"dokładny","gunb_url":"https://wyszukiwarka.gunb.gov.pl/","parcel_count":3,"parcel_shard":"x074-y208","parcel_id":"300901_1.0001.AR_50.3/5","location_source":"powiat kolski (wfs)"}},{"type":"Feature","id":"ST-WK-KO/WNIOSEK/2918/2026::300901_1.0001.AR_50.53/3","geometry":{"type":"Polygon","coordinates":[[[18.6261236932982,52.1871872867141],[18.6259375930373,52.1874677303552],[18.6258772751679,52.1876239106877],[18.6258402074605,52.1877196473502],[18.625839236494,52.1877309021771],[18.6258192294176,52.1878354384042],[18.6257641695716,52.188165508986],[18.6259959661123,52.1881740934891],[18.6260294831201,52.1879536191512],[18.6263471945508,52.1879633027277],[18.6265048081164,52.1879982847125],[18.6264649356897,52.1881937794756],[18.626913424619,52.1882134413654],[18.6271779344903,52.1882174367628],[18.6274434743394,52.1882081972602],[18.6277067808092,52.1881846977763],[18.6279658190535,52.1881472416483],[18.6280352720027,52.1881331470211],[18.6282716260477,52.1877110659078],[18.6282831703263,52.1876907351499],[18.6278491215657,52.1875897434542],[18.6262429679321,52.1872153487138],[18.6261236932982,52.1871872867141]]]},"properties":{"case_id":"ST-WK-KO/WNIOSEK/2918/2026","source_type":"wniosek_decyzja","received_date":"2026-02-18","decision_date":"2026-02-25","status":"decyzja wydana","description":"Przebudowa zaplecza szatniowo-sanitarnego w budynku Szkoły Podstawowej nr 2 im. A. Mickiewicza z oddziałami przedszkolnymi i sportowymi","address":"Józefa Poniatowskiego, Koło","city":"Koło","office":"Starosta Powiatu Koło","case_kind":"Obiekt budowlany inny niż budynek mieszkalny jednorodzinny","parcel_ids":["300901_1.0001.AR_50.53/3"],"location_quality":"dokładny","gunb_url":"https://wyszukiwarka.gunb.gov.pl/","parcel_count":1,"parcel_shard":"x074-y208","parcel_id":"300901_1.0001.AR_50.53/3","location_source":"powiat kolski (wfs)"}},{"type":"Feature","id":"ST-WK-KO/WNIOSEK/12650/2026::300901_1.0001.AR_50.98","geometry":{"type":"Polygon","coordinates":[[[18.6271208553743,52.1867885301514],[18.6269319208483,52.1871578540022],[18.6270003461128,52.1871738073798],[18.6271977777355,52.1868047926091],[18.6278655852067,52.1869462519375],[18.6281599290371,52.1864822180465],[18.6277667184624,52.1861350865626],[18.6273480058313,52.1857773480948],[18.6267758438434,52.1866661037383],[18.6267479020907,52.1867095420291],[18.6268684000202,52.1867388417053],[18.6271208553743,52.1867885301514]]]},"properties":{"case_id":"ST-WK-KO/WNIOSEK/12650/2026","source_type":"wniosek_decyzja","received_date":"2026-07-03","decision_date":"2026-07-21","status":"decyzja wydana","description":"Remont bramy cmentarnej na cmentarzu ewangelickim w Kole","address":"Koło","city":"Koło","office":"Starosta Powiatu Koło","case_kind":"Obiekt budowlany inny niż budynek mieszkalny jednorodzinny","parcel_ids":["300901_1.0001.AR_50.98"],"location_quality":"dokładny","gunb_url":"https://wyszukiwarka.gunb.gov.pl/","parcel_count":1,"parcel_shard":"x074-y208","parcel_id":"300901_1.0001.AR_50.98","location_source":"powiat kolski (wfs)"}},{"type":"Feature","id":"ST-WK-KO/WNIOSEK/5628/2026::300901_1.0001.AR_52.9","geometry":{"type":"Polygon","coordinates":[[[18.6356871236659,52.1836396333116],[18.6354961207385,52.183623470728],[18.63526258126,52.1836079233198],[18.6351648119252,52.1836064876965],[18.6351256650969,52.1837976556355],[18.6351532577469,52.1837998054624],[18.6354567613162,52.1838230938078],[18.6356364001815,52.1838369274702],[18.6356871236659,52.1836396333116]]]},"properties":{"case_id":"ST-WK-KO/WNIOSEK/5628/2026","source_type":"wniosek_decyzja","received_date":"2026-03-26","decision_date":"2026-04-23","status":"decyzja wydana","description":"Rozbudowa i zmiana konstrukcji dachu budynku mieszkalnego jednorodzinnego","address":"Koło","city":"Koło","office":"Starosta Powiatu Koło","case_kind":"Budynek mieszkalny jednorodzinny","parcel_ids":["300901_1.0001.AR_52.9"],"location_quality":"dokładny","gunb_url":"https://wyszukiwarka.gunb.gov.pl/","parcel_count":1,"parcel_shard":"x074-y208","parcel_id":"300901_1.0001.AR_52.9","location_source":"powiat kolski (wfs)"}},{"type":"Feature","id":"ST-WK-KO/WNIOSEK/11746/2026::300901_1.0001.AR_54.115","geometry":{"type":"Polygon","coordinates":[[[18.6374046770616,52.1709233132451],[18.6380208728909,52.1709885602704],[18.6380276071204,52.170897296365],[18.637843573869,52.1708771698793],[18.6377369912651,52.1708656123822],[18.6373885695111,52.1708292966511],[18.6374046770616,52.1709233132451]]]},"properties":{"case_id":"ST-WK-KO/WNIOSEK/11746/2026","source_type":"wniosek_decyzja","received_date":"2026-06-22","decision_date":"2026-08-10","status":"decyzja wydana","description":"Rozbudowa budynku mieszkalnego jednorodzinnego wraz z instalacją gazu płynnego naziemnego (zbiornik 2700l)","address":"Koło","city":"Koło","office":"Starosta Powiatu Koło","case_kind":"Budynek mieszkalny jednorodzinny","parcel_ids":["300901_1.0001.AR_54.115"],"location_quality":"dokładny","gunb_url":"https://wyszukiwarka.gunb.gov.pl/","parcel_count":1,"parcel_shard":"x074-y208","parcel_id":"300901_1.0001.AR_54.115","location_source":"powiat kolski (wfs)"}},{"type":"Feature","id":"ST-WK-KO/WNIOSEK/26353/2025::300901_1.0001.AR_6.16/5","geometry":{"type":"Polygon","coordinates":[[[18.6162213025942,52.2177970933656],[18.6159539101455,52.2180582765084],[18.6160022558186,52.2181892467814],[18.6161459074814,52.218259860456],[18.6176172648725,52.2170526520141],[18.6172084129622,52.2168772094452],[18.6162213025942,52.2177970933656]]]},"properties":{"case_id":"ST-WK-KO/WNIOSEK/26353/2025","source_type":"wniosek_decyzja","received_date":"2025-12-30","decision_date":"2026-02-12","status":"decyzja wydana","description":"Zmiana sposobu użytkowania budynku magazynowo- biurowego na budynek magazynowo-produkcyjno-biurowy","address":"Koło","city":"Koło","office":"Starosta Powiatu Koło","case_kind":"Obiekt budowlany inny niż budynek mieszkalny jednorodzinny","parcel_ids":["300901_1.0001.AR_6.16/5","300901_1.0001.AR_6.16/7"],"location_quality":"dokładny","gunb_url":"https://wyszukiwarka.gunb.gov.pl/","parcel_count":2,"parcel_shard":"x074-y208","parcel_id":"300901_1.0001.AR_6.16/5","location_source":"powiat kolski (wfs)"}},{"type":"Feature","id":"ST-WK-KO/WNIOSEK/26353/2025::300901_1.0001.AR_6.16/7","geometry":{"type":"Polygon","coordinates":[[[18.6180859815979,52.2172472115686],[18.6176172648725,52.2170526520141],[18.6161459074814,52.218259860456],[18.6163333197474,52.2183520859152],[18.6166284993016,52.2184595667026],[18.6180859815979,52.2172472115686]]]},"properties":{"case_id":"ST-WK-KO/WNIOSEK/26353/2025","source_type":"wniosek_decyzja","received_date":"2025-12-30","decision_date":"2026-02-12","status":"decyzja wydana","description":"Zmiana sposobu użytkowania budynku magazynowo- biurowego na budynek magazynowo-produkcyjno-biurowy","address":"Koło","city":"Koło","office":"Starosta Powiatu Koło","case_kind":"Obiekt budowlany inny niż budynek mieszkalny jednorodzinny","parcel_ids":["300901_1.0001.AR_6.16/5","300901_1.0001.AR_6.16/7"],"location_quality":"dokładny","gunb_url":"https://wyszukiwarka.gunb.gov.pl/","parcel_count":2,"parcel_shard":"x074-y208","parcel_id":"300901_1.0001.AR_6.16/7","location_source":"powiat kolski (wfs)"}},{"type":"Feature","id":"ST-WK-KO/WNIOSEK/22776/2025::300901_1.0001.AR_9.28","geometry":{"type":"Polygon","coordinates":[[[18.6037929947826,52.2140274115746],[18.6037600481324,52.2139999875968],[18.6036914251243,52.2139429364175],[18.6035846887873,52.2138540500521],[18.6034615547951,52.2137514952877],[18.6033227857558,52.2136359789064],[18.6032798176166,52.213600176975],[18.6028772309699,52.2137879967842],[18.6027673116418,52.2138354623216],[18.6025936217877,52.2139178627536],[18.6023872928082,52.2138816667066],[18.6012015020209,52.2144223668137],[18.6008364714659,52.2145887985257],[18.6003972258679,52.2147890741138],[18.5999955812287,52.2149721028321],[18.5996286751469,52.2151393702202],[18.5991630052357,52.2153516690678],[18.5998621785352,52.2159243326082],[18.599300425794,52.2161828800369],[18.5986201120393,52.2164959493669],[18.5987937928713,52.2168543743208],[18.5988029678688,52.2168770616944],[18.5989456841446,52.2171792583247],[18.5993369593446,52.2175122050527],[18.5998238784997,52.2172895767899],[18.600049159151,52.2171868690159],[18.6002742924424,52.2170841615576],[18.6004995698003,52.2169813630545],[18.6008906656232,52.2168046000884],[18.6012819700049,52.2166258727686],[18.6021146829552,52.2162459294516],[18.6025507524244,52.2160465083462],[18.6025718233495,52.216036185057],[18.6027562244291,52.2159524355526],[18.6028550500675,52.2159073146302],[18.6029538048693,52.2158621889351],[18.6030222750443,52.215830953277],[18.6030905988305,52.2157997199626],[18.6032128309734,52.2157416745478],[18.6035371353941,52.2155941438157],[18.6037958029118,52.2154775857113],[18.6041127352815,52.2153328776994],[18.604280529408,52.2152562353564],[18.6044101422774,52.2151970286411],[18.6049197079261,52.2149655722944],[18.6046586193318,52.2147481882605],[18.6045113129678,52.2146255388858],[18.6043751182428,52.2145121393702],[18.6042302686692,52.2143915084597],[18.6040845112196,52.2142701729481],[18.6039516607003,52.2141595955173],[18.6037929947826,52.2140274115746]]]},"properties":{"case_id":"ST-WK-KO/WNIOSEK/22776/2025","source_type":"wniosek_decyzja","received_date":"2025-11-06","decision_date":"2025-12-01","status":"decyzja wydana","description":"Zmiana decyzji nr 305.2024 z dnia 24.07.2024r. pozwolenia na budowę instalacji fotowoltaicznej na gruncie o mocy do 0,5MW wraz z niezbędną infrastrukturą techniczną  wg projektu zmian","address":"Koło","city":"Koło","office":"Starosta Powiatu Koło","case_kind":"Obiekt budowlany inny niż budynek mieszkalny jednorodzinny","parcel_ids":["300901_1.0001.AR_9.28","300901_1.0001.AR_9.29/1","300901_1.0001.AR_9.30/1"],"location_quality":"dokładny","gunb_url":"https://wyszukiwarka.gunb.gov.pl/","parcel_count":3,"parcel_shard":"x074-y208","parcel_id":"300901_1.0001.AR_9.28","location_source":"powiat kolski (wfs)"}},{"type":"Feature","id":"ST-WK-KO/WNIOSEK/22776/2025::300901_1.0001.AR_9.29/1","geometry":{"type":"Polygon","coordinates":[[[18.5988317197198,52.2151943258604],[18.5986280203929,52.2152599459349],[18.5981389936556,52.2154806223036],[18.5986201120393,52.2164959493669],[18.599300425794,52.2161828800369],[18.5988317197198,52.2151943258604]]]},"properties":{"case_id":"ST-WK-KO/WNIOSEK/22776/2025","source_type":"wniosek_decyzja","received_date":"2025-11-06","decision_date":"2025-12-01","status":"decyzja wydana","description":"Zmiana decyzji nr 305.2024 z dnia 24.07.2024r. pozwolenia na budowę instalacji fotowoltaicznej na gruncie o mocy do 0,5MW wraz z niezbędną infrastrukturą techniczną  wg projektu zmian","address":"Koło","city":"Koło","office":"Starosta Powiatu Koło","case_kind":"Obiekt budowlany inny niż budynek mieszkalny jednorodzinny","parcel_ids":["300901_1.0001.AR_9.28","300901_1.0001.AR_9.29/1","300901_1.0001.AR_9.30/1"],"location_quality":"dokładny","gunb_url":"https://wyszukiwarka.gunb.gov.pl/","parcel_count":3,"parcel_shard":"x074-y208","parcel_id":"300901_1.0001.AR_9.29/1","location_source":"powiat kolski (wfs)"}},{"type":"Feature","id":"ST-WK-KO/WNIOSEK/22776/2025::300901_1.0001.AR_9.30/1","geometry":{"type":"Polygon","coordinates":[[[18.5995363443952,52.2149703174973],[18.5988484659532,52.2151889286598],[18.5988317197198,52.2151943258604],[18.599300425794,52.2161828800369],[18.5998621785352,52.2159243326082],[18.5991630052357,52.2153516690678],[18.5996286751469,52.2151393702202],[18.5995363443952,52.2149703174973]]]},"properties":{"case_id":"ST-WK-KO/WNIOSEK/22776/2025","source_type":"wniosek_decyzja","received_date":"2025-11-06","decision_date":"2025-12-01","status":"decyzja wydana","description":"Zmiana decyzji nr 305.2024 z dnia 24.07.2024r. pozwolenia na budowę instalacji fotowoltaicznej na gruncie o mocy do 0,5MW wraz z niezbędną infrastrukturą techniczną  wg projektu zmian","address":"Koło","city":"Koło","office":"Starosta Powiatu Koło","case_kind":"Obiekt budowlany inny niż budynek mieszkalny jednorodzinny","parcel_ids":["300901_1.0001.AR_9.28","300901_1.0001.AR_9.29/1","300901_1.0001.AR_9.30/1"],"location_quality":"dokładny","gunb_url":"https://wyszukiwarka.gunb.gov.pl/","parcel_count":3,"parcel_shard":"x074-y208","parcel_id":"300901_1.0001.AR_9.30/1","location_source":"powiat kolski (wfs)"}},{"type":"Feature","id":"ST-WK-KO/WNIOSEK/25507/2025::300904_5.0005.AR_1.268/2","geometry":{"type":"Polygon","coordinates":[[[18.7418839624794,52.1056542044637],[18.7349183982385,52.1086307257192],[18.7351456671654,52.1087541531848],[18.7353061844635,52.1088395275866],[18.7353197458805,52.1088475322734],[18.7354796327382,52.1087792144008],[18.7354518269835,52.108757187316],[18.7354052300104,52.108719817953],[18.7352081209551,52.10855746435],[18.7354115093848,52.1084715283269],[18.735523370326,52.1085629582728],[18.7387884202564,52.1071697068963],[18.7420271771362,52.1057874952023],[18.7418839624794,52.1056542044637]]]},"properties":{"case_id":"ST-WK-KO/WNIOSEK/25507/2025","source_type":"wniosek_decyzja","received_date":"2025-12-17","decision_date":"2026-01-20","status":"decyzja wydana","description":"Rozbudowa i nadbudowa budynku mieszkalnego jednorodzinnego i rozbiórka dwóch budynków gospodarczych i zbiornika na ścieki socjalne o poj. 10m3","address":"Chełmno","city":"Chełmno","office":"Starosta Powiatu Koło","case_kind":"Budynek mieszkalny jednorodzinny","parcel_ids":["300904_5.0005.AR_1.268/2"],"location_quality":"dokładny","gunb_url":"https://wyszukiwarka.gunb.gov.pl/","parcel_count":1,"parcel_shard":"x074-y208","parcel_id":"300904_5.0005.AR_1.268/2","location_source":"powiat kolski (wfs)"}},{"type":"Feature","id":"ST-WK-KO/WNIOSEK/8385/2026::300904_5.0015.AR_1.429","geometry":{"type":"Polygon","coordinates":[[[18.7163375984264,52.1024480147106],[18.7168265145963,52.1023283372153],[18.716291528626,52.101415258946],[18.7157795827484,52.1014575430514],[18.7163375984264,52.1024480147106]]]},"properties":{"case_id":"ST-WK-KO/WNIOSEK/8385/2026","source_type":"wniosek_decyzja","received_date":"2026-05-04","decision_date":"2026-05-29","status":"decyzja wydana","description":"Budowa budynku stolarni wraz z infrastrukturą techniczną i  zagospodarowaniem działki","address":"Lutomirów","city":"Lutomirów","office":"Starosta Powiatu Koło","case_kind":"Obiekt budowlany inny niż budynek mieszkalny jednorodzinny","parcel_ids":["300904_5.0015.AR_1.429"],"location_quality":"dokładny","gunb_url":"https://wyszukiwarka.gunb.gov.pl/","parcel_count":1,"parcel_shard":"x074-y208","parcel_id":"300904_5.0015.AR_1.429","location_source":"powiat kolski (wfs)"}},{"type":"Feature","id":"ST-WK-KO/WNIOSEK/6812/2026::300904_5.0018.AR_1.229/2","geometry":{"type":"Polygon","coordinates":[[[18.7001674782607,52.1474642349661],[18.7024711773979,52.148247458168],[18.7027868117717,52.1477959085915],[18.6996382658086,52.1467057347196],[18.6994592814395,52.1468327005875],[18.7004179923671,52.1471869685681],[18.7001674782607,52.1474642349661]]]},"properties":{"case_id":"ST-WK-KO/WNIOSEK/6812/2026","source_type":"wniosek_decyzja","received_date":"2026-04-10","decision_date":"2026-05-11","status":"decyzja wydana","description":"Budowa budynku mieszkalnego jednorodzinnego , gotowego \"Dom przy Bukowej 51\" oraz zbiornika na nieczystości ciekłe o poj. do 10m3","address":"Majdany","city":"Majdany","office":"Starosta Powiatu Koło","case_kind":"Budynek mieszkalny jednorodzinny","parcel_ids":["300904_5.0018.AR_1.229/2"],"location_quality":"dokładny","gunb_url":"https://wyszukiwarka.gunb.gov.pl/","parcel_count":1,"parcel_shard":"x074-y208","parcel_id":"300904_5.0018.AR_1.229/2","location_source":"powiat kolski (wfs)"}},{"type":"Feature","id":"ST-WK-KO/WNIOSEK/8360/2026::300904_5.0020.AR_1.48","geometry":{"type":"Polygon","coordinates":[[[18.7401570456181,52.1368392179215],[18.7386364887569,52.1367244466063],[18.7386955261137,52.1368761542697],[18.738855326156,52.1372824007761],[18.7393335984883,52.1384760693513],[18.7398131918845,52.1396685590812],[18.7402932628046,52.1408618526101],[18.7418102287691,52.1409979270433],[18.7401570456181,52.1368392179215]]]},"properties":{"case_id":"ST-WK-KO/WNIOSEK/8360/2026","source_type":"wniosek_decyzja","received_date":"2026-05-04","decision_date":"2026-07-06","status":"decyzja wydana","description":"Budowa wiaty gospodarczej","address":"Rzuchów","city":"Rzuchów","office":"Starosta Powiatu Koło","case_kind":"Obiekt budowlany inny niż budynek mieszkalny jednorodzinny","parcel_ids":["300904_5.0020.AR_1.48"],"location_quality":"dokładny","gunb_url":"https://wyszukiwarka.gunb.gov.pl/","parcel_count":1,"parcel_shard":"x074-y208","parcel_id":"300904_5.0020.AR_1.48","location_source":"powiat kolski (wfs)"}},{"type":"Feature","id":"ST-WK-KO/WNIOSEK/17404/2025::300905_2.0002.121","geometry":{"type":"Polygon","coordinates":[[[18.7117437156627,52.2362157116402],[18.7120210698527,52.2362028041606],[18.7123945857208,52.2338205634076],[18.7124721984756,52.2332135766018],[18.7123528537114,52.2332071235582],[18.7121632296346,52.2334321555895],[18.7120959840533,52.233876921513],[18.7117437156627,52.2362157116402]]]},"properties":{"case_id":"ST-WK-KO/WNIOSEK/17404/2025","source_type":"wniosek_decyzja","received_date":"2025-08-26","decision_date":"2025-09-08","status":"decyzja wydana","description":"Rozbudowa budynku mieszkalnego jednorodzinnego o dwa balkony","address":"Bylice-Kolonia","city":"Bylice-Kolonia","office":"Starosta Powiatu Koło","case_kind":"Budynek mieszkalny jednorodzinny","parcel_ids":["300905_2.0002.121","300905_2.0002.128/3"],"location_quality":"dokładny","gunb_url":"https://wyszukiwarka.gunb.gov.pl/","parcel_count":2,"parcel_shard":"x074-y208","parcel_id":"300905_2.0002.121","location_source":"powiat kolski (wfs)"}},{"type":"Feature","id":"ST-WK-KO/WNIOSEK/17404/2025::300905_2.0002.128/3","geometry":{"type":"Polygon","coordinates":[[[18.7124721984756,52.2332135766018],[18.7123945857208,52.2338205634076],[18.7126059192087,52.2338176699616],[18.7126853900027,52.2332225527396],[18.7124721984756,52.2332135766018]]]},"properties":{"case_id":"ST-WK-KO/WNIOSEK/17404/2025","source_type":"wniosek_decyzja","received_date":"2025-08-26","decision_date":"2025-09-08","status":"decyzja wydana","description":"Rozbudowa budynku mieszkalnego jednorodzinnego o dwa balkony","address":"Bylice-Kolonia","city":"Bylice-Kolonia","office":"Starosta Powiatu Koło","case_kind":"Budynek mieszkalny jednorodzinny","parcel_ids":["300905_2.0002.121","300905_2.0002.128/3"],"location_quality":"dokładny","gunb_url":"https://wyszukiwarka.gunb.gov.pl/","parcel_count":2,"parcel_shard":"x074-y208","parcel_id":"300905_2.0002.128/3","location_source":"powiat kolski (wfs)"}},{"type":"Feature","id":"ST-WK-KO/WNIOSEK/7064/2026::300905_2.0002.195/4","geometry":{"type":"Polygon","coordinates":[[[18.7058129373772,52.2253546985858],[18.7072343407339,52.2256668776883],[18.707710181107,52.2229163404946],[18.7072664120569,52.2227020330571],[18.7072222950231,52.223001863545],[18.7068725050814,52.2229824779188],[18.7068977322342,52.2228108380325],[18.7065406200599,52.2227910458861],[18.7061920041559,52.2227717410978],[18.7060715700374,52.2235956107083],[18.7058129373772,52.2253546985858]]]},"properties":{"case_id":"ST-WK-KO/WNIOSEK/7064/2026","source_type":"wniosek_decyzja","received_date":"2026-04-15","decision_date":"2026-05-22","status":"decyzja wydana","description":"Zmiana decyzji nr 197.2025 z dnia 20.05.2025r. pozwolenia na budowę elektrowni słonecznej - fotowoltaicznej o mocy do 8MW wraz z infrastrukturą towarzyszącą w tym stacjami transformatorowymi i magazynami energii  wg projektu zmian","address":"Boguszyniec","city":"Boguszyniec","office":"Starosta Powiatu Koło","case_kind":"Obiekt budowlany inny niż budynek mieszkalny jednorodzinny","parcel_ids":["300905_2.0002.AR_1.195/4"],"location_quality":"dokładny","gunb_url":"https://wyszukiwarka.gunb.gov.pl/","parcel_count":1,"parcel_shard":"x074-y208","parcel_id":"300905_2.0002.195/4","location_source":"powiat kolski (wfs)"}},{"type":"Feature","id":"ST-WK-KO/WNIOSEK/21480/2025::300905_2.0008.AR_1.30/6","geometry":{"type":"Polygon","coordinates":[[[18.6965287994014,52.2132705473236],[18.6969088889416,52.2133987177827],[18.6971704787531,52.2131447028828],[18.6968793837006,52.2129905720609],[18.6968169557307,52.2130404639615],[18.6965287994014,52.2132705473236]]]},"properties":{"case_id":"ST-WK-KO/WNIOSEK/21480/2025","source_type":"wniosek_decyzja","received_date":"2025-10-21","decision_date":"2025-12-02","status":"decyzja wydana","description":"Budowa budynku mieszkalnego jednorodzinnego i zbiornika na nieczystości płynne","address":"Grzegorzew","city":"Grzegorzew","office":"Starosta Powiatu Koło","case_kind":"Budynek mieszkalny jednorodzinny","parcel_ids":["300905_2.0008.AR_1.30/6"],"location_quality":"dokładny","gunb_url":"https://wyszukiwarka.gunb.gov.pl/","parcel_count":1,"parcel_shard":"x074-y208","parcel_id":"300905_2.0008.AR_1.30/6","location_source":"powiat kolski (wfs)"}},{"type":"Feature","id":"ST-WK-KO/WNIOSEK/12392/2026::300905_2.0008.AR_2.1402/1","geometry":{"type":"Polygon","coordinates":[[[18.7407094356797,52.1990891701652],[18.7409393407196,52.1991277713388],[18.741032499412,52.1991425074503],[18.7426055470622,52.1993903191683],[18.7426608855686,52.1989326006403],[18.7426422836326,52.1988942639598],[18.7425770117484,52.1989034974221],[18.7408897328265,52.1989188744521],[18.7407094356797,52.1990891701652]]]},"properties":{"case_id":"ST-WK-KO/WNIOSEK/12392/2026","source_type":"wniosek_decyzja","received_date":"2026-07-01","decision_date":"2026-07-31","status":"decyzja wydana","description":"Instalacja gazowa wewnętrzna i zewnętrzna wraz z zbiornikiem naziemnym gazu płynnego V=2700dm3 dla budynku mieszkalnego jednorodzinnego","address":"Grzegorzew","city":"Grzegorzew","office":"Starosta Powiatu Koło","case_kind":"Budynek mieszkalny jednorodzinny","parcel_ids":["300905_2.0008.AR_2.1402/1"],"location_quality":"dokładny","gunb_url":"https://wyszukiwarka.gunb.gov.pl/","parcel_count":1,"parcel_shard":"x074-y208","parcel_id":"300905_2.0008.AR_2.1402/1","location_source":"powiat kolski (wfs)"}},{"type":"Feature","id":"ST-WK-KO/WNIOSEK/4292/2026::300905_2.0008.AR_2.1407","geometry":{"type":"Polygon","coordinates":[[[18.7470356643758,52.2030730480117],[18.7480698510237,52.2030618228613],[18.7480823942168,52.2029724931733],[18.7481018459309,52.2028328771402],[18.7481294032157,52.2026358666982],[18.7481386683255,52.2025691174928],[18.7465378863966,52.2025858165454],[18.7470356643758,52.2030730480117]]]},"properties":{"case_id":"ST-WK-KO/WNIOSEK/4292/2026","source_type":"wniosek_decyzja","received_date":"2026-03-09","decision_date":"2026-04-17","status":"decyzja wydana","description":"Budowa budynku mieszkalnego jednorodzinnego wg projektu powtarzalnego \"Homekoncept 96\" wraz z towarzyszącą infrastrykturą techniczną","address":"Grzegorzew","city":"Grzegorzew","office":"Starosta Powiatu Koło","case_kind":"Budynek mieszkalny jednorodzinny","parcel_ids":["300905_2.0008.AR_2.1407"],"location_quality":"dokładny","gunb_url":"https://wyszukiwarka.gunb.gov.pl/","parcel_count":1,"parcel_shard":"x074-y208","parcel_id":"300905_2.0008.AR_2.1407","location_source":"powiat kolski (wfs)"}},{"type":"Feature","id":"ST-WK-KO/WNIOSEK/9940/2026::300905_2.0008.AR_4.2013","geometry":{"type":"Polygon","coordinates":[[[18.7358514702301,52.2070071907203],[18.7358784051024,52.2068426338743],[18.7358806738508,52.2068283884058],[18.735490514402,52.2068063259426],[18.7354469220944,52.2068035789819],[18.7354172658224,52.2069821193121],[18.7358514702301,52.2070071907203]]]},"properties":{"case_id":"ST-WK-KO/WNIOSEK/9940/2026","source_type":"wniosek_decyzja","received_date":"2026-05-26","decision_date":"2026-06-19","status":"decyzja wydana","description":"Rozbudowa budynku mieszkalnego wraz z zagospodarowaniem terenu","address":"Grzegorzew","city":"Grzegorzew","office":"Starosta Powiatu Koło","case_kind":"Budynek mieszkalny jednorodzinny","parcel_ids":["300905_2.0008.AR_4.2013"],"location_quality":"dokładny","gunb_url":"https://wyszukiwarka.gunb.gov.pl/","parcel_count":1,"parcel_shard":"x074-y208","parcel_id":"300905_2.0008.AR_4.2013","location_source":"powiat kolski (wfs)"}},{"type":"Feature","id":"ST-WK-KO/WNIOSEK/7968/2026::300905_2.0008.AR_6.819","geometry":{"type":"Polygon","coordinates":[[[18.733673920545,52.203194850691],[18.7343726207746,52.2032476019879],[18.7344895331742,52.202603422076],[18.7336803278649,52.2026641777691],[18.733673920545,52.203194850691]]]},"properties":{"case_id":"ST-WK-KO/WNIOSEK/7968/2026","source_type":"wniosek_decyzja","received_date":"2026-04-28","decision_date":"2026-06-15","status":"decyzja wydana","description":"Renowacja ogrodzenia terenu kościoła parafialnego pw.Wniebowzięcia Najświętszej Marii Panny w Grzegorzewie","address":"Grzegorzew","city":"Grzegorzew","office":"Starosta Powiatu Koło","case_kind":"Obiekt budowlany inny niż budynek mieszkalny jednorodzinny","parcel_ids":["300905_2.0008.AR_6.819","300908_2.0008.AR_6.860","300908_2.0008.AR_6.992/3"],"location_quality":"dokładny","gunb_url":"https://wyszukiwarka.gunb.gov.pl/","parcel_count":1,"parcel_shard":"x074-y208","parcel_id":"300905_2.0008.AR_6.819","location_source":"powiat kolski (wfs)"}},{"type":"Feature","id":"ST-WK-KO/WNIOSEK/9842/2026::300905_2.0008.AR_7.935/2","geometry":{"type":"Polygon","coordinates":[[[18.7294918836387,52.2014049943496],[18.7293066013492,52.2013947263161],[18.7293747072867,52.2015233752214],[18.7294150926743,52.201593343973],[18.7294915452566,52.2016393991184],[18.7295966600054,52.2016500706638],[18.7295970712298,52.2014108992991],[18.7294918836387,52.2014049943496]]]},"properties":{"case_id":"ST-WK-KO/WNIOSEK/9842/2026","source_type":"wniosek_decyzja","received_date":"2026-05-25","decision_date":"2026-08-17","status":"decyzja wydana","description":"Budowa budynku handlowo-usługowego i myjni samochodowej wraz z infrastrukturą","address":"Grzegorzew","city":"Grzegorzew","office":"Starosta Powiatu Koło","case_kind":"Obiekt budowlany inny niż budynek mieszkalny jednorodzinny","parcel_ids":["300905_2.0008.AR_7.935/2","300905_2.0008.AR_7.939/2","300905_2.0008.AR_7.952/2","300905_2.0008.AR_7.953/2","300905_2.0008.AR_7.954/2","300905_2.0008.AR_7.955/3"],"location_quality":"dokładny","gunb_url":"https://wyszukiwarka.gunb.gov.pl/","parcel_count":6,"parcel_shard":"x074-y208","parcel_id":"300905_2.0008.AR_7.935/2","location_source":"powiat kolski (wfs)"}},{"type":"Feature","id":"ST-WK-KO/WNIOSEK/9842/2026::300905_2.0008.AR_7.939/2","geometry":{"type":"Polygon","coordinates":[[[18.7305066298979,52.2017096038539],[18.7305467187147,52.2014678544254],[18.7303585252145,52.2014547704824],[18.7301190378021,52.2014399522209],[18.7301103714983,52.2015823426827],[18.7301039044414,52.2016866623817],[18.7305066298979,52.2017096038539]]]},"properties":{"case_id":"ST-WK-KO/WNIOSEK/9842/2026","source_type":"wniosek_decyzja","received_date":"2026-05-25","decision_date":"2026-08-17","status":"decyzja wydana","description":"Budowa budynku handlowo-usługowego i myjni samochodowej wraz z infrastrukturą","address":"Grzegorzew","city":"Grzegorzew","office":"Starosta Powiatu Koło","case_kind":"Obiekt budowlany inny niż budynek mieszkalny jednorodzinny","parcel_ids":["300905_2.0008.AR_7.935/2","300905_2.0008.AR_7.939/2","300905_2.0008.AR_7.952/2","300905_2.0008.AR_7.953/2","300905_2.0008.AR_7.954/2","300905_2.0008.AR_7.955/3"],"location_quality":"dokładny","gunb_url":"https://wyszukiwarka.gunb.gov.pl/","parcel_count":6,"parcel_shard":"x074-y208","parcel_id":"300905_2.0008.AR_7.939/2","location_source":"powiat kolski (wfs)"}},{"type":"Feature","id":"ST-WK-KO/WNIOSEK/9842/2026::300905_2.0008.AR_7.952/2","geometry":{"type":"Polygon","coordinates":[[[18.7293225737283,52.2007001716217],[18.729001049968,52.2007164376296],[18.7293066013492,52.2013947263161],[18.7294918836387,52.2014049943496],[18.7293225737283,52.2007001716217]]]},"properties":{"case_id":"ST-WK-KO/WNIOSEK/9842/2026","source_type":"wniosek_decyzja","received_date":"2026-05-25","decision_date":"2026-08-17","status":"decyzja wydana","description":"Budowa budynku handlowo-usługowego i myjni samochodowej wraz z infrastrukturą","address":"Grzegorzew","city":"Grzegorzew","office":"Starosta Powiatu Koło","case_kind":"Obiekt budowlany inny niż budynek mieszkalny jednorodzinny","parcel_ids":["300905_2.0008.AR_7.935/2","300905_2.0008.AR_7.939/2","300905_2.0008.AR_7.952/2","300905_2.0008.AR_7.953/2","300905_2.0008.AR_7.954/2","300905_2.0008.AR_7.955/3"],"location_quality":"dokładny","gunb_url":"https://wyszukiwarka.gunb.gov.pl/","parcel_count":6,"parcel_shard":"x074-y208","parcel_id":"300905_2.0008.AR_7.952/2","location_source":"powiat kolski (wfs)"}},{"type":"Feature","id":"ST-WK-KO/WNIOSEK/9842/2026::300905_2.0008.AR_7.953/2","geometry":{"type":"Polygon","coordinates":[[[18.7293225737283,52.2007001716217],[18.7294918836387,52.2014049943496],[18.7295970712298,52.2014108992991],[18.7296771746458,52.2014153373932],[18.729582520265,52.2006870201777],[18.7293225737283,52.2007001716217]]]},"properties":{"case_id":"ST-WK-KO/WNIOSEK/9842/2026","source_type":"wniosek_decyzja","received_date":"2026-05-25","decision_date":"2026-08-17","status":"decyzja wydana","description":"Budowa budynku handlowo-usługowego i myjni samochodowej wraz z infrastrukturą","address":"Grzegorzew","city":"Grzegorzew","office":"Starosta Powiatu Koło","case_kind":"Obiekt budowlany inny niż budynek mieszkalny jednorodzinny","parcel_ids":["300905_2.0008.AR_7.935/2","300905_2.0008.AR_7.939/2","300905_2.0008.AR_7.952/2","300905_2.0008.AR_7.953/2","300905_2.0008.AR_7.954/2","300905_2.0008.AR_7.955/3"],"location_quality":"dokładny","gunb_url":"https://wyszukiwarka.gunb.gov.pl/","parcel_count":6,"parcel_shard":"x074-y208","parcel_id":"300905_2.0008.AR_7.953/2","location_source":"powiat kolski (wfs)"}},{"type":"Feature","id":"ST-WK-KO/WNIOSEK/9842/2026::300905_2.0008.AR_7.954/2","geometry":{"type":"Polygon","coordinates":[[[18.729582520265,52.2006870201777],[18.7296771746458,52.2014153373932],[18.7298169750461,52.2014230828358],[18.729946954977,52.2014303549324],[18.7298329944957,52.2006826809328],[18.729582520265,52.2006870201777]]]},"properties":{"case_id":"ST-WK-KO/WNIOSEK/9842/2026","source_type":"wniosek_decyzja","received_date":"2026-05-25","decision_date":"2026-08-17","status":"decyzja wydana","description":"Budowa budynku handlowo-usługowego i myjni samochodowej wraz z infrastrukturą","address":"Grzegorzew","city":"Grzegorzew","office":"Starosta Powiatu Koło","case_kind":"Obiekt budowlany inny niż budynek mieszkalny jednorodzinny","parcel_ids":["300905_2.0008.AR_7.935/2","300905_2.0008.AR_7.939/2","300905_2.0008.AR_7.952/2","300905_2.0008.AR_7.953/2","300905_2.0008.AR_7.954/2","300905_2.0008.AR_7.955/3"],"location_quality":"dokładny","gunb_url":"https://wyszukiwarka.gunb.gov.pl/","parcel_count":6,"parcel_shard":"x074-y208","parcel_id":"300905_2.0008.AR_7.954/2","location_source":"powiat kolski (wfs)"}},{"type":"Feature","id":"ST-WK-KO/WNIOSEK/9842/2026::300905_2.0008.AR_7.955/3","geometry":{"type":"Polygon","coordinates":[[[18.729946954977,52.2014303549324],[18.7301190378021,52.2014399522209],[18.7303585252145,52.2014547704824],[18.7302562388935,52.200663596602],[18.7299629526846,52.2006768258786],[18.7298329944957,52.2006826809328],[18.729946954977,52.2014303549324]]]},"properties":{"case_id":"ST-WK-KO/WNIOSEK/9842/2026","source_type":"wniosek_decyzja","received_date":"2026-05-25","decision_date":"2026-08-17","status":"decyzja wydana","description":"Budowa budynku handlowo-usługowego i myjni samochodowej wraz z infrastrukturą","address":"Grzegorzew","city":"Grzegorzew","office":"Starosta Powiatu Koło","case_kind":"Obiekt budowlany inny niż budynek mieszkalny jednorodzinny","parcel_ids":["300905_2.0008.AR_7.935/2","300905_2.0008.AR_7.939/2","300905_2.0008.AR_7.952/2","300905_2.0008.AR_7.953/2","300905_2.0008.AR_7.954/2","300905_2.0008.AR_7.955/3"],"location_quality":"dokładny","gunb_url":"https://wyszukiwarka.gunb.gov.pl/","parcel_count":6,"parcel_shard":"x074-y208","parcel_id":"300905_2.0008.AR_7.955/3","location_source":"powiat kolski (wfs)"}},{"type":"Feature","id":"ST-WK-KO/WNIOSEK/25399/2025::300905_2.0009.479","geometry":{"type":"Polygon","coordinates":[[[18.7367707416576,52.2354597760366],[18.7368184523694,52.2351112735739],[18.7368926633289,52.2345694973092],[18.7361152326614,52.2345184434238],[18.7359816517602,52.2354343322948],[18.7367707416576,52.2354597760366]]]},"properties":{"case_id":"ST-WK-KO/WNIOSEK/25399/2025","source_type":"wniosek_decyzja","received_date":"2025-12-16","decision_date":"2026-02-11","status":"decyzja wydana","description":"Rozbudowa budynku magazynowego na paszę","address":"Kiełczewek","city":"Kiełczewek","office":"Starosta Powiatu Koło","case_kind":"Obiekt budowlany inny niż budynek mieszkalny jednorodzinny","parcel_ids":["300905_2.0009.479"],"location_quality":"dokładny","gunb_url":"https://wyszukiwarka.gunb.gov.pl/","parcel_count":1,"parcel_shard":"x074-y208","parcel_id":"300905_2.0009.479","location_source":"powiat kolski (wfs)"}},{"type":"Feature","id":"ST-WK-KO/WNIOSEK/22998/2025::300905_2.0009.5/3","geometry":{"type":"Polygon","coordinates":[[[18.7200023730803,52.2330799147172],[18.7197107548961,52.2330655349937],[18.7196526012131,52.2335123141616],[18.719942546872,52.2335252844126],[18.7200023730803,52.2330799147172]]]},"properties":{"case_id":"ST-WK-KO/WNIOSEK/22998/2025","source_type":"wniosek_decyzja","received_date":"2025-11-12","decision_date":"2025-12-17","status":"decyzja wydana","description":"Rozbudowa z nadbudową budynku mieszkalnego jednorodzinnego i zbiornik bezodpływowy na ścieki 10m3","address":"Kiełczewek","city":"Kiełczewek","office":"Starosta Powiatu Koło","case_kind":"Budynek mieszkalny jednorodzinny","parcel_ids":["300905_2.0009.AR_1.5/3"],"location_quality":"dokładny","gunb_url":"https://wyszukiwarka.gunb.gov.pl/","parcel_count":1,"parcel_shard":"x074-y208","parcel_id":"300905_2.0009.5/3","location_source":"powiat kolski (wfs)"}},{"type":"Feature","id":"ST-WK-KO/ZGŁOSZENIE/1573/2026::300907_2.0001.15","geometry":{"type":"Polygon","coordinates":[[[18.6354757928772,52.2450465073677],[18.6355490248348,52.2451436208001],[18.635837097575,52.2451526727658],[18.6368157601161,52.2451834195194],[18.6374560543418,52.2452035363501],[18.6377671458732,52.2452133014954],[18.6381608137064,52.2452256518404],[18.6389769038869,52.2452506011863],[18.6393877753104,52.2452631601248],[18.6397472819465,52.2452866394793],[18.6405617265143,52.2453100853219],[18.6403688706678,52.2447245341432],[18.6395523420218,52.2446986234589],[18.6362488191564,52.2445933861268],[18.6351210372575,52.2445760566298],[18.6354757928772,52.2450465073677]]]},"properties":{"case_id":"ST-WK-KO/ZGŁOSZENIE/1573/2026","source_type":"zgloszenie","received_date":"2026-05-20","decision_date":null,"status":"Brak sprzeciwu","description":"Budowa sieci wodociągowej i sieci kanalizacji sanitarnej","address":"Koło","city":"Koło","office":"Starosta Powiatu Koło","case_kind":"budowa nowego/nowych obiektów budowlanych","parcel_ids":["300907_2.0001.11/4","300907_2.0001.14/10","300907_2.0001.14/12","300907_2.0001.14/14","300907_2.0001.15","300907_2.0001.42/2","300907_2.0001.44/3","300907_2.0001.49/2","300907_2.0001.50/4","300907_2.0001.51/8","300907_2.0001.7/9"],"location_quality":"dokładny","gunb_url":"https://wyszukiwarka.gunb.gov.pl/","parcel_count":1,"parcel_shard":"x074-y208","parcel_id":"300907_2.0001.15","location_source":"powiat kolski (wfs)"}},{"type":"Feature","id":"ST-WK-KO/WNIOSEK/18006/2025::300907_2.0002.5/16","geometry":{"type":"Polygon","coordinates":[[[18.5963948784179,52.2372437956384],[18.5964744048523,52.2370128820628],[18.5960206608937,52.2369602833932],[18.5959254759913,52.2372560939195],[18.5961365655381,52.237281436216],[18.5962025029473,52.2372619344904],[18.5962151450129,52.2372222601131],[18.5963948784179,52.2372437956384]]]},"properties":{"case_id":"ST-WK-KO/WNIOSEK/18006/2025","source_type":"wniosek_decyzja","received_date":"2025-09-04","decision_date":"2025-09-25","status":"decyzja wydana","description":"Zmiana decyzji nr 515.2020 z dniaa 29.09.2020r. pozwolenia na budowę budynku mieszkalnego jednorodzinnego i zbiornika sanitarnego na ścieki bytowe V=10,00m3  zakresie zmiany ogrzewania - instalacja gazowa wewnętrzna i zewnętrzna wraz z zbiornikiem naziemnym gazu płynnego V=2700dm3 do budynku mieszkalnego jednorodzinnego  wg projektu zmian","address":"Borki","city":"Borki","office":"Starosta Powiatu Koło","case_kind":"Budynek mieszkalny jednorodzinny","parcel_ids":["300907_2.0002.AR_1.5/16"],"location_quality":"dokładny","gunb_url":"https://wyszukiwarka.gunb.gov.pl/","parcel_count":1,"parcel_shard":"x074-y208","parcel_id":"300907_2.0002.5/16","location_source":"powiat kolski (wfs)"}},{"type":"Feature","id":"ST-WK-KO/WNIOSEK/3127/2026::300907_2.0003.104/8","geometry":{"type":"Polygon","coordinates":[[[18.6542219909541,52.2349622615441],[18.6542031451685,52.2353233176283],[18.6541842462516,52.2356807788458],[18.6546686387494,52.235689777577],[18.6547438588257,52.235646171702],[18.654766992375,52.2349730872386],[18.6542219909541,52.2349622615441]]]},"properties":{"case_id":"ST-WK-KO/WNIOSEK/3127/2026","source_type":"wniosek_decyzja","received_date":"2026-02-20","decision_date":"2026-04-02","status":"decyzja wydana","description":"Zmiana decyzji nr 578.2011 z dnia 03.11.2011r. Pozwolenia na budowę budynku mieszkalnego jednorodzinnego w zakresie ogrzewania - instalacja gazowa wewnętrzna i zewnętrzna wraz z zbiornikiem naziemnym gzu płunnego V=4850 dm3 dla budynku mieszkalnego jednorodzinnego wg projektu zmian","address":"Czołowo","city":"Czołowo","office":"Starosta Powiatu Koło","case_kind":"Budynek mieszkalny jednorodzinny","parcel_ids":["300907_2.0003.104/8"],"location_quality":"dokładny","gunb_url":"https://wyszukiwarka.gunb.gov.pl/","parcel_count":1,"parcel_shard":"x074-y208","parcel_id":"300907_2.0003.104/8","location_source":"powiat kolski (wfs)"}},{"type":"Feature","id":"ST-WK-KO/WNIOSEK/25278/2025::300907_2.0003.132/13","geometry":{"type":"Polygon","coordinates":[[[18.6599464063317,52.2358538971641],[18.6603169890963,52.2358583858776],[18.6603156043504,52.2358341264524],[18.6602915570918,52.2354270218658],[18.6600280732995,52.2354282257799],[18.6600327341491,52.2355055850359],[18.6599200404739,52.235507383526],[18.6599445826511,52.2358296401889],[18.6599464063317,52.2358538971641]]]},"properties":{"case_id":"ST-WK-KO/WNIOSEK/25278/2025","source_type":"wniosek_decyzja","received_date":"2025-12-15","decision_date":"2026-02-13","status":"decyzja wydana","description":"Budowa budynku mieszkalnego jednorodzinnego, budynku gospodarczo-garażowego , zbiornika bezodpływowego na ścieki, naziemnego zbiornika na gaz płynny V=2700l","address":"Czołowo","city":"Czołowo","office":"Starosta Powiatu Koło","case_kind":"Budynek mieszkalny jednorodzinny","parcel_ids":["300907_2.0003.132/13"],"location_quality":"dokładny","gunb_url":"https://wyszukiwarka.gunb.gov.pl/","parcel_count":1,"parcel_shard":"x074-y208","parcel_id":"300907_2.0003.132/13","location_source":"powiat kolski (wfs)"}},{"type":"Feature","id":"ST-WK-KO/WNIOSEK/3470/2026::300907_2.0003.184","geometry":{"type":"Polygon","coordinates":[[[18.6606732449343,52.2419503226586],[18.6606717649233,52.2419772751232],[18.6608692335892,52.241954190131],[18.6614248292401,52.2420443027633],[18.661377895416,52.2419642269118],[18.661213683437,52.2416837175501],[18.6606937678193,52.2415968442631],[18.6606755021444,52.241909906835],[18.6606747957969,52.2419226587339],[18.6606732449343,52.2419503226586]]]},"properties":{"case_id":"ST-WK-KO/WNIOSEK/3470/2026","source_type":"wniosek_decyzja","received_date":"2026-02-26","decision_date":"2026-06-12","status":"decyzja wydana","description":"Budowa budynku mieszkalnego jednorodzinnego","address":"Czołowo","city":"Czołowo","office":"Starosta Powiatu Koło","case_kind":"Budynek mieszkalny jednorodzinny","parcel_ids":["300907_2.0003.184"],"location_quality":"dokładny","gunb_url":"https://wyszukiwarka.gunb.gov.pl/","parcel_count":1,"parcel_shard":"x074-y208","parcel_id":"300907_2.0003.184","location_source":"powiat kolski (wfs)"}},{"type":"Feature","id":"ST-WK-KO/WNIOSEK/13718/2026::300907_2.0003.23/2","geometry":{"type":"Polygon","coordinates":[[[18.6627730301518,52.2443876948737],[18.6626166726397,52.2441165500139],[18.662172482842,52.2442128403176],[18.6623275328046,52.244484277404],[18.6627730301518,52.2443876948737]]]},"properties":{"case_id":"ST-WK-KO/WNIOSEK/13718/2026","source_type":"wniosek_decyzja","received_date":"2026-07-20","decision_date":"2026-08-10","status":"decyzja wydana","description":"Budowa budynku mieszkalnego jednorodzinnego i szamba","address":"Czołowo","city":"Czołowo","office":"Starosta Powiatu Koło","case_kind":"Budynek mieszkalny jednorodzinny","parcel_ids":["300907_2.0003.23/2"],"location_quality":"dokładny","gunb_url":"https://wyszukiwarka.gunb.gov.pl/","parcel_count":1,"parcel_shard":"x074-y208","parcel_id":"300907_2.0003.23/2","location_source":"powiat kolski (wfs)"}},{"type":"Feature","id":"ST-WK-KO/WNIOSEK/23524/2025::300907_2.0003.74/1","geometry":{"type":"Polygon","coordinates":[[[18.6383773004895,52.2348449000071],[18.6389379567769,52.2349870201278],[18.6389954272452,52.2341367296012],[18.6389974703675,52.2341057105124],[18.6383773004895,52.2348449000071]]]},"properties":{"case_id":"ST-WK-KO/WNIOSEK/23524/2025","source_type":"wniosek_decyzja","received_date":"2025-11-20","decision_date":"2026-01-12","status":"decyzja wydana","description":"Zmiana deyzji nr 138.2024 z dnia 17.04.2024r. pozwolenia na rozbudowę budynku mieszkalnego jednorodzinnego wg projektu zmian","address":"Czołowo","city":"Czołowo","office":"Starosta Powiatu Koło","case_kind":"Budynek mieszkalny jednorodzinny","parcel_ids":["300907_2.0003.74/1"],"location_quality":"dokładny","gunb_url":"https://wyszukiwarka.gunb.gov.pl/","parcel_count":1,"parcel_shard":"x074-y208","parcel_id":"300907_2.0003.74/1","location_source":"powiat kolski (wfs)"}},{"type":"Feature","id":"ST-WK-KO/WNIOSEK/17996/2025::300907_2.0004.395/9","geometry":{"type":"Polygon","coordinates":[[[18.6504521112523,52.2260531818681],[18.6505379938395,52.2262006358304],[18.6507617342879,52.226584763731],[18.65082970794,52.2265525725382],[18.6510928892869,52.2264242126132],[18.6508279435947,52.2259706618621],[18.6504521112523,52.2260531818681]]]},"properties":{"case_id":"ST-WK-KO/WNIOSEK/17996/2025","source_type":"wniosek_decyzja","received_date":"2025-09-04","decision_date":"2025-10-23","status":"decyzja wydana","description":"Instalacja gazowa wewnętrzna i zewnętrzna wraz z zbiornikiem naziemnym gazu płynnego V=2700dm3 dla budynku mieszkalnego jednorodzinnego","address":"Chojny","city":"Chojny","office":"Starosta Powiatu Koło","case_kind":"Budynek mieszkalny jednorodzinny","parcel_ids":["300907_2.0004.395/9"],"location_quality":"dokładny","gunb_url":"https://wyszukiwarka.gunb.gov.pl/","parcel_count":1,"parcel_shard":"x074-y208","parcel_id":"300907_2.0004.395/9","location_source":"powiat kolski (wfs)"}},{"type":"Feature","id":"ST-WK-KO/WNIOSEK/6159/2026::300907_2.0004.665/3","geometry":{"type":"Polygon","coordinates":[[[18.6504278004476,52.2102121363843],[18.6502322204747,52.2098704218131],[18.6500315842243,52.2099137811668],[18.6502275937355,52.2102553091864],[18.6504278004476,52.2102121363843]]]},"properties":{"case_id":"ST-WK-KO/WNIOSEK/6159/2026","source_type":"wniosek_decyzja","received_date":"2026-04-01","decision_date":"2026-05-04","status":"decyzja wydana","description":"Instalacja gazowa wewnętrzna i zewnętrzna wraz ze zbiornikiem naziemnym gazu płynnego V=2700l do budynku gospodarczo-garażowego na cele budynku mieszkalnego jednorodzinnego","address":"Chojny","city":"Chojny","office":"Starosta Powiatu Koło","case_kind":"Obiekt budowlany inny niż budynek mieszkalny jednorodzinny","parcel_ids":["300907_2.0004.665/3","300907_2.0004.665/4"],"location_quality":"dokładny","gunb_url":"https://wyszukiwarka.gunb.gov.pl/","parcel_count":2,"parcel_shard":"x074-y208","parcel_id":"300907_2.0004.665/3","location_source":"powiat kolski (wfs)"}},{"type":"Feature","id":"ST-WK-KO/WNIOSEK/6159/2026::300907_2.0004.665/4","geometry":{"type":"Polygon","coordinates":[[[18.6502322204747,52.2098704218131],[18.6500006391123,52.2094658323526],[18.6490759602179,52.2078505918784],[18.6488460872044,52.2078415702005],[18.649797529253,52.2095061755751],[18.6500315842243,52.2099137811668],[18.6502322204747,52.2098704218131]]]},"properties":{"case_id":"ST-WK-KO/WNIOSEK/6159/2026","source_type":"wniosek_decyzja","received_date":"2026-04-01","decision_date":"2026-05-04","status":"decyzja wydana","description":"Instalacja gazowa wewnętrzna i zewnętrzna wraz ze zbiornikiem naziemnym gazu płynnego V=2700l do budynku gospodarczo-garażowego na cele budynku mieszkalnego jednorodzinnego","address":"Chojny","city":"Chojny","office":"Starosta Powiatu Koło","case_kind":"Obiekt budowlany inny niż budynek mieszkalny jednorodzinny","parcel_ids":["300907_2.0004.665/3","300907_2.0004.665/4"],"location_quality":"dokładny","gunb_url":"https://wyszukiwarka.gunb.gov.pl/","parcel_count":2,"parcel_shard":"x074-y208","parcel_id":"300907_2.0004.665/4","location_source":"powiat kolski (wfs)"}},{"type":"Feature","id":"ST-WK-KO/WNIOSEK/21623/2025::300907_2.0004.820/2","geometry":{"type":"Polygon","coordinates":[[[18.6837141781392,52.2104824533981],[18.6853327963267,52.2108739370568],[18.6853361372248,52.2107498944015],[18.6853364597514,52.2107408080091],[18.6853627228492,52.2097869564328],[18.684355883534,52.2097333044462],[18.684222586213,52.209727476697],[18.6836989457643,52.2104008939506],[18.6833260959547,52.2103079637918],[18.6832699530674,52.2103710447223],[18.6837141781392,52.2104824533981]]]},"properties":{"case_id":"ST-WK-KO/WNIOSEK/21623/2025","source_type":"wniosek_decyzja","received_date":"2025-10-23","decision_date":"2025-12-10","status":"decyzja wydana","description":"Rozbudowa budynku handlowo-usługowego o część magazynową","address":"Chojny","city":"Chojny","office":"Starosta Powiatu Koło","case_kind":"Obiekt budowlany inny niż budynek mieszkalny jednorodzinny","parcel_ids":["300907_2.0004.820/2"],"location_quality":"dokładny","gunb_url":"https://wyszukiwarka.gunb.gov.pl/","parcel_count":1,"parcel_shard":"x074-y208","parcel_id":"300907_2.0004.820/2","location_source":"powiat kolski (wfs)"}},{"type":"Feature","id":"ST-WK-KO/WNIOSEK/17870/2025::300907_2.0004.71/2","geometry":{"type":"Polygon","coordinates":[[[18.687386795806,52.2116238193925],[18.686688436744,52.2124105503213],[18.6873013860804,52.2126595419355],[18.6880573100593,52.2118016472219],[18.687386795806,52.2116238193925]]]},"properties":{"case_id":"ST-WK-KO/WNIOSEK/17870/2025","source_type":"wniosek_decyzja","received_date":"2025-09-02","decision_date":"2025-10-03","status":"decyzja wydana","description":"Budowa budynku mieszkalnego jednorodzinnego i zbiornika na ścieki sanitarne o poj. 10m3","address":"Chojny","city":"Chojny","office":"Starosta Powiatu Koło","case_kind":"Budynek mieszkalny jednorodzinny","parcel_ids":["300907_2.0004.AR_1.71/2"],"location_quality":"dokładny","gunb_url":"https://wyszukiwarka.gunb.gov.pl/","parcel_count":1,"parcel_shard":"x074-y208","parcel_id":"300907_2.0004.71/2","location_source":"powiat kolski (wfs)"}},{"type":"Feature","id":"ST-WK-KO/WNIOSEK/22328/2025::300907_2.0004.627/6","geometry":{"type":"Polygon","coordinates":[[[18.6475029119718,52.2097640982105],[18.646994129937,52.2095427723464],[18.6473726339868,52.2101807834442],[18.6477013589104,52.210111070087],[18.6475363138049,52.2098237939634],[18.6475029119718,52.2097640982105]]]},"properties":{"case_id":"ST-WK-KO/WNIOSEK/22328/2025","source_type":"wniosek_decyzja","received_date":"2025-10-30","decision_date":"2025-11-27","status":"decyzja wydana","description":"Budowa budynku gospodarczego","address":"Chojny","city":"Chojny","office":"Starosta Powiatu Koło","case_kind":"Obiekt budowlany inny niż budynek mieszkalny jednorodzinny","parcel_ids":["300907_2.0004.AR_2.627/6"],"location_quality":"dokładny","gunb_url":"https://wyszukiwarka.gunb.gov.pl/","parcel_count":1,"parcel_shard":"x074-y208","parcel_id":"300907_2.0004.627/6","location_source":"powiat kolski (wfs)"}},{"type":"Feature","id":"ST-WK-KO/WNIOSEK/1500/2026::300907_2.0005.11/4","geometry":{"type":"Polygon","coordinates":[[[18.5733568073602,52.2115219974493],[18.5751944204357,52.2111185487113],[18.5732762618108,52.2078673004412],[18.5729768171319,52.2079321624299],[18.5727401457709,52.2075116658892],[18.5723995617428,52.2074281135778],[18.5715277659775,52.2072140704701],[18.5712688268581,52.2071542470527],[18.5711275001788,52.2075566165238],[18.5709937556412,52.2075658678596],[18.5710399287617,52.2076452253407],[18.5710877978289,52.207727412257],[18.5733568073602,52.2115219974493]]]},"properties":{"case_id":"ST-WK-KO/WNIOSEK/1500/2026","source_type":"wniosek_decyzja","received_date":"2026-01-28","decision_date":"2026-03-16","status":"decyzja wydana","description":"Rozbudowa budynku inwentarskiego- obory o dojarnię","address":"Dzierawy","city":"Dzierawy","office":"Starosta Powiatu Koło","case_kind":"Obiekt budowlany inny niż budynek mieszkalny jednorodzinny","parcel_ids":["300907_2.0005.11/4"],"location_quality":"dokładny","gunb_url":"https://wyszukiwarka.gunb.gov.pl/","parcel_count":1,"parcel_shard":"x074-y208","parcel_id":"300907_2.0005.11/4","location_source":"powiat kolski (wfs)"}},{"type":"Feature","id":"ST-WK-KO/WNIOSEK/18386/2025::300907_2.0005.169","geometry":{"type":"Polygon","coordinates":[[[18.571100291323,52.2041826955373],[18.5706843673965,52.2041629945194],[18.5702378970207,52.2045894863597],[18.5698394128873,52.2049384479394],[18.569517109671,52.2051367839509],[18.5705860757761,52.2068909126812],[18.5710276551945,52.2069854383522],[18.5716464852849,52.2071184816837],[18.5725577139985,52.2073237991681],[18.573029463759,52.2074289839888],[18.571100291323,52.2041826955373]]]},"properties":{"case_id":"ST-WK-KO/WNIOSEK/18386/2025","source_type":"wniosek_decyzja","received_date":"2025-09-10","decision_date":"2025-10-01","status":"decyzja wydana","description":"Budowa budynku mieszkalnego jednorodzinnego i zbiornika na nieczystości płynne","address":"Dzierawy","city":"Dzierawy","office":"Starosta Powiatu Koło","case_kind":"Budynek mieszkalny jednorodzinny","parcel_ids":["300907_2.0005.169"],"location_quality":"dokładny","gunb_url":"https://wyszukiwarka.gunb.gov.pl/","parcel_count":1,"parcel_shard":"x074-y208","parcel_id":"300907_2.0005.169","location_source":"powiat kolski (wfs)"}},{"type":"Feature","id":"ST-WK-KO/WNIOSEK/20074/2025::300907_2.0005.254/1","geometry":{"type":"Polygon","coordinates":[[[18.597702077662,52.2059540640168],[18.5977537236401,52.206038726802],[18.5978321297861,52.2060209984422],[18.5978782152438,52.2060105388174],[18.5978261032615,52.2059252543026],[18.5977826346714,52.2059353117111],[18.597702077662,52.2059540640168]]]},"properties":{"case_id":"ST-WK-KO/WNIOSEK/20074/2025","source_type":"wniosek_decyzja","received_date":"2025-10-03","decision_date":"2025-10-23","status":"decyzja wydana","description":"Rozbudowa budynku mieszkalnego jednorodzinnego o taras nadziemny","address":"11, Dzierawy","city":"Dzierawy","office":"Starosta Powiatu Koło","case_kind":"Budynek mieszkalny jednorodzinny","parcel_ids":["300907_2.0005.254/1","300907_2.0005.254/2","300907_2.0005.254/3"],"location_quality":"dokładny","gunb_url":"https://wyszukiwarka.gunb.gov.pl/","parcel_count":3,"parcel_shard":"x074-y208","parcel_id":"300907_2.0005.254/1","location_source":"powiat kolski (wfs)"}},{"type":"Feature","id":"ST-WK-KO/WNIOSEK/20074/2025::300907_2.0005.254/2","geometry":{"type":"Polygon","coordinates":[[[18.5978321297861,52.2060209984422],[18.5977537236401,52.206038726802],[18.597702077662,52.2059540640168],[18.5977826346714,52.2059353117111],[18.5977816914509,52.2059337986192],[18.5976369855493,52.2056897135247],[18.5976685941409,52.2056829059182],[18.5973034934109,52.2050545402736],[18.5971211741471,52.205057154121],[18.5977262844168,52.2061015693343],[18.5978616704862,52.2060714959444],[18.5978321297861,52.2060209984422]]]},"properties":{"case_id":"ST-WK-KO/WNIOSEK/20074/2025","source_type":"wniosek_decyzja","received_date":"2025-10-03","decision_date":"2025-10-23","status":"decyzja wydana","description":"Rozbudowa budynku mieszkalnego jednorodzinnego o taras nadziemny","address":"11, Dzierawy","city":"Dzierawy","office":"Starosta Powiatu Koło","case_kind":"Budynek mieszkalny jednorodzinny","parcel_ids":["300907_2.0005.254/1","300907_2.0005.254/2","300907_2.0005.254/3"],"location_quality":"dokładny","gunb_url":"https://wyszukiwarka.gunb.gov.pl/","parcel_count":3,"parcel_shard":"x074-y208","parcel_id":"300907_2.0005.254/2","location_source":"powiat kolski (wfs)"}},{"type":"Feature","id":"ST-WK-KO/WNIOSEK/20074/2025::300907_2.0005.254/3","geometry":{"type":"Polygon","coordinates":[[[18.5978321297861,52.2060209984422],[18.5978616704862,52.2060714959444],[18.5980435078248,52.2060326650168],[18.5974652360683,52.205052090064],[18.5973034934109,52.2050545402736],[18.5976685941409,52.2056829059182],[18.5976369855493,52.2056897135247],[18.5977816914509,52.2059337986192],[18.5977826346714,52.2059353117111],[18.5978261032615,52.2059252543026],[18.5978782152438,52.2060105388174],[18.5978321297861,52.2060209984422]]]},"properties":{"case_id":"ST-WK-KO/WNIOSEK/20074/2025","source_type":"wniosek_decyzja","received_date":"2025-10-03","decision_date":"2025-10-23","status":"decyzja wydana","description":"Rozbudowa budynku mieszkalnego jednorodzinnego o taras nadziemny","address":"11, Dzierawy","city":"Dzierawy","office":"Starosta Powiatu Koło","case_kind":"Budynek mieszkalny jednorodzinny","parcel_ids":["300907_2.0005.254/1","300907_2.0005.254/2","300907_2.0005.254/3"],"location_quality":"dokładny","gunb_url":"https://wyszukiwarka.gunb.gov.pl/","parcel_count":3,"parcel_shard":"x074-y208","parcel_id":"300907_2.0005.254/3","location_source":"powiat kolski (wfs)"}},{"type":"Feature","id":"ST-WK-KO/WNIOSEK/7016/2026::300907_2.0011.67","geometry":{"type":"Polygon","coordinates":[[[18.7388341531223,52.2488562285688],[18.738588045288,52.2488948231662],[18.738654681247,52.2492163031971],[18.7389107607678,52.2492105599347],[18.7388341531223,52.2488562285688]]]},"properties":{"case_id":"ST-WK-KO/WNIOSEK/7016/2026","source_type":"wniosek_decyzja","received_date":"2026-04-15","decision_date":"2026-05-18","status":"decyzja wydana","description":"Instalacja gazowa wewnętrzna i zewnętrzna wraz z zbiornikiem naziemnym gazu płynnego V=2700dm3 dla budynku mieszkalnego jednorodzinnego","address":"Kiełczew Górny","city":"Kiełczew Górny","office":"Starosta Powiatu Koło","case_kind":"Budynek mieszkalny jednorodzinny","parcel_ids":["300907_2.0011.AR_2.67"],"location_quality":"dokładny","gunb_url":"https://wyszukiwarka.gunb.gov.pl/","parcel_count":1,"parcel_shard":"x074-y208","parcel_id":"300907_2.0011.67","location_source":"powiat kolski (wfs)"}},{"type":"Feature","id":"ST-WK-KO/WNIOSEK/22391/2025::300907_2.0012.78","geometry":{"type":"Polygon","coordinates":[[[18.6945068646586,52.245108562088],[18.6961824867279,52.248632423703],[18.6968518013557,52.2486581812868],[18.6958898235956,52.24664249046],[18.6958363807793,52.2465303675792],[18.6953886535557,52.2456247843011],[18.6951731898877,52.2451888155383],[18.6945068646586,52.245108562088]]]},"properties":{"case_id":"ST-WK-KO/WNIOSEK/22391/2025","source_type":"wniosek_decyzja","received_date":"2025-10-31","decision_date":"2025-12-19","status":"decyzja wydana","description":"Budynek mieszkalny jednorodzinny i budynek gospodarczy oraz zbiornik na ścieki sanitarne o poj. 10m3","address":"Lucjanowo","city":"Lucjanowo","office":"Starosta Powiatu Koło","case_kind":"Budynek mieszkalny jednorodzinny","parcel_ids":["300907_2.0012.AR_1.78"],"location_quality":"dokładny","gunb_url":"https://wyszukiwarka.gunb.gov.pl/","parcel_count":1,"parcel_shard":"x074-y208","parcel_id":"300907_2.0012.78","location_source":"powiat kolski (wfs)"}},{"type":"Feature","id":"ST-WK-KO/WNIOSEK/232/2026::300907_2.0013.170/29","geometry":{"type":"Polygon","coordinates":[[[18.554668956471,52.2182803225537],[18.5542085686101,52.2180666876213],[18.5539141797059,52.2182926753305],[18.554384872797,52.2185112063032],[18.554668956471,52.2182803225537]]]},"properties":{"case_id":"ST-WK-KO/WNIOSEK/232/2026","source_type":"wniosek_decyzja","received_date":"2026-01-07","decision_date":"2026-02-11","status":"decyzja wydana","description":"Budowa budynku mieszkalnego jednorodzinnego","address":"Lubiny","city":"Lubiny","office":"Starosta Powiatu Koło","case_kind":"Budynek mieszkalny jednorodzinny","parcel_ids":["300907_2.0013.170/29"],"location_quality":"dokładny","gunb_url":"https://wyszukiwarka.gunb.gov.pl/","parcel_count":1,"parcel_shard":"x074-y208","parcel_id":"300907_2.0013.170/29","location_source":"powiat kolski (wfs)"}},{"type":"Feature","id":"ST-WK-KO/ZGŁOSZENIE/3316/2025::300907_2.0014.111/10","geometry":{"type":"Polygon","coordinates":[[[18.6987515763687,52.1934103091052],[18.6992897451688,52.1931934780148],[18.699021142656,52.1929363072194],[18.6984797076945,52.19314992078],[18.6987515763687,52.1934103091052]]]},"properties":{"case_id":"ST-WK-KO/ZGŁOSZENIE/3316/2025","source_type":"zgloszenie","received_date":"2025-10-16","decision_date":null,"status":"Brak sprzeciwu","description":"Budowa elektroenergetycznej linii kablowej niskiego napięcia","address":"Leśnica","city":"Leśnica","office":"Starosta Powiatu Koło","case_kind":"budowa nowego/nowych obiektów budowlanych","parcel_ids":["300907_2.0014.111/10","300907_2.0014.111/9","300907_2.0014.68/4"],"location_quality":"dokładny","gunb_url":"https://wyszukiwarka.gunb.gov.pl/","parcel_count":3,"parcel_shard":"x074-y208","parcel_id":"300907_2.0014.111/10","location_source":"powiat kolski (wfs)"}},{"type":"Feature","id":"ST-WK-KO/ZGŁOSZENIE/3316/2025::300907_2.0014.111/9","geometry":{"type":"Polygon","coordinates":[[[18.7014837938617,52.1952830896353],[18.7012854198375,52.1950941742287],[18.7007938432837,52.1952891666085],[18.7009922161075,52.1954780828396],[18.7014837938617,52.1952830896353]]]},"properties":{"case_id":"ST-WK-KO/ZGŁOSZENIE/3316/2025","source_type":"zgloszenie","received_date":"2025-10-16","decision_date":null,"status":"Brak sprzeciwu","description":"Budowa elektroenergetycznej linii kablowej niskiego napięcia","address":"Leśnica","city":"Leśnica","office":"Starosta Powiatu Koło","case_kind":"budowa nowego/nowych obiektów budowlanych","parcel_ids":["300907_2.0014.111/10","300907_2.0014.111/9","300907_2.0014.68/4"],"location_quality":"dokładny","gunb_url":"https://wyszukiwarka.gunb.gov.pl/","parcel_count":3,"parcel_shard":"x074-y208","parcel_id":"300907_2.0014.111/9","location_source":"powiat kolski (wfs)"}},{"type":"Feature","id":"ST-WK-KO/ZGŁOSZENIE/3316/2025::300907_2.0014.68/4","geometry":{"type":"Polygon","coordinates":[[[18.6980005123903,52.1919591600899],[18.699021142656,52.1929363072194],[18.6992897451688,52.1931934780148],[18.7012854198375,52.1950941742287],[18.7014837938617,52.1952830896353],[18.7016820204968,52.1954718258243],[18.7018801025699,52.1956605625381],[18.7021179793405,52.195887081044],[18.702355858536,52.196113599053],[18.7024954391612,52.1962465084201],[18.7026540599728,52.1963905071116],[18.702771600833,52.1964947654875],[18.7031663203876,52.1968847893062],[18.7034104648657,52.1971183682978],[18.7035289748351,52.1972318083717],[18.7037204032802,52.1974150091364],[18.7048090234795,52.1984523125581],[18.7049164552622,52.1986236358127],[18.7048532657281,52.1991229139754],[18.7046523296893,52.200037917231],[18.7047511345612,52.2000449369001],[18.7049168218952,52.1992898482792],[18.7049911785315,52.1989602665329],[18.7050295671912,52.1985946783124],[18.7050321716356,52.1985588019642],[18.7031851231255,52.1967727790204],[18.7028385652985,52.1964454251661],[18.702801320664,52.1963469827037],[18.6999953746268,52.193650199041],[18.6999724318169,52.193628204314],[18.6999266404522,52.1935895179351],[18.6999024996823,52.19356691434],[18.6981338015109,52.1919028335723],[18.6980005123903,52.1919591600899]]]},"properties":{"case_id":"ST-WK-KO/ZGŁOSZENIE/3316/2025","source_type":"zgloszenie","received_date":"2025-10-16","decision_date":null,"status":"Brak sprzeciwu","description":"Budowa elektroenergetycznej linii kablowej niskiego napięcia","address":"Leśnica","city":"Leśnica","office":"Starosta Powiatu Koło","case_kind":"budowa nowego/nowych obiektów budowlanych","parcel_ids":["300907_2.0014.111/10","300907_2.0014.111/9","300907_2.0014.68/4"],"location_quality":"dokładny","gunb_url":"https://wyszukiwarka.gunb.gov.pl/","parcel_count":3,"parcel_shard":"x074-y208","parcel_id":"300907_2.0014.68/4","location_source":"powiat kolski (wfs)"}},{"type":"Feature","id":"ST-WK-KO/WNIOSEK/247/2026::300907_2.0014.193","geometry":{"type":"Polygon","coordinates":[[[18.6724079843233,52.1937077068763],[18.6726181642481,52.1938900779267],[18.6754388581446,52.1927023217868],[18.6754261940877,52.1926970229124],[18.6751718447368,52.1925351736908],[18.6724079843233,52.1937077068763]]]},"properties":{"case_id":"ST-WK-KO/WNIOSEK/247/2026","source_type":"wniosek_decyzja","received_date":"2026-01-07","decision_date":"2026-02-04","status":"decyzja wydana","description":"Przebudowa alejek na cmentarzu komunalnym w Leśnicy","address":"Leśnica","city":"Leśnica","office":"Starosta Powiatu Koło","case_kind":"Obiekt budowlany inny niż budynek mieszkalny jednorodzinny","parcel_ids":["300907_2.0014.193","300907_2.0014.194/6","300907_2.0014.202/1","300907_2.0014.203/2","300907_2.0014.204/2","300907_2.0014.205/1","300907_2.0014.206/1"],"location_quality":"dokładny","gunb_url":"https://wyszukiwarka.gunb.gov.pl/","parcel_count":7,"parcel_shard":"x074-y208","parcel_id":"300907_2.0014.193","location_source":"powiat kolski (wfs)"}},{"type":"Feature","id":"ST-WK-KO/WNIOSEK/247/2026::300907_2.0014.194/6","geometry":{"type":"Polygon","coordinates":[[[18.6733446520304,52.1945204297648],[18.67521618411,52.1937380832115],[18.6749150275486,52.1935418763201],[18.6761231213115,52.1930329308899],[18.6761073570416,52.1930226390462],[18.6759344587604,52.192909688115],[18.6754388581446,52.1927023217868],[18.6726181642481,52.1938900779267],[18.6733446520304,52.1945204297648]]]},"properties":{"case_id":"ST-WK-KO/WNIOSEK/247/2026","source_type":"wniosek_decyzja","received_date":"2026-01-07","decision_date":"2026-02-04","status":"decyzja wydana","description":"Przebudowa alejek na cmentarzu komunalnym w Leśnicy","address":"Leśnica","city":"Leśnica","office":"Starosta Powiatu Koło","case_kind":"Obiekt budowlany inny niż budynek mieszkalny jednorodzinny","parcel_ids":["300907_2.0014.193","300907_2.0014.194/6","300907_2.0014.202/1","300907_2.0014.203/2","300907_2.0014.204/2","300907_2.0014.205/1","300907_2.0014.206/1"],"location_quality":"dokładny","gunb_url":"https://wyszukiwarka.gunb.gov.pl/","parcel_count":7,"parcel_shard":"x074-y208","parcel_id":"300907_2.0014.194/6","location_source":"powiat kolski (wfs)"}},{"type":"Feature","id":"ST-WK-KO/WNIOSEK/247/2026::300907_2.0014.202/1","geometry":{"type":"Polygon","coordinates":[[[18.6733446520304,52.1945204297648],[18.6734418625356,52.1946047747257],[18.6765199220183,52.1933202851178],[18.6765320033671,52.1933083847191],[18.676402741097,52.1932418244125],[18.6763784687475,52.1932521908404],[18.67521618411,52.1937380832115],[18.6733446520304,52.1945204297648]]]},"properties":{"case_id":"ST-WK-KO/WNIOSEK/247/2026","source_type":"wniosek_decyzja","received_date":"2026-01-07","decision_date":"2026-02-04","status":"decyzja wydana","description":"Przebudowa alejek na cmentarzu komunalnym w Leśnicy","address":"Leśnica","city":"Leśnica","office":"Starosta Powiatu Koło","case_kind":"Obiekt budowlany inny niż budynek mieszkalny jednorodzinny","parcel_ids":["300907_2.0014.193","300907_2.0014.194/6","300907_2.0014.202/1","300907_2.0014.203/2","300907_2.0014.204/2","300907_2.0014.205/1","300907_2.0014.206/1"],"location_quality":"dokładny","gunb_url":"https://wyszukiwarka.gunb.gov.pl/","parcel_count":7,"parcel_shard":"x074-y208","parcel_id":"300907_2.0014.202/1","location_source":"powiat kolski (wfs)"}},{"type":"Feature","id":"ST-WK-KO/WNIOSEK/247/2026::300907_2.0014.203/2","geometry":{"type":"Polygon","coordinates":[[[18.673663271366,52.1946612600169],[18.6766258091834,52.1934141564937],[18.6766439850672,52.1934062807605],[18.6765320033671,52.1933083847191],[18.6765199220183,52.1933202851178],[18.6734418625356,52.1946047747257],[18.6735253157534,52.1946771828164],[18.6735597643261,52.1947070719954],[18.673663271366,52.1946612600169]]]},"properties":{"case_id":"ST-WK-KO/WNIOSEK/247/2026","source_type":"wniosek_decyzja","received_date":"2026-01-07","decision_date":"2026-02-04","status":"decyzja wydana","description":"Przebudowa alejek na cmentarzu komunalnym w Leśnicy","address":"Leśnica","city":"Leśnica","office":"Starosta Powiatu Koło","case_kind":"Obiekt budowlany inny niż budynek mieszkalny jednorodzinny","parcel_ids":["300907_2.0014.193","300907_2.0014.194/6","300907_2.0014.202/1","300907_2.0014.203/2","300907_2.0014.204/2","300907_2.0014.205/1","300907_2.0014.206/1"],"location_quality":"dokładny","gunb_url":"https://wyszukiwarka.gunb.gov.pl/","parcel_count":7,"parcel_shard":"x074-y208","parcel_id":"300907_2.0014.203/2","location_source":"powiat kolski (wfs)"}},{"type":"Feature","id":"ST-WK-KO/WNIOSEK/247/2026::300907_2.0014.204/2","geometry":{"type":"Polygon","coordinates":[[[18.6736788743435,52.194810416971],[18.6736950989347,52.1948035888729],[18.67368355782,52.1947941636312],[18.6736302608916,52.1947507391101],[18.6735775729735,52.1947078437208],[18.6736473545188,52.1946750156188],[18.6737001967091,52.1947180881918],[18.6737533474618,52.1947615151611],[18.6737677708448,52.1947732293192],[18.6767493637125,52.1935235528149],[18.6767690701399,52.1935156707471],[18.676721819572,52.1934743490342],[18.6766439850672,52.1934062807605],[18.6766258091834,52.1934141564937],[18.673663271366,52.1946612600169],[18.6735597643261,52.1947070719954],[18.6735967052813,52.1947391236105],[18.6736340874521,52.1947715580067],[18.6736788743435,52.194810416971]]]},"properties":{"case_id":"ST-WK-KO/WNIOSEK/247/2026","source_type":"wniosek_decyzja","received_date":"2026-01-07","decision_date":"2026-02-04","status":"decyzja wydana","description":"Przebudowa alejek na cmentarzu komunalnym w Leśnicy","address":"Leśnica","city":"Leśnica","office":"Starosta Powiatu Koło","case_kind":"Obiekt budowlany inny niż budynek mieszkalny jednorodzinny","parcel_ids":["300907_2.0014.193","300907_2.0014.194/6","300907_2.0014.202/1","300907_2.0014.203/2","300907_2.0014.204/2","300907_2.0014.205/1","300907_2.0014.206/1"],"location_quality":"dokładny","gunb_url":"https://wyszukiwarka.gunb.gov.pl/","parcel_count":7,"parcel_shard":"x074-y208","parcel_id":"300907_2.0014.204/2","location_source":"powiat kolski (wfs)"}},{"type":"Feature","id":"ST-WK-KO/WNIOSEK/247/2026::300907_2.0014.205/1","geometry":{"type":"Polygon","coordinates":[[[18.6737942527387,52.1949105236687],[18.6768733815218,52.1936334806619],[18.6768941558279,52.193625060588],[18.6768048417355,52.1935469537743],[18.6767690701399,52.1935156707471],[18.6767493637125,52.1935235528149],[18.6737677708448,52.1947732293192],[18.6738063481082,52.1948048547381],[18.6737367086626,52.1948375906071],[18.6736950989347,52.1948035888729],[18.6736788743435,52.194810416971],[18.6737942527387,52.1949105236687]]]},"properties":{"case_id":"ST-WK-KO/WNIOSEK/247/2026","source_type":"wniosek_decyzja","received_date":"2026-01-07","decision_date":"2026-02-04","status":"decyzja wydana","description":"Przebudowa alejek na cmentarzu komunalnym w Leśnicy","address":"Leśnica","city":"Leśnica","office":"Starosta Powiatu Koło","case_kind":"Obiekt budowlany inny niż budynek mieszkalny jednorodzinny","parcel_ids":["300907_2.0014.193","300907_2.0014.194/6","300907_2.0014.202/1","300907_2.0014.203/2","300907_2.0014.204/2","300907_2.0014.205/1","300907_2.0014.206/1"],"location_quality":"dokładny","gunb_url":"https://wyszukiwarka.gunb.gov.pl/","parcel_count":7,"parcel_shard":"x074-y208","parcel_id":"300907_2.0014.205/1","location_source":"powiat kolski (wfs)"}},{"type":"Feature","id":"ST-WK-KO/WNIOSEK/247/2026::300907_2.0014.206/1","geometry":{"type":"Polygon","coordinates":[[[18.6743271880778,52.1953802345463],[18.6770197298,52.1942452563515],[18.6770374495443,52.1942378057252],[18.6770037099225,52.1940277781256],[18.6771681817459,52.1939287779964],[18.6770657863904,52.1937821892901],[18.6768941558279,52.193625060588],[18.6768733815218,52.1936334806619],[18.6737942527387,52.1949105236687],[18.6743271880778,52.1953802345463]]]},"properties":{"case_id":"ST-WK-KO/WNIOSEK/247/2026","source_type":"wniosek_decyzja","received_date":"2026-01-07","decision_date":"2026-02-04","status":"decyzja wydana","description":"Przebudowa alejek na cmentarzu komunalnym w Leśnicy","address":"Leśnica","city":"Leśnica","office":"Starosta Powiatu Koło","case_kind":"Obiekt budowlany inny niż budynek mieszkalny jednorodzinny","parcel_ids":["300907_2.0014.193","300907_2.0014.194/6","300907_2.0014.202/1","300907_2.0014.203/2","300907_2.0014.204/2","300907_2.0014.205/1","300907_2.0014.206/1"],"location_quality":"dokładny","gunb_url":"https://wyszukiwarka.gunb.gov.pl/","parcel_count":7,"parcel_shard":"x074-y208","parcel_id":"300907_2.0014.206/1","location_source":"powiat kolski (wfs)"}},{"type":"Feature","id":"ST-WK-KO/WNIOSEK/4704/2026::300907_2.0014.213/7","geometry":{"type":"Polygon","coordinates":[[[18.6814925793621,52.1955941098573],[18.681387554861,52.1954882096138],[18.6812430688439,52.1953267221721],[18.6808097060371,52.1955086220229],[18.6810327942207,52.1957124388207],[18.6810890087605,52.1957636150976],[18.6814925793621,52.1955941098573]]]},"properties":{"case_id":"ST-WK-KO/WNIOSEK/4704/2026","source_type":"wniosek_decyzja","received_date":"2026-03-16","decision_date":"2026-04-23","status":"decyzja wydana","description":"Zmiana decyzji nr 521.2021 z dnia 19.08.2021 pozwolenia na budowę budynku mieszkalnego jednorodzinnego ze zbiornikiem bezodpływowym na ścieki w zakresie zmiany ogrzewania - instalacja gazowa wewnętrzna i zewnętrzna wraz z zbiornikiem naziemnym gazu płynnego V=2700dm3 do budynku mieszkalnego jednorodzinnego  wg projektu zmian","address":"Leśnica","city":"Leśnica","office":"Starosta Powiatu Koło","case_kind":"Budynek mieszkalny jednorodzinny","parcel_ids":["300907_2.0014.213/7"],"location_quality":"dokładny","gunb_url":"https://wyszukiwarka.gunb.gov.pl/","parcel_count":1,"parcel_shard":"x074-y208","parcel_id":"300907_2.0014.213/7","location_source":"powiat kolski (wfs)"}},{"type":"Feature","id":"ST-WK-KO/WNIOSEK/920/2026::300907_2.0014.224","geometry":{"type":"Polygon","coordinates":[[[18.7102355224262,52.1925256407331],[18.7104267674698,52.192440002899],[18.7104624905293,52.1924240589346],[18.7105743018074,52.1923738621591],[18.7101438106368,52.1920108248049],[18.7100309804365,52.1920612969458],[18.7099882094039,52.1920203895892],[18.7097886445264,52.1920978078722],[18.7098597827342,52.1921659578341],[18.7102355224262,52.1925256407331]]]},"properties":{"case_id":"ST-WK-KO/WNIOSEK/920/2026","source_type":"wniosek_decyzja","received_date":"2026-01-19","decision_date":"2026-02-26","status":"decyzja wydana","description":"Budowa budynku mieszkalnego jednorodzinnego, budynku gospodarczo-garażowego i zbiornika bezodpływowego na ścieki","address":"Leśnica","city":"Leśnica","office":"Starosta Powiatu Koło","case_kind":"Budynek mieszkalny jednorodzinny","parcel_ids":["300907_2.0014.224"],"location_quality":"dokładny","gunb_url":"https://wyszukiwarka.gunb.gov.pl/","parcel_count":1,"parcel_shard":"x074-y208","parcel_id":"300907_2.0014.224","location_source":"powiat kolski (wfs)"}},{"type":"Feature","id":"ST-WK-KO/WNIOSEK/9951/2026::300907_2.0014.213/8","geometry":{"type":"Polygon","coordinates":[[[18.6817854885673,52.1958012968964],[18.681672731237,52.1957445155842],[18.6815766578219,52.1956788296442],[18.6814925793621,52.1955941098573],[18.6810890087605,52.1957636150976],[18.681148046081,52.1958176511848],[18.6808179344189,52.1959418817479],[18.6807766126064,52.1961474939131],[18.6809366278241,52.1961574460015],[18.6817854885673,52.1958012968964]]]},"properties":{"case_id":"ST-WK-KO/WNIOSEK/9951/2026","source_type":"wniosek_decyzja","received_date":"2026-05-26","decision_date":"2026-06-23","status":"decyzja wydana","description":"Budowa budynku mieszkalnego jednorodzinnego","address":"Leśnica","city":"Leśnica","office":"Starosta Powiatu Koło","case_kind":"Budynek mieszkalny jednorodzinny","parcel_ids":["300907_2.0014.AR_1.213/8"],"location_quality":"dokładny","gunb_url":"https://wyszukiwarka.gunb.gov.pl/","parcel_count":1,"parcel_shard":"x074-y208","parcel_id":"300907_2.0014.213/8","location_source":"powiat kolski (wfs)"}},{"type":"Feature","id":"ST-WK-KO/WNIOSEK/25118/2025::300907_2.0014.225","geometry":{"type":"Polygon","coordinates":[[[18.7105743018074,52.1923738621591],[18.7107254672025,52.1923061714137],[18.7108580460393,52.1922468613444],[18.7104275552366,52.1918839148922],[18.7101438106368,52.1920108248049],[18.7105743018074,52.1923738621591]]]},"properties":{"case_id":"ST-WK-KO/WNIOSEK/25118/2025","source_type":"wniosek_decyzja","received_date":"2025-12-11","decision_date":"2026-01-09","status":"decyzja wydana","description":"Budowa budynku mieszkalnego jednorodzinnego oraz zbiornika na ścieki bytowe","address":"Leśnica","city":"Leśnica","office":"Starosta Powiatu Koło","case_kind":"Budynek mieszkalny jednorodzinny","parcel_ids":["300907_2.0014.AR_1.225"],"location_quality":"dokładny","gunb_url":"https://wyszukiwarka.gunb.gov.pl/","parcel_count":1,"parcel_shard":"x074-y208","parcel_id":"300907_2.0014.225","location_source":"powiat kolski (wfs)"}},{"type":"Feature","id":"ST-WK-KO/WNIOSEK/18722/2025::300907_2.0016.95/4","geometry":{"type":"Polygon","coordinates":[[[18.5006224326937,52.223892248583],[18.500627665186,52.2231900990691],[18.4994011187766,52.2232385121531],[18.4985195348139,52.2233457870814],[18.4978232599552,52.2235815509955],[18.4975742943673,52.2237439353105],[18.4982290841369,52.2240231772182],[18.4985244443688,52.2241741861167],[18.4988274836165,52.2243852597023],[18.4998789314816,52.2251429433896],[18.5015771920833,52.2263440568117],[18.5056833848746,52.2235516865441],[18.5046650816304,52.2235412798971],[18.5041883992649,52.2235085546582],[18.5021854040499,52.2231287357995],[18.5020861621355,52.2231326063122],[18.5020576552546,52.224155987237],[18.5014228951094,52.2240632981158],[18.5014091588727,52.2241290946752],[18.5013492467069,52.2241212227377],[18.5008009075809,52.2240727695154],[18.5005221798463,52.2240233421614],[18.5005693961609,52.2238840766088],[18.5006224326937,52.223892248583]]]},"properties":{"case_id":"ST-WK-KO/WNIOSEK/18722/2025","source_type":"wniosek_decyzja","received_date":"2025-09-15","decision_date":"2025-11-06","status":"decyzja wydana","description":"Budowa budynku mieszkalnego jednorodzinnego - adaptacja projektu typowego \"Dom w kronselkach","address":"Ochle","city":"Ochle","office":"Starosta Powiatu Koło","case_kind":"Budynek mieszkalny jednorodzinny","parcel_ids":["300907_2.0016.AR_1.95/4"],"location_quality":"dokładny","gunb_url":"https://wyszukiwarka.gunb.gov.pl/","parcel_count":1,"parcel_shard":"x074-y208","parcel_id":"300907_2.0016.95/4","location_source":"powiat kolski (wfs)"}},{"type":"Feature","id":"ST-WK-KO/WNIOSEK/24201/2025::300907_2.0016.293/6","geometry":{"type":"Polygon","coordinates":[[[18.5240511646165,52.2189215193555],[18.5243346989472,52.2187699054088],[18.5239118304037,52.218487041322],[18.5238859022857,52.218469697398],[18.5238632673802,52.2184824624938],[18.5236264072252,52.2183419893323],[18.523358130487,52.2185165779745],[18.5235894184831,52.2186541119847],[18.5240511646165,52.2189215193555]]]},"properties":{"case_id":"ST-WK-KO/WNIOSEK/24201/2025","source_type":"wniosek_decyzja","received_date":"2025-11-28","decision_date":"2026-01-26","status":"decyzja wydana","description":"Rozbudowa świetlicy wiejskiej","address":"Koło","city":"Koło","office":"Starosta Powiatu Koło","case_kind":"Obiekt budowlany inny niż budynek mieszkalny jednorodzinny","parcel_ids":["300907_2.0016.AR_2.293/6"],"location_quality":"dokładny","gunb_url":"https://wyszukiwarka.gunb.gov.pl/","parcel_count":1,"parcel_shard":"x074-y208","parcel_id":"300907_2.0016.293/6","location_source":"powiat kolski (wfs)"}},{"type":"Feature","id":"ST-WK-KO/WNIOSEK/11605/2026::300907_2.0017.37/1","geometry":{"type":"Polygon","coordinates":[[[18.5900701115345,52.2206056595463],[18.58995580711,52.2204117821319],[18.5896563410171,52.2205797668586],[18.5897749522182,52.2207615726418],[18.5922717288204,52.2257490120458],[18.5928988641705,52.2258222920976],[18.5930428066271,52.2258391111189],[18.5933443853318,52.2258743486135],[18.593489735819,52.2258913315809],[18.590971255416,52.2207648033209],[18.5908013101638,52.2204086573283],[18.5906310690319,52.2200520631639],[18.5903391694172,52.2202100258807],[18.5905597536044,52.2204380546985],[18.5900701115345,52.2206056595463]]]},"properties":{"case_id":"ST-WK-KO/WNIOSEK/11605/2026","source_type":"wniosek_decyzja","received_date":"2026-06-18","decision_date":"2026-07-14","status":"decyzja wydana","description":"Zmiana decyzji nr 488.2025 z dnia 13.11.2025r. , zmienionej decyzją nr 64.2026 z dnia 17.02.2026r. pozwolenia na budowę budynku mieszkalnego jednorodzinnego , szamba o poj. do 10m3 oraz zbiornika na gaz płynny LPG o pojemności 2700 litrów  wg projektu zmian","address":"Podlesie","city":"Podlesie","office":"Starosta Powiatu Koło","case_kind":"Budynek mieszkalny jednorodzinny","parcel_ids":["300907_2.0017.AR_1.37/1"],"location_quality":"dokładny","gunb_url":"https://wyszukiwarka.gunb.gov.pl/","parcel_count":1,"parcel_shard":"x074-y208","parcel_id":"300907_2.0017.37/1","location_source":"powiat kolski (wfs)"}},{"type":"Feature","id":"ST-WK-KO/WNIOSEK/1070/2026::300907_2.0017.37/1","geometry":{"type":"Polygon","coordinates":[[[18.5900701115345,52.2206056595463],[18.58995580711,52.2204117821319],[18.5896563410171,52.2205797668586],[18.5897749522182,52.2207615726418],[18.5922717288204,52.2257490120458],[18.5928988641705,52.2258222920976],[18.5930428066271,52.2258391111189],[18.5933443853318,52.2258743486135],[18.593489735819,52.2258913315809],[18.590971255416,52.2207648033209],[18.5908013101638,52.2204086573283],[18.5906310690319,52.2200520631639],[18.5903391694172,52.2202100258807],[18.5905597536044,52.2204380546985],[18.5900701115345,52.2206056595463]]]},"properties":{"case_id":"ST-WK-KO/WNIOSEK/1070/2026","source_type":"wniosek_decyzja","received_date":"2026-01-21","decision_date":"2026-02-17","status":"decyzja wydana","description":"Zmiana decyzji nr 488.2025 z dnia 13.11.2025r. pozwolenia na budowę budynku mieszkalnego jednorodzinnego , szamba o poj. do 10m3oraz zbiornika na gaz płynny LPG o pojemności 2700 litrów w zakresie zmiany usytuowania budynku mieszkalnego jednorodzinnego, szamba i zbiornika na gaz  wg projektu zmian","address":"Podlesie","city":"Podlesie","office":"Starosta Powiatu Koło","case_kind":"Budynek mieszkalny jednorodzinny","parcel_ids":["300907_2.0017.AR_1.37/1"],"location_quality":"dokładny","gunb_url":"https://wyszukiwarka.gunb.gov.pl/","parcel_count":1,"parcel_shard":"x074-y208","parcel_id":"300907_2.0017.37/1","location_source":"powiat kolski (wfs)"}},{"type":"Feature","id":"ST-WK-KO/WNIOSEK/19518/2025::300907_2.0017.37/1","geometry":{"type":"Polygon","coordinates":[[[18.5900701115345,52.2206056595463],[18.58995580711,52.2204117821319],[18.5896563410171,52.2205797668586],[18.5897749522182,52.2207615726418],[18.5922717288204,52.2257490120458],[18.5928988641705,52.2258222920976],[18.5930428066271,52.2258391111189],[18.5933443853318,52.2258743486135],[18.593489735819,52.2258913315809],[18.590971255416,52.2207648033209],[18.5908013101638,52.2204086573283],[18.5906310690319,52.2200520631639],[18.5903391694172,52.2202100258807],[18.5905597536044,52.2204380546985],[18.5900701115345,52.2206056595463]]]},"properties":{"case_id":"ST-WK-KO/WNIOSEK/19518/2025","source_type":"wniosek_decyzja","received_date":"2025-09-25","decision_date":"2025-11-13","status":"decyzja wydana","description":"Budowa budynku mieszkalnego jednorodzinnego , szamba o poj. do 10m3 oraz zbiornik na gaz płynny LPG o pojemności 2700 litrów","address":"Podlesie","city":"Podlesie","office":"Starosta Powiatu Koło","case_kind":"Budynek mieszkalny jednorodzinny","parcel_ids":["300907_2.0017.AR_1.37/1"],"location_quality":"dokładny","gunb_url":"https://wyszukiwarka.gunb.gov.pl/","parcel_count":1,"parcel_shard":"x074-y208","parcel_id":"300907_2.0017.37/1","location_source":"powiat kolski (wfs)"}},{"type":"Feature","id":"ST-WK-KO/WNIOSEK/10475/2026::300907_2.0018.125/5","geometry":{"type":"Polygon","coordinates":[[[18.6649472343825,52.1820610298894],[18.6646462705127,52.1819298841686],[18.6643534311466,52.1819219163808],[18.6642914095129,52.1819384114603],[18.6642104152894,52.1819599315992],[18.6645848363345,52.1823009821113],[18.6646454332087,52.1822758340968],[18.6649472343825,52.1820610298894]]]},"properties":{"case_id":"ST-WK-KO/WNIOSEK/10475/2026","source_type":"wniosek_decyzja","received_date":"2026-06-03","decision_date":"2026-07-09","status":"decyzja wydana","description":"Zmiana decyzji nr 266.2024 z dnia 04.07.2024r. pozwolenia na budowę  budynku mieszkalnego jednorodzinnego oraz zbiornika bezodpływowego na nieczystości ciekłe V=10,00m3 w zakresie zmiany ogrzewania - instalacja gazu ziemnego   wg projektu zmian","address":"Powiercie","city":"Powiercie","office":"Starosta Powiatu Koło","case_kind":"Budynek mieszkalny jednorodzinny","parcel_ids":["300907_2.0018.125/5"],"location_quality":"dokładny","gunb_url":"https://wyszukiwarka.gunb.gov.pl/","parcel_count":1,"parcel_shard":"x074-y208","parcel_id":"300907_2.0018.125/5","location_source":"powiat kolski (wfs)"}},{"type":"Feature","id":"ST-WK-KO/WNIOSEK/20975/2025::300907_2.0018.223/10","geometry":{"type":"Polygon","coordinates":[[[18.6880486241194,52.1827980379551],[18.6888814101977,52.182430811749],[18.6881416805325,52.181728317272],[18.6878933758139,52.1818493047854],[18.6876725660875,52.1819538883344],[18.6870651952298,52.1822506800358],[18.6870616470432,52.1822524138163],[18.6879704150192,52.1828054833211],[18.6880486241194,52.1827980379551]]]},"properties":{"case_id":"ST-WK-KO/WNIOSEK/20975/2025","source_type":"wniosek_decyzja","received_date":"2025-10-15","decision_date":"2025-12-15","status":"decyzja wydana","description":"Zmiana decyzji nr 542.2024 z dnia 29.11.2024r. pozwolenia na odbudowę i remont pałacu w Powierciu na dz. nr  233/10 wg projektu zmian","address":"Powiercie","city":"Powiercie","office":"Starosta Powiatu Koło","case_kind":"Obiekt budowlany inny niż budynek mieszkalny jednorodzinny","parcel_ids":["300907_2.0018.223/10"],"location_quality":"dokładny","gunb_url":"https://wyszukiwarka.gunb.gov.pl/","parcel_count":1,"parcel_shard":"x074-y208","parcel_id":"300907_2.0018.223/10","location_source":"powiat kolski (wfs)"}},{"type":"Feature","id":"ST-WK-KO/WNIOSEK/23316/2025::300907_2.0018.26/6","geometry":{"type":"Polygon","coordinates":[[[18.6842343825144,52.1846725367198],[18.6838936960961,52.1848282057432],[18.6845594445378,52.1854439230823],[18.6849160120109,52.1852868136596],[18.6842343825144,52.1846725367198]]]},"properties":{"case_id":"ST-WK-KO/WNIOSEK/23316/2025","source_type":"wniosek_decyzja","received_date":"2025-11-18","decision_date":"2026-01-15","status":"decyzja wydana","description":"Budowa budynku mieszkalnego jednorodzinnego oraz przebudowa i rozbudowa budynku garażowego","address":"Powiercie","city":"Powiercie","office":"Starosta Powiatu Koło","case_kind":"Budynek mieszkalny jednorodzinny","parcel_ids":["300907_2.0018.26/6"],"location_quality":"dokładny","gunb_url":"https://wyszukiwarka.gunb.gov.pl/","parcel_count":1,"parcel_shard":"x074-y208","parcel_id":"300907_2.0018.26/6","location_source":"powiat kolski (wfs)"}},{"type":"Feature","id":"ST-WK-KO/ZGŁOSZENIE/111/2026::300907_2.0018.271/32","geometry":{"type":"Polygon","coordinates":[[[18.6886592018969,52.1762321711645],[18.6887686375908,52.176353214804],[18.6895357615279,52.1760919900392],[18.6892016806978,52.1757208672294],[18.6891135431398,52.1757251562858],[18.6886592018969,52.1762321711645]]]},"properties":{"case_id":"ST-WK-KO/ZGŁOSZENIE/111/2026","source_type":"zgloszenie","received_date":"2026-01-15","decision_date":null,"status":"Brak sprzeciwu","description":"Budowa linii kablowej nn 0,4kv w m. Powiercie ul. Południowa","address":"Powiercie","city":"Powiercie","office":"Starosta Powiatu Koło","case_kind":"budowa nowego/nowych obiektów budowlanych","parcel_ids":["300907_2.0018.271/32","300907_2.0018.271/39","300907_2.0018.271/43"],"location_quality":"dokładny","gunb_url":"https://wyszukiwarka.gunb.gov.pl/","parcel_count":3,"parcel_shard":"x074-y208","parcel_id":"300907_2.0018.271/32","location_source":"powiat kolski (wfs)"}},{"type":"Feature","id":"ST-WK-KO/ZGŁOSZENIE/111/2026::300907_2.0018.271/39","geometry":{"type":"Polygon","coordinates":[[[18.6893545881772,52.1757421778513],[18.6900566403843,52.1755040863601],[18.6897733749775,52.1751896417638],[18.6895430682953,52.175268013234],[18.6892385042818,52.1756131560564],[18.6893545881772,52.1757421778513]]]},"properties":{"case_id":"ST-WK-KO/ZGŁOSZENIE/111/2026","source_type":"zgloszenie","received_date":"2026-01-15","decision_date":null,"status":"Brak sprzeciwu","description":"Budowa linii kablowej nn 0,4kv w m. Powiercie ul. Południowa","address":"Powiercie","city":"Powiercie","office":"Starosta Powiatu Koło","case_kind":"budowa nowego/nowych obiektów budowlanych","parcel_ids":["300907_2.0018.271/32","300907_2.0018.271/39","300907_2.0018.271/43"],"location_quality":"dokładny","gunb_url":"https://wyszukiwarka.gunb.gov.pl/","parcel_count":3,"parcel_shard":"x074-y208","parcel_id":"300907_2.0018.271/39","location_source":"powiat kolski (wfs)"}},{"type":"Feature","id":"ST-WK-KO/ZGŁOSZENIE/111/2026::300907_2.0018.271/43","geometry":{"type":"Polygon","coordinates":[[[18.6891880757774,52.1755575606426],[18.6890367823331,52.1757289456762],[18.6891135431398,52.1757251562858],[18.6892016806978,52.1757208672294],[18.6895357615279,52.1760919900392],[18.6896986416244,52.1762728118454],[18.689854444338,52.176445841967],[18.6900100980126,52.1766187845626],[18.6901659030221,52.1767918143359],[18.6903568312588,52.1770042554778],[18.6905334492016,52.177200936263],[18.6907243807516,52.1774133769371],[18.6909151678501,52.1776258198524],[18.6910671476845,52.1777949579493],[18.6910384766505,52.1778564064723],[18.6903803585805,52.1780802668401],[18.6903420450454,52.1780933276823],[18.6904130094967,52.1781718688193],[18.6908381679813,52.1780261573399],[18.691417221364,52.177829537295],[18.6915177425736,52.1778467939386],[18.691675395906,52.1780216788816],[18.6918686048667,52.1782357877135],[18.6920619860124,52.1784504328922],[18.6922555109331,52.1786649855355],[18.6924656685038,52.178898045628],[18.6926641249489,52.1791180882792],[18.6928203859151,52.1792911080394],[18.6922102596855,52.1795512915809],[18.6922404287399,52.1795845834448],[18.6933211625309,52.1791227887341],[18.693290859097,52.1790897691167],[18.6929176602836,52.179249347585],[18.6927432294821,52.179056138258],[18.6925141413968,52.1788022723837],[18.6922850556406,52.1785484062619],[18.6920565851819,52.1782951587838],[18.6918276583924,52.1780414692964],[18.6916205924665,52.1778119523345],[18.6916491327973,52.1777508654975],[18.6919805883128,52.1776386664361],[18.6919094678692,52.1775599489504],[18.6912686473929,52.1777780348706],[18.6911695553475,52.177760034366],[18.6910174291285,52.1775908988836],[18.6908261911422,52.1773781940678],[18.6906351538828,52.1771658499599],[18.690451286119,52.1769613718755],[18.6902885306814,52.1767804630153],[18.6901328713957,52.1766074308965],[18.68997721325,52.1764343986083],[18.6898215521937,52.1762612763039],[18.6896658963574,52.1760882436678],[18.6895102416902,52.1759152108533],[18.6893545881772,52.1757421778513],[18.6892385042818,52.1756131560564],[18.6891880757774,52.1755575606426]]]},"properties":{"case_id":"ST-WK-KO/ZGŁOSZENIE/111/2026","source_type":"zgloszenie","received_date":"2026-01-15","decision_date":null,"status":"Brak sprzeciwu","description":"Budowa linii kablowej nn 0,4kv w m. Powiercie ul. Południowa","address":"Powiercie","city":"Powiercie","office":"Starosta Powiatu Koło","case_kind":"budowa nowego/nowych obiektów budowlanych","parcel_ids":["300907_2.0018.271/32","300907_2.0018.271/39","300907_2.0018.271/43"],"location_quality":"dokładny","gunb_url":"https://wyszukiwarka.gunb.gov.pl/","parcel_count":3,"parcel_shard":"x074-y208","parcel_id":"300907_2.0018.271/43","location_source":"powiat kolski (wfs)"}},{"type":"Feature","id":"ST-WK-KO/ZGŁOSZENIE/4071/2025::300907_2.0018.31/1","geometry":{"type":"Polygon","coordinates":[[[18.6880804890765,52.183002444269],[18.6880439993725,52.1829745206013],[18.6879961656367,52.1829958355364],[18.6880804890765,52.183002444269]]]},"properties":{"case_id":"ST-WK-KO/ZGŁOSZENIE/4071/2025","source_type":"zgloszenie","received_date":"2025-12-22","decision_date":null,"status":"Brak sprzeciwu","description":"Budowa elektroenergetycznej linii kablowej nn dla zasilania działki nr 223/16 w miejsc. Powiercie, gm. Koło","address":"Powiercie","city":"Powiercie","office":"Starosta Powiatu Koło","case_kind":"budowa nowego/nowych obiektów budowlanych","parcel_ids":["300907_2.0018.31/1","300907_2.0018.50"],"location_quality":"dokładny","gunb_url":"https://wyszukiwarka.gunb.gov.pl/","parcel_count":2,"parcel_shard":"x074-y208","parcel_id":"300907_2.0018.31/1","location_source":"powiat kolski (wfs)"}},{"type":"Feature","id":"ST-WK-KO/ZGŁOSZENIE/4071/2025::300907_2.0018.50","geometry":{"type":"Polygon","coordinates":[[[18.6880439993725,52.1829745206013],[18.6880804890765,52.183002444269],[18.6893667867364,52.183987113704],[18.6895498296942,52.1841272445148],[18.6899160652758,52.1844075044072],[18.6905463671308,52.1848900264541],[18.6906510072491,52.1849551010875],[18.6911836073091,52.1854144209768],[18.69184402033,52.1860365588928],[18.6920957178681,52.1862745899548],[18.6944242743123,52.1885347414924],[18.6950480102849,52.189129180967],[18.6956175335646,52.1896712450464],[18.6957003005735,52.1897458961426],[18.6959327296189,52.1899553822546],[18.6963868011432,52.1903984872183],[18.6965810383393,52.1905882931507],[18.6968053534976,52.1908195967439],[18.6980005123903,52.1919591600899],[18.6981338015109,52.1919028335723],[18.6971748320143,52.1909725748812],[18.6970323045392,52.1908360453833],[18.6967061133721,52.1905235774699],[18.6964685202205,52.1902959768067],[18.6962417166888,52.1900825963826],[18.6955538828868,52.1894268609566],[18.6953271499248,52.1892105458478],[18.6950976741786,52.1889917596964],[18.6948506104753,52.1887560108615],[18.6907891854139,52.1848704284711],[18.6906960238336,52.1848331926679],[18.6906225291238,52.1847766331523],[18.6905323610575,52.1847071409732],[18.689445128449,52.1838835680407],[18.6893352951517,52.1837995747748],[18.6889897589465,52.1835292561211],[18.6888195326399,52.1834066405803],[18.6881845370655,52.1829155743735],[18.6880439993725,52.1829745206013]]]},"properties":{"case_id":"ST-WK-KO/ZGŁOSZENIE/4071/2025","source_type":"zgloszenie","received_date":"2025-12-22","decision_date":null,"status":"Brak sprzeciwu","description":"Budowa elektroenergetycznej linii kablowej nn dla zasilania działki nr 223/16 w miejsc. Powiercie, gm. Koło","address":"Powiercie","city":"Powiercie","office":"Starosta Powiatu Koło","case_kind":"budowa nowego/nowych obiektów budowlanych","parcel_ids":["300907_2.0018.31/1","300907_2.0018.50"],"location_quality":"dokładny","gunb_url":"https://wyszukiwarka.gunb.gov.pl/","parcel_count":2,"parcel_shard":"x074-y208","parcel_id":"300907_2.0018.50","location_source":"powiat kolski (wfs)"}},{"type":"Feature","id":"PL-WP/ZGŁOSZENIE/4132/2025::300907_2.0018.87/1","geometry":{"type":"Polygon","coordinates":[[[18.6732662029201,52.1896272983054],[18.6732948470551,52.1896249682138],[18.6737558935187,52.1894208802667],[18.6740046705333,52.1893064813274],[18.6742753767434,52.189182069835],[18.6745304646015,52.189069341417],[18.6747912063036,52.1889534343371],[18.6750949254493,52.1888172377277],[18.6753258340413,52.1887111172155],[18.6753434072838,52.188703107265],[18.6755727171313,52.1885977144491],[18.6760556119819,52.1883871478976],[18.6765114217402,52.1881777591729],[18.6768046543666,52.1880435834363],[18.6773405918585,52.1878007764885],[18.6773894151388,52.1877779008287],[18.6776798873713,52.1876465683389],[18.6779306691397,52.1875336185586],[18.6784602843775,52.1872972621463],[18.6787179047273,52.1871829361981],[18.6789955458706,52.1870597289265],[18.6795301449969,52.1868223445625],[18.6799315481917,52.1866402736234],[18.6802467427889,52.1864723600024],[18.6805857561619,52.1863170804406],[18.6808220370759,52.186213811463],[18.6810899892537,52.1860953952917],[18.6813520569326,52.1859728148565],[18.6816213302635,52.1858529784637],[18.6820849749919,52.1856482462508],[18.6821169083382,52.1856341345884],[18.682177050109,52.1856082611681],[18.6826033395188,52.1854250075073],[18.6831148222852,52.1851931648209],[18.6833998314676,52.1850590604479],[18.6836589193132,52.1849353213485],[18.6838936960961,52.1848282057432],[18.6842343825144,52.1846725367198],[18.6844691564534,52.1845654200197],[18.6847090082855,52.1844595879094],[18.6851553118278,52.1842630772573],[18.6854311393008,52.1841417162227],[18.6856190793739,52.1840591037243],[18.6859227513281,52.183924137562],[18.6861613604646,52.1838181306297],[18.6863983698732,52.1837127616722],[18.6870970054119,52.1833994204659],[18.6876217882185,52.1831625870657],[18.6879961656367,52.1829958355364],[18.6880439993725,52.1829745206013],[18.6881845370655,52.1829155743735],[18.6880486241194,52.1827980379551],[18.6878254033163,52.1828982218316],[18.686516407147,52.1834814477259],[18.6855643171469,52.1838998993587],[18.6854260534015,52.1839640186549],[18.685158522998,52.1840841917069],[18.6849294910579,52.184185547872],[18.6846240793778,52.1843220979397],[18.6843179303061,52.1844618065911],[18.6839884178707,52.1846024509143],[18.6838127250254,52.1846825458268],[18.6836424119821,52.1847601876859],[18.6833865943423,52.1848743135865],[18.6830199253639,52.1850377941343],[18.6829775167096,52.1850562655715],[18.6827147955963,52.1851737303208],[18.6821571045323,52.1854228656675],[18.682010487694,52.1854900982156],[18.6818736268618,52.1855531106136],[18.6816662328143,52.1856513059711],[18.6814220338647,52.1857657282852],[18.6812443896675,52.1858470061278],[18.6809697654932,52.1859693594637],[18.6806710262546,52.1861036551536],[18.6803537253471,52.1862479201828],[18.6803141742215,52.1862662133736],[18.6801767852067,52.186327344722],[18.6799482833623,52.1864336346741],[18.6797124289871,52.1865399725757],[18.6794980075598,52.1866325909522],[18.6792064544028,52.1867592719473],[18.67895986815,52.1868717355813],[18.6786716006995,52.187003089766],[18.678451181953,52.1871055614089],[18.678212031248,52.1872167687153],[18.6779692484745,52.1873296142279],[18.6777337108803,52.1874336987153],[18.6774693258382,52.1875543558891],[18.6770034787521,52.1877669511145],[18.6764799004584,52.1879987182503],[18.6762700265524,52.1880916196965],[18.6759979566585,52.1882110453564],[18.6757106967077,52.1883424763446],[18.6754571680693,52.1884568533551],[18.6752092281814,52.1885687079647],[18.6750009364333,52.1886638505229],[18.6744942132456,52.1888927921462],[18.6744480523586,52.1889171293525],[18.6743898955831,52.1889447263903],[18.6743725622561,52.1889529316441],[18.6740305279878,52.1891061686608],[18.673798396008,52.1892101512814],[18.6735941102687,52.1893019051411],[18.6734293860904,52.1893753778933],[18.6733802875767,52.1893972291084],[18.6731582430822,52.1895001494413],[18.6731177309417,52.1895192551848],[18.6732662029201,52.1896272983054]]]},"properties":{"case_id":"PL-WP/ZGŁOSZENIE/4132/2025","source_type":"zgloszenie","received_date":"2025-12-22","decision_date":null,"status":"Brak sprzeciwu","description":"budowa elektroenergetycznej sieci kablowej","address":"Powiercie","city":"Powiercie","office":"Wojewoda Wielkopolski","case_kind":"budowa nowego/nowych obiektów budowlanych","parcel_ids":["300907_2.0018.87/1","300907_2.0018.87/2"],"location_quality":"dokładny","gunb_url":"https://wyszukiwarka.gunb.gov.pl/","parcel_count":2,"parcel_shard":"x074-y208","parcel_id":"300907_2.0018.87/1","location_source":"powiat kolski (wfs)"}},{"type":"Feature","id":"PL-WP/ZGŁOSZENIE/4132/2025::300907_2.0018.87/2","geometry":{"type":"Polygon","coordinates":[[[18.6881845370655,52.1829155743735],[18.6882570002729,52.1828844904129],[18.6891378504477,52.1824960922375],[18.6892178682198,52.1824574164587],[18.6898736210806,52.1821731869092],[18.6898952846104,52.1821638267333],[18.6899556429292,52.1821368141543],[18.6903442083999,52.1819670050463],[18.6904220965257,52.1819330400843],[18.6906689713931,52.1818219443496],[18.6909271013969,52.1817033201817],[18.6911279468728,52.181612001419],[18.6913466702954,52.1815102103092],[18.6915133628641,52.1814326331018],[18.6916194396466,52.1813832656536],[18.692058190992,52.1811790715919],[18.692088854912,52.1811648005313],[18.6922874930849,52.1810723534299],[18.6925477306903,52.1809561421522],[18.6930621324544,52.1807286181408],[18.6933125602888,52.1806177172329],[18.6936413173374,52.1804696792416],[18.693784920784,52.1804030976656],[18.6939415629419,52.1803336992861],[18.6942137862191,52.1802352612638],[18.6942644711396,52.1802133020838],[18.6944022852654,52.1801530807516],[18.6945210149017,52.1801002216438],[18.6947568093899,52.1800001766391],[18.6950752814505,52.1798529461933],[18.6955163800552,52.1796489530721],[18.6957792620161,52.1795273957576],[18.6961277637761,52.1793586990007],[18.6962773286226,52.1792863707557],[18.6960822077739,52.1792063681319],[18.6959595747767,52.179264704309],[18.6956054626161,52.1794332493436],[18.6954050330826,52.1795210570113],[18.6951980957268,52.1796172164389],[18.6950051672898,52.1797068654216],[18.6948059919321,52.1798075443854],[18.6946544767501,52.1798698207709],[18.6941170668332,52.1801195346285],[18.6940711736503,52.1801396491567],[18.6938261508607,52.1802487588657],[18.6937610597076,52.1802777425622],[18.6937373861735,52.1802883060411],[18.6934641150086,52.1804100813177],[18.6932705272618,52.1804982159261],[18.6930569549852,52.1805913222736],[18.692735139533,52.1807359958734],[18.6923469628934,52.1809042782749],[18.6923375616013,52.1809084276019],[18.6922835291352,52.1809314841423],[18.6917050172803,52.1811776639488],[18.6913463389142,52.1813383808218],[18.6910837690375,52.1814533468737],[18.6907060647018,52.1816114094782],[18.6905842367653,52.1816659603659],[18.6905244115313,52.1816927350536],[18.6902702224577,52.1818015384309],[18.6900260808148,52.1819084999797],[18.6890484071119,52.1823563152742],[18.6888814101977,52.182430811749],[18.6880486241194,52.1827980379551],[18.6881845370655,52.1829155743735]]]},"properties":{"case_id":"PL-WP/ZGŁOSZENIE/4132/2025","source_type":"zgloszenie","received_date":"2025-12-22","decision_date":null,"status":"Brak sprzeciwu","description":"budowa elektroenergetycznej sieci kablowej","address":"Powiercie","city":"Powiercie","office":"Wojewoda Wielkopolski","case_kind":"budowa nowego/nowych obiektów budowlanych","parcel_ids":["300907_2.0018.87/1","300907_2.0018.87/2"],"location_quality":"dokładny","gunb_url":"https://wyszukiwarka.gunb.gov.pl/","parcel_count":2,"parcel_shard":"x074-y208","parcel_id":"300907_2.0018.87/2","location_source":"powiat kolski (wfs)"}},{"type":"Feature","id":"ST-WK-KO/WNIOSEK/8448/2026::300907_2.0018.895","geometry":{"type":"Polygon","coordinates":[[[18.6893667867364,52.183987113704],[18.6880804890765,52.183002444269],[18.6879961656367,52.1829958355364],[18.6876217882185,52.1831625870657],[18.6887989160969,52.1842365198506],[18.6893667867364,52.183987113704]]]},"properties":{"case_id":"ST-WK-KO/WNIOSEK/8448/2026","source_type":"wniosek_decyzja","received_date":"2026-05-05","decision_date":"2026-05-22","status":"decyzja wydana","description":"Instalacja gazu ziemnego do budynku mieszkalnego jednorodzinnego","address":"Powiercie","city":"Powiercie","office":"Starosta Powiatu Koło","case_kind":"Budynek mieszkalny jednorodzinny","parcel_ids":["300907_2.0018.895"],"location_quality":"dokładny","gunb_url":"https://wyszukiwarka.gunb.gov.pl/","parcel_count":1,"parcel_shard":"x074-y208","parcel_id":"300907_2.0018.895","location_source":"powiat kolski (wfs)"}},{"type":"Feature","id":"ST-WK-KO/WNIOSEK/23850/2025::300907_2.0018.289/15","geometry":{"type":"Polygon","coordinates":[[[18.6944403355557,52.1764861813122],[18.6939280295859,52.175922827656],[18.6934286929354,52.1761189993133],[18.6939252206092,52.1766601467448],[18.6944403355557,52.1764861813122]]]},"properties":{"case_id":"ST-WK-KO/WNIOSEK/23850/2025","source_type":"wniosek_decyzja","received_date":"2025-11-25","decision_date":"2026-01-13","status":"decyzja wydana","description":"Budowa budynku gospodarczego","address":"Powiercie","city":"Powiercie","office":"Starosta Powiatu Koło","case_kind":"Obiekt budowlany inny niż budynek mieszkalny jednorodzinny","parcel_ids":["300907_2.0018.AR_1.289/15"],"location_quality":"dokładny","gunb_url":"https://wyszukiwarka.gunb.gov.pl/","parcel_count":1,"parcel_shard":"x074-y208","parcel_id":"300907_2.0018.289/15","location_source":"powiat kolski (wfs)"}},{"type":"Feature","id":"ST-WK-KO/WNIOSEK/569/2026::300907_2.0018.60/3","geometry":{"type":"Polygon","coordinates":[[[18.7039463240473,52.1879722580324],[18.7049649239202,52.1875415440941],[18.7046508017136,52.1872379186581],[18.7036151258486,52.1876758459748],[18.7039463240473,52.1879722580324]]]},"properties":{"case_id":"ST-WK-KO/WNIOSEK/569/2026","source_type":"wniosek_decyzja","received_date":"2026-01-14","decision_date":"2026-02-17","status":"decyzja wydana","description":"Zmiana decyzji nr 234.2025 z dnia 13.06.2025r. pozwolenia na budowę budynku mieszkalnego jednorodzinnego, zbiornika na ścieki socjalne V=10m3 i zbiornik na gaz LPG o poj. V=3650l w zakresie zmiany lokalizacji i pojemności zbiornika naziemnego z V=3650dm3 na V=2700 dm3  wg  pojektu zmian","address":"Powiercie","city":"Powiercie","office":"Starosta Powiatu Koło","case_kind":"Budynek mieszkalny jednorodzinny","parcel_ids":["300907_2.0018.AR_1.60/3"],"location_quality":"dokładny","gunb_url":"https://wyszukiwarka.gunb.gov.pl/","parcel_count":1,"parcel_shard":"x074-y208","parcel_id":"300907_2.0018.60/3","location_source":"powiat kolski (wfs)"}},{"type":"Feature","id":"ST-WK-KO/WNIOSEK/18726/2025::300907_2.0018.179/30","geometry":{"type":"Polygon","coordinates":[[[18.678405120601,52.18427759059],[18.678815805499,52.1846352142279],[18.6790420846319,52.184537332725],[18.6786285976642,52.1841792178421],[18.678405120601,52.18427759059]]]},"properties":{"case_id":"ST-WK-KO/WNIOSEK/18726/2025","source_type":"wniosek_decyzja","received_date":"2025-09-15","decision_date":"2025-10-28","status":"decyzja wydana","description":"Budowa budynku gospodarczego","address":"Powiercie","city":"Powiercie","office":"Starosta Powiatu Koło","case_kind":"Obiekt budowlany inny niż budynek mieszkalny jednorodzinny","parcel_ids":["300907_2.0018.AR_3.179/30","300907_2.0018.AR_3.179/31"],"location_quality":"dokładny","gunb_url":"https://wyszukiwarka.gunb.gov.pl/","parcel_count":2,"parcel_shard":"x074-y208","parcel_id":"300907_2.0018.179/30","location_source":"powiat kolski (wfs)"}},{"type":"Feature","id":"ST-WK-KO/WNIOSEK/18726/2025::300907_2.0018.179/31","geometry":{"type":"Polygon","coordinates":[[[18.678405120601,52.18427759059],[18.6784027043917,52.1842791600054],[18.6781819267897,52.1843757782885],[18.6785915635619,52.1847328809614],[18.678815805499,52.1846352142279],[18.678405120601,52.18427759059]]]},"properties":{"case_id":"ST-WK-KO/WNIOSEK/18726/2025","source_type":"wniosek_decyzja","received_date":"2025-09-15","decision_date":"2025-10-28","status":"decyzja wydana","description":"Budowa budynku gospodarczego","address":"Powiercie","city":"Powiercie","office":"Starosta Powiatu Koło","case_kind":"Obiekt budowlany inny niż budynek mieszkalny jednorodzinny","parcel_ids":["300907_2.0018.AR_3.179/30","300907_2.0018.AR_3.179/31"],"location_quality":"dokładny","gunb_url":"https://wyszukiwarka.gunb.gov.pl/","parcel_count":2,"parcel_shard":"x074-y208","parcel_id":"300907_2.0018.179/31","location_source":"powiat kolski (wfs)"}},{"type":"Feature","id":"ST-WK-KO/WNIOSEK/7985/2026::300907_2.0019.189","geometry":{"type":"Polygon","coordinates":[[[18.6665649315755,52.1911958108115],[18.6653332127475,52.1901137678098],[18.6648853432101,52.1902709377315],[18.6661540554454,52.191380933004],[18.6665649315755,52.1911958108115]]]},"properties":{"case_id":"ST-WK-KO/WNIOSEK/7985/2026","source_type":"wniosek_decyzja","received_date":"2026-04-28","decision_date":"2026-05-29","status":"decyzja wydana","description":"Budowa budynku mieszkalnego jednorodzinnego","address":"Powiercie-Kolonia","city":"Powiercie-Kolonia","office":"Starosta Powiatu Koło","case_kind":"Budynek mieszkalny jednorodzinny","parcel_ids":["300907_2.0019.189"],"location_quality":"dokładny","gunb_url":"https://wyszukiwarka.gunb.gov.pl/","parcel_count":1,"parcel_shard":"x074-y208","parcel_id":"300907_2.0019.189","location_source":"powiat kolski (wfs)"}},{"type":"Feature","id":"ST-WK-KO/WNIOSEK/7969/2026::300907_2.0019.198","geometry":{"type":"Polygon","coordinates":[[[18.6669941630555,52.1910024657967],[18.6657866191031,52.1899508283368],[18.6653332127475,52.1901137678098],[18.6665649315755,52.1911958108115],[18.6669941630555,52.1910024657967]]]},"properties":{"case_id":"ST-WK-KO/WNIOSEK/7969/2026","source_type":"wniosek_decyzja","received_date":"2026-04-28","decision_date":"2026-06-01","status":"decyzja wydana","description":"Budowa budynku mieszkalnego jednorodzinnego","address":"Powiercie-Kolonia","city":"Powiercie-Kolonia","office":"Starosta Powiatu Koło","case_kind":"Budynek mieszkalny jednorodzinny","parcel_ids":["300907_2.0019.198"],"location_quality":"dokładny","gunb_url":"https://wyszukiwarka.gunb.gov.pl/","parcel_count":1,"parcel_shard":"x074-y208","parcel_id":"300907_2.0019.198","location_source":"powiat kolski (wfs)"}},{"type":"Feature","id":"ST-WK-KO/WNIOSEK/23807/2025::300907_2.0019.257/7","geometry":{"type":"Polygon","coordinates":[[[18.6642958463644,52.1860153400479],[18.663878283946,52.1856464892082],[18.6635326413392,52.185796284757],[18.6639114523957,52.1861258979026],[18.6640133884781,52.1861367389336],[18.6642958463644,52.1860153400479]]]},"properties":{"case_id":"ST-WK-KO/WNIOSEK/23807/2025","source_type":"wniosek_decyzja","received_date":"2025-11-24","decision_date":"2026-01-15","status":"decyzja wydana","description":"Budowa budynku gospodarczego","address":"Powiercie-Kolonia","city":"Powiercie-Kolonia","office":"Starosta Powiatu Koło","case_kind":"Obiekt budowlany inny niż budynek mieszkalny jednorodzinny","parcel_ids":["300907_2.0019.257/7"],"location_quality":"dokładny","gunb_url":"https://wyszukiwarka.gunb.gov.pl/","parcel_count":1,"parcel_shard":"x074-y208","parcel_id":"300907_2.0019.257/7","location_source":"powiat kolski (wfs)"}},{"type":"Feature","id":"ST-WK-KO/WNIOSEK/9349/2026::300907_2.0019.269","geometry":{"type":"Polygon","coordinates":[[[18.6705175977421,52.1904943919671],[18.6705300488872,52.1904894923732],[18.6706888368757,52.190627085245],[18.6708011523141,52.1905747009946],[18.6699036910773,52.1898088832832],[18.669787694633,52.1898608099026],[18.6704568178448,52.190433290368],[18.6704503281439,52.1904360071966],[18.6705072021742,52.1904856522322],[18.6705175977421,52.1904943919671]]]},"properties":{"case_id":"ST-WK-KO/WNIOSEK/9349/2026","source_type":"wniosek_decyzja","received_date":"2026-05-18","decision_date":"2026-06-19","status":"decyzja wydana","description":"Rozbiórka budynku mieszkalnego jednorodzinnego i budynku gospodarczego","address":"Powiercie-Kolonia","city":"Powiercie-Kolonia","office":"Starosta Powiatu Koło","case_kind":"Budynek mieszkalny jednorodzinny","parcel_ids":["300907_2.0019.269"],"location_quality":"dokładny","gunb_url":"https://wyszukiwarka.gunb.gov.pl/","parcel_count":1,"parcel_shard":"x074-y208","parcel_id":"300907_2.0019.269","location_source":"powiat kolski (wfs)"}},{"type":"Feature","id":"ST-WK-KO/WNIOSEK/7467/2026::300907_2.0019.300/1","geometry":{"type":"Polygon","coordinates":[[[18.6715160068843,52.1884925242623],[18.6712651185689,52.1886027955349],[18.6716445197159,52.188937054238],[18.671900633743,52.1888241459134],[18.6715160068843,52.1884925242623]]]},"properties":{"case_id":"ST-WK-KO/WNIOSEK/7467/2026","source_type":"wniosek_decyzja","received_date":"2026-04-22","decision_date":"2026-05-29","status":"decyzja wydana","description":"Budowa budynku mieszkalnego jednorodzinnego i zbiornika na gaz płynny V=2700l","address":"Powiercie-Kolonia","city":"Powiercie-Kolonia","office":"Starosta Powiatu Koło","case_kind":"Budynek mieszkalny jednorodzinny","parcel_ids":["300907_2.0019.300/1"],"location_quality":"dokładny","gunb_url":"https://wyszukiwarka.gunb.gov.pl/","parcel_count":1,"parcel_shard":"x074-y208","parcel_id":"300907_2.0019.300/1","location_source":"powiat kolski (wfs)"}},{"type":"Feature","id":"ST-WK-KO/WNIOSEK/23436/2025::300907_2.0019.312/6","geometry":{"type":"Polygon","coordinates":[[[18.6727861754975,52.1879249324033],[18.6729630103781,52.1880944805483],[18.6733451612827,52.1879388603823],[18.6731774868575,52.187784442656],[18.6731487315204,52.1877760276607],[18.6731207333592,52.187781266157],[18.6731102893764,52.1877832408927],[18.6727861754975,52.1879249324033]]]},"properties":{"case_id":"ST-WK-KO/WNIOSEK/23436/2025","source_type":"wniosek_decyzja","received_date":"2025-11-19","decision_date":"2025-12-01","status":"decyzja wydana","description":"Zmiana decyzji nr 302.2023 z dnia 31.07.2023r. pozwolenia na budowę budynku mieszkalnego jednorodzinnego w zakresie zmiany ogrzewania - instalacja gazowa zasilana gazem ziemnym dla budynku mieszkalnego jednorodzinnego  wg projektu zmian","address":"Powiercie-Kolonia","city":"Powiercie-Kolonia","office":"Starosta Powiatu Koło","case_kind":"Budynek mieszkalny jednorodzinny","parcel_ids":["300907_2.0019.312/6"],"location_quality":"dokładny","gunb_url":"https://wyszukiwarka.gunb.gov.pl/","parcel_count":1,"parcel_shard":"x074-y208","parcel_id":"300907_2.0019.312/6","location_source":"powiat kolski (wfs)"}},{"type":"Feature","id":"ST-WK-KO/ZGŁOSZENIE/3435/2025::300907_2.0019.54/4","geometry":{"type":"Polygon","coordinates":[[[18.6611911370318,52.1929849692967],[18.6609391939698,52.1927641571391],[18.6605777833684,52.1929175896841],[18.6607872806669,52.1931018029646],[18.6608891575328,52.1931128589644],[18.6611911370318,52.1929849692967]]]},"properties":{"case_id":"ST-WK-KO/ZGŁOSZENIE/3435/2025","source_type":"zgloszenie","received_date":"2025-10-27","decision_date":null,"status":"Brak sprzeciwu","description":"Budowa elektroenergetycznej linii kablowej niskiego napięcia","address":"Powiercie-Kolonia","city":"Powiercie-Kolonia","office":"Starosta Powiatu Koło","case_kind":"budowa nowego/nowych obiektów budowlanych","parcel_ids":["300907_2.0019.54/4","300907_2.0019.54/8","300907_2.0019.6/8","300907_2.0019.77"],"location_quality":"dokładny","gunb_url":"https://wyszukiwarka.gunb.gov.pl/","parcel_count":4,"parcel_shard":"x074-y208","parcel_id":"300907_2.0019.54/4","location_source":"powiat kolski (wfs)"}},{"type":"Feature","id":"ST-WK-KO/ZGŁOSZENIE/3435/2025::300907_2.0019.54/8","geometry":{"type":"Polygon","coordinates":[[[18.6599818400798,52.1919251902464],[18.6595781214216,52.1921232977626],[18.6595960513388,52.1921391061314],[18.6605270778193,52.1929590777565],[18.6614514697543,52.1937731471716],[18.6615063731949,52.1937439065411],[18.6611643777134,52.1934359571193],[18.6608879150766,52.1931902023249],[18.6612498996316,52.1930364894517],[18.6611911370318,52.1929849692967],[18.6608891575328,52.1931128589644],[18.6607872806669,52.1931018029646],[18.6605777833684,52.1929175896841],[18.6603682879211,52.1927333759295],[18.6603864251987,52.1926707637669],[18.6606872575471,52.1925434341209],[18.6606032305964,52.1924698604462],[18.6603025407203,52.1925970975679],[18.6602006652331,52.192586040984],[18.6599713821203,52.1923844463266],[18.6597565598917,52.1921954654705],[18.6597661800482,52.1921255338041],[18.6600489753453,52.1919841230202],[18.6600238564049,52.1919620672352],[18.6599818400798,52.1919251902464]]]},"properties":{"case_id":"ST-WK-KO/ZGŁOSZENIE/3435/2025","source_type":"zgloszenie","received_date":"2025-10-27","decision_date":null,"status":"Brak sprzeciwu","description":"Budowa elektroenergetycznej linii kablowej niskiego napięcia","address":"Powiercie-Kolonia","city":"Powiercie-Kolonia","office":"Starosta Powiatu Koło","case_kind":"budowa nowego/nowych obiektów budowlanych","parcel_ids":["300907_2.0019.54/4","300907_2.0019.54/8","300907_2.0019.6/8","300907_2.0019.77"],"location_quality":"dokładny","gunb_url":"https://wyszukiwarka.gunb.gov.pl/","parcel_count":4,"parcel_shard":"x074-y208","parcel_id":"300907_2.0019.54/8","location_source":"powiat kolski (wfs)"}},{"type":"Feature","id":"ST-WK-KO/ZGŁOSZENIE/3435/2025::300907_2.0019.6/8","geometry":{"type":"Polygon","coordinates":[[[18.6599138300078,52.1947245451001],[18.6601538561823,52.1945906479276],[18.6603726247494,52.1944687174349],[18.6605810102435,52.1943525174732],[18.6607649627784,52.1942498337685],[18.6609433407548,52.1941504072966],[18.6611371832005,52.19405481363],[18.6613455319019,52.1939400049676],[18.6615298388699,52.1938383173714],[18.6617911317025,52.1936942959642],[18.6619131120418,52.1936270537156],[18.6621006987275,52.193523690896],[18.6623030590727,52.1934121519802],[18.6624939165148,52.1933068908519],[18.6626854074941,52.1932013541846],[18.6629416741374,52.1930600882951],[18.6631337491215,52.1929541695336],[18.6632989920039,52.1928630454413],[18.663551393889,52.1927237930944],[18.6637462110704,52.1926166400681],[18.6639448214311,52.192508926098],[18.6641369064532,52.192405023439],[18.6643400938216,52.192298196655],[18.6645619218609,52.1922014613786],[18.6645814181455,52.192193461923],[18.6647596573489,52.1921125553893],[18.6649682457969,52.1920171867777],[18.6651947983538,52.1919125382856],[18.6652904062704,52.1918688667856],[18.6655784888465,52.1917374168103],[18.6658009874475,52.1916360772215],[18.666001000071,52.1915445300787],[18.6661187176861,52.1914906787069],[18.6662110537941,52.1914485741972],[18.6664245956326,52.1913523701965],[18.666589059289,52.19127758194],[18.6666372394191,52.1912557313705],[18.6666843061518,52.1912351582863],[18.6670687421656,52.1910673827664],[18.6671936600942,52.1910132561089],[18.6672909429183,52.1909719924276],[18.6675032167506,52.190879294824],[18.6677190222625,52.1907856149632],[18.6680918121685,52.1906192910385],[18.6681509041722,52.1905928502738],[18.668519657962,52.1904279416402],[18.6685798948509,52.1904009418918],[18.6687194610123,52.19033863101],[18.6690259471282,52.190190465501],[18.6693191014298,52.1900599162563],[18.6694639829122,52.1900057204767],[18.6696208367016,52.1899355046081],[18.669787694633,52.1898608099026],[18.6699036910773,52.1898088832832],[18.6702333770727,52.189661295765],[18.6705024531246,52.1895408395432],[18.6707990766307,52.1894080497884],[18.6711073749459,52.1892700319361],[18.6714070154537,52.1891302080862],[18.6717122504538,52.1889967978434],[18.6719698133449,52.1888829823303],[18.6722269403122,52.1887694383708],[18.6722686327946,52.1887510452384],[18.672508462041,52.1886445199102],[18.6725192120756,52.1886397849213],[18.6727478233831,52.1885382450131],[18.672989776684,52.1884279364516],[18.6732106058232,52.1883284663964],[18.6735663757885,52.1881684362959],[18.6736251689772,52.1881419977685],[18.6736782840481,52.188119431432],[18.6741790385652,52.1878977872972],[18.6746249199465,52.1876987375894],[18.6748727907957,52.1875905788567],[18.6751585380065,52.1874656298458],[18.6754200256369,52.1873493753398],[18.6756456895755,52.1872490467037],[18.6761621606795,52.1870194238708],[18.6766281981926,52.1868122198276],[18.6765611493868,52.1867533019936],[18.6760912017071,52.1869563740345],[18.6755734414293,52.1871866561229],[18.675344110114,52.1872887186393],[18.6750922685687,52.1874059697164],[18.6748066650504,52.1875307379883],[18.6745587781449,52.187639437119],[18.6741153498202,52.1878377257943],[18.6736141772633,52.1880598262619],[18.6736095881883,52.1880618818702],[18.6735606438227,52.1880828491896],[18.6735209258357,52.1881007833927],[18.6731477250637,52.1882700989781],[18.6729296875412,52.1883698081089],[18.6726804002905,52.1884774430741],[18.6724501661523,52.1885801391489],[18.6724401431743,52.1885846003505],[18.6721997386769,52.1886917579728],[18.6721574748787,52.1887110531274],[18.671900633743,52.1888241459134],[18.6716445197159,52.188937054238],[18.6713401730985,52.1890711782861],[18.6710457246815,52.1892023691162],[18.6708535398802,52.1892879483638],[18.6707351489414,52.1893406614569],[18.6704280990403,52.189477425962],[18.6701385451406,52.1896063891873],[18.6698501873818,52.1897347756014],[18.6696177602918,52.189838377339],[18.6693774876047,52.189945346557],[18.6692442902163,52.1900046685489],[18.668959255238,52.1901316132713],[18.6686450404607,52.1902718980317],[18.6685148479946,52.1903300210265],[18.6680752448266,52.1905266934918],[18.6676433632546,52.1907194578872],[18.6675435704692,52.1907550359104],[18.6675258779986,52.1907629987456],[18.6674273464565,52.1908129438133],[18.6672156590501,52.190905727845],[18.6671031579217,52.1909534265393],[18.6669941630555,52.1910024657967],[18.6665649315755,52.1911958108115],[18.6661540554454,52.191380933004],[18.6660355868229,52.1914343310594],[18.6659375572388,52.1914784503963],[18.6657320232234,52.1915710750743],[18.6655181368514,52.1916647265059],[18.6653704140633,52.1917323397732],[18.6652295168814,52.1917967686043],[18.6651193155227,52.1918470059526],[18.6648920902035,52.1919511952778],[18.6646817511,52.1920468432551],[18.6644703914646,52.1921427662381],[18.6642655483158,52.1922315333976],[18.6640731664183,52.192333311439],[18.6638817789198,52.1924344430629],[18.6636708908396,52.1925477669587],[18.6634859590225,52.1926509095984],[18.6633243832909,52.1927413375785],[18.6632161809885,52.192801805259],[18.6631622273021,52.1928321281119],[18.6628712821177,52.1929956351265],[18.6626075644356,52.1931412823463],[18.6624225424612,52.1932448841018],[18.6622334042092,52.1933507461956],[18.6618454282067,52.1935680097878],[18.6615063731949,52.1937439065411],[18.6614514697543,52.1937731471716],[18.6612577243551,52.1938842450366],[18.6610865483543,52.1939821180621],[18.6608870486501,52.1940952491733],[18.6606993919156,52.1941884907908],[18.660515830401,52.1942953934198],[18.6603111006233,52.1944145331026],[18.6598588771608,52.1946778617412],[18.6599138300078,52.1947245451001]]]},"properties":{"case_id":"ST-WK-KO/ZGŁOSZENIE/3435/2025","source_type":"zgloszenie","received_date":"2025-10-27","decision_date":null,"status":"Brak sprzeciwu","description":"Budowa elektroenergetycznej linii kablowej niskiego napięcia","address":"Powiercie-Kolonia","city":"Powiercie-Kolonia","office":"Starosta Powiatu Koło","case_kind":"budowa nowego/nowych obiektów budowlanych","parcel_ids":["300907_2.0019.54/4","300907_2.0019.54/8","300907_2.0019.6/8","300907_2.0019.77"],"location_quality":"dokładny","gunb_url":"https://wyszukiwarka.gunb.gov.pl/","parcel_count":4,"parcel_shard":"x074-y208","parcel_id":"300907_2.0019.6/8","location_source":"powiat kolski (wfs)"}},{"type":"Feature","id":"ST-WK-KO/ZGŁOSZENIE/3435/2025::300907_2.0019.77","geometry":{"type":"Polygon","coordinates":[[[18.6628712821177,52.1929956351265],[18.6625845511855,52.1927443258374],[18.6623327921148,52.1925235581947],[18.6620813333559,52.1923031478435],[18.6618295792803,52.1920823790938],[18.6615235975242,52.1918141880422],[18.6612079876143,52.1915375116334],[18.6611404199111,52.1914782105284],[18.6608371413491,52.19158902265],[18.6608632196265,52.1916118856403],[18.66186695855,52.1924919281467],[18.6626075644356,52.1931412823463],[18.6628712821177,52.1929956351265]]]},"properties":{"case_id":"ST-WK-KO/ZGŁOSZENIE/3435/2025","source_type":"zgloszenie","received_date":"2025-10-27","decision_date":null,"status":"Brak sprzeciwu","description":"Budowa elektroenergetycznej linii kablowej niskiego napięcia","address":"Powiercie-Kolonia","city":"Powiercie-Kolonia","office":"Starosta Powiatu Koło","case_kind":"budowa nowego/nowych obiektów budowlanych","parcel_ids":["300907_2.0019.54/4","300907_2.0019.54/8","300907_2.0019.6/8","300907_2.0019.77"],"location_quality":"dokładny","gunb_url":"https://wyszukiwarka.gunb.gov.pl/","parcel_count":4,"parcel_shard":"x074-y208","parcel_id":"300907_2.0019.77","location_source":"powiat kolski (wfs)"}},{"type":"Feature","id":"ST-WK-KO/WNIOSEK/9466/2026::300907_2.0019.188/9","geometry":{"type":"Polygon","coordinates":[[[18.6608776636797,52.1867571638135],[18.6630727801897,52.1886878557954],[18.6631447078044,52.1886569825392],[18.6619439234853,52.1876007245229],[18.6616327716558,52.1873269901163],[18.6616507068286,52.1872644235327],[18.6619420349507,52.1871387562735],[18.6618581754161,52.1870651662813],[18.661566993754,52.1871908325143],[18.6614651993865,52.1871798088147],[18.6609495883907,52.186726202019],[18.6608776636797,52.1867571638135]]]},"properties":{"case_id":"ST-WK-KO/WNIOSEK/9466/2026","source_type":"wniosek_decyzja","received_date":"2026-05-19","decision_date":"2026-06-18","status":"decyzja wydana","description":"Zmiana sposobu użytkowania części usługowej (sklepu) na funkcję mieszkalną , zbiornik szczelny na ścieki bytowe o poj.10m3","address":"Powiercie-Kolonia","city":"Powiercie-Kolonia","office":"Starosta Powiatu Koło","case_kind":"Budynek mieszkalny jednorodzinny","parcel_ids":["300907_2.0019.AR_2.188/9"],"location_quality":"dokładny","gunb_url":"https://wyszukiwarka.gunb.gov.pl/","parcel_count":1,"parcel_shard":"x074-y208","parcel_id":"300907_2.0019.188/9","location_source":"powiat kolski (wfs)"}},{"type":"Feature","id":"ST-WK-KO/WNIOSEK/7989/2026::300907_2.0019.189","geometry":{"type":"Polygon","coordinates":[[[18.6665649315755,52.1911958108115],[18.6653332127475,52.1901137678098],[18.6648853432101,52.1902709377315],[18.6661540554454,52.191380933004],[18.6665649315755,52.1911958108115]]]},"properties":{"case_id":"ST-WK-KO/WNIOSEK/7989/2026","source_type":"wniosek_decyzja","received_date":"2026-04-28","decision_date":"2026-06-12","status":"decyzja wydana","description":"Budowa budynku gospodarczo-garażowego","address":"Powiercie-Kolonia","city":"Powiercie-Kolonia","office":"Starosta Powiatu Koło","case_kind":"Obiekt budowlany inny niż budynek mieszkalny jednorodzinny","parcel_ids":["300907_2.0019.AR_2.189"],"location_quality":"dokładny","gunb_url":"https://wyszukiwarka.gunb.gov.pl/","parcel_count":1,"parcel_shard":"x074-y208","parcel_id":"300907_2.0019.189","location_source":"powiat kolski (wfs)"}},{"type":"Feature","id":"ST-WK-KO/WNIOSEK/7975/2026::300907_2.0019.198","geometry":{"type":"Polygon","coordinates":[[[18.6669941630555,52.1910024657967],[18.6657866191031,52.1899508283368],[18.6653332127475,52.1901137678098],[18.6665649315755,52.1911958108115],[18.6669941630555,52.1910024657967]]]},"properties":{"case_id":"ST-WK-KO/WNIOSEK/7975/2026","source_type":"wniosek_decyzja","received_date":"2026-04-28","decision_date":"2026-06-23","status":"decyzja wydana","description":"Budowa budynku gospodarczo-garażowego","address":"Powiercie-Kolonia","city":"Powiercie-Kolonia","office":"Starosta Powiatu Koło","case_kind":"Obiekt budowlany inny niż budynek mieszkalny jednorodzinny","parcel_ids":["300907_2.0019.AR_2.198"],"location_quality":"dokładny","gunb_url":"https://wyszukiwarka.gunb.gov.pl/","parcel_count":1,"parcel_shard":"x074-y208","parcel_id":"300907_2.0019.198","location_source":"powiat kolski (wfs)"}},{"type":"Feature","id":"ST-WK-KO/WNIOSEK/8121/2026::300907_2.0019.286/1","geometry":{"type":"Polygon","coordinates":[[[18.6710457246815,52.1892023691162],[18.6706405432728,52.1888456953678],[18.6703871446987,52.1889546308377],[18.6707533645604,52.1892780918897],[18.6708535398802,52.1892879483638],[18.6710457246815,52.1892023691162]]]},"properties":{"case_id":"ST-WK-KO/WNIOSEK/8121/2026","source_type":"wniosek_decyzja","received_date":"2026-04-29","decision_date":"2026-05-29","status":"decyzja wydana","description":"Budynek mieszkalny jednorodzinny","address":"Powiercie-Kolonia","city":"Powiercie-Kolonia","office":"Starosta Powiatu Koło","case_kind":"Budynek mieszkalny jednorodzinny","parcel_ids":["300907_2.0019.AR_2.286/1"],"location_quality":"dokładny","gunb_url":"https://wyszukiwarka.gunb.gov.pl/","parcel_count":1,"parcel_shard":"x074-y208","parcel_id":"300907_2.0019.286/1","location_source":"powiat kolski (wfs)"}},{"type":"Feature","id":"ST-WK-KO/WNIOSEK/6298/2026::300907_2.0019.75/8","geometry":{"type":"Polygon","coordinates":[[[18.6650107473461,52.1952574472996],[18.6657406442415,52.1958984833375],[18.6661688497929,52.1957292511739],[18.6656622620028,52.1952825350433],[18.6653848496793,52.1950990387029],[18.6650107473461,52.1952574472996]]]},"properties":{"case_id":"ST-WK-KO/WNIOSEK/6298/2026","source_type":"wniosek_decyzja","received_date":"2026-04-02","decision_date":"2026-05-06","status":"decyzja wydana","description":"Budowa budynku gospodarczego","address":"Powiercie-Kolonia","city":"Powiercie-Kolonia","office":"Starosta Powiatu Koło","case_kind":"Obiekt budowlany inny niż budynek mieszkalny jednorodzinny","parcel_ids":["300907_2.0019.AR_2.75/8"],"location_quality":"dokładny","gunb_url":"https://wyszukiwarka.gunb.gov.pl/","parcel_count":1,"parcel_shard":"x074-y208","parcel_id":"300907_2.0019.75/8","location_source":"powiat kolski (wfs)"}},{"type":"Feature","id":"ST-WK-KO/WNIOSEK/10314/2026::300907_2.0021.397/20","geometry":{"type":"Polygon","coordinates":[[[18.6641165618311,52.2328954385443],[18.6641361680375,52.232701273055],[18.6628687391498,52.2326845870541],[18.6628452342371,52.2329148079302],[18.6634745010091,52.232922777086],[18.6640690690565,52.2329303089517],[18.6641165618311,52.2328954385443]]]},"properties":{"case_id":"ST-WK-KO/WNIOSEK/10314/2026","source_type":"wniosek_decyzja","received_date":"2026-06-01","decision_date":"2026-07-27","status":"decyzja wydana","description":"Budynek mieszkalny jednorodzinny i zbiornik bezodpływowy na nieczystości ciekłe V=10,0m3","address":"Ruchenna","city":"Ruchenna","office":"Starosta Powiatu Koło","case_kind":"Budynek mieszkalny jednorodzinny","parcel_ids":["300907_2.0021.397/20"],"location_quality":"dokładny","gunb_url":"https://wyszukiwarka.gunb.gov.pl/","parcel_count":1,"parcel_shard":"x074-y208","parcel_id":"300907_2.0021.397/20","location_source":"powiat kolski (wfs)"}},{"type":"Feature","id":"ST-WK-KO/WNIOSEK/9039/2026::300907_2.0021.436/58","geometry":{"type":"Polygon","coordinates":[[[18.6527580001478,52.2282286741905],[18.6525532560965,52.2278742332025],[18.6519929551375,52.2279995780083],[18.6519362581872,52.2280059130331],[18.6518583252291,52.22802135316],[18.6513703805191,52.2281139253658],[18.651366461103,52.2282334304328],[18.6513629081139,52.2283434263806],[18.651708659386,52.2283057462463],[18.6517185485072,52.2283413734045],[18.6520121261489,52.2283095697053],[18.6523045622213,52.228277842228],[18.6527580001478,52.2282286741905]]]},"properties":{"case_id":"ST-WK-KO/WNIOSEK/9039/2026","source_type":"wniosek_decyzja","received_date":"2026-05-13","decision_date":"2026-07-03","status":"decyzja wydana","description":"Budowa budynku usługowego","address":"Czołowo-Kolonia","city":"Czołowo-Kolonia","office":"Starosta Powiatu Koło","case_kind":"Obiekt budowlany inny niż budynek mieszkalny jednorodzinny","parcel_ids":["300907_2.0021.436/58","300907_2.0021.436/67","300907_2.0021.436/75","300907_2.0021.436/76","300907_2.0021.436/77"],"location_quality":"dokładny","gunb_url":"https://wyszukiwarka.gunb.gov.pl/","parcel_count":5,"parcel_shard":"x074-y208","parcel_id":"300907_2.0021.436/58","location_source":"powiat kolski (wfs)"}},{"type":"Feature","id":"ST-WK-KO/WNIOSEK/9039/2026::300907_2.0021.436/67","geometry":{"type":"Polygon","coordinates":[[[18.6525783110854,52.2285614092811],[18.6527980982716,52.2282981082649],[18.6527580001478,52.2282286741905],[18.6523045622213,52.228277842228],[18.652312075025,52.2285997376091],[18.6524766873516,52.2285982819907],[18.6525783110854,52.2285614092811]]]},"properties":{"case_id":"ST-WK-KO/WNIOSEK/9039/2026","source_type":"wniosek_decyzja","received_date":"2026-05-13","decision_date":"2026-07-03","status":"decyzja wydana","description":"Budowa budynku usługowego","address":"Czołowo-Kolonia","city":"Czołowo-Kolonia","office":"Starosta Powiatu Koło","case_kind":"Obiekt budowlany inny niż budynek mieszkalny jednorodzinny","parcel_ids":["300907_2.0021.436/58","300907_2.0021.436/67","300907_2.0021.436/75","300907_2.0021.436/76","300907_2.0021.436/77"],"location_quality":"dokładny","gunb_url":"https://wyszukiwarka.gunb.gov.pl/","parcel_count":5,"parcel_shard":"x074-y208","parcel_id":"300907_2.0021.436/67","location_source":"powiat kolski (wfs)"}},{"type":"Feature","id":"ST-WK-KO/WNIOSEK/9039/2026::300907_2.0021.436/75","geometry":{"type":"Polygon","coordinates":[[[18.6517247870349,52.2286049042203],[18.6517185485072,52.2283413734045],[18.651708659386,52.2283057462463],[18.6513629081139,52.2283434263806],[18.6513690189281,52.2286080326372],[18.6517247870349,52.2286049042203]]]},"properties":{"case_id":"ST-WK-KO/WNIOSEK/9039/2026","source_type":"wniosek_decyzja","received_date":"2026-05-13","decision_date":"2026-07-03","status":"decyzja wydana","description":"Budowa budynku usługowego","address":"Czołowo-Kolonia","city":"Czołowo-Kolonia","office":"Starosta Powiatu Koło","case_kind":"Obiekt budowlany inny niż budynek mieszkalny jednorodzinny","parcel_ids":["300907_2.0021.436/58","300907_2.0021.436/67","300907_2.0021.436/75","300907_2.0021.436/76","300907_2.0021.436/77"],"location_quality":"dokładny","gunb_url":"https://wyszukiwarka.gunb.gov.pl/","parcel_count":5,"parcel_shard":"x074-y208","parcel_id":"300907_2.0021.436/75","location_source":"powiat kolski (wfs)"}},{"type":"Feature","id":"ST-WK-KO/WNIOSEK/9039/2026::300907_2.0021.436/76","geometry":{"type":"Polygon","coordinates":[[[18.6520189432551,52.2286023167743],[18.6520121261489,52.2283095697053],[18.6517185485072,52.2283413734045],[18.6517247870349,52.2286049042203],[18.6520189432551,52.2286023167743]]]},"properties":{"case_id":"ST-WK-KO/WNIOSEK/9039/2026","source_type":"wniosek_decyzja","received_date":"2026-05-13","decision_date":"2026-07-03","status":"decyzja wydana","description":"Budowa budynku usługowego","address":"Czołowo-Kolonia","city":"Czołowo-Kolonia","office":"Starosta Powiatu Koło","case_kind":"Obiekt budowlany inny niż budynek mieszkalny jednorodzinny","parcel_ids":["300907_2.0021.436/58","300907_2.0021.436/67","300907_2.0021.436/75","300907_2.0021.436/76","300907_2.0021.436/77"],"location_quality":"dokładny","gunb_url":"https://wyszukiwarka.gunb.gov.pl/","parcel_count":5,"parcel_shard":"x074-y208","parcel_id":"300907_2.0021.436/76","location_source":"powiat kolski (wfs)"}},{"type":"Feature","id":"ST-WK-KO/WNIOSEK/9039/2026::300907_2.0021.436/77","geometry":{"type":"Polygon","coordinates":[[[18.652312075025,52.2285997376091],[18.6523045622213,52.228277842228],[18.6520121261489,52.2283095697053],[18.6520189432551,52.2286023167743],[18.652312075025,52.2285997376091]]]},"properties":{"case_id":"ST-WK-KO/WNIOSEK/9039/2026","source_type":"wniosek_decyzja","received_date":"2026-05-13","decision_date":"2026-07-03","status":"decyzja wydana","description":"Budowa budynku usługowego","address":"Czołowo-Kolonia","city":"Czołowo-Kolonia","office":"Starosta Powiatu Koło","case_kind":"Obiekt budowlany inny niż budynek mieszkalny jednorodzinny","parcel_ids":["300907_2.0021.436/58","300907_2.0021.436/67","300907_2.0021.436/75","300907_2.0021.436/76","300907_2.0021.436/77"],"location_quality":"dokładny","gunb_url":"https://wyszukiwarka.gunb.gov.pl/","parcel_count":5,"parcel_shard":"x074-y208","parcel_id":"300907_2.0021.436/77","location_source":"powiat kolski (wfs)"}},{"type":"Feature","id":"ST-WK-KO/WNIOSEK/2884/2026::300907_2.0021.436/7","geometry":{"type":"Polygon","coordinates":[[[18.6525777137692,52.2303051347254],[18.6525858361772,52.2306270517982],[18.6529664356385,52.2306281517673],[18.6529582576484,52.2303017400564],[18.6525777137692,52.2303051347254]]]},"properties":{"case_id":"ST-WK-KO/WNIOSEK/2884/2026","source_type":"wniosek_decyzja","received_date":"2026-02-17","decision_date":"2026-04-02","status":"decyzja wydana","description":"Instalacja gazu ziemnego do budynku mieszkalnego jednorodzinnego dwulokalowego","address":"Ruchenna","city":"Ruchenna","office":"Starosta Powiatu Koło","case_kind":"Budynek mieszkalny jednorodzinny","parcel_ids":["300907_2.0021.436/7"],"location_quality":"dokładny","gunb_url":"https://wyszukiwarka.gunb.gov.pl/","parcel_count":1,"parcel_shard":"x074-y208","parcel_id":"300907_2.0021.436/7","location_source":"powiat kolski (wfs)"}},{"type":"Feature","id":"ST-WK-KO/WNIOSEK/21152/2025::300908_2.0002.AR_1.52","geometry":{"type":"Polygon","coordinates":[[[18.5789518911076,52.1624183775076],[18.5801991986062,52.1627173036007],[18.5802967055144,52.1625169326791],[18.5801431658349,52.1624855101618],[18.5791271586897,52.1622395125788],[18.5694188067775,52.1598711799231],[18.5694426249798,52.1600962936225],[18.5789518911076,52.1624183775076]]]},"properties":{"case_id":"ST-WK-KO/WNIOSEK/21152/2025","source_type":"wniosek_decyzja","received_date":"2025-10-16","decision_date":"2025-12-15","status":"decyzja wydana","description":"Budowa hali łukowej na płody rolne wraz z rozbiórką budynku gospodarczego - stodoły","address":"Białków Kościelny","city":"Białków Kościelny","office":"Starosta Powiatu Koło","case_kind":"Obiekt budowlany inny niż budynek mieszkalny jednorodzinny","parcel_ids":["300908_2.0002.AR_1.52"],"location_quality":"dokładny","gunb_url":"https://wyszukiwarka.gunb.gov.pl/","parcel_count":1,"parcel_shard":"x074-y208","parcel_id":"300908_2.0002.AR_1.52","location_source":"powiat kolski (wfs)"}},{"type":"Feature","id":"ST-WK-KO/WNIOSEK/5120/2026::300908_2.0002.AR_1.79/1","geometry":{"type":"Polygon","coordinates":[[[18.5829324598336,52.1640000663376],[18.5832587481359,52.1640278440288],[18.5833433633441,52.1639097134896],[18.5832757446745,52.1638936958812],[18.5801806240234,52.1631433323868],[18.5801735120752,52.1631583771869],[18.5802791357565,52.163177451329],[18.5803436033894,52.1631898071574],[18.5802803245129,52.1633137921899],[18.5802662199079,52.1633305790964],[18.5802245081357,52.1633822850315],[18.5800777055362,52.1633547849364],[18.5800078956018,52.1635273366843],[18.5814321236009,52.1638722924102],[18.5815667456206,52.163839721707],[18.5824825920452,52.1640333866868],[18.5829324598336,52.1640000663376]]]},"properties":{"case_id":"ST-WK-KO/WNIOSEK/5120/2026","source_type":"wniosek_decyzja","received_date":"2026-03-19","decision_date":"2026-04-02","status":"decyzja wydana","description":"Budowa budynku mieszkalnego jednorodzinnego wraz z instalacją na gaz płynny naziemny o poj. V=2700l","address":"Białków Kościelny","city":"Białków Kościelny","office":"Starosta Powiatu Koło","case_kind":"Budynek mieszkalny jednorodzinny","parcel_ids":["300908_2.0002.AR_1.79/1"],"location_quality":"dokładny","gunb_url":"https://wyszukiwarka.gunb.gov.pl/","parcel_count":1,"parcel_shard":"x074-y208","parcel_id":"300908_2.0002.AR_1.79/1","location_source":"powiat kolski (wfs)"}},{"type":"Feature","id":"ST-WK-KO/WNIOSEK/5640/2026::300908_2.0003.AR_2.567/4","geometry":{"type":"Polygon","coordinates":[[[18.5906303412686,52.1382775692948],[18.5908951538554,52.1380668233805],[18.5843861782769,52.1349561652532],[18.5832174380223,52.1347347350168],[18.5906303412686,52.1382775692948]]]},"properties":{"case_id":"ST-WK-KO/WNIOSEK/5640/2026","source_type":"wniosek_decyzja","received_date":"2026-03-26","decision_date":"2026-05-08","status":"decyzja wydana","description":"Budowa budynku gospodarczego - magazynu do przygotowania i przechowywania pasz wraz z infrastrukturą techniczną","address":"Daniszew","city":"Daniszew","office":"Starosta Powiatu Koło","case_kind":"Obiekt budowlany inny niż budynek mieszkalny jednorodzinny","parcel_ids":["300908_2.0003.AR_2.567/4"],"location_quality":"dokładny","gunb_url":"https://wyszukiwarka.gunb.gov.pl/","parcel_count":1,"parcel_shard":"x074-y208","parcel_id":"300908_2.0003.AR_2.567/4","location_source":"powiat kolski (wfs)"}},{"type":"Feature","id":"ST-WK-KO/WNIOSEK/24399/2025::300908_2.0004.AR_1.1520","geometry":{"type":"Polygon","coordinates":[[[18.660957222972,52.1444978148474],[18.6610553697814,52.1449695831127],[18.6610987557973,52.1449693399372],[18.6614061188475,52.1449583591145],[18.6613214897307,52.1445512287933],[18.660957222972,52.1444978148474]]]},"properties":{"case_id":"ST-WK-KO/WNIOSEK/24399/2025","source_type":"wniosek_decyzja","received_date":"2025-12-02","decision_date":"2026-01-15","status":"decyzja wydana","description":"Budowa budynku mieszkalnego jednorodzinnego","address":"Dobrów","city":"Dobrów","office":"Starosta Powiatu Koło","case_kind":"Budynek mieszkalny jednorodzinny","parcel_ids":["300908_2.0004.AR_1.1520"],"location_quality":"dokładny","gunb_url":"https://wyszukiwarka.gunb.gov.pl/","parcel_count":1,"parcel_shard":"x074-y208","parcel_id":"300908_2.0004.AR_1.1520","location_source":"powiat kolski (wfs)"}},{"type":"Feature","id":"ST-WK-KO/WNIOSEK/5104/2026::300908_2.0004.AR_4.871","geometry":{"type":"Polygon","coordinates":[[[18.6739580137326,52.1447372941971],[18.6740814797543,52.1446320583594],[18.6740686853585,52.1446264690506],[18.673956648377,52.1445791134586],[18.6736383835166,52.1444384720765],[18.6734942554456,52.1445589252548],[18.6735098116961,52.1445636000561],[18.673589076842,52.1445884935146],[18.673829344798,52.1446817645749],[18.6738789236088,52.1447046703189],[18.6739446363598,52.144731798086],[18.6739580137326,52.1447372941971]]]},"properties":{"case_id":"ST-WK-KO/WNIOSEK/5104/2026","source_type":"wniosek_decyzja","received_date":"2026-03-19","decision_date":"2026-05-14","status":"decyzja wydana","description":"Zmiana sposobu użytkowania budynku gospodarczego na gospodarczo-garażowy ze zmianą konstrukcji dachu i przebudową oraz rozbiórka budynku gospodarczego","address":"Dobrów","city":"Dobrów","office":"Starosta Powiatu Koło","case_kind":"Budynek mieszkalny jednorodzinny","parcel_ids":["300908_2.0004.AR_4.871"],"location_quality":"dokładny","gunb_url":"https://wyszukiwarka.gunb.gov.pl/","parcel_count":1,"parcel_shard":"x074-y208","parcel_id":"300908_2.0004.AR_4.871","location_source":"powiat kolski (wfs)"}},{"type":"Feature","id":"ST-WK-KO/WNIOSEK/18956/2025::300908_2.0004.AR_4.874","geometry":{"type":"Polygon","coordinates":[[[18.6739720027943,52.14421685198],[18.6739531992996,52.1442402014691],[18.6738868517243,52.1443225885702],[18.674282654891,52.1444737770414],[18.674341602381,52.1444186667758],[18.6744262059463,52.1443270366476],[18.6744197437184,52.1443249471408],[18.6742999036956,52.1442865170892],[18.6742513303153,52.1442709340019],[18.674259875007,52.144260853097],[18.6742244904088,52.1442485922664],[18.6741122269403,52.1442096925928],[18.674091861729,52.1442026359733],[18.674022457569,52.1441784159194],[18.6740163374683,52.1441755523764],[18.6739720027943,52.14421685198]]]},"properties":{"case_id":"ST-WK-KO/WNIOSEK/18956/2025","source_type":"wniosek_decyzja","received_date":"2025-09-17","decision_date":"2025-10-09","status":"decyzja wydana","description":"Rozbiórka budynku mieszkalnego jednorodzinnego","address":"Dobrów","city":"Dobrów","office":"Starosta Powiatu Koło","case_kind":"Budynek mieszkalny jednorodzinny","parcel_ids":["300908_2.0004.AR_4.874"],"location_quality":"dokładny","gunb_url":"https://wyszukiwarka.gunb.gov.pl/","parcel_count":1,"parcel_shard":"x074-y208","parcel_id":"300908_2.0004.AR_4.874","location_source":"powiat kolski (wfs)"}},{"type":"Feature","id":"ST-WK-KO/WNIOSEK/23697/2025::300908_2.0004.AR_4.874","geometry":{"type":"Polygon","coordinates":[[[18.6739720027943,52.14421685198],[18.6739531992996,52.1442402014691],[18.6738868517243,52.1443225885702],[18.674282654891,52.1444737770414],[18.674341602381,52.1444186667758],[18.6744262059463,52.1443270366476],[18.6744197437184,52.1443249471408],[18.6742999036956,52.1442865170892],[18.6742513303153,52.1442709340019],[18.674259875007,52.144260853097],[18.6742244904088,52.1442485922664],[18.6741122269403,52.1442096925928],[18.674091861729,52.1442026359733],[18.674022457569,52.1441784159194],[18.6740163374683,52.1441755523764],[18.6739720027943,52.14421685198]]]},"properties":{"case_id":"ST-WK-KO/WNIOSEK/23697/2025","source_type":"wniosek_decyzja","received_date":"2025-11-21","decision_date":"2025-12-10","status":"decyzja wydana","description":"Budynek mieszkalny jednorodzinny","address":"Dobrów","city":"Dobrów","office":"Starosta Powiatu Koło","case_kind":"Budynek mieszkalny jednorodzinny","parcel_ids":["300908_2.0004.AR_4.874"],"location_quality":"dokładny","gunb_url":"https://wyszukiwarka.gunb.gov.pl/","parcel_count":1,"parcel_shard":"x074-y208","parcel_id":"300908_2.0004.AR_4.874","location_source":"powiat kolski (wfs)"}},{"type":"Feature","id":"ST-WK-KO/WNIOSEK/10666/2026::300908_2.0005.AR_1.131/9","geometry":{"type":"Polygon","coordinates":[[[18.5153720945417,52.1465909568892],[18.5155034142347,52.1467661867143],[18.5161671867223,52.1465304068231],[18.5160120114268,52.1463643598928],[18.5153720945417,52.1465909568892]]]},"properties":{"case_id":"ST-WK-KO/WNIOSEK/10666/2026","source_type":"wniosek_decyzja","received_date":"2026-06-05","decision_date":"2026-06-16","status":"decyzja wydana","description":"Budowa budynku mieszkalnego jednorodzinnego i przydomowej oczyszczalni ścieków","address":"Kościelec","city":"Kościelec","office":"Starosta Powiatu Koło","case_kind":"Budynek mieszkalny jednorodzinny","parcel_ids":["300908_2.0005.AR_1.131/9"],"location_quality":"dokładny","gunb_url":"https://wyszukiwarka.gunb.gov.pl/","parcel_count":1,"parcel_shard":"x074-y208","parcel_id":"300908_2.0005.AR_1.131/9","location_source":"powiat kolski (wfs)"}},{"type":"Feature","id":"ST-WK-KO/WNIOSEK/2375/2026::300908_2.0007.AR_2.202/3","geometry":{"type":"Polygon","coordinates":[[[18.5520616744333,52.1829007789691],[18.5515721650622,52.1825603372938],[18.5513324263715,52.1827026868275],[18.551802587031,52.1830247360253],[18.5520616744333,52.1829007789691]]]},"properties":{"case_id":"ST-WK-KO/WNIOSEK/2375/2026","source_type":"wniosek_decyzja","received_date":"2026-02-10","decision_date":"2026-03-24","status":"decyzja wydana","description":"Zmiana decyzji nr 339.2025 z dnia 31.07.2025r. pozwolenia na  rozbudowę budynku gospodarczo-garażowego oraz budowę budynku,gospodarczo-garażowego wg projektu zmian","address":"Gąsiorów","city":"Gąsiorów","office":"Starosta Powiatu Koło","case_kind":"Obiekt budowlany inny niż budynek mieszkalny jednorodzinny","parcel_ids":["300908_2.0007.AR_2.202/3","300908_2.0007.AR_2.202/8"],"location_quality":"dokładny","gunb_url":"https://wyszukiwarka.gunb.gov.pl/","parcel_count":2,"parcel_shard":"x074-y208","parcel_id":"300908_2.0007.AR_2.202/3","location_source":"powiat kolski (wfs)"}},{"type":"Feature","id":"ST-WK-KO/WNIOSEK/2375/2026::300908_2.0007.AR_2.202/8","geometry":{"type":"Polygon","coordinates":[[[18.5521362468391,52.1829663962846],[18.551528764928,52.1832714690567],[18.5534537016568,52.1847469157187],[18.5541691308043,52.1843886264998],[18.5530364351938,52.1835946711],[18.5521362468391,52.1829663962846]]]},"properties":{"case_id":"ST-WK-KO/WNIOSEK/2375/2026","source_type":"wniosek_decyzja","received_date":"2026-02-10","decision_date":"2026-03-24","status":"decyzja wydana","description":"Zmiana decyzji nr 339.2025 z dnia 31.07.2025r. pozwolenia na  rozbudowę budynku gospodarczo-garażowego oraz budowę budynku,gospodarczo-garażowego wg projektu zmian","address":"Gąsiorów","city":"Gąsiorów","office":"Starosta Powiatu Koło","case_kind":"Obiekt budowlany inny niż budynek mieszkalny jednorodzinny","parcel_ids":["300908_2.0007.AR_2.202/3","300908_2.0007.AR_2.202/8"],"location_quality":"dokładny","gunb_url":"https://wyszukiwarka.gunb.gov.pl/","parcel_count":2,"parcel_shard":"x074-y208","parcel_id":"300908_2.0007.AR_2.202/8","location_source":"powiat kolski (wfs)"}},{"type":"Feature","id":"ST-WK-KO/WNIOSEK/259/2026::300908_2.0008.AR_1.352/15","geometry":{"type":"Polygon","coordinates":[[[18.5916887462523,52.1898924095976],[18.591640219354,52.1899713867698],[18.5920519507046,52.1900644133662],[18.5920999123476,52.189986966801],[18.5916887462523,52.1898924095976]]]},"properties":{"case_id":"ST-WK-KO/WNIOSEK/259/2026","source_type":"wniosek_decyzja","received_date":"2026-01-08","decision_date":"2026-02-20","status":"decyzja wydana","description":"Budowa budynku mieszkalnego jednorodzinnego","address":"Kościelec","city":"Kościelec","office":"Starosta Powiatu Koło","case_kind":"Budynek mieszkalny jednorodzinny","parcel_ids":["300908_2.0008.AR_1.352/15","300908_2.0008.AR_1.352/16","300908_2.0008.AR_1.355/9","300908_2.0008.AR_1.356/9"],"location_quality":"dokładny","gunb_url":"https://wyszukiwarka.gunb.gov.pl/","parcel_count":4,"parcel_shard":"x074-y208","parcel_id":"300908_2.0008.AR_1.352/15","location_source":"powiat kolski (wfs)"}},{"type":"Feature","id":"ST-WK-KO/WNIOSEK/259/2026::300908_2.0008.AR_1.352/16","geometry":{"type":"Polygon","coordinates":[[[18.5920364920716,52.1900896569987],[18.5920519507046,52.1900644133662],[18.591640219354,52.1899713867698],[18.5916247605192,52.1899966303494],[18.5920364920716,52.1900896569987]]]},"properties":{"case_id":"ST-WK-KO/WNIOSEK/259/2026","source_type":"wniosek_decyzja","received_date":"2026-01-08","decision_date":"2026-02-20","status":"decyzja wydana","description":"Budowa budynku mieszkalnego jednorodzinnego","address":"Kościelec","city":"Kościelec","office":"Starosta Powiatu Koło","case_kind":"Budynek mieszkalny jednorodzinny","parcel_ids":["300908_2.0008.AR_1.352/15","300908_2.0008.AR_1.352/16","300908_2.0008.AR_1.355/9","300908_2.0008.AR_1.356/9"],"location_quality":"dokładny","gunb_url":"https://wyszukiwarka.gunb.gov.pl/","parcel_count":4,"parcel_shard":"x074-y208","parcel_id":"300908_2.0008.AR_1.352/16","location_source":"powiat kolski (wfs)"}},{"type":"Feature","id":"ST-WK-KO/WNIOSEK/259/2026::300908_2.0008.AR_1.355/9","geometry":{"type":"Polygon","coordinates":[[[18.5920999123476,52.189986966801],[18.5921580209306,52.1898917631656],[18.5917474357393,52.1897968437362],[18.5916887462523,52.1898924095976],[18.5920999123476,52.189986966801]]]},"properties":{"case_id":"ST-WK-KO/WNIOSEK/259/2026","source_type":"wniosek_decyzja","received_date":"2026-01-08","decision_date":"2026-02-20","status":"decyzja wydana","description":"Budowa budynku mieszkalnego jednorodzinnego","address":"Kościelec","city":"Kościelec","office":"Starosta Powiatu Koło","case_kind":"Budynek mieszkalny jednorodzinny","parcel_ids":["300908_2.0008.AR_1.352/15","300908_2.0008.AR_1.352/16","300908_2.0008.AR_1.355/9","300908_2.0008.AR_1.356/9"],"location_quality":"dokładny","gunb_url":"https://wyszukiwarka.gunb.gov.pl/","parcel_count":4,"parcel_shard":"x074-y208","parcel_id":"300908_2.0008.AR_1.355/9","location_source":"powiat kolski (wfs)"}},{"type":"Feature","id":"ST-WK-KO/WNIOSEK/259/2026::300908_2.0008.AR_1.356/9","geometry":{"type":"Polygon","coordinates":[[[18.5921580209306,52.1898917631656],[18.5922149940598,52.1897991716843],[18.5918045498661,52.1897038023518],[18.5917474357393,52.1897968437362],[18.5921580209306,52.1898917631656]]]},"properties":{"case_id":"ST-WK-KO/WNIOSEK/259/2026","source_type":"wniosek_decyzja","received_date":"2026-01-08","decision_date":"2026-02-20","status":"decyzja wydana","description":"Budowa budynku mieszkalnego jednorodzinnego","address":"Kościelec","city":"Kościelec","office":"Starosta Powiatu Koło","case_kind":"Budynek mieszkalny jednorodzinny","parcel_ids":["300908_2.0008.AR_1.352/15","300908_2.0008.AR_1.352/16","300908_2.0008.AR_1.355/9","300908_2.0008.AR_1.356/9"],"location_quality":"dokładny","gunb_url":"https://wyszukiwarka.gunb.gov.pl/","parcel_count":4,"parcel_shard":"x074-y208","parcel_id":"300908_2.0008.AR_1.356/9","location_source":"powiat kolski (wfs)"}},{"type":"Feature","id":"ST-WK-KO/WNIOSEK/22224/2025::300908_2.0008.AR_1.353","geometry":{"type":"Polygon","coordinates":[[[18.5965549035363,52.191009099182],[18.596177896801,52.1909222942312],[18.596177982025,52.1910161272864],[18.5965464479018,52.1910937360994],[18.5965549035363,52.191009099182]]]},"properties":{"case_id":"ST-WK-KO/WNIOSEK/22224/2025","source_type":"wniosek_decyzja","received_date":"2025-10-29","decision_date":"2025-11-18","status":"decyzja wydana","description":"Budowa budynku mieszkalnego jednorodzinnego oraz zbiornika podziemnego na gaz płynny o poj. 2700l","address":"Gozdów","city":"Gozdów","office":"Starosta Powiatu Koło","case_kind":"Budynek mieszkalny jednorodzinny","parcel_ids":["300908_2.0008.AR_1.353","300908_2.0008.AR_1.354"],"location_quality":"dokładny","gunb_url":"https://wyszukiwarka.gunb.gov.pl/","parcel_count":2,"parcel_shard":"x074-y208","parcel_id":"300908_2.0008.AR_1.353","location_source":"powiat kolski (wfs)"}},{"type":"Feature","id":"ST-WK-KO/WNIOSEK/22224/2025::300908_2.0008.AR_1.354","geometry":{"type":"Polygon","coordinates":[[[18.5965648366352,52.1909099126245],[18.5965626359195,52.190909384478],[18.5961777009778,52.1908201928819],[18.596177896801,52.1909222942312],[18.5965549035363,52.191009099182],[18.5965648366352,52.1909099126245]]]},"properties":{"case_id":"ST-WK-KO/WNIOSEK/22224/2025","source_type":"wniosek_decyzja","received_date":"2025-10-29","decision_date":"2025-11-18","status":"decyzja wydana","description":"Budowa budynku mieszkalnego jednorodzinnego oraz zbiornika podziemnego na gaz płynny o poj. 2700l","address":"Gozdów","city":"Gozdów","office":"Starosta Powiatu Koło","case_kind":"Budynek mieszkalny jednorodzinny","parcel_ids":["300908_2.0008.AR_1.353","300908_2.0008.AR_1.354"],"location_quality":"dokładny","gunb_url":"https://wyszukiwarka.gunb.gov.pl/","parcel_count":2,"parcel_shard":"x074-y208","parcel_id":"300908_2.0008.AR_1.354","location_source":"powiat kolski (wfs)"}},{"type":"Feature","id":"ST-WK-KO/WNIOSEK/2554/2026::300908_2.0008.AR_1.466/4","geometry":{"type":"Polygon","coordinates":[[[18.6025676141926,52.1834628736556],[18.6024211148888,52.1837018009737],[18.6030251417034,52.1838418925692],[18.6031713518798,52.183603415374],[18.6030329487396,52.1835711830466],[18.6025676141926,52.1834628736556]]]},"properties":{"case_id":"ST-WK-KO/WNIOSEK/2554/2026","source_type":"wniosek_decyzja","received_date":"2026-02-12","decision_date":"2026-03-04","status":"decyzja wydana","description":"Budowa budynku mieszkalnego jednorodzinnego wg projektu powtarzalnego \"Kiri drewniany \" oraz naziemnego zbiornika na gaz płynny V=3700l","address":"Gozdów","city":"Gozdów","office":"Starosta Powiatu Koło","case_kind":"Budynek mieszkalny jednorodzinny","parcel_ids":["300908_2.0008.AR_1.466/4"],"location_quality":"dokładny","gunb_url":"https://wyszukiwarka.gunb.gov.pl/","parcel_count":1,"parcel_shard":"x074-y208","parcel_id":"300908_2.0008.AR_1.466/4","location_source":"powiat kolski (wfs)"}},{"type":"Feature","id":"ST-WK-KO/WNIOSEK/6999/2026::300908_2.0008.AR_1.466/4","geometry":{"type":"Polygon","coordinates":[[[18.6025676141926,52.1834628736556],[18.6024211148888,52.1837018009737],[18.6030251417034,52.1838418925692],[18.6031713518798,52.183603415374],[18.6030329487396,52.1835711830466],[18.6025676141926,52.1834628736556]]]},"properties":{"case_id":"ST-WK-KO/WNIOSEK/6999/2026","source_type":"wniosek_decyzja","received_date":"2026-04-14","decision_date":"2026-05-26","status":"decyzja wydana","description":"Budowa budynku gospodarczo-garażowego","address":"Gozdów","city":"Gozdów","office":"Starosta Powiatu Koło","case_kind":"Obiekt budowlany inny niż budynek mieszkalny jednorodzinny","parcel_ids":["300908_2.0008.AR_1.466/4"],"location_quality":"dokładny","gunb_url":"https://wyszukiwarka.gunb.gov.pl/","parcel_count":1,"parcel_shard":"x074-y208","parcel_id":"300908_2.0008.AR_1.466/4","location_source":"powiat kolski (wfs)"}},{"type":"Feature","id":"ST-WK-KO/WNIOSEK/21607/2025::300908_2.0008.AR_1.466/6","geometry":{"type":"Polygon","coordinates":[[[18.601602318931,52.1832383385364],[18.601455383821,52.1834778061513],[18.6019375140698,52.183589583603],[18.6020850378505,52.1833505617786],[18.601602318931,52.1832383385364]]]},"properties":{"case_id":"ST-WK-KO/WNIOSEK/21607/2025","source_type":"wniosek_decyzja","received_date":"2025-10-23","decision_date":"2025-12-12","status":"decyzja wydana","description":"Budowa budynku mieszkalnego jednorodzinnego","address":"Gozdów","city":"Gozdów","office":"Starosta Powiatu Koło","case_kind":"Budynek mieszkalny jednorodzinny","parcel_ids":["300908_2.0008.AR_1.466/6"],"location_quality":"dokładny","gunb_url":"https://wyszukiwarka.gunb.gov.pl/","parcel_count":1,"parcel_shard":"x074-y208","parcel_id":"300908_2.0008.AR_1.466/6","location_source":"powiat kolski (wfs)"}},{"type":"Feature","id":"ST-WK-KO/WNIOSEK/9303/2026::300908_2.0008.AR_2.572/46","geometry":{"type":"Polygon","coordinates":[[[18.6126524258656,52.1882157785745],[18.6127939260104,52.1879990647118],[18.6127532114223,52.1879413941246],[18.6123422801309,52.1878444808614],[18.6121800258325,52.1881047133869],[18.6123522565499,52.1881448943465],[18.6126524258656,52.1882157785745]]]},"properties":{"case_id":"ST-WK-KO/WNIOSEK/9303/2026","source_type":"wniosek_decyzja","received_date":"2026-05-18","decision_date":"2026-06-23","status":"decyzja wydana","description":"Budowa budynku mieszkalnego jednorodzinnego","address":"Grabowa, Gozdów","city":"Gozdów","office":"Starosta Powiatu Koło","case_kind":"Budynek mieszkalny jednorodzinny","parcel_ids":["300908_2.0008.AR_2.572/46"],"location_quality":"dokładny","gunb_url":"https://wyszukiwarka.gunb.gov.pl/","parcel_count":1,"parcel_shard":"x074-y208","parcel_id":"300908_2.0008.AR_2.572/46","location_source":"powiat kolski (wfs)"}},{"type":"Feature","id":"ST-WK-KO/WNIOSEK/18975/2025::300908_2.0008.AR_2.572/49","geometry":{"type":"Polygon","coordinates":[[[18.6125497419611,52.1875114811111],[18.6123893489832,52.1877686483975],[18.6128058522029,52.1878667009846],[18.6129009896547,52.1878410407376],[18.613038839281,52.1876248847985],[18.6125497419611,52.1875114811111]]]},"properties":{"case_id":"ST-WK-KO/WNIOSEK/18975/2025","source_type":"wniosek_decyzja","received_date":"2025-09-17","decision_date":"2025-10-09","status":"decyzja wydana","description":"Budowa budynku mieszkalnego jednorodzinnego oraz zbiornik na gaz płynny o poj. 2700l","address":"Gozdów","city":"Gozdów","office":"Starosta Powiatu Koło","case_kind":"Budynek mieszkalny jednorodzinny","parcel_ids":["300908_2.0008.AR_2.572/49"],"location_quality":"dokładny","gunb_url":"https://wyszukiwarka.gunb.gov.pl/","parcel_count":1,"parcel_shard":"x074-y208","parcel_id":"300908_2.0008.AR_2.572/49","location_source":"powiat kolski (wfs)"}},{"type":"Feature","id":"ST-WK-KO/WNIOSEK/607/2026::300908_2.0008.AR_2.575/3","geometry":{"type":"Polygon","coordinates":[[[18.6058562441736,52.1856165195298],[18.6060471616624,52.1853241997683],[18.6048033239605,52.1850337971381],[18.6047550810041,52.1850232295811],[18.60401596285,52.1848463313858],[18.6039966073891,52.1848818542235],[18.6047346313774,52.1850513557633],[18.6045675836851,52.1853166423568],[18.6058562441736,52.1856165195298]]]},"properties":{"case_id":"ST-WK-KO/WNIOSEK/607/2026","source_type":"wniosek_decyzja","received_date":"2026-01-14","decision_date":"2026-02-04","status":"decyzja wydana","description":"Budowa dwóch budynków mieszkalnych jednorodzinnych w zabudowie bliźniaczej wg projektu typowego \"Dom w kruszczykach 10 (B)","address":"Gozdów","city":"Gozdów","office":"Starosta Powiatu Koło","case_kind":"Budynek mieszkalny jednorodzinny","parcel_ids":["300908_2.0008.AR_2.575/3"],"location_quality":"dokładny","gunb_url":"https://wyszukiwarka.gunb.gov.pl/","parcel_count":1,"parcel_shard":"x074-y208","parcel_id":"300908_2.0008.AR_2.575/3","location_source":"powiat kolski (wfs)"}},{"type":"Feature","id":"ST-WK-KO/WNIOSEK/5126/2026::300908_2.0008.AR_2.577/2","geometry":{"type":"Polygon","coordinates":[[[18.6177730091157,52.1878728369686],[18.6177016277154,52.1879906208224],[18.6183219334827,52.1881334545064],[18.6183888851393,52.1880147540515],[18.6177730091157,52.1878728369686]]]},"properties":{"case_id":"ST-WK-KO/WNIOSEK/5126/2026","source_type":"wniosek_decyzja","received_date":"2026-03-19","decision_date":"2026-04-28","status":"decyzja wydana","description":"Instalacja gazowa wewnętrzna i zewnętrzna wraz z zbiornikiem naziemnym gazu płynnego V=2700dm3 dla budynku mieszkalnego jednorodzinnego","address":"Gozdów","city":"Gozdów","office":"Starosta Powiatu Koło","case_kind":"Budynek mieszkalny jednorodzinny","parcel_ids":["300908_2.0008.AR_2.577/2"],"location_quality":"dokładny","gunb_url":"https://wyszukiwarka.gunb.gov.pl/","parcel_count":1,"parcel_shard":"x074-y208","parcel_id":"300908_2.0008.AR_2.577/2","location_source":"powiat kolski (wfs)"}},{"type":"Feature","id":"ST-WK-KO/WNIOSEK/9250/2026::300908_2.0008.AR_2.584/27","geometry":{"type":"Polygon","coordinates":[[[18.6185760173283,52.1871954882673],[18.6184222639923,52.1874439152237],[18.618737319683,52.1875171380815],[18.6189686032547,52.1872855978987],[18.6189000468263,52.1872699118027],[18.6185760173283,52.1871954882673]]]},"properties":{"case_id":"ST-WK-KO/WNIOSEK/9250/2026","source_type":"wniosek_decyzja","received_date":"2026-05-15","decision_date":"2026-06-18","status":"decyzja wydana","description":"Budowa instalacji wewnętrznej i zewnętrznej  do budynku mieszkalnego jednorodzinnego","address":"Gozdów","city":"Gozdów","office":"Starosta Powiatu Koło","case_kind":"Budynek mieszkalny jednorodzinny","parcel_ids":["300908_2.0008.AR_2.584/27"],"location_quality":"dokładny","gunb_url":"https://wyszukiwarka.gunb.gov.pl/","parcel_count":1,"parcel_shard":"x074-y208","parcel_id":"300908_2.0008.AR_2.584/27","location_source":"powiat kolski (wfs)"}},{"type":"Feature","id":"ST-WK-KO/WNIOSEK/23860/2025::300908_2.0009.AR_1.377","geometry":{"type":"Polygon","coordinates":[[[18.5482397575857,52.1806271817106],[18.5477758981009,52.1805727125677],[18.547684379729,52.1807995420909],[18.548147961974,52.1808669554288],[18.5482397575857,52.1806271817106]]]},"properties":{"case_id":"ST-WK-KO/WNIOSEK/23860/2025","source_type":"wniosek_decyzja","received_date":"2025-11-25","decision_date":"2026-01-09","status":"decyzja wydana","description":"Zewnętrzna instalacja gazu ziemnego","address":"Kościelec","city":"Kościelec","office":"Starosta Powiatu Koło","case_kind":"Obiekt budowlany inny niż budynek mieszkalny jednorodzinny","parcel_ids":["300908_2.0009.AR_1.377","300908_2.0009.AR_1.378","300908_2.0009.AR_1.379","300908_2.0009.AR_1.384","300908_2.0009.AR_1.392"],"location_quality":"dokładny","gunb_url":"https://wyszukiwarka.gunb.gov.pl/","parcel_count":5,"parcel_shard":"x074-y208","parcel_id":"300908_2.0009.AR_1.377","location_source":"powiat kolski (wfs)"}},{"type":"Feature","id":"ST-WK-KO/WNIOSEK/23860/2025::300908_2.0009.AR_1.378","geometry":{"type":"Polygon","coordinates":[[[18.5475962611063,52.1810175476333],[18.5480642403944,52.1810856599242],[18.548147961974,52.1808669554288],[18.547684379729,52.1807995420909],[18.5475962611063,52.1810175476333]]]},"properties":{"case_id":"ST-WK-KO/WNIOSEK/23860/2025","source_type":"wniosek_decyzja","received_date":"2025-11-25","decision_date":"2026-01-09","status":"decyzja wydana","description":"Zewnętrzna instalacja gazu ziemnego","address":"Kościelec","city":"Kościelec","office":"Starosta Powiatu Koło","case_kind":"Obiekt budowlany inny niż budynek mieszkalny jednorodzinny","parcel_ids":["300908_2.0009.AR_1.377","300908_2.0009.AR_1.378","300908_2.0009.AR_1.379","300908_2.0009.AR_1.384","300908_2.0009.AR_1.392"],"location_quality":"dokładny","gunb_url":"https://wyszukiwarka.gunb.gov.pl/","parcel_count":5,"parcel_shard":"x074-y208","parcel_id":"300908_2.0009.AR_1.378","location_source":"powiat kolski (wfs)"}},{"type":"Feature","id":"ST-WK-KO/WNIOSEK/23860/2025::300908_2.0009.AR_1.379","geometry":{"type":"Polygon","coordinates":[[[18.5475962611063,52.1810175476333],[18.5475081427331,52.1812356429779],[18.5479805191056,52.181304454228],[18.5480642403944,52.1810856599242],[18.5475962611063,52.1810175476333]]]},"properties":{"case_id":"ST-WK-KO/WNIOSEK/23860/2025","source_type":"wniosek_decyzja","received_date":"2025-11-25","decision_date":"2026-01-09","status":"decyzja wydana","description":"Zewnętrzna instalacja gazu ziemnego","address":"Kościelec","city":"Kościelec","office":"Starosta Powiatu Koło","case_kind":"Obiekt budowlany inny niż budynek mieszkalny jednorodzinny","parcel_ids":["300908_2.0009.AR_1.377","300908_2.0009.AR_1.378","300908_2.0009.AR_1.379","300908_2.0009.AR_1.384","300908_2.0009.AR_1.392"],"location_quality":"dokładny","gunb_url":"https://wyszukiwarka.gunb.gov.pl/","parcel_count":5,"parcel_shard":"x074-y208","parcel_id":"300908_2.0009.AR_1.379","location_source":"powiat kolski (wfs)"}},{"type":"Feature","id":"ST-WK-KO/WNIOSEK/23860/2025::300908_2.0009.AR_1.384","geometry":{"type":"Polygon","coordinates":[[[18.5475081427331,52.1812356429779],[18.5474201697085,52.1814537375727],[18.5478967958981,52.181523158593],[18.5479805191056,52.181304454228],[18.5475081427331,52.1812356429779]]]},"properties":{"case_id":"ST-WK-KO/WNIOSEK/23860/2025","source_type":"wniosek_decyzja","received_date":"2025-11-25","decision_date":"2026-01-09","status":"decyzja wydana","description":"Zewnętrzna instalacja gazu ziemnego","address":"Kościelec","city":"Kościelec","office":"Starosta Powiatu Koło","case_kind":"Obiekt budowlany inny niż budynek mieszkalny jednorodzinny","parcel_ids":["300908_2.0009.AR_1.377","300908_2.0009.AR_1.378","300908_2.0009.AR_1.379","300908_2.0009.AR_1.384","300908_2.0009.AR_1.392"],"location_quality":"dokładny","gunb_url":"https://wyszukiwarka.gunb.gov.pl/","parcel_count":5,"parcel_shard":"x074-y208","parcel_id":"300908_2.0009.AR_1.384","location_source":"powiat kolski (wfs)"}},{"type":"Feature","id":"ST-WK-KO/WNIOSEK/23860/2025::300908_2.0009.AR_1.392","geometry":{"type":"Polygon","coordinates":[[[18.5474201697085,52.1814537375727],[18.546856676025,52.1828489321843],[18.5472834606768,52.1830497197854],[18.547819988461,52.1817801270262],[18.5478421404695,52.1817277068351],[18.5478381732594,52.1816904255658],[18.5478479227343,52.1816509235156],[18.5478967958981,52.181523158593],[18.5474201697085,52.1814537375727]]]},"properties":{"case_id":"ST-WK-KO/WNIOSEK/23860/2025","source_type":"wniosek_decyzja","received_date":"2025-11-25","decision_date":"2026-01-09","status":"decyzja wydana","description":"Zewnętrzna instalacja gazu ziemnego","address":"Kościelec","city":"Kościelec","office":"Starosta Powiatu Koło","case_kind":"Obiekt budowlany inny niż budynek mieszkalny jednorodzinny","parcel_ids":["300908_2.0009.AR_1.377","300908_2.0009.AR_1.378","300908_2.0009.AR_1.379","300908_2.0009.AR_1.384","300908_2.0009.AR_1.392"],"location_quality":"dokładny","gunb_url":"https://wyszukiwarka.gunb.gov.pl/","parcel_count":5,"parcel_shard":"x074-y208","parcel_id":"300908_2.0009.AR_1.392","location_source":"powiat kolski (wfs)"}},{"type":"Feature","id":"ST-WK-KO/WNIOSEK/25706/2025::300908_2.0009.AR_1.38/12","geometry":{"type":"Polygon","coordinates":[[[18.5394635859243,52.1783091264091],[18.5398734208261,52.1783601005046],[18.5399862694506,52.1780084276166],[18.5395786359781,52.1779578932418],[18.5394635859243,52.1783091264091]]]},"properties":{"case_id":"ST-WK-KO/WNIOSEK/25706/2025","source_type":"wniosek_decyzja","received_date":"2025-12-19","decision_date":"2026-01-15","status":"decyzja wydana","description":"Budowa budynku mieszklanego jednorodzinnego oraz zbiornika bezodpływowego na ścieki o poj. 10m3","address":"Kościelec","city":"Kościelec","office":"Starosta Powiatu Koło","case_kind":"Budynek mieszkalny jednorodzinny","parcel_ids":["300908_2.0009.AR_1.38/12"],"location_quality":"dokładny","gunb_url":"https://wyszukiwarka.gunb.gov.pl/","parcel_count":1,"parcel_shard":"x074-y208","parcel_id":"300908_2.0009.AR_1.38/12","location_source":"powiat kolski (wfs)"}},{"type":"Feature","id":"ST-WK-KO/WNIOSEK/390/2026::300908_2.0009.AR_1.43/5","geometry":{"type":"Polygon","coordinates":[[[18.5409416889824,52.1780807175747],[18.5408383713782,52.1783979241168],[18.5411506254263,52.178443409052],[18.5412717785979,52.1781263001694],[18.5409416889824,52.1780807175747]]]},"properties":{"case_id":"ST-WK-KO/WNIOSEK/390/2026","source_type":"wniosek_decyzja","received_date":"2026-01-09","decision_date":"2026-01-14","status":"decyzja wydana","description":"Budowa budynku garażowego z pomieszczeniami gospodarczymi","address":"Kościelec","city":"Kościelec","office":"Starosta Powiatu Koło","case_kind":"Obiekt budowlany inny niż budynek mieszkalny jednorodzinny","parcel_ids":["300908_2.0009.AR_1.43/5"],"location_quality":"dokładny","gunb_url":"https://wyszukiwarka.gunb.gov.pl/","parcel_count":1,"parcel_shard":"x074-y208","parcel_id":"300908_2.0009.AR_1.43/5","location_source":"powiat kolski (wfs)"}},{"type":"Feature","id":"ST-WK-KO/WNIOSEK/11704/2026::300908_2.0009.AR_1.50/10","geometry":{"type":"Polygon","coordinates":[[[18.5456673860132,52.1803310021827],[18.5457706132193,52.1800208024246],[18.5453578731437,52.1799612338537],[18.5452686711391,52.1799479845606],[18.5451594045228,52.1802906580238],[18.5456673860132,52.1803310021827]]]},"properties":{"case_id":"ST-WK-KO/WNIOSEK/11704/2026","source_type":"wniosek_decyzja","received_date":"2026-06-19","decision_date":"2026-07-01","status":"decyzja wydana","description":"Budowa budynku garażowego","address":"Kościelec","city":"Kościelec","office":"Starosta Powiatu Koło","case_kind":"Obiekt budowlany inny niż budynek mieszkalny jednorodzinny","parcel_ids":["300908_2.0009.AR_1.50/10"],"location_quality":"dokładny","gunb_url":"https://wyszukiwarka.gunb.gov.pl/","parcel_count":1,"parcel_shard":"x074-y208","parcel_id":"300908_2.0009.AR_1.50/10","location_source":"powiat kolski (wfs)"}},{"type":"Feature","id":"ST-WK-KO/WNIOSEK/12912/2026::300908_2.0009.AR_8.140/19","geometry":{"type":"Polygon","coordinates":[[[18.570594555694,52.1727712975509],[18.5701196930692,52.1727841250026],[18.5699481102623,52.1727898421888],[18.5700508080544,52.1735241008318],[18.570044630595,52.173550812855],[18.5704608007379,52.1735295772491],[18.5704609692678,52.1735438700773],[18.570701504167,52.1735329112318],[18.5706933593056,52.17347418689],[18.5706510296811,52.1731779501795],[18.5704028291002,52.173190830275],[18.5703959772522,52.173150031496],[18.570366781474,52.1729378646018],[18.5703698464895,52.172937725562],[18.5704354929511,52.172933975889],[18.5706167764398,52.1729225280727],[18.570594555694,52.1727712975509]]]},"properties":{"case_id":"ST-WK-KO/WNIOSEK/12912/2026","source_type":"wniosek_decyzja","received_date":"2026-07-08","decision_date":"2026-07-23","status":"decyzja wydana","description":"Budowa budynku magazynowego","address":"Kościelec","city":"Kościelec","office":"Starosta Powiatu Koło","case_kind":"Obiekt budowlany inny niż budynek mieszkalny jednorodzinny","parcel_ids":["300908_2.0009.AR_8.140/19"],"location_quality":"dokładny","gunb_url":"https://wyszukiwarka.gunb.gov.pl/","parcel_count":1,"parcel_shard":"x074-y208","parcel_id":"300908_2.0009.AR_8.140/19","location_source":"powiat kolski (wfs)"}},{"type":"Feature","id":"ST-WK-KO/WNIOSEK/5645/2026::300908_2.0010.AR_1.194","geometry":{"type":"Polygon","coordinates":[[[18.587286338826,52.156131383183],[18.5837018198165,52.1555304686035],[18.5835958034711,52.1557639779806],[18.5870727512186,52.1563452962104],[18.5871758043983,52.1561995779256],[18.587286338826,52.156131383183]]]},"properties":{"case_id":"ST-WK-KO/WNIOSEK/5645/2026","source_type":"wniosek_decyzja","received_date":"2026-03-26","decision_date":"2026-05-06","status":"decyzja wydana","description":"Budowa budynku gospodarczego","address":"Leszcze","city":"Leszcze","office":"Starosta Powiatu Koło","case_kind":"Obiekt budowlany inny niż budynek mieszkalny jednorodzinny","parcel_ids":["300908_2.0010.AR_1.194"],"location_quality":"dokładny","gunb_url":"https://wyszukiwarka.gunb.gov.pl/","parcel_count":1,"parcel_shard":"x074-y208","parcel_id":"300908_2.0010.AR_1.194","location_source":"powiat kolski (wfs)"}},{"type":"Feature","id":"ST-WK-KO/WNIOSEK/13712/2026::300908_2.0012.AR_1.11/2","geometry":{"type":"Polygon","coordinates":[[[18.6425709717956,52.1370993391244],[18.6421364908367,52.1362998150428],[18.6418318970836,52.1357537882716],[18.6409720160182,52.1360176782324],[18.6400685167284,52.1360721089777],[18.6393748669646,52.1361440004414],[18.6386102258842,52.1361953302493],[18.6404547358021,52.1418515961484],[18.641302506201,52.1417483434495],[18.6420113492664,52.1416511310396],[18.644413341129,52.1413250405741],[18.6436452218583,52.1397951420827],[18.6422339691582,52.1371678767243],[18.6425709717956,52.1370993391244]]]},"properties":{"case_id":"ST-WK-KO/WNIOSEK/13712/2026","source_type":"wniosek_decyzja","received_date":"2026-07-20","decision_date":"2026-08-20","status":"decyzja wydana","description":"Zmiana decyzji nr 219.2025 z dnia 04.06.2025r. pozwolenia na budowę budynku stacji kontroli pojazdów  w zakresie zmiany ogrzewania - budowa instalacji zbiornikowej gazu płynnego V=4850l (zbiornik nazieny) wraz z wewnętrzną instalacją gazu dla budynku stacji kontroli pojazdów  wg projektu zmian","address":"Police Mostowe","city":"Police Mostowe","office":"Starosta Powiatu Koło","case_kind":"Obiekt budowlany inny niż budynek mieszkalny jednorodzinny","parcel_ids":["300908_2.0012.AR_1.11/2"],"location_quality":"dokładny","gunb_url":"https://wyszukiwarka.gunb.gov.pl/","parcel_count":1,"parcel_shard":"x074-y208","parcel_id":"300908_2.0012.AR_1.11/2","location_source":"powiat kolski (wfs)"}},{"type":"Feature","id":"ST-WK-KO/WNIOSEK/9254/2026::300908_2.0012.AR_1.46/18","geometry":{"type":"Polygon","coordinates":[[[18.6450475993225,52.1390391480981],[18.6454102745532,52.139067723096],[18.645347558423,52.138642763997],[18.6449920430572,52.1386626488039],[18.6450475993225,52.1390391480981]]]},"properties":{"case_id":"ST-WK-KO/WNIOSEK/9254/2026","source_type":"wniosek_decyzja","received_date":"2026-05-15","decision_date":"2026-05-19","status":"decyzja wydana","description":"Zmiana decyzji nr 265.2023 z dnia 05.07.2023r. pozwolenia na budowę budynku mieszkalnego jednorodzinnego oraz budynku gospodarczego  z infrastrukturą towarzyszącą  w zakresie zmiany ogrzewania - instalacja gazowa wewnętrzna i zewnętrzna wraz z zbiornikiem naziemnym gazu płynnego V=2700dm3 dla budynku mieszkalnego jednorodzinnego wg projektu zmian","address":"Police Mostowe","city":"Police Mostowe","office":"Starosta Powiatu Koło","case_kind":"Budynek mieszkalny jednorodzinny","parcel_ids":["300908_2.0012.AR_1.46/18"],"location_quality":"dokładny","gunb_url":"https://wyszukiwarka.gunb.gov.pl/","parcel_count":1,"parcel_shard":"x074-y208","parcel_id":"300908_2.0012.AR_1.46/18","location_source":"powiat kolski (wfs)"}},{"type":"Feature","id":"ST-WK-KO/WNIOSEK/24594/2025::300908_2.0013.AR_1.198/14","geometry":{"type":"Polygon","coordinates":[[[18.6092542752601,52.1526698891906],[18.6090136471274,52.1528325553177],[18.6093903060374,52.1530440736752],[18.6096264818501,52.1529191791648],[18.6096270970548,52.1528786403535],[18.6092542752601,52.1526698891906]]]},"properties":{"case_id":"ST-WK-KO/WNIOSEK/24594/2025","source_type":"wniosek_decyzja","received_date":"2025-12-04","decision_date":"2026-01-13","status":"decyzja wydana","description":"Budowa budynku mieszkalnego jednorodzinnego wraz z infrastrukturą towarzyszącą","address":"Police Średnie","city":"Police Średnie","office":"Starosta Powiatu Koło","case_kind":"Budynek mieszkalny jednorodzinny","parcel_ids":["300908_2.0013.AR_1.198/14"],"location_quality":"dokładny","gunb_url":"https://wyszukiwarka.gunb.gov.pl/","parcel_count":1,"parcel_shard":"x074-y208","parcel_id":"300908_2.0013.AR_1.198/14","location_source":"powiat kolski (wfs)"}},{"type":"Feature","id":"ST-WK-KO/WNIOSEK/24598/2025::300908_2.0013.AR_1.198/15","geometry":{"type":"Polygon","coordinates":[[[18.6088978023314,52.1524703999182],[18.6086577547157,52.1526327926892],[18.6090136471274,52.1528325553177],[18.6092542752601,52.1526698891906],[18.6088978023314,52.1524703999182]]]},"properties":{"case_id":"ST-WK-KO/WNIOSEK/24598/2025","source_type":"wniosek_decyzja","received_date":"2025-12-04","decision_date":"2026-01-13","status":"decyzja wydana","description":"Budowa budynku mieszkalnego jednorodzinnego wraz z infrastrukturą towarzyszącą","address":"Police Średnie","city":"Police Średnie","office":"Starosta Powiatu Koło","case_kind":"Budynek mieszkalny jednorodzinny","parcel_ids":["300908_2.0013.AR_1.198/15"],"location_quality":"dokładny","gunb_url":"https://wyszukiwarka.gunb.gov.pl/","parcel_count":1,"parcel_shard":"x074-y208","parcel_id":"300908_2.0013.AR_1.198/15","location_source":"powiat kolski (wfs)"}},{"type":"Feature","id":"ST-WK-KO/WNIOSEK/24599/2025::300908_2.0013.AR_1.198/16","geometry":{"type":"Polygon","coordinates":[[[18.6085414799195,52.1522709986711],[18.6083018630386,52.1524328492239],[18.6086577547157,52.1526327926892],[18.6088978023314,52.1524703999182],[18.6085414799195,52.1522709986711]]]},"properties":{"case_id":"ST-WK-KO/WNIOSEK/24599/2025","source_type":"wniosek_decyzja","received_date":"2025-12-04","decision_date":"2026-01-13","status":"decyzja wydana","description":"Budowa budynku mieszkalnego jednorodzinnego wraz z infrastrukturą towarzyszącą","address":"Police Średnie","city":"Police Średnie","office":"Starosta Powiatu Koło","case_kind":"Budynek mieszkalny jednorodzinny","parcel_ids":["300908_2.0013.AR_1.198/16"],"location_quality":"dokładny","gunb_url":"https://wyszukiwarka.gunb.gov.pl/","parcel_count":1,"parcel_shard":"x074-y208","parcel_id":"300908_2.0013.AR_1.198/16","location_source":"powiat kolski (wfs)"}},{"type":"Feature","id":"ST-WK-KO/WNIOSEK/24603/2025::300908_2.0013.AR_1.198/17","geometry":{"type":"Polygon","coordinates":[[[18.6081851594654,52.1520715064578],[18.6079461231033,52.1522330836613],[18.6083018630386,52.1524328492239],[18.6085414799195,52.1522709986711],[18.6081851594654,52.1520715064578]]]},"properties":{"case_id":"ST-WK-KO/WNIOSEK/24603/2025","source_type":"wniosek_decyzja","received_date":"2025-12-04","decision_date":"2026-01-13","status":"decyzja wydana","description":"Budowa budynku mieszkalnego jednorodzinnego wraz z infrastrukturą towarzyszącą","address":"Police Średnie","city":"Police Średnie","office":"Starosta Powiatu Koło","case_kind":"Budynek mieszkalny jednorodzinny","parcel_ids":["300908_2.0013.AR_1.198/17"],"location_quality":"dokładny","gunb_url":"https://wyszukiwarka.gunb.gov.pl/","parcel_count":1,"parcel_shard":"x074-y208","parcel_id":"300908_2.0013.AR_1.198/17","location_source":"powiat kolski (wfs)"}},{"type":"Feature","id":"ST-WK-KO/WNIOSEK/24604/2025::300908_2.0013.AR_1.198/18","geometry":{"type":"Polygon","coordinates":[[[18.6074992448717,52.1519821956439],[18.6079461231033,52.1522330836613],[18.6081851594654,52.1520715064578],[18.6078185352918,52.1518662240988],[18.6074992448717,52.1519821956439]]]},"properties":{"case_id":"ST-WK-KO/WNIOSEK/24604/2025","source_type":"wniosek_decyzja","received_date":"2025-12-04","decision_date":"2026-01-13","status":"decyzja wydana","description":"Budowa budynku mieszkalnego jednorodzinnego wraz z infrastrukturą towarzyszącą","address":"Police Średnie","city":"Police Średnie","office":"Starosta Powiatu Koło","case_kind":"Budynek mieszkalny jednorodzinny","parcel_ids":["300908_2.0013.AR_1.198/18"],"location_quality":"dokładny","gunb_url":"https://wyszukiwarka.gunb.gov.pl/","parcel_count":1,"parcel_shard":"x074-y208","parcel_id":"300908_2.0013.AR_1.198/18","location_source":"powiat kolski (wfs)"}},{"type":"Feature","id":"ST-WK-KO/WNIOSEK/11163/2026::300908_2.0013.AR_1.226/5","geometry":{"type":"Polygon","coordinates":[[[18.6139642682184,52.1492730986983],[18.6152336903432,52.1499972946056],[18.6153261331954,52.1499516928718],[18.6153040115237,52.1499367983938],[18.6152088948213,52.1498732104426],[18.6148629332096,52.1496415972818],[18.6151081730063,52.1494452800634],[18.6143462017261,52.1490190878305],[18.6139642682184,52.1492730986983]]]},"properties":{"case_id":"ST-WK-KO/WNIOSEK/11163/2026","source_type":"wniosek_decyzja","received_date":"2026-06-12","decision_date":"2026-07-08","status":"decyzja wydana","description":"Instalacja gazowa wewnętrzna i zewnętrzna wraz z zbiornikiem naziemnym gazu płynnego V=3650dm3 do budynku gospodarczego na potrzeby budynku mieszkalnego jednorodzinnego","address":"Police Średnie","city":"Police Średnie","office":"Starosta Powiatu Koło","case_kind":"Budynek mieszkalny jednorodzinny","parcel_ids":["300908_2.0013.AR_1.226/5"],"location_quality":"dokładny","gunb_url":"https://wyszukiwarka.gunb.gov.pl/","parcel_count":1,"parcel_shard":"x074-y208","parcel_id":"300908_2.0013.AR_1.226/5","location_source":"powiat kolski (wfs)"}},{"type":"Feature","id":"ST-WK-KO/WNIOSEK/21584/2025::300908_2.0013.AR_1.264/5","geometry":{"type":"Polygon","coordinates":[[[18.6224693999274,52.1478037497733],[18.6229117762318,52.1475091259254],[18.6225514092355,52.1473042156149],[18.6221083083702,52.1475992913401],[18.6224693999274,52.1478037497733]]]},"properties":{"case_id":"ST-WK-KO/WNIOSEK/21584/2025","source_type":"wniosek_decyzja","received_date":"2025-10-22","decision_date":"2025-10-31","status":"decyzja wydana","description":"Budowa budynku mieszkalnego jednorodzinnego wraz z przydomową oczyszczalnią ścieków","address":"Police Średnie","city":"Police Średnie","office":"Starosta Powiatu Koło","case_kind":"Budynek mieszkalny jednorodzinny","parcel_ids":["300908_2.0013.AR_1.264/5"],"location_quality":"dokładny","gunb_url":"https://wyszukiwarka.gunb.gov.pl/","parcel_count":1,"parcel_shard":"x074-y208","parcel_id":"300908_2.0013.AR_1.264/5","location_source":"powiat kolski (wfs)"}},{"type":"Feature","id":"ST-WK-KO/WNIOSEK/669/2026::300908_2.0013.AR_1.43/1","geometry":{"type":"Polygon","coordinates":[[[18.6004887410024,52.1557920395413],[18.5996731483163,52.1553422978423],[18.5995513995219,52.1552751476793],[18.5993736782052,52.1553489430321],[18.600301542063,52.1558674124811],[18.600323333199,52.155879615055],[18.6004887410024,52.1557920395413]]]},"properties":{"case_id":"ST-WK-KO/WNIOSEK/669/2026","source_type":"wniosek_decyzja","received_date":"2026-01-15","decision_date":"2026-03-04","status":"decyzja wydana","description":"Budowa budynku mieszkalnego jednorodzinnego i szamba o poj. 9,50 m3","address":"Police Średnie","city":"Police Średnie","office":"Starosta Powiatu Koło","case_kind":"Budynek mieszkalny jednorodzinny","parcel_ids":["300908_2.0013.AR_1.43/1","300908_2.0013.AR_1.44/2","300908_2.0013.AR_1.6/1"],"location_quality":"dokładny","gunb_url":"https://wyszukiwarka.gunb.gov.pl/","parcel_count":3,"parcel_shard":"x074-y208","parcel_id":"300908_2.0013.AR_1.43/1","location_source":"powiat kolski (wfs)"}},{"type":"Feature","id":"ST-WK-KO/WNIOSEK/669/2026::300908_2.0013.AR_1.44/2","geometry":{"type":"Polygon","coordinates":[[[18.6005631189671,52.1557485187852],[18.5997400405794,52.1552962990352],[18.5997035537978,52.155321381128],[18.6005209276362,52.1557731807759],[18.6005631189671,52.1557485187852]]]},"properties":{"case_id":"ST-WK-KO/WNIOSEK/669/2026","source_type":"wniosek_decyzja","received_date":"2026-01-15","decision_date":"2026-03-04","status":"decyzja wydana","description":"Budowa budynku mieszkalnego jednorodzinnego i szamba o poj. 9,50 m3","address":"Police Średnie","city":"Police Średnie","office":"Starosta Powiatu Koło","case_kind":"Budynek mieszkalny jednorodzinny","parcel_ids":["300908_2.0013.AR_1.43/1","300908_2.0013.AR_1.44/2","300908_2.0013.AR_1.6/1"],"location_quality":"dokładny","gunb_url":"https://wyszukiwarka.gunb.gov.pl/","parcel_count":3,"parcel_shard":"x074-y208","parcel_id":"300908_2.0013.AR_1.44/2","location_source":"powiat kolski (wfs)"}},{"type":"Feature","id":"ST-WK-KO/WNIOSEK/669/2026::300908_2.0013.AR_1.6/1","geometry":{"type":"Polygon","coordinates":[[[18.5997035537978,52.155321381128],[18.5996731483163,52.1553422978423],[18.6004887410024,52.1557920395413],[18.6014021049989,52.1562955642978],[18.6014382864968,52.1562803699701],[18.6005209276362,52.1557731807759],[18.5997035537978,52.155321381128]]]},"properties":{"case_id":"ST-WK-KO/WNIOSEK/669/2026","source_type":"wniosek_decyzja","received_date":"2026-01-15","decision_date":"2026-03-04","status":"decyzja wydana","description":"Budowa budynku mieszkalnego jednorodzinnego i szamba o poj. 9,50 m3","address":"Police Średnie","city":"Police Średnie","office":"Starosta Powiatu Koło","case_kind":"Budynek mieszkalny jednorodzinny","parcel_ids":["300908_2.0013.AR_1.43/1","300908_2.0013.AR_1.44/2","300908_2.0013.AR_1.6/1"],"location_quality":"dokładny","gunb_url":"https://wyszukiwarka.gunb.gov.pl/","parcel_count":3,"parcel_shard":"x074-y208","parcel_id":"300908_2.0013.AR_1.6/1","location_source":"powiat kolski (wfs)"}},{"type":"Feature","id":"ST-WK-KO/WNIOSEK/7841/2026::300908_2.0015.AR_1.1514/1","geometry":{"type":"Polygon","coordinates":[[[18.6529988072832,52.15381591571],[18.6528582545566,52.1538933426322],[18.6519985366867,52.1543144790182],[18.6515371278073,52.1545405875505],[18.6515289689333,52.1545445002164],[18.6515198832659,52.1545488984073],[18.6516628555742,52.1547733469075],[18.6516872311187,52.154811500949],[18.6519054666158,52.1547063043371],[18.6542304533218,52.1535658143698],[18.6539994128713,52.1533584275416],[18.6539497574527,52.1533395687121],[18.6538894121528,52.1533697997913],[18.6538416537229,52.1533937961444],[18.6537983237202,52.1534154705908],[18.6537216862675,52.1534538184427],[18.6536720525118,52.1534786642448],[18.6535682335509,52.1535306310242],[18.653524903297,52.1535523053795],[18.6534782891183,52.1535757429787],[18.6533916283787,52.1536190916167],[18.6533039688945,52.1536629963784],[18.653257528642,52.1536862609146],[18.6531821318413,52.1537240165326],[18.6529988072832,52.15381591571]]]},"properties":{"case_id":"ST-WK-KO/WNIOSEK/7841/2026","source_type":"wniosek_decyzja","received_date":"2026-04-27","decision_date":"2026-06-02","status":"decyzja wydana","description":"Budowa budynku gospodarczo-garażowego","address":"Ruszków Pierwszy","city":"Ruszków Pierwszy","office":"Starosta Powiatu Koło","case_kind":"Obiekt budowlany inny niż budynek mieszkalny jednorodzinny","parcel_ids":["300908_2.0015.AR_1.1514/1","300908_2.0015.AR_1.1515"],"location_quality":"dokładny","gunb_url":"https://wyszukiwarka.gunb.gov.pl/","parcel_count":2,"parcel_shard":"x074-y208","parcel_id":"300908_2.0015.AR_1.1514/1","location_source":"powiat kolski (wfs)"}},{"type":"Feature","id":"ST-WK-KO/WNIOSEK/7841/2026::300908_2.0015.AR_1.1515","geometry":{"type":"Polygon","coordinates":[[[18.6520151478992,52.1548023186855],[18.6542758285209,52.1536965666351],[18.6542304533218,52.1535658143698],[18.6519054666158,52.1547063043371],[18.6520151478992,52.1548023186855]]]},"properties":{"case_id":"ST-WK-KO/WNIOSEK/7841/2026","source_type":"wniosek_decyzja","received_date":"2026-04-27","decision_date":"2026-06-02","status":"decyzja wydana","description":"Budowa budynku gospodarczo-garażowego","address":"Ruszków Pierwszy","city":"Ruszków Pierwszy","office":"Starosta Powiatu Koło","case_kind":"Obiekt budowlany inny niż budynek mieszkalny jednorodzinny","parcel_ids":["300908_2.0015.AR_1.1514/1","300908_2.0015.AR_1.1515"],"location_quality":"dokładny","gunb_url":"https://wyszukiwarka.gunb.gov.pl/","parcel_count":2,"parcel_shard":"x074-y208","parcel_id":"300908_2.0015.AR_1.1515","location_source":"powiat kolski (wfs)"}},{"type":"Feature","id":"ST-WK-KO/WNIOSEK/11522/2026::300908_2.0015.AR_1.1661/1","geometry":{"type":"Polygon","coordinates":[[[18.6436657984902,52.1603739623412],[18.6427349920858,52.159928945947],[18.6426032534911,52.160187472159],[18.6434174579152,52.1605706856987],[18.6436657984902,52.1603739623412]]]},"properties":{"case_id":"ST-WK-KO/WNIOSEK/11522/2026","source_type":"wniosek_decyzja","received_date":"2026-06-17","decision_date":"2026-07-14","status":"decyzja wydana","description":"Budowa instalacji zbiornikowej gazu płynnego o poj. V=2x2700l (zbiorniki podziemne) wraz z wewnętrzną instalacją gazu dla budynku mieszkalnego","address":"Ruszków Pierwszy","city":"Ruszków Pierwszy","office":"Starosta Powiatu Koło","case_kind":"Budynek mieszkalny jednorodzinny","parcel_ids":["300908_2.0015.AR_1.1661/1"],"location_quality":"dokładny","gunb_url":"https://wyszukiwarka.gunb.gov.pl/","parcel_count":1,"parcel_shard":"x074-y208","parcel_id":"300908_2.0015.AR_1.1661/1","location_source":"powiat kolski (wfs)"}},{"type":"Feature","id":"ST-WK-KO/WNIOSEK/20420/2025::300908_2.0015.AR_1.1661/1","geometry":{"type":"Polygon","coordinates":[[[18.6436657984902,52.1603739623412],[18.6427349920858,52.159928945947],[18.6426032534911,52.160187472159],[18.6434174579152,52.1605706856987],[18.6436657984902,52.1603739623412]]]},"properties":{"case_id":"ST-WK-KO/WNIOSEK/20420/2025","source_type":"wniosek_decyzja","received_date":"2025-10-08","decision_date":"2025-11-24","status":"decyzja wydana","description":"Rozbudowa hali magazynowej","address":"Ruszków Pierwszy","city":"Ruszków Pierwszy","office":"Starosta Powiatu Koło","case_kind":"Obiekt budowlany inny niż budynek mieszkalny jednorodzinny","parcel_ids":["300908_2.0015.AR_1.1661/1"],"location_quality":"dokładny","gunb_url":"https://wyszukiwarka.gunb.gov.pl/","parcel_count":1,"parcel_shard":"x074-y208","parcel_id":"300908_2.0015.AR_1.1661/1","location_source":"powiat kolski (wfs)"}},{"type":"Feature","id":"ST-WK-KO/WNIOSEK/9547/2026::300908_2.0015.AR_1.884/1","geometry":{"type":"Polygon","coordinates":[[[18.6387619669381,52.1706388382176],[18.6404983090203,52.1705269764922],[18.6390645325174,52.169993378654],[18.6382502816237,52.1700469695788],[18.638275573566,52.1703728569185],[18.6385966729963,52.1703700408589],[18.6387619669381,52.1706388382176]]]},"properties":{"case_id":"ST-WK-KO/WNIOSEK/9547/2026","source_type":"wniosek_decyzja","received_date":"2026-05-19","decision_date":"2026-07-17","status":"decyzja wydana","description":"Zmiana sposobu użytkowania budynku mieszkalnego na budynek biurowy wraz z rozbudową, nadbudową, przebudową, instalacją gazu i zagospodarowaniem terenu","address":"Bogumiła 109, Ruszków Pierwszy","city":"Ruszków Pierwszy","office":"Starosta Powiatu Koło","case_kind":"Obiekt budowlany inny niż budynek mieszkalny jednorodzinny","parcel_ids":["300908_2.0015.AR_1.884/1"],"location_quality":"dokładny","gunb_url":"https://wyszukiwarka.gunb.gov.pl/","parcel_count":1,"parcel_shard":"x074-y208","parcel_id":"300908_2.0015.AR_1.884/1","location_source":"powiat kolski (wfs)"}},{"type":"Feature","id":"ST-WK-KO/WNIOSEK/20800/2025::300908_2.0015.AR_3.1609/7","geometry":{"type":"Polygon","coordinates":[[[18.6466278165432,52.1508829671299],[18.6468962557066,52.1507888481321],[18.6467959162206,52.1506910818483],[18.6463917625893,52.1502663462064],[18.6462864389099,52.1503140471201],[18.6461656186695,52.1503683001141],[18.6465712359579,52.1508196254195],[18.6466278165432,52.1508829671299]]]},"properties":{"case_id":"ST-WK-KO/WNIOSEK/20800/2025","source_type":"wniosek_decyzja","received_date":"2025-10-13","decision_date":"2025-11-21","status":"decyzja wydana","description":"Budowa dwóch budynków mieszkalnych jednorodzinnych dwulokalowych i dwóch zbiorników na ścieki","address":"Ruszków Pierwszy","city":"Ruszków Pierwszy","office":"Starosta Powiatu Koło","case_kind":"Budynek mieszkalny jednorodzinny","parcel_ids":["300908_2.0015.AR_3.1609/7"],"location_quality":"dokładny","gunb_url":"https://wyszukiwarka.gunb.gov.pl/","parcel_count":1,"parcel_shard":"x074-y208","parcel_id":"300908_2.0015.AR_3.1609/7","location_source":"powiat kolski (wfs)"}},{"type":"Feature","id":"ST-WK-KO/WNIOSEK/11823/2026::300908_2.0016.AR_2.1751","geometry":{"type":"Polygon","coordinates":[[[18.6304448604264,52.1672831204358],[18.6301590163627,52.1669870572449],[18.6298335391137,52.1666477033677],[18.6297893295974,52.1666014717808],[18.6297135583656,52.1666283906692],[18.6300271556652,52.1669545960625],[18.6303693870994,52.1673104875453],[18.6304448604264,52.1672831204358]]]},"properties":{"case_id":"ST-WK-KO/WNIOSEK/11823/2026","source_type":"wniosek_decyzja","received_date":"2026-06-22","decision_date":"2026-07-23","status":"decyzja wydana","description":"Budowa drogi wewnętrznej w Ruszkowie Pierwszym- ulica Dębowa","address":"Ruszków Drugi","city":"Ruszków Drugi","office":"Starosta Powiatu Koło","case_kind":"Obiekt budowlany inny niż budynek mieszkalny jednorodzinny","parcel_ids":["300908_2.0016.AR_2.1751","300908_2.0016.AR_2.249/1","300908_2.0016.AR_2.278/20"],"location_quality":"dokładny","gunb_url":"https://wyszukiwarka.gunb.gov.pl/","parcel_count":3,"parcel_shard":"x074-y208","parcel_id":"300908_2.0016.AR_2.1751","location_source":"powiat kolski (wfs)"}},{"type":"Feature","id":"ST-WK-KO/WNIOSEK/11823/2026::300908_2.0016.AR_2.249/1","geometry":{"type":"Polygon","coordinates":[[[18.6307865623973,52.1688130853339],[18.6315200485882,52.1685338245701],[18.6321061598239,52.1683284776907],[18.6321539286054,52.1682540508768],[18.6320378756377,52.1682917565401],[18.6319741563862,52.1683125017829],[18.6319346531799,52.1683252936413],[18.6318703769398,52.1683466774108],[18.6315621437887,52.16844908064],[18.6314885985139,52.1684785053595],[18.631380751762,52.1685216853939],[18.631228865368,52.1685825375647],[18.6310207351538,52.1686658944842],[18.6307820663373,52.1687594447463],[18.6307065198744,52.168788584547],[18.6305724378819,52.1688403024608],[18.6304197580679,52.1688991946344],[18.6300990096474,52.1690302445223],[18.630025327709,52.1690604779662],[18.6299080119446,52.1691061339534],[18.6296633491327,52.1692013639258],[18.6293075148752,52.1688351170553],[18.6292884630218,52.1688419596307],[18.6296485777563,52.1692144990531],[18.6297030346971,52.1692686514454],[18.6297222622331,52.1692648649481],[18.6297772970709,52.16923940945],[18.6307865623973,52.1688130853339]]]},"properties":{"case_id":"ST-WK-KO/WNIOSEK/11823/2026","source_type":"wniosek_decyzja","received_date":"2026-06-22","decision_date":"2026-07-23","status":"decyzja wydana","description":"Budowa drogi wewnętrznej w Ruszkowie Pierwszym- ulica Dębowa","address":"Ruszków Drugi","city":"Ruszków Drugi","office":"Starosta Powiatu Koło","case_kind":"Obiekt budowlany inny niż budynek mieszkalny jednorodzinny","parcel_ids":["300908_2.0016.AR_2.1751","300908_2.0016.AR_2.249/1","300908_2.0016.AR_2.278/20"],"location_quality":"dokładny","gunb_url":"https://wyszukiwarka.gunb.gov.pl/","parcel_count":3,"parcel_shard":"x074-y208","parcel_id":"300908_2.0016.AR_2.249/1","location_source":"powiat kolski (wfs)"}},{"type":"Feature","id":"ST-WK-KO/WNIOSEK/11823/2026::300908_2.0016.AR_2.278/20","geometry":{"type":"Polygon","coordinates":[[[18.6304448604264,52.1672831204358],[18.6303693870994,52.1673104875453],[18.6314885985139,52.1684785053595],[18.6315621437887,52.16844908064],[18.6312585511704,52.1681290275015],[18.6307921623479,52.1676457245361],[18.6304859499655,52.1673256833972],[18.6304448604264,52.1672831204358]]]},"properties":{"case_id":"ST-WK-KO/WNIOSEK/11823/2026","source_type":"wniosek_decyzja","received_date":"2026-06-22","decision_date":"2026-07-23","status":"decyzja wydana","description":"Budowa drogi wewnętrznej w Ruszkowie Pierwszym- ulica Dębowa","address":"Ruszków Drugi","city":"Ruszków Drugi","office":"Starosta Powiatu Koło","case_kind":"Obiekt budowlany inny niż budynek mieszkalny jednorodzinny","parcel_ids":["300908_2.0016.AR_2.1751","300908_2.0016.AR_2.249/1","300908_2.0016.AR_2.278/20"],"location_quality":"dokładny","gunb_url":"https://wyszukiwarka.gunb.gov.pl/","parcel_count":3,"parcel_shard":"x074-y208","parcel_id":"300908_2.0016.AR_2.278/20","location_source":"powiat kolski (wfs)"}},{"type":"Feature","id":"ST-WK-KO/WNIOSEK/21489/2025::300908_2.0016.AR_2.317/2","geometry":{"type":"Polygon","coordinates":[[[18.6360586813535,52.1650914772263],[18.6355510745962,52.1652763086629],[18.6358874077309,52.1656263739216],[18.6365093520298,52.1662739261556],[18.6365825306923,52.1663524453698],[18.6368685568615,52.1666585586139],[18.6374179616531,52.1665238281763],[18.6370590058733,52.1661466560168],[18.6360586813535,52.1650914772263]]]},"properties":{"case_id":"ST-WK-KO/WNIOSEK/21489/2025","source_type":"wniosek_decyzja","received_date":"2025-10-21","decision_date":"2025-11-12","status":"decyzja wydana","description":"Zmiana decyzji nr 322.2025 z dnia 23.07.2025r. pozwolenia na budowę instalacji gazowej wewnętrznej i zewnętrznej  wraz z zbiornikiem naziemnym gazu płynnego V=3650 dm3 do budynku mieszkalnego jednorodzinnego  w miejsc. Ruszków II, gm. Kościelec, dz. nr  317/2 - rozbudowa instalacji gazowej wg projektu zmian","address":"Ruszków Drugi","city":"Ruszków Drugi","office":"Starosta Powiatu Koło","case_kind":"Budynek mieszkalny jednorodzinny","parcel_ids":["300908_2.0016.AR_2.317/2"],"location_quality":"dokładny","gunb_url":"https://wyszukiwarka.gunb.gov.pl/","parcel_count":1,"parcel_shard":"x074-y208","parcel_id":"300908_2.0016.AR_2.317/2","location_source":"powiat kolski (wfs)"}},{"type":"Feature","id":"ST-WK-KO/WNIOSEK/21402/2025::300908_2.0016.AR_2.332/9","geometry":{"type":"Polygon","coordinates":[[[18.6356801932059,52.1619366742631],[18.6361126233645,52.1617802898746],[18.6358961710593,52.1615541877606],[18.6354651825418,52.1617101052135],[18.6356801932059,52.1619366742631]]]},"properties":{"case_id":"ST-WK-KO/WNIOSEK/21402/2025","source_type":"wniosek_decyzja","received_date":"2025-10-21","decision_date":"2025-11-04","status":"decyzja wydana","description":"Budowa budynku mieszkalnego jednorodzinnego, zbiornik na gaz płynny o poj. 2700l , szambo o poj. 10m3","address":"Ruszków Drugi","city":"Ruszków Drugi","office":"Starosta Powiatu Koło","case_kind":"Budynek mieszkalny jednorodzinny","parcel_ids":["300908_2.0016.AR_2.332/9"],"location_quality":"dokładny","gunb_url":"https://wyszukiwarka.gunb.gov.pl/","parcel_count":1,"parcel_shard":"x074-y208","parcel_id":"300908_2.0016.AR_2.332/9","location_source":"powiat kolski (wfs)"}},{"type":"Feature","id":"ST-WK-KO/WNIOSEK/11710/2026::300908_2.0016.AR_2.90/2","geometry":{"type":"Polygon","coordinates":[[[18.6318910405231,52.169843055023],[18.6318586987464,52.1698301058734],[18.6316805817143,52.1697627514723],[18.6314642889562,52.1696809118183],[18.6313432825149,52.1698860199222],[18.631765709671,52.1700626216746],[18.6319822866457,52.1698763608623],[18.631930878661,52.1698589300255],[18.6318910405231,52.169843055023]]]},"properties":{"case_id":"ST-WK-KO/WNIOSEK/11710/2026","source_type":"wniosek_decyzja","received_date":"2026-06-19","decision_date":"2026-08-18","status":"decyzja wydana","description":"Zmiana decyzji nr 773.2019 z dnia 29.11.2019r.  pozwolenia na rozbudowę z nadbudową i zmianą konstrucji dachu budynku mieszkalno-gospodarczego, zmianą konstrukcji dachu budynku gospodarczego oraz jego częściową rozbiórką   wg projektu zmian","address":"Ruszków Drugi","city":"Ruszków Drugi","office":"Starosta Powiatu Koło","case_kind":"Budynek mieszkalny jednorodzinny","parcel_ids":["300908_2.0016.AR_2.90/2"],"location_quality":"dokładny","gunb_url":"https://wyszukiwarka.gunb.gov.pl/","parcel_count":1,"parcel_shard":"x074-y208","parcel_id":"300908_2.0016.AR_2.90/2","location_source":"powiat kolski (wfs)"}},{"type":"Feature","id":"ST-WK-KO/WNIOSEK/4055/2026::300908_2.0017.AR_1.181/1","geometry":{"type":"Polygon","coordinates":[[[18.5831878728195,52.1762924647413],[18.5824848438056,52.176539142993],[18.5826274678861,52.1765726492916],[18.5830341649532,52.1764324796828],[18.5833214478863,52.1763280426197],[18.5836617064157,52.176210475271],[18.5840223791972,52.1760859014861],[18.5843729762612,52.175970664433],[18.5847116415804,52.175855930305],[18.5847846865855,52.1758296831164],[18.585024369328,52.1757459859232],[18.5851012347902,52.175721247536],[18.585493961431,52.17558043615],[18.585885166133,52.1754463719323],[18.5861885836577,52.1753373333745],[18.5863454671075,52.1752862576292],[18.586628737285,52.1751824772605],[18.587044674069,52.1750393935123],[18.5874978101382,52.1748838589708],[18.5876960610236,52.1748158103606],[18.5879149075821,52.1747483407141],[18.5883643147168,52.1745946541843],[18.5886976040756,52.1744720277809],[18.5889201246886,52.1743956451233],[18.5891251838452,52.1743252558379],[18.589549243156,52.1741796900974],[18.5902760838012,52.1739466937257],[18.5910101955393,52.1737008842894],[18.5919735912221,52.1733474461505],[18.5921941786082,52.1732704000694],[18.5921055182501,52.1732344024273],[18.591929899302,52.1732834206624],[18.5908791032323,52.1736630637194],[18.5904319583384,52.1738159463338],[18.5901431127782,52.1739070032488],[18.5897921963793,52.1740235336146],[18.5894286152626,52.1741442606416],[18.5892365895617,52.1742155951559],[18.5890073624125,52.1742927774699],[18.588654407717,52.1744103931565],[18.5886068134895,52.174426269572],[18.588530115001,52.1744522677305],[18.5882399147015,52.1745508742651],[18.5879770037643,52.1746459286778],[18.5877350912384,52.1747259579757],[18.5875989370158,52.1747641647538],[18.5873700690681,52.1748425001974],[18.5871768051343,52.1749086488226],[18.586931332449,52.1749920465706],[18.5868026853378,52.1750365474683],[18.5867000874074,52.175072020664],[18.5864643231685,52.1751525067327],[18.5862594883736,52.1752240739143],[18.5862060804242,52.1752427340075],[18.5860780304337,52.1752893534834],[18.5860271804572,52.1753076466917],[18.5857584272263,52.1754026010178],[18.5856858763422,52.1754329807952],[18.5853589974483,52.1755453761995],[18.5849779610353,52.1756765977749],[18.5846738027039,52.1757829299339],[18.5845849156084,52.1758131467377],[18.5844387074139,52.1758677985033],[18.5842396270422,52.1759374520786],[18.5839160842144,52.1760478972925],[18.5835565414239,52.1761668784297],[18.5832849518845,52.176259358757],[18.5831878728195,52.1762924647413]]]},"properties":{"case_id":"ST-WK-KO/WNIOSEK/4055/2026","source_type":"wniosek_decyzja","received_date":"2026-03-05","decision_date":"2026-04-30","status":"decyzja wydana","description":"Sieć wodociągowa","address":"Straszków","city":"Straszków","office":"Starosta Powiatu Koło","case_kind":"Obiekt budowlany inny niż budynek mieszkalny jednorodzinny","parcel_ids":["300908_2.0017.AR_1.181/1","300908_2.0017.AR_1.215/1","300908_2.0017.AR_1.215/13"],"location_quality":"dokładny","gunb_url":"https://wyszukiwarka.gunb.gov.pl/","parcel_count":3,"parcel_shard":"x074-y208","parcel_id":"300908_2.0017.AR_1.181/1","location_source":"powiat kolski (wfs)"}},{"type":"Feature","id":"ST-WK-KO/WNIOSEK/4055/2026::300908_2.0017.AR_1.215/1","geometry":{"type":"Polygon","coordinates":[[[18.5842615192146,52.1741939604828],[18.5842297411929,52.1742343836554],[18.5847555952072,52.1743915833489],[18.5852813067348,52.1745487814083],[18.5858071693154,52.1747060662572],[18.5863512329172,52.1748686510493],[18.5867745118959,52.1749952533647],[18.5868026853378,52.1750365474683],[18.586931332449,52.1749920465706],[18.5866684707257,52.1749134515344],[18.5862340405658,52.1747836686046],[18.5857837605367,52.1746490194294],[18.585334217654,52.1745146345176],[18.5848852645448,52.1743804247293],[18.5844376356264,52.1742466560701],[18.5842615192146,52.1741939604828]]]},"properties":{"case_id":"ST-WK-KO/WNIOSEK/4055/2026","source_type":"wniosek_decyzja","received_date":"2026-03-05","decision_date":"2026-04-30","status":"decyzja wydana","description":"Sieć wodociągowa","address":"Straszków","city":"Straszków","office":"Starosta Powiatu Koło","case_kind":"Obiekt budowlany inny niż budynek mieszkalny jednorodzinny","parcel_ids":["300908_2.0017.AR_1.181/1","300908_2.0017.AR_1.215/1","300908_2.0017.AR_1.215/13"],"location_quality":"dokładny","gunb_url":"https://wyszukiwarka.gunb.gov.pl/","parcel_count":3,"parcel_shard":"x074-y208","parcel_id":"300908_2.0017.AR_1.215/1","location_source":"powiat kolski (wfs)"}},{"type":"Feature","id":"ST-WK-KO/WNIOSEK/4055/2026::300908_2.0017.AR_1.215/13","geometry":{"type":"Polygon","coordinates":[[[18.5842297411929,52.1742343836554],[18.5842615192146,52.1741939604828],[18.5839907426292,52.17411306183],[18.5839286620233,52.1740944945175],[18.5835448790734,52.1739797304444],[18.5830998999395,52.1738467525209],[18.5826556566833,52.1737139490449],[18.5822127363469,52.1735814968858],[18.5820220973897,52.1735245554337],[18.5819708994378,52.1735892512606],[18.5821023946759,52.1736285088211],[18.5821479368755,52.1736121058819],[18.582568549155,52.1737378376364],[18.5831222757397,52.1739033555919],[18.583676006419,52.1740688709316],[18.5842297411929,52.1742343836554]]]},"properties":{"case_id":"ST-WK-KO/WNIOSEK/4055/2026","source_type":"wniosek_decyzja","received_date":"2026-03-05","decision_date":"2026-04-30","status":"decyzja wydana","description":"Sieć wodociągowa","address":"Straszków","city":"Straszków","office":"Starosta Powiatu Koło","case_kind":"Obiekt budowlany inny niż budynek mieszkalny jednorodzinny","parcel_ids":["300908_2.0017.AR_1.181/1","300908_2.0017.AR_1.215/1","300908_2.0017.AR_1.215/13"],"location_quality":"dokładny","gunb_url":"https://wyszukiwarka.gunb.gov.pl/","parcel_count":3,"parcel_shard":"x074-y208","parcel_id":"300908_2.0017.AR_1.215/13","location_source":"powiat kolski (wfs)"}},{"type":"Feature","id":"ST-WK-KO/WNIOSEK/4974/2026::300908_2.0017.AR_1.213","geometry":{"type":"Polygon","coordinates":[[[18.587044674069,52.1750393935123],[18.586628737285,52.1751824772605],[18.5877716275069,52.1755289181197],[18.5898039486217,52.1761425020616],[18.5901817885423,52.175970512987],[18.587044674069,52.1750393935123]]]},"properties":{"case_id":"ST-WK-KO/WNIOSEK/4974/2026","source_type":"wniosek_decyzja","received_date":"2026-03-18","decision_date":"2026-04-28","status":"decyzja wydana","description":"Instalacja gazowa wewnętrzna i zewnętrzna wraz z zbiornikiem naziemnym gazu płynnego V=4850dm3 dla budynku mieszkalnego jednorodzinnego","address":"Straszków","city":"Straszków","office":"Starosta Powiatu Koło","case_kind":"Budynek mieszkalny jednorodzinny","parcel_ids":["300908_2.0017.AR_1.213"],"location_quality":"dokładny","gunb_url":"https://wyszukiwarka.gunb.gov.pl/","parcel_count":1,"parcel_shard":"x074-y208","parcel_id":"300908_2.0017.AR_1.213","location_source":"powiat kolski (wfs)"}},{"type":"Feature","id":"ST-WK-KO/WNIOSEK/5002/2026::300908_2.0017.AR_1.215/12","geometry":{"type":"Polygon","coordinates":[[[18.5818454946487,52.173747877126],[18.5819708994378,52.1735892512606],[18.5820220973897,52.1735245554337],[18.5812990223422,52.1733084560563],[18.581067364049,52.1735138922814],[18.5818454946487,52.173747877126]]]},"properties":{"case_id":"ST-WK-KO/WNIOSEK/5002/2026","source_type":"wniosek_decyzja","received_date":"2026-03-18","decision_date":"2026-03-25","status":"decyzja wydana","description":"Budowa budynku mieszkalnego jednorodzinnego oraz zbiornik bezodpływowy na ścieki V= 9,5m3","address":"Straszków","city":"Straszków","office":"Starosta Powiatu Koło","case_kind":"Budynek mieszkalny jednorodzinny","parcel_ids":["300908_2.0017.AR_1.215/12"],"location_quality":"dokładny","gunb_url":"https://wyszukiwarka.gunb.gov.pl/","parcel_count":1,"parcel_shard":"x074-y208","parcel_id":"300908_2.0017.AR_1.215/12","location_source":"powiat kolski (wfs)"}},{"type":"Feature","id":"ST-WK-KO/WNIOSEK/13298/2026::300908_2.0017.AR_1.226/5","geometry":{"type":"Polygon","coordinates":[[[18.5860472021982,52.1736929261442],[18.5854859877073,52.173525571596],[18.5853469388389,52.1737017953327],[18.5853786369506,52.1737110753566],[18.5859097346514,52.1738669855906],[18.5860472021982,52.1736929261442]]]},"properties":{"case_id":"ST-WK-KO/WNIOSEK/13298/2026","source_type":"wniosek_decyzja","received_date":"2026-07-14","decision_date":"2026-08-10","status":"decyzja wydana","description":"Zmiana decyzji nr 1.2026 z dnia 07.01.2026r.  pozwolenia na budowę budynku mieszkalnego jednorodzinnego wg projektu gotowego , typowego \"Dom na start bez kredytu\" w zakresie zmiany ogrzewania -zbiornikowa instalacja  gazu płynnego ze zbiornikiem naziemnym o poj. 2,70m3 dla budynku mieszkalnego jednorodzinnego wg projektu zmian","address":"Straszków","city":"Straszków","office":"Starosta Powiatu Koło","case_kind":"Budynek mieszkalny jednorodzinny","parcel_ids":["300908_2.0017.AR_1.226/5"],"location_quality":"dokładny","gunb_url":"https://wyszukiwarka.gunb.gov.pl/","parcel_count":1,"parcel_shard":"x074-y208","parcel_id":"300908_2.0017.AR_1.226/5","location_source":"powiat kolski (wfs)"}},{"type":"Feature","id":"ST-WK-KO/WNIOSEK/24727/2025::300908_2.0017.AR_1.226/5","geometry":{"type":"Polygon","coordinates":[[[18.5860472021982,52.1736929261442],[18.5854859877073,52.173525571596],[18.5853469388389,52.1737017953327],[18.5853786369506,52.1737110753566],[18.5859097346514,52.1738669855906],[18.5860472021982,52.1736929261442]]]},"properties":{"case_id":"ST-WK-KO/WNIOSEK/24727/2025","source_type":"wniosek_decyzja","received_date":"2025-12-05","decision_date":"2026-01-07","status":"decyzja wydana","description":"Budowa budynku mieszkalnego jednorodzinnego wg projektu gotowego , typowego \"Dom na start bez kredytu","address":"Straszków","city":"Straszków","office":"Starosta Powiatu Koło","case_kind":"Budynek mieszkalny jednorodzinny","parcel_ids":["300908_2.0017.AR_1.226/5"],"location_quality":"dokładny","gunb_url":"https://wyszukiwarka.gunb.gov.pl/","parcel_count":1,"parcel_shard":"x074-y208","parcel_id":"300908_2.0017.AR_1.226/5","location_source":"powiat kolski (wfs)"}},{"type":"Feature","id":"ST-WK-KO/WNIOSEK/20920/2025::300908_2.0017.AR_1.226/7","geometry":{"type":"Polygon","coordinates":[[[18.5886068134895,52.174426269572],[18.5855136242266,52.1735038634713],[18.5849415534729,52.1733332346905],[18.5849224291671,52.1733575069708],[18.5854859877073,52.173525571596],[18.5860472021982,52.1736929261442],[18.586615319602,52.1738624008002],[18.5871913656914,52.1740341701171],[18.5885116649644,52.1744278227891],[18.588530115001,52.1744522677305],[18.5886068134895,52.174426269572]]]},"properties":{"case_id":"ST-WK-KO/WNIOSEK/20920/2025","source_type":"wniosek_decyzja","received_date":"2025-10-14","decision_date":"2025-11-25","status":"decyzja wydana","description":"Budowa odcinka sieci wodociągowej","address":"Straszków","city":"Straszków","office":"Starosta Powiatu Koło","case_kind":"Obiekt budowlany inny niż budynek mieszkalny jednorodzinny","parcel_ids":["300908_2.0017.AR_1.226/7"],"location_quality":"dokładny","gunb_url":"https://wyszukiwarka.gunb.gov.pl/","parcel_count":1,"parcel_shard":"x074-y208","parcel_id":"300908_2.0017.AR_1.226/7","location_source":"powiat kolski (wfs)"}},{"type":"Feature","id":"ST-WK-KO/WNIOSEK/20195/2025::300908_2.0017.AR_2.369/29","geometry":{"type":"Polygon","coordinates":[[[18.6186344887119,52.1824619909549],[18.6186885430139,52.1823227322526],[18.618810089522,52.1820169311464],[18.616766979892,52.1823365696202],[18.6166590307222,52.1825132068922],[18.6170354207139,52.182599949683],[18.6168555643698,52.1828950641994],[18.6164790173214,52.1828076925021],[18.6162442378654,52.1831917137383],[18.6160317587212,52.1835391271639],[18.6154725187411,52.1844534188072],[18.6161669642934,52.184621143674],[18.6161990116461,52.1845709878862],[18.6162806009423,52.1845905071093],[18.6164502577411,52.1843242886597],[18.6166735178527,52.1839722256955],[18.6169097809658,52.1835997190268],[18.6170725322764,52.1833430530986],[18.6175033606211,52.1834355943869],[18.6177946648179,52.1834981497093],[18.6179899912732,52.1835398943633],[18.6183711972008,52.1836213802405],[18.6183921594477,52.1836258008626],[18.6184557747163,52.1834702465812],[18.6185084681387,52.1833504307962],[18.6186146757818,52.1831125388288],[18.6184012913792,52.183059134147],[18.6186344887119,52.1824619909549]]]},"properties":{"case_id":"ST-WK-KO/WNIOSEK/20195/2025","source_type":"wniosek_decyzja","received_date":"2025-10-06","decision_date":"2025-12-03","status":"decyzja wydana","description":"Budowa ogrodzenia akustycznego","address":"Straszków","city":"Straszków","office":"Starosta Powiatu Koło","case_kind":"Obiekt budowlany inny niż budynek mieszkalny jednorodzinny","parcel_ids":["300908_2.0017.AR_2.369/29"],"location_quality":"dokładny","gunb_url":"https://wyszukiwarka.gunb.gov.pl/","parcel_count":1,"parcel_shard":"x074-y208","parcel_id":"300908_2.0017.AR_2.369/29","location_source":"powiat kolski (wfs)"}},{"type":"Feature","id":"ST-WK-KO/WNIOSEK/19013/2025::300908_2.0017.AR_2.488/4","geometry":{"type":"Polygon","coordinates":[[[18.6047030627912,52.1707253428426],[18.6049794164772,52.1703755543678],[18.6045982527269,52.1702615642715],[18.6043230478088,52.1706099977835],[18.6047030627912,52.1707253428426]]]},"properties":{"case_id":"ST-WK-KO/WNIOSEK/19013/2025","source_type":"wniosek_decyzja","received_date":"2025-09-18","decision_date":"2025-11-18","status":"decyzja wydana","description":"Budynek mieszkalny jednorodzinny oraz zbiornik bezodpływowy na ścieki V=10m3","address":"Straszków","city":"Straszków","office":"Starosta Powiatu Koło","case_kind":"Budynek mieszkalny jednorodzinny","parcel_ids":["300908_2.0017.AR_2.488/4"],"location_quality":"dokładny","gunb_url":"https://wyszukiwarka.gunb.gov.pl/","parcel_count":1,"parcel_shard":"x074-y208","parcel_id":"300908_2.0017.AR_2.488/4","location_source":"powiat kolski (wfs)"}},{"type":"Feature","id":"ST-WK-KO/WNIOSEK/23309/2025::300908_2.0018.AR_1.116/3","geometry":{"type":"Polygon","coordinates":[[[18.5166950912351,52.1949172684692],[18.5169141659897,52.1949102029319],[18.5167357938986,52.1943091741444],[18.5163740843169,52.1942657422382],[18.5175043460829,52.1984697841655],[18.5176500964428,52.1984549868792],[18.5166950912351,52.1949172684692]]]},"properties":{"case_id":"ST-WK-KO/WNIOSEK/23309/2025","source_type":"wniosek_decyzja","received_date":"2025-11-18","decision_date":"2026-01-09","status":"decyzja wydana","description":"Rozbudowa budynku gospodarczego","address":"Trzęśniew","city":"Trzęśniew","office":"Starosta Powiatu Koło","case_kind":"Obiekt budowlany inny niż budynek mieszkalny jednorodzinny","parcel_ids":["300908_2.0018.AR_1.116/3"],"location_quality":"dokładny","gunb_url":"https://wyszukiwarka.gunb.gov.pl/","parcel_count":1,"parcel_shard":"x074-y208","parcel_id":"300908_2.0018.AR_1.116/3","location_source":"powiat kolski (wfs)"}},{"type":"Feature","id":"ST-WK-KO/WNIOSEK/5426/2026::300908_2.0018.AR_1.561","geometry":{"type":"Polygon","coordinates":[[[18.5011679286847,52.1838256110697],[18.5005974243118,52.1838164386115],[18.5005898586351,52.1840411671346],[18.5011570019729,52.1840502640313],[18.5011679286847,52.1838256110697]]]},"properties":{"case_id":"ST-WK-KO/WNIOSEK/5426/2026","source_type":"wniosek_decyzja","received_date":"2026-03-24","decision_date":"2026-05-21","status":"decyzja wydana","description":"Budowa budynku mieszkalnego jednorodzinnego i zbiornika bezodpływowego na ścieki bytowe o poj. do 10m3","address":"Trzęśniew","city":"Trzęśniew","office":"Starosta Powiatu Koło","case_kind":"Budynek mieszkalny jednorodzinny","parcel_ids":["300908_2.0018.AR_1.561"],"location_quality":"dokładny","gunb_url":"https://wyszukiwarka.gunb.gov.pl/","parcel_count":1,"parcel_shard":"x074-y208","parcel_id":"300908_2.0018.AR_1.561","location_source":"powiat kolski (wfs)"}},{"type":"Feature","id":"ST-WK-KO/WNIOSEK/2018/2026::300910_2.0003.AR_1.331","geometry":{"type":"Polygon","coordinates":[[[18.5503592155909,52.2402218432316],[18.5505873529316,52.240315603497],[18.5507879015441,52.2401360805839],[18.5510026399226,52.240227652705],[18.5521620640629,52.2392049072952],[18.5518068009491,52.2389141057431],[18.5513901899318,52.2392908041759],[18.5503592155909,52.2402218432316]]]},"properties":{"case_id":"ST-WK-KO/WNIOSEK/2018/2026","source_type":"wniosek_decyzja","received_date":"2026-02-04","decision_date":"2026-04-02","status":"decyzja wydana","description":"Budowa doziemnej instalacji gazu wraz z instalacją zbiornikowa oraz instalacją promienników podczerwieni w ramach zadania pn. \"Wykonanie ogrzewania na obiekcie sportowym przy Szkole Podstawowej w Budkach Nowych","address":"Nowe Budki","city":"Nowe Budki","office":"Starosta Powiatu Koło","case_kind":"Obiekt budowlany inny niż budynek mieszkalny jednorodzinny","parcel_ids":["300910_2.0003.AR_1.331","300910_2.0003.AR_1.332/3","300910_2.0003.AR_1.332/4"],"location_quality":"dokładny","gunb_url":"https://wyszukiwarka.gunb.gov.pl/","parcel_count":3,"parcel_shard":"x074-y208","parcel_id":"300910_2.0003.AR_1.331","location_source":"powiat kolski (wfs)"}},{"type":"Feature","id":"ST-WK-KO/WNIOSEK/2018/2026::300910_2.0003.AR_1.332/3","geometry":{"type":"Polygon","coordinates":[[[18.5523670602227,52.239372738984],[18.5521768550589,52.2392170615067],[18.5509982512558,52.2402752185953],[18.551269201563,52.240366078458],[18.5523670602227,52.239372738984]]]},"properties":{"case_id":"ST-WK-KO/WNIOSEK/2018/2026","source_type":"wniosek_decyzja","received_date":"2026-02-04","decision_date":"2026-04-02","status":"decyzja wydana","description":"Budowa doziemnej instalacji gazu wraz z instalacją zbiornikowa oraz instalacją promienników podczerwieni w ramach zadania pn. \"Wykonanie ogrzewania na obiekcie sportowym przy Szkole Podstawowej w Budkach Nowych","address":"Nowe Budki","city":"Nowe Budki","office":"Starosta Powiatu Koło","case_kind":"Obiekt budowlany inny niż budynek mieszkalny jednorodzinny","parcel_ids":["300910_2.0003.AR_1.331","300910_2.0003.AR_1.332/3","300910_2.0003.AR_1.332/4"],"location_quality":"dokładny","gunb_url":"https://wyszukiwarka.gunb.gov.pl/","parcel_count":3,"parcel_shard":"x074-y208","parcel_id":"300910_2.0003.AR_1.332/3","location_source":"powiat kolski (wfs)"}},{"type":"Feature","id":"ST-WK-KO/WNIOSEK/2018/2026::300910_2.0003.AR_1.332/4","geometry":{"type":"Polygon","coordinates":[[[18.5510026399226,52.240227652705],[18.5509629591487,52.2402627105339],[18.5509982512558,52.2402752185953],[18.5521768550589,52.2392170615067],[18.5521620640629,52.2392049072952],[18.5510026399226,52.240227652705]]]},"properties":{"case_id":"ST-WK-KO/WNIOSEK/2018/2026","source_type":"wniosek_decyzja","received_date":"2026-02-04","decision_date":"2026-04-02","status":"decyzja wydana","description":"Budowa doziemnej instalacji gazu wraz z instalacją zbiornikowa oraz instalacją promienników podczerwieni w ramach zadania pn. \"Wykonanie ogrzewania na obiekcie sportowym przy Szkole Podstawowej w Budkach Nowych","address":"Nowe Budki","city":"Nowe Budki","office":"Starosta Powiatu Koło","case_kind":"Obiekt budowlany inny niż budynek mieszkalny jednorodzinny","parcel_ids":["300910_2.0003.AR_1.331","300910_2.0003.AR_1.332/3","300910_2.0003.AR_1.332/4"],"location_quality":"dokładny","gunb_url":"https://wyszukiwarka.gunb.gov.pl/","parcel_count":3,"parcel_shard":"x074-y208","parcel_id":"300910_2.0003.AR_1.332/4","location_source":"powiat kolski (wfs)"}},{"type":"Feature","id":"ST-WK-KO/WNIOSEK/14969/2026::300910_2.0004.AR_1.139/1","geometry":{"type":"Polygon","coordinates":[[[18.5294528977902,52.2297234238468],[18.5304353794566,52.2295732970109],[18.5316884221001,52.2294837633397],[18.5320918996185,52.2294317670336],[18.532226677885,52.2294070576397],[18.5316518105214,52.2288886930433],[18.5313501967473,52.2289754079727],[18.5313074039187,52.2289814738379],[18.5305164509164,52.2290933186927],[18.5300434111877,52.2292311010385],[18.5294528977902,52.2297234238468]]]},"properties":{"case_id":"ST-WK-KO/WNIOSEK/14969/2026","source_type":"wniosek_decyzja","received_date":"2026-08-05","decision_date":"2026-08-18","status":"decyzja wydana","description":"Budowa budynku mieszkalnego jednorodzinnego wg projektu powtarzalnego \"Dom w Kruszczykach 14\", zbiornik na ścieki bytowe oraz naziemny zbiornik na gaz płynny V=2700l","address":"Stare Budki","city":"Stare Budki","office":"Starosta Powiatu Koło","case_kind":"Budynek mieszkalny jednorodzinny","parcel_ids":["300910_2.0004.AR_1.139/1"],"location_quality":"dokładny","gunb_url":"https://wyszukiwarka.gunb.gov.pl/","parcel_count":1,"parcel_shard":"x074-y208","parcel_id":"300910_2.0004.AR_1.139/1","location_source":"powiat kolski (wfs)"}},{"type":"Feature","id":"ST-WK-KO/WNIOSEK/26460/2025::300910_2.0005.AR_1.136","geometry":{"type":"Polygon","coordinates":[[[18.5909421677642,52.248688646995],[18.5907461429709,52.2481411030626],[18.5879456434516,52.2486614554215],[18.588082042843,52.2489325668495],[18.58810531319,52.2490534265922],[18.5882636839265,52.2491698383524],[18.5909421677642,52.248688646995]]]},"properties":{"case_id":"ST-WK-KO/WNIOSEK/26460/2025","source_type":"wniosek_decyzja","received_date":"2025-12-31","decision_date":"2026-02-06","status":"decyzja wydana","description":"Budowa budynku inwentarskiego dla chowu niosek","address":"Nowy Budzisław","city":"Nowy Budzisław","office":"Starosta Powiatu Koło","case_kind":"Obiekt budowlany inny niż budynek mieszkalny jednorodzinny","parcel_ids":["300910_2.0005.AR_1.136"],"location_quality":"dokładny","gunb_url":"https://wyszukiwarka.gunb.gov.pl/","parcel_count":1,"parcel_shard":"x074-y208","parcel_id":"300910_2.0005.AR_1.136","location_source":"powiat kolski (wfs)"}},{"type":"Feature","id":"ST-WK-KO/WNIOSEK/11433/2026::300910_2.0006.AR_1.90","geometry":{"type":"Polygon","coordinates":[[[18.5763686875705,52.2464937056647],[18.5764064605731,52.2464342009598],[18.5761033644859,52.2463009105607],[18.5756192167721,52.2460814074267],[18.5751154292731,52.2458481130104],[18.5746368358631,52.2456264678199],[18.5741582472163,52.2454048206669],[18.5724065919362,52.2445765692305],[18.571935115791,52.2443446188746],[18.5718499543818,52.2443459842044],[18.5716282376842,52.2443503637271],[18.5717756325575,52.2444234578075],[18.5721968110468,52.2446323206061],[18.5724038874538,52.2447350087056],[18.5727971650001,52.2449300306583],[18.576026444482,52.246354447518],[18.5763686875705,52.2464937056647]]]},"properties":{"case_id":"ST-WK-KO/WNIOSEK/11433/2026","source_type":"wniosek_decyzja","received_date":"2026-06-16","decision_date":"2026-07-17","status":"decyzja wydana","description":"Budowa oświetlenia drogowego","address":"Stary Budzisław","city":"Stary Budzisław","office":"Starosta Powiatu Koło","case_kind":"Obiekt budowlany inny niż budynek mieszkalny jednorodzinny","parcel_ids":["300910_2.0006.AR_1.90","300910_2.0006.AR_1.99/7"],"location_quality":"dokładny","gunb_url":"https://wyszukiwarka.gunb.gov.pl/","parcel_count":2,"parcel_shard":"x074-y208","parcel_id":"300910_2.0006.AR_1.90","location_source":"powiat kolski (wfs)"}},{"type":"Feature","id":"ST-WK-KO/WNIOSEK/11433/2026::300910_2.0006.AR_1.99/7","geometry":{"type":"Polygon","coordinates":[[[18.5753375574547,52.2456672748754],[18.5748656313664,52.2454402953176],[18.5746368358631,52.2456264678199],[18.5751154292731,52.2458481130104],[18.5753375574547,52.2456672748754]]]},"properties":{"case_id":"ST-WK-KO/WNIOSEK/11433/2026","source_type":"wniosek_decyzja","received_date":"2026-06-16","decision_date":"2026-07-17","status":"decyzja wydana","description":"Budowa oświetlenia drogowego","address":"Stary Budzisław","city":"Stary Budzisław","office":"Starosta Powiatu Koło","case_kind":"Obiekt budowlany inny niż budynek mieszkalny jednorodzinny","parcel_ids":["300910_2.0006.AR_1.90","300910_2.0006.AR_1.99/7"],"location_quality":"dokładny","gunb_url":"https://wyszukiwarka.gunb.gov.pl/","parcel_count":2,"parcel_shard":"x074-y208","parcel_id":"300910_2.0006.AR_1.99/7","location_source":"powiat kolski (wfs)"}},{"type":"Feature","id":"ST-WK-KO/ZGŁOSZENIE/2337/2026::300910_2.0006.AR_1.90","geometry":{"type":"Polygon","coordinates":[[[18.5763686875705,52.2464937056647],[18.5764064605731,52.2464342009598],[18.5761033644859,52.2463009105607],[18.5756192167721,52.2460814074267],[18.5751154292731,52.2458481130104],[18.5746368358631,52.2456264678199],[18.5741582472163,52.2454048206669],[18.5724065919362,52.2445765692305],[18.571935115791,52.2443446188746],[18.5718499543818,52.2443459842044],[18.5716282376842,52.2443503637271],[18.5717756325575,52.2444234578075],[18.5721968110468,52.2446323206061],[18.5724038874538,52.2447350087056],[18.5727971650001,52.2449300306583],[18.576026444482,52.246354447518],[18.5763686875705,52.2464937056647]]]},"properties":{"case_id":"ST-WK-KO/ZGŁOSZENIE/2337/2026","source_type":"zgloszenie","received_date":"2026-07-16","decision_date":null,"status":"Brak sprzeciwu","description":"Budowa elektroenergetycznej linii kablowej niskiego napięcia","address":"Stary Budzisław","city":"Stary Budzisław","office":"Starosta Powiatu Koło","case_kind":"budowa nowego/nowych obiektów budowlanych","parcel_ids":["300910_2.0006.AR_1.90","300910_2.0006.AR_1.99/7"],"location_quality":"dokładny","gunb_url":"https://wyszukiwarka.gunb.gov.pl/","parcel_count":2,"parcel_shard":"x074-y208","parcel_id":"300910_2.0006.AR_1.90","location_source":"powiat kolski (wfs)"}},{"type":"Feature","id":"ST-WK-KO/ZGŁOSZENIE/2337/2026::300910_2.0006.AR_1.99/7","geometry":{"type":"Polygon","coordinates":[[[18.5753375574547,52.2456672748754],[18.5748656313664,52.2454402953176],[18.5746368358631,52.2456264678199],[18.5751154292731,52.2458481130104],[18.5753375574547,52.2456672748754]]]},"properties":{"case_id":"ST-WK-KO/ZGŁOSZENIE/2337/2026","source_type":"zgloszenie","received_date":"2026-07-16","decision_date":null,"status":"Brak sprzeciwu","description":"Budowa elektroenergetycznej linii kablowej niskiego napięcia","address":"Stary Budzisław","city":"Stary Budzisław","office":"Starosta Powiatu Koło","case_kind":"budowa nowego/nowych obiektów budowlanych","parcel_ids":["300910_2.0006.AR_1.90","300910_2.0006.AR_1.99/7"],"location_quality":"dokładny","gunb_url":"https://wyszukiwarka.gunb.gov.pl/","parcel_count":2,"parcel_shard":"x074-y208","parcel_id":"300910_2.0006.AR_1.99/7","location_source":"powiat kolski (wfs)"}},{"type":"Feature","id":"ST-WK-KO/WNIOSEK/8451/2026::300910_2.0006.AR_1.99/8","geometry":{"type":"Polygon","coordinates":[[[18.5748656313664,52.2454402953176],[18.5743954774803,52.2452141141523],[18.5741582472163,52.2454048206669],[18.5746368358631,52.2456264678199],[18.5748656313664,52.2454402953176]]]},"properties":{"case_id":"ST-WK-KO/WNIOSEK/8451/2026","source_type":"wniosek_decyzja","received_date":"2026-05-05","decision_date":"2026-05-15","status":"decyzja wydana","description":"Budowa budynku mieszkalnego jednorodzinnego , zbiornika naziemnego na gaz płynny V=3600dm3 i przydomowej oczyszczalni ściekow","address":"Stary Budzisław","city":"Stary Budzisław","office":"Starosta Powiatu Koło","case_kind":"Budynek mieszkalny jednorodzinny","parcel_ids":["300910_2.0006.AR_1.99/8"],"location_quality":"dokładny","gunb_url":"https://wyszukiwarka.gunb.gov.pl/","parcel_count":1,"parcel_shard":"x074-y208","parcel_id":"300910_2.0006.AR_1.99/8","location_source":"powiat kolski (wfs)"}},{"type":"Feature","id":"ST-WK-KO/WNIOSEK/6100/2026::300910_2.0016.AR_1.166/5","geometry":{"type":"Polygon","coordinates":[[[18.5549344548422,52.248158930994],[18.554718105781,52.2479889103185],[18.5543187099647,52.2481822259757],[18.5545365137167,52.2483515215214],[18.5549344548422,52.248158930994]]]},"properties":{"case_id":"ST-WK-KO/WNIOSEK/6100/2026","source_type":"wniosek_decyzja","received_date":"2026-03-31","decision_date":"2026-05-06","status":"decyzja wydana","description":"Budynek mieszkalny jednorodzinny oraz zbiornik na nieczystości ciekłe","address":"Nowa Wieś","city":"Nowa Wieś","office":"Starosta Powiatu Koło","case_kind":"Budynek mieszkalny jednorodzinny","parcel_ids":["300910_2.0016.AR_1.166/5"],"location_quality":"dokładny","gunb_url":"https://wyszukiwarka.gunb.gov.pl/","parcel_count":1,"parcel_shard":"x074-y208","parcel_id":"300910_2.0016.AR_1.166/5","location_source":"powiat kolski (wfs)"}},{"type":"Feature","id":"ST-WK-KO/WNIOSEK/13931/2026::300910_2.0016.AR_1.172/5","geometry":{"type":"Polygon","coordinates":[[[18.5565543742116,52.2482019964688],[18.5564815333004,52.2482670518485],[18.5563311835652,52.2484337647274],[18.5575840053127,52.2488736481864],[18.5578451482073,52.2486559888126],[18.5565543742116,52.2482019964688]]]},"properties":{"case_id":"ST-WK-KO/WNIOSEK/13931/2026","source_type":"wniosek_decyzja","received_date":"2026-07-22","decision_date":"2026-08-18","status":"decyzja wydana","description":"Budynek mieszkalny jednorodzinny i zbiornik na ścieki sanitarne o poj. 10m3","address":"Nowa Wieś","city":"Nowa Wieś","office":"Starosta Powiatu Koło","case_kind":"Budynek mieszkalny jednorodzinny","parcel_ids":["300910_2.0016.AR_1.172/5"],"location_quality":"dokładny","gunb_url":"https://wyszukiwarka.gunb.gov.pl/","parcel_count":1,"parcel_shard":"x074-y208","parcel_id":"300910_2.0016.AR_1.172/5","location_source":"powiat kolski (wfs)"}},{"type":"Feature","id":"ST-WK-KO/WNIOSEK/1124/2026::300910_2.0016.AR_1.172/6","geometry":{"type":"Polygon","coordinates":[[[18.5568607188358,52.2479689368005],[18.5567209073128,52.2480531825413],[18.5565543742116,52.2482019964688],[18.5578451482073,52.2486559888126],[18.5581257073901,52.2484221489327],[18.5568607188358,52.2479689368005]]]},"properties":{"case_id":"ST-WK-KO/WNIOSEK/1124/2026","source_type":"wniosek_decyzja","received_date":"2026-01-21","decision_date":"2026-02-04","status":"decyzja wydana","description":"Budowa budynku mieszkalnego jednorodzinnego, zbiornika bezodpływowego szczelnego na nieczystości ciekłe V=10m3 i naziemnego zbiornika na gaz płynny propan-butan V=2700l","address":"Nowa Wieś","city":"Nowa Wieś","office":"Starosta Powiatu Koło","case_kind":"Budynek mieszkalny jednorodzinny","parcel_ids":["300910_2.0016.AR_1.172/6"],"location_quality":"dokładny","gunb_url":"https://wyszukiwarka.gunb.gov.pl/","parcel_count":1,"parcel_shard":"x074-y208","parcel_id":"300910_2.0016.AR_1.172/6","location_source":"powiat kolski (wfs)"}},{"type":"Feature","id":"ST-WK-KO/WNIOSEK/7163/2026::300910_2.0019.AR_1.340/19","geometry":{"type":"Polygon","coordinates":[[[18.5919293439214,52.2424333176239],[18.5921410835135,52.2424463665827],[18.5921892257556,52.2424223074169],[18.5922912128863,52.242428626496],[18.5926393863017,52.2424509664209],[18.5930049903688,52.2424738469076],[18.5932785759428,52.2424913466758],[18.5933439476513,52.242540630795],[18.5933179251397,52.2426972392244],[18.5947035762175,52.2427845489536],[18.5947125287886,52.2427313859392],[18.5943483870035,52.2427085932518],[18.5942830139383,52.2426593096944],[18.5943097134155,52.2424988328811],[18.5943431840912,52.2422972477059],[18.5943769352661,52.2420947623212],[18.5942564984385,52.2420882682861],[18.5942236995064,52.2422853561604],[18.5941894099014,52.2424914393244],[18.5941628503958,52.2426514660152],[18.5940825662738,52.2426915961527],[18.593769565473,52.2426719596724],[18.5934868956037,52.2426540573203],[18.5934215235697,52.2426047732822],[18.5934480857169,52.242444746749],[18.5934823787235,52.2422386637884],[18.593516805831,52.2420316813555],[18.5935224906548,52.2419968699751],[18.5934599186204,52.2419927805282],[18.5930894654842,52.2419683080134],[18.5927236999729,52.2419439905567],[18.592375513733,52.2419203926584],[18.5922736729609,52.2419139830415],[18.5922343343015,52.2418844307739],[18.5920234530398,52.2418696699993],[18.5920055537364,52.2419768943733],[18.5922165830986,52.2419917443156],[18.592264723613,52.2419675952468],[18.5923667109077,52.2419740041363],[18.5927148987604,52.2419976919311],[18.5930805171095,52.242021920277],[18.593353526313,52.2420403215433],[18.5934188974375,52.2420896056265],[18.5933931526606,52.242245044275],[18.5933676621533,52.2423976055384],[18.5932875241685,52.2424377344019],[18.593013937723,52.2424201447813],[18.5926481876907,52.2423972650557],[18.5923001622906,52.2423750142928],[18.5921981740853,52.242368605349],[18.5921589814736,52.2423390523251],[18.5919472423875,52.2423260033967],[18.5919293439214,52.2424333176239]]]},"properties":{"case_id":"ST-WK-KO/WNIOSEK/7163/2026","source_type":"wniosek_decyzja","received_date":"2026-04-16","decision_date":"2026-05-05","status":"decyzja wydana","description":"Budowa sieci  wodociągowej i sieci  kanalizacji sanitarnej","address":"Osiek Wielki","city":"Osiek Wielki","office":"Starosta Powiatu Koło","case_kind":"Obiekt budowlany inny niż budynek mieszkalny jednorodzinny","parcel_ids":["300910_2.0019.AR_1.340/19","300910_2.0019.AR_1.340/53","300910_2.0019.AR_1.340/54","300910_2.0019.AR_1.340/64","300910_2.0019.AR_1.340/65","300910_2.0019.AR_1.340/66","300910_2.0019.AR_3.717","300910_2.0019.AR_3.728","300910_2.0019.AR_3.739"],"location_quality":"dokładny","gunb_url":"https://wyszukiwarka.gunb.gov.pl/","parcel_count":9,"parcel_shard":"x074-y208","parcel_id":"300910_2.0019.AR_1.340/19","location_source":"powiat kolski (wfs)"}},{"type":"Feature","id":"ST-WK-KO/WNIOSEK/7163/2026::300910_2.0019.AR_1.340/53","geometry":{"type":"Polygon","coordinates":[[[18.5947035762175,52.2427845489536],[18.5967765111953,52.2429150487142],[18.5980663217012,52.2429963002716],[18.5980752630423,52.2429425977847],[18.5978422678905,52.2429279594256],[18.5975276521953,52.2429082512041],[18.5971737643125,52.242886044472],[18.596820608794,52.2428638329771],[18.5964681868441,52.2428417065979],[18.5961164972552,52.2428195754689],[18.5957648092115,52.2427975331631],[18.5954131203051,52.2427753999364],[18.5950627505748,52.2427533488911],[18.5947125287886,52.2427313859392],[18.5947035762175,52.2427845489536]]]},"properties":{"case_id":"ST-WK-KO/WNIOSEK/7163/2026","source_type":"wniosek_decyzja","received_date":"2026-04-16","decision_date":"2026-05-05","status":"decyzja wydana","description":"Budowa sieci  wodociągowej i sieci  kanalizacji sanitarnej","address":"Osiek Wielki","city":"Osiek Wielki","office":"Starosta Powiatu Koło","case_kind":"Obiekt budowlany inny niż budynek mieszkalny jednorodzinny","parcel_ids":["300910_2.0019.AR_1.340/19","300910_2.0019.AR_1.340/53","300910_2.0019.AR_1.340/54","300910_2.0019.AR_1.340/64","300910_2.0019.AR_1.340/65","300910_2.0019.AR_1.340/66","300910_2.0019.AR_3.717","300910_2.0019.AR_3.728","300910_2.0019.AR_3.739"],"location_quality":"dokładny","gunb_url":"https://wyszukiwarka.gunb.gov.pl/","parcel_count":9,"parcel_shard":"x074-y208","parcel_id":"300910_2.0019.AR_1.340/53","location_source":"powiat kolski (wfs)"}},{"type":"Feature","id":"ST-WK-KO/WNIOSEK/7163/2026::300910_2.0019.AR_1.340/54","geometry":{"type":"Polygon","coordinates":[[[18.598133992542,52.2423340955177],[18.5979883335194,52.2423247671042],[18.5979201132941,52.2427283954368],[18.5978904075494,52.2429038979445],[18.5978422678905,52.2429279594256],[18.5980752630423,52.2429425977847],[18.5980360660333,52.2429130467284],[18.598133992542,52.2423340955177]]]},"properties":{"case_id":"ST-WK-KO/WNIOSEK/7163/2026","source_type":"wniosek_decyzja","received_date":"2026-04-16","decision_date":"2026-05-05","status":"decyzja wydana","description":"Budowa sieci  wodociągowej i sieci  kanalizacji sanitarnej","address":"Osiek Wielki","city":"Osiek Wielki","office":"Starosta Powiatu Koło","case_kind":"Obiekt budowlany inny niż budynek mieszkalny jednorodzinny","parcel_ids":["300910_2.0019.AR_1.340/19","300910_2.0019.AR_1.340/53","300910_2.0019.AR_1.340/54","300910_2.0019.AR_1.340/64","300910_2.0019.AR_1.340/65","300910_2.0019.AR_1.340/66","300910_2.0019.AR_3.717","300910_2.0019.AR_3.728","300910_2.0019.AR_3.739"],"location_quality":"dokładny","gunb_url":"https://wyszukiwarka.gunb.gov.pl/","parcel_count":9,"parcel_shard":"x074-y208","parcel_id":"300910_2.0019.AR_1.340/54","location_source":"powiat kolski (wfs)"}},{"type":"Feature","id":"ST-WK-KO/WNIOSEK/7163/2026::300910_2.0019.AR_1.340/64","geometry":{"type":"Polygon","coordinates":[[[18.5979883335194,52.2423247671042],[18.5979446658294,52.2423220223199],[18.5973768326956,52.2422858001619],[18.5972971790703,52.2426888568358],[18.5975613868946,52.2427055852289],[18.5979201132941,52.2427283954368],[18.5979883335194,52.2423247671042]]]},"properties":{"case_id":"ST-WK-KO/WNIOSEK/7163/2026","source_type":"wniosek_decyzja","received_date":"2026-04-16","decision_date":"2026-05-05","status":"decyzja wydana","description":"Budowa sieci  wodociągowej i sieci  kanalizacji sanitarnej","address":"Osiek Wielki","city":"Osiek Wielki","office":"Starosta Powiatu Koło","case_kind":"Obiekt budowlany inny niż budynek mieszkalny jednorodzinny","parcel_ids":["300910_2.0019.AR_1.340/19","300910_2.0019.AR_1.340/53","300910_2.0019.AR_1.340/54","300910_2.0019.AR_1.340/64","300910_2.0019.AR_1.340/65","300910_2.0019.AR_1.340/66","300910_2.0019.AR_3.717","300910_2.0019.AR_3.728","300910_2.0019.AR_3.739"],"location_quality":"dokładny","gunb_url":"https://wyszukiwarka.gunb.gov.pl/","parcel_count":9,"parcel_shard":"x074-y208","parcel_id":"300910_2.0019.AR_1.340/64","location_source":"powiat kolski (wfs)"}},{"type":"Feature","id":"ST-WK-KO/WNIOSEK/7163/2026::300910_2.0019.AR_1.340/65","geometry":{"type":"Polygon","coordinates":[[[18.5973768326956,52.2422858001619],[18.5968087088667,52.2422496666217],[18.5965758617341,52.242234845265],[18.5960937552712,52.2422041156341],[18.5960265464572,52.2426080073733],[18.5961503714777,52.2426159205437],[18.5965020618819,52.2426382313212],[18.5968544870583,52.2426607170927],[18.5972076433926,52.2426831082358],[18.5972971790703,52.2426888568358],[18.5973768326956,52.2422858001619]]]},"properties":{"case_id":"ST-WK-KO/WNIOSEK/7163/2026","source_type":"wniosek_decyzja","received_date":"2026-04-16","decision_date":"2026-05-05","status":"decyzja wydana","description":"Budowa sieci  wodociągowej i sieci  kanalizacji sanitarnej","address":"Osiek Wielki","city":"Osiek Wielki","office":"Starosta Powiatu Koło","case_kind":"Obiekt budowlany inny niż budynek mieszkalny jednorodzinny","parcel_ids":["300910_2.0019.AR_1.340/19","300910_2.0019.AR_1.340/53","300910_2.0019.AR_1.340/54","300910_2.0019.AR_1.340/64","300910_2.0019.AR_1.340/65","300910_2.0019.AR_1.340/66","300910_2.0019.AR_3.717","300910_2.0019.AR_3.728","300910_2.0019.AR_3.739"],"location_quality":"dokładny","gunb_url":"https://wyszukiwarka.gunb.gov.pl/","parcel_count":9,"parcel_shard":"x074-y208","parcel_id":"300910_2.0019.AR_1.340/65","location_source":"powiat kolski (wfs)"}},{"type":"Feature","id":"ST-WK-KO/WNIOSEK/7163/2026::300910_2.0019.AR_1.340/66","geometry":{"type":"Polygon","coordinates":[[[18.5960937552712,52.2422041156341],[18.5960078843734,52.2421986172548],[18.5954835765052,52.2421652220926],[18.5952505826311,52.2421503089855],[18.5948137592831,52.2421225813984],[18.5947801564797,52.2423250661635],[18.5947465413623,52.2425266521932],[18.5950967651586,52.2425488846658],[18.5954469904996,52.2425712059701],[18.5957986802142,52.2425935188454],[18.5960265464572,52.2426080073733],[18.5960937552712,52.2422041156341]]]},"properties":{"case_id":"ST-WK-KO/WNIOSEK/7163/2026","source_type":"wniosek_decyzja","received_date":"2026-04-16","decision_date":"2026-05-05","status":"decyzja wydana","description":"Budowa sieci  wodociągowej i sieci  kanalizacji sanitarnej","address":"Osiek Wielki","city":"Osiek Wielki","office":"Starosta Powiatu Koło","case_kind":"Obiekt budowlany inny niż budynek mieszkalny jednorodzinny","parcel_ids":["300910_2.0019.AR_1.340/19","300910_2.0019.AR_1.340/53","300910_2.0019.AR_1.340/54","300910_2.0019.AR_1.340/64","300910_2.0019.AR_1.340/65","300910_2.0019.AR_1.340/66","300910_2.0019.AR_3.717","300910_2.0019.AR_3.728","300910_2.0019.AR_3.739"],"location_quality":"dokładny","gunb_url":"https://wyszukiwarka.gunb.gov.pl/","parcel_count":9,"parcel_shard":"x074-y208","parcel_id":"300910_2.0019.AR_1.340/66","location_source":"powiat kolski (wfs)"}},{"type":"Feature","id":"ST-WK-KO/WNIOSEK/7163/2026::300910_2.0019.AR_3.717","geometry":{"type":"Polygon","coordinates":[[[18.5981776602549,52.2423368402319],[18.5982084578649,52.2421581138717],[18.5981692458116,52.2421284528595],[18.5981953534109,52.2419765354396],[18.5982261601879,52.2417977494187],[18.5982755401071,52.2415096944409],[18.5983400621699,52.2414776274475],[18.5980779184492,52.2414609415811],[18.5981300000096,52.2415003730096],[18.5980804766665,52.2417885201655],[18.5980498156597,52.2419673037912],[18.5980237075683,52.2421192211807],[18.5979753854267,52.2421432027642],[18.5979446658294,52.2423220223199],[18.5979883335194,52.2423247671042],[18.598133992542,52.2423340955177],[18.5981776602549,52.2423368402319]]]},"properties":{"case_id":"ST-WK-KO/WNIOSEK/7163/2026","source_type":"wniosek_decyzja","received_date":"2026-04-16","decision_date":"2026-05-05","status":"decyzja wydana","description":"Budowa sieci  wodociągowej i sieci  kanalizacji sanitarnej","address":"Osiek Wielki","city":"Osiek Wielki","office":"Starosta Powiatu Koło","case_kind":"Obiekt budowlany inny niż budynek mieszkalny jednorodzinny","parcel_ids":["300910_2.0019.AR_1.340/19","300910_2.0019.AR_1.340/53","300910_2.0019.AR_1.340/54","300910_2.0019.AR_1.340/64","300910_2.0019.AR_1.340/65","300910_2.0019.AR_1.340/66","300910_2.0019.AR_3.717","300910_2.0019.AR_3.728","300910_2.0019.AR_3.739"],"location_quality":"dokładny","gunb_url":"https://wyszukiwarka.gunb.gov.pl/","parcel_count":9,"parcel_shard":"x074-y208","parcel_id":"300910_2.0019.AR_3.717","location_source":"powiat kolski (wfs)"}},{"type":"Feature","id":"ST-WK-KO/WNIOSEK/7163/2026::300910_2.0019.AR_3.728","geometry":{"type":"Polygon","coordinates":[[[18.5968087088667,52.2422496666217],[18.5968395592508,52.2420708572231],[18.5968004984326,52.2420412831815],[18.5968266106735,52.241889365976],[18.5968572765758,52.2417105825788],[18.5969065034698,52.2414221709946],[18.5969711766319,52.2413901922289],[18.5967090300582,52.24137341329],[18.5967612566411,52.2414128430144],[18.5967115936091,52.2417013515356],[18.5966809232721,52.2418800450654],[18.5966548144084,52.2420320520898],[18.5966064916182,52.2420560330794],[18.5965758617341,52.242234845265],[18.5968087088667,52.2422496666217]]]},"properties":{"case_id":"ST-WK-KO/WNIOSEK/7163/2026","source_type":"wniosek_decyzja","received_date":"2026-04-16","decision_date":"2026-05-05","status":"decyzja wydana","description":"Budowa sieci  wodociągowej i sieci  kanalizacji sanitarnej","address":"Osiek Wielki","city":"Osiek Wielki","office":"Starosta Powiatu Koło","case_kind":"Obiekt budowlany inny niż budynek mieszkalny jednorodzinny","parcel_ids":["300910_2.0019.AR_1.340/19","300910_2.0019.AR_1.340/53","300910_2.0019.AR_1.340/54","300910_2.0019.AR_1.340/64","300910_2.0019.AR_1.340/65","300910_2.0019.AR_1.340/66","300910_2.0019.AR_3.717","300910_2.0019.AR_3.728","300910_2.0019.AR_3.739"],"location_quality":"dokładny","gunb_url":"https://wyszukiwarka.gunb.gov.pl/","parcel_count":9,"parcel_shard":"x074-y208","parcel_id":"300910_2.0019.AR_3.728","location_source":"powiat kolski (wfs)"}},{"type":"Feature","id":"ST-WK-KO/WNIOSEK/7163/2026::300910_2.0019.AR_3.739","geometry":{"type":"Polygon","coordinates":[[[18.5954835765052,52.2421652220926],[18.5955142883238,52.2419864717366],[18.5954346491107,52.2419362481113],[18.5954577269432,52.2418021820185],[18.5954883983059,52.2416233988679],[18.5955380576172,52.241334621168],[18.5956024389328,52.2413026479243],[18.5953402933791,52.2412858657538],[18.5953923761705,52.2413253883656],[18.5953273780412,52.2417035126687],[18.5952889618468,52.2419269253836],[18.5952505826311,52.2421503089855],[18.5954835765052,52.2421652220926]]]},"properties":{"case_id":"ST-WK-KO/WNIOSEK/7163/2026","source_type":"wniosek_decyzja","received_date":"2026-04-16","decision_date":"2026-05-05","status":"decyzja wydana","description":"Budowa sieci  wodociągowej i sieci  kanalizacji sanitarnej","address":"Osiek Wielki","city":"Osiek Wielki","office":"Starosta Powiatu Koło","case_kind":"Obiekt budowlany inny niż budynek mieszkalny jednorodzinny","parcel_ids":["300910_2.0019.AR_1.340/19","300910_2.0019.AR_1.340/53","300910_2.0019.AR_1.340/54","300910_2.0019.AR_1.340/64","300910_2.0019.AR_1.340/65","300910_2.0019.AR_1.340/66","300910_2.0019.AR_3.717","300910_2.0019.AR_3.728","300910_2.0019.AR_3.739"],"location_quality":"dokładny","gunb_url":"https://wyszukiwarka.gunb.gov.pl/","parcel_count":9,"parcel_shard":"x074-y208","parcel_id":"300910_2.0019.AR_3.739","location_source":"powiat kolski (wfs)"}},{"type":"Feature","id":"ST-WK-KO/WNIOSEK/6094/2026::300910_2.0019.AR_2.250","geometry":{"type":"Polygon","coordinates":[[[18.6154954685683,52.2393001336726],[18.6157430784116,52.2392919201635],[18.6157205614345,52.2307783407094],[18.6154488099468,52.2307319427938],[18.6154954685683,52.2393001336726]]]},"properties":{"case_id":"ST-WK-KO/WNIOSEK/6094/2026","source_type":"wniosek_decyzja","received_date":"2026-03-31","decision_date":"2026-05-12","status":"decyzja wydana","description":"Farma fotowoltaiczna o mocy do 45MW - etap IV inwestycji o mocy do 8MW wraz z infrastrukturą towarzyszącą w tym stacjami transformatorowymi i magazynami energii","address":"Osiek Wielki","city":"Osiek Wielki","office":"Starosta Powiatu Koło","case_kind":"Obiekt budowlany inny niż budynek mieszkalny jednorodzinny","parcel_ids":["300910_2.0019.AR_2.250","300910_2.0019.AR_2.251","300910_2.0019.AR_2.254"],"location_quality":"dokładny","gunb_url":"https://wyszukiwarka.gunb.gov.pl/","parcel_count":3,"parcel_shard":"x074-y208","parcel_id":"300910_2.0019.AR_2.250","location_source":"powiat kolski (wfs)"}},{"type":"Feature","id":"ST-WK-KO/WNIOSEK/6094/2026::300910_2.0019.AR_2.251","geometry":{"type":"Polygon","coordinates":[[[18.6154488099468,52.2307319427938],[18.6152659025611,52.2307010038245],[18.6153125198955,52.2392211370802],[18.6153117683133,52.2393255794254],[18.6154954685683,52.2393001336726],[18.6154488099468,52.2307319427938]]]},"properties":{"case_id":"ST-WK-KO/WNIOSEK/6094/2026","source_type":"wniosek_decyzja","received_date":"2026-03-31","decision_date":"2026-05-12","status":"decyzja wydana","description":"Farma fotowoltaiczna o mocy do 45MW - etap IV inwestycji o mocy do 8MW wraz z infrastrukturą towarzyszącą w tym stacjami transformatorowymi i magazynami energii","address":"Osiek Wielki","city":"Osiek Wielki","office":"Starosta Powiatu Koło","case_kind":"Obiekt budowlany inny niż budynek mieszkalny jednorodzinny","parcel_ids":["300910_2.0019.AR_2.250","300910_2.0019.AR_2.251","300910_2.0019.AR_2.254"],"location_quality":"dokładny","gunb_url":"https://wyszukiwarka.gunb.gov.pl/","parcel_count":3,"parcel_shard":"x074-y208","parcel_id":"300910_2.0019.AR_2.251","location_source":"powiat kolski (wfs)"}},{"type":"Feature","id":"ST-WK-KO/WNIOSEK/6094/2026::300910_2.0019.AR_2.254","geometry":{"type":"Polygon","coordinates":[[[18.6146737944357,52.2393046096026],[18.6153117683133,52.2393255794254],[18.6153125198955,52.2392211370802],[18.6152659025611,52.2307010038245],[18.6143872632188,52.2305170985351],[18.6144211331877,52.2374353277264],[18.6146552654573,52.2374347368602],[18.6146737944357,52.2393046096026]]]},"properties":{"case_id":"ST-WK-KO/WNIOSEK/6094/2026","source_type":"wniosek_decyzja","received_date":"2026-03-31","decision_date":"2026-05-12","status":"decyzja wydana","description":"Farma fotowoltaiczna o mocy do 45MW - etap IV inwestycji o mocy do 8MW wraz z infrastrukturą towarzyszącą w tym stacjami transformatorowymi i magazynami energii","address":"Osiek Wielki","city":"Osiek Wielki","office":"Starosta Powiatu Koło","case_kind":"Obiekt budowlany inny niż budynek mieszkalny jednorodzinny","parcel_ids":["300910_2.0019.AR_2.250","300910_2.0019.AR_2.251","300910_2.0019.AR_2.254"],"location_quality":"dokładny","gunb_url":"https://wyszukiwarka.gunb.gov.pl/","parcel_count":3,"parcel_shard":"x074-y208","parcel_id":"300910_2.0019.AR_2.254","location_source":"powiat kolski (wfs)"}},{"type":"Feature","id":"ST-WK-KO/WNIOSEK/6092/2026::300910_2.0019.AR_2.254","geometry":{"type":"Polygon","coordinates":[[[18.6146737944357,52.2393046096026],[18.6153117683133,52.2393255794254],[18.6153125198955,52.2392211370802],[18.6152659025611,52.2307010038245],[18.6143872632188,52.2305170985351],[18.6144211331877,52.2374353277264],[18.6146552654573,52.2374347368602],[18.6146737944357,52.2393046096026]]]},"properties":{"case_id":"ST-WK-KO/WNIOSEK/6092/2026","source_type":"wniosek_decyzja","received_date":"2026-03-31","decision_date":"2026-05-12","status":"decyzja wydana","description":"Farma fotowoltaiczna o mocy do 45MW - etap III inwestycji o mocy do 13MW wraz z infrastrukturą towarzyszącą w tym stacjami transformatorowymi i magazynami energii","address":"Osiek Wielki","city":"Osiek Wielki","office":"Starosta Powiatu Koło","case_kind":"Obiekt budowlany inny niż budynek mieszkalny jednorodzinny","parcel_ids":["300910_2.0019.AR_2.254","300910_2.0019.AR_2.255","300910_2.0019.AR_2.258","300910_2.0019.AR_2.259"],"location_quality":"dokładny","gunb_url":"https://wyszukiwarka.gunb.gov.pl/","parcel_count":4,"parcel_shard":"x074-y208","parcel_id":"300910_2.0019.AR_2.254","location_source":"powiat kolski (wfs)"}},{"type":"Feature","id":"ST-WK-KO/WNIOSEK/6092/2026::300910_2.0019.AR_2.255","geometry":{"type":"Polygon","coordinates":[[[18.6139780256143,52.2392714365742],[18.6144303620544,52.239319712454],[18.6144211331877,52.2374353277264],[18.6143872632188,52.2305170985351],[18.6139812129212,52.2304329488577],[18.6139780256143,52.2392714365742]]]},"properties":{"case_id":"ST-WK-KO/WNIOSEK/6092/2026","source_type":"wniosek_decyzja","received_date":"2026-03-31","decision_date":"2026-05-12","status":"decyzja wydana","description":"Farma fotowoltaiczna o mocy do 45MW - etap III inwestycji o mocy do 13MW wraz z infrastrukturą towarzyszącą w tym stacjami transformatorowymi i magazynami energii","address":"Osiek Wielki","city":"Osiek Wielki","office":"Starosta Powiatu Koło","case_kind":"Obiekt budowlany inny niż budynek mieszkalny jednorodzinny","parcel_ids":["300910_2.0019.AR_2.254","300910_2.0019.AR_2.255","300910_2.0019.AR_2.258","300910_2.0019.AR_2.259"],"location_quality":"dokładny","gunb_url":"https://wyszukiwarka.gunb.gov.pl/","parcel_count":4,"parcel_shard":"x074-y208","parcel_id":"300910_2.0019.AR_2.255","location_source":"powiat kolski (wfs)"}},{"type":"Feature","id":"ST-WK-KO/WNIOSEK/6092/2026::300910_2.0019.AR_2.258","geometry":{"type":"Polygon","coordinates":[[[18.6135500642899,52.2392253601738],[18.6139780256143,52.2392714365742],[18.6139812129212,52.2304329488577],[18.6135047158195,52.2303304818361],[18.6135500642899,52.2392253601738]]]},"properties":{"case_id":"ST-WK-KO/WNIOSEK/6092/2026","source_type":"wniosek_decyzja","received_date":"2026-03-31","decision_date":"2026-05-12","status":"decyzja wydana","description":"Farma fotowoltaiczna o mocy do 45MW - etap III inwestycji o mocy do 13MW wraz z infrastrukturą towarzyszącą w tym stacjami transformatorowymi i magazynami energii","address":"Osiek Wielki","city":"Osiek Wielki","office":"Starosta Powiatu Koło","case_kind":"Obiekt budowlany inny niż budynek mieszkalny jednorodzinny","parcel_ids":["300910_2.0019.AR_2.254","300910_2.0019.AR_2.255","300910_2.0019.AR_2.258","300910_2.0019.AR_2.259"],"location_quality":"dokładny","gunb_url":"https://wyszukiwarka.gunb.gov.pl/","parcel_count":4,"parcel_shard":"x074-y208","parcel_id":"300910_2.0019.AR_2.258","location_source":"powiat kolski (wfs)"}},{"type":"Feature","id":"ST-WK-KO/WNIOSEK/6092/2026::300910_2.0019.AR_2.259","geometry":{"type":"Polygon","coordinates":[[[18.6135047158195,52.2303304818361],[18.6132098414166,52.2302672829949],[18.6131639769328,52.2302666003877],[18.6131754079326,52.2391823465458],[18.6135500642899,52.2392253601738],[18.6135047158195,52.2303304818361]]]},"properties":{"case_id":"ST-WK-KO/WNIOSEK/6092/2026","source_type":"wniosek_decyzja","received_date":"2026-03-31","decision_date":"2026-05-12","status":"decyzja wydana","description":"Farma fotowoltaiczna o mocy do 45MW - etap III inwestycji o mocy do 13MW wraz z infrastrukturą towarzyszącą w tym stacjami transformatorowymi i magazynami energii","address":"Osiek Wielki","city":"Osiek Wielki","office":"Starosta Powiatu Koło","case_kind":"Obiekt budowlany inny niż budynek mieszkalny jednorodzinny","parcel_ids":["300910_2.0019.AR_2.254","300910_2.0019.AR_2.255","300910_2.0019.AR_2.258","300910_2.0019.AR_2.259"],"location_quality":"dokładny","gunb_url":"https://wyszukiwarka.gunb.gov.pl/","parcel_count":4,"parcel_shard":"x074-y208","parcel_id":"300910_2.0019.AR_2.259","location_source":"powiat kolski (wfs)"}},{"type":"Feature","id":"ST-WK-KO/WNIOSEK/6075/2026::300910_2.0019.AR_2.259","geometry":{"type":"Polygon","coordinates":[[[18.6135047158195,52.2303304818361],[18.6132098414166,52.2302672829949],[18.6131639769328,52.2302666003877],[18.6131754079326,52.2391823465458],[18.6135500642899,52.2392253601738],[18.6135047158195,52.2303304818361]]]},"properties":{"case_id":"ST-WK-KO/WNIOSEK/6075/2026","source_type":"wniosek_decyzja","received_date":"2026-03-31","decision_date":"2026-05-12","status":"decyzja wydana","description":"Farma fotowoltaiczna o mocy do 45MW - etap II inwestycji o mocy do 12MW wraz z infrastrukturą towarzyszącą w tym stacjami transformatorowymi i magazynami energii","address":"Osiek Wielki","city":"Osiek Wielki","office":"Starosta Powiatu Koło","case_kind":"Obiekt budowlany inny niż budynek mieszkalny jednorodzinny","parcel_ids":["300910_2.0019.AR_2.259","300910_2.0019.AR_2.263","300910_2.0019.AR_2.266","300910_2.0019.AR_2.267"],"location_quality":"dokładny","gunb_url":"https://wyszukiwarka.gunb.gov.pl/","parcel_count":4,"parcel_shard":"x074-y208","parcel_id":"300910_2.0019.AR_2.259","location_source":"powiat kolski (wfs)"}},{"type":"Feature","id":"ST-WK-KO/WNIOSEK/6075/2026::300910_2.0019.AR_2.263","geometry":{"type":"Polygon","coordinates":[[[18.6126862669106,52.2391273158155],[18.6131754079326,52.2391823465458],[18.6131639769328,52.2302666003877],[18.6126312137588,52.2302586698646],[18.6126862669106,52.2391273158155]]]},"properties":{"case_id":"ST-WK-KO/WNIOSEK/6075/2026","source_type":"wniosek_decyzja","received_date":"2026-03-31","decision_date":"2026-05-12","status":"decyzja wydana","description":"Farma fotowoltaiczna o mocy do 45MW - etap II inwestycji o mocy do 12MW wraz z infrastrukturą towarzyszącą w tym stacjami transformatorowymi i magazynami energii","address":"Osiek Wielki","city":"Osiek Wielki","office":"Starosta Powiatu Koło","case_kind":"Obiekt budowlany inny niż budynek mieszkalny jednorodzinny","parcel_ids":["300910_2.0019.AR_2.259","300910_2.0019.AR_2.263","300910_2.0019.AR_2.266","300910_2.0019.AR_2.267"],"location_quality":"dokładny","gunb_url":"https://wyszukiwarka.gunb.gov.pl/","parcel_count":4,"parcel_shard":"x074-y208","parcel_id":"300910_2.0019.AR_2.263","location_source":"powiat kolski (wfs)"}},{"type":"Feature","id":"ST-WK-KO/WNIOSEK/6075/2026::300910_2.0019.AR_2.266","geometry":{"type":"Polygon","coordinates":[[[18.6126312137588,52.2302586698646],[18.6119815661756,52.2302424897524],[18.6119999292171,52.2390287026773],[18.6126862669106,52.2391273158155],[18.6126312137588,52.2302586698646]]]},"properties":{"case_id":"ST-WK-KO/WNIOSEK/6075/2026","source_type":"wniosek_decyzja","received_date":"2026-03-31","decision_date":"2026-05-12","status":"decyzja wydana","description":"Farma fotowoltaiczna o mocy do 45MW - etap II inwestycji o mocy do 12MW wraz z infrastrukturą towarzyszącą w tym stacjami transformatorowymi i magazynami energii","address":"Osiek Wielki","city":"Osiek Wielki","office":"Starosta Powiatu Koło","case_kind":"Obiekt budowlany inny niż budynek mieszkalny jednorodzinny","parcel_ids":["300910_2.0019.AR_2.259","300910_2.0019.AR_2.263","300910_2.0019.AR_2.266","300910_2.0019.AR_2.267"],"location_quality":"dokładny","gunb_url":"https://wyszukiwarka.gunb.gov.pl/","parcel_count":4,"parcel_shard":"x074-y208","parcel_id":"300910_2.0019.AR_2.266","location_source":"powiat kolski (wfs)"}},{"type":"Feature","id":"ST-WK-KO/WNIOSEK/6075/2026::300910_2.0019.AR_2.267","geometry":{"type":"Polygon","coordinates":[[[18.6113732955677,52.2388235506605],[18.6119999292171,52.2390287026773],[18.6119815661756,52.2302424897524],[18.6112917547603,52.2301825639593],[18.6113732955677,52.2388235506605]]]},"properties":{"case_id":"ST-WK-KO/WNIOSEK/6075/2026","source_type":"wniosek_decyzja","received_date":"2026-03-31","decision_date":"2026-05-12","status":"decyzja wydana","description":"Farma fotowoltaiczna o mocy do 45MW - etap II inwestycji o mocy do 12MW wraz z infrastrukturą towarzyszącą w tym stacjami transformatorowymi i magazynami energii","address":"Osiek Wielki","city":"Osiek Wielki","office":"Starosta Powiatu Koło","case_kind":"Obiekt budowlany inny niż budynek mieszkalny jednorodzinny","parcel_ids":["300910_2.0019.AR_2.259","300910_2.0019.AR_2.263","300910_2.0019.AR_2.266","300910_2.0019.AR_2.267"],"location_quality":"dokładny","gunb_url":"https://wyszukiwarka.gunb.gov.pl/","parcel_count":4,"parcel_shard":"x074-y208","parcel_id":"300910_2.0019.AR_2.267","location_source":"powiat kolski (wfs)"}},{"type":"Feature","id":"ST-WK-KO/WNIOSEK/6074/2026::300910_2.0019.AR_2.267","geometry":{"type":"Polygon","coordinates":[[[18.6113732955677,52.2388235506605],[18.6119999292171,52.2390287026773],[18.6119815661756,52.2302424897524],[18.6112917547603,52.2301825639593],[18.6113732955677,52.2388235506605]]]},"properties":{"case_id":"ST-WK-KO/WNIOSEK/6074/2026","source_type":"wniosek_decyzja","received_date":"2026-03-31","decision_date":"2026-05-12","status":"decyzja wydana","description":"Farma fotowoltaiczna o mocy do 45MW - etap I inwestycji o mocy do 12MW wraz z infrastrukturą towarzyszącą w tym stacjami transformatorowymi","address":"Osiek Wielki","city":"Osiek Wielki","office":"Starosta Powiatu Koło","case_kind":"Obiekt budowlany inny niż budynek mieszkalny jednorodzinny","parcel_ids":["300910_2.0019.AR_2.267","300910_2.0019.AR_2.270/3","300910_2.0019.AR_2.273/3"],"location_quality":"dokładny","gunb_url":"https://wyszukiwarka.gunb.gov.pl/","parcel_count":3,"parcel_shard":"x074-y208","parcel_id":"300910_2.0019.AR_2.267","location_source":"powiat kolski (wfs)"}},{"type":"Feature","id":"ST-WK-KO/WNIOSEK/6074/2026::300910_2.0019.AR_2.270/3","geometry":{"type":"Polygon","coordinates":[[[18.6113732955677,52.2388235506605],[18.6112917547603,52.2301825639593],[18.6109719432594,52.2301550172472],[18.610726700244,52.2304592660769],[18.6106492973066,52.2305531059508],[18.6107015716337,52.2385924862625],[18.6113732955677,52.2388235506605]]]},"properties":{"case_id":"ST-WK-KO/WNIOSEK/6074/2026","source_type":"wniosek_decyzja","received_date":"2026-03-31","decision_date":"2026-05-12","status":"decyzja wydana","description":"Farma fotowoltaiczna o mocy do 45MW - etap I inwestycji o mocy do 12MW wraz z infrastrukturą towarzyszącą w tym stacjami transformatorowymi","address":"Osiek Wielki","city":"Osiek Wielki","office":"Starosta Powiatu Koło","case_kind":"Obiekt budowlany inny niż budynek mieszkalny jednorodzinny","parcel_ids":["300910_2.0019.AR_2.267","300910_2.0019.AR_2.270/3","300910_2.0019.AR_2.273/3"],"location_quality":"dokładny","gunb_url":"https://wyszukiwarka.gunb.gov.pl/","parcel_count":3,"parcel_shard":"x074-y208","parcel_id":"300910_2.0019.AR_2.270/3","location_source":"powiat kolski (wfs)"}},{"type":"Feature","id":"ST-WK-KO/WNIOSEK/6074/2026::300910_2.0019.AR_2.273/3","geometry":{"type":"Polygon","coordinates":[[[18.6107015716337,52.2385924862625],[18.6106492973066,52.2305531059508],[18.6100653984018,52.2312609845897],[18.6100084159185,52.2313302963392],[18.6100174275732,52.2356579107951],[18.6100230417005,52.2383526862516],[18.6107015716337,52.2385924862625]]]},"properties":{"case_id":"ST-WK-KO/WNIOSEK/6074/2026","source_type":"wniosek_decyzja","received_date":"2026-03-31","decision_date":"2026-05-12","status":"decyzja wydana","description":"Farma fotowoltaiczna o mocy do 45MW - etap I inwestycji o mocy do 12MW wraz z infrastrukturą towarzyszącą w tym stacjami transformatorowymi","address":"Osiek Wielki","city":"Osiek Wielki","office":"Starosta Powiatu Koło","case_kind":"Obiekt budowlany inny niż budynek mieszkalny jednorodzinny","parcel_ids":["300910_2.0019.AR_2.267","300910_2.0019.AR_2.270/3","300910_2.0019.AR_2.273/3"],"location_quality":"dokładny","gunb_url":"https://wyszukiwarka.gunb.gov.pl/","parcel_count":3,"parcel_shard":"x074-y208","parcel_id":"300910_2.0019.AR_2.273/3","location_source":"powiat kolski (wfs)"}},{"type":"Feature","id":"ST-WK-TU/WNIOSEK/5795/2026::302701_1.0001.132/1","geometry":{"type":"Polygon","coordinates":[[[18.502314114791,52.0197251337755],[18.5025772193363,52.0198161794457],[18.5028809716602,52.0199212494693],[18.5028954590476,52.0199048407986],[18.5029386847891,52.0198569671019],[18.5029930880508,52.0198759935067],[18.5030813400468,52.0199067226788],[18.503073248182,52.0199155695582],[18.5030165250903,52.0199612250709],[18.5029545866785,52.020000487891],[18.5027363387572,52.0200912665047],[18.5027064707173,52.0201021594293],[18.5026759066646,52.0201102758967],[18.5026437873979,52.0201159888842],[18.5026141724999,52.0201187858814],[18.502580657561,52.020118856113],[18.5012725797619,52.0200756589723],[18.5012816001541,52.0199642991622],[18.5011726798871,52.0199556474067],[18.5011523826377,52.0200226759871],[18.5011396583118,52.0200680984691],[18.5010926245188,52.0200569855146],[18.5011668734782,52.0197960517778],[18.5013698258375,52.0190397547753],[18.5017191566363,52.0190423514004],[18.5025587458625,52.019048587893],[18.5027368359876,52.0190499100681],[18.5029418876294,52.0190514320133],[18.502314114791,52.0197251337755]]]},"properties":{"case_id":"ST-WK-TU/WNIOSEK/5795/2026","source_type":"wniosek_decyzja","received_date":"2026-03-27","decision_date":"2026-04-16","status":"decyzja wydana","description":"Budowa budynku szatniowo-sanitarnego","address":"Turek","city":"Turek","office":"Starosta Powiatu Turek","case_kind":"Obiekt budowlany inny niż budynek mieszkalny jednorodzinny","parcel_ids":["302701_1.0001.132/1"],"location_quality":"dokładny","gunb_url":"https://wyszukiwarka.gunb.gov.pl/","parcel_count":1,"parcel_shard":"x074-y208","parcel_id":"302701_1.0001.132/1","location_source":"powiat turecki (wfs)"}},{"type":"Feature","id":"ST-WK-TU/WNIOSEK/10171/2026::302701_1.0001.487","geometry":{"type":"Polygon","coordinates":[[[18.5010545642178,52.0162654811879],[18.5011374597742,52.0162762723189],[18.5011153292949,52.0163969786674],[18.501070226267,52.0166355251561],[18.5009911485087,52.0170068842317],[18.500784894123,52.0169794701695],[18.5008197041422,52.0168593866314],[18.5008561396801,52.0167200930964],[18.500917499357,52.0164855121778],[18.5009718107776,52.016254708476],[18.5010545642178,52.0162654811879]]]},"properties":{"case_id":"ST-WK-TU/WNIOSEK/10171/2026","source_type":"wniosek_decyzja","received_date":"2026-05-28","decision_date":"2026-07-21","status":"decyzja wydana","description":"Rozbiórka dwóch budynków gospodarczych","address":"Turek","city":"Turek","office":"Starosta Powiatu Turek","case_kind":"Obiekt budowlany inny niż budynek mieszkalny jednorodzinny","parcel_ids":["302701_1.0001.487"],"location_quality":"dokładny","gunb_url":"https://wyszukiwarka.gunb.gov.pl/","parcel_count":1,"parcel_shard":"x074-y208","parcel_id":"302701_1.0001.487","location_source":"powiat turecki (wfs)"}},{"type":"Feature","id":"ST-WK-TU/WNIOSEK/10489/2026::302701_1.0001.607/1","geometry":{"type":"Polygon","coordinates":[[[18.5031166397404,52.0138425431588],[18.5031153754413,52.0138948401801],[18.503115255503,52.0139101204905],[18.5030832067667,52.0139098978276],[18.5030651471994,52.0141179599587],[18.5030068535936,52.0141155124305],[18.5027299691182,52.0141048235692],[18.5027387955273,52.0139790321633],[18.5027434390757,52.0138082412268],[18.5027477992713,52.013808420062],[18.5027463600549,52.0136916935867],[18.5030699926378,52.0137274241028],[18.5031217854283,52.0137331421754],[18.5031210160113,52.0137950915622],[18.5031166397404,52.0138425431588]]]},"properties":{"case_id":"ST-WK-TU/WNIOSEK/10489/2026","source_type":"wniosek_decyzja","received_date":"2026-06-02","decision_date":"2026-08-17","status":"decyzja wydana","description":"Remont balkonów strony frontowej budynku mieszkalnego wielorodzinnegowspólnoty mieszkaniowej  Plac Sienkiewicza 11 w Turku","address":"Turek","city":"Turek","office":"Starosta Powiatu Turek","case_kind":"Obiekt budowlany inny niż budynek mieszkalny jednorodzinny","parcel_ids":["302701_1.0001.607/1"],"location_quality":"dokładny","gunb_url":"https://wyszukiwarka.gunb.gov.pl/","parcel_count":1,"parcel_shard":"x074-y208","parcel_id":"302701_1.0001.607/1","location_source":"powiat turecki (wfs)"}},{"type":"Feature","id":"ST-WK-TU/WNIOSEK/20035/2025::302701_1.0001.641/4","geometry":{"type":"Polygon","coordinates":[[[18.5020941598453,52.010696009614],[18.502114440686,52.0107786349479],[18.5020809093132,52.0108080421212],[18.5022508788222,52.0108819033076],[18.5021219196273,52.0109925649099],[18.5020323905729,52.0106221725146],[18.5020751658137,52.0106186260836],[18.5020941598453,52.010696009614]]]},"properties":{"case_id":"ST-WK-TU/WNIOSEK/20035/2025","source_type":"wniosek_decyzja","received_date":"2025-10-02","decision_date":"2025-12-19","status":"decyzja wydana","description":"Budowa i przebudowa dróg publicznych w ramach zadania inwestycyjnego \"Budowa placu Glicensteina wraz infrastrukturą towarzyszącą","address":"Turek","city":"Turek","office":"Starosta Powiatu Turek","case_kind":"Obiekt budowlany inny niż budynek mieszkalny jednorodzinny","parcel_ids":["302701_1.0001.641/4","302701_1.0001.642/4","302701_1.0001.643/8","302701_1.0001.786/4","302701_1.0001.787"],"location_quality":"dokładny","gunb_url":"https://wyszukiwarka.gunb.gov.pl/","parcel_count":5,"parcel_shard":"x074-y208","parcel_id":"302701_1.0001.641/4","location_source":"powiat turecki (wfs)"}},{"type":"Feature","id":"ST-WK-TU/WNIOSEK/20035/2025::302701_1.0001.642/4","geometry":{"type":"Polygon","coordinates":[[[18.5021219196273,52.0109925649099],[18.5020567412794,52.0110486004138],[18.5019528501813,52.0106296091341],[18.5020323905729,52.0106221725146],[18.5021219196273,52.0109925649099]]]},"properties":{"case_id":"ST-WK-TU/WNIOSEK/20035/2025","source_type":"wniosek_decyzja","received_date":"2025-10-02","decision_date":"2025-12-19","status":"decyzja wydana","description":"Budowa i przebudowa dróg publicznych w ramach zadania inwestycyjnego \"Budowa placu Glicensteina wraz infrastrukturą towarzyszącą","address":"Turek","city":"Turek","office":"Starosta Powiatu Turek","case_kind":"Obiekt budowlany inny niż budynek mieszkalny jednorodzinny","parcel_ids":["302701_1.0001.641/4","302701_1.0001.642/4","302701_1.0001.643/8","302701_1.0001.786/4","302701_1.0001.787"],"location_quality":"dokładny","gunb_url":"https://wyszukiwarka.gunb.gov.pl/","parcel_count":5,"parcel_shard":"x074-y208","parcel_id":"302701_1.0001.642/4","location_source":"powiat turecki (wfs)"}},{"type":"Feature","id":"ST-WK-TU/WNIOSEK/20035/2025::302701_1.0001.643/8","geometry":{"type":"Polygon","coordinates":[[[18.5020567412794,52.0110486004138],[18.5020391473443,52.0110637982556],[18.5018952263176,52.0110001244271],[18.5017592960509,52.0109405139924],[18.5018273129861,52.010881993776],[18.5019272089756,52.0107960453071],[18.5018880142687,52.0106361536499],[18.5019528501813,52.0106296091341],[18.5020567412794,52.0110486004138]]]},"properties":{"case_id":"ST-WK-TU/WNIOSEK/20035/2025","source_type":"wniosek_decyzja","received_date":"2025-10-02","decision_date":"2025-12-19","status":"decyzja wydana","description":"Budowa i przebudowa dróg publicznych w ramach zadania inwestycyjnego \"Budowa placu Glicensteina wraz infrastrukturą towarzyszącą","address":"Turek","city":"Turek","office":"Starosta Powiatu Turek","case_kind":"Obiekt budowlany inny niż budynek mieszkalny jednorodzinny","parcel_ids":["302701_1.0001.641/4","302701_1.0001.642/4","302701_1.0001.643/8","302701_1.0001.786/4","302701_1.0001.787"],"location_quality":"dokładny","gunb_url":"https://wyszukiwarka.gunb.gov.pl/","parcel_count":5,"parcel_shard":"x074-y208","parcel_id":"302701_1.0001.643/8","location_source":"powiat turecki (wfs)"}},{"type":"Feature","id":"ST-WK-TU/WNIOSEK/20035/2025::302701_1.0001.786/4","geometry":{"type":"Polygon","coordinates":[[[18.5019017109278,52.0106071015783],[18.50120546179,52.0103006626891],[18.50119011782,52.0102450371997],[18.5013582429038,52.0102269211],[18.5013723555717,52.0102743770489],[18.5018612443565,52.010490948271],[18.5019667676771,52.0104811309731],[18.5020725785074,52.0104712192202],[18.5024241365193,52.0101631308319],[18.5024094518649,52.0101136438112],[18.5025310979447,52.0101005346531],[18.5025545802278,52.0101845584416],[18.5021087071643,52.0105882577954],[18.5019017109278,52.0106071015783]]]},"properties":{"case_id":"ST-WK-TU/WNIOSEK/20035/2025","source_type":"wniosek_decyzja","received_date":"2025-10-02","decision_date":"2025-12-19","status":"decyzja wydana","description":"Budowa i przebudowa dróg publicznych w ramach zadania inwestycyjnego \"Budowa placu Glicensteina wraz infrastrukturą towarzyszącą","address":"Turek","city":"Turek","office":"Starosta Powiatu Turek","case_kind":"Obiekt budowlany inny niż budynek mieszkalny jednorodzinny","parcel_ids":["302701_1.0001.641/4","302701_1.0001.642/4","302701_1.0001.643/8","302701_1.0001.786/4","302701_1.0001.787"],"location_quality":"dokładny","gunb_url":"https://wyszukiwarka.gunb.gov.pl/","parcel_count":5,"parcel_shard":"x074-y208","parcel_id":"302701_1.0001.786/4","location_source":"powiat turecki (wfs)"}},{"type":"Feature","id":"ST-WK-TU/WNIOSEK/20035/2025::302701_1.0001.787","geometry":{"type":"Polygon","coordinates":[[[18.5020323905729,52.0106221725146],[18.5019528501813,52.0106296091341],[18.5018880142687,52.0106361536499],[18.5017840237251,52.0105900963081],[18.5016418957583,52.010527147575],[18.5014997681751,52.0104641986598],[18.5013576409913,52.0104012496612],[18.5011799825964,52.010322563111],[18.50120546179,52.0103006626891],[18.5019017109278,52.0106071015783],[18.5021087071643,52.0105882577954],[18.5025545802278,52.0101845584416],[18.5025310979447,52.0101005346531],[18.5025278777827,52.0100890124672],[18.502635532505,52.0100776295329],[18.5026529348613,52.0102105016436],[18.5025475117876,52.0103021025909],[18.5024463052447,52.0103900393189],[18.5023450983212,52.0104779760585],[18.5022438909861,52.01056591263],[18.5021426832704,52.0106538492041],[18.5020941598453,52.010696009614],[18.5020751658137,52.0106186260836],[18.5020323905729,52.0106221725146]]]},"properties":{"case_id":"ST-WK-TU/WNIOSEK/20035/2025","source_type":"wniosek_decyzja","received_date":"2025-10-02","decision_date":"2025-12-19","status":"decyzja wydana","description":"Budowa i przebudowa dróg publicznych w ramach zadania inwestycyjnego \"Budowa placu Glicensteina wraz infrastrukturą towarzyszącą","address":"Turek","city":"Turek","office":"Starosta Powiatu Turek","case_kind":"Obiekt budowlany inny niż budynek mieszkalny jednorodzinny","parcel_ids":["302701_1.0001.641/4","302701_1.0001.642/4","302701_1.0001.643/8","302701_1.0001.786/4","302701_1.0001.787"],"location_quality":"dokładny","gunb_url":"https://wyszukiwarka.gunb.gov.pl/","parcel_count":5,"parcel_shard":"x074-y208","parcel_id":"302701_1.0001.787","location_source":"powiat turecki (wfs)"}},{"type":"Feature","id":"ST-WK-TU/WNIOSEK/2184/2026::302701_1.0001.670/2","geometry":{"type":"Polygon","coordinates":[[[18.5056100300867,52.0134122515941],[18.505672930843,52.0134900259643],[18.5054795545745,52.0135515886529],[18.5054195605083,52.0134732072813],[18.5056087709633,52.0128937814337],[18.5056226616768,52.0129156076441],[18.5056801408039,52.0130059230469],[18.5057386845821,52.0130979108534],[18.5057044959793,52.013216684422],[18.5056555849568,52.013344958568],[18.5056100300867,52.0134122515941]]]},"properties":{"case_id":"ST-WK-TU/WNIOSEK/2184/2026","source_type":"wniosek_decyzja","received_date":"2026-02-06","decision_date":"2026-04-08","status":"decyzja wydana","description":"Przebudowa, rozbudowa, nadbudowa i zmiana sposobu użytkowania budynku garażowwego z przeznaczeniem całości na budynek mieszkalny jednorodzinny","address":"Uniejowska 6a, Turek","city":"Turek","office":"Starosta Powiatu Turek","case_kind":"Budynek mieszkalny jednorodzinny","parcel_ids":["302701_1.0001.670/2"],"location_quality":"dokładny","gunb_url":"https://wyszukiwarka.gunb.gov.pl/","parcel_count":1,"parcel_shard":"x074-y208","parcel_id":"302701_1.0001.670/2","location_source":"powiat turecki (wfs)"}},{"type":"Feature","id":"ST-WK-TU/WNIOSEK/3911/2026::302701_1.0001.806/2","geometry":{"type":"Polygon","coordinates":[[[18.5009378839828,52.0210375971579],[18.5007485458724,52.0210907385206],[18.5009556518738,52.0205895801565],[18.5002007939914,52.0204669538995],[18.5002157033219,52.0204321965122],[18.499923509914,52.0203846313026],[18.500015371059,52.0201696055123],[18.5002167725584,52.0202006096687],[18.5003723192016,52.0202374860959],[18.5006169869407,52.0202791173754],[18.5008899022569,52.0203255543761],[18.5010086469668,52.0203289411068],[18.5013066015949,52.0203374385282],[18.502083469566,52.0203595907687],[18.5019513567212,52.0207200020641],[18.5011102896893,52.0209581331383],[18.5010850065183,52.0209651849718],[18.5009378839828,52.0210375971579]]]},"properties":{"case_id":"ST-WK-TU/WNIOSEK/3911/2026","source_type":"wniosek_decyzja","received_date":"2026-03-02","decision_date":"2026-03-30","status":"decyzja wydana","description":"Przebudowa sanitariatów w budynku B Zaspołu Szkół Technicznych w Turku w ramach zadania ,,Remont części sanitariatów w budynku Zaspołu Szkół Technicznych w Turku  wraz z przystosowaniem do korzystania dla osób ze szczególnymi potrzebami''","address":"Turek","city":"Turek","office":"Starosta Powiatu Turek","case_kind":"Obiekt budowlany inny niż budynek mieszkalny jednorodzinny","parcel_ids":["302701_1.0001.806/2"],"location_quality":"dokładny","gunb_url":"https://wyszukiwarka.gunb.gov.pl/","parcel_count":1,"parcel_shard":"x074-y208","parcel_id":"302701_1.0001.806/2","location_source":"powiat turecki (wfs)"}},{"type":"Feature","id":"ST-WK-TU/ZGŁOSZENIE/2677/2026::302701_1.0002.1244/2","geometry":{"type":"Polygon","coordinates":[[[18.5021521088323,52.0068304101655],[18.5023520348393,52.0067276902128],[18.5023721081566,52.0065944913801],[18.5023917954445,52.0066092911314],[18.5023462432223,52.006911107406],[18.5021220588576,52.0070263412722],[18.5021521088323,52.0068304101655]]]},"properties":{"case_id":"ST-WK-TU/ZGŁOSZENIE/2677/2026","source_type":"zgloszenie","received_date":"2026-08-17","decision_date":null,"status":"Brak sprzeciwu","description":"Rozbudowa sieci kablowej niskiego napięcia poprzez budowę linii kablowych niskiego napięcia 0,4kV kablem YAKXS 4x120mm2 oraz kablem 4x240mm2 oraz demontaż odcinka linii kablowej niskiego napięcia 0,4kV","address":"Turek","city":"Turek","office":"Starosta Powiatu Turek","case_kind":"rozbudowa istniejącego/istniejących obiektów budowlanych","parcel_ids":["302701_1.0002.1244/2","302701_1.0002.1245/4","302701_1.0002.1246/3","302701_1.0002.1246/4","302701_1.0002.1247/3","302701_1.0002.1253/3","302701_1.0003.398/4","302701_1.0003.402/2","302701_1.0003.403/3","302701_1.0003.405/10","302701_1.0003.405/2","302701_1.0003.487/1"],"location_quality":"dokładny","gunb_url":"https://wyszukiwarka.gunb.gov.pl/","parcel_count":12,"parcel_shard":"x074-y208","parcel_id":"302701_1.0002.1244/2","location_source":"powiat turecki (wfs)"}},{"type":"Feature","id":"ST-WK-TU/ZGŁOSZENIE/2677/2026::302701_1.0002.1245/4","geometry":{"type":"Polygon","coordinates":[[[18.5023462432223,52.006911107406],[18.5023917954445,52.0066092911314],[18.5025856071628,52.006753649583],[18.5025694499234,52.0068373602013],[18.5025141996516,52.0068247070212],[18.5023462432223,52.006911107406]]]},"properties":{"case_id":"ST-WK-TU/ZGŁOSZENIE/2677/2026","source_type":"zgloszenie","received_date":"2026-08-17","decision_date":null,"status":"Brak sprzeciwu","description":"Rozbudowa sieci kablowej niskiego napięcia poprzez budowę linii kablowych niskiego napięcia 0,4kV kablem YAKXS 4x120mm2 oraz kablem 4x240mm2 oraz demontaż odcinka linii kablowej niskiego napięcia 0,4kV","address":"Turek","city":"Turek","office":"Starosta Powiatu Turek","case_kind":"rozbudowa istniejącego/istniejących obiektów budowlanych","parcel_ids":["302701_1.0002.1244/2","302701_1.0002.1245/4","302701_1.0002.1246/3","302701_1.0002.1246/4","302701_1.0002.1247/3","302701_1.0002.1253/3","302701_1.0003.398/4","302701_1.0003.402/2","302701_1.0003.403/3","302701_1.0003.405/10","302701_1.0003.405/2","302701_1.0003.487/1"],"location_quality":"dokładny","gunb_url":"https://wyszukiwarka.gunb.gov.pl/","parcel_count":12,"parcel_shard":"x074-y208","parcel_id":"302701_1.0002.1245/4","location_source":"powiat turecki (wfs)"}},{"type":"Feature","id":"ST-WK-TU/ZGŁOSZENIE/2677/2026::302701_1.0002.1246/3","geometry":{"type":"Polygon","coordinates":[[[18.5025694499234,52.0068373602013],[18.5025856071628,52.006753649583],[18.502591623597,52.0067149141357],[18.5029695326108,52.0070184727167],[18.5029614491359,52.0070521213053],[18.5027239732453,52.0068631259674],[18.5025694499234,52.0068373602013]]]},"properties":{"case_id":"ST-WK-TU/ZGŁOSZENIE/2677/2026","source_type":"zgloszenie","received_date":"2026-08-17","decision_date":null,"status":"Brak sprzeciwu","description":"Rozbudowa sieci kablowej niskiego napięcia poprzez budowę linii kablowych niskiego napięcia 0,4kV kablem YAKXS 4x120mm2 oraz kablem 4x240mm2 oraz demontaż odcinka linii kablowej niskiego napięcia 0,4kV","address":"Turek","city":"Turek","office":"Starosta Powiatu Turek","case_kind":"rozbudowa istniejącego/istniejących obiektów budowlanych","parcel_ids":["302701_1.0002.1244/2","302701_1.0002.1245/4","302701_1.0002.1246/3","302701_1.0002.1246/4","302701_1.0002.1247/3","302701_1.0002.1253/3","302701_1.0003.398/4","302701_1.0003.402/2","302701_1.0003.403/3","302701_1.0003.405/10","302701_1.0003.405/2","302701_1.0003.487/1"],"location_quality":"dokładny","gunb_url":"https://wyszukiwarka.gunb.gov.pl/","parcel_count":12,"parcel_shard":"x074-y208","parcel_id":"302701_1.0002.1246/3","location_source":"powiat turecki (wfs)"}},{"type":"Feature","id":"ST-WK-TU/ZGŁOSZENIE/2677/2026::302701_1.0002.1246/4","geometry":{"type":"Polygon","coordinates":[[[18.5029185476923,52.0073373236084],[18.5025010411925,52.0073027319678],[18.5025694499234,52.0068373602013],[18.5027239732453,52.0068631259674],[18.5029614491359,52.0070521213053],[18.5029185476923,52.0073373236084]]]},"properties":{"case_id":"ST-WK-TU/ZGŁOSZENIE/2677/2026","source_type":"zgloszenie","received_date":"2026-08-17","decision_date":null,"status":"Brak sprzeciwu","description":"Rozbudowa sieci kablowej niskiego napięcia poprzez budowę linii kablowych niskiego napięcia 0,4kV kablem YAKXS 4x120mm2 oraz kablem 4x240mm2 oraz demontaż odcinka linii kablowej niskiego napięcia 0,4kV","address":"Turek","city":"Turek","office":"Starosta Powiatu Turek","case_kind":"rozbudowa istniejącego/istniejących obiektów budowlanych","parcel_ids":["302701_1.0002.1244/2","302701_1.0002.1245/4","302701_1.0002.1246/3","302701_1.0002.1246/4","302701_1.0002.1247/3","302701_1.0002.1253/3","302701_1.0003.398/4","302701_1.0003.402/2","302701_1.0003.403/3","302701_1.0003.405/10","302701_1.0003.405/2","302701_1.0003.487/1"],"location_quality":"dokładny","gunb_url":"https://wyszukiwarka.gunb.gov.pl/","parcel_count":12,"parcel_shard":"x074-y208","parcel_id":"302701_1.0002.1246/4","location_source":"powiat turecki (wfs)"}},{"type":"Feature","id":"ST-WK-TU/ZGŁOSZENIE/2677/2026::302701_1.0002.1247/3","geometry":{"type":"Polygon","coordinates":[[[18.5033935048674,52.0074034571163],[18.5029614491359,52.0070521213053],[18.5029695326108,52.0070184727167],[18.5033998478732,52.0073641204577],[18.5033935048674,52.0074034571163]]]},"properties":{"case_id":"ST-WK-TU/ZGŁOSZENIE/2677/2026","source_type":"zgloszenie","received_date":"2026-08-17","decision_date":null,"status":"Brak sprzeciwu","description":"Rozbudowa sieci kablowej niskiego napięcia poprzez budowę linii kablowych niskiego napięcia 0,4kV kablem YAKXS 4x120mm2 oraz kablem 4x240mm2 oraz demontaż odcinka linii kablowej niskiego napięcia 0,4kV","address":"Turek","city":"Turek","office":"Starosta Powiatu Turek","case_kind":"rozbudowa istniejącego/istniejących obiektów budowlanych","parcel_ids":["302701_1.0002.1244/2","302701_1.0002.1245/4","302701_1.0002.1246/3","302701_1.0002.1246/4","302701_1.0002.1247/3","302701_1.0002.1253/3","302701_1.0003.398/4","302701_1.0003.402/2","302701_1.0003.403/3","302701_1.0003.405/10","302701_1.0003.405/2","302701_1.0003.487/1"],"location_quality":"dokładny","gunb_url":"https://wyszukiwarka.gunb.gov.pl/","parcel_count":12,"parcel_shard":"x074-y208","parcel_id":"302701_1.0002.1247/3","location_source":"powiat turecki (wfs)"}},{"type":"Feature","id":"ST-WK-TU/ZGŁOSZENIE/2677/2026::302701_1.0002.1253/3","geometry":{"type":"Polygon","coordinates":[[[18.5045026030496,52.0081169849363],[18.5047427826474,52.0083047544322],[18.5047847613231,52.0083386912322],[18.5048226983664,52.0083686427536],[18.5049968686016,52.0085061505095],[18.5050624374585,52.008612250943],[18.5051042138905,52.0087274180204],[18.5051614479885,52.0088791925137],[18.5052039139146,52.0090054706177],[18.5052479084637,52.0091377673284],[18.5052725559899,52.0092117780235],[18.5051479844527,52.0092294527483],[18.5050938458581,52.0090613713125],[18.5049836737899,52.0087194859538],[18.5049541154064,52.0086277721996],[18.5047827762567,52.00844379842],[18.5042306273212,52.0080155258652],[18.5038545516707,52.007723163454],[18.503697142869,52.0076020420576],[18.5033998478732,52.0073641204577],[18.5029695326108,52.0070184727167],[18.502591623597,52.0067149141357],[18.5023986278125,52.0065643664763],[18.5022140597571,52.0064268051628],[18.5022301752515,52.0063161046319],[18.5024159374277,52.0064538454364],[18.5026116154189,52.0065950082671],[18.5027938719422,52.0067411944732],[18.5029221304795,52.0068446634345],[18.5031805261837,52.0070477507208],[18.5034907369989,52.0072963495393],[18.5036341028633,52.0074102908041],[18.5037689835613,52.0075174877075],[18.5040035129894,52.0077069160686],[18.50425328443,52.0079121720262],[18.5045026030496,52.0081169849363]]]},"properties":{"case_id":"ST-WK-TU/ZGŁOSZENIE/2677/2026","source_type":"zgloszenie","received_date":"2026-08-17","decision_date":null,"status":"Brak sprzeciwu","description":"Rozbudowa sieci kablowej niskiego napięcia poprzez budowę linii kablowych niskiego napięcia 0,4kV kablem YAKXS 4x120mm2 oraz kablem 4x240mm2 oraz demontaż odcinka linii kablowej niskiego napięcia 0,4kV","address":"Turek","city":"Turek","office":"Starosta Powiatu Turek","case_kind":"rozbudowa istniejącego/istniejących obiektów budowlanych","parcel_ids":["302701_1.0002.1244/2","302701_1.0002.1245/4","302701_1.0002.1246/3","302701_1.0002.1246/4","302701_1.0002.1247/3","302701_1.0002.1253/3","302701_1.0003.398/4","302701_1.0003.402/2","302701_1.0003.403/3","302701_1.0003.405/10","302701_1.0003.405/2","302701_1.0003.487/1"],"location_quality":"dokładny","gunb_url":"https://wyszukiwarka.gunb.gov.pl/","parcel_count":12,"parcel_shard":"x074-y208","parcel_id":"302701_1.0002.1253/3","location_source":"powiat turecki (wfs)"}},{"type":"Feature","id":"ST-WK-TU/ZGŁOSZENIE/2677/2026::302701_1.0003.398/4","geometry":{"type":"Polygon","coordinates":[[[18.5018039055109,52.0091115633757],[18.5014659854372,52.0090972730827],[18.5014368887862,52.0090960131515],[18.5014996653043,52.0086813871343],[18.5016407094815,52.007740435517],[18.5017713736749,52.0068720056575],[18.5020412305391,52.0068874237297],[18.5021521088323,52.0068304101655],[18.5021220588576,52.0070263412722],[18.5018398068116,52.0071467004401],[18.5017458169386,52.0072858099584],[18.5017080800077,52.0075363458238],[18.5017738808889,52.0075852264015],[18.5020328235816,52.0076080065022],[18.5020189831724,52.0076975021074],[18.5017603348201,52.0076748073227],[18.5016811258763,52.007715325681],[18.5016199095537,52.0081228494143],[18.501742592541,52.0082269526927],[18.5019297418045,52.0082790774952],[18.5019091280297,52.008413363578],[18.5017006099137,52.0083731683412],[18.5015707007543,52.0084495373846],[18.5015343473067,52.0086911506728],[18.5014973026872,52.0089372701921],[18.5015598731496,52.0090069702961],[18.5018179769486,52.0090160975251],[18.5018039055109,52.0091115633757]]]},"properties":{"case_id":"ST-WK-TU/ZGŁOSZENIE/2677/2026","source_type":"zgloszenie","received_date":"2026-08-17","decision_date":null,"status":"Brak sprzeciwu","description":"Rozbudowa sieci kablowej niskiego napięcia poprzez budowę linii kablowych niskiego napięcia 0,4kV kablem YAKXS 4x120mm2 oraz kablem 4x240mm2 oraz demontaż odcinka linii kablowej niskiego napięcia 0,4kV","address":"Turek","city":"Turek","office":"Starosta Powiatu Turek","case_kind":"rozbudowa istniejącego/istniejących obiektów budowlanych","parcel_ids":["302701_1.0002.1244/2","302701_1.0002.1245/4","302701_1.0002.1246/3","302701_1.0002.1246/4","302701_1.0002.1247/3","302701_1.0002.1253/3","302701_1.0003.398/4","302701_1.0003.402/2","302701_1.0003.403/3","302701_1.0003.405/10","302701_1.0003.405/2","302701_1.0003.487/1"],"location_quality":"dokładny","gunb_url":"https://wyszukiwarka.gunb.gov.pl/","parcel_count":12,"parcel_shard":"x074-y208","parcel_id":"302701_1.0003.398/4","location_source":"powiat turecki (wfs)"}},{"type":"Feature","id":"ST-WK-TU/ZGŁOSZENIE/2677/2026::302701_1.0003.402/2","geometry":{"type":"Polygon","coordinates":[[[18.5014594042056,52.0077300901118],[18.5015578141729,52.0070765346575],[18.5014361343151,52.0069432846996],[18.5011315305598,52.0069260658622],[18.501144790163,52.0068365793843],[18.5014638474358,52.0068545632458],[18.5017713736749,52.0068720056575],[18.5016407094815,52.007740435517],[18.5014811915508,52.0077313395456],[18.5014594042056,52.0077300901118]]]},"properties":{"case_id":"ST-WK-TU/ZGŁOSZENIE/2677/2026","source_type":"zgloszenie","received_date":"2026-08-17","decision_date":null,"status":"Brak sprzeciwu","description":"Rozbudowa sieci kablowej niskiego napięcia poprzez budowę linii kablowych niskiego napięcia 0,4kV kablem YAKXS 4x120mm2 oraz kablem 4x240mm2 oraz demontaż odcinka linii kablowej niskiego napięcia 0,4kV","address":"Turek","city":"Turek","office":"Starosta Powiatu Turek","case_kind":"rozbudowa istniejącego/istniejących obiektów budowlanych","parcel_ids":["302701_1.0002.1244/2","302701_1.0002.1245/4","302701_1.0002.1246/3","302701_1.0002.1246/4","302701_1.0002.1247/3","302701_1.0002.1253/3","302701_1.0003.398/4","302701_1.0003.402/2","302701_1.0003.403/3","302701_1.0003.405/10","302701_1.0003.405/2","302701_1.0003.487/1"],"location_quality":"dokładny","gunb_url":"https://wyszukiwarka.gunb.gov.pl/","parcel_count":12,"parcel_shard":"x074-y208","parcel_id":"302701_1.0003.402/2","location_source":"powiat turecki (wfs)"}},{"type":"Feature","id":"ST-WK-TU/ZGŁOSZENIE/2677/2026::302701_1.0003.403/3","geometry":{"type":"Polygon","coordinates":[[[18.5011315305598,52.0069260658622],[18.5008017871091,52.0069140008725],[18.5008135658705,52.0068392060955],[18.5008156322276,52.0068243363424],[18.501144790163,52.0068365793843],[18.5011315305598,52.0069260658622]]]},"properties":{"case_id":"ST-WK-TU/ZGŁOSZENIE/2677/2026","source_type":"zgloszenie","received_date":"2026-08-17","decision_date":null,"status":"Brak sprzeciwu","description":"Rozbudowa sieci kablowej niskiego napięcia poprzez budowę linii kablowych niskiego napięcia 0,4kV kablem YAKXS 4x120mm2 oraz kablem 4x240mm2 oraz demontaż odcinka linii kablowej niskiego napięcia 0,4kV","address":"Turek","city":"Turek","office":"Starosta Powiatu Turek","case_kind":"rozbudowa istniejącego/istniejących obiektów budowlanych","parcel_ids":["302701_1.0002.1244/2","302701_1.0002.1245/4","302701_1.0002.1246/3","302701_1.0002.1246/4","302701_1.0002.1247/3","302701_1.0002.1253/3","302701_1.0003.398/4","302701_1.0003.402/2","302701_1.0003.403/3","302701_1.0003.405/10","302701_1.0003.405/2","302701_1.0003.487/1"],"location_quality":"dokładny","gunb_url":"https://wyszukiwarka.gunb.gov.pl/","parcel_count":12,"parcel_shard":"x074-y208","parcel_id":"302701_1.0003.403/3","location_source":"powiat turecki (wfs)"}},{"type":"Feature","id":"ST-WK-TU/ZGŁOSZENIE/2677/2026::302701_1.0003.405/10","geometry":{"type":"Polygon","coordinates":[[[18.5007548248177,52.0072091068793],[18.5002842503189,52.0071827936492],[18.5003209263765,52.0069323185775],[18.5003843426913,52.0068987032763],[18.5008017871091,52.0069140008725],[18.5007548248177,52.0072091068793]]]},"properties":{"case_id":"ST-WK-TU/ZGŁOSZENIE/2677/2026","source_type":"zgloszenie","received_date":"2026-08-17","decision_date":null,"status":"Brak sprzeciwu","description":"Rozbudowa sieci kablowej niskiego napięcia poprzez budowę linii kablowych niskiego napięcia 0,4kV kablem YAKXS 4x120mm2 oraz kablem 4x240mm2 oraz demontaż odcinka linii kablowej niskiego napięcia 0,4kV","address":"Turek","city":"Turek","office":"Starosta Powiatu Turek","case_kind":"rozbudowa istniejącego/istniejących obiektów budowlanych","parcel_ids":["302701_1.0002.1244/2","302701_1.0002.1245/4","302701_1.0002.1246/3","302701_1.0002.1246/4","302701_1.0002.1247/3","302701_1.0002.1253/3","302701_1.0003.398/4","302701_1.0003.402/2","302701_1.0003.403/3","302701_1.0003.405/10","302701_1.0003.405/2","302701_1.0003.487/1"],"location_quality":"dokładny","gunb_url":"https://wyszukiwarka.gunb.gov.pl/","parcel_count":12,"parcel_shard":"x074-y208","parcel_id":"302701_1.0003.405/10","location_source":"powiat turecki (wfs)"}},{"type":"Feature","id":"ST-WK-TU/ZGŁOSZENIE/2677/2026::302701_1.0003.405/2","geometry":{"type":"Polygon","coordinates":[[[18.5008017871091,52.0069140008725],[18.5003843426913,52.0068987032763],[18.5002534780679,52.006893900906],[18.5002757315989,52.0067425068089],[18.50053929018,52.0067571267661],[18.5005280231976,52.0068219233855],[18.5008135658705,52.0068392060955],[18.5008017871091,52.0069140008725]]]},"properties":{"case_id":"ST-WK-TU/ZGŁOSZENIE/2677/2026","source_type":"zgloszenie","received_date":"2026-08-17","decision_date":null,"status":"Brak sprzeciwu","description":"Rozbudowa sieci kablowej niskiego napięcia poprzez budowę linii kablowych niskiego napięcia 0,4kV kablem YAKXS 4x120mm2 oraz kablem 4x240mm2 oraz demontaż odcinka linii kablowej niskiego napięcia 0,4kV","address":"Turek","city":"Turek","office":"Starosta Powiatu Turek","case_kind":"rozbudowa istniejącego/istniejących obiektów budowlanych","parcel_ids":["302701_1.0002.1244/2","302701_1.0002.1245/4","302701_1.0002.1246/3","302701_1.0002.1246/4","302701_1.0002.1247/3","302701_1.0002.1253/3","302701_1.0003.398/4","302701_1.0003.402/2","302701_1.0003.403/3","302701_1.0003.405/10","302701_1.0003.405/2","302701_1.0003.487/1"],"location_quality":"dokładny","gunb_url":"https://wyszukiwarka.gunb.gov.pl/","parcel_count":12,"parcel_shard":"x074-y208","parcel_id":"302701_1.0003.405/2","location_source":"powiat turecki (wfs)"}},{"type":"Feature","id":"ST-WK-TU/ZGŁOSZENIE/2677/2026::302701_1.0003.487/1","geometry":{"type":"Polygon","coordinates":[[[18.5029221304795,52.0068446634345],[18.5029273180331,52.0068137221299],[18.5031854823092,52.0070162906467],[18.5031805261837,52.0070477507208],[18.5029221304795,52.0068446634345]]]},"properties":{"case_id":"ST-WK-TU/ZGŁOSZENIE/2677/2026","source_type":"zgloszenie","received_date":"2026-08-17","decision_date":null,"status":"Brak sprzeciwu","description":"Rozbudowa sieci kablowej niskiego napięcia poprzez budowę linii kablowych niskiego napięcia 0,4kV kablem YAKXS 4x120mm2 oraz kablem 4x240mm2 oraz demontaż odcinka linii kablowej niskiego napięcia 0,4kV","address":"Turek","city":"Turek","office":"Starosta Powiatu Turek","case_kind":"rozbudowa istniejącego/istniejących obiektów budowlanych","parcel_ids":["302701_1.0002.1244/2","302701_1.0002.1245/4","302701_1.0002.1246/3","302701_1.0002.1246/4","302701_1.0002.1247/3","302701_1.0002.1253/3","302701_1.0003.398/4","302701_1.0003.402/2","302701_1.0003.403/3","302701_1.0003.405/10","302701_1.0003.405/2","302701_1.0003.487/1"],"location_quality":"dokładny","gunb_url":"https://wyszukiwarka.gunb.gov.pl/","parcel_count":12,"parcel_shard":"x074-y208","parcel_id":"302701_1.0003.487/1","location_source":"powiat turecki (wfs)"}},{"type":"Feature","id":"ST-WK-TU/WNIOSEK/2993/2026::302701_1.0002.1505/1","geometry":{"type":"Polygon","coordinates":[[[18.5177798479926,52.0185483561165],[18.5176450596974,52.0186540615541],[18.5175112218651,52.0187590112893],[18.5171486624294,52.0186100317994],[18.5171112724416,52.0185298764838],[18.5172981715643,52.0183538120902],[18.5177798479926,52.0185483561165]]]},"properties":{"case_id":"ST-WK-TU/WNIOSEK/2993/2026","source_type":"wniosek_decyzja","received_date":"2026-02-18","decision_date":"2026-07-24","status":"decyzja wydana","description":"Budowa budynku przedszkola","address":"Turek","city":"Turek","office":"Starosta Powiatu Turek","case_kind":"Obiekt budowlany inny niż budynek mieszkalny jednorodzinny","parcel_ids":["302701_1.0002.1505/1","302701_1.0002.1505/2"],"location_quality":"dokładny","gunb_url":"https://wyszukiwarka.gunb.gov.pl/","parcel_count":2,"parcel_shard":"x074-y208","parcel_id":"302701_1.0002.1505/1","location_source":"powiat turecki (wfs)"}},{"type":"Feature","id":"ST-WK-TU/WNIOSEK/2993/2026::302701_1.0002.1505/2","geometry":{"type":"Polygon","coordinates":[[[18.5177798479926,52.0185483561165],[18.5172981715643,52.0183538120902],[18.517507328674,52.0181566715894],[18.517749561308,52.0181789590247],[18.5177640802278,52.0181847560538],[18.5179023032586,52.0182398681078],[18.5178319825064,52.0185075522682],[18.5178008893096,52.0185318878356],[18.5177798479926,52.0185483561165]]]},"properties":{"case_id":"ST-WK-TU/WNIOSEK/2993/2026","source_type":"wniosek_decyzja","received_date":"2026-02-18","decision_date":"2026-07-24","status":"decyzja wydana","description":"Budowa budynku przedszkola","address":"Turek","city":"Turek","office":"Starosta Powiatu Turek","case_kind":"Obiekt budowlany inny niż budynek mieszkalny jednorodzinny","parcel_ids":["302701_1.0002.1505/1","302701_1.0002.1505/2"],"location_quality":"dokładny","gunb_url":"https://wyszukiwarka.gunb.gov.pl/","parcel_count":2,"parcel_shard":"x074-y208","parcel_id":"302701_1.0002.1505/2","location_source":"powiat turecki (wfs)"}},{"type":"Feature","id":"PL-WP/WNIOSEK/20017/2025::302701_1.0002.266/13","geometry":{"type":"Polygon","coordinates":[[[18.5124588405694,52.0199543523794],[18.5128956821619,52.020034346041],[18.5129743674543,52.0200459980049],[18.5133276272327,52.020098019519],[18.5137912194595,52.0203420046008],[18.5142819417071,52.0204393416304],[18.5149221934694,52.0205531853483],[18.5151045445253,52.0206504485211],[18.515551555078,52.0208189977636],[18.5156346936162,52.0207260563952],[18.5161657249241,52.0209540963722],[18.5162588566772,52.0209953032691],[18.5160271023932,52.0211376116448],[18.5162061991454,52.0212956431575],[18.5161940103213,52.021335697478],[18.5161816395929,52.0213759526512],[18.515969226759,52.0213369517497],[18.5158975171903,52.0213216264612],[18.515909421373,52.0212799593873],[18.5155275244113,52.0212155297954],[18.5154439705065,52.0212017071963],[18.515284553021,52.021177712835],[18.5151491406684,52.021152932109],[18.5149901916079,52.0211266361253],[18.5149824798083,52.021154236339],[18.5144350280287,52.0210562457715],[18.5135557241269,52.0208988496142],[18.5131464788433,52.0208000164938],[18.512973776911,52.0207818036505],[18.5123853487312,52.0206417228918],[18.5122843583709,52.0206219731972],[18.5124588405694,52.0199543523794]]]},"properties":{"case_id":"PL-WP/WNIOSEK/20017/2025","source_type":"wniosek_decyzja","received_date":"2025-09-29","decision_date":"2026-01-09","status":"decyzja wydana","description":"rozbiórka torów na nieczynnym odcinku kolei wąskotorowej","address":"Turek","city":"Turek","office":"Wojewoda Wielkopolski","case_kind":"Obiekt budowlany inny niż budynek mieszkalny jednorodzinny","parcel_ids":["302701_1.0002.266/13","302701_1.0002.374/2"],"location_quality":"dokładny","gunb_url":"https://wyszukiwarka.gunb.gov.pl/","parcel_count":2,"parcel_shard":"x074-y208","parcel_id":"302701_1.0002.266/13","location_source":"powiat turecki (wfs)"}},{"type":"Feature","id":"PL-WP/WNIOSEK/20017/2025::302701_1.0002.374/2","geometry":{"type":"Polygon","coordinates":[[[18.505327987483,52.0199099957472],[18.5050721572622,52.0199801632102],[18.5046538692475,52.0200964733223],[18.5041393969908,52.0202400899103],[18.5038676999483,52.0201829807656],[18.5041745581348,52.0200994070656],[18.5046059792591,52.0199778347895],[18.5047126059831,52.0199446559551],[18.5047646067716,52.0199283557178],[18.5051614037849,52.0198105115052],[18.5056916859158,52.0196637426706],[18.5060296505744,52.019589729965],[18.5062866725854,52.0195382065695],[18.5066018767938,52.0194998537963],[18.5069468843095,52.0194728190458],[18.5070679439229,52.0194711718602],[18.507377022027,52.0194714855157],[18.5074890174232,52.0194715990271],[18.5077926006716,52.0194827688814],[18.5080724707327,52.0195053729834],[18.5083944138311,52.0195464357847],[18.5086264321574,52.0195759037829],[18.5089598721246,52.0196237399073],[18.5090374717735,52.0196361988246],[18.509165427413,52.0196582274467],[18.5098863271276,52.0197690730501],[18.5106548177428,52.0197944422031],[18.5107140418043,52.0198417955284],[18.5112050464347,52.0198615353928],[18.5112719087184,52.0198641523186],[18.5112638449934,52.0198998628195],[18.5116293318381,52.019960653707],[18.5116720295412,52.0197954379548],[18.5118082482567,52.0198471657048],[18.5121269332454,52.019909606284],[18.5124588405694,52.0199543523794],[18.5122843583709,52.0206219731972],[18.51204475775,52.0205362342498],[18.5119613848982,52.0205061644198],[18.5113986985872,52.0203444842791],[18.5111341752515,52.0202944302726],[18.5111682954157,52.0202103973738],[18.5108612485743,52.0201168142461],[18.5107501982525,52.020082967492],[18.5105633748539,52.0200590024678],[18.5098684834622,52.0199054629841],[18.5096011306435,52.0198596092182],[18.509136076414,52.0197799179249],[18.5089304159193,52.019744716908],[18.508597789998,52.0196941347786],[18.5083198905358,52.0196538714117],[18.5080450008945,52.0196140579188],[18.5077980706939,52.0195957736949],[18.5077496634874,52.0195922073186],[18.5076288674817,52.0195900314164],[18.5074408985387,52.0195867066302],[18.5070335431087,52.0195973586596],[18.5070105466026,52.0195992552471],[18.5069663389246,52.0196038131913],[18.5066533214166,52.0196375502659],[18.5064700560607,52.0196625040854],[18.5063193641887,52.0196834350896],[18.5060095230834,52.019737446036],[18.5055838170603,52.0198398277113],[18.5054228728245,52.0198839709815],[18.505327987483,52.0199099957472]]]},"properties":{"case_id":"PL-WP/WNIOSEK/20017/2025","source_type":"wniosek_decyzja","received_date":"2025-09-29","decision_date":"2026-01-09","status":"decyzja wydana","description":"rozbiórka torów na nieczynnym odcinku kolei wąskotorowej","address":"Turek","city":"Turek","office":"Wojewoda Wielkopolski","case_kind":"Obiekt budowlany inny niż budynek mieszkalny jednorodzinny","parcel_ids":["302701_1.0002.266/13","302701_1.0002.374/2"],"location_quality":"dokładny","gunb_url":"https://wyszukiwarka.gunb.gov.pl/","parcel_count":2,"parcel_shard":"x074-y208","parcel_id":"302701_1.0002.374/2","location_source":"powiat turecki (wfs)"}},{"type":"Feature","id":"ST-WK-TU/WNIOSEK/11792/2026::302701_1.0002.269","geometry":{"type":"Polygon","coordinates":[[[18.5130459075495,52.0196718417018],[18.5129743674543,52.0200459980049],[18.5128956821619,52.020034346041],[18.5124588405694,52.0199543523794],[18.5125857130627,52.0194829134844],[18.512725587622,52.0195403379414],[18.5130459075495,52.0196718417018]]]},"properties":{"case_id":"ST-WK-TU/WNIOSEK/11792/2026","source_type":"wniosek_decyzja","received_date":"2026-06-19","decision_date":"2026-07-07","status":"decyzja wydana","description":"Budowa instalacji zbiornikowej gazu płynnego V=2700L (zbiornik naziemny) dla budynku usługowego","address":"Turek","city":"Turek","office":"Starosta Powiatu Turek","case_kind":"Obiekt budowlany inny niż budynek mieszkalny jednorodzinny","parcel_ids":["302701_1.0002.269"],"location_quality":"dokładny","gunb_url":"https://wyszukiwarka.gunb.gov.pl/","parcel_count":1,"parcel_shard":"x074-y208","parcel_id":"302701_1.0002.269","location_source":"powiat turecki (wfs)"}},{"type":"Feature","id":"ST-WK-TU/WNIOSEK/4515/2026::302701_1.0002.285/4","geometry":{"type":"Polygon","coordinates":[[[18.5200772641674,52.0189993045196],[18.5200940475376,52.0189339118336],[18.5201360322687,52.0189471355745],[18.5200772641674,52.0189993045196]]]},"properties":{"case_id":"ST-WK-TU/WNIOSEK/4515/2026","source_type":"wniosek_decyzja","received_date":"2026-03-11","decision_date":"2026-04-28","status":"decyzja wydana","description":"Budowa dróg publicznych w ramach zadania inwestycyjnego: ,, Budowa ul. St. Wojciechowskiego wraz z infrastrukturą towarzyszącą","address":"Turek","city":"Turek","office":"Starosta Powiatu Turek","case_kind":"Obiekt budowlany inny niż budynek mieszkalny jednorodzinny","parcel_ids":["302701_1.0002.285/4","302701_1.0002.287/4","302701_1.0002.287/5","302701_1.0002.288/6","302701_1.0002.288/7","302701_1.0002.289/11","302701_1.0002.289/13","302701_1.0002.289/4","302701_1.0002.289/9","302701_1.0002.290/13","302701_1.0002.291/12","302701_1.0002.292/8","302701_1.0002.293/12","302701_1.0002.294/8","302701_1.0002.295/5","302701_1.0002.295/7","302701_1.0002.296/10","302701_1.0002.296/3","302701_1.0002.666/7"],"location_quality":"dokładny","gunb_url":"https://wyszukiwarka.gunb.gov.pl/","parcel_count":19,"parcel_shard":"x074-y208","parcel_id":"302701_1.0002.285/4","location_source":"powiat turecki (wfs)"}},{"type":"Feature","id":"ST-WK-TU/WNIOSEK/4515/2026::302701_1.0002.287/4","geometry":{"type":"Polygon","coordinates":[[[18.5199831658617,52.0188939636051],[18.5200940475376,52.0189339118336],[18.5200772641674,52.0189993045196],[18.5198960354937,52.019160114034],[18.5199598296427,52.01891473857],[18.5199831658617,52.0188939636051]]]},"properties":{"case_id":"ST-WK-TU/WNIOSEK/4515/2026","source_type":"wniosek_decyzja","received_date":"2026-03-11","decision_date":"2026-04-28","status":"decyzja wydana","description":"Budowa dróg publicznych w ramach zadania inwestycyjnego: ,, Budowa ul. St. Wojciechowskiego wraz z infrastrukturą towarzyszącą","address":"Turek","city":"Turek","office":"Starosta Powiatu Turek","case_kind":"Obiekt budowlany inny niż budynek mieszkalny jednorodzinny","parcel_ids":["302701_1.0002.285/4","302701_1.0002.287/4","302701_1.0002.287/5","302701_1.0002.288/6","302701_1.0002.288/7","302701_1.0002.289/11","302701_1.0002.289/13","302701_1.0002.289/4","302701_1.0002.289/9","302701_1.0002.290/13","302701_1.0002.291/12","302701_1.0002.292/8","302701_1.0002.293/12","302701_1.0002.294/8","302701_1.0002.295/5","302701_1.0002.295/7","302701_1.0002.296/10","302701_1.0002.296/3","302701_1.0002.666/7"],"location_quality":"dokładny","gunb_url":"https://wyszukiwarka.gunb.gov.pl/","parcel_count":19,"parcel_shard":"x074-y208","parcel_id":"302701_1.0002.287/4","location_source":"powiat turecki (wfs)"}},{"type":"Feature","id":"ST-WK-TU/WNIOSEK/4515/2026::302701_1.0002.287/5","geometry":{"type":"Polygon","coordinates":[[[18.5199667458371,52.0188880167792],[18.5199831658617,52.0188939636051],[18.5199598296427,52.01891473857],[18.5199667458371,52.0188880167792]]]},"properties":{"case_id":"ST-WK-TU/WNIOSEK/4515/2026","source_type":"wniosek_decyzja","received_date":"2026-03-11","decision_date":"2026-04-28","status":"decyzja wydana","description":"Budowa dróg publicznych w ramach zadania inwestycyjnego: ,, Budowa ul. St. Wojciechowskiego wraz z infrastrukturą towarzyszącą","address":"Turek","city":"Turek","office":"Starosta Powiatu Turek","case_kind":"Obiekt budowlany inny niż budynek mieszkalny jednorodzinny","parcel_ids":["302701_1.0002.285/4","302701_1.0002.287/4","302701_1.0002.287/5","302701_1.0002.288/6","302701_1.0002.288/7","302701_1.0002.289/11","302701_1.0002.289/13","302701_1.0002.289/4","302701_1.0002.289/9","302701_1.0002.290/13","302701_1.0002.291/12","302701_1.0002.292/8","302701_1.0002.293/12","302701_1.0002.294/8","302701_1.0002.295/5","302701_1.0002.295/7","302701_1.0002.296/10","302701_1.0002.296/3","302701_1.0002.666/7"],"location_quality":"dokładny","gunb_url":"https://wyszukiwarka.gunb.gov.pl/","parcel_count":19,"parcel_shard":"x074-y208","parcel_id":"302701_1.0002.287/5","location_source":"powiat turecki (wfs)"}},{"type":"Feature","id":"ST-WK-TU/WNIOSEK/4515/2026::302701_1.0002.288/6","geometry":{"type":"Polygon","coordinates":[[[18.5199598296427,52.01891473857],[18.5198960354937,52.019160114034],[18.5197205732542,52.0193158879049],[18.5197825381901,52.0190720696802],[18.5199598296427,52.01891473857]]]},"properties":{"case_id":"ST-WK-TU/WNIOSEK/4515/2026","source_type":"wniosek_decyzja","received_date":"2026-03-11","decision_date":"2026-04-28","status":"decyzja wydana","description":"Budowa dróg publicznych w ramach zadania inwestycyjnego: ,, Budowa ul. St. Wojciechowskiego wraz z infrastrukturą towarzyszącą","address":"Turek","city":"Turek","office":"Starosta Powiatu Turek","case_kind":"Obiekt budowlany inny niż budynek mieszkalny jednorodzinny","parcel_ids":["302701_1.0002.285/4","302701_1.0002.287/4","302701_1.0002.287/5","302701_1.0002.288/6","302701_1.0002.288/7","302701_1.0002.289/11","302701_1.0002.289/13","302701_1.0002.289/4","302701_1.0002.289/9","302701_1.0002.290/13","302701_1.0002.291/12","302701_1.0002.292/8","302701_1.0002.293/12","302701_1.0002.294/8","302701_1.0002.295/5","302701_1.0002.295/7","302701_1.0002.296/10","302701_1.0002.296/3","302701_1.0002.666/7"],"location_quality":"dokładny","gunb_url":"https://wyszukiwarka.gunb.gov.pl/","parcel_count":19,"parcel_shard":"x074-y208","parcel_id":"302701_1.0002.288/6","location_source":"powiat turecki (wfs)"}},{"type":"Feature","id":"ST-WK-TU/WNIOSEK/4515/2026::302701_1.0002.288/7","geometry":{"type":"Polygon","coordinates":[[[18.519840735678,52.0188429657777],[18.5199667458371,52.0188880167792],[18.5199598296427,52.01891473857],[18.5197825381901,52.0190720696802],[18.519840735678,52.0188429657777]]]},"properties":{"case_id":"ST-WK-TU/WNIOSEK/4515/2026","source_type":"wniosek_decyzja","received_date":"2026-03-11","decision_date":"2026-04-28","status":"decyzja wydana","description":"Budowa dróg publicznych w ramach zadania inwestycyjnego: ,, Budowa ul. St. Wojciechowskiego wraz z infrastrukturą towarzyszącą","address":"Turek","city":"Turek","office":"Starosta Powiatu Turek","case_kind":"Obiekt budowlany inny niż budynek mieszkalny jednorodzinny","parcel_ids":["302701_1.0002.285/4","302701_1.0002.287/4","302701_1.0002.287/5","302701_1.0002.288/6","302701_1.0002.288/7","302701_1.0002.289/11","302701_1.0002.289/13","302701_1.0002.289/4","302701_1.0002.289/9","302701_1.0002.290/13","302701_1.0002.291/12","302701_1.0002.292/8","302701_1.0002.293/12","302701_1.0002.294/8","302701_1.0002.295/5","302701_1.0002.295/7","302701_1.0002.296/10","302701_1.0002.296/3","302701_1.0002.666/7"],"location_quality":"dokładny","gunb_url":"https://wyszukiwarka.gunb.gov.pl/","parcel_count":19,"parcel_shard":"x074-y208","parcel_id":"302701_1.0002.288/7","location_source":"powiat turecki (wfs)"}},{"type":"Feature","id":"ST-WK-TU/WNIOSEK/4515/2026::302701_1.0002.289/11","geometry":{"type":"Polygon","coordinates":[[[18.5187899969131,52.0194160422457],[18.5188208958299,52.0192991247722],[18.5192175897544,52.0194628499763],[18.5193594654621,52.0194471436191],[18.5191432211201,52.0196389794072],[18.5191177607442,52.0195513552933],[18.5187899969131,52.0194160422457]]]},"properties":{"case_id":"ST-WK-TU/WNIOSEK/4515/2026","source_type":"wniosek_decyzja","received_date":"2026-03-11","decision_date":"2026-04-28","status":"decyzja wydana","description":"Budowa dróg publicznych w ramach zadania inwestycyjnego: ,, Budowa ul. St. Wojciechowskiego wraz z infrastrukturą towarzyszącą","address":"Turek","city":"Turek","office":"Starosta Powiatu Turek","case_kind":"Obiekt budowlany inny niż budynek mieszkalny jednorodzinny","parcel_ids":["302701_1.0002.285/4","302701_1.0002.287/4","302701_1.0002.287/5","302701_1.0002.288/6","302701_1.0002.288/7","302701_1.0002.289/11","302701_1.0002.289/13","302701_1.0002.289/4","302701_1.0002.289/9","302701_1.0002.290/13","302701_1.0002.291/12","302701_1.0002.292/8","302701_1.0002.293/12","302701_1.0002.294/8","302701_1.0002.295/5","302701_1.0002.295/7","302701_1.0002.296/10","302701_1.0002.296/3","302701_1.0002.666/7"],"location_quality":"dokładny","gunb_url":"https://wyszukiwarka.gunb.gov.pl/","parcel_count":19,"parcel_shard":"x074-y208","parcel_id":"302701_1.0002.289/11","location_source":"powiat turecki (wfs)"}},{"type":"Feature","id":"ST-WK-TU/WNIOSEK/4515/2026::302701_1.0002.289/13","geometry":{"type":"Polygon","coordinates":[[[18.51898642589,52.0186746241057],[18.5190286343338,52.0185153130936],[18.519840735678,52.0188429657777],[18.5197825381901,52.0190720696802],[18.5197454848915,52.0189789627386],[18.51898642589,52.0186746241057]]]},"properties":{"case_id":"ST-WK-TU/WNIOSEK/4515/2026","source_type":"wniosek_decyzja","received_date":"2026-03-11","decision_date":"2026-04-28","status":"decyzja wydana","description":"Budowa dróg publicznych w ramach zadania inwestycyjnego: ,, Budowa ul. St. Wojciechowskiego wraz z infrastrukturą towarzyszącą","address":"Turek","city":"Turek","office":"Starosta Powiatu Turek","case_kind":"Obiekt budowlany inny niż budynek mieszkalny jednorodzinny","parcel_ids":["302701_1.0002.285/4","302701_1.0002.287/4","302701_1.0002.287/5","302701_1.0002.288/6","302701_1.0002.288/7","302701_1.0002.289/11","302701_1.0002.289/13","302701_1.0002.289/4","302701_1.0002.289/9","302701_1.0002.290/13","302701_1.0002.291/12","302701_1.0002.292/8","302701_1.0002.293/12","302701_1.0002.294/8","302701_1.0002.295/5","302701_1.0002.295/7","302701_1.0002.296/10","302701_1.0002.296/3","302701_1.0002.666/7"],"location_quality":"dokładny","gunb_url":"https://wyszukiwarka.gunb.gov.pl/","parcel_count":19,"parcel_shard":"x074-y208","parcel_id":"302701_1.0002.289/13","location_source":"powiat turecki (wfs)"}},{"type":"Feature","id":"ST-WK-TU/WNIOSEK/4515/2026::302701_1.0002.289/4","geometry":{"type":"Polygon","coordinates":[[[18.5185962900047,52.0201463915606],[18.5186532213324,52.0199318404137],[18.5186773844645,52.0199418021999],[18.5187621794909,52.0199767997851],[18.5189075992985,52.0200366533343],[18.5189923946833,52.0200716507522],[18.519405692,52.020242038791],[18.5194891479112,52.0202267069249],[18.5194448594502,52.0204007474263],[18.519297080566,52.0205636397932],[18.5192491372385,52.0204147787701],[18.5188116939531,52.020234877699],[18.5185962900047,52.0201463915606]]]},"properties":{"case_id":"ST-WK-TU/WNIOSEK/4515/2026","source_type":"wniosek_decyzja","received_date":"2026-03-11","decision_date":"2026-04-28","status":"decyzja wydana","description":"Budowa dróg publicznych w ramach zadania inwestycyjnego: ,, Budowa ul. St. Wojciechowskiego wraz z infrastrukturą towarzyszącą","address":"Turek","city":"Turek","office":"Starosta Powiatu Turek","case_kind":"Obiekt budowlany inny niż budynek mieszkalny jednorodzinny","parcel_ids":["302701_1.0002.285/4","302701_1.0002.287/4","302701_1.0002.287/5","302701_1.0002.288/6","302701_1.0002.288/7","302701_1.0002.289/11","302701_1.0002.289/13","302701_1.0002.289/4","302701_1.0002.289/9","302701_1.0002.290/13","302701_1.0002.291/12","302701_1.0002.292/8","302701_1.0002.293/12","302701_1.0002.294/8","302701_1.0002.295/5","302701_1.0002.295/7","302701_1.0002.296/10","302701_1.0002.296/3","302701_1.0002.666/7"],"location_quality":"dokładny","gunb_url":"https://wyszukiwarka.gunb.gov.pl/","parcel_count":19,"parcel_shard":"x074-y208","parcel_id":"302701_1.0002.289/4","location_source":"powiat turecki (wfs)"}},{"type":"Feature","id":"ST-WK-TU/WNIOSEK/4515/2026::302701_1.0002.289/9","geometry":{"type":"Polygon","coordinates":[[[18.5197825381901,52.0190720696802],[18.5197205732542,52.0193158879049],[18.5189658098783,52.0199850332275],[18.5189923946833,52.0200716507522],[18.5189075992985,52.0200366533343],[18.5187621794909,52.0199767997851],[18.5186773844645,52.0199418021999],[18.5188199680243,52.0199255459953],[18.5191432211201,52.0196389794072],[18.5193594654621,52.0194471436191],[18.5197825381901,52.0190720696802]]]},"properties":{"case_id":"ST-WK-TU/WNIOSEK/4515/2026","source_type":"wniosek_decyzja","received_date":"2026-03-11","decision_date":"2026-04-28","status":"decyzja wydana","description":"Budowa dróg publicznych w ramach zadania inwestycyjnego: ,, Budowa ul. St. Wojciechowskiego wraz z infrastrukturą towarzyszącą","address":"Turek","city":"Turek","office":"Starosta Powiatu Turek","case_kind":"Obiekt budowlany inny niż budynek mieszkalny jednorodzinny","parcel_ids":["302701_1.0002.285/4","302701_1.0002.287/4","302701_1.0002.287/5","302701_1.0002.288/6","302701_1.0002.288/7","302701_1.0002.289/11","302701_1.0002.289/13","302701_1.0002.289/4","302701_1.0002.289/9","302701_1.0002.290/13","302701_1.0002.291/12","302701_1.0002.292/8","302701_1.0002.293/12","302701_1.0002.294/8","302701_1.0002.295/5","302701_1.0002.295/7","302701_1.0002.296/10","302701_1.0002.296/3","302701_1.0002.666/7"],"location_quality":"dokładny","gunb_url":"https://wyszukiwarka.gunb.gov.pl/","parcel_count":19,"parcel_shard":"x074-y208","parcel_id":"302701_1.0002.289/9","location_source":"powiat turecki (wfs)"}},{"type":"Feature","id":"ST-WK-TU/WNIOSEK/4515/2026::302701_1.0002.290/13","geometry":{"type":"Polygon","coordinates":[[[18.5188208958299,52.0192991247722],[18.5187899969131,52.0194160422457],[18.5184893657865,52.0192919923464],[18.5185204147648,52.0191751625263],[18.5188208958299,52.0192991247722]]]},"properties":{"case_id":"ST-WK-TU/WNIOSEK/4515/2026","source_type":"wniosek_decyzja","received_date":"2026-03-11","decision_date":"2026-04-28","status":"decyzja wydana","description":"Budowa dróg publicznych w ramach zadania inwestycyjnego: ,, Budowa ul. St. Wojciechowskiego wraz z infrastrukturą towarzyszącą","address":"Turek","city":"Turek","office":"Starosta Powiatu Turek","case_kind":"Obiekt budowlany inny niż budynek mieszkalny jednorodzinny","parcel_ids":["302701_1.0002.285/4","302701_1.0002.287/4","302701_1.0002.287/5","302701_1.0002.288/6","302701_1.0002.288/7","302701_1.0002.289/11","302701_1.0002.289/13","302701_1.0002.289/4","302701_1.0002.289/9","302701_1.0002.290/13","302701_1.0002.291/12","302701_1.0002.292/8","302701_1.0002.293/12","302701_1.0002.294/8","302701_1.0002.295/5","302701_1.0002.295/7","302701_1.0002.296/10","302701_1.0002.296/3","302701_1.0002.666/7"],"location_quality":"dokładny","gunb_url":"https://wyszukiwarka.gunb.gov.pl/","parcel_count":19,"parcel_shard":"x074-y208","parcel_id":"302701_1.0002.290/13","location_source":"powiat turecki (wfs)"}},{"type":"Feature","id":"ST-WK-TU/WNIOSEK/4515/2026::302701_1.0002.291/12","geometry":{"type":"Polygon","coordinates":[[[18.5181924435692,52.019169502089],[18.5182230453064,52.0190524096222],[18.5185204147648,52.0191751625263],[18.5184893657865,52.0192919923464],[18.5181924435692,52.019169502089]]]},"properties":{"case_id":"ST-WK-TU/WNIOSEK/4515/2026","source_type":"wniosek_decyzja","received_date":"2026-03-11","decision_date":"2026-04-28","status":"decyzja wydana","description":"Budowa dróg publicznych w ramach zadania inwestycyjnego: ,, Budowa ul. St. Wojciechowskiego wraz z infrastrukturą towarzyszącą","address":"Turek","city":"Turek","office":"Starosta Powiatu Turek","case_kind":"Obiekt budowlany inny niż budynek mieszkalny jednorodzinny","parcel_ids":["302701_1.0002.285/4","302701_1.0002.287/4","302701_1.0002.287/5","302701_1.0002.288/6","302701_1.0002.288/7","302701_1.0002.289/11","302701_1.0002.289/13","302701_1.0002.289/4","302701_1.0002.289/9","302701_1.0002.290/13","302701_1.0002.291/12","302701_1.0002.292/8","302701_1.0002.293/12","302701_1.0002.294/8","302701_1.0002.295/5","302701_1.0002.295/7","302701_1.0002.296/10","302701_1.0002.296/3","302701_1.0002.666/7"],"location_quality":"dokładny","gunb_url":"https://wyszukiwarka.gunb.gov.pl/","parcel_count":19,"parcel_shard":"x074-y208","parcel_id":"302701_1.0002.291/12","location_source":"powiat turecki (wfs)"}},{"type":"Feature","id":"ST-WK-TU/WNIOSEK/4515/2026::302701_1.0002.292/8","geometry":{"type":"Polygon","coordinates":[[[18.5179479957405,52.0190685784218],[18.5179784524383,52.018951488291],[18.5182230453064,52.0190524096222],[18.5181924435692,52.019169502089],[18.5179479957405,52.0190685784218]]]},"properties":{"case_id":"ST-WK-TU/WNIOSEK/4515/2026","source_type":"wniosek_decyzja","received_date":"2026-03-11","decision_date":"2026-04-28","status":"decyzja wydana","description":"Budowa dróg publicznych w ramach zadania inwestycyjnego: ,, Budowa ul. St. Wojciechowskiego wraz z infrastrukturą towarzyszącą","address":"Turek","city":"Turek","office":"Starosta Powiatu Turek","case_kind":"Obiekt budowlany inny niż budynek mieszkalny jednorodzinny","parcel_ids":["302701_1.0002.285/4","302701_1.0002.287/4","302701_1.0002.287/5","302701_1.0002.288/6","302701_1.0002.288/7","302701_1.0002.289/11","302701_1.0002.289/13","302701_1.0002.289/4","302701_1.0002.289/9","302701_1.0002.290/13","302701_1.0002.291/12","302701_1.0002.292/8","302701_1.0002.293/12","302701_1.0002.294/8","302701_1.0002.295/5","302701_1.0002.295/7","302701_1.0002.296/10","302701_1.0002.296/3","302701_1.0002.666/7"],"location_quality":"dokładny","gunb_url":"https://wyszukiwarka.gunb.gov.pl/","parcel_count":19,"parcel_shard":"x074-y208","parcel_id":"302701_1.0002.292/8","location_source":"powiat turecki (wfs)"}},{"type":"Feature","id":"ST-WK-TU/WNIOSEK/4515/2026::302701_1.0002.293/12","geometry":{"type":"Polygon","coordinates":[[[18.5177103698291,52.0189705146593],[18.5177411220661,52.0188535098816],[18.5179784524383,52.018951488291],[18.5179479957405,52.0190685784218],[18.5177103698291,52.0189705146593]]]},"properties":{"case_id":"ST-WK-TU/WNIOSEK/4515/2026","source_type":"wniosek_decyzja","received_date":"2026-03-11","decision_date":"2026-04-28","status":"decyzja wydana","description":"Budowa dróg publicznych w ramach zadania inwestycyjnego: ,, Budowa ul. St. Wojciechowskiego wraz z infrastrukturą towarzyszącą","address":"Turek","city":"Turek","office":"Starosta Powiatu Turek","case_kind":"Obiekt budowlany inny niż budynek mieszkalny jednorodzinny","parcel_ids":["302701_1.0002.285/4","302701_1.0002.287/4","302701_1.0002.287/5","302701_1.0002.288/6","302701_1.0002.288/7","302701_1.0002.289/11","302701_1.0002.289/13","302701_1.0002.289/4","302701_1.0002.289/9","302701_1.0002.290/13","302701_1.0002.291/12","302701_1.0002.292/8","302701_1.0002.293/12","302701_1.0002.294/8","302701_1.0002.295/5","302701_1.0002.295/7","302701_1.0002.296/10","302701_1.0002.296/3","302701_1.0002.666/7"],"location_quality":"dokładny","gunb_url":"https://wyszukiwarka.gunb.gov.pl/","parcel_count":19,"parcel_shard":"x074-y208","parcel_id":"302701_1.0002.293/12","location_source":"powiat turecki (wfs)"}},{"type":"Feature","id":"ST-WK-TU/WNIOSEK/4515/2026::302701_1.0002.294/8","geometry":{"type":"Polygon","coordinates":[[[18.5175784511419,52.0189163827497],[18.5176083114497,52.0187989423967],[18.5176203633229,52.0188038941192],[18.5177411220661,52.0188535098816],[18.5177103698291,52.0189705146593],[18.5175784511419,52.0189163827497]]]},"properties":{"case_id":"ST-WK-TU/WNIOSEK/4515/2026","source_type":"wniosek_decyzja","received_date":"2026-03-11","decision_date":"2026-04-28","status":"decyzja wydana","description":"Budowa dróg publicznych w ramach zadania inwestycyjnego: ,, Budowa ul. St. Wojciechowskiego wraz z infrastrukturą towarzyszącą","address":"Turek","city":"Turek","office":"Starosta Powiatu Turek","case_kind":"Obiekt budowlany inny niż budynek mieszkalny jednorodzinny","parcel_ids":["302701_1.0002.285/4","302701_1.0002.287/4","302701_1.0002.287/5","302701_1.0002.288/6","302701_1.0002.288/7","302701_1.0002.289/11","302701_1.0002.289/13","302701_1.0002.289/4","302701_1.0002.289/9","302701_1.0002.290/13","302701_1.0002.291/12","302701_1.0002.292/8","302701_1.0002.293/12","302701_1.0002.294/8","302701_1.0002.295/5","302701_1.0002.295/7","302701_1.0002.296/10","302701_1.0002.296/3","302701_1.0002.666/7"],"location_quality":"dokładny","gunb_url":"https://wyszukiwarka.gunb.gov.pl/","parcel_count":19,"parcel_shard":"x074-y208","parcel_id":"302701_1.0002.294/8","location_source":"powiat turecki (wfs)"}},{"type":"Feature","id":"ST-WK-TU/WNIOSEK/4515/2026::302701_1.0002.295/5","geometry":{"type":"Polygon","coordinates":[[[18.5199831658617,52.0188939636051],[18.5199667458371,52.0188880167792],[18.519840735678,52.0188429657777],[18.5190286343338,52.0185153130936],[18.5187262346096,52.0184007023781],[18.5184237625227,52.0182860629826],[18.5181822289198,52.0181666682668],[18.5179443364776,52.0180797433412],[18.5178063734205,52.0180179633755],[18.5177120170371,52.0179637606474],[18.5177472821876,52.0179318305672],[18.5178178176846,52.0179710077786],[18.517919588278,52.0180185078296],[18.5179543555368,52.0180347775211],[18.5179763071928,52.0180441446431],[18.5181787705112,52.0181306197532],[18.5184352974386,52.0182383670173],[18.5187350230801,52.0183582952638],[18.5188828757736,52.0184101086782],[18.5189199864734,52.0184231046556],[18.5189304812802,52.0184267167279],[18.5193186244172,52.0185811346557],[18.5198519871602,52.0188022411735],[18.5200209885436,52.0188604643152],[18.5199831658617,52.0188939636051]]]},"properties":{"case_id":"ST-WK-TU/WNIOSEK/4515/2026","source_type":"wniosek_decyzja","received_date":"2026-03-11","decision_date":"2026-04-28","status":"decyzja wydana","description":"Budowa dróg publicznych w ramach zadania inwestycyjnego: ,, Budowa ul. St. Wojciechowskiego wraz z infrastrukturą towarzyszącą","address":"Turek","city":"Turek","office":"Starosta Powiatu Turek","case_kind":"Obiekt budowlany inny niż budynek mieszkalny jednorodzinny","parcel_ids":["302701_1.0002.285/4","302701_1.0002.287/4","302701_1.0002.287/5","302701_1.0002.288/6","302701_1.0002.288/7","302701_1.0002.289/11","302701_1.0002.289/13","302701_1.0002.289/4","302701_1.0002.289/9","302701_1.0002.290/13","302701_1.0002.291/12","302701_1.0002.292/8","302701_1.0002.293/12","302701_1.0002.294/8","302701_1.0002.295/5","302701_1.0002.295/7","302701_1.0002.296/10","302701_1.0002.296/3","302701_1.0002.666/7"],"location_quality":"dokładny","gunb_url":"https://wyszukiwarka.gunb.gov.pl/","parcel_count":19,"parcel_shard":"x074-y208","parcel_id":"302701_1.0002.295/5","location_source":"powiat turecki (wfs)"}},{"type":"Feature","id":"ST-WK-TU/WNIOSEK/4515/2026::302701_1.0002.295/7","geometry":{"type":"Polygon","coordinates":[[[18.5200940475376,52.0189339118336],[18.5199831658617,52.0188939636051],[18.5200209885436,52.0188604643152],[18.5201046536693,52.0188892747778],[18.5201755396391,52.0189120813856],[18.5201679452609,52.018918763739],[18.5201360322687,52.0189471355745],[18.5200940475376,52.0189339118336]]]},"properties":{"case_id":"ST-WK-TU/WNIOSEK/4515/2026","source_type":"wniosek_decyzja","received_date":"2026-03-11","decision_date":"2026-04-28","status":"decyzja wydana","description":"Budowa dróg publicznych w ramach zadania inwestycyjnego: ,, Budowa ul. St. Wojciechowskiego wraz z infrastrukturą towarzyszącą","address":"Turek","city":"Turek","office":"Starosta Powiatu Turek","case_kind":"Obiekt budowlany inny niż budynek mieszkalny jednorodzinny","parcel_ids":["302701_1.0002.285/4","302701_1.0002.287/4","302701_1.0002.287/5","302701_1.0002.288/6","302701_1.0002.288/7","302701_1.0002.289/11","302701_1.0002.289/13","302701_1.0002.289/4","302701_1.0002.289/9","302701_1.0002.290/13","302701_1.0002.291/12","302701_1.0002.292/8","302701_1.0002.293/12","302701_1.0002.294/8","302701_1.0002.295/5","302701_1.0002.295/7","302701_1.0002.296/10","302701_1.0002.296/3","302701_1.0002.666/7"],"location_quality":"dokładny","gunb_url":"https://wyszukiwarka.gunb.gov.pl/","parcel_count":19,"parcel_shard":"x074-y208","parcel_id":"302701_1.0002.295/7","location_source":"powiat turecki (wfs)"}},{"type":"Feature","id":"ST-WK-TU/WNIOSEK/4515/2026::302701_1.0002.296/10","geometry":{"type":"Polygon","coordinates":[[[18.5176083114497,52.0187989423967],[18.5175784511419,52.0189163827497],[18.5174349742448,52.0188575761796],[18.5170525565703,52.0187005451152],[18.5169194863544,52.0187106265764],[18.5171112724416,52.0185298764838],[18.5171486624294,52.0186100317994],[18.5175112218651,52.0187590112893],[18.5176083114497,52.0187989423967]]]},"properties":{"case_id":"ST-WK-TU/WNIOSEK/4515/2026","source_type":"wniosek_decyzja","received_date":"2026-03-11","decision_date":"2026-04-28","status":"decyzja wydana","description":"Budowa dróg publicznych w ramach zadania inwestycyjnego: ,, Budowa ul. St. Wojciechowskiego wraz z infrastrukturą towarzyszącą","address":"Turek","city":"Turek","office":"Starosta Powiatu Turek","case_kind":"Obiekt budowlany inny niż budynek mieszkalny jednorodzinny","parcel_ids":["302701_1.0002.285/4","302701_1.0002.287/4","302701_1.0002.287/5","302701_1.0002.288/6","302701_1.0002.288/7","302701_1.0002.289/11","302701_1.0002.289/13","302701_1.0002.289/4","302701_1.0002.289/9","302701_1.0002.290/13","302701_1.0002.291/12","302701_1.0002.292/8","302701_1.0002.293/12","302701_1.0002.294/8","302701_1.0002.295/5","302701_1.0002.295/7","302701_1.0002.296/10","302701_1.0002.296/3","302701_1.0002.666/7"],"location_quality":"dokładny","gunb_url":"https://wyszukiwarka.gunb.gov.pl/","parcel_count":19,"parcel_shard":"x074-y208","parcel_id":"302701_1.0002.296/10","location_source":"powiat turecki (wfs)"}},{"type":"Feature","id":"ST-WK-TU/WNIOSEK/4515/2026::302701_1.0002.296/3","geometry":{"type":"Polygon","coordinates":[[[18.5168399374009,52.0187855961991],[18.5169558443166,52.0183254212511],[18.5170101230467,52.0182738635157],[18.5172444961828,52.0180514484448],[18.5174783028777,52.0178294912785],[18.5177120170371,52.0179637606474],[18.517507328674,52.0181566715894],[18.5172981715643,52.0183538120902],[18.5171112724416,52.0185298764838],[18.5169194863544,52.0187106265764],[18.5168399374009,52.0187855961991]]]},"properties":{"case_id":"ST-WK-TU/WNIOSEK/4515/2026","source_type":"wniosek_decyzja","received_date":"2026-03-11","decision_date":"2026-04-28","status":"decyzja wydana","description":"Budowa dróg publicznych w ramach zadania inwestycyjnego: ,, Budowa ul. St. Wojciechowskiego wraz z infrastrukturą towarzyszącą","address":"Turek","city":"Turek","office":"Starosta Powiatu Turek","case_kind":"Obiekt budowlany inny niż budynek mieszkalny jednorodzinny","parcel_ids":["302701_1.0002.285/4","302701_1.0002.287/4","302701_1.0002.287/5","302701_1.0002.288/6","302701_1.0002.288/7","302701_1.0002.289/11","302701_1.0002.289/13","302701_1.0002.289/4","302701_1.0002.289/9","302701_1.0002.290/13","302701_1.0002.291/12","302701_1.0002.292/8","302701_1.0002.293/12","302701_1.0002.294/8","302701_1.0002.295/5","302701_1.0002.295/7","302701_1.0002.296/10","302701_1.0002.296/3","302701_1.0002.666/7"],"location_quality":"dokładny","gunb_url":"https://wyszukiwarka.gunb.gov.pl/","parcel_count":19,"parcel_shard":"x074-y208","parcel_id":"302701_1.0002.296/3","location_source":"powiat turecki (wfs)"}},{"type":"Feature","id":"ST-WK-TU/WNIOSEK/4515/2026::302701_1.0002.666/7","geometry":{"type":"Polygon","coordinates":[[[18.5200209885436,52.0188604643152],[18.5198519871602,52.0188022411735],[18.5198541740479,52.0187941138272],[18.5200209885436,52.0188604643152]]]},"properties":{"case_id":"ST-WK-TU/WNIOSEK/4515/2026","source_type":"wniosek_decyzja","received_date":"2026-03-11","decision_date":"2026-04-28","status":"decyzja wydana","description":"Budowa dróg publicznych w ramach zadania inwestycyjnego: ,, Budowa ul. St. Wojciechowskiego wraz z infrastrukturą towarzyszącą","address":"Turek","city":"Turek","office":"Starosta Powiatu Turek","case_kind":"Obiekt budowlany inny niż budynek mieszkalny jednorodzinny","parcel_ids":["302701_1.0002.285/4","302701_1.0002.287/4","302701_1.0002.287/5","302701_1.0002.288/6","302701_1.0002.288/7","302701_1.0002.289/11","302701_1.0002.289/13","302701_1.0002.289/4","302701_1.0002.289/9","302701_1.0002.290/13","302701_1.0002.291/12","302701_1.0002.292/8","302701_1.0002.293/12","302701_1.0002.294/8","302701_1.0002.295/5","302701_1.0002.295/7","302701_1.0002.296/10","302701_1.0002.296/3","302701_1.0002.666/7"],"location_quality":"dokładny","gunb_url":"https://wyszukiwarka.gunb.gov.pl/","parcel_count":19,"parcel_shard":"x074-y208","parcel_id":"302701_1.0002.666/7","location_source":"powiat turecki (wfs)"}},{"type":"Feature","id":"ST-WK-TU/ZGŁOSZENIE/3838/2025::302701_1.0002.341/101","geometry":{"type":"Polygon","coordinates":[[[18.5112122575379,52.0137838322987],[18.5111258159756,52.0137758281434],[18.5111326802673,52.0137441626172],[18.5107937599048,52.0137156351966],[18.5108069002604,52.0136582995797],[18.5109019551851,52.0136641396312],[18.5110705341043,52.0136782372101],[18.5110678717256,52.0136843925979],[18.5111155410547,52.0136885052336],[18.5111610151146,52.0136923823051],[18.5112064928573,52.0136963492152],[18.5112214081901,52.0136976453481],[18.5112122575379,52.0137838322987]]]},"properties":{"case_id":"ST-WK-TU/ZGŁOSZENIE/3838/2025","source_type":"zgloszenie","received_date":"2025-12-01","decision_date":null,"status":"Brak sprzeciwu","description":"Budowa linii kablowej nN dla zasilenia budynku garażowego","address":"Armii Krajowej, Turek","city":"Turek","office":"Starosta Powiatu Turek","case_kind":"budowa nowego/nowych obiektów budowlanych","parcel_ids":["302701_1.0002.341/101","302701_1.0002.341/97"],"location_quality":"dokładny","gunb_url":"https://wyszukiwarka.gunb.gov.pl/","parcel_count":2,"parcel_shard":"x074-y208","parcel_id":"302701_1.0002.341/101","location_source":"powiat turecki (wfs)"}},{"type":"Feature","id":"ST-WK-TU/ZGŁOSZENIE/3838/2025::302701_1.0002.341/97","geometry":{"type":"Polygon","coordinates":[[[18.5110705341043,52.0136782372101],[18.5110738979718,52.0136785444549],[18.5110844654451,52.0136305474336],[18.5111299357832,52.0136343346699],[18.5111155410547,52.0136885052336],[18.5110678717256,52.0136843925979],[18.5110705341043,52.0136782372101]]]},"properties":{"case_id":"ST-WK-TU/ZGŁOSZENIE/3838/2025","source_type":"zgloszenie","received_date":"2025-12-01","decision_date":null,"status":"Brak sprzeciwu","description":"Budowa linii kablowej nN dla zasilenia budynku garażowego","address":"Armii Krajowej, Turek","city":"Turek","office":"Starosta Powiatu Turek","case_kind":"budowa nowego/nowych obiektów budowlanych","parcel_ids":["302701_1.0002.341/101","302701_1.0002.341/97"],"location_quality":"dokładny","gunb_url":"https://wyszukiwarka.gunb.gov.pl/","parcel_count":2,"parcel_shard":"x074-y208","parcel_id":"302701_1.0002.341/97","location_source":"powiat turecki (wfs)"}},{"type":"Feature","id":"ST-WK-TU/WNIOSEK/17403/2025::302701_1.0002.572","geometry":{"type":"Polygon","coordinates":[[[18.5072322954641,52.0112810517305],[18.5070839691047,52.0112708750091],[18.5072358738706,52.0110062958275],[18.5072846110491,52.0109342508576],[18.5074237564542,52.0109510885638],[18.5076023705615,52.0109675762887],[18.5074318039007,52.0112375952395],[18.5074223882434,52.0112860268106],[18.5073395193481,52.0112855579864],[18.5072322954641,52.0112810517305]]]},"properties":{"case_id":"ST-WK-TU/WNIOSEK/17403/2025","source_type":"wniosek_decyzja","received_date":"2025-08-26","decision_date":"2025-10-20","status":"decyzja wydana","description":"Budowa budynku usługowo-mieszkalnego","address":"Turek","city":"Turek","office":"Starosta Powiatu Turek","case_kind":"Obiekt budowlany inny niż budynek mieszkalny jednorodzinny","parcel_ids":["302701_1.0002.572"],"location_quality":"dokładny","gunb_url":"https://wyszukiwarka.gunb.gov.pl/","parcel_count":1,"parcel_shard":"x074-y208","parcel_id":"302701_1.0002.572","location_source":"powiat turecki (wfs)"}},{"type":"Feature","id":"ST-WK-TU/ZGŁOSZENIE/1052/2026::302701_1.0002.662/13","geometry":{"type":"Polygon","coordinates":[[[18.5189580677616,52.0161887084936],[18.5191354842028,52.0162626758612],[18.5193125371609,52.0160951501598],[18.5191901565856,52.0165721146701],[18.5187552673339,52.016981897297],[18.5188740965942,52.0165047711822],[18.5190055545796,52.0163811555779],[18.5189157081919,52.0163436298489],[18.5189580677616,52.0161887084936]]]},"properties":{"case_id":"ST-WK-TU/ZGŁOSZENIE/1052/2026","source_type":"zgloszenie","received_date":"2026-04-07","decision_date":null,"status":"Brak sprzeciwu","description":"Przebudowa istniejącej słupowej stacji transformatorowej SN/nn zlokalizowanej w istniejącej lokalizacji oraz budowa sieci elektroenergetycznej niskiego napięcia nn-0,4kV","address":"Turek","city":"Turek","office":"Starosta Powiatu Turek","case_kind":"budowa nowego/nowych obiektów budowlanych","parcel_ids":["302701_1.0002.146/1","302701_1.0002.662/13","302701_1.0002.663/11","302701_1.0002.663/24","302701_1.0002.664/17","302701_1.0002.665/17","302701_1.0002.666/11","302701_1.0002.667/4","302701_1.0002.667/9","302701_1.0002.669/19","302701_1.0002.670/14","302701_1.0002.711/5","302701_1.0002.711/6","302701_1.0002.822/1","302701_1.0002.829/10"],"location_quality":"dokładny","gunb_url":"https://wyszukiwarka.gunb.gov.pl/","parcel_count":14,"parcel_shard":"x074-y208","parcel_id":"302701_1.0002.662/13","location_source":"powiat turecki (wfs)"}},{"type":"Feature","id":"ST-WK-TU/ZGŁOSZENIE/1052/2026::302701_1.0002.663/11","geometry":{"type":"Polygon","coordinates":[[[18.5193125371609,52.0160951501598],[18.5195382600494,52.015881571624],[18.5194129324591,52.016362284118],[18.5194011506299,52.0163734375738],[18.5192732051735,52.016493851807],[18.519233304115,52.0165314535812],[18.5191901565856,52.0165721146701],[18.5193125371609,52.0160951501598]]]},"properties":{"case_id":"ST-WK-TU/ZGŁOSZENIE/1052/2026","source_type":"zgloszenie","received_date":"2026-04-07","decision_date":null,"status":"Brak sprzeciwu","description":"Przebudowa istniejącej słupowej stacji transformatorowej SN/nn zlokalizowanej w istniejącej lokalizacji oraz budowa sieci elektroenergetycznej niskiego napięcia nn-0,4kV","address":"Turek","city":"Turek","office":"Starosta Powiatu Turek","case_kind":"budowa nowego/nowych obiektów budowlanych","parcel_ids":["302701_1.0002.146/1","302701_1.0002.662/13","302701_1.0002.663/11","302701_1.0002.663/24","302701_1.0002.664/17","302701_1.0002.665/17","302701_1.0002.666/11","302701_1.0002.667/4","302701_1.0002.667/9","302701_1.0002.669/19","302701_1.0002.670/14","302701_1.0002.711/5","302701_1.0002.711/6","302701_1.0002.822/1","302701_1.0002.829/10"],"location_quality":"dokładny","gunb_url":"https://wyszukiwarka.gunb.gov.pl/","parcel_count":14,"parcel_shard":"x074-y208","parcel_id":"302701_1.0002.663/11","location_source":"powiat turecki (wfs)"}},{"type":"Feature","id":"ST-WK-TU/ZGŁOSZENIE/1052/2026::302701_1.0002.663/24","geometry":{"type":"Polygon","coordinates":[[[18.5192732051735,52.016493851807],[18.5194011506299,52.0163734375738],[18.5194091583082,52.0163768187796],[18.5193706434243,52.0165331391719],[18.5193351502574,52.0165188282536],[18.5192732051735,52.016493851807]]]},"properties":{"case_id":"ST-WK-TU/ZGŁOSZENIE/1052/2026","source_type":"zgloszenie","received_date":"2026-04-07","decision_date":null,"status":"Brak sprzeciwu","description":"Przebudowa istniejącej słupowej stacji transformatorowej SN/nn zlokalizowanej w istniejącej lokalizacji oraz budowa sieci elektroenergetycznej niskiego napięcia nn-0,4kV","address":"Turek","city":"Turek","office":"Starosta Powiatu Turek","case_kind":"budowa nowego/nowych obiektów budowlanych","parcel_ids":["302701_1.0002.146/1","302701_1.0002.662/13","302701_1.0002.663/11","302701_1.0002.663/24","302701_1.0002.664/17","302701_1.0002.665/17","302701_1.0002.666/11","302701_1.0002.667/4","302701_1.0002.667/9","302701_1.0002.669/19","302701_1.0002.670/14","302701_1.0002.711/5","302701_1.0002.711/6","302701_1.0002.822/1","302701_1.0002.829/10"],"location_quality":"dokładny","gunb_url":"https://wyszukiwarka.gunb.gov.pl/","parcel_count":14,"parcel_shard":"x074-y208","parcel_id":"302701_1.0002.663/24","location_source":"powiat turecki (wfs)"}},{"type":"Feature","id":"ST-WK-TU/ZGŁOSZENIE/1052/2026::302701_1.0002.664/17","geometry":{"type":"Polygon","coordinates":[[[18.5195615661538,52.0164403382898],[18.5195215557916,52.0165955703751],[18.5193706434243,52.0165331391719],[18.5194091583082,52.0163768187796],[18.5194614752298,52.0163986231155],[18.5195615661538,52.0164403382898]]]},"properties":{"case_id":"ST-WK-TU/ZGŁOSZENIE/1052/2026","source_type":"zgloszenie","received_date":"2026-04-07","decision_date":null,"status":"Brak sprzeciwu","description":"Przebudowa istniejącej słupowej stacji transformatorowej SN/nn zlokalizowanej w istniejącej lokalizacji oraz budowa sieci elektroenergetycznej niskiego napięcia nn-0,4kV","address":"Turek","city":"Turek","office":"Starosta Powiatu Turek","case_kind":"budowa nowego/nowych obiektów budowlanych","parcel_ids":["302701_1.0002.146/1","302701_1.0002.662/13","302701_1.0002.663/11","302701_1.0002.663/24","302701_1.0002.664/17","302701_1.0002.665/17","302701_1.0002.666/11","302701_1.0002.667/4","302701_1.0002.667/9","302701_1.0002.669/19","302701_1.0002.670/14","302701_1.0002.711/5","302701_1.0002.711/6","302701_1.0002.822/1","302701_1.0002.829/10"],"location_quality":"dokładny","gunb_url":"https://wyszukiwarka.gunb.gov.pl/","parcel_count":14,"parcel_shard":"x074-y208","parcel_id":"302701_1.0002.664/17","location_source":"powiat turecki (wfs)"}},{"type":"Feature","id":"ST-WK-TU/ZGŁOSZENIE/1052/2026::302701_1.0002.665/17","geometry":{"type":"Polygon","coordinates":[[[18.5203731368757,52.016778735958],[18.5202570999064,52.017226795767],[18.5198429807987,52.0175789390727],[18.519802555849,52.0176133137695],[18.519582722304,52.0175246719632],[18.5196250887358,52.0174889751562],[18.520300014668,52.0169202912039],[18.5195215557916,52.0165955703751],[18.5195615661538,52.0164403382898],[18.5203731368757,52.016778735958]]]},"properties":{"case_id":"ST-WK-TU/ZGŁOSZENIE/1052/2026","source_type":"zgloszenie","received_date":"2026-04-07","decision_date":null,"status":"Brak sprzeciwu","description":"Przebudowa istniejącej słupowej stacji transformatorowej SN/nn zlokalizowanej w istniejącej lokalizacji oraz budowa sieci elektroenergetycznej niskiego napięcia nn-0,4kV","address":"Turek","city":"Turek","office":"Starosta Powiatu Turek","case_kind":"budowa nowego/nowych obiektów budowlanych","parcel_ids":["302701_1.0002.146/1","302701_1.0002.662/13","302701_1.0002.663/11","302701_1.0002.663/24","302701_1.0002.664/17","302701_1.0002.665/17","302701_1.0002.666/11","302701_1.0002.667/4","302701_1.0002.667/9","302701_1.0002.669/19","302701_1.0002.670/14","302701_1.0002.711/5","302701_1.0002.711/6","302701_1.0002.822/1","302701_1.0002.829/10"],"location_quality":"dokładny","gunb_url":"https://wyszukiwarka.gunb.gov.pl/","parcel_count":14,"parcel_shard":"x074-y208","parcel_id":"302701_1.0002.665/17","location_source":"powiat turecki (wfs)"}},{"type":"Feature","id":"ST-WK-TU/ZGŁOSZENIE/1052/2026::302701_1.0002.666/11","geometry":{"type":"Polygon","coordinates":[[[18.5202570999064,52.017226795767],[18.5203731368757,52.016778735958],[18.5206271072219,52.0168846302554],[18.5205809389754,52.0170623871562],[18.5203396631092,52.01726522686],[18.5202570999064,52.017226795767]]]},"properties":{"case_id":"ST-WK-TU/ZGŁOSZENIE/1052/2026","source_type":"zgloszenie","received_date":"2026-04-07","decision_date":null,"status":"Brak sprzeciwu","description":"Przebudowa istniejącej słupowej stacji transformatorowej SN/nn zlokalizowanej w istniejącej lokalizacji oraz budowa sieci elektroenergetycznej niskiego napięcia nn-0,4kV","address":"Turek","city":"Turek","office":"Starosta Powiatu Turek","case_kind":"budowa nowego/nowych obiektów budowlanych","parcel_ids":["302701_1.0002.146/1","302701_1.0002.662/13","302701_1.0002.663/11","302701_1.0002.663/24","302701_1.0002.664/17","302701_1.0002.665/17","302701_1.0002.666/11","302701_1.0002.667/4","302701_1.0002.667/9","302701_1.0002.669/19","302701_1.0002.670/14","302701_1.0002.711/5","302701_1.0002.711/6","302701_1.0002.822/1","302701_1.0002.829/10"],"location_quality":"dokładny","gunb_url":"https://wyszukiwarka.gunb.gov.pl/","parcel_count":14,"parcel_shard":"x074-y208","parcel_id":"302701_1.0002.666/11","location_source":"powiat turecki (wfs)"}},{"type":"Feature","id":"ST-WK-TU/ZGŁOSZENIE/1052/2026::302701_1.0002.667/4","geometry":{"type":"Polygon","coordinates":[[[18.5205809389754,52.0170623871562],[18.5206271072219,52.0168846302554],[18.5207375636885,52.0169307330828],[18.5205809389754,52.0170623871562]]]},"properties":{"case_id":"ST-WK-TU/ZGŁOSZENIE/1052/2026","source_type":"zgloszenie","received_date":"2026-04-07","decision_date":null,"status":"Brak sprzeciwu","description":"Przebudowa istniejącej słupowej stacji transformatorowej SN/nn zlokalizowanej w istniejącej lokalizacji oraz budowa sieci elektroenergetycznej niskiego napięcia nn-0,4kV","address":"Turek","city":"Turek","office":"Starosta Powiatu Turek","case_kind":"budowa nowego/nowych obiektów budowlanych","parcel_ids":["302701_1.0002.146/1","302701_1.0002.662/13","302701_1.0002.663/11","302701_1.0002.663/24","302701_1.0002.664/17","302701_1.0002.665/17","302701_1.0002.666/11","302701_1.0002.667/4","302701_1.0002.667/9","302701_1.0002.669/19","302701_1.0002.670/14","302701_1.0002.711/5","302701_1.0002.711/6","302701_1.0002.822/1","302701_1.0002.829/10"],"location_quality":"dokładny","gunb_url":"https://wyszukiwarka.gunb.gov.pl/","parcel_count":14,"parcel_shard":"x074-y208","parcel_id":"302701_1.0002.667/4","location_source":"powiat turecki (wfs)"}},{"type":"Feature","id":"ST-WK-TU/ZGŁOSZENIE/1052/2026::302701_1.0002.667/9","geometry":{"type":"Polygon","coordinates":[[[18.5210333440369,52.016345548126],[18.5208662574956,52.0169844623458],[18.5207375636885,52.0169307330828],[18.5206271072219,52.0168846302554],[18.5207924147898,52.0162484416023],[18.5210333440369,52.016345548126]]]},"properties":{"case_id":"ST-WK-TU/ZGŁOSZENIE/1052/2026","source_type":"zgloszenie","received_date":"2026-04-07","decision_date":null,"status":"Brak sprzeciwu","description":"Przebudowa istniejącej słupowej stacji transformatorowej SN/nn zlokalizowanej w istniejącej lokalizacji oraz budowa sieci elektroenergetycznej niskiego napięcia nn-0,4kV","address":"Turek","city":"Turek","office":"Starosta Powiatu Turek","case_kind":"budowa nowego/nowych obiektów budowlanych","parcel_ids":["302701_1.0002.146/1","302701_1.0002.662/13","302701_1.0002.663/11","302701_1.0002.663/24","302701_1.0002.664/17","302701_1.0002.665/17","302701_1.0002.666/11","302701_1.0002.667/4","302701_1.0002.667/9","302701_1.0002.669/19","302701_1.0002.670/14","302701_1.0002.711/5","302701_1.0002.711/6","302701_1.0002.822/1","302701_1.0002.829/10"],"location_quality":"dokładny","gunb_url":"https://wyszukiwarka.gunb.gov.pl/","parcel_count":14,"parcel_shard":"x074-y208","parcel_id":"302701_1.0002.667/9","location_source":"powiat turecki (wfs)"}},{"type":"Feature","id":"ST-WK-TU/ZGŁOSZENIE/1052/2026::302701_1.0002.669/19","geometry":{"type":"Polygon","coordinates":[[[18.5208662574956,52.0169844623458],[18.5210333440369,52.016345548126],[18.5211975218864,52.0164117582883],[18.5212826020234,52.0164219341699],[18.5211086679775,52.0170855915529],[18.5208662574956,52.0169844623458]]]},"properties":{"case_id":"ST-WK-TU/ZGŁOSZENIE/1052/2026","source_type":"zgloszenie","received_date":"2026-04-07","decision_date":null,"status":"Brak sprzeciwu","description":"Przebudowa istniejącej słupowej stacji transformatorowej SN/nn zlokalizowanej w istniejącej lokalizacji oraz budowa sieci elektroenergetycznej niskiego napięcia nn-0,4kV","address":"Turek","city":"Turek","office":"Starosta Powiatu Turek","case_kind":"budowa nowego/nowych obiektów budowlanych","parcel_ids":["302701_1.0002.146/1","302701_1.0002.662/13","302701_1.0002.663/11","302701_1.0002.663/24","302701_1.0002.664/17","302701_1.0002.665/17","302701_1.0002.666/11","302701_1.0002.667/4","302701_1.0002.667/9","302701_1.0002.669/19","302701_1.0002.670/14","302701_1.0002.711/5","302701_1.0002.711/6","302701_1.0002.822/1","302701_1.0002.829/10"],"location_quality":"dokładny","gunb_url":"https://wyszukiwarka.gunb.gov.pl/","parcel_count":14,"parcel_shard":"x074-y208","parcel_id":"302701_1.0002.669/19","location_source":"powiat turecki (wfs)"}},{"type":"Feature","id":"ST-WK-TU/ZGŁOSZENIE/1052/2026::302701_1.0002.670/14","geometry":{"type":"Polygon","coordinates":[[[18.5208575853412,52.0180430498572],[18.5209956922896,52.0175164385793],[18.5211086679775,52.0170855915529],[18.5212826020234,52.0164219341699],[18.5213837894333,52.0164340155278],[18.5211857254097,52.0171827597946],[18.5211346734175,52.0173847664582],[18.5211057726336,52.017500484547],[18.5210921748874,52.0175595889805],[18.5210712771122,52.0176496100552],[18.5210108723597,52.0179034218344],[18.5209681822778,52.0180877778303],[18.5208575853412,52.0180430498572]]]},"properties":{"case_id":"ST-WK-TU/ZGŁOSZENIE/1052/2026","source_type":"zgloszenie","received_date":"2026-04-07","decision_date":null,"status":"Brak sprzeciwu","description":"Przebudowa istniejącej słupowej stacji transformatorowej SN/nn zlokalizowanej w istniejącej lokalizacji oraz budowa sieci elektroenergetycznej niskiego napięcia nn-0,4kV","address":"Turek","city":"Turek","office":"Starosta Powiatu Turek","case_kind":"budowa nowego/nowych obiektów budowlanych","parcel_ids":["302701_1.0002.146/1","302701_1.0002.662/13","302701_1.0002.663/11","302701_1.0002.663/24","302701_1.0002.664/17","302701_1.0002.665/17","302701_1.0002.666/11","302701_1.0002.667/4","302701_1.0002.667/9","302701_1.0002.669/19","302701_1.0002.670/14","302701_1.0002.711/5","302701_1.0002.711/6","302701_1.0002.822/1","302701_1.0002.829/10"],"location_quality":"dokładny","gunb_url":"https://wyszukiwarka.gunb.gov.pl/","parcel_count":14,"parcel_shard":"x074-y208","parcel_id":"302701_1.0002.670/14","location_source":"powiat turecki (wfs)"}},{"type":"Feature","id":"ST-WK-TU/ZGŁOSZENIE/1052/2026::302701_1.0002.711/5","geometry":{"type":"Polygon","coordinates":[[[18.5213837894333,52.0164340155278],[18.5228188226842,52.0166034544926],[18.5221737056098,52.0173080678198],[18.5211857254097,52.0171827597946],[18.5213837894333,52.0164340155278]]]},"properties":{"case_id":"ST-WK-TU/ZGŁOSZENIE/1052/2026","source_type":"zgloszenie","received_date":"2026-04-07","decision_date":null,"status":"Brak sprzeciwu","description":"Przebudowa istniejącej słupowej stacji transformatorowej SN/nn zlokalizowanej w istniejącej lokalizacji oraz budowa sieci elektroenergetycznej niskiego napięcia nn-0,4kV","address":"Turek","city":"Turek","office":"Starosta Powiatu Turek","case_kind":"budowa nowego/nowych obiektów budowlanych","parcel_ids":["302701_1.0002.146/1","302701_1.0002.662/13","302701_1.0002.663/11","302701_1.0002.663/24","302701_1.0002.664/17","302701_1.0002.665/17","302701_1.0002.666/11","302701_1.0002.667/4","302701_1.0002.667/9","302701_1.0002.669/19","302701_1.0002.670/14","302701_1.0002.711/5","302701_1.0002.711/6","302701_1.0002.822/1","302701_1.0002.829/10"],"location_quality":"dokładny","gunb_url":"https://wyszukiwarka.gunb.gov.pl/","parcel_count":14,"parcel_shard":"x074-y208","parcel_id":"302701_1.0002.711/5","location_source":"powiat turecki (wfs)"}},{"type":"Feature","id":"ST-WK-TU/ZGŁOSZENIE/1052/2026::302701_1.0002.711/6","geometry":{"type":"Polygon","coordinates":[[[18.5213979543709,52.0163803570548],[18.5228631793434,52.0165550099847],[18.5228188226842,52.0166034544926],[18.5213837894333,52.0164340155278],[18.5213979543709,52.0163803570548]]]},"properties":{"case_id":"ST-WK-TU/ZGŁOSZENIE/1052/2026","source_type":"zgloszenie","received_date":"2026-04-07","decision_date":null,"status":"Brak sprzeciwu","description":"Przebudowa istniejącej słupowej stacji transformatorowej SN/nn zlokalizowanej w istniejącej lokalizacji oraz budowa sieci elektroenergetycznej niskiego napięcia nn-0,4kV","address":"Turek","city":"Turek","office":"Starosta Powiatu Turek","case_kind":"budowa nowego/nowych obiektów budowlanych","parcel_ids":["302701_1.0002.146/1","302701_1.0002.662/13","302701_1.0002.663/11","302701_1.0002.663/24","302701_1.0002.664/17","302701_1.0002.665/17","302701_1.0002.666/11","302701_1.0002.667/4","302701_1.0002.667/9","302701_1.0002.669/19","302701_1.0002.670/14","302701_1.0002.711/5","302701_1.0002.711/6","302701_1.0002.822/1","302701_1.0002.829/10"],"location_quality":"dokładny","gunb_url":"https://wyszukiwarka.gunb.gov.pl/","parcel_count":14,"parcel_shard":"x074-y208","parcel_id":"302701_1.0002.711/6","location_source":"powiat turecki (wfs)"}},{"type":"Feature","id":"ST-WK-TU/ZGŁOSZENIE/1052/2026::302701_1.0002.822/1","geometry":{"type":"Polygon","coordinates":[[[18.5230514598715,52.0165210767371],[18.523002716944,52.0165723707878],[18.5228631793434,52.0165550099847],[18.5213979543709,52.0163803570548],[18.5214119968833,52.0163273328376],[18.5223298574974,52.0164358248971],[18.5227706087504,52.0164878973864],[18.5230514598715,52.0165210767371]]]},"properties":{"case_id":"ST-WK-TU/ZGŁOSZENIE/1052/2026","source_type":"zgloszenie","received_date":"2026-04-07","decision_date":null,"status":"Brak sprzeciwu","description":"Przebudowa istniejącej słupowej stacji transformatorowej SN/nn zlokalizowanej w istniejącej lokalizacji oraz budowa sieci elektroenergetycznej niskiego napięcia nn-0,4kV","address":"Turek","city":"Turek","office":"Starosta Powiatu Turek","case_kind":"budowa nowego/nowych obiektów budowlanych","parcel_ids":["302701_1.0002.146/1","302701_1.0002.662/13","302701_1.0002.663/11","302701_1.0002.663/24","302701_1.0002.664/17","302701_1.0002.665/17","302701_1.0002.666/11","302701_1.0002.667/4","302701_1.0002.667/9","302701_1.0002.669/19","302701_1.0002.670/14","302701_1.0002.711/5","302701_1.0002.711/6","302701_1.0002.822/1","302701_1.0002.829/10"],"location_quality":"dokładny","gunb_url":"https://wyszukiwarka.gunb.gov.pl/","parcel_count":14,"parcel_shard":"x074-y208","parcel_id":"302701_1.0002.822/1","location_source":"powiat turecki (wfs)"}},{"type":"Feature","id":"ST-WK-TU/ZGŁOSZENIE/1052/2026::302701_1.0002.829/10","geometry":{"type":"Polygon","coordinates":[[[18.5227706087504,52.0164878973864],[18.5223298574974,52.0164358248971],[18.5223883710085,52.0162360254513],[18.5228325102928,52.0162890335918],[18.5227706087504,52.0164878973864]]]},"properties":{"case_id":"ST-WK-TU/ZGŁOSZENIE/1052/2026","source_type":"zgloszenie","received_date":"2026-04-07","decision_date":null,"status":"Brak sprzeciwu","description":"Przebudowa istniejącej słupowej stacji transformatorowej SN/nn zlokalizowanej w istniejącej lokalizacji oraz budowa sieci elektroenergetycznej niskiego napięcia nn-0,4kV","address":"Turek","city":"Turek","office":"Starosta Powiatu Turek","case_kind":"budowa nowego/nowych obiektów budowlanych","parcel_ids":["302701_1.0002.146/1","302701_1.0002.662/13","302701_1.0002.663/11","302701_1.0002.663/24","302701_1.0002.664/17","302701_1.0002.665/17","302701_1.0002.666/11","302701_1.0002.667/4","302701_1.0002.667/9","302701_1.0002.669/19","302701_1.0002.670/14","302701_1.0002.711/5","302701_1.0002.711/6","302701_1.0002.822/1","302701_1.0002.829/10"],"location_quality":"dokładny","gunb_url":"https://wyszukiwarka.gunb.gov.pl/","parcel_count":14,"parcel_shard":"x074-y208","parcel_id":"302701_1.0002.829/10","location_source":"powiat turecki (wfs)"}},{"type":"Feature","id":"ST-WK-TU/WNIOSEK/8920/2026::302701_1.0002.678/1","geometry":{"type":"Polygon","coordinates":[[[18.5214583847976,52.0198829880799],[18.5213900541565,52.020099394385],[18.5204969095515,52.0199902932614],[18.5205750914604,52.0198007065088],[18.5205939235427,52.0197731687447],[18.521357428771,52.0198696442831],[18.5214583847976,52.0198829880799]]]},"properties":{"case_id":"ST-WK-TU/WNIOSEK/8920/2026","source_type":"wniosek_decyzja","received_date":"2026-05-12","decision_date":"2026-07-08","status":"decyzja wydana","description":"Budowa budynku handlowego","address":"Turek","city":"Turek","office":"Starosta Powiatu Turek","case_kind":"Obiekt budowlany inny niż budynek mieszkalny jednorodzinny","parcel_ids":["302701_1.0002.678/1","302701_1.0002.678/3","302701_1.0002.679/10","302701_1.0002.679/11","302701_1.0002.679/12","302701_1.0002.679/14","302701_1.0002.679/5","302701_1.0002.679/7","302701_1.0002.679/8","302701_1.0002.679/9"],"location_quality":"dokładny","gunb_url":"https://wyszukiwarka.gunb.gov.pl/","parcel_count":10,"parcel_shard":"x074-y208","parcel_id":"302701_1.0002.678/1","location_source":"powiat turecki (wfs)"}},{"type":"Feature","id":"ST-WK-TU/WNIOSEK/8920/2026::302701_1.0002.678/3","geometry":{"type":"Polygon","coordinates":[[[18.5213900541565,52.020099394385],[18.5214583847976,52.0198829880799],[18.5216512130247,52.0199068194669],[18.5221325912363,52.0199660221043],[18.522266617654,52.0199848063123],[18.5224007342888,52.0200014705617],[18.5223235296645,52.0202146000008],[18.5213900541565,52.020099394385]]]},"properties":{"case_id":"ST-WK-TU/WNIOSEK/8920/2026","source_type":"wniosek_decyzja","received_date":"2026-05-12","decision_date":"2026-07-08","status":"decyzja wydana","description":"Budowa budynku handlowego","address":"Turek","city":"Turek","office":"Starosta Powiatu Turek","case_kind":"Obiekt budowlany inny niż budynek mieszkalny jednorodzinny","parcel_ids":["302701_1.0002.678/1","302701_1.0002.678/3","302701_1.0002.679/10","302701_1.0002.679/11","302701_1.0002.679/12","302701_1.0002.679/14","302701_1.0002.679/5","302701_1.0002.679/7","302701_1.0002.679/8","302701_1.0002.679/9"],"location_quality":"dokładny","gunb_url":"https://wyszukiwarka.gunb.gov.pl/","parcel_count":10,"parcel_shard":"x074-y208","parcel_id":"302701_1.0002.678/3","location_source":"powiat turecki (wfs)"}},{"type":"Feature","id":"ST-WK-TU/WNIOSEK/8920/2026::302701_1.0002.679/10","geometry":{"type":"Polygon","coordinates":[[[18.521357428771,52.0198696442831],[18.5214433850373,52.0196115811261],[18.5215389497036,52.0196363248454],[18.5214583847976,52.0198829880799],[18.521357428771,52.0198696442831]]]},"properties":{"case_id":"ST-WK-TU/WNIOSEK/8920/2026","source_type":"wniosek_decyzja","received_date":"2026-05-12","decision_date":"2026-07-08","status":"decyzja wydana","description":"Budowa budynku handlowego","address":"Turek","city":"Turek","office":"Starosta Powiatu Turek","case_kind":"Obiekt budowlany inny niż budynek mieszkalny jednorodzinny","parcel_ids":["302701_1.0002.678/1","302701_1.0002.678/3","302701_1.0002.679/10","302701_1.0002.679/11","302701_1.0002.679/12","302701_1.0002.679/14","302701_1.0002.679/5","302701_1.0002.679/7","302701_1.0002.679/8","302701_1.0002.679/9"],"location_quality":"dokładny","gunb_url":"https://wyszukiwarka.gunb.gov.pl/","parcel_count":10,"parcel_shard":"x074-y208","parcel_id":"302701_1.0002.679/10","location_source":"powiat turecki (wfs)"}},{"type":"Feature","id":"ST-WK-TU/WNIOSEK/8920/2026::302701_1.0002.679/11","geometry":{"type":"Polygon","coordinates":[[[18.5215389497036,52.0196363248454],[18.5214433850373,52.0196115811261],[18.5215095418137,52.0194125610968],[18.5216016924672,52.0194444204877],[18.5215389497036,52.0196363248454]]]},"properties":{"case_id":"ST-WK-TU/WNIOSEK/8920/2026","source_type":"wniosek_decyzja","received_date":"2026-05-12","decision_date":"2026-07-08","status":"decyzja wydana","description":"Budowa budynku handlowego","address":"Turek","city":"Turek","office":"Starosta Powiatu Turek","case_kind":"Obiekt budowlany inny niż budynek mieszkalny jednorodzinny","parcel_ids":["302701_1.0002.678/1","302701_1.0002.678/3","302701_1.0002.679/10","302701_1.0002.679/11","302701_1.0002.679/12","302701_1.0002.679/14","302701_1.0002.679/5","302701_1.0002.679/7","302701_1.0002.679/8","302701_1.0002.679/9"],"location_quality":"dokładny","gunb_url":"https://wyszukiwarka.gunb.gov.pl/","parcel_count":10,"parcel_shard":"x074-y208","parcel_id":"302701_1.0002.679/11","location_source":"powiat turecki (wfs)"}},{"type":"Feature","id":"ST-WK-TU/WNIOSEK/8920/2026::302701_1.0002.679/12","geometry":{"type":"Polygon","coordinates":[[[18.5216016924672,52.0194444204877],[18.5215095418137,52.0194125610968],[18.5215718223488,52.0192258523599],[18.5216693459763,52.0192372716789],[18.5216016924672,52.0194444204877]]]},"properties":{"case_id":"ST-WK-TU/WNIOSEK/8920/2026","source_type":"wniosek_decyzja","received_date":"2026-05-12","decision_date":"2026-07-08","status":"decyzja wydana","description":"Budowa budynku handlowego","address":"Turek","city":"Turek","office":"Starosta Powiatu Turek","case_kind":"Obiekt budowlany inny niż budynek mieszkalny jednorodzinny","parcel_ids":["302701_1.0002.678/1","302701_1.0002.678/3","302701_1.0002.679/10","302701_1.0002.679/11","302701_1.0002.679/12","302701_1.0002.679/14","302701_1.0002.679/5","302701_1.0002.679/7","302701_1.0002.679/8","302701_1.0002.679/9"],"location_quality":"dokładny","gunb_url":"https://wyszukiwarka.gunb.gov.pl/","parcel_count":10,"parcel_shard":"x074-y208","parcel_id":"302701_1.0002.679/12","location_source":"powiat turecki (wfs)"}},{"type":"Feature","id":"ST-WK-TU/WNIOSEK/8920/2026::302701_1.0002.679/14","geometry":{"type":"Polygon","coordinates":[[[18.5218976836126,52.0192660438251],[18.5218003391657,52.0195640714714],[18.5223932371977,52.0196363150564],[18.522266617654,52.0199848063123],[18.5221325912363,52.0199660221043],[18.5216512130247,52.0199068194669],[18.5218619389228,52.0192615283414],[18.5218976836126,52.0192660438251]]]},"properties":{"case_id":"ST-WK-TU/WNIOSEK/8920/2026","source_type":"wniosek_decyzja","received_date":"2026-05-12","decision_date":"2026-07-08","status":"decyzja wydana","description":"Budowa budynku handlowego","address":"Turek","city":"Turek","office":"Starosta Powiatu Turek","case_kind":"Obiekt budowlany inny niż budynek mieszkalny jednorodzinny","parcel_ids":["302701_1.0002.678/1","302701_1.0002.678/3","302701_1.0002.679/10","302701_1.0002.679/11","302701_1.0002.679/12","302701_1.0002.679/14","302701_1.0002.679/5","302701_1.0002.679/7","302701_1.0002.679/8","302701_1.0002.679/9"],"location_quality":"dokładny","gunb_url":"https://wyszukiwarka.gunb.gov.pl/","parcel_count":10,"parcel_shard":"x074-y208","parcel_id":"302701_1.0002.679/14","location_source":"powiat turecki (wfs)"}},{"type":"Feature","id":"ST-WK-TU/WNIOSEK/8920/2026::302701_1.0002.679/5","geometry":{"type":"Polygon","coordinates":[[[18.5216512130247,52.0199068194669],[18.5214583847976,52.0198829880799],[18.5215389497036,52.0196363248454],[18.5216016924672,52.0194444204877],[18.5216693459763,52.0192372716789],[18.5218619389228,52.0192615283414],[18.5216512130247,52.0199068194669]]]},"properties":{"case_id":"ST-WK-TU/WNIOSEK/8920/2026","source_type":"wniosek_decyzja","received_date":"2026-05-12","decision_date":"2026-07-08","status":"decyzja wydana","description":"Budowa budynku handlowego","address":"Turek","city":"Turek","office":"Starosta Powiatu Turek","case_kind":"Obiekt budowlany inny niż budynek mieszkalny jednorodzinny","parcel_ids":["302701_1.0002.678/1","302701_1.0002.678/3","302701_1.0002.679/10","302701_1.0002.679/11","302701_1.0002.679/12","302701_1.0002.679/14","302701_1.0002.679/5","302701_1.0002.679/7","302701_1.0002.679/8","302701_1.0002.679/9"],"location_quality":"dokładny","gunb_url":"https://wyszukiwarka.gunb.gov.pl/","parcel_count":10,"parcel_shard":"x074-y208","parcel_id":"302701_1.0002.679/5","location_source":"powiat turecki (wfs)"}},{"type":"Feature","id":"ST-WK-TU/WNIOSEK/8920/2026::302701_1.0002.679/7","geometry":{"type":"Polygon","coordinates":[[[18.5205939235427,52.0197731687447],[18.5208432026209,52.0195015250071],[18.521305055941,52.0196677398228],[18.521366962515,52.0195917859657],[18.5214433850373,52.0196115811261],[18.521357428771,52.0198696442831],[18.5205939235427,52.0197731687447]]]},"properties":{"case_id":"ST-WK-TU/WNIOSEK/8920/2026","source_type":"wniosek_decyzja","received_date":"2026-05-12","decision_date":"2026-07-08","status":"decyzja wydana","description":"Budowa budynku handlowego","address":"Turek","city":"Turek","office":"Starosta Powiatu Turek","case_kind":"Obiekt budowlany inny niż budynek mieszkalny jednorodzinny","parcel_ids":["302701_1.0002.678/1","302701_1.0002.678/3","302701_1.0002.679/10","302701_1.0002.679/11","302701_1.0002.679/12","302701_1.0002.679/14","302701_1.0002.679/5","302701_1.0002.679/7","302701_1.0002.679/8","302701_1.0002.679/9"],"location_quality":"dokładny","gunb_url":"https://wyszukiwarka.gunb.gov.pl/","parcel_count":10,"parcel_shard":"x074-y208","parcel_id":"302701_1.0002.679/7","location_source":"powiat turecki (wfs)"}},{"type":"Feature","id":"ST-WK-TU/WNIOSEK/8920/2026::302701_1.0002.679/8","geometry":{"type":"Polygon","coordinates":[[[18.5214433850373,52.0196115811261],[18.521366962515,52.0195917859657],[18.521305055941,52.0196677398228],[18.5208432026209,52.0195015250071],[18.5210657576906,52.0192591201688],[18.5215095418137,52.0194125610968],[18.5214433850373,52.0196115811261]]]},"properties":{"case_id":"ST-WK-TU/WNIOSEK/8920/2026","source_type":"wniosek_decyzja","received_date":"2026-05-12","decision_date":"2026-07-08","status":"decyzja wydana","description":"Budowa budynku handlowego","address":"Turek","city":"Turek","office":"Starosta Powiatu Turek","case_kind":"Obiekt budowlany inny niż budynek mieszkalny jednorodzinny","parcel_ids":["302701_1.0002.678/1","302701_1.0002.678/3","302701_1.0002.679/10","302701_1.0002.679/11","302701_1.0002.679/12","302701_1.0002.679/14","302701_1.0002.679/5","302701_1.0002.679/7","302701_1.0002.679/8","302701_1.0002.679/9"],"location_quality":"dokładny","gunb_url":"https://wyszukiwarka.gunb.gov.pl/","parcel_count":10,"parcel_shard":"x074-y208","parcel_id":"302701_1.0002.679/8","location_source":"powiat turecki (wfs)"}},{"type":"Feature","id":"ST-WK-TU/WNIOSEK/8920/2026::302701_1.0002.679/9","geometry":{"type":"Polygon","coordinates":[[[18.5215095418137,52.0194125610968],[18.5210657576906,52.0192591201688],[18.5211435869935,52.0191743775294],[18.5215718223488,52.0192258523599],[18.5215095418137,52.0194125610968]]]},"properties":{"case_id":"ST-WK-TU/WNIOSEK/8920/2026","source_type":"wniosek_decyzja","received_date":"2026-05-12","decision_date":"2026-07-08","status":"decyzja wydana","description":"Budowa budynku handlowego","address":"Turek","city":"Turek","office":"Starosta Powiatu Turek","case_kind":"Obiekt budowlany inny niż budynek mieszkalny jednorodzinny","parcel_ids":["302701_1.0002.678/1","302701_1.0002.678/3","302701_1.0002.679/10","302701_1.0002.679/11","302701_1.0002.679/12","302701_1.0002.679/14","302701_1.0002.679/5","302701_1.0002.679/7","302701_1.0002.679/8","302701_1.0002.679/9"],"location_quality":"dokładny","gunb_url":"https://wyszukiwarka.gunb.gov.pl/","parcel_count":10,"parcel_shard":"x074-y208","parcel_id":"302701_1.0002.679/9","location_source":"powiat turecki (wfs)"}},{"type":"Feature","id":"ST-WK-TU/WNIOSEK/3113/2026::302701_1.0002.693/28","geometry":{"type":"Polygon","coordinates":[[[18.5245343006295,52.0178051183851],[18.5246479571538,52.0176792902658],[18.5255099769154,52.0177704527796],[18.5248560686252,52.0198151082752],[18.5231730114942,52.0194404594577],[18.5230996548099,52.0194284826649],[18.5231223010944,52.0194016039305],[18.5231534026958,52.019371265916],[18.5236958511361,52.018714772537],[18.5245343006295,52.0178051183851]]]},"properties":{"case_id":"ST-WK-TU/WNIOSEK/3113/2026","source_type":"wniosek_decyzja","received_date":"2026-02-20","decision_date":"2026-04-21","status":"decyzja wydana","description":"Budowa ściany oddzielenia przeciwpożarowego","address":"Turek","city":"Turek","office":"Starosta Powiatu Turek","case_kind":"Obiekt budowlany inny niż budynek mieszkalny jednorodzinny","parcel_ids":["302701_1.0002.693/28"],"location_quality":"dokładny","gunb_url":"https://wyszukiwarka.gunb.gov.pl/","parcel_count":1,"parcel_shard":"x074-y208","parcel_id":"302701_1.0002.693/28","location_source":"powiat turecki (wfs)"}},{"type":"Feature","id":"ST-WK-TU/WNIOSEK/25301/2025::302701_1.0002.751/1","geometry":{"type":"Polygon","coordinates":[[[18.5422656653805,52.0108838688673],[18.5422686975023,52.0109007240572],[18.5425884653648,52.0108995255856],[18.5425939696588,52.0113471935299],[18.5428044140651,52.0113467815056],[18.5432193807692,52.0113460372419],[18.5432299731516,52.0131407227181],[18.5429569613075,52.0131419902967],[18.542964088487,52.0134955845245],[18.5424837143781,52.0134966284637],[18.5417528751029,52.0134980389583],[18.5417517485532,52.013271033807],[18.5417407554342,52.012441876603],[18.5403886624712,52.0124543726628],[18.5403710819644,52.0117852700051],[18.5403639149184,52.0108933830061],[18.5413613575149,52.0108890163149],[18.5422656653805,52.0108838688673]]]},"properties":{"case_id":"ST-WK-TU/WNIOSEK/25301/2025","source_type":"wniosek_decyzja","received_date":"2025-12-12","decision_date":"2026-03-26","status":"decyzja wydana","description":"Wniosek o wydanie decyzji o zmianie pozwoelnia na budowę nr 492/24 z dnia 12.11.2024 (AB.6740.356.2024) dot. Budowa części blokowej w ramach zadania: budowa bloku CCGT klasy 600MW wraz z infrastrukturą towarzyszącą na terenie Elektrowni Adamów","address":"Turek","city":"Turek","office":"Starosta Powiatu Turek","case_kind":"Obiekt budowlany inny niż budynek mieszkalny jednorodzinny","parcel_ids":["302701_1.0002.750","302701_1.0002.751/1","302701_1.0002.751/10","302701_1.0002.751/3","302701_1.0002.751/4","302701_1.0002.751/5","302701_1.0002.757/2"],"location_quality":"dokładny","gunb_url":"https://wyszukiwarka.gunb.gov.pl/","parcel_count":3,"parcel_shard":"x074-y208","parcel_id":"302701_1.0002.751/1","location_source":"powiat turecki (wfs)"}},{"type":"Feature","id":"ST-WK-TU/WNIOSEK/25301/2025::302701_1.0002.751/3","geometry":{"type":"Polygon","coordinates":[[[18.5444567076537,52.0133258300397],[18.544462920338,52.0139826179805],[18.5439058049981,52.0139885697661],[18.5438990986297,52.0133301719073],[18.5444567076537,52.0133258300397]]]},"properties":{"case_id":"ST-WK-TU/WNIOSEK/25301/2025","source_type":"wniosek_decyzja","received_date":"2025-12-12","decision_date":"2026-03-26","status":"decyzja wydana","description":"Wniosek o wydanie decyzji o zmianie pozwoelnia na budowę nr 492/24 z dnia 12.11.2024 (AB.6740.356.2024) dot. Budowa części blokowej w ramach zadania: budowa bloku CCGT klasy 600MW wraz z infrastrukturą towarzyszącą na terenie Elektrowni Adamów","address":"Turek","city":"Turek","office":"Starosta Powiatu Turek","case_kind":"Obiekt budowlany inny niż budynek mieszkalny jednorodzinny","parcel_ids":["302701_1.0002.750","302701_1.0002.751/1","302701_1.0002.751/10","302701_1.0002.751/3","302701_1.0002.751/4","302701_1.0002.751/5","302701_1.0002.757/2"],"location_quality":"dokładny","gunb_url":"https://wyszukiwarka.gunb.gov.pl/","parcel_count":3,"parcel_shard":"x074-y208","parcel_id":"302701_1.0002.751/3","location_source":"powiat turecki (wfs)"}},{"type":"Feature","id":"ST-WK-TU/WNIOSEK/25301/2025::302701_1.0002.757/2","geometry":{"type":"Polygon","coordinates":[[[18.5392407574403,52.0102138027828],[18.5393157470715,52.0102127068194],[18.5404936480585,52.0102072905525],[18.5406746374263,52.0102150359636],[18.5409237173992,52.0102414838205],[18.5411070256268,52.0102524286978],[18.5414388358652,52.0102887149406],[18.5415062471998,52.0103015838876],[18.5417452566818,52.0103696384337],[18.5427340753654,52.0106275766131],[18.5430825264295,52.010713495526],[18.5430899002088,52.0107156264601],[18.5430552558144,52.0107619399891],[18.5431016327321,52.0107758335764],[18.5430572830484,52.0108421906997],[18.54259242802,52.0107159820771],[18.542558629377,52.010763693488],[18.5416414730818,52.0105157682447],[18.5414287990846,52.0104643796131],[18.5413563771974,52.0104501513707],[18.5408584381777,52.0103886218774],[18.5403865298725,52.0103889866541],[18.5403600520781,52.0104004646064],[18.5393248488919,52.010407399053],[18.5392396553877,52.0104083866386],[18.5385081878206,52.0104176138116],[18.5384537677897,52.0104404121981],[18.5383697461754,52.0104485735014],[18.538291296312,52.0104999046575],[18.5382792760526,52.0101472083484],[18.5383154723323,52.0101728667274],[18.5383609738188,52.0101949847853],[18.5384062104759,52.0102142298733],[18.5384410169547,52.0102173660225],[18.5385218115944,52.0102227422375],[18.5392407574403,52.0102138027828]]]},"properties":{"case_id":"ST-WK-TU/WNIOSEK/25301/2025","source_type":"wniosek_decyzja","received_date":"2025-12-12","decision_date":"2026-03-26","status":"decyzja wydana","description":"Wniosek o wydanie decyzji o zmianie pozwoelnia na budowę nr 492/24 z dnia 12.11.2024 (AB.6740.356.2024) dot. Budowa części blokowej w ramach zadania: budowa bloku CCGT klasy 600MW wraz z infrastrukturą towarzyszącą na terenie Elektrowni Adamów","address":"Turek","city":"Turek","office":"Starosta Powiatu Turek","case_kind":"Obiekt budowlany inny niż budynek mieszkalny jednorodzinny","parcel_ids":["302701_1.0002.750","302701_1.0002.751/1","302701_1.0002.751/10","302701_1.0002.751/3","302701_1.0002.751/4","302701_1.0002.751/5","302701_1.0002.757/2"],"location_quality":"dokładny","gunb_url":"https://wyszukiwarka.gunb.gov.pl/","parcel_count":3,"parcel_shard":"x074-y208","parcel_id":"302701_1.0002.757/2","location_source":"powiat turecki (wfs)"}},{"type":"Feature","id":"ST-WK-TU/WNIOSEK/7001/2026::302701_1.0002.753","geometry":{"type":"Polygon","coordinates":[[[18.542964088487,52.0134955845245],[18.5432378611014,52.0134950243505],[18.5432347462506,52.0137669625415],[18.5431974528817,52.0137671936151],[18.5432021660083,52.0140907062612],[18.5432036350224,52.0142276164547],[18.5432038401876,52.0143166244555],[18.5422576427857,52.0143222567641],[18.5417602728665,52.0143213185728],[18.5417594342348,52.0141656858323],[18.5417577313186,52.0138323377091],[18.5417528751029,52.0134980389583],[18.5424837143781,52.0134966284637],[18.542964088487,52.0134955845245]]]},"properties":{"case_id":"ST-WK-TU/WNIOSEK/7001/2026","source_type":"wniosek_decyzja","received_date":"2026-04-14","decision_date":"2026-06-25","status":"decyzja wydana","description":"Budowa budynku pompowni przeciwpożarowej","address":"Turek","city":"Turek","office":"Starosta Powiatu Turek","case_kind":"Obiekt budowlany inny niż budynek mieszkalny jednorodzinny","parcel_ids":["302701_1.0002.753"],"location_quality":"dokładny","gunb_url":"https://wyszukiwarka.gunb.gov.pl/","parcel_count":1,"parcel_shard":"x074-y208","parcel_id":"302701_1.0002.753","location_source":"powiat turecki (wfs)"}},{"type":"Feature","id":"ST-WK-TU/ZGŁOSZENIE/1460/2026::302701_1.0002.762/11","geometry":{"type":"Polygon","coordinates":[[[18.5350331870896,52.0081188175542],[18.536166927552,52.0080443668689],[18.5362632398393,52.0079708273666],[18.5362978244479,52.0079686628302],[18.5363467636166,52.0082565040484],[18.5361901133086,52.0081784175587],[18.5360423476156,52.0081881234394],[18.5350280374331,52.0082547540645],[18.5350331870896,52.0081188175542]]]},"properties":{"case_id":"ST-WK-TU/ZGŁOSZENIE/1460/2026","source_type":"zgloszenie","received_date":"2026-05-11","decision_date":null,"status":"Brak sprzeciwu","description":"Budowa elektroenergetycznej sieci niskiego napięcia","address":"Turek","city":"Turek","office":"Starosta Powiatu Turek","case_kind":"budowa nowego/nowych obiektów budowlanych","parcel_ids":["302701_1.0002.762/11","302701_1.0002.762/12","302701_1.0002.762/2","302701_1.0002.762/3","302701_1.0002.762/8","302701_1.0002.762/9"],"location_quality":"dokładny","gunb_url":"https://wyszukiwarka.gunb.gov.pl/","parcel_count":6,"parcel_shard":"x074-y208","parcel_id":"302701_1.0002.762/11","location_source":"powiat turecki (wfs)"}},{"type":"Feature","id":"ST-WK-TU/ZGŁOSZENIE/1460/2026::302701_1.0002.762/12","geometry":{"type":"Polygon","coordinates":[[[18.5363467636166,52.0082565040484],[18.5362978244479,52.0079686628302],[18.5362632398393,52.0079708273666],[18.5363222695241,52.0079257489279],[18.5363823210571,52.0082742843533],[18.5363467636166,52.0082565040484]]]},"properties":{"case_id":"ST-WK-TU/ZGŁOSZENIE/1460/2026","source_type":"zgloszenie","received_date":"2026-05-11","decision_date":null,"status":"Brak sprzeciwu","description":"Budowa elektroenergetycznej sieci niskiego napięcia","address":"Turek","city":"Turek","office":"Starosta Powiatu Turek","case_kind":"budowa nowego/nowych obiektów budowlanych","parcel_ids":["302701_1.0002.762/11","302701_1.0002.762/12","302701_1.0002.762/2","302701_1.0002.762/3","302701_1.0002.762/8","302701_1.0002.762/9"],"location_quality":"dokładny","gunb_url":"https://wyszukiwarka.gunb.gov.pl/","parcel_count":6,"parcel_shard":"x074-y208","parcel_id":"302701_1.0002.762/12","location_source":"powiat turecki (wfs)"}},{"type":"Feature","id":"ST-WK-TU/ZGŁOSZENIE/1460/2026::302701_1.0002.762/2","geometry":{"type":"Polygon","coordinates":[[[18.5363823210571,52.0082742843533],[18.5363222695241,52.0079257489279],[18.5363038369522,52.0078185064962],[18.5362562342115,52.0076156098289],[18.5364615677916,52.007550238616],[18.5365210501407,52.0078041969073],[18.5367944542481,52.0093909408768],[18.5365716989732,52.0093736896244],[18.5363823210571,52.0082742843533]]]},"properties":{"case_id":"ST-WK-TU/ZGŁOSZENIE/1460/2026","source_type":"zgloszenie","received_date":"2026-05-11","decision_date":null,"status":"Brak sprzeciwu","description":"Budowa elektroenergetycznej sieci niskiego napięcia","address":"Turek","city":"Turek","office":"Starosta Powiatu Turek","case_kind":"budowa nowego/nowych obiektów budowlanych","parcel_ids":["302701_1.0002.762/11","302701_1.0002.762/12","302701_1.0002.762/2","302701_1.0002.762/3","302701_1.0002.762/8","302701_1.0002.762/9"],"location_quality":"dokładny","gunb_url":"https://wyszukiwarka.gunb.gov.pl/","parcel_count":6,"parcel_shard":"x074-y208","parcel_id":"302701_1.0002.762/2","location_source":"powiat turecki (wfs)"}},{"type":"Feature","id":"ST-WK-TU/ZGŁOSZENIE/1460/2026::302701_1.0002.762/3","geometry":{"type":"Polygon","coordinates":[[[18.5367944542481,52.0093909408768],[18.5365210501407,52.0078041969073],[18.5364615677916,52.007550238616],[18.5365566833114,52.0075199538048],[18.5366818766728,52.0077048772009],[18.5369562789691,52.0081065157239],[18.5369975294559,52.0094066381179],[18.5367944542481,52.0093909408768]]]},"properties":{"case_id":"ST-WK-TU/ZGŁOSZENIE/1460/2026","source_type":"zgloszenie","received_date":"2026-05-11","decision_date":null,"status":"Brak sprzeciwu","description":"Budowa elektroenergetycznej sieci niskiego napięcia","address":"Turek","city":"Turek","office":"Starosta Powiatu Turek","case_kind":"budowa nowego/nowych obiektów budowlanych","parcel_ids":["302701_1.0002.762/11","302701_1.0002.762/12","302701_1.0002.762/2","302701_1.0002.762/3","302701_1.0002.762/8","302701_1.0002.762/9"],"location_quality":"dokładny","gunb_url":"https://wyszukiwarka.gunb.gov.pl/","parcel_count":6,"parcel_shard":"x074-y208","parcel_id":"302701_1.0002.762/3","location_source":"powiat turecki (wfs)"}},{"type":"Feature","id":"ST-WK-TU/ZGŁOSZENIE/1460/2026::302701_1.0002.762/8","geometry":{"type":"Polygon","coordinates":[[[18.5350280374331,52.0082547540645],[18.5360423476156,52.0081881234394],[18.5361218204036,52.0082284973438],[18.5363115287782,52.0093536121849],[18.5349986914257,52.0092521471574],[18.5350280374331,52.0082547540645]]]},"properties":{"case_id":"ST-WK-TU/ZGŁOSZENIE/1460/2026","source_type":"zgloszenie","received_date":"2026-05-11","decision_date":null,"status":"Brak sprzeciwu","description":"Budowa elektroenergetycznej sieci niskiego napięcia","address":"Turek","city":"Turek","office":"Starosta Powiatu Turek","case_kind":"budowa nowego/nowych obiektów budowlanych","parcel_ids":["302701_1.0002.762/11","302701_1.0002.762/12","302701_1.0002.762/2","302701_1.0002.762/3","302701_1.0002.762/8","302701_1.0002.762/9"],"location_quality":"dokładny","gunb_url":"https://wyszukiwarka.gunb.gov.pl/","parcel_count":6,"parcel_shard":"x074-y208","parcel_id":"302701_1.0002.762/8","location_source":"powiat turecki (wfs)"}},{"type":"Feature","id":"ST-WK-TU/ZGŁOSZENIE/1460/2026::302701_1.0002.762/9","geometry":{"type":"Polygon","coordinates":[[[18.5363115287782,52.0093536121849],[18.5361218204036,52.0082284973438],[18.5360423476156,52.0081881234394],[18.5361901133086,52.0081784175587],[18.5363467636166,52.0082565040484],[18.5365357435028,52.00937093076],[18.5363115287782,52.0093536121849]]]},"properties":{"case_id":"ST-WK-TU/ZGŁOSZENIE/1460/2026","source_type":"zgloszenie","received_date":"2026-05-11","decision_date":null,"status":"Brak sprzeciwu","description":"Budowa elektroenergetycznej sieci niskiego napięcia","address":"Turek","city":"Turek","office":"Starosta Powiatu Turek","case_kind":"budowa nowego/nowych obiektów budowlanych","parcel_ids":["302701_1.0002.762/11","302701_1.0002.762/12","302701_1.0002.762/2","302701_1.0002.762/3","302701_1.0002.762/8","302701_1.0002.762/9"],"location_quality":"dokładny","gunb_url":"https://wyszukiwarka.gunb.gov.pl/","parcel_count":6,"parcel_shard":"x074-y208","parcel_id":"302701_1.0002.762/9","location_source":"powiat turecki (wfs)"}},{"type":"Feature","id":"ST-WK-TU/WNIOSEK/19446/2025::302701_1.0002.762/8","geometry":{"type":"Polygon","coordinates":[[[18.5350280374331,52.0082547540645],[18.5360423476156,52.0081881234394],[18.5361218204036,52.0082284973438],[18.5363115287782,52.0093536121849],[18.5349986914257,52.0092521471574],[18.5350280374331,52.0082547540645]]]},"properties":{"case_id":"ST-WK-TU/WNIOSEK/19446/2025","source_type":"wniosek_decyzja","received_date":"2025-09-24","decision_date":"2026-02-13","status":"decyzja wydana","description":"Wniosek o wydanie decyzji o zmianie pozwolenia na budowę nr 544/23 z dnia 29.11.2023 (AB.6740.193.2023) dot. Budowa stacji elektroenergetycznej GPO30/110 kV Kamionka wraz z Magazynami Energii Elektrycznej i infrastrukturą towarzyszącą","address":"Turek","city":"Turek","office":"Starosta Powiatu Turek","case_kind":"Obiekt budowlany inny niż budynek mieszkalny jednorodzinny","parcel_ids":["302701_1.0002.762/8"],"location_quality":"dokładny","gunb_url":"https://wyszukiwarka.gunb.gov.pl/","parcel_count":1,"parcel_shard":"x074-y208","parcel_id":"302701_1.0002.762/8","location_source":"powiat turecki (wfs)"}},{"type":"Feature","id":"ST-WK-TU/ZGŁOSZENIE/3138/2025::302701_1.0002.776/1","geometry":{"type":"Polygon","coordinates":[[[18.5378324913298,52.0166879219742],[18.5373550200961,52.0169348989059],[18.5367122331467,52.0173592736441],[18.5358258438188,52.016527757806],[18.5357461201184,52.0164529416195],[18.5367900698271,52.0165410750431],[18.536860233671,52.0165469268047],[18.5372083482105,52.0165678616429],[18.5377500589925,52.0165626298844],[18.5378270363902,52.0166793767092],[18.5378324913298,52.0166879219742]]]},"properties":{"case_id":"ST-WK-TU/ZGŁOSZENIE/3138/2025","source_type":"zgloszenie","received_date":"2025-10-03","decision_date":null,"status":"Brak sprzeciwu","description":"Budowa linii kablowej nN dla zasilenia hali magazynowej w m. Turek","address":"Górnicza, Turek","city":"Turek","office":"Starosta Powiatu Turek","case_kind":"budowa nowego/nowych obiektów budowlanych","parcel_ids":["302701_1.0002.776/1","302701_1.0002.777"],"location_quality":"dokładny","gunb_url":"https://wyszukiwarka.gunb.gov.pl/","parcel_count":2,"parcel_shard":"x074-y208","parcel_id":"302701_1.0002.776/1","location_source":"powiat turecki (wfs)"}},{"type":"Feature","id":"ST-WK-TU/ZGŁOSZENIE/3138/2025::302701_1.0002.777","geometry":{"type":"Polygon","coordinates":[[[18.5384301411243,52.0167175778627],[18.5377104193279,52.0170379659673],[18.5376011616194,52.0170864611602],[18.5373930634969,52.0172261871896],[18.5369122508774,52.0175478172748],[18.5361788175103,52.0181855391156],[18.5353651795302,52.0189285525434],[18.534825445456,52.0193998472873],[18.5347652556743,52.0194524064961],[18.5345354629164,52.019653029239],[18.5340771428124,52.020070886957],[18.5340532126057,52.0200927010189],[18.5340287225419,52.0201150256129],[18.533822000199,52.0203034670091],[18.5338849638665,52.0198539037392],[18.5339244852834,52.019819473556],[18.5342447806817,52.0195416287221],[18.534611442273,52.0192047884766],[18.5346746419249,52.0191475064402],[18.5350595688214,52.0187979687712],[18.5354711598954,52.0184344324512],[18.5358904722201,52.0180639399431],[18.5367122331467,52.0173592736441],[18.5373550200961,52.0169348989059],[18.5378324913298,52.0166879219742],[18.5379320667854,52.0166364479838],[18.5380146856479,52.0165134930299],[18.5386668373961,52.0163674212629],[18.5384301411243,52.0167175778627]]]},"properties":{"case_id":"ST-WK-TU/ZGŁOSZENIE/3138/2025","source_type":"zgloszenie","received_date":"2025-10-03","decision_date":null,"status":"Brak sprzeciwu","description":"Budowa linii kablowej nN dla zasilenia hali magazynowej w m. Turek","address":"Górnicza, Turek","city":"Turek","office":"Starosta Powiatu Turek","case_kind":"budowa nowego/nowych obiektów budowlanych","parcel_ids":["302701_1.0002.776/1","302701_1.0002.777"],"location_quality":"dokładny","gunb_url":"https://wyszukiwarka.gunb.gov.pl/","parcel_count":2,"parcel_shard":"x074-y208","parcel_id":"302701_1.0002.777","location_source":"powiat turecki (wfs)"}},{"type":"Feature","id":"ST-WK-TU/ZGŁOSZENIE/3482/2025::302701_1.0002.847/11","geometry":{"type":"Polygon","coordinates":[[[18.5250889499277,52.0148828575153],[18.5246321564072,52.0148265504],[18.5248487009179,52.0146093685903],[18.5249103530361,52.014548381542],[18.5252186107091,52.0142434457888],[18.5252802619112,52.0141824585725],[18.5255885150052,52.0138775220599],[18.525650165131,52.0138165346763],[18.5259584138334,52.0135115972417],[18.5260200630724,52.0134506096899],[18.5260781674535,52.0133931289043],[18.5261741855616,52.0132981406408],[18.5262743648026,52.0131990356624],[18.5264804209612,52.0129999885144],[18.5268347875243,52.0130151397002],[18.5267880776029,52.0132118883811],[18.5264842300547,52.0135106767828],[18.5260137716436,52.0139732399208],[18.5258298785537,52.014154182854],[18.5250889499277,52.0148828575153]]]},"properties":{"case_id":"ST-WK-TU/ZGŁOSZENIE/3482/2025","source_type":"zgloszenie","received_date":"2025-10-30","decision_date":null,"status":"Brak sprzeciwu","description":"Budowa linii kablowej nN w celu zasilenia budynku garażowego","address":"Turek","city":"Turek","office":"Starosta Powiatu Turek","case_kind":"budowa nowego/nowych obiektów budowlanych","parcel_ids":["302701_1.0002.847/11","302701_1.0002.847/16","302701_1.0002.847/17","302701_1.0002.848/7","302701_1.0002.848/8","302701_1.0002.849/5"],"location_quality":"dokładny","gunb_url":"https://wyszukiwarka.gunb.gov.pl/","parcel_count":6,"parcel_shard":"x074-y208","parcel_id":"302701_1.0002.847/11","location_source":"powiat turecki (wfs)"}},{"type":"Feature","id":"ST-WK-TU/ZGŁOSZENIE/3482/2025::302701_1.0002.847/16","geometry":{"type":"Polygon","coordinates":[[[18.5260233849205,52.0141719244215],[18.5261244667093,52.0140717048699],[18.526672920916,52.0135278995135],[18.5267121456406,52.0135314092823],[18.5265694423837,52.0141310158323],[18.5265483447803,52.0142199127956],[18.5260233849205,52.0141719244215]]]},"properties":{"case_id":"ST-WK-TU/ZGŁOSZENIE/3482/2025","source_type":"zgloszenie","received_date":"2025-10-30","decision_date":null,"status":"Brak sprzeciwu","description":"Budowa linii kablowej nN w celu zasilenia budynku garażowego","address":"Turek","city":"Turek","office":"Starosta Powiatu Turek","case_kind":"budowa nowego/nowych obiektów budowlanych","parcel_ids":["302701_1.0002.847/11","302701_1.0002.847/16","302701_1.0002.847/17","302701_1.0002.848/7","302701_1.0002.848/8","302701_1.0002.849/5"],"location_quality":"dokładny","gunb_url":"https://wyszukiwarka.gunb.gov.pl/","parcel_count":6,"parcel_shard":"x074-y208","parcel_id":"302701_1.0002.847/16","location_source":"powiat turecki (wfs)"}},{"type":"Feature","id":"ST-WK-TU/ZGŁOSZENIE/3482/2025::302701_1.0002.847/17","geometry":{"type":"Polygon","coordinates":[[[18.5258298785537,52.014154182854],[18.5260137716436,52.0139732399208],[18.5264842300547,52.0135106767828],[18.526672920916,52.0135278995135],[18.5261244667093,52.0140717048699],[18.5260233849205,52.0141719244215],[18.5258298785537,52.014154182854]]]},"properties":{"case_id":"ST-WK-TU/ZGŁOSZENIE/3482/2025","source_type":"zgloszenie","received_date":"2025-10-30","decision_date":null,"status":"Brak sprzeciwu","description":"Budowa linii kablowej nN w celu zasilenia budynku garażowego","address":"Turek","city":"Turek","office":"Starosta Powiatu Turek","case_kind":"budowa nowego/nowych obiektów budowlanych","parcel_ids":["302701_1.0002.847/11","302701_1.0002.847/16","302701_1.0002.847/17","302701_1.0002.848/7","302701_1.0002.848/8","302701_1.0002.849/5"],"location_quality":"dokładny","gunb_url":"https://wyszukiwarka.gunb.gov.pl/","parcel_count":6,"parcel_shard":"x074-y208","parcel_id":"302701_1.0002.847/17","location_source":"powiat turecki (wfs)"}},{"type":"Feature","id":"ST-WK-TU/ZGŁOSZENIE/3482/2025::302701_1.0002.848/7","geometry":{"type":"Polygon","coordinates":[[[18.5265483447803,52.0142199127956],[18.5265694423837,52.0141310158323],[18.5267121456406,52.0135314092823],[18.5272238281612,52.0135781057816],[18.5270831750422,52.014178063311],[18.5270623697529,52.0142669590596],[18.5265483447803,52.0142199127956]]]},"properties":{"case_id":"ST-WK-TU/ZGŁOSZENIE/3482/2025","source_type":"zgloszenie","received_date":"2025-10-30","decision_date":null,"status":"Brak sprzeciwu","description":"Budowa linii kablowej nN w celu zasilenia budynku garażowego","address":"Turek","city":"Turek","office":"Starosta Powiatu Turek","case_kind":"budowa nowego/nowych obiektów budowlanych","parcel_ids":["302701_1.0002.847/11","302701_1.0002.847/16","302701_1.0002.847/17","302701_1.0002.848/7","302701_1.0002.848/8","302701_1.0002.849/5"],"location_quality":"dokładny","gunb_url":"https://wyszukiwarka.gunb.gov.pl/","parcel_count":6,"parcel_shard":"x074-y208","parcel_id":"302701_1.0002.848/7","location_source":"powiat turecki (wfs)"}},{"type":"Feature","id":"ST-WK-TU/ZGŁOSZENIE/3482/2025::302701_1.0002.848/8","geometry":{"type":"Polygon","coordinates":[[[18.5269322514655,52.0148216589402],[18.5264052213233,52.0148213185719],[18.5265483447803,52.0142199127956],[18.5270623697529,52.0142669590596],[18.5269322514655,52.0148216589402]]]},"properties":{"case_id":"ST-WK-TU/ZGŁOSZENIE/3482/2025","source_type":"zgloszenie","received_date":"2025-10-30","decision_date":null,"status":"Brak sprzeciwu","description":"Budowa linii kablowej nN w celu zasilenia budynku garażowego","address":"Turek","city":"Turek","office":"Starosta Powiatu Turek","case_kind":"budowa nowego/nowych obiektów budowlanych","parcel_ids":["302701_1.0002.847/11","302701_1.0002.847/16","302701_1.0002.847/17","302701_1.0002.848/7","302701_1.0002.848/8","302701_1.0002.849/5"],"location_quality":"dokładny","gunb_url":"https://wyszukiwarka.gunb.gov.pl/","parcel_count":6,"parcel_shard":"x074-y208","parcel_id":"302701_1.0002.848/8","location_source":"powiat turecki (wfs)"}},{"type":"Feature","id":"ST-WK-TU/ZGŁOSZENIE/3482/2025::302701_1.0002.849/5","geometry":{"type":"Polygon","coordinates":[[[18.5269322514655,52.0148216589402],[18.5270623697529,52.0142669590596],[18.5275629804068,52.0143128048159],[18.5275362518923,52.014423944197],[18.5274403658599,52.0148237893818],[18.5272072863624,52.014822855264],[18.5269322514655,52.0148216589402]]]},"properties":{"case_id":"ST-WK-TU/ZGŁOSZENIE/3482/2025","source_type":"zgloszenie","received_date":"2025-10-30","decision_date":null,"status":"Brak sprzeciwu","description":"Budowa linii kablowej nN w celu zasilenia budynku garażowego","address":"Turek","city":"Turek","office":"Starosta Powiatu Turek","case_kind":"budowa nowego/nowych obiektów budowlanych","parcel_ids":["302701_1.0002.847/11","302701_1.0002.847/16","302701_1.0002.847/17","302701_1.0002.848/7","302701_1.0002.848/8","302701_1.0002.849/5"],"location_quality":"dokładny","gunb_url":"https://wyszukiwarka.gunb.gov.pl/","parcel_count":6,"parcel_shard":"x074-y208","parcel_id":"302701_1.0002.849/5","location_source":"powiat turecki (wfs)"}},{"type":"Feature","id":"ST-WK-TU/ZGŁOSZENIE/2397/2026::302701_1.0003.1117/4","geometry":{"type":"Polygon","coordinates":[[[18.5198605468179,52.0042669772686],[18.5200714218792,52.0041821275611],[18.5201099284182,52.0041868294921],[18.5202885495002,52.0042085787051],[18.5204435265806,52.004314314789],[18.5202135737951,52.0043090139186],[18.5198605468179,52.0042669772686]]]},"properties":{"case_id":"ST-WK-TU/ZGŁOSZENIE/2397/2026","source_type":"zgloszenie","received_date":"2026-07-22","decision_date":null,"status":"Brak sprzeciwu","description":"Budowa linii kablowej dla zasilenia budynku gospodarczego","address":"Turek","city":"Turek","office":"Starosta Powiatu Turek","case_kind":"budowa nowego/nowych obiektów budowlanych","parcel_ids":["302701_1.0003.1117/4","302701_1.0003.1118/4","302701_1.0003.1119/7","302701_1.0003.1120/5","302701_1.0003.1121/2","302701_1.0003.1121/3","302701_1.0003.798/2","302701_1.0003.799/2"],"location_quality":"dokładny","gunb_url":"https://wyszukiwarka.gunb.gov.pl/","parcel_count":8,"parcel_shard":"x074-y208","parcel_id":"302701_1.0003.1117/4","location_source":"powiat turecki (wfs)"}},{"type":"Feature","id":"ST-WK-TU/ZGŁOSZENIE/2397/2026::302701_1.0003.1118/4","geometry":{"type":"Polygon","coordinates":[[[18.5200714218792,52.0041821275611],[18.520115861813,52.00385973143],[18.5203315468426,52.003886564702],[18.5202885495002,52.0042085787051],[18.5201099284182,52.0041868294921],[18.5200714218792,52.0041821275611]]]},"properties":{"case_id":"ST-WK-TU/ZGŁOSZENIE/2397/2026","source_type":"zgloszenie","received_date":"2026-07-22","decision_date":null,"status":"Brak sprzeciwu","description":"Budowa linii kablowej dla zasilenia budynku gospodarczego","address":"Turek","city":"Turek","office":"Starosta Powiatu Turek","case_kind":"budowa nowego/nowych obiektów budowlanych","parcel_ids":["302701_1.0003.1117/4","302701_1.0003.1118/4","302701_1.0003.1119/7","302701_1.0003.1120/5","302701_1.0003.1121/2","302701_1.0003.1121/3","302701_1.0003.798/2","302701_1.0003.799/2"],"location_quality":"dokładny","gunb_url":"https://wyszukiwarka.gunb.gov.pl/","parcel_count":8,"parcel_shard":"x074-y208","parcel_id":"302701_1.0003.1118/4","location_source":"powiat turecki (wfs)"}},{"type":"Feature","id":"ST-WK-TU/ZGŁOSZENIE/2397/2026::302701_1.0003.1119/7","geometry":{"type":"Polygon","coordinates":[[[18.520115861813,52.00385973143],[18.5201619817475,52.0035853212758],[18.5201882226564,52.0034298145054],[18.5204014233927,52.0034565067097],[18.5203665414605,52.0036711302361],[18.5203315468426,52.003886564702],[18.520115861813,52.00385973143]]]},"properties":{"case_id":"ST-WK-TU/ZGŁOSZENIE/2397/2026","source_type":"zgloszenie","received_date":"2026-07-22","decision_date":null,"status":"Brak sprzeciwu","description":"Budowa linii kablowej dla zasilenia budynku gospodarczego","address":"Turek","city":"Turek","office":"Starosta Powiatu Turek","case_kind":"budowa nowego/nowych obiektów budowlanych","parcel_ids":["302701_1.0003.1117/4","302701_1.0003.1118/4","302701_1.0003.1119/7","302701_1.0003.1120/5","302701_1.0003.1121/2","302701_1.0003.1121/3","302701_1.0003.798/2","302701_1.0003.799/2"],"location_quality":"dokładny","gunb_url":"https://wyszukiwarka.gunb.gov.pl/","parcel_count":8,"parcel_shard":"x074-y208","parcel_id":"302701_1.0003.1119/7","location_source":"powiat turecki (wfs)"}},{"type":"Feature","id":"ST-WK-TU/ZGŁOSZENIE/2397/2026::302701_1.0003.1120/5","geometry":{"type":"Polygon","coordinates":[[[18.5201882226564,52.0034298145054],[18.5202148390109,52.0032940822095],[18.5204274567885,52.003320783484],[18.5204014233927,52.0034565067097],[18.5201882226564,52.0034298145054]]]},"properties":{"case_id":"ST-WK-TU/ZGŁOSZENIE/2397/2026","source_type":"zgloszenie","received_date":"2026-07-22","decision_date":null,"status":"Brak sprzeciwu","description":"Budowa linii kablowej dla zasilenia budynku gospodarczego","address":"Turek","city":"Turek","office":"Starosta Powiatu Turek","case_kind":"budowa nowego/nowych obiektów budowlanych","parcel_ids":["302701_1.0003.1117/4","302701_1.0003.1118/4","302701_1.0003.1119/7","302701_1.0003.1120/5","302701_1.0003.1121/2","302701_1.0003.1121/3","302701_1.0003.798/2","302701_1.0003.799/2"],"location_quality":"dokładny","gunb_url":"https://wyszukiwarka.gunb.gov.pl/","parcel_count":8,"parcel_shard":"x074-y208","parcel_id":"302701_1.0003.1120/5","location_source":"powiat turecki (wfs)"}},{"type":"Feature","id":"ST-WK-TU/ZGŁOSZENIE/2397/2026::302701_1.0003.1121/2","geometry":{"type":"Polygon","coordinates":[[[18.5204274567885,52.003320783484],[18.5202148390109,52.0032940822095],[18.5202544655309,52.0030586413377],[18.5204675405361,52.0030853835729],[18.5204274567885,52.003320783484]]]},"properties":{"case_id":"ST-WK-TU/ZGŁOSZENIE/2397/2026","source_type":"zgloszenie","received_date":"2026-07-22","decision_date":null,"status":"Brak sprzeciwu","description":"Budowa linii kablowej dla zasilenia budynku gospodarczego","address":"Turek","city":"Turek","office":"Starosta Powiatu Turek","case_kind":"budowa nowego/nowych obiektów budowlanych","parcel_ids":["302701_1.0003.1117/4","302701_1.0003.1118/4","302701_1.0003.1119/7","302701_1.0003.1120/5","302701_1.0003.1121/2","302701_1.0003.1121/3","302701_1.0003.798/2","302701_1.0003.799/2"],"location_quality":"dokładny","gunb_url":"https://wyszukiwarka.gunb.gov.pl/","parcel_count":8,"parcel_shard":"x074-y208","parcel_id":"302701_1.0003.1121/2","location_source":"powiat turecki (wfs)"}},{"type":"Feature","id":"ST-WK-TU/ZGŁOSZENIE/2397/2026::302701_1.0003.1121/3","geometry":{"type":"Polygon","coordinates":[[[18.5208870073045,52.0033785202202],[18.5204274567885,52.003320783484],[18.5204675405361,52.0030853835729],[18.5209631118966,52.0031475480324],[18.5208870073045,52.0033785202202]]]},"properties":{"case_id":"ST-WK-TU/ZGŁOSZENIE/2397/2026","source_type":"zgloszenie","received_date":"2026-07-22","decision_date":null,"status":"Brak sprzeciwu","description":"Budowa linii kablowej dla zasilenia budynku gospodarczego","address":"Turek","city":"Turek","office":"Starosta Powiatu Turek","case_kind":"budowa nowego/nowych obiektów budowlanych","parcel_ids":["302701_1.0003.1117/4","302701_1.0003.1118/4","302701_1.0003.1119/7","302701_1.0003.1120/5","302701_1.0003.1121/2","302701_1.0003.1121/3","302701_1.0003.798/2","302701_1.0003.799/2"],"location_quality":"dokładny","gunb_url":"https://wyszukiwarka.gunb.gov.pl/","parcel_count":8,"parcel_shard":"x074-y208","parcel_id":"302701_1.0003.1121/3","location_source":"powiat turecki (wfs)"}},{"type":"Feature","id":"ST-WK-TU/ZGŁOSZENIE/2397/2026::302701_1.0003.798/2","geometry":{"type":"Polygon","coordinates":[[[18.5230079434031,52.0076119486029],[18.5227601044539,52.0077091015501],[18.5227590450243,52.0076975196855],[18.5221842440105,52.0070253429914],[18.5221539279665,52.0069894823125],[18.5219200918011,52.0067128766073],[18.5201839694667,52.0046547555286],[18.519637439578,52.0044420633563],[18.5189066369478,52.0044262342392],[18.5185713268611,52.0044187507469],[18.5163081754078,52.0043682019386],[18.5162063983117,52.0043659257209],[18.5160317708173,52.0043619603004],[18.5158305641609,52.004361097741],[18.5158311588545,52.0043572502373],[18.5158415313981,52.0042901427025],[18.5158479823602,52.0041779952014],[18.5161598773724,52.0041849783517],[18.5166774147818,52.0041965638682],[18.5172719426061,52.0042098700428],[18.517698663792,52.0042194186662],[18.5178810245443,52.0042234988252],[18.5181917510097,52.0042304503922],[18.5183192434675,52.0042333024158],[18.518758044643,52.0042431173799],[18.5188560385156,52.0042461926217],[18.519014667197,52.004249375299],[18.5198605468179,52.0042669772686],[18.5202135737951,52.0043090139186],[18.5203698355498,52.0044988661135],[18.5204405745217,52.0045774436992],[18.5204909370799,52.004637891109],[18.5207044556489,52.004893759519],[18.5209204297618,52.0051486316757],[18.5211364062918,52.005403503401],[18.5212578941478,52.0055468685575],[18.5213793827679,52.0056902335742],[18.5215008721374,52.0058335984511],[18.5216223622858,52.0059769631972],[18.5217438531835,52.0061203277945],[18.5218653448454,52.006263692261],[18.5219868372715,52.0064070565876],[18.5221083304471,52.0065504207745],[18.5222635728295,52.0067336081438],[18.5222905716269,52.0067654667961],[18.5223451093236,52.0068298212467],[18.5224255661906,52.0069247599427],[18.5224525652188,52.0069566185563],[18.5225186454994,52.007034592469],[18.522607810333,52.0071398054161],[18.5227293073723,52.0072831688985],[18.522850805161,52.0074265322321],[18.5229520538841,52.0075460015665],[18.5229723036849,52.0075698954261],[18.5230079434031,52.0076119486029]]]},"properties":{"case_id":"ST-WK-TU/ZGŁOSZENIE/2397/2026","source_type":"zgloszenie","received_date":"2026-07-22","decision_date":null,"status":"Brak sprzeciwu","description":"Budowa linii kablowej dla zasilenia budynku gospodarczego","address":"Turek","city":"Turek","office":"Starosta Powiatu Turek","case_kind":"budowa nowego/nowych obiektów budowlanych","parcel_ids":["302701_1.0003.1117/4","302701_1.0003.1118/4","302701_1.0003.1119/7","302701_1.0003.1120/5","302701_1.0003.1121/2","302701_1.0003.1121/3","302701_1.0003.798/2","302701_1.0003.799/2"],"location_quality":"dokładny","gunb_url":"https://wyszukiwarka.gunb.gov.pl/","parcel_count":8,"parcel_shard":"x074-y208","parcel_id":"302701_1.0003.798/2","location_source":"powiat turecki (wfs)"}},{"type":"Feature","id":"ST-WK-TU/ZGŁOSZENIE/2397/2026::302701_1.0003.799/2","geometry":{"type":"Polygon","coordinates":[[[18.5163081754078,52.0043682019386],[18.5163053941021,52.0044176063241],[18.5162034713154,52.0044153323782],[18.5162063983117,52.0043659257209],[18.5163081754078,52.0043682019386]]]},"properties":{"case_id":"ST-WK-TU/ZGŁOSZENIE/2397/2026","source_type":"zgloszenie","received_date":"2026-07-22","decision_date":null,"status":"Brak sprzeciwu","description":"Budowa linii kablowej dla zasilenia budynku gospodarczego","address":"Turek","city":"Turek","office":"Starosta Powiatu Turek","case_kind":"budowa nowego/nowych obiektów budowlanych","parcel_ids":["302701_1.0003.1117/4","302701_1.0003.1118/4","302701_1.0003.1119/7","302701_1.0003.1120/5","302701_1.0003.1121/2","302701_1.0003.1121/3","302701_1.0003.798/2","302701_1.0003.799/2"],"location_quality":"dokładny","gunb_url":"https://wyszukiwarka.gunb.gov.pl/","parcel_count":8,"parcel_shard":"x074-y208","parcel_id":"302701_1.0003.799/2","location_source":"powiat turecki (wfs)"}},{"type":"Feature","id":"ST-WK-TU/ZGŁOSZENIE/3899/2025::302701_1.0003.398/4","geometry":{"type":"Polygon","coordinates":[[[18.5018039055109,52.0091115633757],[18.5014659854372,52.0090972730827],[18.5014368887862,52.0090960131515],[18.5014996653043,52.0086813871343],[18.5016407094815,52.007740435517],[18.5017713736749,52.0068720056575],[18.5020412305391,52.0068874237297],[18.5021521088323,52.0068304101655],[18.5021220588576,52.0070263412722],[18.5018398068116,52.0071467004401],[18.5017458169386,52.0072858099584],[18.5017080800077,52.0075363458238],[18.5017738808889,52.0075852264015],[18.5020328235816,52.0076080065022],[18.5020189831724,52.0076975021074],[18.5017603348201,52.0076748073227],[18.5016811258763,52.007715325681],[18.5016199095537,52.0081228494143],[18.501742592541,52.0082269526927],[18.5019297418045,52.0082790774952],[18.5019091280297,52.008413363578],[18.5017006099137,52.0083731683412],[18.5015707007543,52.0084495373846],[18.5015343473067,52.0086911506728],[18.5014973026872,52.0089372701921],[18.5015598731496,52.0090069702961],[18.5018179769486,52.0090160975251],[18.5018039055109,52.0091115633757]]]},"properties":{"case_id":"ST-WK-TU/ZGŁOSZENIE/3899/2025","source_type":"zgloszenie","received_date":"2025-12-04","decision_date":null,"status":"Brak sprzeciwu","description":"Budowa linii kablowej nN dla zasilania budynku mieszkalno-usługowego","address":"Turek","city":"Turek","office":"Starosta Powiatu Turek","case_kind":"budowa nowego/nowych obiektów budowlanych","parcel_ids":["302701_1.0003.398/4","302701_1.0003.399/2","302701_1.0003.400/12","302701_1.0003.400/13"],"location_quality":"dokładny","gunb_url":"https://wyszukiwarka.gunb.gov.pl/","parcel_count":4,"parcel_shard":"x074-y208","parcel_id":"302701_1.0003.398/4","location_source":"powiat turecki (wfs)"}},{"type":"Feature","id":"ST-WK-TU/ZGŁOSZENIE/3899/2025::302701_1.0003.399/2","geometry":{"type":"Polygon","coordinates":[[[18.5012713210231,52.0090858112969],[18.5012974126442,52.0089158217281],[18.5013355212385,52.0086683260401],[18.5013777015732,52.0083968732649],[18.5014811915508,52.0077313395456],[18.5016407094815,52.007740435517],[18.5014996653043,52.0086813871343],[18.5014368887862,52.0090960131515],[18.5012713210231,52.0090858112969]]]},"properties":{"case_id":"ST-WK-TU/ZGŁOSZENIE/3899/2025","source_type":"zgloszenie","received_date":"2025-12-04","decision_date":null,"status":"Brak sprzeciwu","description":"Budowa linii kablowej nN dla zasilania budynku mieszkalno-usługowego","address":"Turek","city":"Turek","office":"Starosta Powiatu Turek","case_kind":"budowa nowego/nowych obiektów budowlanych","parcel_ids":["302701_1.0003.398/4","302701_1.0003.399/2","302701_1.0003.400/12","302701_1.0003.400/13"],"location_quality":"dokładny","gunb_url":"https://wyszukiwarka.gunb.gov.pl/","parcel_count":4,"parcel_shard":"x074-y208","parcel_id":"302701_1.0003.399/2","location_source":"powiat turecki (wfs)"}},{"type":"Feature","id":"ST-WK-TU/ZGŁOSZENIE/3899/2025::302701_1.0003.400/12","geometry":{"type":"Polygon","coordinates":[[[18.5013777015732,52.0083968732649],[18.5012374178533,52.0083041911798],[18.5012577423933,52.0081699097087],[18.5014048027547,52.0080925559916],[18.5014594042056,52.0077300901118],[18.5014811915508,52.0077313395456],[18.5013777015732,52.0083968732649]]]},"properties":{"case_id":"ST-WK-TU/ZGŁOSZENIE/3899/2025","source_type":"zgloszenie","received_date":"2025-12-04","decision_date":null,"status":"Brak sprzeciwu","description":"Budowa linii kablowej nN dla zasilania budynku mieszkalno-usługowego","address":"Turek","city":"Turek","office":"Starosta Powiatu Turek","case_kind":"budowa nowego/nowych obiektów budowlanych","parcel_ids":["302701_1.0003.398/4","302701_1.0003.399/2","302701_1.0003.400/12","302701_1.0003.400/13"],"location_quality":"dokładny","gunb_url":"https://wyszukiwarka.gunb.gov.pl/","parcel_count":4,"parcel_shard":"x074-y208","parcel_id":"302701_1.0003.400/12","location_source":"powiat turecki (wfs)"}},{"type":"Feature","id":"ST-WK-TU/ZGŁOSZENIE/3899/2025::302701_1.0003.400/13","geometry":{"type":"Polygon","coordinates":[[[18.5014594042056,52.0077300901118],[18.5014048027547,52.0080925559916],[18.5012577423933,52.0081699097087],[18.5013005910863,52.0078864948276],[18.5013248640372,52.0077224252909],[18.5014594042056,52.0077300901118]]]},"properties":{"case_id":"ST-WK-TU/ZGŁOSZENIE/3899/2025","source_type":"zgloszenie","received_date":"2025-12-04","decision_date":null,"status":"Brak sprzeciwu","description":"Budowa linii kablowej nN dla zasilania budynku mieszkalno-usługowego","address":"Turek","city":"Turek","office":"Starosta Powiatu Turek","case_kind":"budowa nowego/nowych obiektów budowlanych","parcel_ids":["302701_1.0003.398/4","302701_1.0003.399/2","302701_1.0003.400/12","302701_1.0003.400/13"],"location_quality":"dokładny","gunb_url":"https://wyszukiwarka.gunb.gov.pl/","parcel_count":4,"parcel_shard":"x074-y208","parcel_id":"302701_1.0003.400/13","location_source":"powiat turecki (wfs)"}},{"type":"Feature","id":"ST-WK-TU/ZGŁOSZENIE/713/2026::302701_1.0003.511/1","geometry":{"type":"Polygon","coordinates":[[[18.5112382200564,52.0041016403229],[18.5112516303985,52.0040286895672],[18.5114369078522,52.0040443336021],[18.5114248435141,52.0041157153282],[18.5112382200564,52.0041016403229]]]},"properties":{"case_id":"ST-WK-TU/ZGŁOSZENIE/713/2026","source_type":"zgloszenie","received_date":"2026-03-11","decision_date":null,"status":"Brak sprzeciwu","description":"Rozbudowa sieci kablowej nN poprzez budowę linii kablowej niskiego napięcia 0,4kV","address":"Turek","city":"Turek","office":"Starosta Powiatu Turek","case_kind":"rozbudowa istniejącego/istniejących obiektów budowlanych","parcel_ids":["302701_1.0003.511/1","302701_1.0003.511/2","302701_1.0003.512/12","302701_1.0003.512/19","302701_1.0003.512/3","302701_1.0003.512/4","302701_1.0003.512/5"],"location_quality":"dokładny","gunb_url":"https://wyszukiwarka.gunb.gov.pl/","parcel_count":6,"parcel_shard":"x074-y208","parcel_id":"302701_1.0003.511/1","location_source":"powiat turecki (wfs)"}},{"type":"Feature","id":"ST-WK-TU/ZGŁOSZENIE/713/2026::302701_1.0003.511/2","geometry":{"type":"Polygon","coordinates":[[[18.5112516303985,52.0040286895672],[18.5113140953554,52.003691580603],[18.5113390058279,52.0035299182538],[18.5115194387773,52.0035423474569],[18.5114907506279,52.0037253880245],[18.5114369078522,52.0040443336021],[18.5112516303985,52.0040286895672]]]},"properties":{"case_id":"ST-WK-TU/ZGŁOSZENIE/713/2026","source_type":"zgloszenie","received_date":"2026-03-11","decision_date":null,"status":"Brak sprzeciwu","description":"Rozbudowa sieci kablowej nN poprzez budowę linii kablowej niskiego napięcia 0,4kV","address":"Turek","city":"Turek","office":"Starosta Powiatu Turek","case_kind":"rozbudowa istniejącego/istniejących obiektów budowlanych","parcel_ids":["302701_1.0003.511/1","302701_1.0003.511/2","302701_1.0003.512/12","302701_1.0003.512/19","302701_1.0003.512/3","302701_1.0003.512/4","302701_1.0003.512/5"],"location_quality":"dokładny","gunb_url":"https://wyszukiwarka.gunb.gov.pl/","parcel_count":6,"parcel_shard":"x074-y208","parcel_id":"302701_1.0003.511/2","location_source":"powiat turecki (wfs)"}},{"type":"Feature","id":"ST-WK-TU/ZGŁOSZENIE/713/2026::302701_1.0003.512/12","geometry":{"type":"Polygon","coordinates":[[[18.5110954656495,52.0035131786458],[18.5111720051661,52.0030219145802],[18.511221987377,52.0030246637632],[18.511142541046,52.0035163898817],[18.5110954656495,52.0035131786458]]]},"properties":{"case_id":"ST-WK-TU/ZGŁOSZENIE/713/2026","source_type":"zgloszenie","received_date":"2026-03-11","decision_date":null,"status":"Brak sprzeciwu","description":"Rozbudowa sieci kablowej nN poprzez budowę linii kablowej niskiego napięcia 0,4kV","address":"Turek","city":"Turek","office":"Starosta Powiatu Turek","case_kind":"rozbudowa istniejącego/istniejących obiektów budowlanych","parcel_ids":["302701_1.0003.511/1","302701_1.0003.511/2","302701_1.0003.512/12","302701_1.0003.512/19","302701_1.0003.512/3","302701_1.0003.512/4","302701_1.0003.512/5"],"location_quality":"dokładny","gunb_url":"https://wyszukiwarka.gunb.gov.pl/","parcel_count":6,"parcel_shard":"x074-y208","parcel_id":"302701_1.0003.512/12","location_source":"powiat turecki (wfs)"}},{"type":"Feature","id":"ST-WK-TU/ZGŁOSZENIE/713/2026::302701_1.0003.512/3","geometry":{"type":"Polygon","coordinates":[[[18.5110070730739,52.0040842069494],[18.511018686469,52.0040091174874],[18.5110624181141,52.0040127926679],[18.5110502956624,52.0040874668888],[18.5110070730739,52.0040842069494]]]},"properties":{"case_id":"ST-WK-TU/ZGŁOSZENIE/713/2026","source_type":"zgloszenie","received_date":"2026-03-11","decision_date":null,"status":"Brak sprzeciwu","description":"Rozbudowa sieci kablowej nN poprzez budowę linii kablowej niskiego napięcia 0,4kV","address":"Turek","city":"Turek","office":"Starosta Powiatu Turek","case_kind":"rozbudowa istniejącego/istniejących obiektów budowlanych","parcel_ids":["302701_1.0003.511/1","302701_1.0003.511/2","302701_1.0003.512/12","302701_1.0003.512/19","302701_1.0003.512/3","302701_1.0003.512/4","302701_1.0003.512/5"],"location_quality":"dokładny","gunb_url":"https://wyszukiwarka.gunb.gov.pl/","parcel_count":6,"parcel_shard":"x074-y208","parcel_id":"302701_1.0003.512/3","location_source":"powiat turecki (wfs)"}},{"type":"Feature","id":"ST-WK-TU/ZGŁOSZENIE/713/2026::302701_1.0003.512/4","geometry":{"type":"Polygon","coordinates":[[[18.5110624181141,52.0040127926679],[18.511018686469,52.0040091174874],[18.5110748461049,52.0036457937517],[18.5110954656495,52.0035131786458],[18.511142541046,52.0035163898817],[18.5110624181141,52.0040127926679]]]},"properties":{"case_id":"ST-WK-TU/ZGŁOSZENIE/713/2026","source_type":"zgloszenie","received_date":"2026-03-11","decision_date":null,"status":"Brak sprzeciwu","description":"Rozbudowa sieci kablowej nN poprzez budowę linii kablowej niskiego napięcia 0,4kV","address":"Turek","city":"Turek","office":"Starosta Powiatu Turek","case_kind":"rozbudowa istniejącego/istniejących obiektów budowlanych","parcel_ids":["302701_1.0003.511/1","302701_1.0003.511/2","302701_1.0003.512/12","302701_1.0003.512/19","302701_1.0003.512/3","302701_1.0003.512/4","302701_1.0003.512/5"],"location_quality":"dokładny","gunb_url":"https://wyszukiwarka.gunb.gov.pl/","parcel_count":6,"parcel_shard":"x074-y208","parcel_id":"302701_1.0003.512/4","location_source":"powiat turecki (wfs)"}},{"type":"Feature","id":"ST-WK-TU/ZGŁOSZENIE/713/2026::302701_1.0003.512/5","geometry":{"type":"Polygon","coordinates":[[[18.5110502956624,52.0040874668888],[18.5110624181141,52.0040127926679],[18.5112516303985,52.0040286895672],[18.5112382200564,52.0041016403229],[18.5110502956624,52.0040874668888]]]},"properties":{"case_id":"ST-WK-TU/ZGŁOSZENIE/713/2026","source_type":"zgloszenie","received_date":"2026-03-11","decision_date":null,"status":"Brak sprzeciwu","description":"Rozbudowa sieci kablowej nN poprzez budowę linii kablowej niskiego napięcia 0,4kV","address":"Turek","city":"Turek","office":"Starosta Powiatu Turek","case_kind":"rozbudowa istniejącego/istniejących obiektów budowlanych","parcel_ids":["302701_1.0003.511/1","302701_1.0003.511/2","302701_1.0003.512/12","302701_1.0003.512/19","302701_1.0003.512/3","302701_1.0003.512/4","302701_1.0003.512/5"],"location_quality":"dokładny","gunb_url":"https://wyszukiwarka.gunb.gov.pl/","parcel_count":6,"parcel_shard":"x074-y208","parcel_id":"302701_1.0003.512/5","location_source":"powiat turecki (wfs)"}},{"type":"Feature","id":"ST-WK-TU/ZGŁOSZENIE/262/2026::302701_1.0003.889/12","geometry":{"type":"Polygon","coordinates":[[[18.5182060820877,52.008308022018],[18.5181193655144,52.008303100445],[18.5181327478897,52.008213340047],[18.5181461437068,52.0081247480438],[18.5181519015522,52.0081693038453],[18.5182060820877,52.008308022018]]]},"properties":{"case_id":"ST-WK-TU/ZGŁOSZENIE/262/2026","source_type":"zgloszenie","received_date":"2026-01-29","decision_date":null,"status":"Brak sprzeciwu","description":"Budowa linii kablowej nN do budynku mieszkalnego jednorodzinnego","address":"-, Turek","city":"Turek","office":"Starosta Powiatu Turek","case_kind":"budowa nowego/nowych obiektów budowlanych","parcel_ids":["302701_1.0003.889/12","302701_1.0003.889/13","302701_1.0003.889/14","302701_1.0003.889/16","302701_1.0003.979"],"location_quality":"dokładny","gunb_url":"https://wyszukiwarka.gunb.gov.pl/","parcel_count":5,"parcel_shard":"x074-y208","parcel_id":"302701_1.0003.889/12","location_source":"powiat turecki (wfs)"}},{"type":"Feature","id":"ST-WK-TU/ZGŁOSZENIE/262/2026::302701_1.0003.889/13","geometry":{"type":"Polygon","coordinates":[[[18.5182128372521,52.0083254292752],[18.5182060820877,52.008308022018],[18.5181519015522,52.0081693038453],[18.5181461437068,52.0081247480438],[18.5181596778444,52.0080355262602],[18.5182468451099,52.0081425509828],[18.5182128372521,52.0083254292752]]]},"properties":{"case_id":"ST-WK-TU/ZGŁOSZENIE/262/2026","source_type":"zgloszenie","received_date":"2026-01-29","decision_date":null,"status":"Brak sprzeciwu","description":"Budowa linii kablowej nN do budynku mieszkalnego jednorodzinnego","address":"-, Turek","city":"Turek","office":"Starosta Powiatu Turek","case_kind":"budowa nowego/nowych obiektów budowlanych","parcel_ids":["302701_1.0003.889/12","302701_1.0003.889/13","302701_1.0003.889/14","302701_1.0003.889/16","302701_1.0003.979"],"location_quality":"dokładny","gunb_url":"https://wyszukiwarka.gunb.gov.pl/","parcel_count":5,"parcel_shard":"x074-y208","parcel_id":"302701_1.0003.889/13","location_source":"powiat turecki (wfs)"}},{"type":"Feature","id":"ST-WK-TU/ZGŁOSZENIE/262/2026::302701_1.0003.889/14","geometry":{"type":"Polygon","coordinates":[[[18.5183594669326,52.0084231143129],[18.5181833591057,52.0084843792014],[18.5181877465589,52.0084607211206],[18.5183634848678,52.0084053001357],[18.5183594669326,52.0084231143129]]]},"properties":{"case_id":"ST-WK-TU/ZGŁOSZENIE/262/2026","source_type":"zgloszenie","received_date":"2026-01-29","decision_date":null,"status":"Brak sprzeciwu","description":"Budowa linii kablowej nN do budynku mieszkalnego jednorodzinnego","address":"-, Turek","city":"Turek","office":"Starosta Powiatu Turek","case_kind":"budowa nowego/nowych obiektów budowlanych","parcel_ids":["302701_1.0003.889/12","302701_1.0003.889/13","302701_1.0003.889/14","302701_1.0003.889/16","302701_1.0003.979"],"location_quality":"dokładny","gunb_url":"https://wyszukiwarka.gunb.gov.pl/","parcel_count":5,"parcel_shard":"x074-y208","parcel_id":"302701_1.0003.889/14","location_source":"powiat turecki (wfs)"}},{"type":"Feature","id":"ST-WK-TU/ZGŁOSZENIE/262/2026::302701_1.0003.889/16","geometry":{"type":"Polygon","coordinates":[[[18.5183634848678,52.0084053001357],[18.5181877465589,52.0084607211206],[18.5182406048477,52.0083966728771],[18.5182128372521,52.0083254292752],[18.5182468451099,52.0081425509828],[18.5183848385175,52.008312179026],[18.5183634848678,52.0084053001357]]]},"properties":{"case_id":"ST-WK-TU/ZGŁOSZENIE/262/2026","source_type":"zgloszenie","received_date":"2026-01-29","decision_date":null,"status":"Brak sprzeciwu","description":"Budowa linii kablowej nN do budynku mieszkalnego jednorodzinnego","address":"-, Turek","city":"Turek","office":"Starosta Powiatu Turek","case_kind":"budowa nowego/nowych obiektów budowlanych","parcel_ids":["302701_1.0003.889/12","302701_1.0003.889/13","302701_1.0003.889/14","302701_1.0003.889/16","302701_1.0003.979"],"location_quality":"dokładny","gunb_url":"https://wyszukiwarka.gunb.gov.pl/","parcel_count":5,"parcel_shard":"x074-y208","parcel_id":"302701_1.0003.889/16","location_source":"powiat turecki (wfs)"}},{"type":"Feature","id":"ST-WK-TU/ZGŁOSZENIE/262/2026::302701_1.0003.979","geometry":{"type":"Polygon","coordinates":[[[18.5180465563925,52.0087360764362],[18.5180602649945,52.0086493921994],[18.5180874731511,52.0085178772518],[18.5181833591057,52.0084843792014],[18.5183594669326,52.0084231143129],[18.5187491168061,52.0082885712024],[18.518886784465,52.0082412445387],[18.5190296684226,52.0081921243659],[18.5192292982628,52.008123495799],[18.5193112691343,52.0080958889546],[18.5196819938651,52.0079678665045],[18.5197454523632,52.0079461194004],[18.5201335411897,52.0078126291596],[18.5204133233541,52.007716441508],[18.520612821669,52.0076478543707],[18.5208391900743,52.0075700398925],[18.5212388346079,52.0074326542163],[18.5212480216543,52.0074044553829],[18.5212996985642,52.007245836887],[18.5213513751126,52.0070872183741],[18.521403051314,52.0069285998352],[18.5214130707163,52.0068978454542],[18.5215844329856,52.0069190417531],[18.5215744138059,52.0069497955636],[18.521522710019,52.0071084993189],[18.5214710345862,52.0072671149184],[18.5214193587918,52.0074257304918],[18.5213688310064,52.0075808212583],[18.5213372222574,52.0076778410967],[18.5212513154868,52.0077076037361],[18.5211440317735,52.0075886720618],[18.5209715959073,52.0076479538608],[18.5208760242426,52.0076808103038],[18.5207999517619,52.0077069796089],[18.5206283431336,52.0077660135233],[18.5204566068295,52.0078250909563],[18.520278382217,52.0078863999371],[18.520100411549,52.0079476211318],[18.5199223131699,52.0080088858167],[18.5197443415131,52.0080701064838],[18.5195661149196,52.0081314143989],[18.5193880150628,52.0081926782871],[18.5190701055797,52.0083020336659],[18.518891877124,52.0083633405725],[18.5187137753774,52.0084246034621],[18.5185358003699,52.0084858223171],[18.5183576976482,52.0085470846697],[18.5184215244801,52.0086177355184],[18.518139790103,52.0087146890528],[18.518135401042,52.0087415175476],[18.5180465563925,52.0087360764362]]]},"properties":{"case_id":"ST-WK-TU/ZGŁOSZENIE/262/2026","source_type":"zgloszenie","received_date":"2026-01-29","decision_date":null,"status":"Brak sprzeciwu","description":"Budowa linii kablowej nN do budynku mieszkalnego jednorodzinnego","address":"-, Turek","city":"Turek","office":"Starosta Powiatu Turek","case_kind":"budowa nowego/nowych obiektów budowlanych","parcel_ids":["302701_1.0003.889/12","302701_1.0003.889/13","302701_1.0003.889/14","302701_1.0003.889/16","302701_1.0003.979"],"location_quality":"dokładny","gunb_url":"https://wyszukiwarka.gunb.gov.pl/","parcel_count":5,"parcel_shard":"x074-y208","parcel_id":"302701_1.0003.979","location_source":"powiat turecki (wfs)"}},{"type":"Feature","id":"ST-WK-TU/WNIOSEK/20237/2025::302701_1.0004.306/7","geometry":{"type":"Polygon","coordinates":[[[18.5064105134518,52.0330028258464],[18.5065944968594,52.0326427648401],[18.5075659426535,52.0328348061371],[18.5073818845562,52.0331947628776],[18.5064105134518,52.0330028258464]]]},"properties":{"case_id":"ST-WK-TU/WNIOSEK/20237/2025","source_type":"wniosek_decyzja","received_date":"2025-10-03","decision_date":"2025-11-13","status":"decyzja wydana","description":"Budowa budynku mieszkalnego jednorodzinnego wraz z garażem dwustanowiskowym","address":"Turek","city":"Turek","office":"Starosta Powiatu Turek","case_kind":"Budynek mieszkalny jednorodzinny","parcel_ids":["302701_1.0004.306/7"],"location_quality":"dokładny","gunb_url":"https://wyszukiwarka.gunb.gov.pl/","parcel_count":1,"parcel_shard":"x074-y208","parcel_id":"302701_1.0004.306/7","location_source":"powiat turecki (wfs)"}},{"type":"Feature","id":"ST-WK-TU/WNIOSEK/18731/2025::302701_1.0004.320/1","geometry":{"type":"Polygon","coordinates":[[[18.508815035217,52.0295289914569],[18.5088950839848,52.0293794433773],[18.5089701802114,52.029230096394],[18.5096531551737,52.0293464162093],[18.5093954990772,52.0296257119491],[18.508815035217,52.0295289914569]]]},"properties":{"case_id":"ST-WK-TU/WNIOSEK/18731/2025","source_type":"wniosek_decyzja","received_date":"2025-09-15","decision_date":"2025-09-29","status":"decyzja wydana","description":"Budowa wewnętrznej instalacji gazu płynnego dla budynku gospodarczego (WTB)","address":"Turek","city":"Turek","office":"Starosta Powiatu Turek","case_kind":"Obiekt budowlany inny niż budynek mieszkalny jednorodzinny","parcel_ids":["302701_1.0004.320/1","302701_1.0004.321"],"location_quality":"dokładny","gunb_url":"https://wyszukiwarka.gunb.gov.pl/","parcel_count":2,"parcel_shard":"x074-y208","parcel_id":"302701_1.0004.320/1","location_source":"powiat turecki (wfs)"}},{"type":"Feature","id":"ST-WK-TU/WNIOSEK/18731/2025::302701_1.0004.321","geometry":{"type":"Polygon","coordinates":[[[18.5088950839848,52.0293794433773],[18.508815035217,52.0295289914569],[18.5082504865902,52.0294348958858],[18.5083336840379,52.0292865217177],[18.5088950839848,52.0293794433773]]]},"properties":{"case_id":"ST-WK-TU/WNIOSEK/18731/2025","source_type":"wniosek_decyzja","received_date":"2025-09-15","decision_date":"2025-09-29","status":"decyzja wydana","description":"Budowa wewnętrznej instalacji gazu płynnego dla budynku gospodarczego (WTB)","address":"Turek","city":"Turek","office":"Starosta Powiatu Turek","case_kind":"Obiekt budowlany inny niż budynek mieszkalny jednorodzinny","parcel_ids":["302701_1.0004.320/1","302701_1.0004.321"],"location_quality":"dokładny","gunb_url":"https://wyszukiwarka.gunb.gov.pl/","parcel_count":2,"parcel_shard":"x074-y208","parcel_id":"302701_1.0004.321","location_source":"powiat turecki (wfs)"}},{"type":"Feature","id":"ST-WK-TU/WNIOSEK/7718/2026::302701_1.0004.320/10","geometry":{"type":"Polygon","coordinates":[[[18.5095875215266,52.03043057439],[18.5093713784753,52.0305422422929],[18.5089685365485,52.0304714491897],[18.5090323933897,52.0303331162205],[18.5095875215266,52.03043057439]]]},"properties":{"case_id":"ST-WK-TU/WNIOSEK/7718/2026","source_type":"wniosek_decyzja","received_date":"2026-04-24","decision_date":"2026-06-03","status":"decyzja wydana","description":"Budowa dwóch budynków mieszkalnych w zabudowie bliźniaczej","address":"Turek","city":"Turek","office":"Starosta Powiatu Turek","case_kind":"Budynek mieszkalny jednorodzinny","parcel_ids":["302701_1.0004.320/10","302701_1.0004.320/9"],"location_quality":"dokładny","gunb_url":"https://wyszukiwarka.gunb.gov.pl/","parcel_count":2,"parcel_shard":"x074-y208","parcel_id":"302701_1.0004.320/10","location_source":"powiat turecki (wfs)"}},{"type":"Feature","id":"ST-WK-TU/WNIOSEK/7718/2026::302701_1.0004.320/9","geometry":{"type":"Polygon","coordinates":[[[18.5087995090273,52.0302922375728],[18.5088646489667,52.0301513824838],[18.5097577645655,52.0303191046736],[18.5096182335121,52.0304147123969],[18.5095875215266,52.03043057439],[18.5090323933897,52.0303331162205],[18.5087995090273,52.0302922375728]]]},"properties":{"case_id":"ST-WK-TU/WNIOSEK/7718/2026","source_type":"wniosek_decyzja","received_date":"2026-04-24","decision_date":"2026-06-03","status":"decyzja wydana","description":"Budowa dwóch budynków mieszkalnych w zabudowie bliźniaczej","address":"Turek","city":"Turek","office":"Starosta Powiatu Turek","case_kind":"Budynek mieszkalny jednorodzinny","parcel_ids":["302701_1.0004.320/10","302701_1.0004.320/9"],"location_quality":"dokładny","gunb_url":"https://wyszukiwarka.gunb.gov.pl/","parcel_count":2,"parcel_shard":"x074-y208","parcel_id":"302701_1.0004.320/9","location_source":"powiat turecki (wfs)"}},{"type":"Feature","id":"ST-WK-TU/WNIOSEK/22832/2025::302701_1.0004.320/6","geometry":{"type":"Polygon","coordinates":[[[18.5080138885502,52.0299916500878],[18.5082949925202,52.0300444562078],[18.5081950056855,52.0302607815063],[18.507977161199,52.0302225327937],[18.5079331345301,52.0301693333191],[18.5080138885502,52.0299916500878]]]},"properties":{"case_id":"ST-WK-TU/WNIOSEK/22832/2025","source_type":"wniosek_decyzja","received_date":"2025-11-07","decision_date":"2026-01-07","status":"decyzja wydana","description":"Budowa dwóch budynków mieszkalnych jednorodzinnych w zabudowie bliźniaczej","address":"Turek","city":"Turek","office":"Starosta Powiatu Turek","case_kind":"Budynek mieszkalny jednorodzinny","parcel_ids":["302701_1.0004.320/6","302701_1.0004.320/7"],"location_quality":"dokładny","gunb_url":"https://wyszukiwarka.gunb.gov.pl/","parcel_count":2,"parcel_shard":"x074-y208","parcel_id":"302701_1.0004.320/6","location_source":"powiat turecki (wfs)"}},{"type":"Feature","id":"ST-WK-TU/WNIOSEK/22832/2025::302701_1.0004.320/7","geometry":{"type":"Polygon","coordinates":[[[18.5082949925202,52.0300444562078],[18.5085739063969,52.0300968217062],[18.5084753432429,52.030310085146],[18.5081950056855,52.0302607815063],[18.5082949925202,52.0300444562078]]]},"properties":{"case_id":"ST-WK-TU/WNIOSEK/22832/2025","source_type":"wniosek_decyzja","received_date":"2025-11-07","decision_date":"2026-01-07","status":"decyzja wydana","description":"Budowa dwóch budynków mieszkalnych jednorodzinnych w zabudowie bliźniaczej","address":"Turek","city":"Turek","office":"Starosta Powiatu Turek","case_kind":"Budynek mieszkalny jednorodzinny","parcel_ids":["302701_1.0004.320/6","302701_1.0004.320/7"],"location_quality":"dokładny","gunb_url":"https://wyszukiwarka.gunb.gov.pl/","parcel_count":2,"parcel_shard":"x074-y208","parcel_id":"302701_1.0004.320/7","location_source":"powiat turecki (wfs)"}},{"type":"Feature","id":"ST-WK-TU/WNIOSEK/3013/2026::302701_1.0004.320/8","geometry":{"type":"Polygon","coordinates":[[[18.5084753432429,52.030310085146],[18.5085739063969,52.0300968217062],[18.5088646489667,52.0301513824838],[18.5087995090273,52.0302922375728],[18.5086610668805,52.0303427192289],[18.5084753432429,52.030310085146]]]},"properties":{"case_id":"ST-WK-TU/WNIOSEK/3013/2026","source_type":"wniosek_decyzja","received_date":"2026-02-18","decision_date":"2026-03-12","status":"decyzja wydana","description":"Budowa budynku mieszkalnego jednorodzinnego dwulokalowego","address":"Turek","city":"Turek","office":"Starosta Powiatu Turek","case_kind":"Budynek mieszkalny jednorodzinny","parcel_ids":["302701_1.0004.320/8"],"location_quality":"dokładny","gunb_url":"https://wyszukiwarka.gunb.gov.pl/","parcel_count":1,"parcel_shard":"x074-y208","parcel_id":"302701_1.0004.320/8","location_source":"powiat turecki (wfs)"}},{"type":"Feature","id":"ST-WK-TU/ZGŁOSZENIE/3618/2025::302701_1.0004.420/2","geometry":{"type":"Polygon","coordinates":[[[18.5078899450091,52.0240168210116],[18.507581282521,52.0239913466609],[18.5076262415449,52.0239016086944],[18.5079417334906,52.02392801753],[18.5079831568307,52.0239312606933],[18.5079322647848,52.0240198799554],[18.5078899450091,52.0240168210116]]]},"properties":{"case_id":"ST-WK-TU/ZGŁOSZENIE/3618/2025","source_type":"zgloszenie","received_date":"2025-11-12","decision_date":null,"status":"Brak sprzeciwu","description":"Budowa linii kablowej nN do budynku garażowego","address":"Turek","city":"Turek","office":"Starosta Powiatu Turek","case_kind":"budowa nowego/nowych obiektów budowlanych","parcel_ids":["302701_1.0004.420/2","302701_1.0004.420/3","302701_1.0004.428/11"],"location_quality":"dokładny","gunb_url":"https://wyszukiwarka.gunb.gov.pl/","parcel_count":3,"parcel_shard":"x074-y208","parcel_id":"302701_1.0004.420/2","location_source":"powiat turecki (wfs)"}},{"type":"Feature","id":"ST-WK-TU/ZGŁOSZENIE/3618/2025::302701_1.0004.420/3","geometry":{"type":"Polygon","coordinates":[[[18.507581282521,52.0239913466609],[18.5078899450091,52.0240168210116],[18.5077260637145,52.0242978306295],[18.5075381281594,52.0243769601925],[18.5073596655346,52.0244248014624],[18.5075080641287,52.0241374894584],[18.507581282521,52.0239913466609]]]},"properties":{"case_id":"ST-WK-TU/ZGŁOSZENIE/3618/2025","source_type":"zgloszenie","received_date":"2025-11-12","decision_date":null,"status":"Brak sprzeciwu","description":"Budowa linii kablowej nN do budynku garażowego","address":"Turek","city":"Turek","office":"Starosta Powiatu Turek","case_kind":"budowa nowego/nowych obiektów budowlanych","parcel_ids":["302701_1.0004.420/2","302701_1.0004.420/3","302701_1.0004.428/11"],"location_quality":"dokładny","gunb_url":"https://wyszukiwarka.gunb.gov.pl/","parcel_count":3,"parcel_shard":"x074-y208","parcel_id":"302701_1.0004.420/3","location_source":"powiat turecki (wfs)"}},{"type":"Feature","id":"ST-WK-TU/ZGŁOSZENIE/3618/2025::302701_1.0004.428/11","geometry":{"type":"Polygon","coordinates":[[[18.5079322647848,52.0240198799554],[18.5079381343914,52.0240204218092],[18.5075849143926,52.0247127887435],[18.5074077334678,52.0250600781535],[18.50707924557,52.0249961031094],[18.5073496245499,52.0244623066867],[18.5075659616422,52.0243994620314],[18.5077588105167,52.0243219161118],[18.5079322647848,52.0240198799554]]]},"properties":{"case_id":"ST-WK-TU/ZGŁOSZENIE/3618/2025","source_type":"zgloszenie","received_date":"2025-11-12","decision_date":null,"status":"Brak sprzeciwu","description":"Budowa linii kablowej nN do budynku garażowego","address":"Turek","city":"Turek","office":"Starosta Powiatu Turek","case_kind":"budowa nowego/nowych obiektów budowlanych","parcel_ids":["302701_1.0004.420/2","302701_1.0004.420/3","302701_1.0004.428/11"],"location_quality":"dokładny","gunb_url":"https://wyszukiwarka.gunb.gov.pl/","parcel_count":3,"parcel_shard":"x074-y208","parcel_id":"302701_1.0004.428/11","location_source":"powiat turecki (wfs)"}},{"type":"Feature","id":"ST-WK-TU/WNIOSEK/6099/2026::302701_1.0004.429/17","geometry":{"type":"Polygon","coordinates":[[[18.5090656255282,52.024112443368],[18.5096621082116,52.0241613314419],[18.5094214798637,52.0246411597031],[18.5092685319435,52.0249461150379],[18.5092504183642,52.0249822324006],[18.5090759035997,52.0253302915107],[18.5084892975928,52.0252630854866],[18.5090656255282,52.024112443368]]]},"properties":{"case_id":"ST-WK-TU/WNIOSEK/6099/2026","source_type":"wniosek_decyzja","received_date":"2026-03-31","decision_date":"2026-06-24","status":"decyzja wydana","description":"Budowa budynku usługowego","address":"Turek","city":"Turek","office":"Starosta Powiatu Turek","case_kind":"Obiekt budowlany inny niż budynek mieszkalny jednorodzinny","parcel_ids":["302701_1.0004.429/17"],"location_quality":"dokładny","gunb_url":"https://wyszukiwarka.gunb.gov.pl/","parcel_count":1,"parcel_shard":"x074-y208","parcel_id":"302701_1.0004.429/17","location_source":"powiat turecki (wfs)"}},{"type":"Feature","id":"ST-WK-TU/ZGŁOSZENIE/1767/2026::302702_2.0002.337","geometry":{"type":"Polygon","coordinates":[[[18.6297651411841,52.0618794238444],[18.6298271812444,52.0616766552653],[18.6299284424631,52.0613755630819],[18.6347410506375,52.0618561188082],[18.6347390640296,52.0619007483262],[18.634719109046,52.0619447772535],[18.634699641468,52.0620333046709],[18.6347063013928,52.0621555646908],[18.6347454770513,52.0622241463001],[18.6348215654532,52.0623429150595],[18.6297651411841,52.0618794238444]]]},"properties":{"case_id":"ST-WK-TU/ZGŁOSZENIE/1767/2026","source_type":"zgloszenie","received_date":"2026-06-03","decision_date":null,"status":"Brak sprzeciwu","description":"Rozbudowa sieci kablowej niskiego napięcia poprzez budowę linii kablowej niskiego napięcia 0,4kV","address":"Bogdałów-Kolonia","city":"Bogdałów-Kolonia","office":"Starosta Powiatu Turek","case_kind":"rozbudowa istniejącego/istniejących obiektów budowlanych","parcel_ids":["302702_2.0002.337","302702_2.0002.49/4","302702_2.0002.50"],"location_quality":"dokładny","gunb_url":"https://wyszukiwarka.gunb.gov.pl/","parcel_count":3,"parcel_shard":"x074-y208","parcel_id":"302702_2.0002.337","location_source":"powiat turecki (wfs)"}},{"type":"Feature","id":"ST-WK-TU/ZGŁOSZENIE/1767/2026::302702_2.0002.49/4","geometry":{"type":"Polygon","coordinates":[[[18.6289923446912,52.0609625147835],[18.6298420234046,52.0610554080065],[18.6298774597695,52.0610866769499],[18.6297825043804,52.0614165080895],[18.6288897359213,52.0613189009132],[18.6289923446912,52.0609625147835]]]},"properties":{"case_id":"ST-WK-TU/ZGŁOSZENIE/1767/2026","source_type":"zgloszenie","received_date":"2026-06-03","decision_date":null,"status":"Brak sprzeciwu","description":"Rozbudowa sieci kablowej niskiego napięcia poprzez budowę linii kablowej niskiego napięcia 0,4kV","address":"Bogdałów-Kolonia","city":"Bogdałów-Kolonia","office":"Starosta Powiatu Turek","case_kind":"rozbudowa istniejącego/istniejących obiektów budowlanych","parcel_ids":["302702_2.0002.337","302702_2.0002.49/4","302702_2.0002.50"],"location_quality":"dokładny","gunb_url":"https://wyszukiwarka.gunb.gov.pl/","parcel_count":3,"parcel_shard":"x074-y208","parcel_id":"302702_2.0002.49/4","location_source":"powiat turecki (wfs)"}},{"type":"Feature","id":"ST-WK-TU/ZGŁOSZENIE/1767/2026::302702_2.0002.50","geometry":{"type":"Polygon","coordinates":[[[18.6312844909642,52.0564391783656],[18.6314081245926,52.0564229220925],[18.6313877714015,52.0564891835523],[18.6313472106344,52.0566217056786],[18.6313065038367,52.0567542285697],[18.6312482623798,52.0569854522654],[18.6311728978822,52.0571956306921],[18.6311043519055,52.0574220484585],[18.6310844352117,52.0574883075154],[18.6310018856276,52.057794231091],[18.6308803037672,52.0581933368314],[18.6304560967612,52.0595629080587],[18.630363275592,52.0598826457212],[18.6302808297427,52.0601660665711],[18.6299743696566,52.0612092976502],[18.6299284424631,52.0613755630819],[18.6298271812444,52.0616766552653],[18.6297651411841,52.0618794238444],[18.6296316143541,52.062362591835],[18.629556812855,52.0625972381289],[18.62944995242,52.0625724453945],[18.6297825043804,52.0614165080895],[18.6298774597695,52.0610866769499],[18.6299003903496,52.0610063806119],[18.630052621674,52.0604776063104],[18.6305518058232,52.0588814959586],[18.6310652959216,52.0571534235616],[18.6312844909642,52.0564391783656]]]},"properties":{"case_id":"ST-WK-TU/ZGŁOSZENIE/1767/2026","source_type":"zgloszenie","received_date":"2026-06-03","decision_date":null,"status":"Brak sprzeciwu","description":"Rozbudowa sieci kablowej niskiego napięcia poprzez budowę linii kablowej niskiego napięcia 0,4kV","address":"Bogdałów-Kolonia","city":"Bogdałów-Kolonia","office":"Starosta Powiatu Turek","case_kind":"rozbudowa istniejącego/istniejących obiektów budowlanych","parcel_ids":["302702_2.0002.337","302702_2.0002.49/4","302702_2.0002.50"],"location_quality":"dokładny","gunb_url":"https://wyszukiwarka.gunb.gov.pl/","parcel_count":3,"parcel_shard":"x074-y208","parcel_id":"302702_2.0002.50","location_source":"powiat turecki (wfs)"}},{"type":"Feature","id":"ST-WK-TU/ZGŁOSZENIE/2881/2025::302702_2.0004.119","geometry":{"type":"Polygon","coordinates":[[[18.5716695185291,52.0736022049837],[18.5721544932952,52.0735331605568],[18.5727330422662,52.0734533390911],[18.5730239620299,52.0734080476202],[18.5731651530251,52.0733852505395],[18.5732645679615,52.0733691278704],[18.5739180830789,52.0732721124464],[18.5743091546243,52.0732172680359],[18.5743898989555,52.0732011455034],[18.5744573400999,52.0732598849969],[18.5739287644741,52.0733262963993],[18.5738578571144,52.0733366984725],[18.5732677003076,52.0734236087094],[18.5732133072255,52.0734321190914],[18.5727469419986,52.073505527684],[18.5721552825846,52.0735949046324],[18.5720689335338,52.0736062891651],[18.5719441431196,52.073622803596],[18.5716792718211,52.0736577937111],[18.571532347415,52.0736772013489],[18.5714487910064,52.0736902796152],[18.5712564974964,52.0737206026311],[18.5709106257742,52.0737747685744],[18.570781943471,52.0737949857232],[18.5703621064968,52.0738595748148],[18.5699417171309,52.0739159330326],[18.5696220674633,52.0739616167797],[18.5694927867553,52.0739800930768],[18.5690900928599,52.0740343307109],[18.5686750785369,52.0740959954475],[18.5684516894752,52.0741302056196],[18.5682080455145,52.0741677253371],[18.5680210596073,52.0741965191708],[18.5677821209185,52.0742413290678],[18.5675294568265,52.0742815744978],[18.5673049348802,52.0743128551467],[18.5671599753362,52.0743350054007],[18.5669855053619,52.0743619127919],[18.5668771098851,52.0743786297038],[18.5668308433051,52.0743856022251],[18.5666534433175,52.07441233806],[18.5665189366251,52.0744326100032],[18.5663107579649,52.0744639612037],[18.5658031107686,52.0745409998526],[18.5652708721103,52.074611323329],[18.5647100187322,52.0746913088187],[18.5641244236108,52.0747758141906],[18.563510008155,52.0748653079755],[18.563323252407,52.0748868974129],[18.563102534979,52.0749184493646],[18.5628799622675,52.0749531654643],[18.5626934057583,52.0749755726604],[18.5624415171035,52.0750128717224],[18.5622283679565,52.0750443580583],[18.5615354690409,52.0751337664518],[18.5609322236068,52.0752191489424],[18.5604192191407,52.0753007737562],[18.5600509263526,52.075360317313],[18.5592703522236,52.0754844056962],[18.559262979767,52.0754302341944],[18.56004002026,52.0753047331429],[18.5602756943887,52.0752663127944],[18.5611535786894,52.0751323494194],[18.5612824207533,52.0751125914438],[18.5622202022617,52.0749865139998],[18.562446903223,52.0749539743295],[18.5626818774214,52.0749219133396],[18.5628777746615,52.0748952030212],[18.5633266483375,52.074829782829],[18.5635147708439,52.0748041593084],[18.5641245442803,52.0747159532291],[18.5647097248714,52.07463333733],[18.5648998537565,52.074604203835],[18.5652621554771,52.0745563582867],[18.5657951356856,52.0744755152737],[18.566317428864,52.0744032598368],[18.5667052677972,52.0743435442654],[18.5667753433232,52.0743384122135],[18.5668634226285,52.074325225635],[18.5669184513747,52.074316781859],[18.5670279265323,52.0742999869116],[18.5671347808152,52.0742835639944],[18.5672982657207,52.0742585095567],[18.5675210664148,52.0742270727888],[18.5677744407984,52.0741892580167],[18.568014120509,52.0741420032478],[18.568199735553,52.074112785505],[18.5684705241088,52.0740717203353],[18.5686377821514,52.074045959152],[18.5690786797438,52.0739854989179],[18.5695036794754,52.0739252037244],[18.5699327654691,52.0738617324327],[18.5703651644824,52.0738019466211],[18.5707767913624,52.0737376210309],[18.5713319962041,52.0736555104168],[18.5716695185291,52.0736022049837]]]},"properties":{"case_id":"ST-WK-TU/ZGŁOSZENIE/2881/2025","source_type":"zgloszenie","received_date":"2025-09-11","decision_date":null,"status":"Brak sprzeciwu","description":"Budowa elektroenergetycznej sieci kablowej nN- 0,4 kV","address":"Bratuszyn","city":"Bratuszyn","office":"Starosta Powiatu Turek","case_kind":"budowa nowego/nowych obiektów budowlanych","parcel_ids":["302702_2.0004.119","302702_2.0004.122/1","302702_2.0004.44/2","302702_2.0004.44/3"],"location_quality":"dokładny","gunb_url":"https://wyszukiwarka.gunb.gov.pl/","parcel_count":4,"parcel_shard":"x074-y208","parcel_id":"302702_2.0004.119","location_source":"powiat turecki (wfs)"}},{"type":"Feature","id":"ST-WK-TU/ZGŁOSZENIE/2881/2025::302702_2.0004.122/1","geometry":{"type":"Polygon","coordinates":[[[18.5611535786894,52.0751323494194],[18.5602756943887,52.0752663127944],[18.5602042223815,52.0746837778511],[18.5606111302866,52.0746216233761],[18.5611270797504,52.0745428598574],[18.5611928355506,52.0750989966425],[18.5611535786894,52.0751323494194]]]},"properties":{"case_id":"ST-WK-TU/ZGŁOSZENIE/2881/2025","source_type":"zgloszenie","received_date":"2025-09-11","decision_date":null,"status":"Brak sprzeciwu","description":"Budowa elektroenergetycznej sieci kablowej nN- 0,4 kV","address":"Bratuszyn","city":"Bratuszyn","office":"Starosta Powiatu Turek","case_kind":"budowa nowego/nowych obiektów budowlanych","parcel_ids":["302702_2.0004.119","302702_2.0004.122/1","302702_2.0004.44/2","302702_2.0004.44/3"],"location_quality":"dokładny","gunb_url":"https://wyszukiwarka.gunb.gov.pl/","parcel_count":4,"parcel_shard":"x074-y208","parcel_id":"302702_2.0004.122/1","location_source":"powiat turecki (wfs)"}},{"type":"Feature","id":"ST-WK-TU/ZGŁOSZENIE/2881/2025::302702_2.0004.44/2","geometry":{"type":"Polygon","coordinates":[[[18.5619332279058,52.0782345429575],[18.5603935642329,52.0781212531926],[18.5601753556027,52.0763630612292],[18.5605593459206,52.0763449674129],[18.5604772738329,52.0756851859724],[18.5604367702684,52.0754210402097],[18.5604249572629,52.0753396647025],[18.5604192191407,52.0753007737562],[18.5609322236068,52.0752191489424],[18.5615354690409,52.0751337664518],[18.5619332279058,52.0782345429575]]]},"properties":{"case_id":"ST-WK-TU/ZGŁOSZENIE/2881/2025","source_type":"zgloszenie","received_date":"2025-09-11","decision_date":null,"status":"Brak sprzeciwu","description":"Budowa elektroenergetycznej sieci kablowej nN- 0,4 kV","address":"Bratuszyn","city":"Bratuszyn","office":"Starosta Powiatu Turek","case_kind":"budowa nowego/nowych obiektów budowlanych","parcel_ids":["302702_2.0004.119","302702_2.0004.122/1","302702_2.0004.44/2","302702_2.0004.44/3"],"location_quality":"dokładny","gunb_url":"https://wyszukiwarka.gunb.gov.pl/","parcel_count":4,"parcel_shard":"x074-y208","parcel_id":"302702_2.0004.44/2","location_source":"powiat turecki (wfs)"}},{"type":"Feature","id":"ST-WK-TU/ZGŁOSZENIE/2881/2025::302702_2.0004.44/3","geometry":{"type":"Polygon","coordinates":[[[18.5604192191407,52.0753007737562],[18.5604249572629,52.0753396647025],[18.5600509263526,52.075360317313],[18.5604192191407,52.0753007737562]]]},"properties":{"case_id":"ST-WK-TU/ZGŁOSZENIE/2881/2025","source_type":"zgloszenie","received_date":"2025-09-11","decision_date":null,"status":"Brak sprzeciwu","description":"Budowa elektroenergetycznej sieci kablowej nN- 0,4 kV","address":"Bratuszyn","city":"Bratuszyn","office":"Starosta Powiatu Turek","case_kind":"budowa nowego/nowych obiektów budowlanych","parcel_ids":["302702_2.0004.119","302702_2.0004.122/1","302702_2.0004.44/2","302702_2.0004.44/3"],"location_quality":"dokładny","gunb_url":"https://wyszukiwarka.gunb.gov.pl/","parcel_count":4,"parcel_shard":"x074-y208","parcel_id":"302702_2.0004.44/3","location_source":"powiat turecki (wfs)"}},{"type":"Feature","id":"ST-WK-TU/WNIOSEK/4071/2026::302702_2.0004.185/4","geometry":{"type":"Polygon","coordinates":[[[18.5610365188439,52.066259801438],[18.5610526031212,52.0659244373573],[18.5607326637979,52.0659273979809],[18.5620310257986,52.0655224185857],[18.5625630001665,52.065791371761],[18.5610365188439,52.066259801438]]]},"properties":{"case_id":"ST-WK-TU/WNIOSEK/4071/2026","source_type":"wniosek_decyzja","received_date":"2026-03-05","decision_date":"2026-04-08","status":"decyzja wydana","description":"Budowa budynku gospodarczo-garażowego","address":"Bratuszyn","city":"Bratuszyn","office":"Starosta Powiatu Turek","case_kind":"Obiekt budowlany inny niż budynek mieszkalny jednorodzinny","parcel_ids":["302702_2.0004.185/4"],"location_quality":"dokładny","gunb_url":"https://wyszukiwarka.gunb.gov.pl/","parcel_count":1,"parcel_shard":"x074-y208","parcel_id":"302702_2.0004.185/4","location_source":"powiat turecki (wfs)"}},{"type":"Feature","id":"ST-WK-TU/WNIOSEK/21250/2025::302702_2.0004.81","geometry":{"type":"Polygon","coordinates":[[[18.5712395636007,52.0776736277199],[18.5707770413604,52.0774594361487],[18.5703621064968,52.0738595748148],[18.570781943471,52.0737949857232],[18.5712395636007,52.0776736277199]]]},"properties":{"case_id":"ST-WK-TU/WNIOSEK/21250/2025","source_type":"wniosek_decyzja","received_date":"2025-10-17","decision_date":"2025-11-07","status":"decyzja wydana","description":"Budowa budynku mieszkalnego jednorodzinnego oraz budynku garażowo-gospodarczego","address":"Bratuszyn","city":"Bratuszyn","office":"Starosta Powiatu Turek","case_kind":"Budynek mieszkalny jednorodzinny","parcel_ids":["302702_2.0004.81"],"location_quality":"dokładny","gunb_url":"https://wyszukiwarka.gunb.gov.pl/","parcel_count":1,"parcel_shard":"x074-y208","parcel_id":"302702_2.0004.81","location_source":"powiat turecki (wfs)"}},{"type":"Feature","id":"ST-WK-TU/ZGŁOSZENIE/2574/2026::302702_2.0005.1234/1","geometry":{"type":"Polygon","coordinates":[[[18.6139943451418,52.0804537697284],[18.6139746609258,52.0804970149276],[18.6139245006871,52.0804668066673],[18.6139943451418,52.0804537697284]]]},"properties":{"case_id":"ST-WK-TU/ZGŁOSZENIE/2574/2026","source_type":"zgloszenie","received_date":"2026-08-07","decision_date":null,"status":"Brak sprzeciwu","description":"Rozbudowa sieci kablowej niskiego napięcia poprzez budowę linii kablowej niskiego napięcia 04kV","address":"Brudzew","city":"Brudzew","office":"Starosta Powiatu Turek","case_kind":"rozbudowa istniejącego/istniejących obiektów budowlanych","parcel_ids":["302702_2.0005.1234/1","302702_2.0005.1234/2","302702_2.0005.1235/3","302702_2.0005.1235/7","302702_2.0005.1310/2"],"location_quality":"dokładny","gunb_url":"https://wyszukiwarka.gunb.gov.pl/","parcel_count":5,"parcel_shard":"x074-y208","parcel_id":"302702_2.0005.1234/1","location_source":"powiat turecki (wfs)"}},{"type":"Feature","id":"ST-WK-TU/ZGŁOSZENIE/2574/2026::302702_2.0005.1234/2","geometry":{"type":"Polygon","coordinates":[[[18.6138680166467,52.0807306306403],[18.6129539027762,52.0809001385224],[18.6128404482886,52.0806689264623],[18.6139245006871,52.0804668066673],[18.6139746609258,52.0804970149276],[18.6138680166467,52.0807306306403]]]},"properties":{"case_id":"ST-WK-TU/ZGŁOSZENIE/2574/2026","source_type":"zgloszenie","received_date":"2026-08-07","decision_date":null,"status":"Brak sprzeciwu","description":"Rozbudowa sieci kablowej niskiego napięcia poprzez budowę linii kablowej niskiego napięcia 04kV","address":"Brudzew","city":"Brudzew","office":"Starosta Powiatu Turek","case_kind":"rozbudowa istniejącego/istniejących obiektów budowlanych","parcel_ids":["302702_2.0005.1234/1","302702_2.0005.1234/2","302702_2.0005.1235/3","302702_2.0005.1235/7","302702_2.0005.1310/2"],"location_quality":"dokładny","gunb_url":"https://wyszukiwarka.gunb.gov.pl/","parcel_count":5,"parcel_shard":"x074-y208","parcel_id":"302702_2.0005.1234/2","location_source":"powiat turecki (wfs)"}},{"type":"Feature","id":"ST-WK-TU/ZGŁOSZENIE/2574/2026::302702_2.0005.1235/3","geometry":{"type":"Polygon","coordinates":[[[18.6129445867985,52.080592795459],[18.6127993210417,52.0802969448716],[18.6129523532128,52.0802545345204],[18.6132629075275,52.0801993504472],[18.6134274979358,52.0801700917877],[18.6135762469356,52.0804750014211],[18.6129445867985,52.080592795459]]]},"properties":{"case_id":"ST-WK-TU/ZGŁOSZENIE/2574/2026","source_type":"zgloszenie","received_date":"2026-08-07","decision_date":null,"status":"Brak sprzeciwu","description":"Rozbudowa sieci kablowej niskiego napięcia poprzez budowę linii kablowej niskiego napięcia 04kV","address":"Brudzew","city":"Brudzew","office":"Starosta Powiatu Turek","case_kind":"rozbudowa istniejącego/istniejących obiektów budowlanych","parcel_ids":["302702_2.0005.1234/1","302702_2.0005.1234/2","302702_2.0005.1235/3","302702_2.0005.1235/7","302702_2.0005.1310/2"],"location_quality":"dokładny","gunb_url":"https://wyszukiwarka.gunb.gov.pl/","parcel_count":5,"parcel_shard":"x074-y208","parcel_id":"302702_2.0005.1235/3","location_source":"powiat turecki (wfs)"}},{"type":"Feature","id":"ST-WK-TU/ZGŁOSZENIE/2574/2026::302702_2.0005.1235/7","geometry":{"type":"Polygon","coordinates":[[[18.6100083319311,52.0811968342672],[18.6103218358726,52.0810871149076],[18.6103530161694,52.0810762279946],[18.6118487418884,52.0807972144457],[18.6124210395608,52.0806905203869],[18.6129445867985,52.080592795459],[18.6135762469356,52.0804750014211],[18.6139665101468,52.0804026827871],[18.6140341449078,52.0803668276693],[18.6139943451418,52.0804537697284],[18.6139245006871,52.0804668066673],[18.6128404482886,52.0806689264623],[18.6122198414859,52.0807845918845],[18.6117040007778,52.0808807456221],[18.6114442610845,52.0809291906013],[18.6111869945322,52.080977172781],[18.6106686744053,52.0810736943532],[18.6104131529848,52.0811213961571],[18.6100083319311,52.0811968342672]]]},"properties":{"case_id":"ST-WK-TU/ZGŁOSZENIE/2574/2026","source_type":"zgloszenie","received_date":"2026-08-07","decision_date":null,"status":"Brak sprzeciwu","description":"Rozbudowa sieci kablowej niskiego napięcia poprzez budowę linii kablowej niskiego napięcia 04kV","address":"Brudzew","city":"Brudzew","office":"Starosta Powiatu Turek","case_kind":"rozbudowa istniejącego/istniejących obiektów budowlanych","parcel_ids":["302702_2.0005.1234/1","302702_2.0005.1234/2","302702_2.0005.1235/3","302702_2.0005.1235/7","302702_2.0005.1310/2"],"location_quality":"dokładny","gunb_url":"https://wyszukiwarka.gunb.gov.pl/","parcel_count":5,"parcel_shard":"x074-y208","parcel_id":"302702_2.0005.1235/7","location_source":"powiat turecki (wfs)"}},{"type":"Feature","id":"ST-WK-TU/ZGŁOSZENIE/2574/2026::302702_2.0005.1310/2","geometry":{"type":"Polygon","coordinates":[[[18.6078818816227,52.0944093129004],[18.6078358256317,52.0944481889216],[18.607532970201,52.0948843852002],[18.6073544802597,52.095108657456],[18.6072382271927,52.0950712498067],[18.6074016690952,52.0948467657971],[18.6075604112951,52.0946377919423],[18.6078938161,52.094198817151],[18.6087565288313,52.0929504997903],[18.608812847898,52.0928534976991],[18.6088715542292,52.0927697106003],[18.6089162749675,52.0926967171945],[18.6089379181385,52.0926291462301],[18.6089846014442,52.0924831763158],[18.6089918637325,52.0923741759463],[18.6089850655075,52.0921491518942],[18.6089897774106,52.0915281542157],[18.6089920296674,52.0912422925496],[18.6090356957112,52.0910738046574],[18.6090911004556,52.0909231377527],[18.6091859447278,52.0907234803601],[18.6091921033389,52.0907106122047],[18.6091997422562,52.0906948426733],[18.6092674013321,52.0905581387858],[18.6092851352758,52.0905202306853],[18.609385475705,52.0903057419559],[18.6094217553415,52.0902281900151],[18.609464834627,52.0901361024321],[18.6095094946819,52.0900406356492],[18.6096045220585,52.089858996483],[18.6096343860371,52.0897981556374],[18.609683463063,52.0896981723332],[18.6097259907002,52.0896115315807],[18.6097581335061,52.0895460473946],[18.6097832585534,52.0894862735235],[18.6098020800248,52.0894409501678],[18.609836060189,52.0893600455043],[18.6098728229607,52.0892814520541],[18.6099063956018,52.0891921886108],[18.6099436693274,52.0891125080939],[18.6099848806164,52.0890003788019],[18.6100086186145,52.0889519425676],[18.6101066743478,52.0887406232839],[18.6101755652744,52.0885971109756],[18.6102460639306,52.0884478688895],[18.6102615502078,52.0884172092169],[18.6103423939966,52.0882461664396],[18.6103658439055,52.0881986913244],[18.610406825446,52.0881130000081],[18.6104379443145,52.0880477213422],[18.61047473282,52.0879711686621],[18.6105200635242,52.0878760594968],[18.610562164028,52.087788531506],[18.6106066505949,52.0876933957479],[18.610646181642,52.0876118435484],[18.6106666294526,52.0875680950274],[18.6106886727749,52.0875235465342],[18.610705690506,52.0874874359017],[18.6107336461355,52.0874288040526],[18.6107720207593,52.0873474021184],[18.6108225646109,52.0872429818651],[18.6108650534676,52.0871535879451],[18.6108970703518,52.0870865231596],[18.6109586201476,52.0869587400571],[18.6110904905955,52.0866823460928],[18.6111118878406,52.0866376029264],[18.6111346257349,52.0865903924898],[18.6111793617801,52.0864967066507],[18.611203773963,52.0864448362679],[18.6112264330651,52.0863984041715],[18.6112776890766,52.08629041322],[18.611299875134,52.0862446433195],[18.6113378888004,52.0861678570124],[18.6113623167935,52.0861163446038],[18.6113964192911,52.0860444308196],[18.6114189469978,52.0859969253011],[18.6114839718051,52.0858598034908],[18.6115736184313,52.0856707583949],[18.6116022120288,52.085610460686],[18.6116188748675,52.0855753221698],[18.6116398920394,52.0854940892326],[18.6116623626196,52.0854466977382],[18.6117439363262,52.085274261011],[18.6117658583005,52.0852276876924],[18.6118436217364,52.0850616181838],[18.6118847853322,52.0849738687783],[18.6119621753377,52.0848088608748],[18.6120002747036,52.0847287010844],[18.6120305902232,52.0846640980145],[18.6120698436211,52.0845802458399],[18.6120991081824,52.0845177472763],[18.6121243924765,52.0844637307049],[18.6121822364992,52.0843415204266],[18.6122377200913,52.084222922153],[18.6123999642177,52.083863586346],[18.6124432177405,52.0837625493735],[18.6124936443609,52.0836442741312],[18.612571254168,52.0834640183697],[18.6126180395542,52.0833834614991],[18.6126797648108,52.0832588911525],[18.6127314199242,52.0831520226282],[18.612791660924,52.0830253668752],[18.6128162703339,52.0829736257903],[18.6128323780303,52.0829397593785],[18.6128915136134,52.0828154265344],[18.6129553981388,52.082681108206],[18.6129965046667,52.0825938923126],[18.6130221561429,52.0825390526575],[18.6131143366268,52.0823419811743],[18.6131619759954,52.0822401328599],[18.6131889235041,52.0821825214909],[18.613216809723,52.082122903107],[18.6132686215427,52.0820121333471],[18.6133254564264,52.081890623999],[18.6133740126583,52.0817868133553],[18.6134323349724,52.0816621226811],[18.6134856602136,52.081548114902],[18.6135295802774,52.0814542146629],[18.613760902499,52.0809596455308],[18.613804405634,52.080866634173],[18.6138680166467,52.0807306306403],[18.6139746609258,52.0804970149276],[18.6139943451418,52.0804537697284],[18.6140341449078,52.0803668276693],[18.6141304485252,52.0801558256858],[18.6141621120464,52.0800394451389],[18.6143941018027,52.0800266167972],[18.6143311375159,52.0802012224531],[18.6142171638262,52.0804421618936],[18.6140529863514,52.0807861139056],[18.6139759309282,52.0809503302276],[18.6137571900541,52.0814224535301],[18.6137081959316,52.0815262221025],[18.6136613199448,52.0816263334146],[18.6136460620539,52.0816601472777],[18.6136050021927,52.0817495401514],[18.61355768659,52.0818505722131],[18.6135116226655,52.0819506514051],[18.6134497271933,52.0820822789379],[18.6134223580291,52.0821422081278],[18.6133975939423,52.0821944416475],[18.6133438982397,52.0823112885137],[18.613308553029,52.082382615319],[18.6132614878261,52.0824880313245],[18.6132344444713,52.0825453980653],[18.6131865621298,52.0826489080484],[18.6131263903396,52.0827755619828],[18.6130172857614,52.083005620439],[18.6129652410513,52.0831160959569],[18.612906781095,52.0832384490706],[18.6128533129243,52.0833510782185],[18.6128240866817,52.0834138782275],[18.6127433277301,52.0835868645893],[18.6126846779919,52.0837116400111],[18.6126290289694,52.0838312228142],[18.6124550818612,52.0842068001776],[18.6124092233684,52.0843067930104],[18.6123764494049,52.0843769176583],[18.612359121738,52.0844136734139],[18.6122889201581,52.0845660450513],[18.6122631670125,52.0846210042424],[18.612230049001,52.0846934109],[18.6121954988655,52.0847663321712],[18.6121220348611,52.0849280525811],[18.6120819287249,52.0850116507171],[18.6120019620523,52.0851840264787],[18.6119707136972,52.0852507273883],[18.6119018104655,52.0853974390581],[18.611878200507,52.085447749108],[18.6118382847258,52.0855328063172],[18.6118146755881,52.0855831152522],[18.6117981568229,52.085618315183],[18.6117582044896,52.0857034495973],[18.6117319892984,52.0857593113717],[18.6116960155624,52.0858359673276],[18.6116175782439,52.0860031073965],[18.6115770323018,52.0860895051891],[18.6115518509656,52.0861431629532],[18.6114930851093,52.0862683839624],[18.6114420723058,52.0863770838033],[18.6114235822201,52.0864164829683],[18.6114024672052,52.0864614753257],[18.6113646946054,52.0865419618296],[18.6113372856398,52.0866003651354],[18.6113177853587,52.0866419164324],[18.6111924717147,52.0869089334532],[18.6111863571097,52.0869219623185],[18.6111417759486,52.0870144991359],[18.6110864763142,52.0871293847613],[18.6110433093446,52.0872195750139],[18.6109940986675,52.0873215886006],[18.6109530931475,52.087406859674],[18.6109322582907,52.0874516493693],[18.6109111560817,52.0874945106588],[18.6108879622637,52.0875430236798],[18.6108701603821,52.0875805238731],[18.6108535186661,52.0876147522817],[18.6108326565062,52.0876575566489],[18.6107979697603,52.0877291380462],[18.6107519222448,52.0878246407035],[18.6107044596807,52.0879224144452],[18.6106665308225,52.0880036614761],[18.6106362920885,52.0880657193541],[18.6105906027842,52.0881610345279],[18.6105663594121,52.0882121506841],[18.6105283753498,52.0882893899493],[18.6104880236252,52.0883752419498],[18.6104094427839,52.088536970608],[18.6103598966467,52.0886411009743],[18.6103345274295,52.0886936947077],[18.6102403358663,52.0888696289144],[18.6102010901656,52.0889661838747],[18.6101544113735,52.0890691245572],[18.6101203709289,52.0891440795015],[18.6100699889353,52.0892516236361],[18.6100351419104,52.0893298461949],[18.6099983508543,52.0894107654707],[18.6099769911429,52.0894565968014],[18.6099401258061,52.0895365020689],[18.6099262829085,52.0895676974786],[18.6098708969431,52.0896870176984],[18.6098343805457,52.0897660304539],[18.6098002765094,52.0898430267268],[18.6097718426137,52.089905075023],[18.6097128544308,52.0900327452113],[18.6096816652332,52.0901048277085],[18.609641260155,52.0901903178307],[18.6096153236797,52.0902477699613],[18.6095821491854,52.0903200853648],[18.6094881688924,52.0905260550989],[18.6094239067361,52.0906665711609],[18.6094100930481,52.0906981189164],[18.609391466535,52.090737181785],[18.609329338288,52.0908733293124],[18.6092894829118,52.0909612149979],[18.6092206233001,52.0911242715851],[18.609207438175,52.0911782697854],[18.609196473794,52.0912225627918],[18.6091769039974,52.0912995218006],[18.6091761779118,52.0913535840359],[18.6091757312139,52.0913943586643],[18.6091740805847,52.0914242814603],[18.6091731923851,52.0914718577124],[18.6091682245283,52.0917119773288],[18.609167434452,52.0917856953266],[18.6091664722052,52.0918554405659],[18.6091715304628,52.0919003510648],[18.6091632491143,52.091956569089],[18.6091706719604,52.0921069414618],[18.6091875961707,52.0921474522975],[18.6091955420629,52.0922062696486],[18.609161543219,52.0923884530733],[18.6091466193879,52.0924797168268],[18.6091408230994,52.0925267165643],[18.6091348350225,52.0925595435275],[18.6091174758916,52.0926349529627],[18.6089449062627,52.092949831807],[18.608883158191,52.0930511832494],[18.6084004408074,52.0937478927306],[18.6083007305377,52.0938862792679],[18.6080108764342,52.0942717239281],[18.6079522930534,52.0943496284366],[18.6078990614144,52.094394735877],[18.6078818816227,52.0944093129004]]]},"properties":{"case_id":"ST-WK-TU/ZGŁOSZENIE/2574/2026","source_type":"zgloszenie","received_date":"2026-08-07","decision_date":null,"status":"Brak sprzeciwu","description":"Rozbudowa sieci kablowej niskiego napięcia poprzez budowę linii kablowej niskiego napięcia 04kV","address":"Brudzew","city":"Brudzew","office":"Starosta Powiatu Turek","case_kind":"rozbudowa istniejącego/istniejących obiektów budowlanych","parcel_ids":["302702_2.0005.1234/1","302702_2.0005.1234/2","302702_2.0005.1235/3","302702_2.0005.1235/7","302702_2.0005.1310/2"],"location_quality":"dokładny","gunb_url":"https://wyszukiwarka.gunb.gov.pl/","parcel_count":5,"parcel_shard":"x074-y208","parcel_id":"302702_2.0005.1310/2","location_source":"powiat turecki (wfs)"}},{"type":"Feature","id":"ST-WK-TU/WNIOSEK/25906/2025::302702_2.0005.1439","geometry":{"type":"Polygon","coordinates":[[[18.610218002006,52.0939066412702],[18.6101135499687,52.0938340192715],[18.6101480448275,52.0938274592449],[18.6104084308997,52.0937780253517],[18.6105676521626,52.093747180811],[18.6108328647585,52.0936986197844],[18.6108736743078,52.0937804690925],[18.6106277024465,52.0938274924673],[18.6105048800242,52.0938523063801],[18.6104938186784,52.0938544309086],[18.6103731615334,52.0938775257444],[18.6103194536685,52.0938876906361],[18.610218002006,52.0939066412702]]]},"properties":{"case_id":"ST-WK-TU/WNIOSEK/25906/2025","source_type":"wniosek_decyzja","received_date":"2025-12-22","decision_date":"2026-02-04","status":"decyzja wydana","description":"Rozbudowa, nadbudowa i przebudowa budynku mieszkalnego i gospodarczego wraz ze zmianą sposobu użytkowania budynku gospodarczego na budynek mieszkalny jednorodzinny","address":"Piaski, Brudzew","city":"Brudzew","office":"Starosta Powiatu Turek","case_kind":"Budynek mieszkalny jednorodzinny","parcel_ids":["302702_2.0005.1439"],"location_quality":"dokładny","gunb_url":"https://wyszukiwarka.gunb.gov.pl/","parcel_count":1,"parcel_shard":"x074-y208","parcel_id":"302702_2.0005.1439","location_source":"powiat turecki (wfs)"}},{"type":"Feature","id":"ST-WK-TU/WNIOSEK/14355/2026::302702_2.0005.1472","geometry":{"type":"Polygon","coordinates":[[[18.6002012900017,52.0993842130931],[18.6001845028835,52.0994046267443],[18.6000740891712,52.0995394045087],[18.5992034908207,52.099297082164],[18.5992699680097,52.0991658085475],[18.5999477501495,52.0992868382729],[18.599991373879,52.0993405227948],[18.6002012900017,52.0993842130931]]]},"properties":{"case_id":"ST-WK-TU/WNIOSEK/14355/2026","source_type":"wniosek_decyzja","received_date":"2026-07-28","decision_date":"2026-08-13","status":"decyzja wydana","description":"Przebudowa schodów zewnętrznych szkoły podstawowej","address":"Powstańców Wielkopolskich 35B, Brudzew","city":"Brudzew","office":"Starosta Powiatu Turek","case_kind":"Obiekt budowlany inny niż budynek mieszkalny jednorodzinny","parcel_ids":["302702_2.0005.1472","302702_2.0005.1583/1"],"location_quality":"dokładny","gunb_url":"https://wyszukiwarka.gunb.gov.pl/","parcel_count":2,"parcel_shard":"x074-y208","parcel_id":"302702_2.0005.1472","location_source":"powiat turecki (wfs)"}},{"type":"Feature","id":"ST-WK-TU/WNIOSEK/14355/2026::302702_2.0005.1583/1","geometry":{"type":"Polygon","coordinates":[[[18.5988441457185,52.0990884120086],[18.5992699680097,52.0991658085475],[18.5992034908207,52.099297082164],[18.6000740891712,52.0995394045087],[18.6001845028835,52.0994046267443],[18.6008925677713,52.0995676848873],[18.6009375610299,52.0996260220722],[18.6008008911074,52.0998766737469],[18.6006418818083,52.1004090191651],[18.6005568062113,52.1004608464077],[18.6002405729019,52.1004945949102],[18.6000386937928,52.1004613830139],[18.6000249066595,52.1005176219641],[18.5996996619715,52.1005523251186],[18.5976679185682,52.1001561963594],[18.5976971460513,52.1000990768989],[18.5978500120782,52.0997764167525],[18.5979121210824,52.099645304982],[18.5980360153647,52.0993823673297],[18.5981848060107,52.0994101536566],[18.5982564224933,52.099259106558],[18.5984292273765,52.0992918580636],[18.5986373485866,52.0993313026372],[18.5986682816891,52.0993343051454],[18.598701086569,52.0993299045038],[18.5987227837663,52.099321818692],[18.5987436679795,52.0993016082358],[18.5988441457185,52.0990884120086]]]},"properties":{"case_id":"ST-WK-TU/WNIOSEK/14355/2026","source_type":"wniosek_decyzja","received_date":"2026-07-28","decision_date":"2026-08-13","status":"decyzja wydana","description":"Przebudowa schodów zewnętrznych szkoły podstawowej","address":"Powstańców Wielkopolskich 35B, Brudzew","city":"Brudzew","office":"Starosta Powiatu Turek","case_kind":"Obiekt budowlany inny niż budynek mieszkalny jednorodzinny","parcel_ids":["302702_2.0005.1472","302702_2.0005.1583/1"],"location_quality":"dokładny","gunb_url":"https://wyszukiwarka.gunb.gov.pl/","parcel_count":2,"parcel_shard":"x074-y208","parcel_id":"302702_2.0005.1583/1","location_source":"powiat turecki (wfs)"}},{"type":"Feature","id":"ST-WK-TU/WNIOSEK/8710/2026::302702_2.0005.1588/2","geometry":{"type":"Polygon","coordinates":[[[18.6014662187924,52.11085160697],[18.602059991989,52.1108350047248],[18.6021066504759,52.1116111503527],[18.6023405157187,52.1116111243429],[18.6015469170711,52.1118907479128],[18.6014662187924,52.11085160697]]]},"properties":{"case_id":"ST-WK-TU/WNIOSEK/8710/2026","source_type":"wniosek_decyzja","received_date":"2026-05-07","decision_date":"2026-06-03","status":"decyzja wydana","description":"Budowa budynku mieszkalnego jednorodzinnego","address":"Brudzew","city":"Brudzew","office":"Starosta Powiatu Turek","case_kind":"Budynek mieszkalny jednorodzinny","parcel_ids":["302702_2.0005.1588/2"],"location_quality":"dokładny","gunb_url":"https://wyszukiwarka.gunb.gov.pl/","parcel_count":1,"parcel_shard":"x074-y208","parcel_id":"302702_2.0005.1588/2","location_source":"powiat turecki (wfs)"}},{"type":"Feature","id":"ST-WK-TU/WNIOSEK/20682/2025::302702_2.0005.467/3","geometry":{"type":"Polygon","coordinates":[[[18.6045630008401,52.0976312354973],[18.604580668471,52.0976008267648],[18.6049268343445,52.097689664481],[18.6049033289922,52.0977234953888],[18.6041461709784,52.0975320428429],[18.604152038685,52.0975259229729],[18.6045630008401,52.0976312354973]]]},"properties":{"case_id":"ST-WK-TU/WNIOSEK/20682/2025","source_type":"wniosek_decyzja","received_date":"2025-10-10","decision_date":"2025-11-25","status":"decyzja wydana","description":"Zmiana sposobu użytkowania budynku z funkcji mieszkalnej na budynek mieszkalno-handlowo-usługowy wraz z remontem oraz nadbudowa budynku gospodarczego wraz z instalacjami i urządzeniami technicznymi","address":"Brudzew","city":"Brudzew","office":"Starosta Powiatu Turek","case_kind":"Obiekt budowlany inny niż budynek mieszkalny jednorodzinny","parcel_ids":["302702_2.0005.467/3","302702_2.0005.467/5"],"location_quality":"dokładny","gunb_url":"https://wyszukiwarka.gunb.gov.pl/","parcel_count":1,"parcel_shard":"x074-y208","parcel_id":"302702_2.0005.467/3","location_source":"powiat turecki (wfs)"}},{"type":"Feature","id":"ST-WK-TU/WNIOSEK/8320/2026::302702_2.0006.8/17","geometry":{"type":"Polygon","coordinates":[[[18.5274264250249,52.0990286659677],[18.5253702089489,52.0997333375916],[18.5233810865961,52.1004150255947],[18.523101668257,52.0997846794382],[18.5229821886958,52.0992273247585],[18.5250059924864,52.0989056377927],[18.5246333966762,52.0980093956553],[18.5256362585581,52.0978455715851],[18.52568996718,52.0979575921937],[18.5267893449276,52.0977737340803],[18.5268722494425,52.097939687598],[18.5274264250249,52.0990286659677]]]},"properties":{"case_id":"ST-WK-TU/WNIOSEK/8320/2026","source_type":"wniosek_decyzja","received_date":"2026-05-04","decision_date":"2026-06-09","status":"decyzja wydana","description":"Budowa instalacji gazowej zewnętrznej wraz z grupą 6 zbiorników naziemnych gazu płynnego V=6400dm3 dla budynków inwentarskich -kurnik K13 i K14","address":"Brudzyń","city":"Brudzyń","office":"Starosta Powiatu Turek","case_kind":"Obiekt budowlany inny niż budynek mieszkalny jednorodzinny","parcel_ids":["302702_2.0006.8/17"],"location_quality":"dokładny","gunb_url":"https://wyszukiwarka.gunb.gov.pl/","parcel_count":1,"parcel_shard":"x074-y208","parcel_id":"302702_2.0006.8/17","location_source":"powiat turecki (wfs)"}},{"type":"Feature","id":"ST-WK-TU/WNIOSEK/5178/2026::302702_2.0008.1/2","geometry":{"type":"Polygon","coordinates":[[[18.607328052406,52.1188022112004],[18.6073863701478,52.1187998181786],[18.6074116533336,52.1191704432793],[18.60750031454,52.1204732613382],[18.6076303531984,52.1221031042706],[18.6076381480427,52.1227125720885],[18.6075800176554,52.1227295280368],[18.6075720049148,52.1221048687874],[18.6074419561995,52.1204747560817],[18.607328052406,52.1188022112004]]]},"properties":{"case_id":"ST-WK-TU/WNIOSEK/5178/2026","source_type":"wniosek_decyzja","received_date":"2026-03-19","decision_date":"2026-05-25","status":"decyzja wydana","description":"Budowa drogi wewnętrznej w m. Cichów wraz z przebudową skrzyżowania z drogą gminną nr 642538P","address":"Cichów","city":"Cichów","office":"Starosta Powiatu Turek","case_kind":"Obiekt budowlany inny niż budynek mieszkalny jednorodzinny","parcel_ids":["302702_2.0008.1/2","302702_2.0008.60","302702_2.0008.79/1","302702_2.0008.80","302702_2.0008.882"],"location_quality":"dokładny","gunb_url":"https://wyszukiwarka.gunb.gov.pl/","parcel_count":5,"parcel_shard":"x074-y208","parcel_id":"302702_2.0008.1/2","location_source":"powiat turecki (wfs)"}},{"type":"Feature","id":"ST-WK-TU/WNIOSEK/5178/2026::302702_2.0008.60","geometry":{"type":"Polygon","coordinates":[[[18.6082916022825,52.1183074444548],[18.6088713983012,52.1182309678814],[18.6092317926315,52.1181665758823],[18.6094511164834,52.1181276880747],[18.6095820014005,52.1181056562659],[18.6097288442987,52.1180808882617],[18.6102363139605,52.1180008525811],[18.6107460850081,52.1179363796851],[18.6111962260524,52.1179006911585],[18.6117224631635,52.1178232380263],[18.6122008619276,52.1177204495152],[18.6124788834829,52.117680087726],[18.6128871282521,52.1176282629049],[18.6132664704649,52.1175827967616],[18.6139408366297,52.117498339385],[18.6142327163422,52.117477832379],[18.6147078762616,52.117428670052],[18.6148825532392,52.1174051214885],[18.6151870432972,52.117364155336],[18.6155803157393,52.1173085042643],[18.616117856039,52.1172341103339],[18.6167659797529,52.1171509985203],[18.6173213615902,52.117079818219],[18.6178906809567,52.1170067850308],[18.6181707668144,52.1169677248984],[18.6184799504022,52.1169245715565],[18.6185898465463,52.1169093744165],[18.6193143687018,52.116819286518],[18.6196588598976,52.1167733732104],[18.6205763343834,52.116656979507],[18.6206487675689,52.1166477001552],[18.6213805369459,52.1165544155919],[18.6214956720955,52.1165396976427],[18.6219663535368,52.1164720339549],[18.6224310173584,52.1164189985398],[18.6227824203231,52.1163736545559],[18.6230861058711,52.1163344669605],[18.6232366523609,52.1163150661811],[18.6234208416929,52.1162890317629],[18.6235812476228,52.1162663587679],[18.6237521183836,52.1162427707375],[18.6239260342187,52.1162186826663],[18.6240799171178,52.1162040957987],[18.6243687671404,52.1161698389302],[18.6250671017219,52.1160845863081],[18.6251226331018,52.1161131675338],[18.6250363751212,52.1161249876658],[18.6245551914971,52.116183731762],[18.624080935968,52.116240373281],[18.623912441397,52.1162575620325],[18.6237433410239,52.116282322134],[18.6236750991517,52.1162918740059],[18.623427884681,52.1163264314954],[18.623225646204,52.1163541328023],[18.6230891923862,52.1163698697218],[18.6228674883285,52.1163966326579],[18.6224335267209,52.1164491024915],[18.6219548077926,52.1165101307081],[18.6214977759558,52.116576194374],[18.6205786779862,52.1166933844456],[18.6196428416226,52.1168153389136],[18.6185946048861,52.1169454298066],[18.6184287945449,52.1169679384503],[18.6181385531239,52.1170073292641],[18.6178921275881,52.1170433912659],[18.6174040676812,52.1171081522773],[18.6161200363624,52.1172705122126],[18.6155658735582,52.1173535255608],[18.6151890324596,52.1174133936226],[18.6147179171612,52.1174749888712],[18.6142285122869,52.1175189905227],[18.6139195000876,52.1175533752528],[18.6132478383102,52.1176280578319],[18.6128898394453,52.1176678295193],[18.6122013287165,52.1177548310785],[18.6117407495994,52.1178575113808],[18.6112036367382,52.1179365397582],[18.6107272382539,52.1179741107941],[18.6102175967145,52.1180400072381],[18.6097619891949,52.1181125687361],[18.6095979326679,52.1181386335426],[18.6094331440781,52.1181680368373],[18.6092150233424,52.1182070348884],[18.6088857370788,52.1182658354901],[18.608324758959,52.1183402973762],[18.6082118192359,52.1183528459797],[18.6080392813628,52.1183719446692],[18.6075398407184,52.1184273234818],[18.6073063836417,52.1184629728077],[18.6073026182616,52.1184265306588],[18.6074584508414,52.1184027613113],[18.6076579933584,52.1183776911863],[18.6080133468851,52.1183329866954],[18.6082916022825,52.1183074444548]]]},"properties":{"case_id":"ST-WK-TU/WNIOSEK/5178/2026","source_type":"wniosek_decyzja","received_date":"2026-03-19","decision_date":"2026-05-25","status":"decyzja wydana","description":"Budowa drogi wewnętrznej w m. Cichów wraz z przebudową skrzyżowania z drogą gminną nr 642538P","address":"Cichów","city":"Cichów","office":"Starosta Powiatu Turek","case_kind":"Obiekt budowlany inny niż budynek mieszkalny jednorodzinny","parcel_ids":["302702_2.0008.1/2","302702_2.0008.60","302702_2.0008.79/1","302702_2.0008.80","302702_2.0008.882"],"location_quality":"dokładny","gunb_url":"https://wyszukiwarka.gunb.gov.pl/","parcel_count":5,"parcel_shard":"x074-y208","parcel_id":"302702_2.0008.60","location_source":"powiat turecki (wfs)"}},{"type":"Feature","id":"ST-WK-TU/WNIOSEK/5178/2026::302702_2.0008.79/1","geometry":{"type":"Polygon","coordinates":[[[18.6074584508414,52.1184027613113],[18.6073026182616,52.1184265306588],[18.607297081079,52.1183457015794],[18.6074584508414,52.1184027613113]]]},"properties":{"case_id":"ST-WK-TU/WNIOSEK/5178/2026","source_type":"wniosek_decyzja","received_date":"2026-03-19","decision_date":"2026-05-25","status":"decyzja wydana","description":"Budowa drogi wewnętrznej w m. Cichów wraz z przebudową skrzyżowania z drogą gminną nr 642538P","address":"Cichów","city":"Cichów","office":"Starosta Powiatu Turek","case_kind":"Obiekt budowlany inny niż budynek mieszkalny jednorodzinny","parcel_ids":["302702_2.0008.1/2","302702_2.0008.60","302702_2.0008.79/1","302702_2.0008.80","302702_2.0008.882"],"location_quality":"dokładny","gunb_url":"https://wyszukiwarka.gunb.gov.pl/","parcel_count":5,"parcel_shard":"x074-y208","parcel_id":"302702_2.0008.79/1","location_source":"powiat turecki (wfs)"}},{"type":"Feature","id":"ST-WK-TU/WNIOSEK/5178/2026::302702_2.0008.80","geometry":{"type":"Polygon","coordinates":[[[18.6073187720389,52.1204795736304],[18.6071887534429,52.1185067910676],[18.6071845223627,52.1184415180643],[18.6071822869121,52.1184084538299],[18.6071013444748,52.1172867191557],[18.6070993722711,52.1172597653159],[18.606835881508,52.113596533997],[18.606833008908,52.1135570015656],[18.6067587818632,52.1125306838266],[18.6067564461625,52.1124984289078],[18.606658001497,52.1111362418509],[18.6065798462818,52.1100293724755],[18.6065718716627,52.1099239550541],[18.6067185441081,52.1098998315996],[18.6067339545945,52.1099331631489],[18.606746287035,52.1099627789207],[18.6069209031702,52.1125294336596],[18.6069235338837,52.1125680981198],[18.6070886225262,52.1149942717064],[18.60708956791,52.1150081635295],[18.6071045696489,52.1153854710474],[18.6071065454264,52.1154126945171],[18.6071480239093,52.1159833987324],[18.6072326506667,52.1172366989385],[18.6072339015393,52.1172642856509],[18.6072460627547,52.1175468056746],[18.6072570077997,52.1177183301811],[18.6072716581393,52.1179476284207],[18.607297081079,52.1183457015794],[18.6073026182616,52.1184265306588],[18.6073063836417,52.1184629728077],[18.6072654987582,52.118496998806],[18.607268807701,52.1185431587997],[18.6072876670449,52.118803861165],[18.607328052406,52.1188022112004],[18.6074419561995,52.1204747560817],[18.6075720049148,52.1221048687874],[18.6075800176554,52.1227295280368],[18.6075157750372,52.1227478469532],[18.6074628291236,52.1227629498913],[18.6074501580837,52.122110217432],[18.6073187720389,52.1204795736304]]]},"properties":{"case_id":"ST-WK-TU/WNIOSEK/5178/2026","source_type":"wniosek_decyzja","received_date":"2026-03-19","decision_date":"2026-05-25","status":"decyzja wydana","description":"Budowa drogi wewnętrznej w m. Cichów wraz z przebudową skrzyżowania z drogą gminną nr 642538P","address":"Cichów","city":"Cichów","office":"Starosta Powiatu Turek","case_kind":"Obiekt budowlany inny niż budynek mieszkalny jednorodzinny","parcel_ids":["302702_2.0008.1/2","302702_2.0008.60","302702_2.0008.79/1","302702_2.0008.80","302702_2.0008.882"],"location_quality":"dokładny","gunb_url":"https://wyszukiwarka.gunb.gov.pl/","parcel_count":5,"parcel_shard":"x074-y208","parcel_id":"302702_2.0008.80","location_source":"powiat turecki (wfs)"}},{"type":"Feature","id":"ST-WK-TU/WNIOSEK/5178/2026::302702_2.0008.882","geometry":{"type":"Polygon","coordinates":[[[18.623427884681,52.1163264314954],[18.6236750991517,52.1162918740059],[18.6236811915046,52.1163646915411],[18.6234341315796,52.1163960995737],[18.6232299172655,52.1164220352225],[18.6230932417617,52.1164393941877],[18.6228739193807,52.1164671967754],[18.6224403623632,52.1165222673225],[18.6219584357746,52.1165834382888],[18.6215069060621,52.1166484222325],[18.620586781089,52.1167655392925],[18.6196476231194,52.1168850309278],[18.6186037381673,52.1170178374215],[18.6184327242646,52.1170416005271],[18.6181425292132,52.1170820694956],[18.6178960252489,52.1171163345666],[18.6174083127034,52.1171790219216],[18.6161243846748,52.1173438077492],[18.6155671834143,52.1174275003991],[18.6151949652682,52.117486213591],[18.6147239679288,52.11754717754],[18.6142344280504,52.1175914511666],[18.6139267250066,52.1176257245014],[18.6132562298182,52.1177003879829],[18.6128964907374,52.117740457982],[18.612205441422,52.1178295691715],[18.611744377116,52.1179311785404],[18.6112058916015,52.1180088807848],[18.6107303992329,52.1180471562788],[18.610220791941,52.1181138613777],[18.6098375750086,52.1181750847319],[18.6097654834303,52.1181865978277],[18.6096015803872,52.1182128399598],[18.6094345011768,52.1182426911231],[18.609220548434,52.1182807610315],[18.6089103909114,52.1183361014767],[18.6085679505653,52.1183813573117],[18.6083302284355,52.1184127657574],[18.6082171387213,52.1184252269131],[18.6080447465596,52.1184443232404],[18.607946969885,52.1184551162852],[18.6075418141151,52.1185000289818],[18.6073678852028,52.1185275112323],[18.6073863701478,52.1187998181786],[18.607328052406,52.1188022112004],[18.6072876670449,52.118803861165],[18.607268807701,52.1185431587997],[18.6072654987582,52.118496998806],[18.6073063836417,52.1184629728077],[18.6075398407184,52.1184273234818],[18.6080392813628,52.1183719446692],[18.6082118192359,52.1183528459797],[18.608324758959,52.1183402973762],[18.6088857370788,52.1182658354901],[18.6092150233424,52.1182070348884],[18.6094331440781,52.1181680368373],[18.6095979326679,52.1181386335426],[18.6097619891949,52.1181125687361],[18.6102175967145,52.1180400072381],[18.6107272382539,52.1179741107941],[18.6112036367382,52.1179365397582],[18.6117407495994,52.1178575113808],[18.6122013287165,52.1177548310785],[18.6128898394453,52.1176678295193],[18.6132478383102,52.1176280578319],[18.6139195000876,52.1175533752528],[18.6142285122869,52.1175189905227],[18.6147179171612,52.1174749888712],[18.6151890324596,52.1174133936226],[18.6155658735582,52.1173535255608],[18.6161200363624,52.1172705122126],[18.6174040676812,52.1171081522773],[18.6178921275881,52.1170433912659],[18.6181385531239,52.1170073292641],[18.6184287945449,52.1169679384503],[18.6185946048861,52.1169454298066],[18.6196428416226,52.1168153389136],[18.6205786779862,52.1166933844456],[18.6214977759558,52.116576194374],[18.6219548077926,52.1165101307081],[18.6224335267209,52.1164491024915],[18.6228674883285,52.1163966326579],[18.6230891923862,52.1163698697218],[18.623225646204,52.1163541328023],[18.623427884681,52.1163264314954]]]},"properties":{"case_id":"ST-WK-TU/WNIOSEK/5178/2026","source_type":"wniosek_decyzja","received_date":"2026-03-19","decision_date":"2026-05-25","status":"decyzja wydana","description":"Budowa drogi wewnętrznej w m. Cichów wraz z przebudową skrzyżowania z drogą gminną nr 642538P","address":"Cichów","city":"Cichów","office":"Starosta Powiatu Turek","case_kind":"Obiekt budowlany inny niż budynek mieszkalny jednorodzinny","parcel_ids":["302702_2.0008.1/2","302702_2.0008.60","302702_2.0008.79/1","302702_2.0008.80","302702_2.0008.882"],"location_quality":"dokładny","gunb_url":"https://wyszukiwarka.gunb.gov.pl/","parcel_count":5,"parcel_shard":"x074-y208","parcel_id":"302702_2.0008.882","location_source":"powiat turecki (wfs)"}},{"type":"Feature","id":"ST-WK-TU/WNIOSEK/2650/2026::302702_2.0008.337","geometry":{"type":"Polygon","coordinates":[[[18.6331800059081,52.1145488870854],[18.6331705294144,52.1145704193231],[18.6323888867773,52.1163454319365],[18.6319167158773,52.1163148653185],[18.6320461184674,52.1160045003415],[18.6322053619507,52.1156418512043],[18.632289482574,52.1154515507525],[18.6323416352316,52.1153350588677],[18.6324924376318,52.1149760923576],[18.6325927530045,52.1147400683042],[18.6328453589131,52.1146601576088],[18.6329085488603,52.1145862066272],[18.6331800059081,52.1145488870854]]]},"properties":{"case_id":"ST-WK-TU/WNIOSEK/2650/2026","source_type":"wniosek_decyzja","received_date":"2026-02-13","decision_date":"2026-03-13","status":"decyzja wydana","description":"Budowa budynku mieszkalnego jednorodzinnego z wewnętrzną i zewnętrzną instalacją gazową wraz z zbiornikiem podziemnym na gaz płynny o pojemności V=3700dm³","address":"Cichów","city":"Cichów","office":"Starosta Powiatu Turek","case_kind":"Budynek mieszkalny jednorodzinny","parcel_ids":["302702_2.0008.337"],"location_quality":"dokładny","gunb_url":"https://wyszukiwarka.gunb.gov.pl/","parcel_count":1,"parcel_shard":"x074-y208","parcel_id":"302702_2.0008.337","location_source":"powiat turecki (wfs)"}},{"type":"Feature","id":"ST-WK-TU/WNIOSEK/19464/2025::302702_2.0008.346/1","geometry":{"type":"Polygon","coordinates":[[[18.6257428141813,52.1163839437827],[18.6255916879653,52.1162158610125],[18.6258121749586,52.1162283528034],[18.6257428141813,52.1163839437827]]]},"properties":{"case_id":"ST-WK-TU/WNIOSEK/19464/2025","source_type":"wniosek_decyzja","received_date":"2025-09-24","decision_date":"2025-10-28","status":"decyzja wydana","description":"Rozbudowa, nadbudowa i przebudowa budynku usługowego wraz ze zmianą sposobu użytkowania na budynek mieszkalny wraz z instalacjami i urządzeniami technicznymi","address":"Kolnica","city":"Kolnica","office":"Starosta Powiatu Turek","case_kind":"Budynek mieszkalny jednorodzinny","parcel_ids":["302702_2.0008.346/1","302702_2.0008.347/3"],"location_quality":"dokładny","gunb_url":"https://wyszukiwarka.gunb.gov.pl/","parcel_count":2,"parcel_shard":"x074-y208","parcel_id":"302702_2.0008.346/1","location_source":"powiat turecki (wfs)"}},{"type":"Feature","id":"ST-WK-TU/WNIOSEK/19464/2025::302702_2.0008.347/3","geometry":{"type":"Polygon","coordinates":[[[18.6257428141813,52.1163839437827],[18.6258121749586,52.1162283528034],[18.626029583735,52.1162399617242],[18.6260513548235,52.1162411943379],[18.6259248560478,52.1165806238756],[18.6259097725718,52.1165669522907],[18.6258546087692,52.116506126646],[18.6257428141813,52.1163839437827]]]},"properties":{"case_id":"ST-WK-TU/WNIOSEK/19464/2025","source_type":"wniosek_decyzja","received_date":"2025-09-24","decision_date":"2025-10-28","status":"decyzja wydana","description":"Rozbudowa, nadbudowa i przebudowa budynku usługowego wraz ze zmianą sposobu użytkowania na budynek mieszkalny wraz z instalacjami i urządzeniami technicznymi","address":"Kolnica","city":"Kolnica","office":"Starosta Powiatu Turek","case_kind":"Budynek mieszkalny jednorodzinny","parcel_ids":["302702_2.0008.346/1","302702_2.0008.347/3"],"location_quality":"dokładny","gunb_url":"https://wyszukiwarka.gunb.gov.pl/","parcel_count":2,"parcel_shard":"x074-y208","parcel_id":"302702_2.0008.347/3","location_source":"powiat turecki (wfs)"}},{"type":"Feature","id":"ST-WK-TU/WNIOSEK/21142/2025::302702_2.0008.353/2","geometry":{"type":"Polygon","coordinates":[[[18.6315526726287,52.1164536352606],[18.6316458653616,52.1164568211715],[18.6316260633026,52.1166362380284],[18.6317717147835,52.1166425582734],[18.6303837075188,52.1198521437129],[18.6301905124939,52.1197159295351],[18.6315393275757,52.1165734270184],[18.6315526726287,52.1164536352606]]]},"properties":{"case_id":"ST-WK-TU/WNIOSEK/21142/2025","source_type":"wniosek_decyzja","received_date":"2025-10-16","decision_date":"2025-12-01","status":"decyzja wydana","description":"Wniosek o wydanie decyzji o zmianie pozwolenia na budowę nr 525/22 z dnia 10.10.2022 (AB.6740.413.2022), dot. Budowa budynku mieszkalnego jednorodzinnego i budynku gospodarczo-garażowego wraz z instalacjami i urządzeniami technicznymi","address":"Cichów","city":"Cichów","office":"Starosta Powiatu Turek","case_kind":"Budynek mieszkalny jednorodzinny","parcel_ids":["302702_2.0008.353/2","302702_2.0008.355"],"location_quality":"dokładny","gunb_url":"https://wyszukiwarka.gunb.gov.pl/","parcel_count":2,"parcel_shard":"x074-y208","parcel_id":"302702_2.0008.353/2","location_source":"powiat turecki (wfs)"}},{"type":"Feature","id":"ST-WK-TU/WNIOSEK/21142/2025::302702_2.0008.355","geometry":{"type":"Polygon","coordinates":[[[18.6319374261322,52.1164671231665],[18.6323318214598,52.1164810075133],[18.6307277572061,52.1200942063849],[18.6303837075188,52.1198521437129],[18.6317717147835,52.1166425582734],[18.6319175122932,52.1166488775559],[18.6319374261322,52.1164671231665]]]},"properties":{"case_id":"ST-WK-TU/WNIOSEK/21142/2025","source_type":"wniosek_decyzja","received_date":"2025-10-16","decision_date":"2025-12-01","status":"decyzja wydana","description":"Wniosek o wydanie decyzji o zmianie pozwolenia na budowę nr 525/22 z dnia 10.10.2022 (AB.6740.413.2022), dot. Budowa budynku mieszkalnego jednorodzinnego i budynku gospodarczo-garażowego wraz z instalacjami i urządzeniami technicznymi","address":"Cichów","city":"Cichów","office":"Starosta Powiatu Turek","case_kind":"Budynek mieszkalny jednorodzinny","parcel_ids":["302702_2.0008.353/2","302702_2.0008.355"],"location_quality":"dokładny","gunb_url":"https://wyszukiwarka.gunb.gov.pl/","parcel_count":2,"parcel_shard":"x074-y208","parcel_id":"302702_2.0008.355","location_source":"powiat turecki (wfs)"}},{"type":"Feature","id":"ST-WK-TU/WNIOSEK/12001/2026::302702_2.0008.39/2","geometry":{"type":"Polygon","coordinates":[[[18.6264277145065,52.120540854355],[18.6263525750001,52.1205345124936],[18.6260444187896,52.1205087355086],[18.6259502764843,52.1205008764361],[18.6257731006959,52.1204859979145],[18.625681108468,52.1189215850417],[18.6262255136701,52.1189071006249],[18.6260775733578,52.1167995698828],[18.6261698960969,52.1168656807869],[18.6264277145065,52.120540854355]]]},"properties":{"case_id":"ST-WK-TU/WNIOSEK/12001/2026","source_type":"wniosek_decyzja","received_date":"2026-06-24","decision_date":"2026-07-22","status":"decyzja wydana","description":"Budowa budynku mieszkalnego jednorodzinnego","address":"Cichów","city":"Cichów","office":"Starosta Powiatu Turek","case_kind":"Budynek mieszkalny jednorodzinny","parcel_ids":["302702_2.0008.39/2"],"location_quality":"dokładny","gunb_url":"https://wyszukiwarka.gunb.gov.pl/","parcel_count":1,"parcel_shard":"x074-y208","parcel_id":"302702_2.0008.39/2","location_source":"powiat turecki (wfs)"}},{"type":"Feature","id":"ST-WK-TU/WNIOSEK/14208/2026::302702_2.0011.111/3","geometry":{"type":"Polygon","coordinates":[[[18.5170745551086,52.088691863734],[18.5175609087042,52.0887281471356],[18.5171868398666,52.0893616865707],[18.5167272747663,52.0892904495663],[18.5168172969163,52.0891385171584],[18.5170745551086,52.088691863734]]]},"properties":{"case_id":"ST-WK-TU/WNIOSEK/14208/2026","source_type":"wniosek_decyzja","received_date":"2026-07-24","decision_date":"2026-08-28","status":"decyzja wydana","description":"Budowa budynku mieszkalnego jednorodzinnego","address":"Izabelin","city":"Izabelin","office":"Starosta Powiatu Turek","case_kind":"Budynek mieszkalny jednorodzinny","parcel_ids":["302702_2.0011.111/3"],"location_quality":"dokładny","gunb_url":"https://wyszukiwarka.gunb.gov.pl/","parcel_count":1,"parcel_shard":"x074-y208","parcel_id":"302702_2.0011.111/3","location_source":"powiat turecki (wfs)"}},{"type":"Feature","id":"ST-WK-TU/ZGŁOSZENIE/1494/2026::302702_2.0011.115/4","geometry":{"type":"Polygon","coordinates":[[[18.5200888406344,52.0887281244071],[18.5201147762413,52.088677459959],[18.5205016890257,52.0886594527798],[18.5204730269492,52.088711238849],[18.5200888406344,52.0887281244071]]]},"properties":{"case_id":"ST-WK-TU/ZGŁOSZENIE/1494/2026","source_type":"zgloszenie","received_date":"2026-05-12","decision_date":null,"status":"Brak sprzeciwu","description":"Rozbudowa sieci kablowej niskiego napięcia poprzez budowę linii kablowej niskiego napięcia 0,4kV","address":"Izabelin","city":"Izabelin","office":"Starosta Powiatu Turek","case_kind":"rozbudowa istniejącego/istniejących obiektów budowlanych","parcel_ids":["302702_2.0011.115/4","302702_2.0011.202","302702_2.0011.244"],"location_quality":"dokładny","gunb_url":"https://wyszukiwarka.gunb.gov.pl/","parcel_count":3,"parcel_shard":"x074-y208","parcel_id":"302702_2.0011.115/4","location_source":"powiat turecki (wfs)"}},{"type":"Feature","id":"ST-WK-TU/ZGŁOSZENIE/1494/2026::302702_2.0011.202","geometry":{"type":"Polygon","coordinates":[[[18.5265737119026,52.0873328715689],[18.5262903323981,52.087154172116],[18.5258194325558,52.0869120152547],[18.5254597361282,52.0866844247563],[18.5247347225085,52.0862724581346],[18.5244977556176,52.0861325304421],[18.5242838296392,52.0860098752875],[18.524073501428,52.0859033021821],[18.5238814409874,52.0857738387178],[18.5226277502519,52.08504120684],[18.5224698279116,52.0849489175376],[18.5218890279556,52.084609494852],[18.5216188398706,52.0844515927116],[18.5213531456747,52.0842963152313],[18.5212251615023,52.0842215178792],[18.5209677021566,52.0840710505346],[18.5208389743974,52.0839958174786],[18.5207337666635,52.0839584785461],[18.5202649850084,52.0836800324172],[18.5198286128499,52.0834053124588],[18.5197043793583,52.0833327027256],[18.5195891286271,52.0832653425995],[18.519348549333,52.0831288448699],[18.5191013341835,52.0830284674586],[18.5189592154781,52.0829844106057],[18.5188007623992,52.0829352897088],[18.5179970703355,52.0827680266696],[18.5176562860579,52.0827084974804],[18.5172581208661,52.0826636899194],[18.5169032327016,52.0826135793484],[18.5165510672959,52.0825638521775],[18.5161866470893,52.0825140009406],[18.5157517696131,52.0824545098592],[18.5142913560702,52.0822547139711],[18.5141303913436,52.0822326916329],[18.5137677087436,52.0821830705208],[18.5134699626457,52.082142332958],[18.5131204073536,52.0820945058513],[18.5127694708857,52.0820464887488],[18.5124057527809,52.0819967217012],[18.5120534972921,52.081974828815],[18.5119833632757,52.0819653365055],[18.5104702126614,52.0817444437376],[18.5095757924498,52.0816313477632],[18.5088656225732,52.0815286266054],[18.5082472220453,52.0814391673249],[18.5076186317063,52.0813372306244],[18.5069854907109,52.0812415817321],[18.5066472376285,52.0811904799396],[18.5063319779754,52.0811431604835],[18.5053109870187,52.0809983450956],[18.5048860343079,52.0809341040403],[18.5042024313631,52.0808308815018],[18.5030140105891,52.0806514617007],[18.5029810972508,52.0805993368361],[18.5030122337362,52.0806030562751],[18.5031166268695,52.0806155265983],[18.5036521035893,52.0806794905856],[18.5041414314218,52.0807554099041],[18.5046717328552,52.0808376829781],[18.5048481728581,52.0808650557744],[18.5051892357753,52.0809179669809],[18.5067137627458,52.0811497935786],[18.5081877261034,52.0813771368814],[18.5084172381272,52.0814059874353],[18.5086487444378,52.0814463607771],[18.5096143926154,52.0815921184317],[18.5107570611347,52.0817352947543],[18.5110046913658,52.0817663212944],[18.5113823400418,52.081814609795],[18.5117523108486,52.0818660335312],[18.5119517632425,52.0818938392595],[18.5119951601887,52.0818998525119],[18.5119966210331,52.0819000259273],[18.5124503568447,52.0819663632531],[18.5128817598483,52.0820152362769],[18.5150463781062,52.0823121521813],[18.5155305915441,52.0823785651863],[18.5167330149347,52.0825439928058],[18.5175861240353,52.0826639243235],[18.5180220142011,52.0827252000436],[18.5188320507414,52.0828941619736],[18.5191373936635,52.0829896961338],[18.5191725267936,52.0830006883455],[18.5194003372565,52.0830964774027],[18.5196443930388,52.0832358876926],[18.5202167407458,52.0835697949495],[18.5206631789398,52.0838302412964],[18.5214751703241,52.0843039346415],[18.5216826667326,52.084424979815],[18.5223635947667,52.0848221992073],[18.5227261583271,52.0850336961584],[18.5228819718443,52.0851245869842],[18.5232153236166,52.0853190396377],[18.523674532966,52.0855869039611],[18.5238423391329,52.0856847867631],[18.524107136108,52.0858695985956],[18.524291184508,52.0859476329365],[18.5245030801498,52.0860701964103],[18.5248761491216,52.0862878025932],[18.5255706185683,52.0866928687446],[18.5258642864788,52.0868641542981],[18.5265000784811,52.0872406170505],[18.5265274201565,52.0872546860009],[18.526718672089,52.0873530962618],[18.5270512692984,52.0875247907775],[18.5271672540375,52.0875747668289],[18.5274934115439,52.0877011803221],[18.527810743703,52.087813997612],[18.5278626885137,52.087832756701],[18.528007481606,52.0878868542575],[18.527993186312,52.0879341233256],[18.527953762597,52.087919289909],[18.5272882920056,52.0876888839951],[18.5268918864119,52.0875094060801],[18.5266126550772,52.0873604920619],[18.5265737119026,52.0873328715689]]]},"properties":{"case_id":"ST-WK-TU/ZGŁOSZENIE/1494/2026","source_type":"zgloszenie","received_date":"2026-05-12","decision_date":null,"status":"Brak sprzeciwu","description":"Rozbudowa sieci kablowej niskiego napięcia poprzez budowę linii kablowej niskiego napięcia 0,4kV","address":"Izabelin","city":"Izabelin","office":"Starosta Powiatu Turek","case_kind":"rozbudowa istniejącego/istniejących obiektów budowlanych","parcel_ids":["302702_2.0011.115/4","302702_2.0011.202","302702_2.0011.244"],"location_quality":"dokładny","gunb_url":"https://wyszukiwarka.gunb.gov.pl/","parcel_count":3,"parcel_shard":"x074-y208","parcel_id":"302702_2.0011.202","location_source":"powiat turecki (wfs)"}},{"type":"Feature","id":"ST-WK-TU/ZGŁOSZENIE/1494/2026::302702_2.0011.244","geometry":{"type":"Polygon","coordinates":[[[18.5036521035893,52.0806794905856],[18.5031166268695,52.0806155265983],[18.503533321062,52.0791933254943],[18.5035411175516,52.0791698280363],[18.5043065584364,52.076616207222],[18.5048528223424,52.0766652804807],[18.5036521035893,52.0806794905856]]]},"properties":{"case_id":"ST-WK-TU/ZGŁOSZENIE/1494/2026","source_type":"zgloszenie","received_date":"2026-05-12","decision_date":null,"status":"Brak sprzeciwu","description":"Rozbudowa sieci kablowej niskiego napięcia poprzez budowę linii kablowej niskiego napięcia 0,4kV","address":"Izabelin","city":"Izabelin","office":"Starosta Powiatu Turek","case_kind":"rozbudowa istniejącego/istniejących obiektów budowlanych","parcel_ids":["302702_2.0011.115/4","302702_2.0011.202","302702_2.0011.244"],"location_quality":"dokładny","gunb_url":"https://wyszukiwarka.gunb.gov.pl/","parcel_count":3,"parcel_shard":"x074-y208","parcel_id":"302702_2.0011.244","location_source":"powiat turecki (wfs)"}},{"type":"Feature","id":"ST-WK-TU/WNIOSEK/8249/2026::302702_2.0013.83","geometry":{"type":"Polygon","coordinates":[[[18.6807555948152,52.1094308938481],[18.6785217508002,52.1091229960696],[18.6786167584038,52.10885226877],[18.6805296482424,52.109113311619],[18.6808826210102,52.1091614271027],[18.6808490904041,52.1093339986537],[18.6807555948152,52.1094308938481]]]},"properties":{"case_id":"ST-WK-TU/WNIOSEK/8249/2026","source_type":"wniosek_decyzja","received_date":"2026-04-30","decision_date":"2026-06-01","status":"decyzja wydana","description":"Budowa wybiegu dla zwierząt przy istniejącym budynku inwentarskim i bezodpływowego zbiornika na nieczystości ciekłe","address":"Janów","city":"Janów","office":"Starosta Powiatu Turek","case_kind":"Obiekt budowlany inny niż budynek mieszkalny jednorodzinny","parcel_ids":["302702_2.0013.83","302702_2.0013.86"],"location_quality":"dokładny","gunb_url":"https://wyszukiwarka.gunb.gov.pl/","parcel_count":2,"parcel_shard":"x074-y208","parcel_id":"302702_2.0013.83","location_source":"powiat turecki (wfs)"}},{"type":"Feature","id":"ST-WK-TU/WNIOSEK/8249/2026::302702_2.0013.86","geometry":{"type":"Polygon","coordinates":[[[18.6812005562374,52.1098773894199],[18.6783725127985,52.1094755568278],[18.6785217508002,52.1091229960696],[18.6807555948152,52.1094308938481],[18.6808440312366,52.1094491720338],[18.6812005562374,52.1098773894199]]]},"properties":{"case_id":"ST-WK-TU/WNIOSEK/8249/2026","source_type":"wniosek_decyzja","received_date":"2026-04-30","decision_date":"2026-06-01","status":"decyzja wydana","description":"Budowa wybiegu dla zwierząt przy istniejącym budynku inwentarskim i bezodpływowego zbiornika na nieczystości ciekłe","address":"Janów","city":"Janów","office":"Starosta Powiatu Turek","case_kind":"Obiekt budowlany inny niż budynek mieszkalny jednorodzinny","parcel_ids":["302702_2.0013.83","302702_2.0013.86"],"location_quality":"dokładny","gunb_url":"https://wyszukiwarka.gunb.gov.pl/","parcel_count":2,"parcel_shard":"x074-y208","parcel_id":"302702_2.0013.86","location_source":"powiat turecki (wfs)"}},{"type":"Feature","id":"ST-WK-TU/ZGŁOSZENIE/3137/2025::302702_2.0014.158","geometry":{"type":"Polygon","coordinates":[[[18.592004482784,52.0924222891675],[18.5920591798083,52.0923102932784],[18.5921069340305,52.0923682958756],[18.5927031282095,52.0924976037878],[18.5932991799027,52.0926269094059],[18.5933734534557,52.0926048744422],[18.5934775505396,52.0924220732038],[18.5935837853407,52.09223548613],[18.5936898733511,52.092048899692],[18.5937961051981,52.0918622225461],[18.5939023373571,52.0916756351756],[18.5940085686354,52.0914890477062],[18.5941485899753,52.0912428789486],[18.5955597048289,52.0916885757553],[18.5963842620147,52.0918725268805],[18.5966148283194,52.0926284221734],[18.5947646581891,52.0930211103252],[18.592004482784,52.0924222891675]],[[18.5941800796905,52.0921195027184],[18.5938834614348,52.0920343527099],[18.5938111876716,52.0920530523552],[18.5936521972114,52.0923325719045],[18.5934835045928,52.0926288578004],[18.5935192799392,52.092674696409],[18.5937619165184,52.0927273129146],[18.5940654334009,52.0927931940812],[18.5943756822552,52.0928604786117],[18.5946928102482,52.0929292555909],[18.5947651050458,52.0929449794583],[18.5954455156733,52.0928005226196],[18.5960265395994,52.0926772368261],[18.5960288079144,52.0926503511461],[18.5953976191527,52.0924691061965],[18.595073457415,52.0923760090528],[18.5947690726318,52.0922886534645],[18.5944712800818,52.0922031513362],[18.5941800796905,52.0921195027184]],[[18.594572266677,52.0914574443726],[18.5942664541653,52.0913609268952],[18.5941951862889,52.0913783633855],[18.5940419032542,52.0916477881395],[18.593888617191,52.0919171228132],[18.593922246695,52.0919662078058],[18.5941400594535,52.092028745544],[18.5944442953385,52.0921161035052],[18.5947485324069,52.0922034606763],[18.5950526235524,52.0922907279195],[18.5953568629868,52.0923780835109],[18.5956611036045,52.0924654383121],[18.5959653454057,52.0925527923232],[18.596176279652,52.0926133837096],[18.5962922401181,52.0926207965882],[18.5964125770844,52.0925952910185],[18.5964679727905,52.0925364986758],[18.5964037278687,52.0923256049685],[18.5962818123,52.0919261643778],[18.5960997476598,52.0918855603988],[18.5957830375345,52.0918148976042],[18.5955130145095,52.0917546040111],[18.5954687609942,52.091740626455],[18.5951699769345,52.0916462329449],[18.5948711953267,52.0915519285464],[18.594572266677,52.0914574443726]]]},"properties":{"case_id":"ST-WK-TU/ZGŁOSZENIE/3137/2025","source_type":"zgloszenie","received_date":"2025-10-03","decision_date":null,"status":"Brak sprzeciwu","description":"Rozbudowa sieci elektroenergetycznej poprzez budowę elektroenergetycznej linii kablowej nn-0,4kV wraz z budową rozdzielnicy szafowej nn-0,4kV w celu zasilania w energię elektryczną tłoczni ścieków","address":"Kolnica","city":"Kolnica","office":"Starosta Powiatu Turek","case_kind":"rozbudowa istniejącego/istniejących obiektów budowlanych","parcel_ids":["302702_2.0014.158","302702_2.0014.31/18","302702_2.0014.55","302702_2.0014.59"],"location_quality":"dokładny","gunb_url":"https://wyszukiwarka.gunb.gov.pl/","parcel_count":3,"parcel_shard":"x074-y208","parcel_id":"302702_2.0014.158","location_source":"powiat turecki (wfs)"}},{"type":"Feature","id":"ST-WK-TU/ZGŁOSZENIE/3137/2025::302702_2.0014.31/18","geometry":{"type":"Polygon","coordinates":[[[18.596850158637,52.0926253435115],[18.5986084525941,52.0929370317461],[18.5997302908521,52.093120977613],[18.6004353684971,52.0932714435508],[18.5998148234705,52.0942775767516],[18.5996640019923,52.0945220094858],[18.5993724075824,52.0944543743739],[18.5988909575248,52.0943427630044],[18.5994443027487,52.0934056449878],[18.5990316900575,52.0933121096223],[18.5989874446721,52.0933970016846],[18.5984126751555,52.0932243843375],[18.5981426446775,52.0931426154021],[18.5978005496842,52.0930405388215],[18.5969491743661,52.0928172759268],[18.596850158637,52.0926253435115]]]},"properties":{"case_id":"ST-WK-TU/ZGŁOSZENIE/3137/2025","source_type":"zgloszenie","received_date":"2025-10-03","decision_date":null,"status":"Brak sprzeciwu","description":"Rozbudowa sieci elektroenergetycznej poprzez budowę elektroenergetycznej linii kablowej nn-0,4kV wraz z budową rozdzielnicy szafowej nn-0,4kV w celu zasilania w energię elektryczną tłoczni ścieków","address":"Kolnica","city":"Kolnica","office":"Starosta Powiatu Turek","case_kind":"rozbudowa istniejącego/istniejących obiektów budowlanych","parcel_ids":["302702_2.0014.158","302702_2.0014.31/18","302702_2.0014.55","302702_2.0014.59"],"location_quality":"dokładny","gunb_url":"https://wyszukiwarka.gunb.gov.pl/","parcel_count":3,"parcel_shard":"x074-y208","parcel_id":"302702_2.0014.31/18","location_source":"powiat turecki (wfs)"}},{"type":"Feature","id":"ST-WK-TU/ZGŁOSZENIE/3137/2025::302702_2.0014.55","geometry":{"type":"Polygon","coordinates":[[[18.596647854355,52.0926210646084],[18.5966148283194,52.0926284221734],[18.5963842620147,52.0918725268805],[18.5955597048289,52.0916885757553],[18.5945562044521,52.0913716063279],[18.5941485899753,52.0912428789486],[18.5939988342767,52.0911955476291],[18.5936516671458,52.0910722728237],[18.5928095615367,52.090773344042],[18.5928423314064,52.0907381815719],[18.5940296276957,52.0911647529867],[18.5955811037827,52.0916624996882],[18.59641240872,52.0918494650067],[18.596647854355,52.0926210646084]]]},"properties":{"case_id":"ST-WK-TU/ZGŁOSZENIE/3137/2025","source_type":"zgloszenie","received_date":"2025-10-03","decision_date":null,"status":"Brak sprzeciwu","description":"Rozbudowa sieci elektroenergetycznej poprzez budowę elektroenergetycznej linii kablowej nn-0,4kV wraz z budową rozdzielnicy szafowej nn-0,4kV w celu zasilania w energię elektryczną tłoczni ścieków","address":"Kolnica","city":"Kolnica","office":"Starosta Powiatu Turek","case_kind":"rozbudowa istniejącego/istniejących obiektów budowlanych","parcel_ids":["302702_2.0014.158","302702_2.0014.31/18","302702_2.0014.55","302702_2.0014.59"],"location_quality":"dokładny","gunb_url":"https://wyszukiwarka.gunb.gov.pl/","parcel_count":3,"parcel_shard":"x074-y208","parcel_id":"302702_2.0014.55","location_source":"powiat turecki (wfs)"}},{"type":"Feature","id":"ST-WK-TU/WNIOSEK/18918/2025::302702_2.0014.20/12","geometry":{"type":"Polygon","coordinates":[[[18.5947903215383,52.0945339357069],[18.59525177754,52.0946460242774],[18.595159342972,52.09482777946],[18.5946880858275,52.094735963029],[18.5947903215383,52.0945339357069]]]},"properties":{"case_id":"ST-WK-TU/WNIOSEK/18918/2025","source_type":"wniosek_decyzja","received_date":"2025-09-16","decision_date":"2025-10-09","status":"decyzja wydana","description":"Budowa budynku mieszkalnego jednorodzinnego w zabudowie mieszkaniowej jednorodzinnej","address":"Brudzew","city":"Brudzew","office":"Starosta Powiatu Turek","case_kind":"Budynek mieszkalny jednorodzinny","parcel_ids":["302702_2.0014.20/12"],"location_quality":"dokładny","gunb_url":"https://wyszukiwarka.gunb.gov.pl/","parcel_count":1,"parcel_shard":"x074-y208","parcel_id":"302702_2.0014.20/12","location_source":"powiat turecki (wfs)"}},{"type":"Feature","id":"ST-WK-TU/ZGŁOSZENIE/2002/2026::302702_2.0014.20/12","geometry":{"type":"Polygon","coordinates":[[[18.5947903215383,52.0945339357069],[18.59525177754,52.0946460242774],[18.595159342972,52.09482777946],[18.5946880858275,52.094735963029],[18.5947903215383,52.0945339357069]]]},"properties":{"case_id":"ST-WK-TU/ZGŁOSZENIE/2002/2026","source_type":"zgloszenie","received_date":"2026-06-19","decision_date":null,"status":"Brak sprzeciwu","description":"Rozbudowa sieci elektroenergetycznej poprzez budowę elektroenergetycznej linii kablowej nn-0,4kV wraz z budową szafki pomiarowej nn-0,4kV w celu zasilania w energię elektryczną budynku mieszkalnego jednorodzinnego","address":"Kolnica","city":"Kolnica","office":"Starosta Powiatu Turek","case_kind":"rozbudowa istniejącego/istniejących obiektów budowlanych","parcel_ids":["302702_2.0014.20/12","302702_2.0014.20/8"],"location_quality":"dokładny","gunb_url":"https://wyszukiwarka.gunb.gov.pl/","parcel_count":2,"parcel_shard":"x074-y208","parcel_id":"302702_2.0014.20/12","location_source":"powiat turecki (wfs)"}},{"type":"Feature","id":"ST-WK-TU/ZGŁOSZENIE/2002/2026::302702_2.0014.20/8","geometry":{"type":"Polygon","coordinates":[[[18.5964590609131,52.0952707299048],[18.5961687504851,52.0949858533455],[18.5959625548485,52.0949364311437],[18.5954525171532,52.0948139991906],[18.5953334496738,52.0948423695342],[18.5952365244656,52.095039860451],[18.5951260588768,52.0952620270871],[18.5950141796848,52.0954852955301],[18.5947932675636,52.0955556912315],[18.5948335363875,52.0954734878302],[18.5948034922748,52.0954400802092],[18.5943734211169,52.0953578817319],[18.5944172945617,52.095271214281],[18.594847150288,52.0953552142922],[18.5949020047547,52.0953374191595],[18.5950616551687,52.0950196874569],[18.595159342972,52.09482777946],[18.59525177754,52.0946460242774],[18.5954786999591,52.0947011433653],[18.5958824781849,52.0947993197026],[18.5962312104824,52.0948841112571],[18.5962892428416,52.0948988374741],[18.5964037450536,52.0950124188511],[18.5966981461861,52.0953007347536],[18.5965089709636,52.0953180196081],[18.5964590609131,52.0952707299048]]]},"properties":{"case_id":"ST-WK-TU/ZGŁOSZENIE/2002/2026","source_type":"zgloszenie","received_date":"2026-06-19","decision_date":null,"status":"Brak sprzeciwu","description":"Rozbudowa sieci elektroenergetycznej poprzez budowę elektroenergetycznej linii kablowej nn-0,4kV wraz z budową szafki pomiarowej nn-0,4kV w celu zasilania w energię elektryczną budynku mieszkalnego jednorodzinnego","address":"Kolnica","city":"Kolnica","office":"Starosta Powiatu Turek","case_kind":"rozbudowa istniejącego/istniejących obiektów budowlanych","parcel_ids":["302702_2.0014.20/12","302702_2.0014.20/8"],"location_quality":"dokładny","gunb_url":"https://wyszukiwarka.gunb.gov.pl/","parcel_count":2,"parcel_shard":"x074-y208","parcel_id":"302702_2.0014.20/8","location_source":"powiat turecki (wfs)"}},{"type":"Feature","id":"ST-WK-TU/ZGŁOSZENIE/1731/2026::302702_2.0014.20/8","geometry":{"type":"Polygon","coordinates":[[[18.5964590609131,52.0952707299048],[18.5961687504851,52.0949858533455],[18.5959625548485,52.0949364311437],[18.5954525171532,52.0948139991906],[18.5953334496738,52.0948423695342],[18.5952365244656,52.095039860451],[18.5951260588768,52.0952620270871],[18.5950141796848,52.0954852955301],[18.5947932675636,52.0955556912315],[18.5948335363875,52.0954734878302],[18.5948034922748,52.0954400802092],[18.5943734211169,52.0953578817319],[18.5944172945617,52.095271214281],[18.594847150288,52.0953552142922],[18.5949020047547,52.0953374191595],[18.5950616551687,52.0950196874569],[18.595159342972,52.09482777946],[18.59525177754,52.0946460242774],[18.5954786999591,52.0947011433653],[18.5958824781849,52.0947993197026],[18.5962312104824,52.0948841112571],[18.5962892428416,52.0948988374741],[18.5964037450536,52.0950124188511],[18.5966981461861,52.0953007347536],[18.5965089709636,52.0953180196081],[18.5964590609131,52.0952707299048]]]},"properties":{"case_id":"ST-WK-TU/ZGŁOSZENIE/1731/2026","source_type":"zgloszenie","received_date":"2026-06-01","decision_date":null,"status":"Brak sprzeciwu","description":"Rozbudowa sieci elektroenergetycznej poprzez budowę i przebudowę elektroenergetycznych linii kablowych nn-0,4kV wraz z budową rozdzielnicy szafowej nn-0,4kV w celu zasilania w energię elektryczną budynku mieszkalnego jednorodzinnego","address":"Kolnica","city":"Kolnica","office":"Starosta Powiatu Turek","case_kind":"rozbudowa istniejącego/istniejących obiektów budowlanych","parcel_ids":["302702_2.0014.20/8","302702_2.0014.29/10","302702_2.0014.29/5"],"location_quality":"dokładny","gunb_url":"https://wyszukiwarka.gunb.gov.pl/","parcel_count":3,"parcel_shard":"x074-y208","parcel_id":"302702_2.0014.20/8","location_source":"powiat turecki (wfs)"}},{"type":"Feature","id":"ST-WK-TU/ZGŁOSZENIE/1731/2026::302702_2.0014.29/10","geometry":{"type":"Polygon","coordinates":[[[18.595749346386,52.0944125186542],[18.5960388473213,52.0946957960896],[18.5958824781849,52.0947993197026],[18.5954786999591,52.0947011433653],[18.5954643801988,52.0946010890665],[18.595749346386,52.0944125186542]]]},"properties":{"case_id":"ST-WK-TU/ZGŁOSZENIE/1731/2026","source_type":"zgloszenie","received_date":"2026-06-01","decision_date":null,"status":"Brak sprzeciwu","description":"Rozbudowa sieci elektroenergetycznej poprzez budowę i przebudowę elektroenergetycznych linii kablowych nn-0,4kV wraz z budową rozdzielnicy szafowej nn-0,4kV w celu zasilania w energię elektryczną budynku mieszkalnego jednorodzinnego","address":"Kolnica","city":"Kolnica","office":"Starosta Powiatu Turek","case_kind":"rozbudowa istniejącego/istniejących obiektów budowlanych","parcel_ids":["302702_2.0014.20/8","302702_2.0014.29/10","302702_2.0014.29/5"],"location_quality":"dokładny","gunb_url":"https://wyszukiwarka.gunb.gov.pl/","parcel_count":3,"parcel_shard":"x074-y208","parcel_id":"302702_2.0014.29/10","location_source":"powiat turecki (wfs)"}},{"type":"Feature","id":"ST-WK-TU/ZGŁOSZENIE/1731/2026::302702_2.0014.29/5","geometry":{"type":"Polygon","coordinates":[[[18.5942239184639,52.0943648509741],[18.5929874861766,52.0939802771247],[18.5926539851953,52.0938766144425],[18.5921503650898,52.0937199671289],[18.5914731143982,52.0935093619407],[18.5914986944138,52.0934574625615],[18.5942596177896,52.094316944605],[18.5943027249345,52.0942884150215],[18.594652588679,52.0943929791964],[18.5948478855956,52.0944513149409],[18.5950048270449,52.0944894411249],[18.5954643801988,52.0946010890665],[18.5954786999591,52.0947011433653],[18.59525177754,52.0946460242774],[18.5947903215383,52.0945339357069],[18.5942239184639,52.0943648509741]]]},"properties":{"case_id":"ST-WK-TU/ZGŁOSZENIE/1731/2026","source_type":"zgloszenie","received_date":"2026-06-01","decision_date":null,"status":"Brak sprzeciwu","description":"Rozbudowa sieci elektroenergetycznej poprzez budowę i przebudowę elektroenergetycznych linii kablowych nn-0,4kV wraz z budową rozdzielnicy szafowej nn-0,4kV w celu zasilania w energię elektryczną budynku mieszkalnego jednorodzinnego","address":"Kolnica","city":"Kolnica","office":"Starosta Powiatu Turek","case_kind":"rozbudowa istniejącego/istniejących obiektów budowlanych","parcel_ids":["302702_2.0014.20/8","302702_2.0014.29/10","302702_2.0014.29/5"],"location_quality":"dokładny","gunb_url":"https://wyszukiwarka.gunb.gov.pl/","parcel_count":3,"parcel_shard":"x074-y208","parcel_id":"302702_2.0014.29/5","location_source":"powiat turecki (wfs)"}},{"type":"Feature","id":"ST-WK-TU/WNIOSEK/8338/2026::302702_2.0017.365","geometry":{"type":"Polygon","coordinates":[[[18.6353483435292,52.0691094861138],[18.6355001988525,52.0677209815837],[18.6356193527173,52.0668172162339],[18.6357297109724,52.0669067715429],[18.6357535132559,52.0669294728953],[18.6357745550633,52.0669529081802],[18.6357924103978,52.0669778886247],[18.6358094188709,52.0670048510138],[18.6360022479116,52.0673285437945],[18.6357788405839,52.0691868904245],[18.6353483435292,52.0691094861138]]]},"properties":{"case_id":"ST-WK-TU/WNIOSEK/8338/2026","source_type":"wniosek_decyzja","received_date":"2026-05-04","decision_date":"2026-06-02","status":"decyzja wydana","description":"Rozbudowa, przebudowa i nadbudowa budynku garażowego wraz z instalacjami i urządzeniami technicznymi","address":"Krwony","city":"Krwony","office":"Starosta Powiatu Turek","case_kind":"Obiekt budowlany inny niż budynek mieszkalny jednorodzinny","parcel_ids":["302702_2.0017.365"],"location_quality":"dokładny","gunb_url":"https://wyszukiwarka.gunb.gov.pl/","parcel_count":1,"parcel_shard":"x074-y208","parcel_id":"302702_2.0017.365","location_source":"powiat turecki (wfs)"}},{"type":"Feature","id":"ST-WK-TU/WNIOSEK/1870/2026::302702_2.0017.666/5","geometry":{"type":"Polygon","coordinates":[[[18.6283282201966,52.0653117981821],[18.6290677473796,52.0653436259914],[18.6289922092233,52.0662988334045],[18.6289819989511,52.0662987081308],[18.6282431008233,52.0662920430379],[18.6283282201966,52.0653117981821]]]},"properties":{"case_id":"ST-WK-TU/WNIOSEK/1870/2026","source_type":"wniosek_decyzja","received_date":"2026-02-03","decision_date":"2026-03-09","status":"decyzja wydana","description":"Budowa budynku mieszkalnego jednorodzinnego w zabudowie zagrodowej","address":"Krwony","city":"Krwony","office":"Starosta Powiatu Turek","case_kind":"Budynek mieszkalny jednorodzinny","parcel_ids":["302702_2.0017.666/5"],"location_quality":"dokładny","gunb_url":"https://wyszukiwarka.gunb.gov.pl/","parcel_count":1,"parcel_shard":"x074-y208","parcel_id":"302702_2.0017.666/5","location_source":"powiat turecki (wfs)"}},{"type":"Feature","id":"ST-WK-TU/WNIOSEK/6196/2026::302702_2.0017.682","geometry":{"type":"Polygon","coordinates":[[[18.6185406078384,52.0688333278278],[18.6187251458257,52.0673593032782],[18.6192821935778,52.067381676657],[18.6191047829207,52.0690451447062],[18.6185027436473,52.069164557358],[18.6185406078384,52.0688333278278]]]},"properties":{"case_id":"ST-WK-TU/WNIOSEK/6196/2026","source_type":"wniosek_decyzja","received_date":"2026-04-01","decision_date":"2026-04-16","status":"decyzja wydana","description":"Rozbiórka budynku mieszkalnego","address":"Krwony","city":"Krwony","office":"Starosta Powiatu Turek","case_kind":"Budynek mieszkalny jednorodzinny","parcel_ids":["302702_2.0017.682"],"location_quality":"dokładny","gunb_url":"https://wyszukiwarka.gunb.gov.pl/","parcel_count":1,"parcel_shard":"x074-y208","parcel_id":"302702_2.0017.682","location_source":"powiat turecki (wfs)"}},{"type":"Feature","id":"ST-WK-TU/WNIOSEK/22165/2025::302702_2.0018.55/3","geometry":{"type":"Polygon","coordinates":[[[18.6654599028408,52.066118170508],[18.6660092373983,52.0666064470774],[18.6656199826337,52.0666054102848],[18.6651964291799,52.0662295822687],[18.6654599028408,52.066118170508]]]},"properties":{"case_id":"ST-WK-TU/WNIOSEK/22165/2025","source_type":"wniosek_decyzja","received_date":"2025-10-28","decision_date":"2025-12-16","status":"decyzja wydana","description":"Budowa budynku usługowego -Turystyka wiejska w zabudowie zagrodowej w gospodarstwie rolnym","address":"Kuźnica Janiszewska","city":"Kuźnica Janiszewska","office":"Starosta Powiatu Turek","case_kind":"Obiekt budowlany inny niż budynek mieszkalny jednorodzinny","parcel_ids":["302702_2.0018.55/3"],"location_quality":"dokładny","gunb_url":"https://wyszukiwarka.gunb.gov.pl/","parcel_count":1,"parcel_shard":"x074-y208","parcel_id":"302702_2.0018.55/3","location_source":"powiat turecki (wfs)"}},{"type":"Feature","id":"ST-WK-TU/WNIOSEK/3067/2026::302702_2.0019.517","geometry":{"type":"Polygon","coordinates":[[[18.6742163831215,52.1021961603027],[18.6741498751769,52.1019185402329],[18.6741263395057,52.1017514970756],[18.6742746485725,52.1017432787807],[18.6742945148024,52.1017637477982],[18.6744651169295,52.1017723891779],[18.6749043229991,52.1018231749484],[18.6755307984781,52.1019037152496],[18.6753821299165,52.1023422850271],[18.6742163831215,52.1021961603027]]]},"properties":{"case_id":"ST-WK-TU/WNIOSEK/3067/2026","source_type":"wniosek_decyzja","received_date":"2026-02-19","decision_date":"2026-06-03","status":"decyzja wydana","description":"Przebudowa wraz ze zmianą sposobu użytkowania budynku mieszkalnego jednorodzinnego na budynek usługowy z pomieszczeniami kulturowo- administracyjnymi i budowa parkingu","address":"Kwiatków","city":"Kwiatków","office":"Starosta Powiatu Turek","case_kind":"Obiekt budowlany inny niż budynek mieszkalny jednorodzinny","parcel_ids":["302702_2.0019.517"],"location_quality":"dokładny","gunb_url":"https://wyszukiwarka.gunb.gov.pl/","parcel_count":1,"parcel_shard":"x074-y208","parcel_id":"302702_2.0019.517","location_source":"powiat turecki (wfs)"}},{"type":"Feature","id":"ST-WK-TU/ZGŁOSZENIE/257/2026::302702_2.0020.197","geometry":{"type":"Polygon","coordinates":[[[18.5829891415129,52.0894394189493],[18.5819653862263,52.0915445301236],[18.5816281755172,52.0914102953133],[18.5819621695931,52.0907477573593],[18.5826913087554,52.0892692200535],[18.5829891415129,52.0894394189493]]]},"properties":{"case_id":"ST-WK-TU/ZGŁOSZENIE/257/2026","source_type":"zgloszenie","received_date":"2026-01-29","decision_date":null,"status":"Brak sprzeciwu","description":"Budowa linii kablowej oświetlenia ulicznego o długości 226mb","address":"Marulew","city":"Marulew","office":"Starosta Powiatu Turek","case_kind":"budowa nowego/nowych obiektów budowlanych","parcel_ids":["302702_2.0020.197","302702_2.0020.36/2"],"location_quality":"dokładny","gunb_url":"https://wyszukiwarka.gunb.gov.pl/","parcel_count":2,"parcel_shard":"x074-y208","parcel_id":"302702_2.0020.197","location_source":"powiat turecki (wfs)"}},{"type":"Feature","id":"ST-WK-TU/ZGŁOSZENIE/257/2026::302702_2.0020.36/2","geometry":{"type":"Polygon","coordinates":[[[18.5615770722318,52.0881735095398],[18.5624380750298,52.0881354423582],[18.5633567403902,52.0880945171313],[18.5635555361284,52.0880856601149],[18.5636113567459,52.0880831730577],[18.563674736394,52.0880803491816],[18.5642702634709,52.0880538138151],[18.5643188146889,52.0880516503447],[18.5652595485671,52.0880310472838],[18.5661603383589,52.0880113119865],[18.5670781997359,52.0879828630084],[18.5675378171181,52.0879723822026],[18.5680011969562,52.0879709593834],[18.5682978582509,52.0879621594571],[18.5684858603158,52.08795657923],[18.5689662936033,52.087960566854],[18.5699106721772,52.087933681641],[18.5702180864171,52.0879276674145],[18.5709312760976,52.0879094874346],[18.5710759465506,52.0879057991149],[18.5714113537687,52.087905985522],[18.5714936470542,52.0879123057251],[18.5717504508245,52.0879484590822],[18.5718344261381,52.0879875689966],[18.5721847857158,52.0881854937426],[18.5725219930797,52.0884621199335],[18.5725858949678,52.0885094534848],[18.5730970070075,52.0888876780714],[18.5731138122519,52.0889225624882],[18.5732087991195,52.0889596962492],[18.5733502694214,52.0889915869863],[18.574362433814,52.0891110697192],[18.5757046629858,52.0892671925843],[18.5757468175537,52.0892720955556],[18.5762357676712,52.0893136009072],[18.5764040802543,52.0893519788855],[18.5764765937151,52.089368523165],[18.5767574277255,52.0894375456593],[18.5769385573648,52.0895114291844],[18.5772212979723,52.0896217663188],[18.577586259897,52.0897828418463],[18.5779977548535,52.0899426994235],[18.578224708132,52.0900342775607],[18.5786908412041,52.0902285196674],[18.5791897918017,52.0904255573923],[18.5793039943464,52.0904735885122],[18.5797473484904,52.0906620171186],[18.580285326856,52.0908738852699],[18.5808064942782,52.0910816168609],[18.5813423405436,52.0912993548363],[18.5816281755172,52.0914102953133],[18.5819653862263,52.0915445301236],[18.5820027621932,52.0915461432168],[18.5819144840249,52.0916262925036],[18.5815780055102,52.0914860597495],[18.5812958805198,52.0913864810217],[18.5810380932376,52.0912828726424],[18.5808093453302,52.0911931490039],[18.5807580810607,52.0911716002881],[18.5802432111569,52.0909630327729],[18.5796947249606,52.0907392194577],[18.5792635106128,52.0905529145205],[18.5791490354414,52.0905036346282],[18.5781803708398,52.0901185387947],[18.5779488309016,52.0900264873064],[18.577882211273,52.0900000017042],[18.5771453230487,52.0897070370928],[18.5768661306949,52.0895960365167],[18.5766869902289,52.0895248137901],[18.5764422216745,52.0894649333728],[18.5762160849569,52.0894274737929],[18.5758946198097,52.0893880551925],[18.5758152419412,52.0893782744005],[18.5757664225112,52.0893803202564],[18.5743957242179,52.0892076364311],[18.5733165021262,52.0890901313624],[18.5730848775935,52.0890318182264],[18.5729714350445,52.0889725037133],[18.5725259662204,52.0886396783176],[18.5718605524914,52.0881425127873],[18.5717007942506,52.0880578676268],[18.5715898424474,52.0880227874265],[18.5714195478,52.0879994496563],[18.5709372259855,52.0879906613368],[18.5703565673073,52.0880058755713],[18.5699192875003,52.0880174278236],[18.5694045696821,52.088029960947],[18.5689570166082,52.0880408568079],[18.5684870789573,52.088052475603],[18.5682668297195,52.0880579416404],[18.5680160946915,52.0880640934418],[18.5675346506803,52.0880802667374],[18.5670915874589,52.08809514894],[18.5661857026133,52.0881220631355],[18.5652311365051,52.0881792081014],[18.5651293708716,52.0881822246196],[18.5624164391429,52.088262608538],[18.5615966171978,52.0882710453759],[18.5608755786654,52.0882948857909],[18.5608698829397,52.0882012912776],[18.5613110311662,52.0881856406788],[18.5615770722318,52.0881735095398]]]},"properties":{"case_id":"ST-WK-TU/ZGŁOSZENIE/257/2026","source_type":"zgloszenie","received_date":"2026-01-29","decision_date":null,"status":"Brak sprzeciwu","description":"Budowa linii kablowej oświetlenia ulicznego o długości 226mb","address":"Marulew","city":"Marulew","office":"Starosta Powiatu Turek","case_kind":"budowa nowego/nowych obiektów budowlanych","parcel_ids":["302702_2.0020.197","302702_2.0020.36/2"],"location_quality":"dokładny","gunb_url":"https://wyszukiwarka.gunb.gov.pl/","parcel_count":2,"parcel_shard":"x074-y208","parcel_id":"302702_2.0020.36/2","location_source":"powiat turecki (wfs)"}},{"type":"Feature","id":"ST-WK-TU/ZGŁOSZENIE/255/2026::302702_2.0020.244","geometry":{"type":"Polygon","coordinates":[[[18.5465355344588,52.0903387590834],[18.5468332856924,52.0900952411908],[18.5468675409609,52.0900685676447],[18.5472230896981,52.0897908958006],[18.5476753241555,52.0894377237869],[18.5481281317814,52.0890842776987],[18.5482553254029,52.0889858067197],[18.5499916170212,52.0876305047803],[18.5506276323062,52.0871339136462],[18.5512068344925,52.0866811765822],[18.5514465373855,52.0865261805898],[18.5515269258163,52.0864640354101],[18.5523169547808,52.0858532825129],[18.5525948402672,52.0856384505415],[18.5530296463626,52.0853022985161],[18.5534051174605,52.0850120134912],[18.5534281047203,52.0850230847923],[18.5534499910069,52.0850350259959],[18.553099109304,52.0853064034694],[18.5539081279175,52.0852842692988],[18.554034156387,52.0853527949739],[18.5532735584519,52.0853736241982],[18.5529710107289,52.0854598008539],[18.5514917300937,52.0866060524628],[18.5512955466486,52.0867288476723],[18.5512204051079,52.0867878908371],[18.5512008838577,52.0867784548107],[18.5507008985366,52.0871713211],[18.5507182181514,52.0871796889313],[18.5506602662621,52.0872248098738],[18.5500855190677,52.0876730293894],[18.5498444677,52.0878616440502],[18.5495622165158,52.0880816387088],[18.5491578420904,52.0883970252361],[18.5490417937223,52.0884878953626],[18.5489066625761,52.0885932350574],[18.5485248245317,52.088890987798],[18.5469274784595,52.0901374973128],[18.5468707072722,52.0901962726621],[18.5467199882379,52.0903164224554],[18.5467079106654,52.0902952667486],[18.5466547898091,52.090339385824],[18.5465788936408,52.0903406253061],[18.5465355344588,52.0903387590834]]]},"properties":{"case_id":"ST-WK-TU/ZGŁOSZENIE/255/2026","source_type":"zgloszenie","received_date":"2026-01-29","decision_date":null,"status":"Brak sprzeciwu","description":"Rozbudowa linii napowietrznej oświetlenia ulicznego o długości 56mb","address":"Marulew","city":"Marulew","office":"Starosta Powiatu Turek","case_kind":"rozbudowa istniejącego/istniejących obiektów budowlanych","parcel_ids":["302702_2.0020.244","302702_2.0020.4/4"],"location_quality":"dokładny","gunb_url":"https://wyszukiwarka.gunb.gov.pl/","parcel_count":2,"parcel_shard":"x074-y208","parcel_id":"302702_2.0020.244","location_source":"powiat turecki (wfs)"}},{"type":"Feature","id":"ST-WK-TU/ZGŁOSZENIE/255/2026::302702_2.0020.4/4","geometry":{"type":"Polygon","coordinates":[[[18.5514465373855,52.0865261805898],[18.5512068344925,52.0866811765822],[18.5506276323062,52.0871339136462],[18.5499916170212,52.0876305047803],[18.5495670064341,52.087438253875],[18.5469386896805,52.0862731778794],[18.5469686609357,52.0862501319043],[18.5485479300935,52.0850268400502],[18.5515269258163,52.0864640354101],[18.5514465373855,52.0865261805898]]]},"properties":{"case_id":"ST-WK-TU/ZGŁOSZENIE/255/2026","source_type":"zgloszenie","received_date":"2026-01-29","decision_date":null,"status":"Brak sprzeciwu","description":"Rozbudowa linii napowietrznej oświetlenia ulicznego o długości 56mb","address":"Marulew","city":"Marulew","office":"Starosta Powiatu Turek","case_kind":"rozbudowa istniejącego/istniejących obiektów budowlanych","parcel_ids":["302702_2.0020.244","302702_2.0020.4/4"],"location_quality":"dokładny","gunb_url":"https://wyszukiwarka.gunb.gov.pl/","parcel_count":2,"parcel_shard":"x074-y208","parcel_id":"302702_2.0020.4/4","location_source":"powiat turecki (wfs)"}},{"type":"Feature","id":"ST-WK-TU/ZGŁOSZENIE/3296/2025::302702_2.0021.127","geometry":{"type":"Polygon","coordinates":[[[18.5660926004513,52.1270984328296],[18.5658250516816,52.1271156103745],[18.5655371095164,52.1271877268801],[18.5655303783689,52.1271289778584],[18.5658897172261,52.1270557997481],[18.5660898017163,52.127045274324],[18.5666249275982,52.1270171223726],[18.566790290421,52.1270084224569],[18.5678324355467,52.1269433694302],[18.569264628854,52.1269238814544],[18.5705905575634,52.1269653793182],[18.5714243777986,52.1269857892345],[18.5720723306344,52.1269517291602],[18.5730706962992,52.1267986702052],[18.5736691390382,52.1267531575711],[18.5740831371434,52.1266959567771],[18.5745279893979,52.1265625659801],[18.575482052013,52.1263498425073],[18.5765153566617,52.1264392590639],[18.5765212467603,52.1264883045949],[18.5754883560186,52.1263857636301],[18.5745341150531,52.1266073861113],[18.5741144581351,52.1267468559719],[18.5736799320059,52.1267975955202],[18.5730805987038,52.1268420339789],[18.5722352573706,52.1269708919768],[18.5720693209484,52.1269903920285],[18.5714478449784,52.127027601961],[18.5714250721983,52.1270286584822],[18.57138044528,52.1270281094526],[18.5705969309658,52.1270184673759],[18.5692662236684,52.1269688135975],[18.5685779407144,52.1269781560315],[18.567838554542,52.1269881899257],[18.5667964083805,52.1270532430089],[18.5666327869605,52.1270637491284],[18.5660926004513,52.1270984328296]]]},"properties":{"case_id":"ST-WK-TU/ZGŁOSZENIE/3296/2025","source_type":"zgloszenie","received_date":"2025-10-15","decision_date":null,"status":"Brak sprzeciwu","description":"Budowa drogi wewnętrznej. Linia napowietrzna oświetlenia drogowego","address":"Olimpia","city":"Olimpia","office":"Starosta Powiatu Turek","case_kind":"budowa nowego/nowych obiektów budowlanych","parcel_ids":["302702_2.0021.127","302702_2.0021.159","302702_2.0022.367"],"location_quality":"dokładny","gunb_url":"https://wyszukiwarka.gunb.gov.pl/","parcel_count":3,"parcel_shard":"x074-y208","parcel_id":"302702_2.0021.127","location_source":"powiat turecki (wfs)"}},{"type":"Feature","id":"ST-WK-TU/ZGŁOSZENIE/3296/2025::302702_2.0021.159","geometry":{"type":"Polygon","coordinates":[[[18.5765153566617,52.1264392590639],[18.5770993184675,52.1263925414798],[18.577638891702,52.1263124234195],[18.5782224657714,52.1261682725403],[18.5785770459788,52.1260681151151],[18.5789468235844,52.1259688706874],[18.5792826932656,52.1258787796374],[18.579705670926,52.1257607562511],[18.5806840264704,52.125487831487],[18.5806898123668,52.1255285185227],[18.5799119336147,52.125743563767],[18.5792865400452,52.1259164203512],[18.5782273291842,52.1262055487814],[18.5776540896859,52.1263471324282],[18.5771145160604,52.1264272505588],[18.5765212467603,52.1264883045949],[18.5765153566617,52.1264392590639]]]},"properties":{"case_id":"ST-WK-TU/ZGŁOSZENIE/3296/2025","source_type":"zgloszenie","received_date":"2025-10-15","decision_date":null,"status":"Brak sprzeciwu","description":"Budowa drogi wewnętrznej. Linia napowietrzna oświetlenia drogowego","address":"Olimpia","city":"Olimpia","office":"Starosta Powiatu Turek","case_kind":"budowa nowego/nowych obiektów budowlanych","parcel_ids":["302702_2.0021.127","302702_2.0021.159","302702_2.0022.367"],"location_quality":"dokładny","gunb_url":"https://wyszukiwarka.gunb.gov.pl/","parcel_count":3,"parcel_shard":"x074-y208","parcel_id":"302702_2.0021.159","location_source":"powiat turecki (wfs)"}},{"type":"Feature","id":"ST-WK-TU/ZGŁOSZENIE/3296/2025::302702_2.0022.367","geometry":{"type":"Polygon","coordinates":[[[18.5806898123668,52.1255285185227],[18.5806840264704,52.125487831487],[18.5819018546601,52.1251773958787],[18.5819071337046,52.1252114377901],[18.5806898123668,52.1255285185227]]]},"properties":{"case_id":"ST-WK-TU/ZGŁOSZENIE/3296/2025","source_type":"zgloszenie","received_date":"2025-10-15","decision_date":null,"status":"Brak sprzeciwu","description":"Budowa drogi wewnętrznej. Linia napowietrzna oświetlenia drogowego","address":"Olimpia","city":"Olimpia","office":"Starosta Powiatu Turek","case_kind":"budowa nowego/nowych obiektów budowlanych","parcel_ids":["302702_2.0021.127","302702_2.0021.159","302702_2.0022.367"],"location_quality":"dokładny","gunb_url":"https://wyszukiwarka.gunb.gov.pl/","parcel_count":3,"parcel_shard":"x074-y208","parcel_id":"302702_2.0022.367","location_source":"powiat turecki (wfs)"}},{"type":"Feature","id":"ST-WK-TU/WNIOSEK/25068/2025::302702_2.0023.438/12","geometry":{"type":"Polygon","coordinates":[[[18.5537134412122,52.0711320823711],[18.5536655329564,52.0707373726109],[18.5539968691454,52.0707227830902],[18.554042739621,52.0711175921811],[18.5537134412122,52.0711320823711]]]},"properties":{"case_id":"ST-WK-TU/WNIOSEK/25068/2025","source_type":"wniosek_decyzja","received_date":"2025-12-10","decision_date":"2026-01-28","status":"decyzja wydana","description":"Budowa budynku mieszkalnego jednorodzinnego wraz z infrastrukturą techniczną, przydomową oczyszczalnią ścieków do 5m³ oraz zbiornikiem na gaz płynny o pojemności do 7m³","address":"Wincentów","city":"Wincentów","office":"Starosta Powiatu Turek","case_kind":"Budynek mieszkalny jednorodzinny","parcel_ids":["302702_2.0023.438/12"],"location_quality":"dokładny","gunb_url":"https://wyszukiwarka.gunb.gov.pl/","parcel_count":1,"parcel_shard":"x074-y208","parcel_id":"302702_2.0023.438/12","location_source":"powiat turecki (wfs)"}},{"type":"Feature","id":"ST-WK-TU/WNIOSEK/25070/2025::302702_2.0023.438/9","geometry":{"type":"Polygon","coordinates":[[[18.5535706863394,52.0699554084832],[18.5539060935888,52.0699402608024],[18.5539513189904,52.0703302194633],[18.5536179494865,52.070345267815],[18.5535706863394,52.0699554084832]]]},"properties":{"case_id":"ST-WK-TU/WNIOSEK/25070/2025","source_type":"wniosek_decyzja","received_date":"2025-12-11","decision_date":"2026-01-28","status":"decyzja wydana","description":"Budowa budynku mieszkalnego jednorodzinnego","address":"Wincentów","city":"Wincentów","office":"Starosta Powiatu Turek","case_kind":"Budynek mieszkalny jednorodzinny","parcel_ids":["302702_2.0023.438/9"],"location_quality":"dokładny","gunb_url":"https://wyszukiwarka.gunb.gov.pl/","parcel_count":1,"parcel_shard":"x074-y208","parcel_id":"302702_2.0023.438/9","location_source":"powiat turecki (wfs)"}},{"type":"Feature","id":"ST-WK-TU/WNIOSEK/5482/2026::302702_2.0023.440/3","geometry":{"type":"Polygon","coordinates":[[[18.5536026378429,52.0674207179378],[18.5539332500854,52.0674321074161],[18.5539370992095,52.0674603118125],[18.5537753149428,52.0674681726073],[18.553609596521,52.0674763213002],[18.5536026378429,52.0674207179378]]]},"properties":{"case_id":"ST-WK-TU/WNIOSEK/5482/2026","source_type":"wniosek_decyzja","received_date":"2026-03-24","decision_date":"2026-06-03","status":"decyzja wydana","description":"Budowa drogi gminnej w miejscowości Galew na odcinku 37m","address":"Wincentów","city":"Wincentów","office":"Starosta Powiatu Turek","case_kind":"Obiekt budowlany inny niż budynek mieszkalny jednorodzinny","parcel_ids":["302702_2.0023.440/3","302702_2.0023.452/3","302702_2.0023.546/2"],"location_quality":"dokładny","gunb_url":"https://wyszukiwarka.gunb.gov.pl/","parcel_count":3,"parcel_shard":"x074-y208","parcel_id":"302702_2.0023.440/3","location_source":"powiat turecki (wfs)"}},{"type":"Feature","id":"ST-WK-TU/WNIOSEK/5482/2026::302702_2.0023.452/3","geometry":{"type":"Polygon","coordinates":[[[18.5542673713266,52.0674441985104],[18.5539370992095,52.0674603118125],[18.5539332500854,52.0674321074161],[18.5542673713266,52.0674441985104]]]},"properties":{"case_id":"ST-WK-TU/WNIOSEK/5482/2026","source_type":"wniosek_decyzja","received_date":"2026-03-24","decision_date":"2026-06-03","status":"decyzja wydana","description":"Budowa drogi gminnej w miejscowości Galew na odcinku 37m","address":"Wincentów","city":"Wincentów","office":"Starosta Powiatu Turek","case_kind":"Obiekt budowlany inny niż budynek mieszkalny jednorodzinny","parcel_ids":["302702_2.0023.440/3","302702_2.0023.452/3","302702_2.0023.546/2"],"location_quality":"dokładny","gunb_url":"https://wyszukiwarka.gunb.gov.pl/","parcel_count":3,"parcel_shard":"x074-y208","parcel_id":"302702_2.0023.452/3","location_source":"powiat turecki (wfs)"}},{"type":"Feature","id":"ST-WK-TU/WNIOSEK/5482/2026::302702_2.0023.546/2","geometry":{"type":"Polygon","coordinates":[[[18.5501660228073,52.0673983083111],[18.5498895398242,52.0673940580617],[18.5498166179027,52.0673938589661],[18.5494505510969,52.0673929594847],[18.5494095693882,52.0673928808795],[18.5490838866447,52.0673908932038],[18.5486469538932,52.0673909505024],[18.5482216949356,52.0673850751998],[18.5479924371852,52.0673819071761],[18.547773492382,52.0673788812438],[18.5475851685931,52.0673762781853],[18.5473767738565,52.0673733973536],[18.5469436915916,52.0673666453319],[18.5468392552575,52.0673650168671],[18.546128647962,52.0673639132192],[18.5456882769159,52.0673635203174],[18.5456410509257,52.0673631534532],[18.545291673433,52.0673601463625],[18.5448370951855,52.067356736567],[18.5443990166198,52.0673643760518],[18.5438599168986,52.0673737749687],[18.5435317531616,52.0673794951278],[18.5430718087951,52.0673875107751],[18.5425772009051,52.0673961285162],[18.5425738194219,52.0673601918867],[18.5431299674851,52.067358313533],[18.5452550992006,52.0673365835076],[18.545664651843,52.0673239384103],[18.5460622095161,52.0673282801577],[18.5462707762116,52.0673311753332],[18.5464912973015,52.0673342360436],[18.546629981722,52.0673361606932],[18.5466957054502,52.067337072748],[18.5469191405509,52.0673401730972],[18.5471397099137,52.0673432332604],[18.5473516190802,52.0673461728902],[18.5475559160913,52.0673490065607],[18.5477692924462,52.0673519657855],[18.547985394331,52.0673549624114],[18.5481913859115,52.0673578184794],[18.5484104962839,52.0673608560413],[18.5485868823094,52.0673633010104],[18.5486438537811,52.0673640906602],[18.5490125919257,52.0673650052535],[18.5492385333088,52.067365565094],[18.5494208073173,52.06736601641],[18.5496177231043,52.067366503673],[18.5498173031584,52.0673669971976],[18.5498906680513,52.067367178524],[18.5501985040369,52.0673705942658],[18.5504190326423,52.0673730407558],[18.5505417973573,52.0673744025032],[18.5506236460468,52.0673753103187],[18.5508471854811,52.067377789399],[18.5509990727692,52.0673794736082],[18.551225582436,52.0673819849043],[18.5514188306491,52.0673841270885],[18.5516460187867,52.0673760177872],[18.5518459276334,52.0673688818271],[18.5519285636241,52.0673659319531],[18.5520245400581,52.0673625057858],[18.552166509346,52.0673574376187],[18.5522670596797,52.06736289864],[18.5524537093533,52.0673845839429],[18.552828948974,52.0673842626266],[18.5530094238371,52.0673782928096],[18.5531536704862,52.0673799061351],[18.5533245100137,52.0673818166594],[18.553581191474,52.0673846866948],[18.5537664184069,52.0673856142],[18.5539373196349,52.0673720480963],[18.5543005443663,52.0673436459543],[18.5545777651322,52.0673495704403],[18.5547075571383,52.0673523440086],[18.5548865341038,52.0673561683785],[18.5553267136197,52.0673592184694],[18.5559753226939,52.0673643398688],[18.5562307207605,52.0673670896131],[18.5569814331711,52.0673731835777],[18.5573507308895,52.0673761796199],[18.5576227571045,52.0673791173589],[18.5578100797575,52.0673788834173],[18.5578152631407,52.067484896186],[18.5576308716673,52.0674802844602],[18.5574127260944,52.0674709800604],[18.5572403993962,52.0674637056583],[18.5570574640216,52.0674594472017],[18.5568778085036,52.0674609253194],[18.5562300729482,52.0674558047616],[18.5561863103566,52.0674549327113],[18.5557974410499,52.0674499361553],[18.5556557300686,52.0674494055842],[18.5555014658227,52.0674488278223],[18.5553728140371,52.0674483458253],[18.5542673713266,52.0674441985104],[18.5539332500854,52.0674321074161],[18.5536026378429,52.0674207179378],[18.5532615270718,52.0674094666935],[18.5530815677106,52.0674099517652],[18.5529016083434,52.0674104365622],[18.5525489652278,52.0674199936337],[18.5523701470322,52.0674035033926],[18.5521687493933,52.0673843145688],[18.5516903118074,52.0674014023348],[18.551421932427,52.0674109868529],[18.551042400394,52.0674062005674],[18.5506253153928,52.0674002072971],[18.550443720048,52.0674001048577],[18.5502599978497,52.0673988848494],[18.5501660228073,52.0673983083111]]]},"properties":{"case_id":"ST-WK-TU/WNIOSEK/5482/2026","source_type":"wniosek_decyzja","received_date":"2026-03-24","decision_date":"2026-06-03","status":"decyzja wydana","description":"Budowa drogi gminnej w miejscowości Galew na odcinku 37m","address":"Wincentów","city":"Wincentów","office":"Starosta Powiatu Turek","case_kind":"Obiekt budowlany inny niż budynek mieszkalny jednorodzinny","parcel_ids":["302702_2.0023.440/3","302702_2.0023.452/3","302702_2.0023.546/2"],"location_quality":"dokładny","gunb_url":"https://wyszukiwarka.gunb.gov.pl/","parcel_count":3,"parcel_shard":"x074-y208","parcel_id":"302702_2.0023.546/2","location_source":"powiat turecki (wfs)"}},{"type":"Feature","id":"ST-WK-TU/ZGŁOSZENIE/2539/2026::302702_2.0023.508","geometry":{"type":"Polygon","coordinates":[[[18.5552175075436,52.0667695851869],[18.5553267136197,52.0673592184694],[18.5548865341038,52.0673561683785],[18.5544600495689,52.0639046862047],[18.5548871071905,52.0638462502604],[18.5552175075436,52.0667695851869]]]},"properties":{"case_id":"ST-WK-TU/ZGŁOSZENIE/2539/2026","source_type":"zgloszenie","received_date":"2026-08-04","decision_date":null,"status":"Brak sprzeciwu","description":"Rozbudowa sieci kablowej niskiego napięcia poprzez budowę linii kablowej niskiego napięcia 0,4kV","address":"Wincentów","city":"Wincentów","office":"Starosta Powiatu Turek","case_kind":"rozbudowa istniejącego/istniejących obiektów budowlanych","parcel_ids":["302702_2.0023.508","302702_2.0023.531/1","302702_2.0023.546/2"],"location_quality":"dokładny","gunb_url":"https://wyszukiwarka.gunb.gov.pl/","parcel_count":3,"parcel_shard":"x074-y208","parcel_id":"302702_2.0023.508","location_source":"powiat turecki (wfs)"}},{"type":"Feature","id":"ST-WK-TU/ZGŁOSZENIE/2539/2026::302702_2.0023.531/1","geometry":{"type":"Polygon","coordinates":[[[18.552828948974,52.0673842626266],[18.5524537093533,52.0673845839429],[18.552168666469,52.0658532767497],[18.5525412317321,52.0658263642123],[18.552828948974,52.0673842626266]]]},"properties":{"case_id":"ST-WK-TU/ZGŁOSZENIE/2539/2026","source_type":"zgloszenie","received_date":"2026-08-04","decision_date":null,"status":"Brak sprzeciwu","description":"Rozbudowa sieci kablowej niskiego napięcia poprzez budowę linii kablowej niskiego napięcia 0,4kV","address":"Wincentów","city":"Wincentów","office":"Starosta Powiatu Turek","case_kind":"rozbudowa istniejącego/istniejących obiektów budowlanych","parcel_ids":["302702_2.0023.508","302702_2.0023.531/1","302702_2.0023.546/2"],"location_quality":"dokładny","gunb_url":"https://wyszukiwarka.gunb.gov.pl/","parcel_count":3,"parcel_shard":"x074-y208","parcel_id":"302702_2.0023.531/1","location_source":"powiat turecki (wfs)"}},{"type":"Feature","id":"ST-WK-TU/ZGŁOSZENIE/2539/2026::302702_2.0023.546/2","geometry":{"type":"Polygon","coordinates":[[[18.5501660228073,52.0673983083111],[18.5498895398242,52.0673940580617],[18.5498166179027,52.0673938589661],[18.5494505510969,52.0673929594847],[18.5494095693882,52.0673928808795],[18.5490838866447,52.0673908932038],[18.5486469538932,52.0673909505024],[18.5482216949356,52.0673850751998],[18.5479924371852,52.0673819071761],[18.547773492382,52.0673788812438],[18.5475851685931,52.0673762781853],[18.5473767738565,52.0673733973536],[18.5469436915916,52.0673666453319],[18.5468392552575,52.0673650168671],[18.546128647962,52.0673639132192],[18.5456882769159,52.0673635203174],[18.5456410509257,52.0673631534532],[18.545291673433,52.0673601463625],[18.5448370951855,52.067356736567],[18.5443990166198,52.0673643760518],[18.5438599168986,52.0673737749687],[18.5435317531616,52.0673794951278],[18.5430718087951,52.0673875107751],[18.5425772009051,52.0673961285162],[18.5425738194219,52.0673601918867],[18.5431299674851,52.067358313533],[18.5452550992006,52.0673365835076],[18.545664651843,52.0673239384103],[18.5460622095161,52.0673282801577],[18.5462707762116,52.0673311753332],[18.5464912973015,52.0673342360436],[18.546629981722,52.0673361606932],[18.5466957054502,52.067337072748],[18.5469191405509,52.0673401730972],[18.5471397099137,52.0673432332604],[18.5473516190802,52.0673461728902],[18.5475559160913,52.0673490065607],[18.5477692924462,52.0673519657855],[18.547985394331,52.0673549624114],[18.5481913859115,52.0673578184794],[18.5484104962839,52.0673608560413],[18.5485868823094,52.0673633010104],[18.5486438537811,52.0673640906602],[18.5490125919257,52.0673650052535],[18.5492385333088,52.067365565094],[18.5494208073173,52.06736601641],[18.5496177231043,52.067366503673],[18.5498173031584,52.0673669971976],[18.5498906680513,52.067367178524],[18.5501985040369,52.0673705942658],[18.5504190326423,52.0673730407558],[18.5505417973573,52.0673744025032],[18.5506236460468,52.0673753103187],[18.5508471854811,52.067377789399],[18.5509990727692,52.0673794736082],[18.551225582436,52.0673819849043],[18.5514188306491,52.0673841270885],[18.5516460187867,52.0673760177872],[18.5518459276334,52.0673688818271],[18.5519285636241,52.0673659319531],[18.5520245400581,52.0673625057858],[18.552166509346,52.0673574376187],[18.5522670596797,52.06736289864],[18.5524537093533,52.0673845839429],[18.552828948974,52.0673842626266],[18.5530094238371,52.0673782928096],[18.5531536704862,52.0673799061351],[18.5533245100137,52.0673818166594],[18.553581191474,52.0673846866948],[18.5537664184069,52.0673856142],[18.5539373196349,52.0673720480963],[18.5543005443663,52.0673436459543],[18.5545777651322,52.0673495704403],[18.5547075571383,52.0673523440086],[18.5548865341038,52.0673561683785],[18.5553267136197,52.0673592184694],[18.5559753226939,52.0673643398688],[18.5562307207605,52.0673670896131],[18.5569814331711,52.0673731835777],[18.5573507308895,52.0673761796199],[18.5576227571045,52.0673791173589],[18.5578100797575,52.0673788834173],[18.5578152631407,52.067484896186],[18.5576308716673,52.0674802844602],[18.5574127260944,52.0674709800604],[18.5572403993962,52.0674637056583],[18.5570574640216,52.0674594472017],[18.5568778085036,52.0674609253194],[18.5562300729482,52.0674558047616],[18.5561863103566,52.0674549327113],[18.5557974410499,52.0674499361553],[18.5556557300686,52.0674494055842],[18.5555014658227,52.0674488278223],[18.5553728140371,52.0674483458253],[18.5542673713266,52.0674441985104],[18.5539332500854,52.0674321074161],[18.5536026378429,52.0674207179378],[18.5532615270718,52.0674094666935],[18.5530815677106,52.0674099517652],[18.5529016083434,52.0674104365622],[18.5525489652278,52.0674199936337],[18.5523701470322,52.0674035033926],[18.5521687493933,52.0673843145688],[18.5516903118074,52.0674014023348],[18.551421932427,52.0674109868529],[18.551042400394,52.0674062005674],[18.5506253153928,52.0674002072971],[18.550443720048,52.0674001048577],[18.5502599978497,52.0673988848494],[18.5501660228073,52.0673983083111]]]},"properties":{"case_id":"ST-WK-TU/ZGŁOSZENIE/2539/2026","source_type":"zgloszenie","received_date":"2026-08-04","decision_date":null,"status":"Brak sprzeciwu","description":"Rozbudowa sieci kablowej niskiego napięcia poprzez budowę linii kablowej niskiego napięcia 0,4kV","address":"Wincentów","city":"Wincentów","office":"Starosta Powiatu Turek","case_kind":"rozbudowa istniejącego/istniejących obiektów budowlanych","parcel_ids":["302702_2.0023.508","302702_2.0023.531/1","302702_2.0023.546/2"],"location_quality":"dokładny","gunb_url":"https://wyszukiwarka.gunb.gov.pl/","parcel_count":3,"parcel_shard":"x074-y208","parcel_id":"302702_2.0023.546/2","location_source":"powiat turecki (wfs)"}},{"type":"Feature","id":"ST-WK-TU/ZGŁOSZENIE/2683/2025::302706_2.0007.238/3","geometry":{"type":"Polygon","coordinates":[[[18.5839786806734,52.0074991540852],[18.5843531219058,52.0075878080078],[18.5842482059957,52.0080759357969],[18.5841984990327,52.0083076272852],[18.584148644757,52.0085392295914],[18.5840989367852,52.0087709210225],[18.5840490814995,52.0090025232715],[18.5839993725188,52.0092342146455],[18.5839495162229,52.0094658168373],[18.5838998062334,52.0096975081542],[18.5838499489273,52.0099291102887],[18.5838002379289,52.0101608015484],[18.5837370567183,52.0104543081202],[18.5834972594934,52.0115702064351],[18.5834493226291,52.0117929904211],[18.5834013841283,52.0120156845049],[18.5833127974789,52.0124281398687],[18.5825238915093,52.0126180980657],[18.5823298938344,52.0125413096946],[18.5823364802301,52.0125100882671],[18.5831930478708,52.0084942597164],[18.5832518032771,52.0082187515612],[18.5837366051843,52.0082592237702],[18.5838433219694,52.0078306790046],[18.5838959974514,52.0074800596424],[18.5839786806734,52.0074991540852]]]},"properties":{"case_id":"ST-WK-TU/ZGŁOSZENIE/2683/2025","source_type":"zgloszenie","received_date":"2025-08-27","decision_date":null,"status":"Brak sprzeciwu","description":"Rozbudowa sieci wodociągowej w m. Gajówka - Etap I","address":"Gajówka","city":"Gajówka","office":"Starosta Powiatu Turek","case_kind":"rozbudowa istniejącego/istniejących obiektów budowlanych","parcel_ids":["302706_2.0007.238/3","302706_2.0007.251","302706_2.0007.85/26","302706_2.0007.85/3"],"location_quality":"dokładny","gunb_url":"https://wyszukiwarka.gunb.gov.pl/","parcel_count":4,"parcel_shard":"x074-y208","parcel_id":"302706_2.0007.238/3","location_source":"powiat turecki (wfs)"}},{"type":"Feature","id":"ST-WK-TU/ZGŁOSZENIE/2683/2025::302706_2.0007.251","geometry":{"type":"Polygon","coordinates":[[[18.5948222287972,52.0008423722943],[18.5911565432934,52.0023096036723],[18.5909981749993,52.0023569545101],[18.5858844074875,52.0043224629431],[18.5857670522427,52.004387113372],[18.5854723748862,52.0044941892003],[18.5854455506347,52.0045478919522],[18.5850146673388,52.0054118173317],[18.5840877419285,52.0073181312253],[18.5839975272502,52.0075036446153],[18.5839786806734,52.0074991540852],[18.5838959974514,52.0074800596424],[18.5836787578138,52.0074288251421],[18.5837670084718,52.0072574306704],[18.5847323844759,52.0053530880724],[18.5851611765377,52.0045741122294],[18.5852260616906,52.0044797803295],[18.588281130557,52.0032754873136],[18.5903710290365,52.0024762109646],[18.5913917030893,52.0020545647962],[18.5932957709843,52.0013169686138],[18.594852531824,52.0007027837172],[18.5948222287972,52.0008423722943]]]},"properties":{"case_id":"ST-WK-TU/ZGŁOSZENIE/2683/2025","source_type":"zgloszenie","received_date":"2025-08-27","decision_date":null,"status":"Brak sprzeciwu","description":"Rozbudowa sieci wodociągowej w m. Gajówka - Etap I","address":"Gajówka","city":"Gajówka","office":"Starosta Powiatu Turek","case_kind":"rozbudowa istniejącego/istniejących obiektów budowlanych","parcel_ids":["302706_2.0007.238/3","302706_2.0007.251","302706_2.0007.85/26","302706_2.0007.85/3"],"location_quality":"dokładny","gunb_url":"https://wyszukiwarka.gunb.gov.pl/","parcel_count":4,"parcel_shard":"x074-y208","parcel_id":"302706_2.0007.251","location_source":"powiat turecki (wfs)"}},{"type":"Feature","id":"ST-WK-TU/ZGŁOSZENIE/2683/2025::302706_2.0007.85/26","geometry":{"type":"Polygon","coordinates":[[[18.5842482059957,52.0080759357969],[18.5843531219058,52.0075878080078],[18.5847034090038,52.0077786860752],[18.5849963126619,52.0080029244849],[18.5849671521309,52.0081345659949],[18.5842482059957,52.0080759357969]]]},"properties":{"case_id":"ST-WK-TU/ZGŁOSZENIE/2683/2025","source_type":"zgloszenie","received_date":"2025-08-27","decision_date":null,"status":"Brak sprzeciwu","description":"Rozbudowa sieci wodociągowej w m. Gajówka - Etap I","address":"Gajówka","city":"Gajówka","office":"Starosta Powiatu Turek","case_kind":"rozbudowa istniejącego/istniejących obiektów budowlanych","parcel_ids":["302706_2.0007.238/3","302706_2.0007.251","302706_2.0007.85/26","302706_2.0007.85/3"],"location_quality":"dokładny","gunb_url":"https://wyszukiwarka.gunb.gov.pl/","parcel_count":4,"parcel_shard":"x074-y208","parcel_id":"302706_2.0007.85/26","location_source":"powiat turecki (wfs)"}},{"type":"Feature","id":"ST-WK-TU/ZGŁOSZENIE/2683/2025::302706_2.0007.85/3","geometry":{"type":"Polygon","coordinates":[[[18.584240357715,52.0122488138917],[18.5840421335248,52.0122950071605],[18.5840468129887,52.0122740415764],[18.5840918180981,52.0120723940453],[18.5841415021869,52.0118497809022],[18.5841911869616,52.0116272576069],[18.584441248268,52.0105067229803],[18.5849963126619,52.0080029244849],[18.5847034090038,52.0077786860752],[18.5843531219058,52.0075878080078],[18.5850348841869,52.0077441437118],[18.5851917811342,52.0077804855031],[18.5845869873601,52.0104525548393],[18.584240357715,52.0122488138917]]]},"properties":{"case_id":"ST-WK-TU/ZGŁOSZENIE/2683/2025","source_type":"zgloszenie","received_date":"2025-08-27","decision_date":null,"status":"Brak sprzeciwu","description":"Rozbudowa sieci wodociągowej w m. Gajówka - Etap I","address":"Gajówka","city":"Gajówka","office":"Starosta Powiatu Turek","case_kind":"rozbudowa istniejącego/istniejących obiektów budowlanych","parcel_ids":["302706_2.0007.238/3","302706_2.0007.251","302706_2.0007.85/26","302706_2.0007.85/3"],"location_quality":"dokładny","gunb_url":"https://wyszukiwarka.gunb.gov.pl/","parcel_count":4,"parcel_shard":"x074-y208","parcel_id":"302706_2.0007.85/3","location_source":"powiat turecki (wfs)"}},{"type":"Feature","id":"ST-WK-TU/ZGŁOSZENIE/294/2026::302706_2.0007.27/1","geometry":{"type":"Polygon","coordinates":[[[18.5826667660365,52.0126951389792],[18.5825238915093,52.0126180980657],[18.5833127974789,52.0124281398687],[18.5840468129887,52.0122740415764],[18.5840421335248,52.0122950071605],[18.584240357715,52.0122488138917],[18.5850923062324,52.0120801026329],[18.5853246716377,52.0120830829034],[18.5858585137255,52.0121835233695],[18.58677988963,52.0124020976912],[18.5872563541238,52.0125151237924],[18.5879051751672,52.0126400367969],[18.5880479741883,52.0126708973715],[18.5882529251052,52.0127104596731],[18.5882178972704,52.0128048067361],[18.5880578433644,52.0127686937723],[18.5878837075734,52.012727779952],[18.5872641237761,52.0125825545476],[18.5865810277917,52.0124224375111],[18.5860415642754,52.0122741064353],[18.5858433343159,52.0122314642186],[18.5853226480381,52.0121289325168],[18.5850696443513,52.0121406155413],[18.5842159807383,52.0123119417003],[18.5832939804275,52.0125156877135],[18.583184030881,52.0125399607581],[18.5826667660365,52.0126951389792]]]},"properties":{"case_id":"ST-WK-TU/ZGŁOSZENIE/294/2026","source_type":"zgloszenie","received_date":"2026-02-03","decision_date":null,"status":"Brak sprzeciwu","description":"Rozbudowa sieci wodociągowej w m. Gajówka-etap II","address":"Gajówka","city":"Gajówka","office":"Starosta Powiatu Turek","case_kind":"rozbudowa istniejącego/istniejących obiektów budowlanych","parcel_ids":["302706_2.0007.27/1"],"location_quality":"dokładny","gunb_url":"https://wyszukiwarka.gunb.gov.pl/","parcel_count":1,"parcel_shard":"x074-y208","parcel_id":"302706_2.0007.27/1","location_source":"powiat turecki (wfs)"}},{"type":"Feature","id":"ST-WK-TU/ZGŁOSZENIE/3573/2025::302706_2.0007.4/2","geometry":{"type":"Polygon","coordinates":[[[18.5859338606777,52.0127594008139],[18.5860415642754,52.0122741064353],[18.5865810277917,52.0124224375111],[18.5864890255228,52.0128178352375],[18.5859338606777,52.0127594008139]]]},"properties":{"case_id":"ST-WK-TU/ZGŁOSZENIE/3573/2025","source_type":"zgloszenie","received_date":"2025-11-06","decision_date":null,"status":"Brak sprzeciwu","description":"Rozbudowa sieci elektroenergetycznej poprzez budowę elektroenergetycznej linii kablowej nn-0,4kV wraz z budową szafki pomiarowej nn-0,4kV w celu zasilania w energię elektryczną domu jednorodzinnego","address":"Gajówka","city":"Gajówka","office":"Starosta Powiatu Turek","case_kind":"rozbudowa istniejącego/istniejących obiektów budowlanych","parcel_ids":["302706_2.0007.4/2"],"location_quality":"dokładny","gunb_url":"https://wyszukiwarka.gunb.gov.pl/","parcel_count":1,"parcel_shard":"x074-y208","parcel_id":"302706_2.0007.4/2","location_source":"powiat turecki (wfs)"}},{"type":"Feature","id":"ST-WK-TU/ZGŁOSZENIE/189/2026::302706_2.0007.85/11","geometry":{"type":"Polygon","coordinates":[[[18.5836083678757,52.0110530172335],[18.5843066557044,52.0111099562324],[18.5842655046947,52.0112942376387],[18.5835686728554,52.0112374709428],[18.5836083678757,52.0110530172335]]]},"properties":{"case_id":"ST-WK-TU/ZGŁOSZENIE/189/2026","source_type":"zgloszenie","received_date":"2026-01-22","decision_date":null,"status":"Brak sprzeciwu","description":"Rozbudowa sieci kablowej niskiego napięcia poprzez budowę linii kablowej niskiego napięcia 0,4kV kablem YAKXS 4x120mm2 od istniejącego złącza kablowego","address":"Gajówka","city":"Gajówka","office":"Starosta Powiatu Turek","case_kind":"rozbudowa istniejącego/istniejących obiektów budowlanych","parcel_ids":["302706_2.0007.85/11","302706_2.0007.85/25","302706_2.0007.85/3"],"location_quality":"dokładny","gunb_url":"https://wyszukiwarka.gunb.gov.pl/","parcel_count":3,"parcel_shard":"x074-y208","parcel_id":"302706_2.0007.85/11","location_source":"powiat turecki (wfs)"}},{"type":"Feature","id":"ST-WK-TU/ZGŁOSZENIE/189/2026::302706_2.0007.85/25","geometry":{"type":"Polygon","coordinates":[[[18.5841984990327,52.0083076272852],[18.5842482059957,52.0080759357969],[18.5849671521309,52.0081345659949],[18.5849158444617,52.0083660859761],[18.5841984990327,52.0083076272852]]]},"properties":{"case_id":"ST-WK-TU/ZGŁOSZENIE/189/2026","source_type":"zgloszenie","received_date":"2026-01-22","decision_date":null,"status":"Brak sprzeciwu","description":"Rozbudowa sieci kablowej niskiego napięcia poprzez budowę linii kablowej niskiego napięcia 0,4kV kablem YAKXS 4x120mm2 od istniejącego złącza kablowego","address":"Gajówka","city":"Gajówka","office":"Starosta Powiatu Turek","case_kind":"rozbudowa istniejącego/istniejących obiektów budowlanych","parcel_ids":["302706_2.0007.85/11","302706_2.0007.85/25","302706_2.0007.85/3"],"location_quality":"dokładny","gunb_url":"https://wyszukiwarka.gunb.gov.pl/","parcel_count":3,"parcel_shard":"x074-y208","parcel_id":"302706_2.0007.85/25","location_source":"powiat turecki (wfs)"}},{"type":"Feature","id":"ST-WK-TU/ZGŁOSZENIE/189/2026::302706_2.0007.85/3","geometry":{"type":"Polygon","coordinates":[[[18.584240357715,52.0122488138917],[18.5840421335248,52.0122950071605],[18.5840468129887,52.0122740415764],[18.5840918180981,52.0120723940453],[18.5841415021869,52.0118497809022],[18.5841911869616,52.0116272576069],[18.584441248268,52.0105067229803],[18.5849963126619,52.0080029244849],[18.5847034090038,52.0077786860752],[18.5843531219058,52.0075878080078],[18.5850348841869,52.0077441437118],[18.5851917811342,52.0077804855031],[18.5845869873601,52.0104525548393],[18.584240357715,52.0122488138917]]]},"properties":{"case_id":"ST-WK-TU/ZGŁOSZENIE/189/2026","source_type":"zgloszenie","received_date":"2026-01-22","decision_date":null,"status":"Brak sprzeciwu","description":"Rozbudowa sieci kablowej niskiego napięcia poprzez budowę linii kablowej niskiego napięcia 0,4kV kablem YAKXS 4x120mm2 od istniejącego złącza kablowego","address":"Gajówka","city":"Gajówka","office":"Starosta Powiatu Turek","case_kind":"rozbudowa istniejącego/istniejących obiektów budowlanych","parcel_ids":["302706_2.0007.85/11","302706_2.0007.85/25","302706_2.0007.85/3"],"location_quality":"dokładny","gunb_url":"https://wyszukiwarka.gunb.gov.pl/","parcel_count":3,"parcel_shard":"x074-y208","parcel_id":"302706_2.0007.85/3","location_source":"powiat turecki (wfs)"}},{"type":"Feature","id":"ST-WK-TU/WNIOSEK/22774/2025::302706_2.0007.85/13","geometry":{"type":"Polygon","coordinates":[[[18.5837031325135,52.0106120384935],[18.584404912588,52.0106692292423],[18.584355926517,52.0108893224015],[18.5836557474998,52.0108323031872],[18.5837031325135,52.0106120384935]]]},"properties":{"case_id":"ST-WK-TU/WNIOSEK/22774/2025","source_type":"wniosek_decyzja","received_date":"2025-11-06","decision_date":"2025-12-19","status":"decyzja wydana","description":"Budowa budynku mieszkalnego jednorodzinnego wraz z zewnętrzną i  wewnętrzną instalacją gazową","address":"Gajówka","city":"Gajówka","office":"Starosta Powiatu Turek","case_kind":"Budynek mieszkalny jednorodzinny","parcel_ids":["302706_2.0007.85/13"],"location_quality":"dokładny","gunb_url":"https://wyszukiwarka.gunb.gov.pl/","parcel_count":1,"parcel_shard":"x074-y208","parcel_id":"302706_2.0007.85/13","location_source":"powiat turecki (wfs)"}},{"type":"Feature","id":"ST-WK-TU/ZGŁOSZENIE/1656/2026::302706_2.0007.85/3","geometry":{"type":"Polygon","coordinates":[[[18.584240357715,52.0122488138917],[18.5840421335248,52.0122950071605],[18.5840468129887,52.0122740415764],[18.5840918180981,52.0120723940453],[18.5841415021869,52.0118497809022],[18.5841911869616,52.0116272576069],[18.584441248268,52.0105067229803],[18.5849963126619,52.0080029244849],[18.5847034090038,52.0077786860752],[18.5843531219058,52.0075878080078],[18.5850348841869,52.0077441437118],[18.5851917811342,52.0077804855031],[18.5845869873601,52.0104525548393],[18.584240357715,52.0122488138917]]]},"properties":{"case_id":"ST-WK-TU/ZGŁOSZENIE/1656/2026","source_type":"zgloszenie","received_date":"2026-05-25","decision_date":null,"status":"Brak sprzeciwu","description":"Rozbudowa sieci elektroenergetycznej poprzez budowę i przebudowę   elektroenergetycznych linii kablowych nn-0,4kV wraz z budową szafki pomiarowej nn-0,4kV w celu zasilania w energię elektryczną oświetlenia drogowego","address":"Gajówka","city":"Gajówka","office":"Starosta Powiatu Turek","case_kind":"rozbudowa istniejącego/istniejących obiektów budowlanych","parcel_ids":["302706_2.0007.85/3"],"location_quality":"dokładny","gunb_url":"https://wyszukiwarka.gunb.gov.pl/","parcel_count":1,"parcel_shard":"x074-y208","parcel_id":"302706_2.0007.85/3","location_source":"powiat turecki (wfs)"}},{"type":"Feature","id":"ST-WK-TU/ZGŁOSZENIE/3953/2025::302706_2.0009.272/4","geometry":{"type":"Polygon","coordinates":[[[18.6701346072385,52.0095840246493],[18.6700647213464,52.0097516024725],[18.6695394933319,52.0096438543233],[18.6695684372848,52.0095825701402],[18.6695388077495,52.0095491227225],[18.6695763673425,52.0094698131931],[18.6701346072385,52.0095840246493]]]},"properties":{"case_id":"ST-WK-TU/ZGŁOSZENIE/3953/2025","source_type":"zgloszenie","received_date":"2025-12-09","decision_date":null,"status":"Brak sprzeciwu","description":"Rozbudowa sieci elektroenergetycznej poprzez budowę elektroenergetycznej linii kablowej nn-0,4kV wraz z budową  szafki pomiarowej nn-0,4kV w celu zasilania w energię elektryczną budynku letniskowego","address":"Jakubka","city":"Jakubka","office":"Starosta Powiatu Turek","case_kind":"rozbudowa istniejącego/istniejących obiektów budowlanych","parcel_ids":["302706_2.0009.272/4","302706_2.0009.272/7"],"location_quality":"dokładny","gunb_url":"https://wyszukiwarka.gunb.gov.pl/","parcel_count":2,"parcel_shard":"x074-y208","parcel_id":"302706_2.0009.272/4","location_source":"powiat turecki (wfs)"}},{"type":"Feature","id":"ST-WK-TU/ZGŁOSZENIE/3953/2025::302706_2.0009.272/7","geometry":{"type":"Polygon","coordinates":[[[18.6695452670305,52.0092792606107],[18.6696973515204,52.0093102143107],[18.6696437201781,52.0093275967442],[18.6695763673425,52.0094698131931],[18.6695388077495,52.0095491227225],[18.6695684372848,52.0095825701402],[18.6695394933319,52.0096438543233],[18.6694633750456,52.009628198064],[18.6693874037927,52.009612630802],[18.6694156492418,52.0095533280269],[18.6694697017656,52.0095348647226],[18.669507260128,52.0094554653404],[18.6695744728891,52.0093136092548],[18.6695452670305,52.0092792606107]]]},"properties":{"case_id":"ST-WK-TU/ZGŁOSZENIE/3953/2025","source_type":"zgloszenie","received_date":"2025-12-09","decision_date":null,"status":"Brak sprzeciwu","description":"Rozbudowa sieci elektroenergetycznej poprzez budowę elektroenergetycznej linii kablowej nn-0,4kV wraz z budową  szafki pomiarowej nn-0,4kV w celu zasilania w energię elektryczną budynku letniskowego","address":"Jakubka","city":"Jakubka","office":"Starosta Powiatu Turek","case_kind":"rozbudowa istniejącego/istniejących obiektów budowlanych","parcel_ids":["302706_2.0009.272/4","302706_2.0009.272/7"],"location_quality":"dokładny","gunb_url":"https://wyszukiwarka.gunb.gov.pl/","parcel_count":2,"parcel_shard":"x074-y208","parcel_id":"302706_2.0009.272/7","location_source":"powiat turecki (wfs)"}},{"type":"Feature","id":"ST-WK-TU/WNIOSEK/8602/2026::302706_2.0010.221","geometry":{"type":"Polygon","coordinates":[[[18.6138896954371,52.02064415926],[18.6159429045153,52.0270849523512],[18.6152810262955,52.0271222060088],[18.6153849526234,52.0274857727087],[18.6154320126658,52.0276659188227],[18.615031047302,52.0279123100879],[18.6150070558271,52.0279266365756],[18.6144072565792,52.028284257936],[18.6163179308108,52.0282489324262],[18.6165154098588,52.0288345549347],[18.6162361506941,52.028829364608],[18.6118803619304,52.0317144258996],[18.6118138340554,52.0316339680763],[18.6145552847774,52.029824411752],[18.6149804002172,52.0288620811326],[18.6140666685658,52.0288650491609],[18.6116099377603,52.030200610842],[18.6109702561367,52.0306084853551],[18.6107042290188,52.0302810786652],[18.6098038557261,52.0293829313168],[18.6096652949214,52.0292446446532],[18.6095208269005,52.0291005932766],[18.6092339704219,52.0280431848841],[18.6087192575079,52.0275879896451],[18.6085955750559,52.0270424196093],[18.6084909592222,52.0265809697668],[18.6083627772589,52.0260152919037],[18.6082510433195,52.0255223274814],[18.6079190173764,52.0249030608639],[18.6078999079808,52.0248674663415],[18.6078106693389,52.0247011068891],[18.6077419799643,52.024567358195],[18.6075848612267,52.0242623021759],[18.6074281513032,52.0239872642144],[18.6072548555141,52.0236642677303],[18.6101159527602,52.024038090952],[18.6114206467058,52.0211079338777],[18.6115742622136,52.0206822512661],[18.6126121053316,52.018293667393],[18.6130052992117,52.0172708378497],[18.6140098362477,52.0206297813283],[18.6138896954371,52.02064415926]]]},"properties":{"case_id":"ST-WK-TU/WNIOSEK/8602/2026","source_type":"wniosek_decyzja","received_date":"2026-05-05","decision_date":"2026-07-27","status":"decyzja wydana","description":"Rozbiórka zaplecza stacji el-en zasilania zakładu górniczego 110/6 Kv - GPZ E1 Warenka - budynek prostowni , socjalno - biurowy, ekrany akustyczne, blaszane garaże  w rzędach, baszane garaże wolnostojące,","address":"Przykona","city":"Przykona","office":"Starosta Powiatu Turek","case_kind":"Obiekt budowlany inny niż budynek mieszkalny jednorodzinny","parcel_ids":["302706_2.0010.221"],"location_quality":"dokładny","gunb_url":"https://wyszukiwarka.gunb.gov.pl/","parcel_count":1,"parcel_shard":"x074-y208","parcel_id":"302706_2.0010.221","location_source":"powiat turecki (wfs)"}},{"type":"Feature","id":"ST-WK-TU/WNIOSEK/17854/2025::302706_2.0014.335/3","geometry":{"type":"Polygon","coordinates":[[[18.6738478180009,52.0074229745451],[18.6742984497342,52.0075013795066],[18.6741624292022,52.0077501024148],[18.6737387295084,52.0076617456917],[18.6738478180009,52.0074229745451]]]},"properties":{"case_id":"ST-WK-TU/WNIOSEK/17854/2025","source_type":"wniosek_decyzja","received_date":"2025-09-02","decision_date":"2025-10-06","status":"decyzja wydana","description":"Budowa budynku letniskowego wraz z infrastrukturą","address":"Młyniska","city":"Młyniska","office":"Starosta Powiatu Turek","case_kind":"Obiekt budowlany inny niż budynek mieszkalny jednorodzinny","parcel_ids":["302706_2.0014.335/3"],"location_quality":"dokładny","gunb_url":"https://wyszukiwarka.gunb.gov.pl/","parcel_count":1,"parcel_shard":"x074-y208","parcel_id":"302706_2.0014.335/3","location_source":"powiat turecki (wfs)"}},{"type":"Feature","id":"ST-WK-TU/ZGŁOSZENIE/3666/2025::302706_2.0014.337/23","geometry":{"type":"Polygon","coordinates":[[[18.6749082436348,52.0074958702023],[18.6749488717679,52.0074470113024],[18.6750999423867,52.0074785031318],[18.6751069706074,52.007480979548],[18.6754672381448,52.0075904627144],[18.6754334998581,52.0076369332516],[18.6751835197556,52.0078995639307],[18.6749735376911,52.0081326166892],[18.6747582754352,52.0083708584002],[18.6745346776911,52.0086075411707],[18.6743455744673,52.0088147397083],[18.6743890744231,52.008987393937],[18.6743225480409,52.0091636144205],[18.6742531172778,52.0093364842828],[18.6739845569734,52.0094925469134],[18.6740337673554,52.0093902891839],[18.6741570236736,52.0093103056296],[18.6742994810915,52.008981816718],[18.6742627249681,52.0087984731479],[18.6744613912565,52.0085772913871],[18.6746827470109,52.0083449410419],[18.6748981608867,52.0081100967477],[18.6751160979574,52.0078701094435],[18.6753261537782,52.0076387550944],[18.6753216604495,52.0075997331314],[18.6750645787984,52.0075287700262],[18.6749082436348,52.0074958702023]]]},"properties":{"case_id":"ST-WK-TU/ZGŁOSZENIE/3666/2025","source_type":"zgloszenie","received_date":"2025-11-14","decision_date":null,"status":"Brak sprzeciwu","description":"Rozbudowa sieci elektroenergetycznej poprzez budowę i przebudowę  elektroenergetycznych linii kablowych nn-0,4kV wraz z budową szafki pomiarowej nn-0,4kV w celu zasilania w energię elektryczną oświetlenia ulicznego","address":"Młyniska","city":"Młyniska","office":"Starosta Powiatu Turek","case_kind":"rozbudowa istniejącego/istniejących obiektów budowlanych","parcel_ids":["302706_2.0014.337/23"],"location_quality":"dokładny","gunb_url":"https://wyszukiwarka.gunb.gov.pl/","parcel_count":1,"parcel_shard":"x074-y208","parcel_id":"302706_2.0014.337/23","location_source":"powiat turecki (wfs)"}},{"type":"Feature","id":"ST-WK-TU/WNIOSEK/20165/2025::302706_2.0020.91/1","geometry":{"type":"Polygon","coordinates":[[[18.6988299877982,52.0203040320403],[18.6989468629129,52.0202263165481],[18.6994703275625,52.0203517524908],[18.6993310986705,52.0204307879036],[18.69919938965,52.0203870660905],[18.6988299877982,52.0203040320403]]]},"properties":{"case_id":"ST-WK-TU/WNIOSEK/20165/2025","source_type":"wniosek_decyzja","received_date":"2025-10-03","decision_date":"2025-11-04","status":"decyzja wydana","description":"Budowa instalacji gazu wraz z instaalcją zbiornikową gazu propanowego dla budynku świetlicy wiejskiej w ramach zadania ,,Budowa wewnętrznej instalacji gazu wraz z instalacją zbiornikową gazu propanowego  w budynku świetlicy wiejskiej w Radyczynach","address":"Radyczyny","city":"Radyczyny","office":"Starosta Powiatu Turek","case_kind":"Obiekt budowlany inny niż budynek mieszkalny jednorodzinny","parcel_ids":["302706_2.0020.91/1","302706_2.0020.92/1","302706_2.0020.93/1","302706_2.0020.94/1","302706_2.0020.95/3","302706_2.0020.96/3"],"location_quality":"dokładny","gunb_url":"https://wyszukiwarka.gunb.gov.pl/","parcel_count":6,"parcel_shard":"x074-y208","parcel_id":"302706_2.0020.91/1","location_source":"powiat turecki (wfs)"}},{"type":"Feature","id":"ST-WK-TU/WNIOSEK/20165/2025::302706_2.0020.92/1","geometry":{"type":"Polygon","coordinates":[[[18.6989468629129,52.0202263165481],[18.6990201533555,52.0201774928467],[18.6995608830223,52.0203109042322],[18.6994703275625,52.0203517524908],[18.6989468629129,52.0202263165481]]]},"properties":{"case_id":"ST-WK-TU/WNIOSEK/20165/2025","source_type":"wniosek_decyzja","received_date":"2025-10-03","decision_date":"2025-11-04","status":"decyzja wydana","description":"Budowa instalacji gazu wraz z instaalcją zbiornikową gazu propanowego dla budynku świetlicy wiejskiej w ramach zadania ,,Budowa wewnętrznej instalacji gazu wraz z instalacją zbiornikową gazu propanowego  w budynku świetlicy wiejskiej w Radyczynach","address":"Radyczyny","city":"Radyczyny","office":"Starosta Powiatu Turek","case_kind":"Obiekt budowlany inny niż budynek mieszkalny jednorodzinny","parcel_ids":["302706_2.0020.91/1","302706_2.0020.92/1","302706_2.0020.93/1","302706_2.0020.94/1","302706_2.0020.95/3","302706_2.0020.96/3"],"location_quality":"dokładny","gunb_url":"https://wyszukiwarka.gunb.gov.pl/","parcel_count":6,"parcel_shard":"x074-y208","parcel_id":"302706_2.0020.92/1","location_source":"powiat turecki (wfs)"}},{"type":"Feature","id":"ST-WK-TU/WNIOSEK/20165/2025::302706_2.0020.93/1","geometry":{"type":"Polygon","coordinates":[[[18.6990201533555,52.0201774928467],[18.6991209544756,52.0201276951702],[18.6996807119079,52.0202566952112],[18.6995608830223,52.0203109042322],[18.6990201533555,52.0201774928467]]]},"properties":{"case_id":"ST-WK-TU/WNIOSEK/20165/2025","source_type":"wniosek_decyzja","received_date":"2025-10-03","decision_date":"2025-11-04","status":"decyzja wydana","description":"Budowa instalacji gazu wraz z instaalcją zbiornikową gazu propanowego dla budynku świetlicy wiejskiej w ramach zadania ,,Budowa wewnętrznej instalacji gazu wraz z instalacją zbiornikową gazu propanowego  w budynku świetlicy wiejskiej w Radyczynach","address":"Radyczyny","city":"Radyczyny","office":"Starosta Powiatu Turek","case_kind":"Obiekt budowlany inny niż budynek mieszkalny jednorodzinny","parcel_ids":["302706_2.0020.91/1","302706_2.0020.92/1","302706_2.0020.93/1","302706_2.0020.94/1","302706_2.0020.95/3","302706_2.0020.96/3"],"location_quality":"dokładny","gunb_url":"https://wyszukiwarka.gunb.gov.pl/","parcel_count":6,"parcel_shard":"x074-y208","parcel_id":"302706_2.0020.93/1","location_source":"powiat turecki (wfs)"}},{"type":"Feature","id":"ST-WK-TU/WNIOSEK/20165/2025::302706_2.0020.94/1","geometry":{"type":"Polygon","coordinates":[[[18.6991209544756,52.0201276951702],[18.6991895188509,52.0200647978071],[18.6997688359588,52.020216877615],[18.6996807119079,52.0202566952112],[18.6991209544756,52.0201276951702]]]},"properties":{"case_id":"ST-WK-TU/WNIOSEK/20165/2025","source_type":"wniosek_decyzja","received_date":"2025-10-03","decision_date":"2025-11-04","status":"decyzja wydana","description":"Budowa instalacji gazu wraz z instaalcją zbiornikową gazu propanowego dla budynku świetlicy wiejskiej w ramach zadania ,,Budowa wewnętrznej instalacji gazu wraz z instalacją zbiornikową gazu propanowego  w budynku świetlicy wiejskiej w Radyczynach","address":"Radyczyny","city":"Radyczyny","office":"Starosta Powiatu Turek","case_kind":"Obiekt budowlany inny niż budynek mieszkalny jednorodzinny","parcel_ids":["302706_2.0020.91/1","302706_2.0020.92/1","302706_2.0020.93/1","302706_2.0020.94/1","302706_2.0020.95/3","302706_2.0020.96/3"],"location_quality":"dokładny","gunb_url":"https://wyszukiwarka.gunb.gov.pl/","parcel_count":6,"parcel_shard":"x074-y208","parcel_id":"302706_2.0020.94/1","location_source":"powiat turecki (wfs)"}},{"type":"Feature","id":"ST-WK-TU/WNIOSEK/20165/2025::302706_2.0020.95/3","geometry":{"type":"Polygon","coordinates":[[[18.6991895188509,52.0200647978071],[18.6992275775357,52.0200394174909],[18.6996314983096,52.0201511281881],[18.6997688359588,52.020216877615],[18.6991895188509,52.0200647978071]]]},"properties":{"case_id":"ST-WK-TU/WNIOSEK/20165/2025","source_type":"wniosek_decyzja","received_date":"2025-10-03","decision_date":"2025-11-04","status":"decyzja wydana","description":"Budowa instalacji gazu wraz z instaalcją zbiornikową gazu propanowego dla budynku świetlicy wiejskiej w ramach zadania ,,Budowa wewnętrznej instalacji gazu wraz z instalacją zbiornikową gazu propanowego  w budynku świetlicy wiejskiej w Radyczynach","address":"Radyczyny","city":"Radyczyny","office":"Starosta Powiatu Turek","case_kind":"Obiekt budowlany inny niż budynek mieszkalny jednorodzinny","parcel_ids":["302706_2.0020.91/1","302706_2.0020.92/1","302706_2.0020.93/1","302706_2.0020.94/1","302706_2.0020.95/3","302706_2.0020.96/3"],"location_quality":"dokładny","gunb_url":"https://wyszukiwarka.gunb.gov.pl/","parcel_count":6,"parcel_shard":"x074-y208","parcel_id":"302706_2.0020.95/3","location_source":"powiat turecki (wfs)"}},{"type":"Feature","id":"ST-WK-TU/WNIOSEK/20165/2025::302706_2.0020.96/3","geometry":{"type":"Polygon","coordinates":[[[18.6992275775357,52.0200394174909],[18.6992646492152,52.0200147734363],[18.6994443571648,52.0200601293895],[18.6996314983096,52.0201511281881],[18.6992275775357,52.0200394174909]]]},"properties":{"case_id":"ST-WK-TU/WNIOSEK/20165/2025","source_type":"wniosek_decyzja","received_date":"2025-10-03","decision_date":"2025-11-04","status":"decyzja wydana","description":"Budowa instalacji gazu wraz z instaalcją zbiornikową gazu propanowego dla budynku świetlicy wiejskiej w ramach zadania ,,Budowa wewnętrznej instalacji gazu wraz z instalacją zbiornikową gazu propanowego  w budynku świetlicy wiejskiej w Radyczynach","address":"Radyczyny","city":"Radyczyny","office":"Starosta Powiatu Turek","case_kind":"Obiekt budowlany inny niż budynek mieszkalny jednorodzinny","parcel_ids":["302706_2.0020.91/1","302706_2.0020.92/1","302706_2.0020.93/1","302706_2.0020.94/1","302706_2.0020.95/3","302706_2.0020.96/3"],"location_quality":"dokładny","gunb_url":"https://wyszukiwarka.gunb.gov.pl/","parcel_count":6,"parcel_shard":"x074-y208","parcel_id":"302706_2.0020.96/3","location_source":"powiat turecki (wfs)"}},{"type":"Feature","id":"ST-WK-TU/WNIOSEK/5244/2026::302706_2.0023.217/3","geometry":{"type":"Polygon","coordinates":[[[18.7150531809128,52.0171843442577],[18.717709922858,52.0176416874053],[18.7176597513972,52.0179202676299],[18.7145343816451,52.0173827156087],[18.7150531809128,52.0171843442577]]]},"properties":{"case_id":"ST-WK-TU/WNIOSEK/5244/2026","source_type":"wniosek_decyzja","received_date":"2026-03-20","decision_date":"2026-04-28","status":"decyzja wydana","description":"Budowa budynku mieszkalnego jednorodzinnego oraz budynku gospodarczego związanych z obsługą rolnictwa","address":"Sarbice","city":"Sarbice","office":"Starosta Powiatu Turek","case_kind":"Budynek mieszkalny jednorodzinny","parcel_ids":["302706_2.0023.217/3"],"location_quality":"dokładny","gunb_url":"https://wyszukiwarka.gunb.gov.pl/","parcel_count":1,"parcel_shard":"x074-y208","parcel_id":"302706_2.0023.217/3","location_source":"powiat turecki (wfs)"}},{"type":"Feature","id":"ST-WK-TU/ZGŁOSZENIE/1081/2026::302706_2.0023.30/1","geometry":{"type":"Polygon","coordinates":[[[18.705677734104,52.0287016203238],[18.7055089237019,52.0285060694885],[18.7066016772406,52.028695861635],[18.7066362614535,52.0288561268696],[18.705677734104,52.0287016203238]]]},"properties":{"case_id":"ST-WK-TU/ZGŁOSZENIE/1081/2026","source_type":"zgloszenie","received_date":"2026-04-08","decision_date":null,"status":"Brak sprzeciwu","description":"Rozbudowa sieci elektroenergetycznej poprzez budowę elektroenergetycznej linii kablowej nn-0,4kV wraz z budową rozdzielnicy szafowej nn-0,4kV w celu zasilania w energię elektryczną garażu","address":"Sarbice","city":"Sarbice","office":"Starosta Powiatu Turek","case_kind":"rozbudowa istniejącego/istniejących obiektów budowlanych","parcel_ids":["302706_2.0023.30/1","302706_2.0023.40/8","302706_2.0023.64"],"location_quality":"dokładny","gunb_url":"https://wyszukiwarka.gunb.gov.pl/","parcel_count":3,"parcel_shard":"x074-y208","parcel_id":"302706_2.0023.30/1","location_source":"powiat turecki (wfs)"}},{"type":"Feature","id":"ST-WK-TU/ZGŁOSZENIE/1081/2026::302706_2.0023.40/8","geometry":{"type":"Polygon","coordinates":[[[18.7069370987728,52.0293037668581],[18.7067576147965,52.0292145025872],[18.7067328548738,52.029165139484],[18.7066727531174,52.0289987738035],[18.7066362614535,52.0288561268696],[18.7066016772406,52.028695861635],[18.7065563474883,52.0284830235154],[18.7065414452769,52.0283451848074],[18.7065267017416,52.0282330513542],[18.7065209652597,52.0281436263983],[18.7065228500986,52.0279988984975],[18.7065306044833,52.0277229066736],[18.7065601659463,52.0275558414217],[18.7067001503926,52.0272931858925],[18.7067748499187,52.0271682235714],[18.7067974971262,52.027136116649],[18.7070411608037,52.0267371544476],[18.7071841355143,52.0264661187907],[18.7073798012716,52.0260172087955],[18.7074409541284,52.0259516142386],[18.7075265905539,52.0259064428468],[18.7076580813746,52.0258643974015],[18.7077906441982,52.0258533545912],[18.7079986210067,52.0258661265673],[18.7092283983558,52.0260613237998],[18.7093442303382,52.0260610758893],[18.7094262929936,52.0260445828334],[18.7095132666909,52.0259793442047],[18.7096882570044,52.0257214979379],[18.7097718281762,52.0257359148966],[18.7095886086601,52.0260077425306],[18.7095387854014,52.0260450738945],[18.7095051544746,52.0260656161014],[18.7093906920714,52.026106227902],[18.7092868423442,52.026123910651],[18.7091721252419,52.0261149644892],[18.7079590575914,52.0259213540281],[18.7078378162758,52.0259105326731],[18.7076951875671,52.0259251580705],[18.7076187651209,52.0259441046747],[18.7075205504552,52.0259795662898],[18.7074634536994,52.0260341830422],[18.7070184597191,52.0269455867069],[18.7069082971385,52.0271589717683],[18.7066714256097,52.0275654347295],[18.7066273578155,52.0277300711221],[18.7066156279031,52.0280235476144],[18.7066260352129,52.0281631266946],[18.7066301380163,52.0282482058002],[18.7066460770263,52.0283784967254],[18.7066662554456,52.0285179972552],[18.7066792878559,52.0286280172595],[18.706695672866,52.0287409590535],[18.7067318227198,52.0288992472316],[18.7068114529122,52.0291287927308],[18.7069370987728,52.0293037668581]]]},"properties":{"case_id":"ST-WK-TU/ZGŁOSZENIE/1081/2026","source_type":"zgloszenie","received_date":"2026-04-08","decision_date":null,"status":"Brak sprzeciwu","description":"Rozbudowa sieci elektroenergetycznej poprzez budowę elektroenergetycznej linii kablowej nn-0,4kV wraz z budową rozdzielnicy szafowej nn-0,4kV w celu zasilania w energię elektryczną garażu","address":"Sarbice","city":"Sarbice","office":"Starosta Powiatu Turek","case_kind":"rozbudowa istniejącego/istniejących obiektów budowlanych","parcel_ids":["302706_2.0023.30/1","302706_2.0023.40/8","302706_2.0023.64"],"location_quality":"dokładny","gunb_url":"https://wyszukiwarka.gunb.gov.pl/","parcel_count":3,"parcel_shard":"x074-y208","parcel_id":"302706_2.0023.40/8","location_source":"powiat turecki (wfs)"}},{"type":"Feature","id":"ST-WK-TU/ZGŁOSZENIE/1081/2026::302706_2.0023.64","geometry":{"type":"Polygon","coordinates":[[[18.7143515810411,52.0301183277839],[18.7077636927101,52.0290643682847],[18.7067318227198,52.0288992472316],[18.706695672866,52.0287409590535],[18.714383633752,52.0300417855613],[18.7143515810411,52.0301183277839]]]},"properties":{"case_id":"ST-WK-TU/ZGŁOSZENIE/1081/2026","source_type":"zgloszenie","received_date":"2026-04-08","decision_date":null,"status":"Brak sprzeciwu","description":"Rozbudowa sieci elektroenergetycznej poprzez budowę elektroenergetycznej linii kablowej nn-0,4kV wraz z budową rozdzielnicy szafowej nn-0,4kV w celu zasilania w energię elektryczną garażu","address":"Sarbice","city":"Sarbice","office":"Starosta Powiatu Turek","case_kind":"rozbudowa istniejącego/istniejących obiektów budowlanych","parcel_ids":["302706_2.0023.30/1","302706_2.0023.40/8","302706_2.0023.64"],"location_quality":"dokładny","gunb_url":"https://wyszukiwarka.gunb.gov.pl/","parcel_count":3,"parcel_shard":"x074-y208","parcel_id":"302706_2.0023.64","location_source":"powiat turecki (wfs)"}},{"type":"Feature","id":"ST-WK-TU/ZGŁOSZENIE/2715/2025::302706_2.0027.601/10","geometry":{"type":"Polygon","coordinates":[[[18.6687128550142,52.0039134543027],[18.6687841907854,52.0041853916505],[18.668405288331,52.0041976988813],[18.6683327912042,52.0039258577806],[18.6687128550142,52.0039134543027]]]},"properties":{"case_id":"ST-WK-TU/ZGŁOSZENIE/2715/2025","source_type":"zgloszenie","received_date":"2025-08-27","decision_date":null,"status":"Brak sprzeciwu","description":"Rozbudowa sieci elektroenergetycznej poprzez budowę i przebudowę elektroenergetycznych linii kablowych nn-0,4kV wraz z budową szafki pomiarowej  nn-0,4kV w celu zasilania w energię elektryczną budynku gospodarczego","address":"Zimotki","city":"Zimotki","office":"Starosta Powiatu Turek","case_kind":"rozbudowa istniejącego/istniejących obiektów budowlanych","parcel_ids":["302706_2.0027.601/10","302706_2.0027.601/7"],"location_quality":"dokładny","gunb_url":"https://wyszukiwarka.gunb.gov.pl/","parcel_count":2,"parcel_shard":"x074-y208","parcel_id":"302706_2.0027.601/10","location_source":"powiat turecki (wfs)"}},{"type":"Feature","id":"ST-WK-TU/ZGŁOSZENIE/2715/2025::302706_2.0027.601/7","geometry":{"type":"Polygon","coordinates":[[[18.667546015238,52.0038259832512],[18.6678710847584,52.0038149554934],[18.6679028166909,52.0038138767602],[18.6679237070184,52.0038671481935],[18.6681813555508,52.0038589458701],[18.6684260477501,52.0038510861486],[18.668674380378,52.0038432052538],[18.6689264963731,52.0038351225871],[18.6691821058286,52.003826929653],[18.6693205374771,52.0038225478916],[18.6694398464064,52.0037761200023],[18.6694822475607,52.0039240045042],[18.6694130089601,52.0038905124906],[18.6690913154325,52.0039009688234],[18.6687128550142,52.0039134543027],[18.6683327912042,52.0039258577806],[18.6679556342431,52.003937884021],[18.6675789016164,52.003949993034],[18.667546015238,52.0038259832512]]]},"properties":{"case_id":"ST-WK-TU/ZGŁOSZENIE/2715/2025","source_type":"zgloszenie","received_date":"2025-08-27","decision_date":null,"status":"Brak sprzeciwu","description":"Rozbudowa sieci elektroenergetycznej poprzez budowę i przebudowę elektroenergetycznych linii kablowych nn-0,4kV wraz z budową szafki pomiarowej  nn-0,4kV w celu zasilania w energię elektryczną budynku gospodarczego","address":"Zimotki","city":"Zimotki","office":"Starosta Powiatu Turek","case_kind":"rozbudowa istniejącego/istniejących obiektów budowlanych","parcel_ids":["302706_2.0027.601/10","302706_2.0027.601/7"],"location_quality":"dokładny","gunb_url":"https://wyszukiwarka.gunb.gov.pl/","parcel_count":2,"parcel_shard":"x074-y208","parcel_id":"302706_2.0027.601/7","location_source":"powiat turecki (wfs)"}},{"type":"Feature","id":"ST-WK-TU/WNIOSEK/12189/2026::302706_2.0027.603/9","geometry":{"type":"Polygon","coordinates":[[[18.6672035950244,52.0025328205207],[18.6670048966017,52.0017992267907],[18.6672164660625,52.0018170835882],[18.6675338920333,52.0018437777838],[18.6678513183741,52.0018704711225],[18.6681686008087,52.0018972543048],[18.66848602789,52.0019239459303],[18.6687455686547,52.0019457521911],[18.6689100647762,52.0026832546477],[18.6688612036044,52.0026789820473],[18.668529607294,52.0026497652623],[18.6681981556856,52.0026204568418],[18.6678665602228,52.002591238187],[18.6672035950244,52.0025328205207]]]},"properties":{"case_id":"ST-WK-TU/WNIOSEK/12189/2026","source_type":"wniosek_decyzja","received_date":"2026-06-25","decision_date":"2026-08-20","status":"decyzja wydana","description":"Budowa budynku przystani żeglarskiej wraz z świetlicą wiejską","address":"Zimotki","city":"Zimotki","office":"Starosta Powiatu Turek","case_kind":"Obiekt budowlany inny niż budynek mieszkalny jednorodzinny","parcel_ids":["302706_2.0027.603/9"],"location_quality":"dokładny","gunb_url":"https://wyszukiwarka.gunb.gov.pl/","parcel_count":1,"parcel_shard":"x074-y208","parcel_id":"302706_2.0027.603/9","location_source":"powiat turecki (wfs)"}},{"type":"Feature","id":"ST-WK-TU/ZGŁOSZENIE/1108/2026::302708_2.0004.115","geometry":{"type":"Polygon","coordinates":[[[18.5649214173272,52.0240442890309],[18.5647438895106,52.0240443693649],[18.5651862718361,52.0238085299025],[18.5656021247103,52.0235812919216],[18.5659954729984,52.0233663574539],[18.566062243472,52.0233370984457],[18.5663362916953,52.0232154138444],[18.5667561823797,52.0230294476492],[18.5675571292524,52.0226747063313],[18.5678835209346,52.0225301434915],[18.568536548946,52.0223254505543],[18.5687163831058,52.0222553193837],[18.5693596495657,52.0220056681924],[18.5694476507307,52.0219371128808],[18.5699676796608,52.0215306598261],[18.5702317606748,52.0213184425545],[18.5704662343071,52.0211055471459],[18.5705113822299,52.0210497065256],[18.5705556786056,52.0209949189709],[18.5706047220752,52.0208503344363],[18.5706209829492,52.0207779519274],[18.5706376958879,52.0207037563332],[18.5706387215049,52.0206698661148],[18.5706451559484,52.0204183521202],[18.5706520654575,52.0202231325313],[18.5706626640449,52.0201242604971],[18.5706858750805,52.0199057400014],[18.5707406452484,52.0199327321491],[18.5707832322006,52.020223271683],[18.5707682324185,52.0204477527481],[18.570750973217,52.0207049980251],[18.5707075048974,52.0209117630509],[18.570656779043,52.0210019325249],[18.5706265845764,52.0210556055551],[18.5705379456475,52.021161308073],[18.5700493668009,52.0215324041427],[18.5695585599868,52.0219311938443],[18.5694509503712,52.0219909188308],[18.5693249139088,52.0220608356247],[18.5687733538908,52.0223046882293],[18.5686184721741,52.0223672927469],[18.5678649721568,52.0226086644178],[18.5677859644062,52.0226485505988],[18.5669438605942,52.0230133819668],[18.5665309865039,52.0231953840479],[18.5661509239177,52.0233629196568],[18.5655100718088,52.0237188148692],[18.565445271446,52.0237547393336],[18.5649214173272,52.0240442890309]]]},"properties":{"case_id":"ST-WK-TU/ZGŁOSZENIE/1108/2026","source_type":"zgloszenie","received_date":"2026-04-10","decision_date":null,"status":"Brak sprzeciwu","description":"Budowa sieci niskiego napięcia 0,4kV","address":"Chlebów","city":"Chlebów","office":"Starosta Powiatu Turek","case_kind":"budowa nowego/nowych obiektów budowlanych","parcel_ids":["302708_2.0004.115","302708_2.0004.13/15","302708_2.0004.13/4","302708_2.0004.87/2"],"location_quality":"dokładny","gunb_url":"https://wyszukiwarka.gunb.gov.pl/","parcel_count":4,"parcel_shard":"x074-y208","parcel_id":"302708_2.0004.115","location_source":"powiat turecki (wfs)"}},{"type":"Feature","id":"ST-WK-TU/ZGŁOSZENIE/1108/2026::302708_2.0004.13/15","geometry":{"type":"Polygon","coordinates":[[[18.5655436504212,52.0202573410207],[18.5655401979149,52.0200066786715],[18.5660544491331,52.0200053774911],[18.5660578874965,52.0202546916793],[18.5657618019749,52.0202561976118],[18.5655436504212,52.0202573410207]]]},"properties":{"case_id":"ST-WK-TU/ZGŁOSZENIE/1108/2026","source_type":"zgloszenie","received_date":"2026-04-10","decision_date":null,"status":"Brak sprzeciwu","description":"Budowa sieci niskiego napięcia 0,4kV","address":"Chlebów","city":"Chlebów","office":"Starosta Powiatu Turek","case_kind":"budowa nowego/nowych obiektów budowlanych","parcel_ids":["302708_2.0004.115","302708_2.0004.13/15","302708_2.0004.13/4","302708_2.0004.87/2"],"location_quality":"dokładny","gunb_url":"https://wyszukiwarka.gunb.gov.pl/","parcel_count":4,"parcel_shard":"x074-y208","parcel_id":"302708_2.0004.13/15","location_source":"powiat turecki (wfs)"}},{"type":"Feature","id":"ST-WK-TU/ZGŁOSZENIE/1108/2026::302708_2.0004.13/4","geometry":{"type":"Polygon","coordinates":[[[18.5706626640449,52.0201242604971],[18.5706520654575,52.0202231325313],[18.5699463269203,52.0202272266401],[18.5697367989888,52.020052701874],[18.5696026324909,52.0199960962108],[18.5693959126379,52.0199966460505],[18.5691064465601,52.0199974154982],[18.568603849702,52.0199986737551],[18.5680895998595,52.0200000759387],[18.5675811758697,52.0200013579301],[18.5670711505343,52.0200027353162],[18.5665614153671,52.0200040192175],[18.5660544491331,52.0200053774911],[18.5655401979149,52.0200066786715],[18.5652140201297,52.020007524892],[18.5650349190382,52.0200494597332],[18.565034340374,52.0200035331686],[18.565347091657,52.0199083765162],[18.5653473656912,52.0199532259668],[18.5659006585779,52.019951827987],[18.5664162202272,52.0199505189319],[18.5669332374512,52.0199491107351],[18.5674416608888,52.0199478315415],[18.5679486275223,52.0199465571765],[18.5684570497287,52.0199451837254],[18.5689654730272,52.0199438979562],[18.5694870070977,52.0199425466198],[18.5696625509467,52.019942057485],[18.569808474708,52.020018200343],[18.5698221139361,52.0200253248816],[18.5699452343829,52.0201298005882],[18.5700850288279,52.0201706494003],[18.5705797701417,52.0201701419231],[18.5706626640449,52.0201242604971]]]},"properties":{"case_id":"ST-WK-TU/ZGŁOSZENIE/1108/2026","source_type":"zgloszenie","received_date":"2026-04-10","decision_date":null,"status":"Brak sprzeciwu","description":"Budowa sieci niskiego napięcia 0,4kV","address":"Chlebów","city":"Chlebów","office":"Starosta Powiatu Turek","case_kind":"budowa nowego/nowych obiektów budowlanych","parcel_ids":["302708_2.0004.115","302708_2.0004.13/15","302708_2.0004.13/4","302708_2.0004.87/2"],"location_quality":"dokładny","gunb_url":"https://wyszukiwarka.gunb.gov.pl/","parcel_count":4,"parcel_shard":"x074-y208","parcel_id":"302708_2.0004.13/4","location_source":"powiat turecki (wfs)"}},{"type":"Feature","id":"ST-WK-TU/ZGŁOSZENIE/1108/2026::302708_2.0004.87/2","geometry":{"type":"Polygon","coordinates":[[[18.5716717441975,52.0204501273395],[18.5707682324185,52.0204477527481],[18.5707832322006,52.020223271683],[18.5715515509257,52.0202199982281],[18.5716362155639,52.0202267285674],[18.571731216202,52.020253882393],[18.5716717441975,52.0204501273395]]]},"properties":{"case_id":"ST-WK-TU/ZGŁOSZENIE/1108/2026","source_type":"zgloszenie","received_date":"2026-04-10","decision_date":null,"status":"Brak sprzeciwu","description":"Budowa sieci niskiego napięcia 0,4kV","address":"Chlebów","city":"Chlebów","office":"Starosta Powiatu Turek","case_kind":"budowa nowego/nowych obiektów budowlanych","parcel_ids":["302708_2.0004.115","302708_2.0004.13/15","302708_2.0004.13/4","302708_2.0004.87/2"],"location_quality":"dokładny","gunb_url":"https://wyszukiwarka.gunb.gov.pl/","parcel_count":4,"parcel_shard":"x074-y208","parcel_id":"302708_2.0004.87/2","location_source":"powiat turecki (wfs)"}},{"type":"Feature","id":"ST-WK-TU/ZGŁOSZENIE/3173/2025::302708_2.0004.117","geometry":{"type":"Polygon","coordinates":[[[18.5625130584955,52.0253006205051],[18.5624279018717,52.0253474901801],[18.5622800580366,52.0254787932121],[18.5621982366861,52.025565199966],[18.5621263898551,52.0256569519449],[18.5619820404551,52.025904454301],[18.5618321674487,52.0262228990618],[18.5617792113879,52.0262991011702],[18.5616814811905,52.0264882277103],[18.5616558285367,52.0265689734166],[18.5616266763313,52.0266611507072],[18.5616014762735,52.0269306511174],[18.5615997425385,52.0271034362418],[18.5615796849988,52.0274067614969],[18.5615805551564,52.0274489696885],[18.5615770567853,52.0277659154061],[18.5615752229569,52.0277955798871],[18.5615925369483,52.0280473542472],[18.5615945029242,52.0286380983563],[18.5615954641921,52.0289269338907],[18.5616005433187,52.029157904215],[18.5616031395318,52.0292837254346],[18.5616081327197,52.0295194598545],[18.5616096496681,52.0295474955379],[18.5616205316303,52.0297414970337],[18.5616250419954,52.0298223685521],[18.5616362538345,52.0299031182446],[18.5616641305855,52.030104408968],[18.5617130485152,52.0304265793607],[18.5617213011538,52.0304804686899],[18.5617524383649,52.030686058124],[18.5618466789695,52.0312503821236],[18.5618796757264,52.0314768802216],[18.5618979283821,52.0316023740701],[18.5619296736535,52.0318199010011],[18.5619708329699,52.0321346865664],[18.5620239156371,52.0324245587758],[18.5620424206094,52.0325572581624],[18.5621217988028,52.0329722200042],[18.5621691190689,52.0332594339453],[18.5623000169035,52.0339322218074],[18.5623192418276,52.034037195603],[18.5622993564714,52.0340923695821],[18.5621686416527,52.0340928135326],[18.5621382724177,52.0339312858022],[18.5620148444615,52.0332519008349],[18.5619885809683,52.0331098342333],[18.5619635746606,52.0329750419945],[18.5619560190514,52.0329303172498],[18.5618934922651,52.0325575190497],[18.5618579720209,52.0324369636203],[18.5618022818742,52.0321400582168],[18.5617471673491,52.0318462183901],[18.5616950411498,52.0315683063913],[18.5616540003819,52.0312669370065],[18.5615817715361,52.0306837258341],[18.561546173517,52.0303662556213],[18.5615158387355,52.030096666939],[18.561494994928,52.0298983986249],[18.5614852510492,52.0298068561884],[18.5614779629903,52.0297368735184],[18.5614569715713,52.0295384261272],[18.5614549855786,52.0295194706716],[18.5614509789663,52.0294206205158],[18.5614310997785,52.0289269981454],[18.5614348824192,52.0286404591294],[18.5614419812598,52.0280506050904],[18.5614463048395,52.0277675487215],[18.5614493872476,52.0276878993249],[18.5615052755603,52.0271010685049],[18.5614768703059,52.0268263514433],[18.5614778297255,52.026784899228],[18.5615410525392,52.0265020532178],[18.5618287712432,52.0259012054903],[18.5621120898695,52.0254936211163],[18.562337774296,52.0252911424302],[18.562735376548,52.0250842844029],[18.5628842755832,52.0250068168173],[18.5635752860763,52.0246760381334],[18.5640494121986,52.0244201639335],[18.5641716973495,52.0243541449163],[18.5647438895106,52.0240443693649],[18.5649214173272,52.0240442890309],[18.5643846894148,52.024340990865],[18.563779362786,52.0246781197281],[18.5637064778711,52.0247132000943],[18.5633302672372,52.024897727958],[18.5625130584955,52.0253006205051]]]},"properties":{"case_id":"ST-WK-TU/ZGŁOSZENIE/3173/2025","source_type":"zgloszenie","received_date":"2025-10-08","decision_date":null,"status":"Brak sprzeciwu","description":"Rozbudowa sieci kablowej niskiego napięcia poprzez budowę linii kablowej niskiego napięcia 0,4kV kablem YAKXS 4x70mm² od istniejącego słupa","address":"Chlebów","city":"Chlebów","office":"Starosta Powiatu Turek","case_kind":"rozbudowa istniejącego/istniejących obiektów budowlanych","parcel_ids":["302708_2.0004.117","302708_2.0004.130/1","302708_2.0004.131/7","302708_2.0004.132/2","302708_2.0004.132/7","302708_2.0004.27"],"location_quality":"dokładny","gunb_url":"https://wyszukiwarka.gunb.gov.pl/","parcel_count":6,"parcel_shard":"x074-y208","parcel_id":"302708_2.0004.117","location_source":"powiat turecki (wfs)"}},{"type":"Feature","id":"ST-WK-TU/ZGŁOSZENIE/3173/2025::302708_2.0004.130/1","geometry":{"type":"Polygon","coordinates":[[[18.5676089463559,52.0246576892288],[18.5689013699377,52.0246499385892],[18.5689523552659,52.0246496324874],[18.5698033669712,52.0246445208137],[18.5705084258687,52.0252581658529],[18.5706533012109,52.025258232658],[18.5705672505019,52.0252919576985],[18.5704747981084,52.025290175487],[18.5704186165233,52.0252422913178],[18.5697521012761,52.0246742035541],[18.5668026395474,52.0246855877693],[18.566281055239,52.0249322191856],[18.5661002655977,52.0250690866187],[18.5660867715369,52.0252725549575],[18.566053610374,52.0256403068854],[18.5660793927251,52.0258705485519],[18.5661538642135,52.0260986147943],[18.5662186736657,52.0261926426938],[18.5664680384317,52.0264513804887],[18.5664869540466,52.0265646297353],[18.5664959401619,52.0266185152481],[18.566576519373,52.027066439231],[18.5665328152217,52.027066717819],[18.5664375188616,52.0266190657694],[18.5664285328164,52.0265651802519],[18.5664115053713,52.0264629773066],[18.5661516602478,52.0261935040089],[18.5661131773331,52.026136130956],[18.5660203884776,52.0258710117878],[18.5659922741848,52.02564069143],[18.5660428520852,52.0252733256203],[18.5660605232606,52.0250598335826],[18.5662382106002,52.0249185203778],[18.5667608471663,52.024662767544],[18.5676089463559,52.0246576892288]]]},"properties":{"case_id":"ST-WK-TU/ZGŁOSZENIE/3173/2025","source_type":"zgloszenie","received_date":"2025-10-08","decision_date":null,"status":"Brak sprzeciwu","description":"Rozbudowa sieci kablowej niskiego napięcia poprzez budowę linii kablowej niskiego napięcia 0,4kV kablem YAKXS 4x70mm² od istniejącego słupa","address":"Chlebów","city":"Chlebów","office":"Starosta Powiatu Turek","case_kind":"rozbudowa istniejącego/istniejących obiektów budowlanych","parcel_ids":["302708_2.0004.117","302708_2.0004.130/1","302708_2.0004.131/7","302708_2.0004.132/2","302708_2.0004.132/7","302708_2.0004.27"],"location_quality":"dokładny","gunb_url":"https://wyszukiwarka.gunb.gov.pl/","parcel_count":6,"parcel_shard":"x074-y208","parcel_id":"302708_2.0004.130/1","location_source":"powiat turecki (wfs)"}},{"type":"Feature","id":"ST-WK-TU/ZGŁOSZENIE/3173/2025::302708_2.0004.131/7","geometry":{"type":"Polygon","coordinates":[[[18.5620746125597,52.0257457319387],[18.5621263898551,52.0256569519449],[18.5656207580899,52.0256428350617],[18.5656790381067,52.0256427350274],[18.5659922741848,52.02564069143],[18.5659987827051,52.0256945888896],[18.5653212985334,52.0256974819577],[18.5646467270043,52.0257002672903],[18.5639839577556,52.0257030821475],[18.5633302214626,52.025705850088],[18.5626840600555,52.0257084883444],[18.5621685889292,52.0257106793224],[18.5620746125597,52.0257457319387]]]},"properties":{"case_id":"ST-WK-TU/ZGŁOSZENIE/3173/2025","source_type":"zgloszenie","received_date":"2025-10-08","decision_date":null,"status":"Brak sprzeciwu","description":"Rozbudowa sieci kablowej niskiego napięcia poprzez budowę linii kablowej niskiego napięcia 0,4kV kablem YAKXS 4x70mm² od istniejącego słupa","address":"Chlebów","city":"Chlebów","office":"Starosta Powiatu Turek","case_kind":"rozbudowa istniejącego/istniejących obiektów budowlanych","parcel_ids":["302708_2.0004.117","302708_2.0004.130/1","302708_2.0004.131/7","302708_2.0004.132/2","302708_2.0004.132/7","302708_2.0004.27"],"location_quality":"dokładny","gunb_url":"https://wyszukiwarka.gunb.gov.pl/","parcel_count":6,"parcel_shard":"x074-y208","parcel_id":"302708_2.0004.131/7","location_source":"powiat turecki (wfs)"}},{"type":"Feature","id":"ST-WK-TU/ZGŁOSZENIE/3173/2025::302708_2.0004.132/2","geometry":{"type":"Polygon","coordinates":[[[18.5665850765371,52.0258662303835],[18.5660793927251,52.0258705485519],[18.5660596818843,52.0256942064413],[18.5665821322068,52.0256908863023],[18.5665850765371,52.0258662303835]]]},"properties":{"case_id":"ST-WK-TU/ZGŁOSZENIE/3173/2025","source_type":"zgloszenie","received_date":"2025-10-08","decision_date":null,"status":"Brak sprzeciwu","description":"Rozbudowa sieci kablowej niskiego napięcia poprzez budowę linii kablowej niskiego napięcia 0,4kV kablem YAKXS 4x70mm² od istniejącego słupa","address":"Chlebów","city":"Chlebów","office":"Starosta Powiatu Turek","case_kind":"rozbudowa istniejącego/istniejących obiektów budowlanych","parcel_ids":["302708_2.0004.117","302708_2.0004.130/1","302708_2.0004.131/7","302708_2.0004.132/2","302708_2.0004.132/7","302708_2.0004.27"],"location_quality":"dokładny","gunb_url":"https://wyszukiwarka.gunb.gov.pl/","parcel_count":6,"parcel_shard":"x074-y208","parcel_id":"302708_2.0004.132/2","location_source":"powiat turecki (wfs)"}},{"type":"Feature","id":"ST-WK-TU/ZGŁOSZENIE/3173/2025::302708_2.0004.132/7","geometry":{"type":"Polygon","coordinates":[[[18.5696402402494,52.0256173584179],[18.569274412291,52.0257576335073],[18.5692057454096,52.025674106084],[18.5685412469348,52.0256783930326],[18.5678930649435,52.0256825077086],[18.5672397834991,52.0256866433692],[18.5665821322068,52.0256908863023],[18.5660596818843,52.0256942064413],[18.566053610374,52.0256403068854],[18.5696402402494,52.0256173584179]]]},"properties":{"case_id":"ST-WK-TU/ZGŁOSZENIE/3173/2025","source_type":"zgloszenie","received_date":"2025-10-08","decision_date":null,"status":"Brak sprzeciwu","description":"Rozbudowa sieci kablowej niskiego napięcia poprzez budowę linii kablowej niskiego napięcia 0,4kV kablem YAKXS 4x70mm² od istniejącego słupa","address":"Chlebów","city":"Chlebów","office":"Starosta Powiatu Turek","case_kind":"rozbudowa istniejącego/istniejących obiektów budowlanych","parcel_ids":["302708_2.0004.117","302708_2.0004.130/1","302708_2.0004.131/7","302708_2.0004.132/2","302708_2.0004.132/7","302708_2.0004.27"],"location_quality":"dokładny","gunb_url":"https://wyszukiwarka.gunb.gov.pl/","parcel_count":6,"parcel_shard":"x074-y208","parcel_id":"302708_2.0004.132/7","location_source":"powiat turecki (wfs)"}},{"type":"Feature","id":"ST-WK-TU/ZGŁOSZENIE/3173/2025::302708_2.0004.27","geometry":{"type":"Polygon","coordinates":[[[18.5612606072469,52.0259002532543],[18.5612194364409,52.0255561145298],[18.5611893343333,52.0253046804473],[18.562337774296,52.0252911424302],[18.5621120898695,52.0254936211163],[18.5618287712432,52.0259012054903],[18.5612606072469,52.0259002532543]]]},"properties":{"case_id":"ST-WK-TU/ZGŁOSZENIE/3173/2025","source_type":"zgloszenie","received_date":"2025-10-08","decision_date":null,"status":"Brak sprzeciwu","description":"Rozbudowa sieci kablowej niskiego napięcia poprzez budowę linii kablowej niskiego napięcia 0,4kV kablem YAKXS 4x70mm² od istniejącego słupa","address":"Chlebów","city":"Chlebów","office":"Starosta Powiatu Turek","case_kind":"rozbudowa istniejącego/istniejących obiektów budowlanych","parcel_ids":["302708_2.0004.117","302708_2.0004.130/1","302708_2.0004.131/7","302708_2.0004.132/2","302708_2.0004.132/7","302708_2.0004.27"],"location_quality":"dokładny","gunb_url":"https://wyszukiwarka.gunb.gov.pl/","parcel_count":6,"parcel_shard":"x074-y208","parcel_id":"302708_2.0004.27","location_source":"powiat turecki (wfs)"}},{"type":"Feature","id":"ST-WK-TU/ZGŁOSZENIE/1880/2026::302708_2.0004.117","geometry":{"type":"Polygon","coordinates":[[[18.5625130584955,52.0253006205051],[18.5624279018717,52.0253474901801],[18.5622800580366,52.0254787932121],[18.5621982366861,52.025565199966],[18.5621263898551,52.0256569519449],[18.5619820404551,52.025904454301],[18.5618321674487,52.0262228990618],[18.5617792113879,52.0262991011702],[18.5616814811905,52.0264882277103],[18.5616558285367,52.0265689734166],[18.5616266763313,52.0266611507072],[18.5616014762735,52.0269306511174],[18.5615997425385,52.0271034362418],[18.5615796849988,52.0274067614969],[18.5615805551564,52.0274489696885],[18.5615770567853,52.0277659154061],[18.5615752229569,52.0277955798871],[18.5615925369483,52.0280473542472],[18.5615945029242,52.0286380983563],[18.5615954641921,52.0289269338907],[18.5616005433187,52.029157904215],[18.5616031395318,52.0292837254346],[18.5616081327197,52.0295194598545],[18.5616096496681,52.0295474955379],[18.5616205316303,52.0297414970337],[18.5616250419954,52.0298223685521],[18.5616362538345,52.0299031182446],[18.5616641305855,52.030104408968],[18.5617130485152,52.0304265793607],[18.5617213011538,52.0304804686899],[18.5617524383649,52.030686058124],[18.5618466789695,52.0312503821236],[18.5618796757264,52.0314768802216],[18.5618979283821,52.0316023740701],[18.5619296736535,52.0318199010011],[18.5619708329699,52.0321346865664],[18.5620239156371,52.0324245587758],[18.5620424206094,52.0325572581624],[18.5621217988028,52.0329722200042],[18.5621691190689,52.0332594339453],[18.5623000169035,52.0339322218074],[18.5623192418276,52.034037195603],[18.5622993564714,52.0340923695821],[18.5621686416527,52.0340928135326],[18.5621382724177,52.0339312858022],[18.5620148444615,52.0332519008349],[18.5619885809683,52.0331098342333],[18.5619635746606,52.0329750419945],[18.5619560190514,52.0329303172498],[18.5618934922651,52.0325575190497],[18.5618579720209,52.0324369636203],[18.5618022818742,52.0321400582168],[18.5617471673491,52.0318462183901],[18.5616950411498,52.0315683063913],[18.5616540003819,52.0312669370065],[18.5615817715361,52.0306837258341],[18.561546173517,52.0303662556213],[18.5615158387355,52.030096666939],[18.561494994928,52.0298983986249],[18.5614852510492,52.0298068561884],[18.5614779629903,52.0297368735184],[18.5614569715713,52.0295384261272],[18.5614549855786,52.0295194706716],[18.5614509789663,52.0294206205158],[18.5614310997785,52.0289269981454],[18.5614348824192,52.0286404591294],[18.5614419812598,52.0280506050904],[18.5614463048395,52.0277675487215],[18.5614493872476,52.0276878993249],[18.5615052755603,52.0271010685049],[18.5614768703059,52.0268263514433],[18.5614778297255,52.026784899228],[18.5615410525392,52.0265020532178],[18.5618287712432,52.0259012054903],[18.5621120898695,52.0254936211163],[18.562337774296,52.0252911424302],[18.562735376548,52.0250842844029],[18.5628842755832,52.0250068168173],[18.5635752860763,52.0246760381334],[18.5640494121986,52.0244201639335],[18.5641716973495,52.0243541449163],[18.5647438895106,52.0240443693649],[18.5649214173272,52.0240442890309],[18.5643846894148,52.024340990865],[18.563779362786,52.0246781197281],[18.5637064778711,52.0247132000943],[18.5633302672372,52.024897727958],[18.5625130584955,52.0253006205051]]]},"properties":{"case_id":"ST-WK-TU/ZGŁOSZENIE/1880/2026","source_type":"zgloszenie","received_date":"2026-06-12","decision_date":null,"status":"Brak sprzeciwu","description":"Budowa sieci wodociągowej","address":"Chlebów","city":"Chlebów","office":"Starosta Powiatu Turek","case_kind":"budowa nowego/nowych obiektów budowlanych","parcel_ids":["302708_2.0004.117","302708_2.0004.152/10","302708_2.0004.152/2"],"location_quality":"dokładny","gunb_url":"https://wyszukiwarka.gunb.gov.pl/","parcel_count":3,"parcel_shard":"x074-y208","parcel_id":"302708_2.0004.117","location_source":"powiat turecki (wfs)"}},{"type":"Feature","id":"ST-WK-TU/ZGŁOSZENIE/1880/2026::302708_2.0004.152/10","geometry":{"type":"Polygon","coordinates":[[[18.5642361959384,52.0298036017033],[18.5626726511811,52.029814853726],[18.5626716500191,52.0297699179401],[18.563153490072,52.0297663576158],[18.5636356225789,52.0297628838031],[18.5640097877839,52.0297601046477],[18.564053159738,52.0297328428035],[18.5640522137368,52.029692400819],[18.5642346339577,52.0296910779953],[18.5642361959384,52.0298036017033]]]},"properties":{"case_id":"ST-WK-TU/ZGŁOSZENIE/1880/2026","source_type":"zgloszenie","received_date":"2026-06-12","decision_date":null,"status":"Brak sprzeciwu","description":"Budowa sieci wodociągowej","address":"Chlebów","city":"Chlebów","office":"Starosta Powiatu Turek","case_kind":"budowa nowego/nowych obiektów budowlanych","parcel_ids":["302708_2.0004.117","302708_2.0004.152/10","302708_2.0004.152/2"],"location_quality":"dokładny","gunb_url":"https://wyszukiwarka.gunb.gov.pl/","parcel_count":3,"parcel_shard":"x074-y208","parcel_id":"302708_2.0004.152/10","location_source":"powiat turecki (wfs)"}},{"type":"Feature","id":"ST-WK-TU/ZGŁOSZENIE/1880/2026::302708_2.0004.152/2","geometry":{"type":"Polygon","coordinates":[[[18.5626726511811,52.029814853726],[18.5616250419954,52.0298223685521],[18.5616205316303,52.0297414970337],[18.5616808668417,52.0297770719999],[18.5621462432173,52.0297736841582],[18.5626716500191,52.0297699179401],[18.5626726511811,52.029814853726]]]},"properties":{"case_id":"ST-WK-TU/ZGŁOSZENIE/1880/2026","source_type":"zgloszenie","received_date":"2026-06-12","decision_date":null,"status":"Brak sprzeciwu","description":"Budowa sieci wodociągowej","address":"Chlebów","city":"Chlebów","office":"Starosta Powiatu Turek","case_kind":"budowa nowego/nowych obiektów budowlanych","parcel_ids":["302708_2.0004.117","302708_2.0004.152/10","302708_2.0004.152/2"],"location_quality":"dokładny","gunb_url":"https://wyszukiwarka.gunb.gov.pl/","parcel_count":3,"parcel_shard":"x074-y208","parcel_id":"302708_2.0004.152/2","location_source":"powiat turecki (wfs)"}},{"type":"Feature","id":"ST-WK-TU/WNIOSEK/9388/2026::302708_2.0004.14/13","geometry":{"type":"Polygon","coordinates":[[[18.5648936438271,52.0206926124415],[18.5644566271805,52.0206940283167],[18.5644507986659,52.0202629518432],[18.5648877998349,52.0202607020475],[18.5648936438271,52.0206926124415]]]},"properties":{"case_id":"ST-WK-TU/WNIOSEK/9388/2026","source_type":"wniosek_decyzja","received_date":"2026-05-18","decision_date":"2026-07-16","status":"decyzja wydana","description":"Budowa budynku mieszkalnego jednorodzinnego oraz zbiornika na ścieki bytowe","address":"Chlebów","city":"Chlebów","office":"Starosta Powiatu Turek","case_kind":"Budynek mieszkalny jednorodzinny","parcel_ids":["302708_2.0004.14/13"],"location_quality":"dokładny","gunb_url":"https://wyszukiwarka.gunb.gov.pl/","parcel_count":1,"parcel_shard":"x074-y208","parcel_id":"302708_2.0004.14/13","location_source":"powiat turecki (wfs)"}},{"type":"Feature","id":"ST-WK-TU/ZGŁOSZENIE/187/2026::302708_2.0004.152/10","geometry":{"type":"Polygon","coordinates":[[[18.5642361959384,52.0298036017033],[18.5626726511811,52.029814853726],[18.5626716500191,52.0297699179401],[18.563153490072,52.0297663576158],[18.5636356225789,52.0297628838031],[18.5640097877839,52.0297601046477],[18.564053159738,52.0297328428035],[18.5640522137368,52.029692400819],[18.5642346339577,52.0296910779953],[18.5642361959384,52.0298036017033]]]},"properties":{"case_id":"ST-WK-TU/ZGŁOSZENIE/187/2026","source_type":"zgloszenie","received_date":"2026-01-22","decision_date":null,"status":"Brak sprzeciwu","description":"Rozbudowa sieci kablowej niskiego napięcia poprzez budowę linii kablowej niskiego napięcia 0,4kV kablem YAKXS 4x120mm2 od istniejącego złącza kablowego","address":"Chlebów","city":"Chlebów","office":"Starosta Powiatu Turek","case_kind":"rozbudowa istniejącego/istniejących obiektów budowlanych","parcel_ids":["302708_2.0004.152/10","302708_2.0004.152/9","302708_2.0004.153/4","302708_2.0004.153/7"],"location_quality":"dokładny","gunb_url":"https://wyszukiwarka.gunb.gov.pl/","parcel_count":4,"parcel_shard":"x074-y208","parcel_id":"302708_2.0004.152/10","location_source":"powiat turecki (wfs)"}},{"type":"Feature","id":"ST-WK-TU/ZGŁOSZENIE/187/2026::302708_2.0004.152/9","geometry":{"type":"Polygon","coordinates":[[[18.5656268721163,52.0294882820663],[18.5654695748077,52.0297946329728],[18.564885595738,52.0297988722542],[18.5642361959384,52.0298036017033],[18.5642346339577,52.0296910779953],[18.5642314756091,52.029498028425],[18.5642646967906,52.029497869334],[18.5647745106021,52.0294942582866],[18.5656268721163,52.0294882820663]]]},"properties":{"case_id":"ST-WK-TU/ZGŁOSZENIE/187/2026","source_type":"zgloszenie","received_date":"2026-01-22","decision_date":null,"status":"Brak sprzeciwu","description":"Rozbudowa sieci kablowej niskiego napięcia poprzez budowę linii kablowej niskiego napięcia 0,4kV kablem YAKXS 4x120mm2 od istniejącego złącza kablowego","address":"Chlebów","city":"Chlebów","office":"Starosta Powiatu Turek","case_kind":"rozbudowa istniejącego/istniejących obiektów budowlanych","parcel_ids":["302708_2.0004.152/10","302708_2.0004.152/9","302708_2.0004.153/4","302708_2.0004.153/7"],"location_quality":"dokładny","gunb_url":"https://wyszukiwarka.gunb.gov.pl/","parcel_count":4,"parcel_shard":"x074-y208","parcel_id":"302708_2.0004.152/9","location_source":"powiat turecki (wfs)"}},{"type":"Feature","id":"ST-WK-TU/ZGŁOSZENIE/187/2026::302708_2.0004.153/4","geometry":{"type":"Polygon","coordinates":[[[18.5623164560653,52.0301002190285],[18.5616641305855,52.030104408968],[18.5616362538345,52.0299031182446],[18.5616894229251,52.0298668224611],[18.5623120159683,52.0298624147491],[18.5623164560653,52.0301002190285]]]},"properties":{"case_id":"ST-WK-TU/ZGŁOSZENIE/187/2026","source_type":"zgloszenie","received_date":"2026-01-22","decision_date":null,"status":"Brak sprzeciwu","description":"Rozbudowa sieci kablowej niskiego napięcia poprzez budowę linii kablowej niskiego napięcia 0,4kV kablem YAKXS 4x120mm2 od istniejącego złącza kablowego","address":"Chlebów","city":"Chlebów","office":"Starosta Powiatu Turek","case_kind":"rozbudowa istniejącego/istniejących obiektów budowlanych","parcel_ids":["302708_2.0004.152/10","302708_2.0004.152/9","302708_2.0004.153/4","302708_2.0004.153/7"],"location_quality":"dokładny","gunb_url":"https://wyszukiwarka.gunb.gov.pl/","parcel_count":4,"parcel_shard":"x074-y208","parcel_id":"302708_2.0004.153/4","location_source":"powiat turecki (wfs)"}},{"type":"Feature","id":"ST-WK-TU/ZGŁOSZENIE/187/2026::302708_2.0004.153/7","geometry":{"type":"Polygon","coordinates":[[[18.5647054645452,52.02991253654],[18.5647049248466,52.0298812604899],[18.5646458962149,52.0298455010446],[18.5642370529614,52.0298485381689],[18.5637697818251,52.0298519433338],[18.5633025106034,52.0298553466458],[18.5628074090411,52.0298588810422],[18.5623120159683,52.0298624147491],[18.5616894229251,52.0298668224611],[18.5616362538345,52.0299031182446],[18.5616250419954,52.0298223685521],[18.5626726511811,52.029814853726],[18.5642361959384,52.0298036017033],[18.564885595738,52.0297988722542],[18.5648875942182,52.0299112140996],[18.5647054645452,52.02991253654]]]},"properties":{"case_id":"ST-WK-TU/ZGŁOSZENIE/187/2026","source_type":"zgloszenie","received_date":"2026-01-22","decision_date":null,"status":"Brak sprzeciwu","description":"Rozbudowa sieci kablowej niskiego napięcia poprzez budowę linii kablowej niskiego napięcia 0,4kV kablem YAKXS 4x120mm2 od istniejącego złącza kablowego","address":"Chlebów","city":"Chlebów","office":"Starosta Powiatu Turek","case_kind":"rozbudowa istniejącego/istniejących obiektów budowlanych","parcel_ids":["302708_2.0004.152/10","302708_2.0004.152/9","302708_2.0004.153/4","302708_2.0004.153/7"],"location_quality":"dokładny","gunb_url":"https://wyszukiwarka.gunb.gov.pl/","parcel_count":4,"parcel_shard":"x074-y208","parcel_id":"302708_2.0004.153/7","location_source":"powiat turecki (wfs)"}},{"type":"Feature","id":"ST-WK-TU/ZGŁOSZENIE/635/2026::302708_2.0004.18/1","geometry":{"type":"Polygon","coordinates":[[[18.5681525240213,52.0219424666814],[18.5694476507307,52.0219371128808],[18.5693596495657,52.0220056681924],[18.568858299105,52.0222002424452],[18.5681581949077,52.0222060611047],[18.5681525240213,52.0219424666814]]]},"properties":{"case_id":"ST-WK-TU/ZGŁOSZENIE/635/2026","source_type":"zgloszenie","received_date":"2026-03-04","decision_date":null,"status":"Brak sprzeciwu","description":"Budowa linii kablowej nN dla zasilenia domu jednorodzinnego","address":"Chlebów","city":"Chlebów","office":"Starosta Powiatu Turek","case_kind":"budowa nowego/nowych obiektów budowlanych","parcel_ids":["302708_2.0004.18/1","302708_2.0004.18/17"],"location_quality":"dokładny","gunb_url":"https://wyszukiwarka.gunb.gov.pl/","parcel_count":2,"parcel_shard":"x074-y208","parcel_id":"302708_2.0004.18/1","location_source":"powiat turecki (wfs)"}},{"type":"Feature","id":"ST-WK-TU/ZGŁOSZENIE/635/2026::302708_2.0004.18/17","geometry":{"type":"Polygon","coordinates":[[[18.5606057237743,52.0222689343319],[18.5610997141216,52.0222647851513],[18.5615938511706,52.0222607230811],[18.5620879881143,52.0222566589388],[18.5625822695083,52.0222525021527],[18.56307640624,52.0222484338653],[18.5635706874198,52.0222442729331],[18.5640649696226,52.0222401998032],[18.5645592517197,52.0222361246],[18.5650520757453,52.0222319644345],[18.5655473774128,52.0222278801954],[18.5660426789741,52.0222237938744],[18.5665088437832,52.0222198455739],[18.5669750096324,52.0222159853049],[18.5671569599939,52.0222144803964],[18.5671568388752,52.0222183353847],[18.5672445711716,52.0222196294404],[18.5672448024122,52.0222136979791],[18.5675361562697,52.0222113061763],[18.5681581949077,52.0222060611047],[18.568858299105,52.0222002424452],[18.5687163831058,52.0222553193837],[18.5601192517952,52.0223267946788],[18.5600223765987,52.0223276147183],[18.560081924182,52.0222193842895],[18.5602549870605,52.0222178424084],[18.5603143690424,52.0222713089984],[18.5606057237743,52.0222689343319]]]},"properties":{"case_id":"ST-WK-TU/ZGŁOSZENIE/635/2026","source_type":"zgloszenie","received_date":"2026-03-04","decision_date":null,"status":"Brak sprzeciwu","description":"Budowa linii kablowej nN dla zasilenia domu jednorodzinnego","address":"Chlebów","city":"Chlebów","office":"Starosta Powiatu Turek","case_kind":"budowa nowego/nowych obiektów budowlanych","parcel_ids":["302708_2.0004.18/1","302708_2.0004.18/17"],"location_quality":"dokładny","gunb_url":"https://wyszukiwarka.gunb.gov.pl/","parcel_count":2,"parcel_shard":"x074-y208","parcel_id":"302708_2.0004.18/17","location_source":"powiat turecki (wfs)"}},{"type":"Feature","id":"ST-WK-TU/WNIOSEK/23049/2025::302708_2.0004.202","geometry":{"type":"Polygon","coordinates":[[[18.5767764789808,52.0177217106106],[18.5767499599482,52.0173266607186],[18.5794084991665,52.0174560492074],[18.579517832098,52.017856472298],[18.5786325700858,52.0178130965235],[18.5767764789808,52.0177217106106]]]},"properties":{"case_id":"ST-WK-TU/WNIOSEK/23049/2025","source_type":"wniosek_decyzja","received_date":"2025-11-12","decision_date":"2025-12-29","status":"decyzja wydana","description":"Rozbudowa, nadbudowa oraz przebudowa budynku mieszkalnego jednorodzinnego wraz z zewnętrzną i wewnętrzną instalacją gazu","address":"Chlebów","city":"Chlebów","office":"Starosta Powiatu Turek","case_kind":"Budynek mieszkalny jednorodzinny","parcel_ids":["302708_2.0004.202"],"location_quality":"dokładny","gunb_url":"https://wyszukiwarka.gunb.gov.pl/","parcel_count":1,"parcel_shard":"x074-y208","parcel_id":"302708_2.0004.202","location_source":"powiat turecki (wfs)"}},{"type":"Feature","id":"ST-WK-TU/WNIOSEK/6377/2026::302708_2.0004.440","geometry":{"type":"Polygon","coordinates":[[[18.5558877471658,52.0325964319444],[18.5562810267559,52.0325936770816],[18.5562866933262,52.0328976280923],[18.5558934110699,52.0329003829816],[18.5558877471658,52.0325964319444]]]},"properties":{"case_id":"ST-WK-TU/WNIOSEK/6377/2026","source_type":"wniosek_decyzja","received_date":"2026-04-03","decision_date":"2026-07-10","status":"decyzja wydana","description":"Budowa budynku mieszkalnego jednorodzinnego","address":"Chlebów","city":"Chlebów","office":"Starosta Powiatu Turek","case_kind":"Budynek mieszkalny jednorodzinny","parcel_ids":["302708_2.0004.440","302708_2.0004.441"],"location_quality":"dokładny","gunb_url":"https://wyszukiwarka.gunb.gov.pl/","parcel_count":2,"parcel_shard":"x074-y208","parcel_id":"302708_2.0004.440","location_source":"powiat turecki (wfs)"}},{"type":"Feature","id":"ST-WK-TU/WNIOSEK/6377/2026::302708_2.0004.441","geometry":{"type":"Polygon","coordinates":[[[18.555482519818,52.0325993317016],[18.5558877471658,52.0325964319444],[18.5558934110699,52.0329003829816],[18.5555266483578,52.0329029216489],[18.5554580455342,52.032858664063],[18.555482519818,52.0325993317016]]]},"properties":{"case_id":"ST-WK-TU/WNIOSEK/6377/2026","source_type":"wniosek_decyzja","received_date":"2026-04-03","decision_date":"2026-07-10","status":"decyzja wydana","description":"Budowa budynku mieszkalnego jednorodzinnego","address":"Chlebów","city":"Chlebów","office":"Starosta Powiatu Turek","case_kind":"Budynek mieszkalny jednorodzinny","parcel_ids":["302708_2.0004.440","302708_2.0004.441"],"location_quality":"dokładny","gunb_url":"https://wyszukiwarka.gunb.gov.pl/","parcel_count":2,"parcel_shard":"x074-y208","parcel_id":"302708_2.0004.441","location_source":"powiat turecki (wfs)"}},{"type":"Feature","id":"ST-WK-TU/WNIOSEK/12904/2026::302708_2.0004.47/11","geometry":{"type":"Polygon","coordinates":[[[18.5585363517142,52.0295354094667],[18.5581114538279,52.0295361645341],[18.5581110562172,52.0292584337473],[18.5585359581897,52.0292582179438],[18.5585363517142,52.0295354094667]]]},"properties":{"case_id":"ST-WK-TU/WNIOSEK/12904/2026","source_type":"wniosek_decyzja","received_date":"2026-07-08","decision_date":"2026-08-17","status":"decyzja wydana","description":"Budowa budynku mieszkalnego jednorodzinnego oraz przydomowej oczyszczalni ścieków o wydajności do 5m³","address":"Chlebów","city":"Chlebów","office":"Starosta Powiatu Turek","case_kind":"Budynek mieszkalny jednorodzinny","parcel_ids":["302708_2.0004.47/11"],"location_quality":"dokładny","gunb_url":"https://wyszukiwarka.gunb.gov.pl/","parcel_count":1,"parcel_shard":"x074-y208","parcel_id":"302708_2.0004.47/11","location_source":"powiat turecki (wfs)"}},{"type":"Feature","id":"ST-WK-TU/WNIOSEK/1470/2026::302708_2.0004.47/5","geometry":{"type":"Polygon","coordinates":[[[18.5564001412025,52.0292053164804],[18.5559178280793,52.0292055258273],[18.555863324206,52.0291697406438],[18.5558891984249,52.0289296359838],[18.5563999222267,52.0289293824708],[18.5564001412025,52.0292053164804]]]},"properties":{"case_id":"ST-WK-TU/WNIOSEK/1470/2026","source_type":"wniosek_decyzja","received_date":"2026-01-27","decision_date":"2026-08-07","status":"decyzja wydana","description":"Budowa budynku mieszkalnego jednorodzinnego","address":"Chlebów","city":"Chlebów","office":"Starosta Powiatu Turek","case_kind":"Budynek mieszkalny jednorodzinny","parcel_ids":["302708_2.0004.47/5"],"location_quality":"dokładny","gunb_url":"https://wyszukiwarka.gunb.gov.pl/","parcel_count":1,"parcel_shard":"x074-y208","parcel_id":"302708_2.0004.47/5","location_source":"powiat turecki (wfs)"}},{"type":"Feature","id":"ST-WK-TU/WNIOSEK/1130/2026::302708_2.0004.47/9","geometry":{"type":"Polygon","coordinates":[[[18.5576875769844,52.0295370031175],[18.5572648657713,52.029537834663],[18.5572644577643,52.0292588455966],[18.5573967658172,52.0292587590479],[18.5576873198795,52.0292586425012],[18.5576875769844,52.0295370031175]]]},"properties":{"case_id":"ST-WK-TU/WNIOSEK/1130/2026","source_type":"wniosek_decyzja","received_date":"2026-01-21","decision_date":"2026-05-25","status":"decyzja wydana","description":"Budowa budynku mieszkalnego jednorodzinnego w zabudowie mieszkaniowej jednorodzinnej","address":"Chlebów","city":"Chlebów","office":"Starosta Powiatu Turek","case_kind":"Budynek mieszkalny jednorodzinny","parcel_ids":["302708_2.0004.47/9"],"location_quality":"dokładny","gunb_url":"https://wyszukiwarka.gunb.gov.pl/","parcel_count":1,"parcel_shard":"x074-y208","parcel_id":"302708_2.0004.47/9","location_source":"powiat turecki (wfs)"}},{"type":"Feature","id":"ST-WK-TU/ZGŁOSZENIE/957/2026::302708_2.0004.56/1","geometry":{"type":"Polygon","coordinates":[[[18.5556064031127,52.031295651786],[18.555518975315,52.0312960640122],[18.5555911748355,52.0307018792351],[18.5556788951235,52.0307016453358],[18.555651638121,52.0309244093443],[18.5556341832439,52.0310680317571],[18.5556064031127,52.031295651786]]]},"properties":{"case_id":"ST-WK-TU/ZGŁOSZENIE/957/2026","source_type":"zgloszenie","received_date":"2026-03-31","decision_date":null,"status":"Brak sprzeciwu","description":"Budowa linii kablowej nN dla budynku mieszkalnego jednorodzinnego","address":"Pęcherzew","city":"Pęcherzew","office":"Starosta Powiatu Turek","case_kind":"budowa nowego/nowych obiektów budowlanych","parcel_ids":["302708_2.0004.56/1","302708_2.0004.58/10","302708_2.0004.58/5","302708_2.0004.58/9","302708_2.0013.116"],"location_quality":"dokładny","gunb_url":"https://wyszukiwarka.gunb.gov.pl/","parcel_count":5,"parcel_shard":"x074-y208","parcel_id":"302708_2.0004.56/1","location_source":"powiat turecki (wfs)"}},{"type":"Feature","id":"ST-WK-TU/ZGŁOSZENIE/957/2026::302708_2.0004.58/10","geometry":{"type":"Polygon","coordinates":[[[18.5578658213336,52.0315420359395],[18.5579081579679,52.0315833605488],[18.5579225934164,52.0315957856683],[18.5573053268825,52.0315969092267],[18.5567953102244,52.0315978823154],[18.5562854381262,52.0315987626329],[18.5559502837349,52.031599355785],[18.5557574457751,52.0316778328716],[18.555657603672,52.031676056726],[18.555582220134,52.0317194652352],[18.5555904932116,52.0315757063795],[18.5556607248992,52.03162220324],[18.5557452624493,52.0316236920446],[18.5559235321625,52.0315455533554],[18.5561275381652,52.0315451299445],[18.5566374096617,52.0315442503121],[18.5571474257181,52.0315432779086],[18.5578658213336,52.0315420359395]]]},"properties":{"case_id":"ST-WK-TU/ZGŁOSZENIE/957/2026","source_type":"zgloszenie","received_date":"2026-03-31","decision_date":null,"status":"Brak sprzeciwu","description":"Budowa linii kablowej nN dla budynku mieszkalnego jednorodzinnego","address":"Pęcherzew","city":"Pęcherzew","office":"Starosta Powiatu Turek","case_kind":"budowa nowego/nowych obiektów budowlanych","parcel_ids":["302708_2.0004.56/1","302708_2.0004.58/10","302708_2.0004.58/5","302708_2.0004.58/9","302708_2.0013.116"],"location_quality":"dokładny","gunb_url":"https://wyszukiwarka.gunb.gov.pl/","parcel_count":5,"parcel_shard":"x074-y208","parcel_id":"302708_2.0004.58/10","location_source":"powiat turecki (wfs)"}},{"type":"Feature","id":"ST-WK-TU/ZGŁOSZENIE/957/2026::302708_2.0004.58/5","geometry":{"type":"Polygon","coordinates":[[[18.5561275381652,52.0315451299445],[18.5559235321625,52.0315455533554],[18.5557452624493,52.0316236920446],[18.5556607248992,52.03162220324],[18.5555904932116,52.0315757063795],[18.5556064031127,52.031295651786],[18.5561263103842,52.0312934687015],[18.5561275381652,52.0315451299445]]]},"properties":{"case_id":"ST-WK-TU/ZGŁOSZENIE/957/2026","source_type":"zgloszenie","received_date":"2026-03-31","decision_date":null,"status":"Brak sprzeciwu","description":"Budowa linii kablowej nN dla budynku mieszkalnego jednorodzinnego","address":"Pęcherzew","city":"Pęcherzew","office":"Starosta Powiatu Turek","case_kind":"budowa nowego/nowych obiektów budowlanych","parcel_ids":["302708_2.0004.56/1","302708_2.0004.58/10","302708_2.0004.58/5","302708_2.0004.58/9","302708_2.0013.116"],"location_quality":"dokładny","gunb_url":"https://wyszukiwarka.gunb.gov.pl/","parcel_count":5,"parcel_shard":"x074-y208","parcel_id":"302708_2.0004.58/5","location_source":"powiat turecki (wfs)"}},{"type":"Feature","id":"ST-WK-TU/ZGŁOSZENIE/957/2026::302708_2.0004.58/9","geometry":{"type":"Polygon","coordinates":[[[18.5555743206574,52.0318580991037],[18.5554868884211,52.0318582416818],[18.5554849877509,52.0315622846104],[18.555486165023,52.0315529190693],[18.555518975315,52.0312960640122],[18.5556064031127,52.031295651786],[18.5555904932116,52.0315757063795],[18.555582220134,52.0317194652352],[18.5555743206574,52.0318580991037]]]},"properties":{"case_id":"ST-WK-TU/ZGŁOSZENIE/957/2026","source_type":"zgloszenie","received_date":"2026-03-31","decision_date":null,"status":"Brak sprzeciwu","description":"Budowa linii kablowej nN dla budynku mieszkalnego jednorodzinnego","address":"Pęcherzew","city":"Pęcherzew","office":"Starosta Powiatu Turek","case_kind":"budowa nowego/nowych obiektów budowlanych","parcel_ids":["302708_2.0004.56/1","302708_2.0004.58/10","302708_2.0004.58/5","302708_2.0004.58/9","302708_2.0013.116"],"location_quality":"dokładny","gunb_url":"https://wyszukiwarka.gunb.gov.pl/","parcel_count":5,"parcel_shard":"x074-y208","parcel_id":"302708_2.0004.58/9","location_source":"powiat turecki (wfs)"}},{"type":"Feature","id":"ST-WK-TU/ZGŁOSZENIE/957/2026::302708_2.0013.116","geometry":{"type":"Polygon","coordinates":[[[18.5551538578974,52.0342085536123],[18.5553349166001,52.0318101648186],[18.5554021937653,52.0315500791935],[18.5554769109345,52.0309354796407],[18.5555715403951,52.0300582433869],[18.5556942940108,52.0291696391432],[18.5557112696803,52.0290577717043],[18.5557274368186,52.0289398365685],[18.5557694055801,52.0286344921986],[18.5558014108391,52.0284013539211],[18.5557386629462,52.0283996572158],[18.5557618374728,52.028219378331],[18.5557893161437,52.0280896287503],[18.5558492274282,52.0275039502688],[18.555904381369,52.0270987754934],[18.555914666417,52.0270067972181],[18.5559240291522,52.0269441770924],[18.556018586045,52.0264266446134],[18.5561314358446,52.025496358637],[18.5561394437805,52.0254579286425],[18.55616638291,52.0253287457829],[18.5562153919172,52.0251940859273],[18.5562779980488,52.0250778208215],[18.5563484613321,52.0249508207853],[18.5565758955979,52.0248643951457],[18.5564211558406,52.0249813423937],[18.5563549139943,52.0250912203706],[18.5562988250142,52.0252091396769],[18.5562411758541,52.0253422562385],[18.5562108959757,52.0255557770995],[18.5561879857364,52.0257174017197],[18.5561595867915,52.025918150548],[18.5561203624285,52.0261859119266],[18.5560686467344,52.0265391193347],[18.5560308341412,52.0268251964526],[18.5560231525611,52.0269197370649],[18.5560215228526,52.0269592388308],[18.5560181088543,52.0270419908836],[18.5559956001235,52.027134477299],[18.5559856404154,52.0272243155652],[18.5559588822797,52.0274635256778],[18.555932001571,52.0277046238565],[18.5559259532713,52.0277926460303],[18.5558913454884,52.0280583094123],[18.5558176358105,52.0286492504182],[18.5558016250832,52.0289296895906],[18.5557362784031,52.0295355269079],[18.5556756227522,52.0298068086612],[18.5556576825035,52.0301306408741],[18.5556329281895,52.030343685939],[18.5556161953326,52.0304867656721],[18.5555911748355,52.0307018792351],[18.555518975315,52.0312960640122],[18.555486165023,52.0315529190693],[18.5554819382081,52.031552849115],[18.5554681193016,52.0316606816759],[18.5554694015282,52.0318582342393],[18.5554468197392,52.0321510076877],[18.5554132391935,52.0324466994134],[18.5553977197534,52.0326012904771],[18.5553557678902,52.0330191729462],[18.5553268567299,52.0333071526315],[18.5552636393551,52.0339368386777],[18.5552431039619,52.0341413808961],[18.5553152193249,52.0342078372513],[18.5553138610745,52.0342384840538],[18.5551538578974,52.0342085536123]]]},"properties":{"case_id":"ST-WK-TU/ZGŁOSZENIE/957/2026","source_type":"zgloszenie","received_date":"2026-03-31","decision_date":null,"status":"Brak sprzeciwu","description":"Budowa linii kablowej nN dla budynku mieszkalnego jednorodzinnego","address":"Pęcherzew","city":"Pęcherzew","office":"Starosta Powiatu Turek","case_kind":"budowa nowego/nowych obiektów budowlanych","parcel_ids":["302708_2.0004.56/1","302708_2.0004.58/10","302708_2.0004.58/5","302708_2.0004.58/9","302708_2.0013.116"],"location_quality":"dokładny","gunb_url":"https://wyszukiwarka.gunb.gov.pl/","parcel_count":5,"parcel_shard":"x074-y208","parcel_id":"302708_2.0013.116","location_source":"powiat turecki (wfs)"}},{"type":"Feature","id":"ST-WK-TU/WNIOSEK/23586/2025::302708_2.0004.95/5","geometry":{"type":"Polygon","coordinates":[[[18.5717062055491,52.0222795040107],[18.5712979710044,52.0222809777347],[18.5712918825593,52.021970199489],[18.5717000760352,52.0219671365643],[18.5717062055491,52.0222795040107]]]},"properties":{"case_id":"ST-WK-TU/WNIOSEK/23586/2025","source_type":"wniosek_decyzja","received_date":"2025-11-20","decision_date":"2026-01-21","status":"decyzja wydana","description":"Budowa budynku mieszkalnego jednorodzinnego","address":"Chlebów","city":"Chlebów","office":"Starosta Powiatu Turek","case_kind":"Budynek mieszkalny jednorodzinny","parcel_ids":["302708_2.0004.95/5"],"location_quality":"dokładny","gunb_url":"https://wyszukiwarka.gunb.gov.pl/","parcel_count":1,"parcel_shard":"x074-y208","parcel_id":"302708_2.0004.95/5","location_source":"powiat turecki (wfs)"}},{"type":"Feature","id":"ST-WK-TU/WNIOSEK/3614/2026::302708_2.0007.136","geometry":{"type":"Polygon","coordinates":[[[18.5863553228228,52.0632610955701],[18.5856465331234,52.0634873159397],[18.582897097386,52.0618460820766],[18.5836107850907,52.061585467863],[18.5863553228228,52.0632610955701]]]},"properties":{"case_id":"ST-WK-TU/WNIOSEK/3614/2026","source_type":"wniosek_decyzja","received_date":"2026-02-27","decision_date":"2026-03-27","status":"decyzja wydana","description":"Budowa budynku mieszkalnego jednorodzinnego w zabudowie zagrodowej,","address":"Kalinowa","city":"Kalinowa","office":"Starosta Powiatu Turek","case_kind":"Budynek mieszkalny jednorodzinny","parcel_ids":["302708_2.0007.136"],"location_quality":"dokładny","gunb_url":"https://wyszukiwarka.gunb.gov.pl/","parcel_count":1,"parcel_shard":"x074-y208","parcel_id":"302708_2.0007.136","location_source":"powiat turecki (wfs)"}},{"type":"Feature","id":"ST-WK-TU/WNIOSEK/25390/2025::302708_2.0009.129/1","geometry":{"type":"Polygon","coordinates":[[[18.5601967356311,52.0209836903171],[18.5601453209632,52.0212735425979],[18.5576333571476,52.0209014470102],[18.5582953262726,52.0207819442808],[18.5586643278587,52.0207544460922],[18.5601967356311,52.0209836903171]]]},"properties":{"case_id":"ST-WK-TU/WNIOSEK/25390/2025","source_type":"wniosek_decyzja","received_date":"2025-12-16","decision_date":"2026-03-03","status":"decyzja wydana","description":"Budowa hali namiotowej (łukowej) w zabudowie zagrodowej","address":"Korytków","city":"Korytków","office":"Starosta Powiatu Turek","case_kind":"Obiekt budowlany inny niż budynek mieszkalny jednorodzinny","parcel_ids":["302708_2.0009.129/1","302708_2.0009.132","302708_2.0009.133","302708_2.0009.135/1","302708_2.0009.137"],"location_quality":"dokładny","gunb_url":"https://wyszukiwarka.gunb.gov.pl/","parcel_count":5,"parcel_shard":"x074-y208","parcel_id":"302708_2.0009.129/1","location_source":"powiat turecki (wfs)"}},{"type":"Feature","id":"ST-WK-TU/WNIOSEK/25390/2025::302708_2.0009.132","geometry":{"type":"Polygon","coordinates":[[[18.5602686793659,52.0206084534733],[18.5585420896242,52.0207362224472],[18.5571442660997,52.0205275907227],[18.5573145994223,52.0202837499003],[18.5602694984132,52.0206040453964],[18.5602686793659,52.0206084534733]]]},"properties":{"case_id":"ST-WK-TU/WNIOSEK/25390/2025","source_type":"wniosek_decyzja","received_date":"2025-12-16","decision_date":"2026-03-03","status":"decyzja wydana","description":"Budowa hali namiotowej (łukowej) w zabudowie zagrodowej","address":"Korytków","city":"Korytków","office":"Starosta Powiatu Turek","case_kind":"Obiekt budowlany inny niż budynek mieszkalny jednorodzinny","parcel_ids":["302708_2.0009.129/1","302708_2.0009.132","302708_2.0009.133","302708_2.0009.135/1","302708_2.0009.137"],"location_quality":"dokładny","gunb_url":"https://wyszukiwarka.gunb.gov.pl/","parcel_count":5,"parcel_shard":"x074-y208","parcel_id":"302708_2.0009.132","location_source":"powiat turecki (wfs)"}},{"type":"Feature","id":"ST-WK-TU/WNIOSEK/25390/2025::302708_2.0009.133","geometry":{"type":"Polygon","coordinates":[[[18.5601967356311,52.0209836903171],[18.5586643278587,52.0207544460922],[18.5602634782135,52.0206352628237],[18.5601967356311,52.0209836903171]]]},"properties":{"case_id":"ST-WK-TU/WNIOSEK/25390/2025","source_type":"wniosek_decyzja","received_date":"2025-12-16","decision_date":"2026-03-03","status":"decyzja wydana","description":"Budowa hali namiotowej (łukowej) w zabudowie zagrodowej","address":"Korytków","city":"Korytków","office":"Starosta Powiatu Turek","case_kind":"Obiekt budowlany inny niż budynek mieszkalny jednorodzinny","parcel_ids":["302708_2.0009.129/1","302708_2.0009.132","302708_2.0009.133","302708_2.0009.135/1","302708_2.0009.137"],"location_quality":"dokładny","gunb_url":"https://wyszukiwarka.gunb.gov.pl/","parcel_count":5,"parcel_shard":"x074-y208","parcel_id":"302708_2.0009.133","location_source":"powiat turecki (wfs)"}},{"type":"Feature","id":"ST-WK-TU/WNIOSEK/25390/2025::302708_2.0009.135/1","geometry":{"type":"Polygon","coordinates":[[[18.5602527844609,52.0203354809616],[18.5602694984132,52.0206040453964],[18.5573145994223,52.0202837499003],[18.5574373489977,52.0201107211107],[18.5602527844609,52.0203354809616]]]},"properties":{"case_id":"ST-WK-TU/WNIOSEK/25390/2025","source_type":"wniosek_decyzja","received_date":"2025-12-16","decision_date":"2026-03-03","status":"decyzja wydana","description":"Budowa hali namiotowej (łukowej) w zabudowie zagrodowej","address":"Korytków","city":"Korytków","office":"Starosta Powiatu Turek","case_kind":"Obiekt budowlany inny niż budynek mieszkalny jednorodzinny","parcel_ids":["302708_2.0009.129/1","302708_2.0009.132","302708_2.0009.133","302708_2.0009.135/1","302708_2.0009.137"],"location_quality":"dokładny","gunb_url":"https://wyszukiwarka.gunb.gov.pl/","parcel_count":5,"parcel_shard":"x074-y208","parcel_id":"302708_2.0009.135/1","location_source":"powiat turecki (wfs)"}},{"type":"Feature","id":"ST-WK-TU/WNIOSEK/25390/2025::302708_2.0009.137","geometry":{"type":"Polygon","coordinates":[[[18.5602805202062,52.0200682051124],[18.5602527844609,52.0203354809616],[18.5574373489977,52.0201107211107],[18.5575679204264,52.0199322587702],[18.5602805202062,52.0200682051124]]]},"properties":{"case_id":"ST-WK-TU/WNIOSEK/25390/2025","source_type":"wniosek_decyzja","received_date":"2025-12-16","decision_date":"2026-03-03","status":"decyzja wydana","description":"Budowa hali namiotowej (łukowej) w zabudowie zagrodowej","address":"Korytków","city":"Korytków","office":"Starosta Powiatu Turek","case_kind":"Obiekt budowlany inny niż budynek mieszkalny jednorodzinny","parcel_ids":["302708_2.0009.129/1","302708_2.0009.132","302708_2.0009.133","302708_2.0009.135/1","302708_2.0009.137"],"location_quality":"dokładny","gunb_url":"https://wyszukiwarka.gunb.gov.pl/","parcel_count":5,"parcel_shard":"x074-y208","parcel_id":"302708_2.0009.137","location_source":"powiat turecki (wfs)"}},{"type":"Feature","id":"ST-WK-TU/WNIOSEK/2434/2026::302708_2.0009.223/6","geometry":{"type":"Polygon","coordinates":[[[18.5708553619219,52.0134368726588],[18.5707461396365,52.0136792727336],[18.5700864436484,52.013566070475],[18.5701333371717,52.0134621203979],[18.5701911095077,52.0134347864911],[18.570237856999,52.0133308370762],[18.5708553619219,52.0134368726588]]]},"properties":{"case_id":"ST-WK-TU/WNIOSEK/2434/2026","source_type":"wniosek_decyzja","received_date":"2026-02-10","decision_date":"2026-03-24","status":"decyzja wydana","description":"Budowa budynku garażowego","address":"Korytków","city":"Korytków","office":"Starosta Powiatu Turek","case_kind":"Obiekt budowlany inny niż budynek mieszkalny jednorodzinny","parcel_ids":["302708_2.0009.223/6"],"location_quality":"dokładny","gunb_url":"https://wyszukiwarka.gunb.gov.pl/","parcel_count":1,"parcel_shard":"x074-y208","parcel_id":"302708_2.0009.223/6","location_source":"powiat turecki (wfs)"}},{"type":"Feature","id":"ST-WK-TU/ZGŁOSZENIE/968/2026::302708_2.0009.288/16","geometry":{"type":"Polygon","coordinates":[[[18.5371910568739,52.0229946944268],[18.536295871746,52.0229061950049],[18.5359157515983,52.0228692757541],[18.5359090430719,52.0228199615214],[18.5363874820485,52.0228670391993],[18.536468200154,52.0228308091148],[18.5364413981293,52.0226120705595],[18.5364184755585,52.0224253120174],[18.5363957085444,52.0222393616874],[18.5363730981586,52.022054309446],[18.53635049334,52.0218697065753],[18.5363279037623,52.0216863619616],[18.5363056175619,52.0215040046501],[18.536289635452,52.0213736598292],[18.536225290415,52.021292520365],[18.5362830186892,52.021319851129],[18.5363915908039,52.0213713980745],[18.536460894766,52.021404248682],[18.5363982066299,52.0214251168915],[18.5364437399972,52.0217970175934],[18.5364706968776,52.0220165644027],[18.5364976540299,52.0222361111969],[18.5365246114539,52.0224556579761],[18.5365514234643,52.0226752054036],[18.5365717640842,52.0228409434841],[18.5366636067555,52.0228942741025],[18.537183619571,52.0229454734692],[18.5371910568739,52.0229946944268]]]},"properties":{"case_id":"ST-WK-TU/ZGŁOSZENIE/968/2026","source_type":"zgloszenie","received_date":"2026-03-31","decision_date":null,"status":"Brak sprzeciwu","description":"Budowa lii kablowej nN do budynku mieszkalnego jednorodzinnego","address":"Korytków","city":"Korytków","office":"Starosta Powiatu Turek","case_kind":"budowa nowego/nowych obiektów budowlanych","parcel_ids":["302708_2.0009.288/16","302708_2.0009.288/4","302708_2.0009.288/6","302708_2.0009.288/8"],"location_quality":"dokładny","gunb_url":"https://wyszukiwarka.gunb.gov.pl/","parcel_count":4,"parcel_shard":"x074-y208","parcel_id":"302708_2.0009.288/16","location_source":"powiat turecki (wfs)"}},{"type":"Feature","id":"ST-WK-TU/ZGŁOSZENIE/968/2026::302708_2.0009.288/4","geometry":{"type":"Polygon","coordinates":[[[18.5365514234643,52.0226752054036],[18.5365246114539,52.0224556579761],[18.5371063301647,52.0224286497059],[18.5371391148743,52.0226479001341],[18.5365514234643,52.0226752054036]]]},"properties":{"case_id":"ST-WK-TU/ZGŁOSZENIE/968/2026","source_type":"zgloszenie","received_date":"2026-03-31","decision_date":null,"status":"Brak sprzeciwu","description":"Budowa lii kablowej nN do budynku mieszkalnego jednorodzinnego","address":"Korytków","city":"Korytków","office":"Starosta Powiatu Turek","case_kind":"budowa nowego/nowych obiektów budowlanych","parcel_ids":["302708_2.0009.288/16","302708_2.0009.288/4","302708_2.0009.288/6","302708_2.0009.288/8"],"location_quality":"dokładny","gunb_url":"https://wyszukiwarka.gunb.gov.pl/","parcel_count":4,"parcel_shard":"x074-y208","parcel_id":"302708_2.0009.288/4","location_source":"powiat turecki (wfs)"}},{"type":"Feature","id":"ST-WK-TU/ZGŁOSZENIE/968/2026::302708_2.0009.288/6","geometry":{"type":"Polygon","coordinates":[[[18.5365246114539,52.0224556579761],[18.5364976540299,52.0222361111969],[18.5370735457834,52.0222093992596],[18.5370985715416,52.0223769135311],[18.5371022556484,52.0224013752213],[18.5371063301647,52.0224286497059],[18.5365246114539,52.0224556579761]]]},"properties":{"case_id":"ST-WK-TU/ZGŁOSZENIE/968/2026","source_type":"zgloszenie","received_date":"2026-03-31","decision_date":null,"status":"Brak sprzeciwu","description":"Budowa lii kablowej nN do budynku mieszkalnego jednorodzinnego","address":"Korytków","city":"Korytków","office":"Starosta Powiatu Turek","case_kind":"budowa nowego/nowych obiektów budowlanych","parcel_ids":["302708_2.0009.288/16","302708_2.0009.288/4","302708_2.0009.288/6","302708_2.0009.288/8"],"location_quality":"dokładny","gunb_url":"https://wyszukiwarka.gunb.gov.pl/","parcel_count":4,"parcel_shard":"x074-y208","parcel_id":"302708_2.0009.288/6","location_source":"powiat turecki (wfs)"}},{"type":"Feature","id":"ST-WK-TU/ZGŁOSZENIE/968/2026::302708_2.0009.288/8","geometry":{"type":"Polygon","coordinates":[[[18.5364976540299,52.0222361111969],[18.5364706968776,52.0220165644027],[18.5370407617305,52.0219901487951],[18.5370735457834,52.0222093992596],[18.5364976540299,52.0222361111969]]]},"properties":{"case_id":"ST-WK-TU/ZGŁOSZENIE/968/2026","source_type":"zgloszenie","received_date":"2026-03-31","decision_date":null,"status":"Brak sprzeciwu","description":"Budowa lii kablowej nN do budynku mieszkalnego jednorodzinnego","address":"Korytków","city":"Korytków","office":"Starosta Powiatu Turek","case_kind":"budowa nowego/nowych obiektów budowlanych","parcel_ids":["302708_2.0009.288/16","302708_2.0009.288/4","302708_2.0009.288/6","302708_2.0009.288/8"],"location_quality":"dokładny","gunb_url":"https://wyszukiwarka.gunb.gov.pl/","parcel_count":4,"parcel_shard":"x074-y208","parcel_id":"302708_2.0009.288/8","location_source":"powiat turecki (wfs)"}},{"type":"Feature","id":"ST-WK-TU/WNIOSEK/18426/2025::302708_2.0009.288/9","geometry":{"type":"Polygon","coordinates":[[[18.53635049334,52.0218697065753],[18.5363730981586,52.022054309446],[18.5358086045609,52.0220837524433],[18.5357835275874,52.0218993404738],[18.53635049334,52.0218697065753]]]},"properties":{"case_id":"ST-WK-TU/WNIOSEK/18426/2025","source_type":"wniosek_decyzja","received_date":"2025-09-10","decision_date":"2025-11-26","status":"decyzja wydana","description":"Budowa budynku garażowo-gospodarczego","address":"Korytków","city":"Korytków","office":"Starosta Powiatu Turek","case_kind":"Obiekt budowlany inny niż budynek mieszkalny jednorodzinny","parcel_ids":["302708_2.0009.288/9"],"location_quality":"dokładny","gunb_url":"https://wyszukiwarka.gunb.gov.pl/","parcel_count":1,"parcel_shard":"x074-y208","parcel_id":"302708_2.0009.288/9","location_source":"powiat turecki (wfs)"}},{"type":"Feature","id":"ST-WK-TU/WNIOSEK/10472/2026::302708_2.0009.84/40","geometry":{"type":"Polygon","coordinates":[[[18.5467913473136,52.0206208105461],[18.5462674927173,52.0206356442187],[18.546248845174,52.0203845126829],[18.5467726968441,52.0203696791009],[18.5467913473136,52.0206208105461]]]},"properties":{"case_id":"ST-WK-TU/WNIOSEK/10472/2026","source_type":"wniosek_decyzja","received_date":"2026-06-02","decision_date":"2026-07-28","status":"decyzja wydana","description":"Budowa budynku mieszkalnego jednorodzinnego oraz przydomowej oczyszczalni ścieków o wydajności do 5dm3","address":"Korytków","city":"Korytków","office":"Starosta Powiatu Turek","case_kind":"Budynek mieszkalny jednorodzinny","parcel_ids":["302708_2.0009.84/40"],"location_quality":"dokładny","gunb_url":"https://wyszukiwarka.gunb.gov.pl/","parcel_count":1,"parcel_shard":"x074-y208","parcel_id":"302708_2.0009.84/40","location_source":"powiat turecki (wfs)"}},{"type":"Feature","id":"ST-WK-TU/WNIOSEK/25392/2025::302708_2.0009.84/41","geometry":{"type":"Polygon","coordinates":[[[18.5467726968441,52.0203696791009],[18.546248845174,52.0203845126829],[18.546244454406,52.0203230542879],[18.54623019785,52.020133381133],[18.5467540476897,52.0201186375177],[18.5467726968441,52.0203696791009]]]},"properties":{"case_id":"ST-WK-TU/WNIOSEK/25392/2025","source_type":"wniosek_decyzja","received_date":"2025-12-16","decision_date":"2026-06-12","status":"decyzja wydana","description":"Budowa budynku mieszkalnego jednorodzinnego w zabudowie mieszkaniowej jednorodzinnej","address":"Korytków","city":"Korytków","office":"Starosta Powiatu Turek","case_kind":"Budynek mieszkalny jednorodzinny","parcel_ids":["302708_2.0009.84/41"],"location_quality":"dokładny","gunb_url":"https://wyszukiwarka.gunb.gov.pl/","parcel_count":1,"parcel_shard":"x074-y208","parcel_id":"302708_2.0009.84/41","location_source":"powiat turecki (wfs)"}},{"type":"Feature","id":"ST-WK-TU/ZGŁOSZENIE/3614/2025::302708_2.0009.86/11","geometry":{"type":"Polygon","coordinates":[[[18.5485508269103,52.0173753758369],[18.5485613835746,52.0175909547604],[18.5484787238941,52.0176455380144],[18.5476989926581,52.0176519517801],[18.5476932246877,52.0173824246792],[18.5485508269103,52.0173753758369]]]},"properties":{"case_id":"ST-WK-TU/ZGŁOSZENIE/3614/2025","source_type":"zgloszenie","received_date":"2025-11-10","decision_date":null,"status":"Brak sprzeciwu","description":"Budowa linii kablowej nN do budynku mieszkalnego jednorodzinnego","address":"Korytków","city":"Korytków","office":"Starosta Powiatu Turek","case_kind":"budowa nowego/nowych obiektów budowlanych","parcel_ids":["302708_2.0009.86/11","302708_2.0009.86/29","302708_2.0009.86/7"],"location_quality":"dokładny","gunb_url":"https://wyszukiwarka.gunb.gov.pl/","parcel_count":2,"parcel_shard":"x074-y208","parcel_id":"302708_2.0009.86/11","location_source":"powiat turecki (wfs)"}},{"type":"Feature","id":"ST-WK-TU/ZGŁOSZENIE/3614/2025::302708_2.0009.86/29","geometry":{"type":"Polygon","coordinates":[[[18.5467781138586,52.0177311901934],[18.5467746163262,52.0176593912992],[18.5469963156216,52.0176576431299],[18.5472183051377,52.017655803314],[18.5476989926581,52.0176519517801],[18.5484787238941,52.0176455380144],[18.5485613835746,52.0175909547604],[18.5485702829805,52.0177706758552],[18.5484801858855,52.0177174362208],[18.5477005979713,52.0177237594463],[18.5472199096815,52.0177276109889],[18.5467781138586,52.0177311901934]]]},"properties":{"case_id":"ST-WK-TU/ZGŁOSZENIE/3614/2025","source_type":"zgloszenie","received_date":"2025-11-10","decision_date":null,"status":"Brak sprzeciwu","description":"Budowa linii kablowej nN do budynku mieszkalnego jednorodzinnego","address":"Korytków","city":"Korytków","office":"Starosta Powiatu Turek","case_kind":"budowa nowego/nowych obiektów budowlanych","parcel_ids":["302708_2.0009.86/11","302708_2.0009.86/29","302708_2.0009.86/7"],"location_quality":"dokładny","gunb_url":"https://wyszukiwarka.gunb.gov.pl/","parcel_count":2,"parcel_shard":"x074-y208","parcel_id":"302708_2.0009.86/29","location_source":"powiat turecki (wfs)"}},{"type":"Feature","id":"ST-WK-TU/ZGŁOSZENIE/1885/2026::302708_2.0011.133","geometry":{"type":"Polygon","coordinates":[[[18.5313364158174,52.0399186003105],[18.5314141107717,52.0399563594392],[18.5315907000828,52.0400496682015],[18.5316787093944,52.0400968181155],[18.5267986926837,52.0466271267819],[18.5267919954235,52.046645034262],[18.5264946299141,52.046431973601],[18.5313364158174,52.0399186003105]]]},"properties":{"case_id":"ST-WK-TU/ZGŁOSZENIE/1885/2026","source_type":"zgloszenie","received_date":"2026-06-12","decision_date":null,"status":"Brak sprzeciwu","description":"Budowa sieci wodociągowej","address":"Obrębizna","city":"Obrębizna","office":"Starosta Powiatu Turek","case_kind":"budowa nowego/nowych obiektów budowlanych","parcel_ids":["302708_2.0011.133","302708_2.0011.134/3","302708_2.0011.196/7"],"location_quality":"dokładny","gunb_url":"https://wyszukiwarka.gunb.gov.pl/","parcel_count":3,"parcel_shard":"x074-y208","parcel_id":"302708_2.0011.133","location_source":"powiat turecki (wfs)"}},{"type":"Feature","id":"ST-WK-TU/ZGŁOSZENIE/1885/2026::302708_2.0011.134/3","geometry":{"type":"Polygon","coordinates":[[[18.526669481537,52.0466117627065],[18.52676513133,52.0466795321612],[18.5267372397245,52.0467138663541],[18.5257154761229,52.0480833254714],[18.5256228894899,52.0480568641332],[18.5256837418458,52.0479753405256],[18.5257225585306,52.0479663590551],[18.5260027045173,52.047590935486],[18.526355892655,52.047117484634],[18.526672767812,52.0466929103344],[18.526669481537,52.0466117627065]]]},"properties":{"case_id":"ST-WK-TU/ZGŁOSZENIE/1885/2026","source_type":"zgloszenie","received_date":"2026-06-12","decision_date":null,"status":"Brak sprzeciwu","description":"Budowa sieci wodociągowej","address":"Obrębizna","city":"Obrębizna","office":"Starosta Powiatu Turek","case_kind":"budowa nowego/nowych obiektów budowlanych","parcel_ids":["302708_2.0011.133","302708_2.0011.134/3","302708_2.0011.196/7"],"location_quality":"dokładny","gunb_url":"https://wyszukiwarka.gunb.gov.pl/","parcel_count":3,"parcel_shard":"x074-y208","parcel_id":"302708_2.0011.134/3","location_source":"powiat turecki (wfs)"}},{"type":"Feature","id":"ST-WK-TU/ZGŁOSZENIE/1885/2026::302708_2.0011.196/7","geometry":{"type":"Polygon","coordinates":[[[18.5210020937481,52.0426865480399],[18.5210256737079,52.0427080100321],[18.5211823169639,52.0428457913339],[18.5214242363156,52.042995187045],[18.5217601507604,52.0432711515727],[18.5218085809728,52.0433141799598],[18.5223007278291,52.0437507236748],[18.5225034457186,52.0439535347849],[18.5228053712231,52.0441046215286],[18.5229797544318,52.0441929696908],[18.5241740090693,52.0447912990858],[18.5244539509842,52.0449344919348],[18.524546336255,52.0449817175461],[18.5248304355925,52.0451560796196],[18.5250285533565,52.0452938423338],[18.5252362486227,52.0454578570654],[18.5255363810951,52.0456948660222],[18.52573604317,52.0458584289168],[18.5258052008201,52.0459159005478],[18.5258495095618,52.0459527337094],[18.5259958702744,52.0460900474749],[18.5262943380904,52.0462917576241],[18.5264946299141,52.046431973601],[18.5267919954235,52.046645034262],[18.5271450551579,52.0468224612108],[18.5272573000163,52.0468710492717],[18.5278319097626,52.0471767155793],[18.5278488331864,52.0471875088758],[18.5280015360418,52.0472870698534],[18.5281647864857,52.0473913201831],[18.5283433192544,52.0474842711901],[18.5285074972702,52.0475615331864],[18.5286438468314,52.0476358155556],[18.5289845526189,52.0478138810369],[18.529156864908,52.0479009045926],[18.5294912678482,52.0480604561402],[18.5296521702442,52.0481324633582],[18.5298534557807,52.0482148046782],[18.5300661727482,52.0482949878908],[18.5302990106934,52.0483645145272],[18.5303661561123,52.0483872851375],[18.5307148198322,52.0485036314755],[18.5311887425426,52.0486656591825],[18.5314518527234,52.048744237869],[18.5318209680536,52.0488764105099],[18.5319769865761,52.0489314409399],[18.5324387110065,52.0490909582201],[18.5324110072869,52.0491332930829],[18.5319495232724,52.0489655000546],[18.5317955800504,52.0489102897376],[18.5314188879357,52.0487827890575],[18.5311687154578,52.0486961844616],[18.5306842755183,52.0485443022264],[18.5302716654913,52.048401448491],[18.5300413093085,52.0483284661391],[18.5298244730731,52.0482544616026],[18.5296200982569,52.0481679429606],[18.5294671290487,52.0480938329524],[18.5291337572095,52.0479345348626],[18.5289503936677,52.047841211316],[18.5286214035217,52.0476714133091],[18.5284762212462,52.0475951117977],[18.5283122752082,52.0475164075344],[18.5281401357114,52.0474229065021],[18.5279776361258,52.0473191838081],[18.5278256089316,52.0472218599613],[18.5275718268239,52.0470686805609],[18.5274301258742,52.0469953801806],[18.5271177948524,52.0468579544319],[18.52676513133,52.0466795321612],[18.5265208693341,52.0465064573897],[18.5264682457175,52.0464692122253],[18.5262615715128,52.0463227309329],[18.5259731421411,52.046118565637],[18.5258106020759,52.0460035101839],[18.5254994019315,52.0457439744987],[18.5251812886149,52.0455037032787],[18.5251857274797,52.0454844490137],[18.5249992857134,52.0453347295004],[18.5248034571907,52.0451924217168],[18.5245262094216,52.0450181189633],[18.5241487500051,52.0448251167256],[18.5229289995108,52.0442268066174],[18.5228418709948,52.0441800956991],[18.5227549679578,52.0441295072393],[18.5224473574705,52.0439723952832],[18.522248366699,52.0438352136379],[18.522175730166,52.0437851387015],[18.5216761873394,52.0433422773399],[18.5213585354602,52.0430606630711],[18.5213223079978,52.0430360141375],[18.5211699936233,52.042876149845],[18.5207892083722,52.0426103394025],[18.5206248118092,52.0424799441876],[18.5204535419547,52.0423606055846],[18.5200336245339,52.0420726831347],[18.5196404926382,52.0418198881023],[18.5195356569049,52.0417527475293],[18.5192779436258,52.0415876938746],[18.5190421858764,52.0414304524603],[18.5187698779423,52.0412256447804],[18.5186112250453,52.0411059927292],[18.5184350764432,52.0409732049595],[18.5182645542871,52.0408605254804],[18.5180438568823,52.0407193943693],[18.5177286512106,52.040572835858],[18.5176693237709,52.0405470310678],[18.5175052591325,52.0404757571728],[18.5173818434425,52.0404140052827],[18.5170386998919,52.040272787101],[18.5166737806415,52.0401245563902],[18.5165998469913,52.0400959389177],[18.5164297947118,52.0399348089617],[18.5165433815668,52.0399769146102],[18.5166286677197,52.0400547370324],[18.5174065170558,52.0403814564011],[18.5175328163611,52.0404387850149],[18.5177086732996,52.040518599319],[18.5177540605763,52.0405391986755],[18.5180710092067,52.0406831318398],[18.5182649684958,52.0408081231482],[18.5183029966486,52.0408326251695],[18.5184617400173,52.0409346186638],[18.5186387703011,52.0410680316795],[18.5187980123637,52.0411882203853],[18.5190742970023,52.0413966057162],[18.5193070006755,52.0415557074148],[18.5196876028751,52.0417904491451],[18.5200603301347,52.0420378296045],[18.5204606664465,52.0423061550559],[18.5206339867164,52.0424380046698],[18.5208263266179,52.0425608158445],[18.5210020937481,52.0426865480399]]]},"properties":{"case_id":"ST-WK-TU/ZGŁOSZENIE/1885/2026","source_type":"zgloszenie","received_date":"2026-06-12","decision_date":null,"status":"Brak sprzeciwu","description":"Budowa sieci wodociągowej","address":"Obrębizna","city":"Obrębizna","office":"Starosta Powiatu Turek","case_kind":"budowa nowego/nowych obiektów budowlanych","parcel_ids":["302708_2.0011.133","302708_2.0011.134/3","302708_2.0011.196/7"],"location_quality":"dokładny","gunb_url":"https://wyszukiwarka.gunb.gov.pl/","parcel_count":3,"parcel_shard":"x074-y208","parcel_id":"302708_2.0011.196/7","location_source":"powiat turecki (wfs)"}},{"type":"Feature","id":"ST-WK-TU/ZGŁOSZENIE/3637/2025::302708_2.0011.134/3","geometry":{"type":"Polygon","coordinates":[[[18.526669481537,52.0466117627065],[18.52676513133,52.0466795321612],[18.5267372397245,52.0467138663541],[18.5257154761229,52.0480833254714],[18.5256228894899,52.0480568641332],[18.5256837418458,52.0479753405256],[18.5257225585306,52.0479663590551],[18.5260027045173,52.047590935486],[18.526355892655,52.047117484634],[18.526672767812,52.0466929103344],[18.526669481537,52.0466117627065]]]},"properties":{"case_id":"ST-WK-TU/ZGŁOSZENIE/3637/2025","source_type":"zgloszenie","received_date":"2025-11-12","decision_date":null,"status":"Brak sprzeciwu","description":"Rozbudowa sieci kablowej niskiego napięcia poprzez budowę linii kablowej niskiego napięcia 0,4kV kablem YAKXS 4x120mm2 od istniejącego złącza kablowego","address":"Obrębizna","city":"Obrębizna","office":"Starosta Powiatu Turek","case_kind":"rozbudowa istniejącego/istniejących obiektów budowlanych","parcel_ids":["302708_2.0011.134/3","302708_2.0011.134/6","302708_2.0011.134/7"],"location_quality":"dokładny","gunb_url":"https://wyszukiwarka.gunb.gov.pl/","parcel_count":3,"parcel_shard":"x074-y208","parcel_id":"302708_2.0011.134/3","location_source":"powiat turecki (wfs)"}},{"type":"Feature","id":"ST-WK-TU/ZGŁOSZENIE/3637/2025::302708_2.0011.134/6","geometry":{"type":"Polygon","coordinates":[[[18.526355892655,52.047117484634],[18.5260027045173,52.047590935486],[18.5257679536662,52.0475242129949],[18.5261183710686,52.0470505055723],[18.526355892655,52.047117484634]]]},"properties":{"case_id":"ST-WK-TU/ZGŁOSZENIE/3637/2025","source_type":"zgloszenie","received_date":"2025-11-12","decision_date":null,"status":"Brak sprzeciwu","description":"Rozbudowa sieci kablowej niskiego napięcia poprzez budowę linii kablowej niskiego napięcia 0,4kV kablem YAKXS 4x120mm2 od istniejącego złącza kablowego","address":"Obrębizna","city":"Obrębizna","office":"Starosta Powiatu Turek","case_kind":"rozbudowa istniejącego/istniejących obiektów budowlanych","parcel_ids":["302708_2.0011.134/3","302708_2.0011.134/6","302708_2.0011.134/7"],"location_quality":"dokładny","gunb_url":"https://wyszukiwarka.gunb.gov.pl/","parcel_count":3,"parcel_shard":"x074-y208","parcel_id":"302708_2.0011.134/6","location_source":"powiat turecki (wfs)"}},{"type":"Feature","id":"ST-WK-TU/ZGŁOSZENIE/3637/2025::302708_2.0011.134/7","geometry":{"type":"Polygon","coordinates":[[[18.5265208693341,52.0465064573897],[18.526669481537,52.0466117627065],[18.526672767812,52.0466929103344],[18.526355892655,52.047117484634],[18.5261183710686,52.0470505055723],[18.526505370896,52.046527289088],[18.5265208693341,52.0465064573897]]]},"properties":{"case_id":"ST-WK-TU/ZGŁOSZENIE/3637/2025","source_type":"zgloszenie","received_date":"2025-11-12","decision_date":null,"status":"Brak sprzeciwu","description":"Rozbudowa sieci kablowej niskiego napięcia poprzez budowę linii kablowej niskiego napięcia 0,4kV kablem YAKXS 4x120mm2 od istniejącego złącza kablowego","address":"Obrębizna","city":"Obrębizna","office":"Starosta Powiatu Turek","case_kind":"rozbudowa istniejącego/istniejących obiektów budowlanych","parcel_ids":["302708_2.0011.134/3","302708_2.0011.134/6","302708_2.0011.134/7"],"location_quality":"dokładny","gunb_url":"https://wyszukiwarka.gunb.gov.pl/","parcel_count":3,"parcel_shard":"x074-y208","parcel_id":"302708_2.0011.134/7","location_source":"powiat turecki (wfs)"}},{"type":"Feature","id":"ST-WK-TU/ZGŁOSZENIE/4147/2025::302708_2.0011.159/10","geometry":{"type":"Polygon","coordinates":[[[18.5232571067891,52.0467258694616],[18.5234965291924,52.0464038052747],[18.5238327656231,52.0464987531692],[18.5237496715699,52.0466105746209],[18.5235933845046,52.0468208710005],[18.5232571067891,52.0467258694616]]]},"properties":{"case_id":"ST-WK-TU/ZGŁOSZENIE/4147/2025","source_type":"zgloszenie","received_date":"2025-12-30","decision_date":null,"status":"Brak sprzeciwu","description":"Budowa sieci niskiego napięcia 0,4kV","address":"Obrębizna","city":"Obrębizna","office":"Starosta Powiatu Turek","case_kind":"budowa nowego/nowych obiektów budowlanych","parcel_ids":["302708_2.0011.159/10","302708_2.0011.159/5","302708_2.0011.159/6","302708_2.0011.164/1","302708_2.0011.164/3"],"location_quality":"dokładny","gunb_url":"https://wyszukiwarka.gunb.gov.pl/","parcel_count":5,"parcel_shard":"x074-y208","parcel_id":"302708_2.0011.159/10","location_source":"powiat turecki (wfs)"}},{"type":"Feature","id":"ST-WK-TU/ZGŁOSZENIE/4147/2025::302708_2.0011.159/5","geometry":{"type":"Polygon","coordinates":[[[18.5242146577332,52.0454374508314],[18.5244867466094,52.04507132426],[18.5247573917449,52.045254374941],[18.5245507426444,52.0455323973569],[18.5242146577332,52.0454374508314]]]},"properties":{"case_id":"ST-WK-TU/ZGŁOSZENIE/4147/2025","source_type":"zgloszenie","received_date":"2025-12-30","decision_date":null,"status":"Brak sprzeciwu","description":"Budowa sieci niskiego napięcia 0,4kV","address":"Obrębizna","city":"Obrębizna","office":"Starosta Powiatu Turek","case_kind":"budowa nowego/nowych obiektów budowlanych","parcel_ids":["302708_2.0011.159/10","302708_2.0011.159/5","302708_2.0011.159/6","302708_2.0011.164/1","302708_2.0011.164/3"],"location_quality":"dokładny","gunb_url":"https://wyszukiwarka.gunb.gov.pl/","parcel_count":5,"parcel_shard":"x074-y208","parcel_id":"302708_2.0011.159/5","location_source":"powiat turecki (wfs)"}},{"type":"Feature","id":"ST-WK-TU/ZGŁOSZENIE/4147/2025::302708_2.0011.159/6","geometry":{"type":"Polygon","coordinates":[[[18.523975284982,52.0457595694737],[18.5242146577332,52.0454374508314],[18.5245507426444,52.0455323973569],[18.524485305036,52.045620591999],[18.5243113718119,52.0458545166715],[18.523975284982,52.0457595694737]]]},"properties":{"case_id":"ST-WK-TU/ZGŁOSZENIE/4147/2025","source_type":"zgloszenie","received_date":"2025-12-30","decision_date":null,"status":"Brak sprzeciwu","description":"Budowa sieci niskiego napięcia 0,4kV","address":"Obrębizna","city":"Obrębizna","office":"Starosta Powiatu Turek","case_kind":"budowa nowego/nowych obiektów budowlanych","parcel_ids":["302708_2.0011.159/10","302708_2.0011.159/5","302708_2.0011.159/6","302708_2.0011.164/1","302708_2.0011.164/3"],"location_quality":"dokładny","gunb_url":"https://wyszukiwarka.gunb.gov.pl/","parcel_count":5,"parcel_shard":"x074-y208","parcel_id":"302708_2.0011.159/6","location_source":"powiat turecki (wfs)"}},{"type":"Feature","id":"ST-WK-TU/ZGŁOSZENIE/4147/2025::302708_2.0011.164/1","geometry":{"type":"Polygon","coordinates":[[[18.5244565533838,52.0449824766817],[18.5245262094216,52.0450181189633],[18.5244867466094,52.04507132426],[18.5242146577332,52.0454374508314],[18.523975284982,52.0457595694737],[18.5237359088017,52.0460816876214],[18.5234965291924,52.0464038052747],[18.5234169674758,52.0463813289762],[18.5235211603062,52.0462412813535],[18.5237510667739,52.0459318789286],[18.5239808274713,52.0456227463238],[18.5242102955946,52.0453137943124],[18.524417375725,52.0450351414017],[18.5244565533838,52.0449824766817]]]},"properties":{"case_id":"ST-WK-TU/ZGŁOSZENIE/4147/2025","source_type":"zgloszenie","received_date":"2025-12-30","decision_date":null,"status":"Brak sprzeciwu","description":"Budowa sieci niskiego napięcia 0,4kV","address":"Obrębizna","city":"Obrębizna","office":"Starosta Powiatu Turek","case_kind":"budowa nowego/nowych obiektów budowlanych","parcel_ids":["302708_2.0011.159/10","302708_2.0011.159/5","302708_2.0011.159/6","302708_2.0011.164/1","302708_2.0011.164/3"],"location_quality":"dokładny","gunb_url":"https://wyszukiwarka.gunb.gov.pl/","parcel_count":5,"parcel_shard":"x074-y208","parcel_id":"302708_2.0011.164/1","location_source":"powiat turecki (wfs)"}},{"type":"Feature","id":"ST-WK-TU/ZGŁOSZENIE/4147/2025::302708_2.0011.164/3","geometry":{"type":"Polygon","coordinates":[[[18.5234169674758,52.0463813289762],[18.5234965291924,52.0464038052747],[18.5232571067891,52.0467258694616],[18.5230177102921,52.0470478937098],[18.5227782553262,52.0473699914905],[18.5225390684901,52.0476917235194],[18.522300586462,52.0480132132104],[18.5221071055081,52.0482727472549],[18.5219984653525,52.0484197340771],[18.5218782575376,52.0483871903772],[18.5219150007082,52.0483377730287],[18.5219547829242,52.0483490116843],[18.5221383516235,52.0481019253519],[18.522368997571,52.0477918034318],[18.5225997808617,52.0474812310258],[18.5228302715316,52.0471708392056],[18.5230607632172,52.0468608064312],[18.5232911080609,52.0465509535977],[18.5234169674758,52.0463813289762]]]},"properties":{"case_id":"ST-WK-TU/ZGŁOSZENIE/4147/2025","source_type":"zgloszenie","received_date":"2025-12-30","decision_date":null,"status":"Brak sprzeciwu","description":"Budowa sieci niskiego napięcia 0,4kV","address":"Obrębizna","city":"Obrębizna","office":"Starosta Powiatu Turek","case_kind":"budowa nowego/nowych obiektów budowlanych","parcel_ids":["302708_2.0011.159/10","302708_2.0011.159/5","302708_2.0011.159/6","302708_2.0011.164/1","302708_2.0011.164/3"],"location_quality":"dokładny","gunb_url":"https://wyszukiwarka.gunb.gov.pl/","parcel_count":5,"parcel_shard":"x074-y208","parcel_id":"302708_2.0011.164/3","location_source":"powiat turecki (wfs)"}},{"type":"Feature","id":"ST-WK-TU/WNIOSEK/26452/2025::302708_2.0011.159/11","geometry":{"type":"Polygon","coordinates":[[[18.5230177102921,52.0470478937098],[18.5232571067891,52.0467258694616],[18.5235933845046,52.0468208710005],[18.5235658283992,52.0468578445326],[18.5233821279221,52.0471050236291],[18.5233539999567,52.0471429883372],[18.5230177102921,52.0470478937098]]]},"properties":{"case_id":"ST-WK-TU/WNIOSEK/26452/2025","source_type":"wniosek_decyzja","received_date":"2025-12-31","decision_date":"2026-06-29","status":"decyzja wydana","description":"Budowa budynku mieszkalnego jednorodzinnego wraz z wewnętrzną i zewnętrzną instalacją gazową wraz z zbiornikeim podziemnym na gaz płynny o pojemności V=2700dm³","address":"Obrębizna","city":"Obrębizna","office":"Starosta Powiatu Turek","case_kind":"Budynek mieszkalny jednorodzinny","parcel_ids":["302708_2.0011.159/11"],"location_quality":"dokładny","gunb_url":"https://wyszukiwarka.gunb.gov.pl/","parcel_count":1,"parcel_shard":"x074-y208","parcel_id":"302708_2.0011.159/11","location_source":"powiat turecki (wfs)"}},{"type":"Feature","id":"ST-WK-TU/WNIOSEK/22093/2025::302708_2.0011.159/8","geometry":{"type":"Polygon","coordinates":[[[18.5234965291924,52.0464038052747],[18.5237359088017,52.0460816876214],[18.5240721433126,52.0461766348434],[18.5239336542775,52.0463629442651],[18.5238327656231,52.0464987531692],[18.5234965291924,52.0464038052747]]]},"properties":{"case_id":"ST-WK-TU/WNIOSEK/22093/2025","source_type":"wniosek_decyzja","received_date":"2025-10-28","decision_date":"2026-07-29","status":"decyzja wydana","description":"Budowa budynku mieszkalnego jednorodzinnego","address":"Obrębizna","city":"Obrębizna","office":"Starosta Powiatu Turek","case_kind":"Budynek mieszkalny jednorodzinny","parcel_ids":["302708_2.0011.159/8"],"location_quality":"dokładny","gunb_url":"https://wyszukiwarka.gunb.gov.pl/","parcel_count":1,"parcel_shard":"x074-y208","parcel_id":"302708_2.0011.159/8","location_source":"powiat turecki (wfs)"}},{"type":"Feature","id":"ST-WK-TU/WNIOSEK/22265/2025::302708_2.0011.182/14","geometry":{"type":"Polygon","coordinates":[[[18.5194370460821,52.0444239895268],[18.5196501912742,52.0441382176811],[18.5200590936494,52.0442544272589],[18.5198455122094,52.0445401118858],[18.5194370460821,52.0444239895268]]]},"properties":{"case_id":"ST-WK-TU/WNIOSEK/22265/2025","source_type":"wniosek_decyzja","received_date":"2025-10-29","decision_date":"2026-03-31","status":"decyzja wydana","description":"Budowa budynku mieszkalnego jednorodzinnego wraz z wewnętrzną instalacją gazową","address":"Obrębizna","city":"Obrębizna","office":"Starosta Powiatu Turek","case_kind":"Budynek mieszkalny jednorodzinny","parcel_ids":["302708_2.0011.182/14"],"location_quality":"dokładny","gunb_url":"https://wyszukiwarka.gunb.gov.pl/","parcel_count":1,"parcel_shard":"x074-y208","parcel_id":"302708_2.0011.182/14","location_source":"powiat turecki (wfs)"}},{"type":"Feature","id":"ST-WK-TU/WNIOSEK/22424/2025::302708_2.0011.202/8","geometry":{"type":"Polygon","coordinates":[[[18.5180877772145,52.0406605989896],[18.5187914550796,52.0397153723468],[18.5190210349613,52.039780513657],[18.5182870670422,52.0407780956453],[18.5180877772145,52.0406605989896]]]},"properties":{"case_id":"ST-WK-TU/WNIOSEK/22424/2025","source_type":"wniosek_decyzja","received_date":"2025-10-31","decision_date":"2025-11-25","status":"decyzja wydana","description":"Budowa budynku mieszkalnego jednorodzinnego","address":"Obrębizna","city":"Obrębizna","office":"Starosta Powiatu Turek","case_kind":"Budynek mieszkalny jednorodzinny","parcel_ids":["302708_2.0011.202/8"],"location_quality":"dokładny","gunb_url":"https://wyszukiwarka.gunb.gov.pl/","parcel_count":1,"parcel_shard":"x074-y208","parcel_id":"302708_2.0011.202/8","location_source":"powiat turecki (wfs)"}},{"type":"Feature","id":"ST-WK-TU/WNIOSEK/1878/2026::302708_2.0011.368/7","geometry":{"type":"Polygon","coordinates":[[[18.5235066202964,52.0389959649503],[18.5239063656748,52.0391050114279],[18.5237177825189,52.0393680321683],[18.5233581001622,52.0392701321103],[18.5234285088671,52.0391713998462],[18.5234181365336,52.0391194049073],[18.5235066202964,52.0389959649503]]]},"properties":{"case_id":"ST-WK-TU/WNIOSEK/1878/2026","source_type":"wniosek_decyzja","received_date":"2026-02-03","decision_date":"2026-08-12","status":"decyzja wydana","description":"Budowa budynku mieszkalnego jednorodzinnego","address":"Obrębizna","city":"Obrębizna","office":"Starosta Powiatu Turek","case_kind":"Budynek mieszkalny jednorodzinny","parcel_ids":["302708_2.0011.368/7"],"location_quality":"dokładny","gunb_url":"https://wyszukiwarka.gunb.gov.pl/","parcel_count":1,"parcel_shard":"x074-y208","parcel_id":"302708_2.0011.368/7","location_source":"powiat turecki (wfs)"}},{"type":"Feature","id":"ST-WK-TU/ZGŁOSZENIE/3636/2025::302708_2.0013.168/5","geometry":{"type":"Polygon","coordinates":[[[18.5604366620215,52.0449219248888],[18.5611535800695,52.0448088584624],[18.5612246755315,52.0449803721683],[18.5605077526764,52.0450932592803],[18.5604366620215,52.0449219248888]]]},"properties":{"case_id":"ST-WK-TU/ZGŁOSZENIE/3636/2025","source_type":"zgloszenie","received_date":"2025-11-12","decision_date":null,"status":"Brak sprzeciwu","description":"Rozbudowa sieci kablowej niskiego napięcia poprzez budowę linii kablowej niskiego napięcia 0,4kV kablem YAKXS 4x120mm2 od istniejącego słupa","address":"Pęcherzew","city":"Pęcherzew","office":"Starosta Powiatu Turek","case_kind":"rozbudowa istniejącego/istniejących obiektów budowlanych","parcel_ids":["302708_2.0013.168/5","302708_2.0013.168/6"],"location_quality":"dokładny","gunb_url":"https://wyszukiwarka.gunb.gov.pl/","parcel_count":2,"parcel_shard":"x074-y208","parcel_id":"302708_2.0013.168/5","location_source":"powiat turecki (wfs)"}},{"type":"Feature","id":"ST-WK-TU/ZGŁOSZENIE/3636/2025::302708_2.0013.168/6","geometry":{"type":"Polygon","coordinates":[[[18.5611535800695,52.0448088584624],[18.5618505630314,52.0446988487843],[18.5619605070764,52.044864514327],[18.5612246755315,52.0449803721683],[18.5611535800695,52.0448088584624]]]},"properties":{"case_id":"ST-WK-TU/ZGŁOSZENIE/3636/2025","source_type":"zgloszenie","received_date":"2025-11-12","decision_date":null,"status":"Brak sprzeciwu","description":"Rozbudowa sieci kablowej niskiego napięcia poprzez budowę linii kablowej niskiego napięcia 0,4kV kablem YAKXS 4x120mm2 od istniejącego słupa","address":"Pęcherzew","city":"Pęcherzew","office":"Starosta Powiatu Turek","case_kind":"rozbudowa istniejącego/istniejących obiektów budowlanych","parcel_ids":["302708_2.0013.168/5","302708_2.0013.168/6"],"location_quality":"dokładny","gunb_url":"https://wyszukiwarka.gunb.gov.pl/","parcel_count":2,"parcel_shard":"x074-y208","parcel_id":"302708_2.0013.168/6","location_source":"powiat turecki (wfs)"}},{"type":"Feature","id":"ST-WK-TU/WNIOSEK/6199/2026::302708_2.0013.38","geometry":{"type":"Polygon","coordinates":[[[18.5497874924896,52.0319613849715],[18.5495414156809,52.031967993741],[18.5489578703613,52.0318522907717],[18.5486729284519,52.0317660076921],[18.548572556658,52.0317361333407],[18.5479629698712,52.0315552040706],[18.5476062393827,52.0314601682571],[18.5471030443718,52.0313786509537],[18.5469244664638,52.0313478419226],[18.5460729752821,52.0312210637342],[18.5455300115571,52.0310993054743],[18.5453817847177,52.0310416925244],[18.5453098085767,52.0310137166288],[18.5442581114921,52.0306049309753],[18.5441253770445,52.0305533369943],[18.543183012932,52.0303391660271],[18.5428156484194,52.0302684296395],[18.542826555126,52.0301823632235],[18.5442369735683,52.0304679509343],[18.5455649909763,52.0309593884312],[18.5458905975467,52.0310423365308],[18.5465106314418,52.0311536652522],[18.5470478593017,52.0312502055004],[18.5472122524613,52.031276855992],[18.5477286601046,52.0313548266044],[18.5483621769707,52.0315538639625],[18.5486761598077,52.0316525087373],[18.5489354339697,52.0317339645732],[18.5491317550516,52.0317735244358],[18.5493567904675,52.0318188698898],[18.5495558092946,52.031858972491],[18.5499813871942,52.0318540676526],[18.5500246051459,52.0318527429264],[18.5501798008567,52.0318622173956],[18.5502230575583,52.0318612511759],[18.5552138245285,52.0316154153552],[18.5552951976408,52.0315948524563],[18.5554021937653,52.0315500791935],[18.5553349166001,52.0318101648186],[18.5551362914434,52.0317388944951],[18.5522590259028,52.0318863577118],[18.5521936605243,52.0318899344635],[18.5519390062007,52.031903090777],[18.5518742382406,52.0319064368213],[18.5515575081766,52.0319214615208],[18.5502364034903,52.031987782213],[18.5501949639382,52.0319898141297],[18.5500318647636,52.0319863952342],[18.5499895630505,52.0319844192355],[18.5497874924896,52.0319613849715]]]},"properties":{"case_id":"ST-WK-TU/WNIOSEK/6199/2026","source_type":"wniosek_decyzja","received_date":"2026-04-01","decision_date":"2026-05-25","status":"decyzja wydana","description":"Przebudowa drogi powiatowej nr 4483P w miejscowości Pęcherzew w ramach zadania: Rozbiórka nasypu kolejowego zabudowanego w ciągu drogi powiatowej nr 4483P o nawierzchni asfaltowej wraz z przebudową nawierzchni jezdni","address":"Pęcherzew","city":"Pęcherzew","office":"Starosta Powiatu Turek","case_kind":"Obiekt budowlany inny niż budynek mieszkalny jednorodzinny","parcel_ids":["302708_2.0013.38"],"location_quality":"dokładny","gunb_url":"https://wyszukiwarka.gunb.gov.pl/","parcel_count":1,"parcel_shard":"x074-y208","parcel_id":"302708_2.0013.38","location_source":"powiat turecki (wfs)"}},{"type":"Feature","id":"ST-WK-TU/ZGŁOSZENIE/950/2026::302708_2.0016.136/15","geometry":{"type":"Polygon","coordinates":[[[18.5328333698004,52.0261873953443],[18.5328276942623,52.0262051972595],[18.5323993187761,52.0261520651811],[18.532404994478,52.0261342632949],[18.5328333698004,52.0261873953443]]]},"properties":{"case_id":"ST-WK-TU/ZGŁOSZENIE/950/2026","source_type":"zgloszenie","received_date":"2026-03-30","decision_date":null,"status":"Brak sprzeciwu","description":"Budowa linii kablowej nN do budynku mieszkalnego jednorodzinnego","address":"Szadów Pański","city":"Szadów Pański","office":"Starosta Powiatu Turek","case_kind":"budowa nowego/nowych obiektów budowlanych","parcel_ids":["302708_2.0016.136/15","302708_2.0016.136/36","302708_2.0016.136/44"],"location_quality":"dokładny","gunb_url":"https://wyszukiwarka.gunb.gov.pl/","parcel_count":3,"parcel_shard":"x074-y208","parcel_id":"302708_2.0016.136/15","location_source":"powiat turecki (wfs)"}},{"type":"Feature","id":"ST-WK-TU/ZGŁOSZENIE/950/2026::302708_2.0016.136/36","geometry":{"type":"Polygon","coordinates":[[[18.5319805333546,52.0260847200316],[18.5315516862822,52.0260322774878],[18.5316571653128,52.0256996010992],[18.5320865835703,52.0257513216286],[18.5319805333546,52.0260847200316]]]},"properties":{"case_id":"ST-WK-TU/ZGŁOSZENIE/950/2026","source_type":"zgloszenie","received_date":"2026-03-30","decision_date":null,"status":"Brak sprzeciwu","description":"Budowa linii kablowej nN do budynku mieszkalnego jednorodzinnego","address":"Szadów Pański","city":"Szadów Pański","office":"Starosta Powiatu Turek","case_kind":"budowa nowego/nowych obiektów budowlanych","parcel_ids":["302708_2.0016.136/15","302708_2.0016.136/36","302708_2.0016.136/44"],"location_quality":"dokładny","gunb_url":"https://wyszukiwarka.gunb.gov.pl/","parcel_count":3,"parcel_shard":"x074-y208","parcel_id":"302708_2.0016.136/36","location_source":"powiat turecki (wfs)"}},{"type":"Feature","id":"ST-WK-TU/ZGŁOSZENIE/950/2026::302708_2.0016.136/44","geometry":{"type":"Polygon","coordinates":[[[18.5335808852934,52.0239887928192],[18.533150044451,52.0239354998954],[18.5330311100082,52.024287113654],[18.5326098399083,52.0242333823592],[18.5321507772512,52.024174786918],[18.5320409933018,52.0245124267474],[18.5324940645714,52.0245692520751],[18.53291795267,52.024622342777],[18.533003458441,52.0246329214881],[18.5329979773143,52.0246498439314],[18.5333378262312,52.0246930668243],[18.5333214656574,52.0247449007049],[18.5329775360973,52.0247025887522],[18.5328922461738,52.0246917933314],[18.5324698381152,52.0246394688252],[18.5320179412972,52.0245834470306],[18.5319029513185,52.0249368394039],[18.5317945651848,52.0252697988265],[18.5322337804595,52.0253248001968],[18.5326600139894,52.0253785104046],[18.5327452318914,52.0253892703677],[18.5327379320769,52.0254035252777],[18.5330799594205,52.0254482163903],[18.5330630627109,52.0255041389621],[18.5327212893092,52.0254588567085],[18.5326368104302,52.0254489921979],[18.5323636753815,52.0254169706392],[18.5321990941376,52.0253976706821],[18.5317685434361,52.025348472347],[18.5316571653128,52.0256996010992],[18.5315516862822,52.0260322774878],[18.5319805333546,52.0260847200316],[18.532404994478,52.0261342632949],[18.5323993187761,52.0261520651811],[18.5328276942623,52.0262051972595],[18.532815182097,52.0262608904735],[18.5322437751372,52.0261912985877],[18.5316680541694,52.0261160191871],[18.5315358728471,52.0265212613468],[18.5321138108222,52.0265967998502],[18.5326853684559,52.0266663916891],[18.5325067031964,52.0272282369355],[18.5325498934825,52.0272333447109],[18.5322794936204,52.0275798896106],[18.5320300589701,52.0277096546106],[18.5315266265144,52.0273647713976],[18.5317871893119,52.0271840465023],[18.5318192241485,52.0271595666587],[18.5315653440585,52.0269974456365],[18.5315287064689,52.0270193231768],[18.5312523734429,52.027184322097],[18.5307290538071,52.0268704417387],[18.5307693727318,52.0267609816864],[18.5308075243989,52.0266579727352],[18.5321865918473,52.0227931844974],[18.5317956018668,52.0227656471321],[18.5315990000375,52.0227517999879],[18.5314233503202,52.0227394282723],[18.531215823732,52.0227248109926],[18.5311155555527,52.0227177483963],[18.531215414917,52.022626940754],[18.5313971701091,52.0224616553291],[18.5339980039688,52.0226989986743],[18.5339401685636,52.0229420427174],[18.5335808852934,52.0239887928192]]]},"properties":{"case_id":"ST-WK-TU/ZGŁOSZENIE/950/2026","source_type":"zgloszenie","received_date":"2026-03-30","decision_date":null,"status":"Brak sprzeciwu","description":"Budowa linii kablowej nN do budynku mieszkalnego jednorodzinnego","address":"Szadów Pański","city":"Szadów Pański","office":"Starosta Powiatu Turek","case_kind":"budowa nowego/nowych obiektów budowlanych","parcel_ids":["302708_2.0016.136/15","302708_2.0016.136/36","302708_2.0016.136/44"],"location_quality":"dokładny","gunb_url":"https://wyszukiwarka.gunb.gov.pl/","parcel_count":3,"parcel_shard":"x074-y208","parcel_id":"302708_2.0016.136/44","location_source":"powiat turecki (wfs)"}},{"type":"Feature","id":"ST-WK-TU/ZGŁOSZENIE/2537/2026::302708_2.0016.143/3","geometry":{"type":"Polygon","coordinates":[[[18.5388316183103,52.0231558199755],[18.539119708785,52.0231843426196],[18.539055276711,52.0233632312702],[18.5389628987244,52.0233505312403],[18.5388900031806,52.0235526478443],[18.5387793215746,52.0238597386],[18.5386686373874,52.0241667393636],[18.5385404710699,52.0245225354846],[18.538422732145,52.0248489825449],[18.5383073884623,52.0251687673205],[18.5381926097459,52.0254872011655],[18.5380783938607,52.0258041043296],[18.5379645972904,52.026119657232],[18.537851363595,52.0264336794567],[18.5377386949538,52.0267463507578],[18.5376264446111,52.0270575819259],[18.5375147582868,52.0273673722975],[18.5374036370807,52.0276758117506],[18.5371940769888,52.0282570395631],[18.5370644767522,52.0286167052137],[18.5370939001989,52.0286644776976],[18.5369571317165,52.0286243991727],[18.5373041528798,52.0276619055053],[18.5374152202103,52.0273536251401],[18.5375269093445,52.0270440146127],[18.5376390168026,52.0267329639541],[18.5377516882627,52.0264204724981],[18.5378649226242,52.0261064503666],[18.5379787209423,52.0257909874341],[18.5380930778013,52.0254736343178],[18.5388635169868,52.0233369643595],[18.53877099342,52.0233242648451],[18.5388316183103,52.0231558199755]]]},"properties":{"case_id":"ST-WK-TU/ZGŁOSZENIE/2537/2026","source_type":"zgloszenie","received_date":"2026-08-03","decision_date":null,"status":"Brak sprzeciwu","description":"Budowa linii kablowej nN dla zasilania budynków mieszkalnych jednorodzinnych","address":"Szadów Pański","city":"Szadów Pański","office":"Starosta Powiatu Turek","case_kind":"budowa nowego/nowych obiektów budowlanych","parcel_ids":["302708_2.0016.143/3","302708_2.0016.143/6"],"location_quality":"dokładny","gunb_url":"https://wyszukiwarka.gunb.gov.pl/","parcel_count":2,"parcel_shard":"x074-y208","parcel_id":"302708_2.0016.143/3","location_source":"powiat turecki (wfs)"}},{"type":"Feature","id":"ST-WK-TU/ZGŁOSZENIE/2537/2026::302708_2.0016.143/6","geometry":{"type":"Polygon","coordinates":[[[18.5379181715247,52.0274235944033],[18.5378088046168,52.0277322958744],[18.5374036370807,52.0276758117506],[18.5375147582868,52.0273673722975],[18.5379181715247,52.0274235944033]]]},"properties":{"case_id":"ST-WK-TU/ZGŁOSZENIE/2537/2026","source_type":"zgloszenie","received_date":"2026-08-03","decision_date":null,"status":"Brak sprzeciwu","description":"Budowa linii kablowej nN dla zasilania budynków mieszkalnych jednorodzinnych","address":"Szadów Pański","city":"Szadów Pański","office":"Starosta Powiatu Turek","case_kind":"budowa nowego/nowych obiektów budowlanych","parcel_ids":["302708_2.0016.143/3","302708_2.0016.143/6"],"location_quality":"dokładny","gunb_url":"https://wyszukiwarka.gunb.gov.pl/","parcel_count":2,"parcel_shard":"x074-y208","parcel_id":"302708_2.0016.143/6","location_source":"powiat turecki (wfs)"}},{"type":"Feature","id":"PL-WP/ZGŁOSZENIE/3596/2025::302708_2.0017.117","geometry":{"type":"Polygon","coordinates":[[[18.5477298925681,52.047647677638],[18.5475989009615,52.0474844722905],[18.5475599100019,52.0474357588905],[18.5470434129287,52.0467895854411],[18.5468884601985,52.0465597042407],[18.5467150961697,52.0463789574809],[18.5466804921979,52.0462892289404],[18.5463554041287,52.0459149927985],[18.5463210846,52.0458738966085],[18.5462272939198,52.0457612613018],[18.5462110203317,52.0457416528304],[18.5461852800571,52.0457107632491],[18.5460337522362,52.0455132782274],[18.5459629557694,52.0454051791952],[18.5457456132272,52.0450733156316],[18.5455616874179,52.0448340910046],[18.5453657169133,52.0445791972454],[18.5450142588367,52.0441836267747],[18.5449617358675,52.0440537395827],[18.544753097336,52.0437823583324],[18.5446168531923,52.04360514022],[18.5445482545983,52.0435159106649],[18.5443956671306,52.04331743141],[18.5442289807656,52.043111382219],[18.5441818962616,52.0430393643541],[18.5441220437181,52.042961509062],[18.5440918754949,52.0429222665991],[18.5436980542136,52.04243298547],[18.5435406539974,52.0422052313653],[18.5435174519758,52.0421750494097],[18.5433355149399,52.0419383777912],[18.5430456869327,52.0415613511675],[18.5429388138549,52.0414223220573],[18.5427510442873,52.0411780540956],[18.5425147874523,52.0408707051667],[18.5423625569545,52.0406934732785],[18.5423217358066,52.0406204188241],[18.5421048259778,52.0403407597445],[18.5418255136755,52.0399806405048],[18.5415982013848,52.0396875604417],[18.5415688942674,52.0396497736834],[18.5419535161828,52.0396634430692],[18.5419857366419,52.0397054609495],[18.5419974494443,52.0397206503298],[18.5422269285935,52.0400182194528],[18.5424947760019,52.0403464467566],[18.5426766059634,52.0406053822256],[18.5427121373719,52.0406508780828],[18.5429211996715,52.0409200071285],[18.5431525100531,52.0412001785604],[18.5433362177603,52.0414538742442],[18.5435383284455,52.0417140461363],[18.5437397062026,52.0419736817711],[18.543910120775,52.0421919350105],[18.5439465503344,52.0422294936088],[18.5440251700419,52.0423408206401],[18.5444016368957,52.042823520872],[18.5444301400582,52.0428602023608],[18.5444622825914,52.0428980097548],[18.5445188666379,52.0429713552954],[18.5446310811548,52.0431168095896],[18.5449331430019,52.0435083418393],[18.54501456953,52.0436094273486],[18.5451455613924,52.0437836737256],[18.5454034098463,52.0440728008385],[18.5457788915784,52.0446045595726],[18.5459489113616,52.0448249237498],[18.5460305322938,52.0448782850222],[18.5461485623145,52.0450836899265],[18.5464573903872,52.0454839532293],[18.546529060011,52.045531819056],[18.5465741233492,52.0455619153272],[18.5466597905058,52.0456786024935],[18.5466913734456,52.0457215390895],[18.5467491850617,52.0458003660108],[18.5468219645508,52.0459112109057],[18.5468766247539,52.0459945464276],[18.547090774304,52.0462702954951],[18.5471993620314,52.0464126119554],[18.5472828020211,52.0465537062051],[18.5475177218506,52.0468199978297],[18.5475279360821,52.0468341315256],[18.547976569863,52.0474578238069],[18.5480449996089,52.0475530318137],[18.5482006167721,52.047738654199],[18.5482506507018,52.0478053827099],[18.5493995157945,52.0492804485679],[18.5490679004187,52.0493630558193],[18.5477298925681,52.047647677638]]]},"properties":{"case_id":"PL-WP/ZGŁOSZENIE/3596/2025","source_type":"zgloszenie","received_date":"2025-11-06","decision_date":null,"status":"Brak sprzeciwu","description":"budowa sieci niskiego napięcia","address":"Szadów Księży","city":"Szadów Księży","office":"Wojewoda Wielkopolski","case_kind":"budowa nowego/nowych obiektów budowlanych","parcel_ids":["302708_2.0017.117"],"location_quality":"dokładny","gunb_url":"https://wyszukiwarka.gunb.gov.pl/","parcel_count":1,"parcel_shard":"x074-y208","parcel_id":"302708_2.0017.117","location_source":"powiat turecki (wfs)"}},{"type":"Feature","id":"ST-WK-TU/WNIOSEK/6772/2026::302708_2.0017.141/1","geometry":{"type":"Polygon","coordinates":[[[18.5461485623145,52.0450836899265],[18.5460305322938,52.0448782850222],[18.5459489113616,52.0448249237498],[18.5499248836388,52.0451336181471],[18.5500858798794,52.0453710587262],[18.5496503498332,52.0453521473092],[18.5461485623145,52.0450836899265]]]},"properties":{"case_id":"ST-WK-TU/WNIOSEK/6772/2026","source_type":"wniosek_decyzja","received_date":"2026-04-10","decision_date":"2026-05-11","status":"decyzja wydana","description":"udowa budynku garażowego","address":"Szadów Księży","city":"Szadów Księży","office":"Starosta Powiatu Turek","case_kind":"Obiekt budowlany inny niż budynek mieszkalny jednorodzinny","parcel_ids":["302708_2.0017.141/1"],"location_quality":"dokładny","gunb_url":"https://wyszukiwarka.gunb.gov.pl/","parcel_count":1,"parcel_shard":"x074-y208","parcel_id":"302708_2.0017.141/1","location_source":"powiat turecki (wfs)"}},{"type":"Feature","id":"ST-WK-TU/ZGŁOSZENIE/3574/2025::302708_2.0017.56/2","geometry":{"type":"Polygon","coordinates":[[[18.5473205932347,52.0489858757025],[18.547335962995,52.0474637628968],[18.5475989009615,52.0474844722905],[18.5477298925681,52.047647677638],[18.5486507922968,52.048828331012],[18.5473205932347,52.0489858757025]]]},"properties":{"case_id":"ST-WK-TU/ZGŁOSZENIE/3574/2025","source_type":"zgloszenie","received_date":"2025-11-07","decision_date":null,"status":"Brak sprzeciwu","description":"Budowa sieci niskiego napięcia  0,4kV","address":"Szadów Księży","city":"Szadów Księży","office":"Starosta Powiatu Turek","case_kind":"budowa nowego/nowych obiektów budowlanych","parcel_ids":["302708_2.0017.56/2","302708_2.0017.57"],"location_quality":"dokładny","gunb_url":"https://wyszukiwarka.gunb.gov.pl/","parcel_count":2,"parcel_shard":"x074-y208","parcel_id":"302708_2.0017.56/2","location_source":"powiat turecki (wfs)"}},{"type":"Feature","id":"ST-WK-TU/ZGŁOSZENIE/3574/2025::302708_2.0017.57","geometry":{"type":"Polygon","coordinates":[[[18.5457633222483,52.0472909233929],[18.5458330619838,52.0470366270872],[18.5458775662053,52.0466807718157],[18.5470434129287,52.0467895854411],[18.5475599100019,52.0474357588905],[18.5457633222483,52.0472909233929]]]},"properties":{"case_id":"ST-WK-TU/ZGŁOSZENIE/3574/2025","source_type":"zgloszenie","received_date":"2025-11-07","decision_date":null,"status":"Brak sprzeciwu","description":"Budowa sieci niskiego napięcia  0,4kV","address":"Szadów Księży","city":"Szadów Księży","office":"Starosta Powiatu Turek","case_kind":"budowa nowego/nowych obiektów budowlanych","parcel_ids":["302708_2.0017.56/2","302708_2.0017.57"],"location_quality":"dokładny","gunb_url":"https://wyszukiwarka.gunb.gov.pl/","parcel_count":2,"parcel_shard":"x074-y208","parcel_id":"302708_2.0017.57","location_source":"powiat turecki (wfs)"}},{"type":"Feature","id":"PL-WP/WNIOSEK/2261/2026::302708_2.0022.113","geometry":{"type":"Polygon","coordinates":[[[18.5464436600544,52.0003703538776],[18.5467004180294,52.0002889881998],[18.5468568798609,52.0002386909405],[18.54730383464,52.0000950081275],[18.5473844769256,52.0000685677736],[18.5476076949967,51.9999955351797],[18.5480518364934,51.9998525353645],[18.5484342481806,51.9997346285913],[18.5488845566443,51.9995843165029],[18.5489511234676,51.999562075208],[18.5489462495683,51.9995445710205],[18.5490065968535,51.9995257741768],[18.5493136727725,51.9994278996857],[18.5497528585212,51.9992926702548],[18.5499089902827,51.9992521899216],[18.550392087665,51.9990960425662],[18.5507346778208,51.9989857211526],[18.5510362792533,51.9988881164278],[18.5513279827189,51.9987909272876],[18.5515630815689,51.9987208962788],[18.5524451970088,51.9984350286416],[18.5534540339743,51.9981136396109],[18.5540310359376,51.997930850964],[18.5545084258647,51.9977760745875],[18.5545071137735,51.9979173746227],[18.5534172308068,51.9982695243192],[18.5501996947101,51.9993223383138],[18.5485236005167,51.9998596734401],[18.544636114821,52.0010929374517],[18.5446609540958,52.0011371202715],[18.5444635955175,52.0011939389378],[18.5443482945312,52.0012326714491],[18.5427263833044,52.001766321535],[18.5423092255492,52.0019037840469],[18.5406189426312,52.0024349327581],[18.5391792431305,52.0028991444054],[18.5390545519762,52.0027457475738],[18.5396705031324,52.0025472764928],[18.5406046414276,52.0022484575774],[18.5411109291815,52.002085971283],[18.5417335675562,52.0018771331284],[18.5425868075201,52.0016037175553],[18.5443565864065,52.0010420111194],[18.5444791813198,52.0010022395323],[18.5452444838534,52.0007549409996],[18.5453571901822,52.000718556536],[18.5455756070675,52.0006506817449],[18.5464436600544,52.0003703538776]]]},"properties":{"case_id":"PL-WP/WNIOSEK/2261/2026","source_type":"wniosek_decyzja","received_date":"2026-01-30","decision_date":"2026-03-09","status":"decyzja wydana","description":"Wniosek o wydanie decyzji o zmianie pozwolenia na budowę189/22 (IR-V.7840.154.2022.3) dot. Budowy elektroenergetycznej linii kablowej 20kV i linii telekomunikacyjnej Ts (światłowód) dla potrzeb przyłaczenia Odnawialnych Źródeł Energii","address":"Żuki","city":"Żuki","office":"Wojewoda Wielkopolski","case_kind":"Obiekt budowlany inny niż budynek mieszkalny jednorodzinny","parcel_ids":["302708_2.0022.113"],"location_quality":"dokładny","gunb_url":"https://wyszukiwarka.gunb.gov.pl/","parcel_count":1,"parcel_shard":"x074-y208","parcel_id":"302708_2.0022.113","location_source":"powiat turecki (wfs)"}},{"type":"Feature","id":"ST-WK-TU/WNIOSEK/3913/2026::302708_2.0022.168/9","geometry":{"type":"Polygon","coordinates":[[[18.5453989741424,52.0008974969344],[18.5453340199842,52.0025386742702],[18.5446161244157,52.0025308502107],[18.5446609540958,52.0011371202715],[18.5453989741424,52.0008974969344]]]},"properties":{"case_id":"ST-WK-TU/WNIOSEK/3913/2026","source_type":"wniosek_decyzja","received_date":"2026-03-03","decision_date":"2026-07-02","status":"decyzja wydana","description":"Budowa magazynu energii wraz z infrastrukturą i urządzeniami towarzyszącymi","address":"Żuki","city":"Żuki","office":"Starosta Powiatu Turek","case_kind":"Obiekt budowlany inny niż budynek mieszkalny jednorodzinny","parcel_ids":["302708_2.0022.168/9"],"location_quality":"dokładny","gunb_url":"https://wyszukiwarka.gunb.gov.pl/","parcel_count":1,"parcel_shard":"x074-y208","parcel_id":"302708_2.0022.168/9","location_source":"powiat turecki (wfs)"}},{"type":"Feature","id":"ST-WK-TU/WNIOSEK/20164/2025::302708_2.0022.176/4","geometry":{"type":"Polygon","coordinates":[[[18.5539615031836,52.0020818173164],[18.5539669211414,52.0017893173541],[18.5544322347155,52.0017925210826],[18.5544249256442,52.0020849400909],[18.5539615031836,52.0020818173164]]]},"properties":{"case_id":"ST-WK-TU/WNIOSEK/20164/2025","source_type":"wniosek_decyzja","received_date":"2025-10-03","decision_date":"2026-04-28","status":"decyzja wydana","description":"Budowa budynku mieszkalnego jednorodzinnego","address":"Żuki","city":"Żuki","office":"Starosta Powiatu Turek","case_kind":"Budynek mieszkalny jednorodzinny","parcel_ids":["302708_2.0022.176/4"],"location_quality":"dokładny","gunb_url":"https://wyszukiwarka.gunb.gov.pl/","parcel_count":1,"parcel_shard":"x074-y208","parcel_id":"302708_2.0022.176/4","location_source":"powiat turecki (wfs)"}},{"type":"Feature","id":"ST-WK-TU/WNIOSEK/19123/2025::302708_2.0022.177","geometry":{"type":"Polygon","coordinates":[[[18.5456080673007,52.0036661690609],[18.5449602685883,52.0036592755703],[18.5449560079216,52.0038120228553],[18.5445842439051,52.0038080650468],[18.5446004076782,52.0032957961805],[18.545618092008,52.0033066268448],[18.5456080673007,52.0036661690609]]]},"properties":{"case_id":"ST-WK-TU/WNIOSEK/19123/2025","source_type":"wniosek_decyzja","received_date":"2025-09-18","decision_date":"2025-10-13","status":"decyzja wydana","description":"Budowa stacji elektroenergetycznej SN/SN wraz z niezbędną infrastruktura techniczną","address":"Żuki","city":"Żuki","office":"Starosta Powiatu Turek","case_kind":"Obiekt budowlany inny niż budynek mieszkalny jednorodzinny","parcel_ids":["302708_2.0022.177"],"location_quality":"dokładny","gunb_url":"https://wyszukiwarka.gunb.gov.pl/","parcel_count":1,"parcel_shard":"x074-y208","parcel_id":"302708_2.0022.177","location_source":"powiat turecki (wfs)"}},{"type":"Feature","id":"ST-WK-TU/WNIOSEK/19444/2025::302708_2.0022.195/3","geometry":{"type":"Polygon","coordinates":[[[18.5401493235716,52.0095029353137],[18.5386007499818,52.0095258446343],[18.5386081509296,52.009123232197],[18.5387246672718,52.0091229690657],[18.538728553236,52.0089128985506],[18.5401157886289,52.0089193096072],[18.5403223253013,52.0095003443273],[18.5401493235716,52.0095029353137]]]},"properties":{"case_id":"ST-WK-TU/WNIOSEK/19444/2025","source_type":"wniosek_decyzja","received_date":"2025-09-24","decision_date":"2026-02-02","status":"decyzja wydana","description":"Wniosek o wydanie decyzji o zmianie pozwolenia na budowę nr 229/25 z dnia 14.05.2025 (AB.6740.55.2025) dot. Budowa magazynu energii elektrycznej wraz z drogą dojazdową oraz infrastrukturą towarzyszącą","address":"Żuki","city":"Żuki","office":"Starosta Powiatu Turek","case_kind":"Obiekt budowlany inny niż budynek mieszkalny jednorodzinny","parcel_ids":["302708_2.0022.195/3","302708_2.0022.195/4","302708_2.0022.403"],"location_quality":"dokładny","gunb_url":"https://wyszukiwarka.gunb.gov.pl/","parcel_count":3,"parcel_shard":"x074-y208","parcel_id":"302708_2.0022.195/3","location_source":"powiat turecki (wfs)"}},{"type":"Feature","id":"ST-WK-TU/WNIOSEK/19444/2025::302708_2.0022.195/4","geometry":{"type":"Polygon","coordinates":[[[18.5386081509296,52.009123232197],[18.5386255749593,52.0082695491887],[18.5398867990023,52.0082753705342],[18.5401157886289,52.0089193096072],[18.538728553236,52.0089128985506],[18.5387246672718,52.0091229690657],[18.5386081509296,52.009123232197]]]},"properties":{"case_id":"ST-WK-TU/WNIOSEK/19444/2025","source_type":"wniosek_decyzja","received_date":"2025-09-24","decision_date":"2026-02-02","status":"decyzja wydana","description":"Wniosek o wydanie decyzji o zmianie pozwolenia na budowę nr 229/25 z dnia 14.05.2025 (AB.6740.55.2025) dot. Budowa magazynu energii elektrycznej wraz z drogą dojazdową oraz infrastrukturą towarzyszącą","address":"Żuki","city":"Żuki","office":"Starosta Powiatu Turek","case_kind":"Obiekt budowlany inny niż budynek mieszkalny jednorodzinny","parcel_ids":["302708_2.0022.195/3","302708_2.0022.195/4","302708_2.0022.403"],"location_quality":"dokładny","gunb_url":"https://wyszukiwarka.gunb.gov.pl/","parcel_count":3,"parcel_shard":"x074-y208","parcel_id":"302708_2.0022.195/4","location_source":"powiat turecki (wfs)"}},{"type":"Feature","id":"ST-WK-TU/WNIOSEK/19444/2025::302708_2.0022.403","geometry":{"type":"Polygon","coordinates":[[[18.5360262543479,52.0063007089089],[18.5352881001878,52.005210308234],[18.5359956325055,52.0049877238173],[18.5368343269563,52.0047227339601],[18.5372775340209,52.0045826683281],[18.5377751406635,52.0044254562847],[18.5387067976378,52.004130998116],[18.5392358712139,52.0039638390876],[18.5394549735469,52.00428445096],[18.5399093095884,52.0049356842278],[18.5400383530304,52.0051207481641],[18.5400874651545,52.0051912708436],[18.5403030630227,52.0055064156341],[18.5409605619691,52.006446014559],[18.5412749958273,52.0068953599036],[18.5409582128983,52.0068992370033],[18.5386496016616,52.0068821941642],[18.5386255749593,52.0082695491887],[18.5386081509296,52.009123232197],[18.5386007499818,52.0095258446343],[18.5381029456358,52.009498106758],[18.5380007438004,52.0092171457742],[18.5369418301284,52.0076531151408],[18.5367990346111,52.0074421961025],[18.5367187349645,52.0073235869593],[18.5360262543479,52.0063007089089]]]},"properties":{"case_id":"ST-WK-TU/WNIOSEK/19444/2025","source_type":"wniosek_decyzja","received_date":"2025-09-24","decision_date":"2026-02-02","status":"decyzja wydana","description":"Wniosek o wydanie decyzji o zmianie pozwolenia na budowę nr 229/25 z dnia 14.05.2025 (AB.6740.55.2025) dot. Budowa magazynu energii elektrycznej wraz z drogą dojazdową oraz infrastrukturą towarzyszącą","address":"Żuki","city":"Żuki","office":"Starosta Powiatu Turek","case_kind":"Obiekt budowlany inny niż budynek mieszkalny jednorodzinny","parcel_ids":["302708_2.0022.195/3","302708_2.0022.195/4","302708_2.0022.403"],"location_quality":"dokładny","gunb_url":"https://wyszukiwarka.gunb.gov.pl/","parcel_count":3,"parcel_shard":"x074-y208","parcel_id":"302708_2.0022.403","location_source":"powiat turecki (wfs)"}},{"type":"Feature","id":"ST-WK-TU/ZGŁOSZENIE/1882/2026::302708_2.0022.28/5","geometry":{"type":"Polygon","coordinates":[[[18.5310191793705,52.0021041531224],[18.5310446080295,52.0020501995066],[18.5310292540447,52.0018725731108],[18.5310617423434,52.0017179334415],[18.5311462038087,52.0017013609784],[18.5311018929755,52.0018701783594],[18.5311115186188,52.0019821272395],[18.5316419595554,52.001877449368],[18.5320858080811,52.0017898782181],[18.5325296548636,52.0017023053993],[18.5328314118173,52.0016427875483],[18.5329150330228,52.0015719422141],[18.5329233627683,52.0013536723523],[18.5330114066195,52.0013364661679],[18.5330068572126,52.0014561189742],[18.5329987240844,52.0016663884997],[18.5324355984538,52.0017774220519],[18.5319362514546,52.0018759410409],[18.5314370478674,52.0019744572605],[18.5311226477829,52.0020365452151],[18.5310989421847,52.0020884238063],[18.5310191793705,52.0021041531224]]]},"properties":{"case_id":"ST-WK-TU/ZGŁOSZENIE/1882/2026","source_type":"zgloszenie","received_date":"2026-06-12","decision_date":null,"status":"Brak sprzeciwu","description":"Budowa sieci wodociągowej","address":"Żuki","city":"Żuki","office":"Starosta Powiatu Turek","case_kind":"budowa nowego/nowych obiektów budowlanych","parcel_ids":["302708_2.0022.28/5","302708_2.0022.44/3","302708_2.0022.63"],"location_quality":"dokładny","gunb_url":"https://wyszukiwarka.gunb.gov.pl/","parcel_count":3,"parcel_shard":"x074-y208","parcel_id":"302708_2.0022.28/5","location_source":"powiat turecki (wfs)"}},{"type":"Feature","id":"ST-WK-TU/ZGŁOSZENIE/1882/2026::302708_2.0022.44/3","geometry":{"type":"Polygon","coordinates":[[[18.5330068572126,52.0014561189742],[18.5330114066195,52.0013364661679],[18.5334020841237,52.001260275916],[18.5340000844265,52.0011436867399],[18.5339957440067,52.0012072526118],[18.5339766383922,52.0012048225389],[18.5331063685408,52.0013745057065],[18.5330068572126,52.0014561189742]]]},"properties":{"case_id":"ST-WK-TU/ZGŁOSZENIE/1882/2026","source_type":"zgloszenie","received_date":"2026-06-12","decision_date":null,"status":"Brak sprzeciwu","description":"Budowa sieci wodociągowej","address":"Żuki","city":"Żuki","office":"Starosta Powiatu Turek","case_kind":"budowa nowego/nowych obiektów budowlanych","parcel_ids":["302708_2.0022.28/5","302708_2.0022.44/3","302708_2.0022.63"],"location_quality":"dokładny","gunb_url":"https://wyszukiwarka.gunb.gov.pl/","parcel_count":3,"parcel_shard":"x074-y208","parcel_id":"302708_2.0022.44/3","location_source":"powiat turecki (wfs)"}},{"type":"Feature","id":"ST-WK-TU/ZGŁOSZENIE/1882/2026::302708_2.0022.63","geometry":{"type":"Polygon","coordinates":[[[18.5340576960692,52.0027515950155],[18.5340564387945,52.002774002703],[18.534044820551,52.0029789134579],[18.5338897648098,52.0030126485818],[18.5338924757884,52.0028334065234],[18.5338971008869,52.0026591054473],[18.5338997428159,52.0025629203292],[18.5339239802858,52.0024258358084],[18.5339264857825,52.0023828667384],[18.533929801799,52.0023259957878],[18.5338955533107,52.0022024588649],[18.5339418025039,52.0021936372759],[18.5339594035824,52.0019467337167],[18.5339629351124,52.0018615319226],[18.5339676159444,52.0017486024383],[18.5339717370164,52.0015639211972],[18.5339732020836,52.0015401858508],[18.5339747088582,52.0015199556921],[18.5339957440067,52.0012072526118],[18.5340000844265,52.0011436867399],[18.5340187709918,52.0007729223936],[18.5340283582024,52.0005826981917],[18.5340314617977,52.0005253397406],[18.5340788563681,51.9995766055807],[18.5340834366458,51.9993986194613],[18.5340843075317,51.9993616742192],[18.534088717749,51.9991271552455],[18.5340909301107,51.999098502624],[18.5340948462809,51.9987911485715],[18.5341538296403,51.9987823089482],[18.5341442417278,51.9993495278389],[18.5341320604118,51.9995655060747],[18.5340880662708,52.0005225822555],[18.5340637612129,52.0011318425485],[18.5341448278822,52.0011160878679],[18.5341313425009,52.0013497993982],[18.5341262904272,52.0014423974977],[18.5341117814904,52.0017068269836],[18.5341067417064,52.0017972705802],[18.5340929411647,52.0020688839812],[18.5340885664548,52.0021496930934],[18.5340754832714,52.0023931088156],[18.5340705716114,52.0025242765985],[18.534058949623,52.0027290974812],[18.5340576960692,52.0027515950155]]]},"properties":{"case_id":"ST-WK-TU/ZGŁOSZENIE/1882/2026","source_type":"zgloszenie","received_date":"2026-06-12","decision_date":null,"status":"Brak sprzeciwu","description":"Budowa sieci wodociągowej","address":"Żuki","city":"Żuki","office":"Starosta Powiatu Turek","case_kind":"budowa nowego/nowych obiektów budowlanych","parcel_ids":["302708_2.0022.28/5","302708_2.0022.44/3","302708_2.0022.63"],"location_quality":"dokładny","gunb_url":"https://wyszukiwarka.gunb.gov.pl/","parcel_count":3,"parcel_shard":"x074-y208","parcel_id":"302708_2.0022.63","location_source":"powiat turecki (wfs)"}},{"type":"Feature","id":"ST-WK-TU/ZGŁOSZENIE/2029/2026::302708_2.0022.383/10","geometry":{"type":"Polygon","coordinates":[[[18.5317431368336,52.0004736735001],[18.5315387020575,52.0000817242576],[18.5318740027508,52.0000150467038],[18.5320784380119,52.0004068156083],[18.5317431368336,52.0004736735001]]]},"properties":{"case_id":"ST-WK-TU/ZGŁOSZENIE/2029/2026","source_type":"zgloszenie","received_date":"2026-06-23","decision_date":null,"status":"Brak sprzeciwu","description":"Rozbudowa sieci kablowej niskiego napięcia poprzez budowę linii kablowej niskiego napięcia 0,4kV kablem YAKXS 4x120mm2 od istniejącego złącza kablowego","address":"Żuki","city":"Żuki","office":"Starosta Powiatu Turek","case_kind":"rozbudowa istniejącego/istniejących obiektów budowlanych","parcel_ids":["302708_2.0022.383/10","302708_2.0022.383/13","302708_2.0022.383/17"],"location_quality":"dokładny","gunb_url":"https://wyszukiwarka.gunb.gov.pl/","parcel_count":3,"parcel_shard":"x074-y208","parcel_id":"302708_2.0022.383/10","location_source":"powiat turecki (wfs)"}},{"type":"Feature","id":"ST-WK-TU/ZGŁOSZENIE/2029/2026::302708_2.0022.383/13","geometry":{"type":"Polygon","coordinates":[[[18.5327490373528,52.0002730969673],[18.5325447467412,51.9998816880806],[18.5328801900379,51.9998150070104],[18.5330843355153,52.0002062362182],[18.5327490373528,52.0002730969673]]]},"properties":{"case_id":"ST-WK-TU/ZGŁOSZENIE/2029/2026","source_type":"zgloszenie","received_date":"2026-06-23","decision_date":null,"status":"Brak sprzeciwu","description":"Rozbudowa sieci kablowej niskiego napięcia poprzez budowę linii kablowej niskiego napięcia 0,4kV kablem YAKXS 4x120mm2 od istniejącego złącza kablowego","address":"Żuki","city":"Żuki","office":"Starosta Powiatu Turek","case_kind":"rozbudowa istniejącego/istniejących obiektów budowlanych","parcel_ids":["302708_2.0022.383/10","302708_2.0022.383/13","302708_2.0022.383/17"],"location_quality":"dokładny","gunb_url":"https://wyszukiwarka.gunb.gov.pl/","parcel_count":3,"parcel_shard":"x074-y208","parcel_id":"302708_2.0022.383/13","location_source":"powiat turecki (wfs)"}},{"type":"Feature","id":"ST-WK-TU/ZGŁOSZENIE/2029/2026::302708_2.0022.383/17","geometry":{"type":"Polygon","coordinates":[[[18.5340592112271,51.9999692969836],[18.5340511009721,52.0001321091183],[18.5339862321821,52.000101933375],[18.5336024138143,52.0001784540536],[18.533283823653,52.0002420049071],[18.5329650869708,52.0003055555595],[18.5326464949933,52.0003691046928],[18.5323277564947,52.0004326536243],[18.5320091627012,52.0004962010375],[18.5316904223861,52.0005597482481],[18.5314202044756,52.000613638148],[18.5313947592161,52.0005431061065],[18.5317431368336,52.0004736735001],[18.5320784380119,52.0004068156083],[18.532413738185,52.000339956764],[18.5327490373528,52.0002730969673],[18.5330843355153,52.0002062362182],[18.5334196326725,52.0001393745167],[18.5337549298932,52.0000726017394],[18.5339904206606,52.0000256050097],[18.5340592112271,51.9999692969836]]]},"properties":{"case_id":"ST-WK-TU/ZGŁOSZENIE/2029/2026","source_type":"zgloszenie","received_date":"2026-06-23","decision_date":null,"status":"Brak sprzeciwu","description":"Rozbudowa sieci kablowej niskiego napięcia poprzez budowę linii kablowej niskiego napięcia 0,4kV kablem YAKXS 4x120mm2 od istniejącego złącza kablowego","address":"Żuki","city":"Żuki","office":"Starosta Powiatu Turek","case_kind":"rozbudowa istniejącego/istniejących obiektów budowlanych","parcel_ids":["302708_2.0022.383/10","302708_2.0022.383/13","302708_2.0022.383/17"],"location_quality":"dokładny","gunb_url":"https://wyszukiwarka.gunb.gov.pl/","parcel_count":3,"parcel_shard":"x074-y208","parcel_id":"302708_2.0022.383/17","location_source":"powiat turecki (wfs)"}},{"type":"Feature","id":"ST-WK-TU/WNIOSEK/963/2026::302709_2.0015.128/3","geometry":{"type":"Polygon","coordinates":[[[18.5056823268442,52.098132289105],[18.5055561835958,52.0981098904791],[18.5060016180447,52.0971113215924],[18.5060777080391,52.0972453654606],[18.5056823268442,52.098132289105]]]},"properties":{"case_id":"ST-WK-TU/WNIOSEK/963/2026","source_type":"wniosek_decyzja","received_date":"2026-01-19","decision_date":"2026-03-19","status":"decyzja wydana","description":"Rozbudowa i nadbudowa budynku mieszkalnego jednorodzinnego z przebudową","address":"Polichno","city":"Polichno","office":"Starosta Powiatu Turek","case_kind":"Budynek mieszkalny jednorodzinny","parcel_ids":["302709_2.0015.128/3","302709_2.0015.129/3"],"location_quality":"dokładny","gunb_url":"https://wyszukiwarka.gunb.gov.pl/","parcel_count":2,"parcel_shard":"x074-y208","parcel_id":"302709_2.0015.128/3","location_source":"powiat turecki (wfs)"}},{"type":"Feature","id":"ST-WK-TU/WNIOSEK/963/2026::302709_2.0015.129/3","geometry":{"type":"Polygon","coordinates":[[[18.506141742219,52.0973586088963],[18.5057754775504,52.0981488768315],[18.5056823268442,52.098132289105],[18.5060777080391,52.0972453654606],[18.506141742219,52.0973586088963]]]},"properties":{"case_id":"ST-WK-TU/WNIOSEK/963/2026","source_type":"wniosek_decyzja","received_date":"2026-01-19","decision_date":"2026-03-19","status":"decyzja wydana","description":"Rozbudowa i nadbudowa budynku mieszkalnego jednorodzinnego z przebudową","address":"Polichno","city":"Polichno","office":"Starosta Powiatu Turek","case_kind":"Budynek mieszkalny jednorodzinny","parcel_ids":["302709_2.0015.128/3","302709_2.0015.129/3"],"location_quality":"dokładny","gunb_url":"https://wyszukiwarka.gunb.gov.pl/","parcel_count":2,"parcel_shard":"x074-y208","parcel_id":"302709_2.0015.129/3","location_source":"powiat turecki (wfs)"}},{"type":"Feature","id":"ST-WK-TU/WNIOSEK/14357/2026::302709_2.0018.38/1","geometry":{"type":"Polygon","coordinates":[[[18.510586829653,52.140153587187],[18.5105172149388,52.1397630934603],[18.5113510621585,52.1396017430419],[18.5114479197963,52.139793934361],[18.5116353438922,52.1397565405953],[18.5117255299136,52.1399272794783],[18.5112294371829,52.1400275790359],[18.510586829653,52.140153587187]]]},"properties":{"case_id":"ST-WK-TU/WNIOSEK/14357/2026","source_type":"wniosek_decyzja","received_date":"2026-07-28","decision_date":"2026-08-18","status":"decyzja wydana","description":"Budowa budynku mieszkalnego jednorodzinnego","address":"Skarbki","city":"Skarbki","office":"Starosta Powiatu Turek","case_kind":"Budynek mieszkalny jednorodzinny","parcel_ids":["302709_2.0018.38/1"],"location_quality":"dokładny","gunb_url":"https://wyszukiwarka.gunb.gov.pl/","parcel_count":1,"parcel_shard":"x074-y208","parcel_id":"302709_2.0018.38/1","location_source":"powiat turecki (wfs)"}}]}